experiment_name,iteration,fold,model,split,tp,tn,fp,fn,accuracy,precision,recall,f1,specificity,fpr,balanced_accuracy,geometric_mean,mcc,kappa,roc_auc,average_precision,fold_size,cv_tuning_mean_train_score,cv_tuning_std_train_score,cv_tuning_mean_val_score,cv_tuning_std_val_score,best_params,tuning_time,selected_features_indices,selected_features_names
CostSensitiveLearning_with_RandomUnderSampler___RandomizedSearchCV__niter_30__cv_5,1,1,StackingClassifier,resubstitution,426,21997,137,0,0.993927304964539,0.7566607460035524,1.0,0.8614762386248737,0.9938104273967652,0.0061895726032348275,0.9969052136983826,0.996900409969203,0.8671662697430901,0.858432723389216,0.9996982739786813,0.977911259230704,22560,0.8453930501248947,0.011267769424537716,0.7601690039614992,0.038168519891895035,"{'classifier__extratreesclassifier_0__ccp_alpha': np.float64(0.007722447692966574), 'classifier__extratreesclassifier_0__max_depth': 14, 'classifier__extratreesclassifier_0__max_features': 'log2', 'classifier__extratreesclassifier_0__max_leaf_nodes': 12, 'classifier__extratreesclassifier_0__min_impurity_decrease': np.float64(0.019884240408880517), 'classifier__extratreesclassifier_0__min_samples_leaf': 8, 'classifier__extratreesclassifier_0__min_samples_split': 4, 'classifier__extratreesclassifier_0__n_estimators': 518, 'classifier__randomforestclassifier_1__ccp_alpha': np.float64(0.007712703466859458), 'classifier__randomforestclassifier_1__max_depth': 7, 'classifier__randomforestclassifier_1__max_features': 'log2', 'classifier__randomforestclassifier_1__max_leaf_nodes': 8, 'classifier__randomforestclassifier_1__max_samples': np.float64(0.7604308102007777), 'classifier__randomforestclassifier_1__min_impurity_decrease': np.float64(0.09149596755437808), 'classifier__randomforestclassifier_1__min_samples_leaf': 9, 'classifier__randomforestclassifier_1__min_samples_split': 9, 'classifier__randomforestclassifier_1__n_estimators': 879, 'classifier__xgbclassifier_2__colsample_bytree': np.float64(0.7323592099410596), 'classifier__xgbclassifier_2__gamma': np.float64(0.3177917514301182), 'classifier__xgbclassifier_2__learning_rate': np.float64(0.02538617845650057), 'classifier__xgbclassifier_2__max_delta_step': 7, 'classifier__xgbclassifier_2__max_depth': 7, 'classifier__xgbclassifier_2__min_child_weight': 3, 'classifier__xgbclassifier_2__n_estimators': 746, 'classifier__xgbclassifier_2__reg_alpha': np.float64(0.022965432344634346), 'classifier__xgbclassifier_2__reg_lambda': np.float64(0.0003962517832572342), 'classifier__xgbclassifier_2__scale_pos_weight': np.float64(13.349333371372285), 'classifier__xgbclassifier_2__subsample': np.float64(0.9043140194467589), 'feature_selection_filter__k': 22}",84.76570153236389,"[1, 2, 3, 4, 5, 6, 7, 8, 9, 10, 11, 12, 14, 16, 17, 18, 19, 20, 21, 27, 28, 29]","['V1', 'V2', 'V3', 'V4', 'V5', 'V6', 'V7', 'V8', 'V9', 'V10', 'V11', 'V12', 'V14', 'V16', 'V17', 'V18', 'V19', 'V20', 'V21', 'V27', 'V28', 'Time_sin']"
CostSensitiveLearning_with_RandomUnderSampler___RandomizedSearchCV__niter_30__cv_5,1,2,StackingClassifier,resubstitution,418,21987,147,8,0.9931294326241135,0.7398230088495575,0.9812206572769953,0.8435923309788093,0.9933586337760911,0.006641366223908873,0.9872896455265432,0.9872709919498062,0.848917964492351,0.8401505240089634,0.9987218270618865,0.9662421035687813,22560,0.8555286258034199,0.01696861578337634,0.7818146015996933,0.01964693871641001,"{'classifier__extratreesclassifier_0__ccp_alpha': np.float64(0.0008837381961170587), 'classifier__extratreesclassifier_0__max_depth': 10, 'classifier__extratreesclassifier_0__max_features': 'sqrt', 'classifier__extratreesclassifier_0__max_leaf_nodes': 11, 'classifier__extratreesclassifier_0__min_impurity_decrease': np.float64(0.05140381970932863), 'classifier__extratreesclassifier_0__min_samples_leaf': 3, 'classifier__extratreesclassifier_0__min_samples_split': 7, 'classifier__extratreesclassifier_0__n_estimators': 558, 'classifier__randomforestclassifier_1__ccp_alpha': np.float64(0.002322500383005779), 'classifier__randomforestclassifier_1__max_depth': 7, 'classifier__randomforestclassifier_1__max_features': 'log2', 'classifier__randomforestclassifier_1__max_leaf_nodes': 9, 'classifier__randomforestclassifier_1__max_samples': np.float64(0.5427608819521872), 'classifier__randomforestclassifier_1__min_impurity_decrease': np.float64(0.08987370913616553), 'classifier__randomforestclassifier_1__min_samples_leaf': 3, 'classifier__randomforestclassifier_1__min_samples_split': 4, 'classifier__randomforestclassifier_1__n_estimators': 844, 'classifier__xgbclassifier_2__colsample_bytree': np.float64(0.7127617618220341), 'classifier__xgbclassifier_2__gamma': np.float64(2.6845932884043022), 'classifier__xgbclassifier_2__learning_rate': np.float64(0.12782079617414263), 'classifier__xgbclassifier_2__max_delta_step': 9, 'classifier__xgbclassifier_2__max_depth': 6, 'classifier__xgbclassifier_2__min_child_weight': 1, 'classifier__xgbclassifier_2__n_estimators': 575, 'classifier__xgbclassifier_2__reg_alpha': np.float64(0.5141412239052597), 'classifier__xgbclassifier_2__reg_lambda': np.float64(0.04716618306450626), 'classifier__xgbclassifier_2__scale_pos_weight': np.float64(1.0978140094240847), 'classifier__xgbclassifier_2__subsample': np.float64(0.885097402590341), 'feature_selection_filter__k': 'all'}",69.82988929748535,"[0, 1, 2, 3, 4, 5, 6, 7, 8, 9, 10, 11, 12, 13, 14, 15, 16, 17, 18, 19, 20, 21, 22, 23, 24, 25, 26, 27, 28, 29, 30]","['Amount_log1p', 'V1', 'V2', 'V3', 'V4', 'V5', 'V6', 'V7', 'V8', 'V9', 'V10', 'V11', 'V12', 'V13', 'V14', 'V15', 'V16', 'V17', 'V18', 'V19', 'V20', 'V21', 'V22', 'V23', 'V24', 'V25', 'V26', 'V27', 'V28', 'Time_sin', 'Time_cos']"
CostSensitiveLearning_with_RandomUnderSampler___RandomizedSearchCV__niter_30__cv_5,1,3,StackingClassifier,resubstitution,426,21992,142,0,0.9937056737588652,0.75,1.0,0.8571428571428571,0.9935845305864281,0.00641546941357185,0.9967922652932141,0.9967871039426764,0.8632429541790776,0.8539919229574402,0.9997011374593757,0.9822606672810981,22560,0.8341172799327644,0.019793132673873174,0.7494599249500066,0.01695464859474735,"{'classifier__extratreesclassifier_0__ccp_alpha': np.float64(0.008348421486656495), 'classifier__extratreesclassifier_0__max_depth': 16, 'classifier__extratreesclassifier_0__max_features': 'log2', 'classifier__extratreesclassifier_0__max_leaf_nodes': 5, 'classifier__extratreesclassifier_0__min_impurity_decrease': np.float64(0.03605008362562857), 'classifier__extratreesclassifier_0__min_samples_leaf': 4, 'classifier__extratreesclassifier_0__min_samples_split': 9, 'classifier__extratreesclassifier_0__n_estimators': 220, 'classifier__randomforestclassifier_1__ccp_alpha': np.float64(0.003937795510882513), 'classifier__randomforestclassifier_1__max_depth': 6, 'classifier__randomforestclassifier_1__max_features': 'log2', 'classifier__randomforestclassifier_1__max_leaf_nodes': 5, 'classifier__randomforestclassifier_1__max_samples': np.float64(0.5832475899473614), 'classifier__randomforestclassifier_1__min_impurity_decrease': np.float64(0.0631521012310841), 'classifier__randomforestclassifier_1__min_samples_leaf': 5, 'classifier__randomforestclassifier_1__min_samples_split': 7, 'classifier__randomforestclassifier_1__n_estimators': 157, 'classifier__xgbclassifier_2__colsample_bytree': np.float64(0.6453854804479882), 'classifier__xgbclassifier_2__gamma': np.float64(1.0894943467326206), 'classifier__xgbclassifier_2__learning_rate': np.float64(0.1760758857819994), 'classifier__xgbclassifier_2__max_delta_step': 5, 'classifier__xgbclassifier_2__max_depth': 6, 'classifier__xgbclassifier_2__min_child_weight': 1, 'classifier__xgbclassifier_2__n_estimators': 530, 'classifier__xgbclassifier_2__reg_alpha': np.float64(0.17062898683389663), 'classifier__xgbclassifier_2__reg_lambda': np.float64(0.0011725302629539483), 'classifier__xgbclassifier_2__scale_pos_weight': np.float64(9.389317650544129), 'classifier__xgbclassifier_2__subsample': np.float64(0.6556585007939614), 'feature_selection_filter__k': 24}",61.70072388648987,"[0, 1, 2, 3, 4, 5, 6, 7, 8, 9, 10, 11, 12, 14, 16, 17, 18, 19, 20, 21, 24, 27, 28, 29]","['Amount_log1p', 'V1', 'V2', 'V3', 'V4', 'V5', 'V6', 'V7', 'V8', 'V9', 'V10', 'V11', 'V12', 'V14', 'V16', 'V17', 'V18', 'V19', 'V20', 'V21', 'V24', 'V27', 'V28', 'Time_sin']"
CostSensitiveLearning_with_RandomUnderSampler___RandomizedSearchCV__niter_30__cv_5,1,4,StackingClassifier,resubstitution,426,22021,113,0,0.994991134751773,0.7903525046382189,1.0,0.8829015544041451,0.9948947320863829,0.005105267913617095,0.9974473660431915,0.9974440997300966,0.8867454783396658,0.8803782354156777,0.9998944754336688,0.9943520154916428,22560,0.8810228293253559,0.018521303017110257,0.7993010942338122,0.04521555344584133,"{'classifier__extratreesclassifier_0__ccp_alpha': np.float64(0.005585705456009136), 'classifier__extratreesclassifier_0__max_depth': 7, 'classifier__extratreesclassifier_0__max_features': 'sqrt', 'classifier__extratreesclassifier_0__max_leaf_nodes': 5, 'classifier__extratreesclassifier_0__min_impurity_decrease': np.float64(0.09570496397295146), 'classifier__extratreesclassifier_0__min_samples_leaf': 6, 'classifier__extratreesclassifier_0__min_samples_split': 3, 'classifier__extratreesclassifier_0__n_estimators': 778, 'classifier__randomforestclassifier_1__ccp_alpha': np.float64(0.008872059651170163), 'classifier__randomforestclassifier_1__max_depth': 12, 'classifier__randomforestclassifier_1__max_features': 'log2', 'classifier__randomforestclassifier_1__max_leaf_nodes': 16, 'classifier__randomforestclassifier_1__max_samples': np.float64(0.718639545088628), 'classifier__randomforestclassifier_1__min_impurity_decrease': np.float64(0.09091702640316614), 'classifier__randomforestclassifier_1__min_samples_leaf': 5, 'classifier__randomforestclassifier_1__min_samples_split': 5, 'classifier__randomforestclassifier_1__n_estimators': 660, 'classifier__xgbclassifier_2__colsample_bytree': np.float64(0.8648201395657108), 'classifier__xgbclassifier_2__gamma': np.float64(0.5286603248263666), 'classifier__xgbclassifier_2__learning_rate': np.float64(0.15206341012488117), 'classifier__xgbclassifier_2__max_delta_step': 3, 'classifier__xgbclassifier_2__max_depth': 6, 'classifier__xgbclassifier_2__min_child_weight': 1, 'classifier__xgbclassifier_2__n_estimators': 720, 'classifier__xgbclassifier_2__reg_alpha': np.float64(0.011350111873367144), 'classifier__xgbclassifier_2__reg_lambda': np.float64(0.3790957630577734), 'classifier__xgbclassifier_2__scale_pos_weight': np.float64(2.712089564023959), 'classifier__xgbclassifier_2__subsample': np.float64(0.7832670228159758), 'feature_selection_filter__k': 22}",63.81979250907898,"[0, 1, 2, 3, 4, 5, 6, 7, 8, 9, 10, 11, 12, 14, 16, 17, 18, 19, 20, 21, 27, 29]","['Amount_log1p', 'V1', 'V2', 'V3', 'V4', 'V5', 'V6', 'V7', 'V8', 'V9', 'V10', 'V11', 'V12', 'V14', 'V16', 'V17', 'V18', 'V19', 'V20', 'V21', 'V27', 'Time_sin']"
CostSensitiveLearning_with_RandomUnderSampler___RandomizedSearchCV__niter_30__cv_5,1,5,StackingClassifier,resubstitution,416,22002,133,9,0.9937056737588652,0.7577413479052824,0.9788235294117648,0.8542094455852156,0.9939914163090129,0.006008583690987113,0.9864074728603889,0.9863783180487022,0.8583381253141308,0.8510461114838616,0.9989828193305784,0.9624868692313108,22560,0.8485597029968309,0.016884574065557264,0.7828505828949388,0.026824968597306976,"{'classifier__extratreesclassifier_0__ccp_alpha': np.float64(0.008488091251845685), 'classifier__extratreesclassifier_0__max_depth': 4, 'classifier__extratreesclassifier_0__max_features': 'log2', 'classifier__extratreesclassifier_0__max_leaf_nodes': 12, 'classifier__extratreesclassifier_0__min_impurity_decrease': np.float64(0.06336328873751813), 'classifier__extratreesclassifier_0__min_samples_leaf': 8, 'classifier__extratreesclassifier_0__min_samples_split': 2, 'classifier__extratreesclassifier_0__n_estimators': 111, 'classifier__randomforestclassifier_1__ccp_alpha': np.float64(0.006198918735053238), 'classifier__randomforestclassifier_1__max_depth': 14, 'classifier__randomforestclassifier_1__max_features': 'log2', 'classifier__randomforestclassifier_1__max_leaf_nodes': 7, 'classifier__randomforestclassifier_1__max_samples': np.float64(0.7900646694629101), 'classifier__randomforestclassifier_1__min_impurity_decrease': np.float64(0.09182739802792253), 'classifier__randomforestclassifier_1__min_samples_leaf': 6, 'classifier__randomforestclassifier_1__min_samples_split': 7, 'classifier__randomforestclassifier_1__n_estimators': 578, 'classifier__xgbclassifier_2__colsample_bytree': np.float64(0.6170866723959743), 'classifier__xgbclassifier_2__gamma': np.float64(2.8928759135854643), 'classifier__xgbclassifier_2__learning_rate': np.float64(0.01104389650948878), 'classifier__xgbclassifier_2__max_delta_step': 4, 'classifier__xgbclassifier_2__max_depth': 9, 'classifier__xgbclassifier_2__min_child_weight': 2, 'classifier__xgbclassifier_2__n_estimators': 793, 'classifier__xgbclassifier_2__reg_alpha': np.float64(0.004273382077124221), 'classifier__xgbclassifier_2__reg_lambda': np.float64(0.0039978395748753275), 'classifier__xgbclassifier_2__scale_pos_weight': np.float64(1.2913110911019041), 'classifier__xgbclassifier_2__subsample': np.float64(0.8434064448133536), 'feature_selection_filter__k': 26}",69.33227324485779,"[0, 1, 2, 3, 4, 5, 6, 7, 8, 9, 10, 11, 12, 14, 16, 17, 18, 19, 20, 21, 22, 23, 24, 27, 28, 29]","['Amount_log1p', 'V1', 'V2', 'V3', 'V4', 'V5', 'V6', 'V7', 'V8', 'V9', 'V10', 'V11', 'V12', 'V14', 'V16', 'V17', 'V18', 'V19', 'V20', 'V21', 'V22', 'V23', 'V24', 'V27', 'V28', 'Time_sin']"
CostSensitiveLearning_with_RandomUnderSampler___RandomizedSearchCV__niter_30__cv_5,1,6,StackingClassifier,resubstitution,425,22052,83,0,0.9963209219858156,0.8366141732283464,1.0,0.9110396570203644,0.9962502823582562,0.0037497176417438105,0.9981251411791281,0.9981233803284323,0.9129496734780396,0.909176453240774,0.9998429955221302,0.9911961860779964,22560,0.9108059135734893,0.015292488214716356,0.837545794117499,0.031019059095788434,"{'classifier__extratreesclassifier_0__ccp_alpha': np.float64(0.005860430191795843), 'classifier__extratreesclassifier_0__max_depth': 10, 'classifier__extratreesclassifier_0__max_features': 'log2', 'classifier__extratreesclassifier_0__max_leaf_nodes': 8, 'classifier__extratreesclassifier_0__min_impurity_decrease': np.float64(0.06444047533090307), 'classifier__extratreesclassifier_0__min_samples_leaf': 9, 'classifier__extratreesclassifier_0__min_samples_split': 3, 'classifier__extratreesclassifier_0__n_estimators': 350, 'classifier__randomforestclassifier_1__ccp_alpha': np.float64(0.00609250248947289), 'classifier__randomforestclassifier_1__max_depth': 4, 'classifier__randomforestclassifier_1__max_features': 'sqrt', 'classifier__randomforestclassifier_1__max_leaf_nodes': 5, 'classifier__randomforestclassifier_1__max_samples': np.float64(0.725397834907394), 'classifier__randomforestclassifier_1__min_impurity_decrease': np.float64(0.08624465691012317), 'classifier__randomforestclassifier_1__min_samples_leaf': 9, 'classifier__randomforestclassifier_1__min_samples_split': 8, 'classifier__randomforestclassifier_1__n_estimators': 325, 'classifier__xgbclassifier_2__colsample_bytree': np.float64(0.997161146255061), 'classifier__xgbclassifier_2__gamma': np.float64(0.41681572401368383), 'classifier__xgbclassifier_2__learning_rate': np.float64(0.15192449533709337), 'classifier__xgbclassifier_2__max_delta_step': 5, 'classifier__xgbclassifier_2__max_depth': 8, 'classifier__xgbclassifier_2__min_child_weight': 3, 'classifier__xgbclassifier_2__n_estimators': 521, 'classifier__xgbclassifier_2__reg_alpha': np.float64(0.013149855855842598), 'classifier__xgbclassifier_2__reg_lambda': np.float64(0.003291680379398262), 'classifier__xgbclassifier_2__scale_pos_weight': np.float64(0.9176699500987299), 'classifier__xgbclassifier_2__subsample': np.float64(0.8845098324825827), 'feature_selection_filter__k': 24}",63.9891312122345,"[0, 1, 2, 3, 4, 5, 6, 7, 8, 9, 10, 11, 12, 14, 16, 17, 18, 19, 20, 21, 24, 27, 28, 29]","['Amount_log1p', 'V1', 'V2', 'V3', 'V4', 'V5', 'V6', 'V7', 'V8', 'V9', 'V10', 'V11', 'V12', 'V14', 'V16', 'V17', 'V18', 'V19', 'V20', 'V21', 'V24', 'V27', 'V28', 'Time_sin']"
CostSensitiveLearning_with_RandomUnderSampler___RandomizedSearchCV__niter_30__cv_5,1,7,StackingClassifier,resubstitution,425,21944,191,0,0.9915336879432625,0.689935064935065,1.0,0.8165225744476465,0.9913711316918906,0.008628868308109383,0.9956855658459454,0.9956762183018587,0.8270318652377268,0.8123386419619744,0.9997278730783028,0.9814564096263277,22560,0.8184330428881192,0.020957970149861498,0.7372233084569284,0.020202100142189837,"{'classifier__extratreesclassifier_0__ccp_alpha': np.float64(0.0019436991278031735), 'classifier__extratreesclassifier_0__max_depth': 17, 'classifier__extratreesclassifier_0__max_features': 'sqrt', 'classifier__extratreesclassifier_0__max_leaf_nodes': 19, 'classifier__extratreesclassifier_0__min_impurity_decrease': np.float64(0.07670618574530014), 'classifier__extratreesclassifier_0__min_samples_leaf': 7, 'classifier__extratreesclassifier_0__min_samples_split': 7, 'classifier__extratreesclassifier_0__n_estimators': 307, 'classifier__randomforestclassifier_1__ccp_alpha': np.float64(0.009764842029871523), 'classifier__randomforestclassifier_1__max_depth': 6, 'classifier__randomforestclassifier_1__max_features': 'sqrt', 'classifier__randomforestclassifier_1__max_leaf_nodes': 18, 'classifier__randomforestclassifier_1__max_samples': np.float64(0.5902906097356182), 'classifier__randomforestclassifier_1__min_impurity_decrease': np.float64(0.09099720953439727), 'classifier__randomforestclassifier_1__min_samples_leaf': 1, 'classifier__randomforestclassifier_1__min_samples_split': 6, 'classifier__randomforestclassifier_1__n_estimators': 342, 'classifier__xgbclassifier_2__colsample_bytree': np.float64(0.7596433932033869), 'classifier__xgbclassifier_2__gamma': np.float64(0.07961415204706557), 'classifier__xgbclassifier_2__learning_rate': np.float64(0.03148926164612984), 'classifier__xgbclassifier_2__max_delta_step': 5, 'classifier__xgbclassifier_2__max_depth': 9, 'classifier__xgbclassifier_2__min_child_weight': 6, 'classifier__xgbclassifier_2__n_estimators': 620, 'classifier__xgbclassifier_2__reg_alpha': np.float64(0.004654871468977736), 'classifier__xgbclassifier_2__reg_lambda': np.float64(0.023624760461645904), 'classifier__xgbclassifier_2__scale_pos_weight': np.float64(13.988156657460744), 'classifier__xgbclassifier_2__subsample': np.float64(0.7181372274011334), 'feature_selection_filter__k': 'all'}",62.25757384300232,"[0, 1, 2, 3, 4, 5, 6, 7, 8, 9, 10, 11, 12, 13, 14, 15, 16, 17, 18, 19, 20, 21, 22, 23, 24, 25, 26, 27, 28, 29, 30]","['Amount_log1p', 'V1', 'V2', 'V3', 'V4', 'V5', 'V6', 'V7', 'V8', 'V9', 'V10', 'V11', 'V12', 'V13', 'V14', 'V15', 'V16', 'V17', 'V18', 'V19', 'V20', 'V21', 'V22', 'V23', 'V24', 'V25', 'V26', 'V27', 'V28', 'Time_sin', 'Time_cos']"
CostSensitiveLearning_with_RandomUnderSampler___RandomizedSearchCV__niter_30__cv_5,1,8,StackingClassifier,resubstitution,425,21953,182,1,0.9918886574176676,0.700164744645799,0.9976525821596244,0.8228460793804453,0.9917777275807544,0.008222272419245558,0.9947151548701894,0.9947108176999706,0.8322975140089022,0.8188257078211326,0.999533379783255,0.9682774883080545,22561,0.8392428057231243,0.013521634897641825,0.7565373193455056,0.027418033791692723,"{'classifier__extratreesclassifier_0__ccp_alpha': np.float64(0.008644531073640417), 'classifier__extratreesclassifier_0__max_depth': 12, 'classifier__extratreesclassifier_0__max_features': 'sqrt', 'classifier__extratreesclassifier_0__max_leaf_nodes': 4, 'classifier__extratreesclassifier_0__min_impurity_decrease': np.float64(0.09190098949795782), 'classifier__extratreesclassifier_0__min_samples_leaf': 5, 'classifier__extratreesclassifier_0__min_samples_split': 8, 'classifier__extratreesclassifier_0__n_estimators': 979, 'classifier__randomforestclassifier_1__ccp_alpha': np.float64(0.0004105204344145663), 'classifier__randomforestclassifier_1__max_depth': 13, 'classifier__randomforestclassifier_1__max_features': 'log2', 'classifier__randomforestclassifier_1__max_leaf_nodes': 2, 'classifier__randomforestclassifier_1__max_samples': np.float64(0.6048601670692838), 'classifier__randomforestclassifier_1__min_impurity_decrease': np.float64(0.08737739374466263), 'classifier__randomforestclassifier_1__min_samples_leaf': 5, 'classifier__randomforestclassifier_1__min_samples_split': 3, 'classifier__randomforestclassifier_1__n_estimators': 797, 'classifier__xgbclassifier_2__colsample_bytree': np.float64(0.6612037282740053), 'classifier__xgbclassifier_2__gamma': np.float64(0.5857563726200549), 'classifier__xgbclassifier_2__learning_rate': np.float64(0.014504144933921896), 'classifier__xgbclassifier_2__max_delta_step': 6, 'classifier__xgbclassifier_2__max_depth': 9, 'classifier__xgbclassifier_2__min_child_weight': 4, 'classifier__xgbclassifier_2__n_estimators': 349, 'classifier__xgbclassifier_2__reg_alpha': np.float64(0.2049091197722815), 'classifier__xgbclassifier_2__reg_lambda': np.float64(0.0036785720773633485), 'classifier__xgbclassifier_2__scale_pos_weight': np.float64(1.9611622614949826), 'classifier__xgbclassifier_2__subsample': np.float64(0.8122519905744469), 'feature_selection_filter__k': 26}",70.57454752922058,"[0, 1, 2, 3, 4, 5, 6, 7, 8, 9, 10, 11, 12, 13, 14, 16, 17, 18, 19, 20, 21, 23, 24, 27, 28, 29]","['Amount_log1p', 'V1', 'V2', 'V3', 'V4', 'V5', 'V6', 'V7', 'V8', 'V9', 'V10', 'V11', 'V12', 'V13', 'V14', 'V16', 'V17', 'V18', 'V19', 'V20', 'V21', 'V23', 'V24', 'V27', 'V28', 'Time_sin']"
CostSensitiveLearning_with_RandomUnderSampler___RandomizedSearchCV__niter_30__cv_5,1,9,StackingClassifier,resubstitution,426,21920,215,0,0.9904702805726696,0.6645865834633385,1.0,0.7985004686035614,0.9902868759882539,0.009713124011746066,0.995143437994127,0.9951315872728862,0.8112529639770917,0.793822953776929,0.999658094641185,0.9732040003272676,22561,0.8016073806510942,0.03743900344363377,0.7154579758806677,0.058205237176441674,"{'classifier__extratreesclassifier_0__ccp_alpha': np.float64(0.006310229974265354), 'classifier__extratreesclassifier_0__max_depth': 14, 'classifier__extratreesclassifier_0__max_features': 'sqrt', 'classifier__extratreesclassifier_0__max_leaf_nodes': 16, 'classifier__extratreesclassifier_0__min_impurity_decrease': np.float64(0.05745664096092289), 'classifier__extratreesclassifier_0__min_samples_leaf': 9, 'classifier__extratreesclassifier_0__min_samples_split': 8, 'classifier__extratreesclassifier_0__n_estimators': 651, 'classifier__randomforestclassifier_1__ccp_alpha': np.float64(0.0008922299200863959), 'classifier__randomforestclassifier_1__max_depth': 18, 'classifier__randomforestclassifier_1__max_features': 'log2', 'classifier__randomforestclassifier_1__max_leaf_nodes': 7, 'classifier__randomforestclassifier_1__max_samples': np.float64(0.8446220002123203), 'classifier__randomforestclassifier_1__min_impurity_decrease': np.float64(0.07614247561761694), 'classifier__randomforestclassifier_1__min_samples_leaf': 6, 'classifier__randomforestclassifier_1__min_samples_split': 2, 'classifier__randomforestclassifier_1__n_estimators': 656, 'classifier__xgbclassifier_2__colsample_bytree': np.float64(0.9568530204007873), 'classifier__xgbclassifier_2__gamma': np.float64(1.1159102067229998), 'classifier__xgbclassifier_2__learning_rate': np.float64(0.019022548696388444), 'classifier__xgbclassifier_2__max_delta_step': 0, 'classifier__xgbclassifier_2__max_depth': 8, 'classifier__xgbclassifier_2__min_child_weight': 1, 'classifier__xgbclassifier_2__n_estimators': 566, 'classifier__xgbclassifier_2__reg_alpha': np.float64(0.0092848435142632), 'classifier__xgbclassifier_2__reg_lambda': np.float64(0.006908915927773796), 'classifier__xgbclassifier_2__scale_pos_weight': np.float64(40.86628884845333), 'classifier__xgbclassifier_2__subsample': np.float64(0.6287076521240084), 'feature_selection_filter__k': 24}",69.56292390823364,"[0, 1, 2, 3, 4, 5, 6, 7, 8, 9, 10, 11, 12, 14, 16, 17, 18, 19, 20, 21, 23, 27, 28, 29]","['Amount_log1p', 'V1', 'V2', 'V3', 'V4', 'V5', 'V6', 'V7', 'V8', 'V9', 'V10', 'V11', 'V12', 'V14', 'V16', 'V17', 'V18', 'V19', 'V20', 'V21', 'V23', 'V27', 'V28', 'Time_sin']"
CostSensitiveLearning_with_RandomUnderSampler___RandomizedSearchCV__niter_30__cv_5,1,10,StackingClassifier,resubstitution,426,21968,167,0,0.9925978458401666,0.718381112984823,1.0,0.8361138370951914,0.9924553873955274,0.007544612604472589,0.9962276936977636,0.9962205515825938,0.8443703013399882,0.8324312347263704,0.9997015751613817,0.9706934790189092,22561,0.8213815031314085,0.033530617753416196,0.7390532339207475,0.044854182264302475,"{'classifier__extratreesclassifier_0__ccp_alpha': np.float64(0.0020775925550184393), 'classifier__extratreesclassifier_0__max_depth': 4, 'classifier__extratreesclassifier_0__max_features': 'log2', 'classifier__extratreesclassifier_0__max_leaf_nodes': 8, 'classifier__extratreesclassifier_0__min_impurity_decrease': np.float64(0.0565308481481331), 'classifier__extratreesclassifier_0__min_samples_leaf': 2, 'classifier__extratreesclassifier_0__min_samples_split': 6, 'classifier__extratreesclassifier_0__n_estimators': 268, 'classifier__randomforestclassifier_1__ccp_alpha': np.float64(0.0018342294045826158), 'classifier__randomforestclassifier_1__max_depth': 10, 'classifier__randomforestclassifier_1__max_features': 'log2', 'classifier__randomforestclassifier_1__max_leaf_nodes': 19, 'classifier__randomforestclassifier_1__max_samples': np.float64(0.6056672420059599), 'classifier__randomforestclassifier_1__min_impurity_decrease': np.float64(0.09061248271383932), 'classifier__randomforestclassifier_1__min_samples_leaf': 2, 'classifier__randomforestclassifier_1__min_samples_split': 8, 'classifier__randomforestclassifier_1__n_estimators': 430, 'classifier__xgbclassifier_2__colsample_bytree': np.float64(0.8739209728822708), 'classifier__xgbclassifier_2__gamma': np.float64(0.9513658069150344), 'classifier__xgbclassifier_2__learning_rate': np.float64(0.04197482327368786), 'classifier__xgbclassifier_2__max_delta_step': 2, 'classifier__xgbclassifier_2__max_depth': 7, 'classifier__xgbclassifier_2__min_child_weight': 6, 'classifier__xgbclassifier_2__n_estimators': 781, 'classifier__xgbclassifier_2__reg_alpha': np.float64(0.000449798782505785), 'classifier__xgbclassifier_2__reg_lambda': np.float64(1.0120383709441765), 'classifier__xgbclassifier_2__scale_pos_weight': np.float64(3.523945504181799), 'classifier__xgbclassifier_2__subsample': np.float64(0.6960044817386863), 'feature_selection_filter__k': 26}",74.55128979682922,"[0, 1, 2, 3, 4, 5, 6, 7, 8, 9, 10, 11, 12, 14, 16, 17, 18, 19, 20, 21, 22, 23, 24, 27, 28, 29]","['Amount_log1p', 'V1', 'V2', 'V3', 'V4', 'V5', 'V6', 'V7', 'V8', 'V9', 'V10', 'V11', 'V12', 'V14', 'V16', 'V17', 'V18', 'V19', 'V20', 'V21', 'V22', 'V23', 'V24', 'V27', 'V28', 'Time_sin']"
CostSensitiveLearning_with_RandomUnderSampler___RandomizedSearchCV__niter_30__cv_5,2,1,StackingClassifier,resubstitution,398,21979,155,28,0.9918882978723405,0.7197106690777577,0.9342723004694836,0.8130745658835546,0.9929971988795518,0.007002801120448154,0.9636347496745177,0.9631873012851406,0.816202160005284,0.8090000482996041,0.9951701565072494,0.9440292638762896,22560,0.8416801955754268,0.015786574574241263,0.8055024438447479,0.02407179131091484,"{'classifier__extratreesclassifier_0__ccp_alpha': np.float64(0.003736088166885403), 'classifier__extratreesclassifier_0__max_depth': 10, 'classifier__extratreesclassifier_0__max_features': 'sqrt', 'classifier__extratreesclassifier_0__max_leaf_nodes': 3, 'classifier__extratreesclassifier_0__min_impurity_decrease': np.float64(0.08148252668131971), 'classifier__extratreesclassifier_0__min_samples_leaf': 1, 'classifier__extratreesclassifier_0__min_samples_split': 5, 'classifier__extratreesclassifier_0__n_estimators': 663, 'classifier__randomforestclassifier_1__ccp_alpha': np.float64(0.004834808237524323), 'classifier__randomforestclassifier_1__max_depth': 7, 'classifier__randomforestclassifier_1__max_features': 'log2', 'classifier__randomforestclassifier_1__max_leaf_nodes': 11, 'classifier__randomforestclassifier_1__max_samples': np.float64(0.6509120433641168), 'classifier__randomforestclassifier_1__min_impurity_decrease': np.float64(0.08825055211361184), 'classifier__randomforestclassifier_1__min_samples_leaf': 8, 'classifier__randomforestclassifier_1__min_samples_split': 4, 'classifier__randomforestclassifier_1__n_estimators': 786, 'classifier__xgbclassifier_2__colsample_bytree': np.float64(0.8757110776578549), 'classifier__xgbclassifier_2__gamma': np.float64(2.4046120781891926), 'classifier__xgbclassifier_2__learning_rate': np.float64(0.03432871900747403), 'classifier__xgbclassifier_2__max_delta_step': 9, 'classifier__xgbclassifier_2__max_depth': 6, 'classifier__xgbclassifier_2__min_child_weight': 2, 'classifier__xgbclassifier_2__n_estimators': 370, 'classifier__xgbclassifier_2__reg_alpha': np.float64(0.014707773320833619), 'classifier__xgbclassifier_2__reg_lambda': np.float64(0.021340509846641216), 'classifier__xgbclassifier_2__scale_pos_weight': np.float64(0.7143256536643162), 'classifier__xgbclassifier_2__subsample': np.float64(0.7518132156150714), 'feature_selection_filter__k': 20}",72.93608808517456,"[1, 2, 3, 4, 5, 6, 7, 8, 9, 10, 11, 12, 14, 16, 17, 18, 19, 20, 21, 27]","['V1', 'V2', 'V3', 'V4', 'V5', 'V6', 'V7', 'V8', 'V9', 'V10', 'V11', 'V12', 'V14', 'V16', 'V17', 'V18', 'V19', 'V20', 'V21', 'V27']"
CostSensitiveLearning_with_RandomUnderSampler___RandomizedSearchCV__niter_30__cv_5,2,2,StackingClassifier,resubstitution,425,22007,127,1,0.9943262411347518,0.769927536231884,0.9976525821596244,0.869120654396728,0.9942622210174392,0.005737778982560782,0.9959574015885317,0.9959559589368454,0.8738749624030139,0.8662701006086311,0.9996918046334087,0.9766558629535683,22560,0.8595595713310173,0.015921848382582114,0.770005786175999,0.01779956967263849,"{'classifier__extratreesclassifier_0__ccp_alpha': np.float64(0.008353319919654859), 'classifier__extratreesclassifier_0__max_depth': 11, 'classifier__extratreesclassifier_0__max_features': 'log2', 'classifier__extratreesclassifier_0__max_leaf_nodes': 18, 'classifier__extratreesclassifier_0__min_impurity_decrease': np.float64(0.049100429522686284), 'classifier__extratreesclassifier_0__min_samples_leaf': 6, 'classifier__extratreesclassifier_0__min_samples_split': 2, 'classifier__extratreesclassifier_0__n_estimators': 406, 'classifier__randomforestclassifier_1__ccp_alpha': np.float64(0.008884436631183969), 'classifier__randomforestclassifier_1__max_depth': 12, 'classifier__randomforestclassifier_1__max_features': 'sqrt', 'classifier__randomforestclassifier_1__max_leaf_nodes': 12, 'classifier__randomforestclassifier_1__max_samples': np.float64(0.6708287257809573), 'classifier__randomforestclassifier_1__min_impurity_decrease': np.float64(0.09638771020361142), 'classifier__randomforestclassifier_1__min_samples_leaf': 6, 'classifier__randomforestclassifier_1__min_samples_split': 3, 'classifier__randomforestclassifier_1__n_estimators': 394, 'classifier__xgbclassifier_2__colsample_bytree': np.float64(0.8822772598459736), 'classifier__xgbclassifier_2__gamma': np.float64(0.43495398898434956), 'classifier__xgbclassifier_2__learning_rate': np.float64(0.027748581932493774), 'classifier__xgbclassifier_2__max_delta_step': 7, 'classifier__xgbclassifier_2__max_depth': 8, 'classifier__xgbclassifier_2__min_child_weight': 5, 'classifier__xgbclassifier_2__n_estimators': 669, 'classifier__xgbclassifier_2__reg_alpha': np.float64(0.04203548243647363), 'classifier__xgbclassifier_2__reg_lambda': np.float64(0.00010320605376468226), 'classifier__xgbclassifier_2__scale_pos_weight': np.float64(0.9131758735612021), 'classifier__xgbclassifier_2__subsample': np.float64(0.972490534887623), 'feature_selection_filter__k': 'all'}",65.70434355735779,"[0, 1, 2, 3, 4, 5, 6, 7, 8, 9, 10, 11, 12, 13, 14, 15, 16, 17, 18, 19, 20, 21, 22, 23, 24, 25, 26, 27, 28, 29, 30]","['Amount_log1p', 'V1', 'V2', 'V3', 'V4', 'V5', 'V6', 'V7', 'V8', 'V9', 'V10', 'V11', 'V12', 'V13', 'V14', 'V15', 'V16', 'V17', 'V18', 'V19', 'V20', 'V21', 'V22', 'V23', 'V24', 'V25', 'V26', 'V27', 'V28', 'Time_sin', 'Time_cos']"
CostSensitiveLearning_with_RandomUnderSampler___RandomizedSearchCV__niter_30__cv_5,2,3,StackingClassifier,resubstitution,414,22015,119,12,0.9941932624113475,0.776735459662289,0.971830985915493,0.8633993743482794,0.9946236559139785,0.005376344086021501,0.9832273209147357,0.983161272702375,0.8661137797999059,0.8604706763500969,0.9985271103746662,0.9630946513715212,22560,0.8578772754572815,0.015948504370193104,0.7972550421185403,0.039538077281002594,"{'classifier__extratreesclassifier_0__ccp_alpha': np.float64(0.006619594881997868), 'classifier__extratreesclassifier_0__max_depth': 17, 'classifier__extratreesclassifier_0__max_features': 'sqrt', 'classifier__extratreesclassifier_0__max_leaf_nodes': 11, 'classifier__extratreesclassifier_0__min_impurity_decrease': np.float64(0.06345190947335505), 'classifier__extratreesclassifier_0__min_samples_leaf': 6, 'classifier__extratreesclassifier_0__min_samples_split': 7, 'classifier__extratreesclassifier_0__n_estimators': 662, 'classifier__randomforestclassifier_1__ccp_alpha': np.float64(0.004349645922743909), 'classifier__randomforestclassifier_1__max_depth': 11, 'classifier__randomforestclassifier_1__max_features': 'log2', 'classifier__randomforestclassifier_1__max_leaf_nodes': 12, 'classifier__randomforestclassifier_1__max_samples': np.float64(0.7485005657146337), 'classifier__randomforestclassifier_1__min_impurity_decrease': np.float64(0.05798943799886639), 'classifier__randomforestclassifier_1__min_samples_leaf': 2, 'classifier__randomforestclassifier_1__min_samples_split': 3, 'classifier__randomforestclassifier_1__n_estimators': 352, 'classifier__xgbclassifier_2__colsample_bytree': np.float64(0.7537810715725788), 'classifier__xgbclassifier_2__gamma': np.float64(2.8456359145728993), 'classifier__xgbclassifier_2__learning_rate': np.float64(0.010933487265559034), 'classifier__xgbclassifier_2__max_delta_step': 4, 'classifier__xgbclassifier_2__max_depth': 7, 'classifier__xgbclassifier_2__min_child_weight': 1, 'classifier__xgbclassifier_2__n_estimators': 446, 'classifier__xgbclassifier_2__reg_alpha': np.float64(0.18893454767017298), 'classifier__xgbclassifier_2__reg_lambda': np.float64(0.002961118987962218), 'classifier__xgbclassifier_2__scale_pos_weight': np.float64(1.0744109813197578), 'classifier__xgbclassifier_2__subsample': np.float64(0.8185008872303114), 'feature_selection_filter__k': 'all'}",64.9246346950531,"[0, 1, 2, 3, 4, 5, 6, 7, 8, 9, 10, 11, 12, 13, 14, 15, 16, 17, 18, 19, 20, 21, 22, 23, 24, 25, 26, 27, 28, 29, 30]","['Amount_log1p', 'V1', 'V2', 'V3', 'V4', 'V5', 'V6', 'V7', 'V8', 'V9', 'V10', 'V11', 'V12', 'V13', 'V14', 'V15', 'V16', 'V17', 'V18', 'V19', 'V20', 'V21', 'V22', 'V23', 'V24', 'V25', 'V26', 'V27', 'V28', 'Time_sin', 'Time_cos']"
CostSensitiveLearning_with_RandomUnderSampler___RandomizedSearchCV__niter_30__cv_5,2,4,StackingClassifier,resubstitution,422,22013,121,4,0.994459219858156,0.7771639042357275,0.9906103286384976,0.8710010319917441,0.9945332971898437,0.005466702810156265,0.9925718129141707,0.992569874805376,0.8748937579846798,0.8682120070638364,0.9994971940010292,0.978559894366918,22560,0.8324173462002523,0.024215699775053067,0.7658416828636643,0.03184403464259085,"{'classifier__extratreesclassifier_0__ccp_alpha': np.float64(0.008651561385535024), 'classifier__extratreesclassifier_0__max_depth': 19, 'classifier__extratreesclassifier_0__max_features': 'log2', 'classifier__extratreesclassifier_0__max_leaf_nodes': 6, 'classifier__extratreesclassifier_0__min_impurity_decrease': np.float64(0.07550158499778127), 'classifier__extratreesclassifier_0__min_samples_leaf': 7, 'classifier__extratreesclassifier_0__min_samples_split': 7, 'classifier__extratreesclassifier_0__n_estimators': 136, 'classifier__randomforestclassifier_1__ccp_alpha': np.float64(0.0028698022509560306), 'classifier__randomforestclassifier_1__max_depth': 15, 'classifier__randomforestclassifier_1__max_features': 'log2', 'classifier__randomforestclassifier_1__max_leaf_nodes': 13, 'classifier__randomforestclassifier_1__max_samples': np.float64(0.6969230494285199), 'classifier__randomforestclassifier_1__min_impurity_decrease': np.float64(0.09520440668328016), 'classifier__randomforestclassifier_1__min_samples_leaf': 5, 'classifier__randomforestclassifier_1__min_samples_split': 2, 'classifier__randomforestclassifier_1__n_estimators': 200, 'classifier__xgbclassifier_2__colsample_bytree': np.float64(0.7750549535244506), 'classifier__xgbclassifier_2__gamma': np.float64(1.1794191072826088), 'classifier__xgbclassifier_2__learning_rate': np.float64(0.18869801286163942), 'classifier__xgbclassifier_2__max_delta_step': 9, 'classifier__xgbclassifier_2__max_depth': 5, 'classifier__xgbclassifier_2__min_child_weight': 2, 'classifier__xgbclassifier_2__n_estimators': 424, 'classifier__xgbclassifier_2__reg_alpha': np.float64(0.00031354220453336907), 'classifier__xgbclassifier_2__reg_lambda': np.float64(0.08491963773565629), 'classifier__xgbclassifier_2__scale_pos_weight': np.float64(0.6775044988474813), 'classifier__xgbclassifier_2__subsample': np.float64(0.8323560438161466), 'feature_selection_filter__k': 24}",73.51968002319336,"[0, 1, 2, 3, 4, 5, 6, 7, 8, 9, 10, 11, 12, 14, 16, 17, 18, 19, 20, 21, 24, 27, 28, 29]","['Amount_log1p', 'V1', 'V2', 'V3', 'V4', 'V5', 'V6', 'V7', 'V8', 'V9', 'V10', 'V11', 'V12', 'V14', 'V16', 'V17', 'V18', 'V19', 'V20', 'V21', 'V24', 'V27', 'V28', 'Time_sin']"
CostSensitiveLearning_with_RandomUnderSampler___RandomizedSearchCV__niter_30__cv_5,2,5,StackingClassifier,resubstitution,386,21974,161,39,0.9911347517730497,0.7056672760511883,0.908235294117647,0.7942386831275721,0.9927264513214367,0.007273548678563335,0.9504808727195418,0.9495415738630368,0.7963560789566344,0.7897813810226446,0.9812844709602838,0.9046466984313538,22560,0.7966968276055126,0.03014088342557371,0.7749695396052448,0.024637017006043507,"{'classifier__extratreesclassifier_0__ccp_alpha': np.float64(0.005444307820428738), 'classifier__extratreesclassifier_0__max_depth': 9, 'classifier__extratreesclassifier_0__max_features': 'log2', 'classifier__extratreesclassifier_0__max_leaf_nodes': 15, 'classifier__extratreesclassifier_0__min_impurity_decrease': np.float64(0.013655889514818742), 'classifier__extratreesclassifier_0__min_samples_leaf': 3, 'classifier__extratreesclassifier_0__min_samples_split': 7, 'classifier__extratreesclassifier_0__n_estimators': 505, 'classifier__randomforestclassifier_1__ccp_alpha': np.float64(0.009961097293349389), 'classifier__randomforestclassifier_1__max_depth': 12, 'classifier__randomforestclassifier_1__max_features': 'log2', 'classifier__randomforestclassifier_1__max_leaf_nodes': 4, 'classifier__randomforestclassifier_1__max_samples': np.float64(0.8859439078584279), 'classifier__randomforestclassifier_1__min_impurity_decrease': np.float64(0.07736452084152065), 'classifier__randomforestclassifier_1__min_samples_leaf': 1, 'classifier__randomforestclassifier_1__min_samples_split': 6, 'classifier__randomforestclassifier_1__n_estimators': 335, 'classifier__xgbclassifier_2__colsample_bytree': np.float64(0.872830597416554), 'classifier__xgbclassifier_2__gamma': np.float64(4.955278169934519), 'classifier__xgbclassifier_2__learning_rate': np.float64(0.14903167247625554), 'classifier__xgbclassifier_2__max_delta_step': 0, 'classifier__xgbclassifier_2__max_depth': 3, 'classifier__xgbclassifier_2__min_child_weight': 1, 'classifier__xgbclassifier_2__n_estimators': 758, 'classifier__xgbclassifier_2__reg_alpha': np.float64(0.13732284341610856), 'classifier__xgbclassifier_2__reg_lambda': np.float64(0.01861210026665714), 'classifier__xgbclassifier_2__scale_pos_weight': np.float64(0.6110259086606684), 'classifier__xgbclassifier_2__subsample': np.float64(0.9735071172682983), 'feature_selection_filter__k': 'all'}",81.93322277069092,"[0, 1, 2, 3, 4, 5, 6, 7, 8, 9, 10, 11, 12, 13, 14, 15, 16, 17, 18, 19, 20, 21, 22, 23, 24, 25, 26, 27, 28, 29, 30]","['Amount_log1p', 'V1', 'V2', 'V3', 'V4', 'V5', 'V6', 'V7', 'V8', 'V9', 'V10', 'V11', 'V12', 'V13', 'V14', 'V15', 'V16', 'V17', 'V18', 'V19', 'V20', 'V21', 'V22', 'V23', 'V24', 'V25', 'V26', 'V27', 'V28', 'Time_sin', 'Time_cos']"
CostSensitiveLearning_with_RandomUnderSampler___RandomizedSearchCV__niter_30__cv_5,2,6,StackingClassifier,resubstitution,387,22004,131,38,0.9925088652482269,0.747104247104247,0.9105882352941177,0.8207847295864263,0.9940817709509826,0.005918229049017398,0.9523350031225501,0.9514195528515832,0.8211718270546801,0.8169972035799552,0.9908187990805086,0.9255471076028084,22560,0.8223834966814787,0.023398386192532632,0.7890267239256172,0.02083514504505177,"{'classifier__extratreesclassifier_0__ccp_alpha': np.float64(0.008443620830592418), 'classifier__extratreesclassifier_0__max_depth': 14, 'classifier__extratreesclassifier_0__max_features': 'sqrt', 'classifier__extratreesclassifier_0__max_leaf_nodes': 11, 'classifier__extratreesclassifier_0__min_impurity_decrease': np.float64(0.061510870602453506), 'classifier__extratreesclassifier_0__min_samples_leaf': 4, 'classifier__extratreesclassifier_0__min_samples_split': 3, 'classifier__extratreesclassifier_0__n_estimators': 439, 'classifier__randomforestclassifier_1__ccp_alpha': np.float64(0.006172431747114129), 'classifier__randomforestclassifier_1__max_depth': 18, 'classifier__randomforestclassifier_1__max_features': 'log2', 'classifier__randomforestclassifier_1__max_leaf_nodes': 5, 'classifier__randomforestclassifier_1__max_samples': np.float64(0.6807698591058675), 'classifier__randomforestclassifier_1__min_impurity_decrease': np.float64(0.07832725214734822), 'classifier__randomforestclassifier_1__min_samples_leaf': 6, 'classifier__randomforestclassifier_1__min_samples_split': 4, 'classifier__randomforestclassifier_1__n_estimators': 994, 'classifier__xgbclassifier_2__colsample_bytree': np.float64(0.6717719883037224), 'classifier__xgbclassifier_2__gamma': np.float64(2.1118765858035147), 'classifier__xgbclassifier_2__learning_rate': np.float64(0.1303309831562365), 'classifier__xgbclassifier_2__max_delta_step': 7, 'classifier__xgbclassifier_2__max_depth': 4, 'classifier__xgbclassifier_2__min_child_weight': 4, 'classifier__xgbclassifier_2__n_estimators': 306, 'classifier__xgbclassifier_2__reg_alpha': np.float64(0.11285341303686428), 'classifier__xgbclassifier_2__reg_lambda': np.float64(0.0005777976283759037), 'classifier__xgbclassifier_2__scale_pos_weight': np.float64(0.5362691020403113), 'classifier__xgbclassifier_2__subsample': np.float64(0.8052365918735556), 'feature_selection_filter__k': 24}",83.06282591819763,"[0, 1, 2, 3, 4, 5, 6, 7, 8, 9, 10, 11, 12, 14, 16, 17, 18, 19, 20, 21, 24, 27, 28, 29]","['Amount_log1p', 'V1', 'V2', 'V3', 'V4', 'V5', 'V6', 'V7', 'V8', 'V9', 'V10', 'V11', 'V12', 'V14', 'V16', 'V17', 'V18', 'V19', 'V20', 'V21', 'V24', 'V27', 'V28', 'Time_sin']"
CostSensitiveLearning_with_RandomUnderSampler___RandomizedSearchCV__niter_30__cv_5,2,7,StackingClassifier,resubstitution,425,21989,146,0,0.9935283687943263,0.7443082311733801,1.0,0.8534136546184738,0.9934041111362096,0.006595888863790367,0.9967020555681048,0.9966965993401451,0.8598830483270129,0.8501774666684254,0.9997355266479756,0.9783596298124752,22560,0.850303125702976,0.020931183252672323,0.7523220407606741,0.028699127756217534,"{'classifier__extratreesclassifier_0__ccp_alpha': np.float64(0.007406227980220581), 'classifier__extratreesclassifier_0__max_depth': 9, 'classifier__extratreesclassifier_0__max_features': 'log2', 'classifier__extratreesclassifier_0__max_leaf_nodes': 10, 'classifier__extratreesclassifier_0__min_impurity_decrease': np.float64(0.06389546508087912), 'classifier__extratreesclassifier_0__min_samples_leaf': 7, 'classifier__extratreesclassifier_0__min_samples_split': 8, 'classifier__extratreesclassifier_0__n_estimators': 592, 'classifier__randomforestclassifier_1__ccp_alpha': np.float64(0.0007914262645502568), 'classifier__randomforestclassifier_1__max_depth': 14, 'classifier__randomforestclassifier_1__max_features': 'sqrt', 'classifier__randomforestclassifier_1__max_leaf_nodes': 18, 'classifier__randomforestclassifier_1__max_samples': np.float64(0.5808351227343856), 'classifier__randomforestclassifier_1__min_impurity_decrease': np.float64(0.09578032539790846), 'classifier__randomforestclassifier_1__min_samples_leaf': 2, 'classifier__randomforestclassifier_1__min_samples_split': 7, 'classifier__randomforestclassifier_1__n_estimators': 258, 'classifier__xgbclassifier_2__colsample_bytree': np.float64(0.9267561449829258), 'classifier__xgbclassifier_2__gamma': np.float64(0.2965851637845751), 'classifier__xgbclassifier_2__learning_rate': np.float64(0.10101197389655152), 'classifier__xgbclassifier_2__max_delta_step': 4, 'classifier__xgbclassifier_2__max_depth': 3, 'classifier__xgbclassifier_2__min_child_weight': 2, 'classifier__xgbclassifier_2__n_estimators': 345, 'classifier__xgbclassifier_2__reg_alpha': np.float64(0.3444296121332651), 'classifier__xgbclassifier_2__reg_lambda': np.float64(0.0019690519457988033), 'classifier__xgbclassifier_2__scale_pos_weight': np.float64(2.3219312425685668), 'classifier__xgbclassifier_2__subsample': np.float64(0.6584368439576304), 'feature_selection_filter__k': 24}",62.78722858428955,"[0, 1, 2, 3, 4, 5, 6, 7, 8, 9, 10, 11, 12, 14, 16, 17, 18, 19, 20, 21, 23, 27, 28, 29]","['Amount_log1p', 'V1', 'V2', 'V3', 'V4', 'V5', 'V6', 'V7', 'V8', 'V9', 'V10', 'V11', 'V12', 'V14', 'V16', 'V17', 'V18', 'V19', 'V20', 'V21', 'V23', 'V27', 'V28', 'Time_sin']"
CostSensitiveLearning_with_RandomUnderSampler___RandomizedSearchCV__niter_30__cv_5,2,8,StackingClassifier,resubstitution,426,22004,131,0,0.9941935197907894,0.7648114901256733,1.0,0.866734486266531,0.9940817709509826,0.005918229049017398,0.9970408854754913,0.997036494292452,0.871943324160343,0.8638204508992093,0.9998025348082775,0.9794998704234703,22561,0.8571926775856064,0.027745993955646916,0.7817276940321685,0.03358541469345377,"{'classifier__extratreesclassifier_0__ccp_alpha': np.float64(0.009697151960932947), 'classifier__extratreesclassifier_0__max_depth': 10, 'classifier__extratreesclassifier_0__max_features': 'log2', 'classifier__extratreesclassifier_0__max_leaf_nodes': 6, 'classifier__extratreesclassifier_0__min_impurity_decrease': np.float64(0.037971716975715664), 'classifier__extratreesclassifier_0__min_samples_leaf': 1, 'classifier__extratreesclassifier_0__min_samples_split': 5, 'classifier__extratreesclassifier_0__n_estimators': 670, 'classifier__randomforestclassifier_1__ccp_alpha': np.float64(0.0030806462210369832), 'classifier__randomforestclassifier_1__max_depth': 17, 'classifier__randomforestclassifier_1__max_features': 'sqrt', 'classifier__randomforestclassifier_1__max_leaf_nodes': 5, 'classifier__randomforestclassifier_1__max_samples': np.float64(0.6386008372717018), 'classifier__randomforestclassifier_1__min_impurity_decrease': np.float64(0.08038827677079657), 'classifier__randomforestclassifier_1__min_samples_leaf': 6, 'classifier__randomforestclassifier_1__min_samples_split': 9, 'classifier__randomforestclassifier_1__n_estimators': 450, 'classifier__xgbclassifier_2__colsample_bytree': np.float64(0.7219783149187591), 'classifier__xgbclassifier_2__gamma': np.float64(0.16317018017692253), 'classifier__xgbclassifier_2__learning_rate': np.float64(0.0406296277749299), 'classifier__xgbclassifier_2__max_delta_step': 3, 'classifier__xgbclassifier_2__max_depth': 9, 'classifier__xgbclassifier_2__min_child_weight': 1, 'classifier__xgbclassifier_2__n_estimators': 203, 'classifier__xgbclassifier_2__reg_alpha': np.float64(0.003652173220702448), 'classifier__xgbclassifier_2__reg_lambda': np.float64(0.00014927550488348532), 'classifier__xgbclassifier_2__scale_pos_weight': np.float64(6.786622303851022), 'classifier__xgbclassifier_2__subsample': np.float64(0.7774714775472555), 'feature_selection_filter__k': 24}",65.20104384422302,"[0, 1, 2, 3, 4, 5, 6, 7, 8, 9, 10, 11, 12, 14, 16, 17, 18, 19, 20, 21, 24, 27, 28, 29]","['Amount_log1p', 'V1', 'V2', 'V3', 'V4', 'V5', 'V6', 'V7', 'V8', 'V9', 'V10', 'V11', 'V12', 'V14', 'V16', 'V17', 'V18', 'V19', 'V20', 'V21', 'V24', 'V27', 'V28', 'Time_sin']"
CostSensitiveLearning_with_RandomUnderSampler___RandomizedSearchCV__niter_30__cv_5,2,9,StackingClassifier,resubstitution,387,21989,146,39,0.9918000088648553,0.726078799249531,0.9084507042253521,0.8070907194994786,0.9934041111362096,0.006595888863790367,0.9509274076807809,0.9499782441414379,0.8082208553265839,0.8029549591979146,0.9886972917998922,0.9229482989337462,22561,0.801567044006337,0.02146923140889183,0.7835984694825124,0.021521882032838172,"{'classifier__extratreesclassifier_0__ccp_alpha': np.float64(0.001275714159557918), 'classifier__extratreesclassifier_0__max_depth': 12, 'classifier__extratreesclassifier_0__max_features': 'sqrt', 'classifier__extratreesclassifier_0__max_leaf_nodes': 18, 'classifier__extratreesclassifier_0__min_impurity_decrease': np.float64(0.06119343679664144), 'classifier__extratreesclassifier_0__min_samples_leaf': 3, 'classifier__extratreesclassifier_0__min_samples_split': 4, 'classifier__extratreesclassifier_0__n_estimators': 966, 'classifier__randomforestclassifier_1__ccp_alpha': np.float64(0.0005744558625673269), 'classifier__randomforestclassifier_1__max_depth': 14, 'classifier__randomforestclassifier_1__max_features': 'log2', 'classifier__randomforestclassifier_1__max_leaf_nodes': 13, 'classifier__randomforestclassifier_1__max_samples': np.float64(0.5023644838720512), 'classifier__randomforestclassifier_1__min_impurity_decrease': np.float64(0.09990693196986478), 'classifier__randomforestclassifier_1__min_samples_leaf': 8, 'classifier__randomforestclassifier_1__min_samples_split': 5, 'classifier__randomforestclassifier_1__n_estimators': 724, 'classifier__xgbclassifier_2__colsample_bytree': np.float64(0.8935738090695002), 'classifier__xgbclassifier_2__gamma': np.float64(3.1050809784123135), 'classifier__xgbclassifier_2__learning_rate': np.float64(0.17055016155952302), 'classifier__xgbclassifier_2__max_delta_step': 9, 'classifier__xgbclassifier_2__max_depth': 5, 'classifier__xgbclassifier_2__min_child_weight': 2, 'classifier__xgbclassifier_2__n_estimators': 335, 'classifier__xgbclassifier_2__reg_alpha': np.float64(1.395670287258897), 'classifier__xgbclassifier_2__reg_lambda': np.float64(0.5694081936942263), 'classifier__xgbclassifier_2__scale_pos_weight': np.float64(0.6012750858299638), 'classifier__xgbclassifier_2__subsample': np.float64(0.7952013409605417), 'feature_selection_filter__k': 28}",69.87574529647827,"[0, 1, 2, 3, 4, 5, 6, 7, 8, 9, 10, 11, 12, 14, 16, 17, 18, 19, 20, 21, 22, 23, 24, 25, 27, 28, 29, 30]","['Amount_log1p', 'V1', 'V2', 'V3', 'V4', 'V5', 'V6', 'V7', 'V8', 'V9', 'V10', 'V11', 'V12', 'V14', 'V16', 'V17', 'V18', 'V19', 'V20', 'V21', 'V22', 'V23', 'V24', 'V25', 'V27', 'V28', 'Time_sin', 'Time_cos']"
CostSensitiveLearning_with_RandomUnderSampler___RandomizedSearchCV__niter_30__cv_5,2,10,StackingClassifier,resubstitution,426,21953,182,0,0.9919329816940738,0.7006578947368421,1.0,0.8239845261121856,0.9917777275807544,0.008222272419245558,0.9958888637903772,0.9958803781482766,0.8336047592556204,0.8199872179193932,0.9997898088023661,0.9845431023319247,22561,0.8178071205731434,0.02492701288596064,0.7361975857507478,0.026775129623813173,"{'classifier__extratreesclassifier_0__ccp_alpha': np.float64(0.0054897121400139135), 'classifier__extratreesclassifier_0__max_depth': 7, 'classifier__extratreesclassifier_0__max_features': 'log2', 'classifier__extratreesclassifier_0__max_leaf_nodes': 14, 'classifier__extratreesclassifier_0__min_impurity_decrease': np.float64(0.01967882794191611), 'classifier__extratreesclassifier_0__min_samples_leaf': 4, 'classifier__extratreesclassifier_0__min_samples_split': 2, 'classifier__extratreesclassifier_0__n_estimators': 476, 'classifier__randomforestclassifier_1__ccp_alpha': np.float64(0.008516031502433002), 'classifier__randomforestclassifier_1__max_depth': 13, 'classifier__randomforestclassifier_1__max_features': 'log2', 'classifier__randomforestclassifier_1__max_leaf_nodes': 4, 'classifier__randomforestclassifier_1__max_samples': np.float64(0.5068804766101611), 'classifier__randomforestclassifier_1__min_impurity_decrease': np.float64(0.07775192993061267), 'classifier__randomforestclassifier_1__min_samples_leaf': 1, 'classifier__randomforestclassifier_1__min_samples_split': 6, 'classifier__randomforestclassifier_1__n_estimators': 989, 'classifier__xgbclassifier_2__colsample_bytree': np.float64(0.8948455363913216), 'classifier__xgbclassifier_2__gamma': np.float64(0.1399666559441115), 'classifier__xgbclassifier_2__learning_rate': np.float64(0.08202600492564871), 'classifier__xgbclassifier_2__max_delta_step': 3, 'classifier__xgbclassifier_2__max_depth': 6, 'classifier__xgbclassifier_2__min_child_weight': 1, 'classifier__xgbclassifier_2__n_estimators': 789, 'classifier__xgbclassifier_2__reg_alpha': np.float64(0.17446261691169074), 'classifier__xgbclassifier_2__reg_lambda': np.float64(1.3781394437027366), 'classifier__xgbclassifier_2__scale_pos_weight': np.float64(1.3339095961274536), 'classifier__xgbclassifier_2__subsample': np.float64(0.9911602151500316), 'feature_selection_filter__k': 20}",90.79555439949036,"[1, 2, 3, 4, 5, 6, 7, 8, 9, 10, 11, 12, 14, 16, 17, 18, 19, 20, 21, 27]","['V1', 'V2', 'V3', 'V4', 'V5', 'V6', 'V7', 'V8', 'V9', 'V10', 'V11', 'V12', 'V14', 'V16', 'V17', 'V18', 'V19', 'V20', 'V21', 'V27']"
CostSensitiveLearning_with_RandomUnderSampler___RandomizedSearchCV__niter_30__cv_5,3,1,StackingClassifier,resubstitution,387,21977,157,39,0.9913120567375886,0.7113970588235294,0.9084507042253521,0.797938144329897,0.992906840155417,0.00709315984458303,0.9506787721903845,0.9497404477905306,0.7997664697621059,0.7935658518657954,0.9890608674182985,0.9162627203178715,22560,0.8130501849933929,0.02533519209961329,0.7886240078259722,0.02869245910511159,"{'classifier__extratreesclassifier_0__ccp_alpha': np.float64(0.005715377995004768), 'classifier__extratreesclassifier_0__max_depth': 4, 'classifier__extratreesclassifier_0__max_features': 'log2', 'classifier__extratreesclassifier_0__max_leaf_nodes': 10, 'classifier__extratreesclassifier_0__min_impurity_decrease': np.float64(0.056993253612524934), 'classifier__extratreesclassifier_0__min_samples_leaf': 7, 'classifier__extratreesclassifier_0__min_samples_split': 4, 'classifier__extratreesclassifier_0__n_estimators': 810, 'classifier__randomforestclassifier_1__ccp_alpha': np.float64(0.003523738085352344), 'classifier__randomforestclassifier_1__max_depth': 5, 'classifier__randomforestclassifier_1__max_features': 'log2', 'classifier__randomforestclassifier_1__max_leaf_nodes': 2, 'classifier__randomforestclassifier_1__max_samples': np.float64(0.5890954621068323), 'classifier__randomforestclassifier_1__min_impurity_decrease': np.float64(0.0802494360824797), 'classifier__randomforestclassifier_1__min_samples_leaf': 1, 'classifier__randomforestclassifier_1__min_samples_split': 6, 'classifier__randomforestclassifier_1__n_estimators': 773, 'classifier__xgbclassifier_2__colsample_bytree': np.float64(0.7911206000452689), 'classifier__xgbclassifier_2__gamma': np.float64(1.8933340729980819), 'classifier__xgbclassifier_2__learning_rate': np.float64(0.06194587138211638), 'classifier__xgbclassifier_2__max_delta_step': 3, 'classifier__xgbclassifier_2__max_depth': 8, 'classifier__xgbclassifier_2__min_child_weight': 8, 'classifier__xgbclassifier_2__n_estimators': 295, 'classifier__xgbclassifier_2__reg_alpha': np.float64(1.1577905012523781), 'classifier__xgbclassifier_2__reg_lambda': np.float64(0.0002380208819566393), 'classifier__xgbclassifier_2__scale_pos_weight': np.float64(0.7167903911851414), 'classifier__xgbclassifier_2__subsample': np.float64(0.7891946276257679), 'feature_selection_filter__k': 22}",75.1156644821167,"[1, 2, 3, 4, 5, 6, 7, 8, 9, 10, 11, 12, 14, 16, 17, 18, 19, 20, 21, 27, 28, 29]","['V1', 'V2', 'V3', 'V4', 'V5', 'V6', 'V7', 'V8', 'V9', 'V10', 'V11', 'V12', 'V14', 'V16', 'V17', 'V18', 'V19', 'V20', 'V21', 'V27', 'V28', 'Time_sin']"
CostSensitiveLearning_with_RandomUnderSampler___RandomizedSearchCV__niter_30__cv_5,3,2,StackingClassifier,resubstitution,411,21962,172,15,0.9917109929078014,0.7049742710120068,0.9647887323943662,0.8146679881070367,0.9922291497244059,0.007770850275594099,0.9785089410593861,0.9784127470589032,0.8209870819410126,0.810533611205873,0.9973081160375707,0.9505241507110809,22560,0.827259164229362,0.02383754349211869,0.7900015127598001,0.01928962872031714,"{'classifier__extratreesclassifier_0__ccp_alpha': np.float64(0.0036707570540431755), 'classifier__extratreesclassifier_0__max_depth': 9, 'classifier__extratreesclassifier_0__max_features': 'sqrt', 'classifier__extratreesclassifier_0__max_leaf_nodes': 19, 'classifier__extratreesclassifier_0__min_impurity_decrease': np.float64(0.0690795347186067), 'classifier__extratreesclassifier_0__min_samples_leaf': 9, 'classifier__extratreesclassifier_0__min_samples_split': 6, 'classifier__extratreesclassifier_0__n_estimators': 921, 'classifier__randomforestclassifier_1__ccp_alpha': np.float64(0.009091839070400228), 'classifier__randomforestclassifier_1__max_depth': 4, 'classifier__randomforestclassifier_1__max_features': 'log2', 'classifier__randomforestclassifier_1__max_leaf_nodes': 2, 'classifier__randomforestclassifier_1__max_samples': np.float64(0.7095410041615361), 'classifier__randomforestclassifier_1__min_impurity_decrease': np.float64(0.08412047451657143), 'classifier__randomforestclassifier_1__min_samples_leaf': 8, 'classifier__randomforestclassifier_1__min_samples_split': 3, 'classifier__randomforestclassifier_1__n_estimators': 382, 'classifier__xgbclassifier_2__colsample_bytree': np.float64(0.6926148516856625), 'classifier__xgbclassifier_2__gamma': np.float64(0.88857253005454), 'classifier__xgbclassifier_2__learning_rate': np.float64(0.012323442864781011), 'classifier__xgbclassifier_2__max_delta_step': 2, 'classifier__xgbclassifier_2__max_depth': 8, 'classifier__xgbclassifier_2__min_child_weight': 8, 'classifier__xgbclassifier_2__n_estimators': 720, 'classifier__xgbclassifier_2__reg_alpha': np.float64(0.00011657724903424814), 'classifier__xgbclassifier_2__reg_lambda': np.float64(0.4619463913387167), 'classifier__xgbclassifier_2__scale_pos_weight': np.float64(1.055621457398089), 'classifier__xgbclassifier_2__subsample': np.float64(0.93294734356076), 'feature_selection_filter__k': 'all'}",89.46329712867737,"[0, 1, 2, 3, 4, 5, 6, 7, 8, 9, 10, 11, 12, 13, 14, 15, 16, 17, 18, 19, 20, 21, 22, 23, 24, 25, 26, 27, 28, 29, 30]","['Amount_log1p', 'V1', 'V2', 'V3', 'V4', 'V5', 'V6', 'V7', 'V8', 'V9', 'V10', 'V11', 'V12', 'V13', 'V14', 'V15', 'V16', 'V17', 'V18', 'V19', 'V20', 'V21', 'V22', 'V23', 'V24', 'V25', 'V26', 'V27', 'V28', 'Time_sin', 'Time_cos']"
CostSensitiveLearning_with_RandomUnderSampler___RandomizedSearchCV__niter_30__cv_5,3,3,StackingClassifier,resubstitution,426,21973,161,0,0.992863475177305,0.7257240204429302,1.0,0.84106614017769,0.9927261227071473,0.007273877292852671,0.9963630613535737,0.996356423528823,0.8487904293580086,0.8375101931915118,0.9997041069949106,0.9805039980949407,22560,0.8389127038797156,0.0217435542775886,0.7513311166837111,0.027686212672935806,"{'classifier__extratreesclassifier_0__ccp_alpha': np.float64(0.002750310998003874), 'classifier__extratreesclassifier_0__max_depth': 14, 'classifier__extratreesclassifier_0__max_features': 'log2', 'classifier__extratreesclassifier_0__max_leaf_nodes': 4, 'classifier__extratreesclassifier_0__min_impurity_decrease': np.float64(0.03206472607863854), 'classifier__extratreesclassifier_0__min_samples_leaf': 5, 'classifier__extratreesclassifier_0__min_samples_split': 8, 'classifier__extratreesclassifier_0__n_estimators': 131, 'classifier__randomforestclassifier_1__ccp_alpha': np.float64(0.00650965774553266), 'classifier__randomforestclassifier_1__max_depth': 15, 'classifier__randomforestclassifier_1__max_features': 'log2', 'classifier__randomforestclassifier_1__max_leaf_nodes': 7, 'classifier__randomforestclassifier_1__max_samples': np.float64(0.7909146990463014), 'classifier__randomforestclassifier_1__min_impurity_decrease': np.float64(0.06289003864128716), 'classifier__randomforestclassifier_1__min_samples_leaf': 9, 'classifier__randomforestclassifier_1__min_samples_split': 5, 'classifier__randomforestclassifier_1__n_estimators': 926, 'classifier__xgbclassifier_2__colsample_bytree': np.float64(0.7999660347700878), 'classifier__xgbclassifier_2__gamma': np.float64(0.36210897276807374), 'classifier__xgbclassifier_2__learning_rate': np.float64(0.04503952052541317), 'classifier__xgbclassifier_2__max_delta_step': 9, 'classifier__xgbclassifier_2__max_depth': 5, 'classifier__xgbclassifier_2__min_child_weight': 3, 'classifier__xgbclassifier_2__n_estimators': 664, 'classifier__xgbclassifier_2__reg_alpha': np.float64(0.004606962926048118), 'classifier__xgbclassifier_2__reg_lambda': np.float64(0.0004502050719077563), 'classifier__xgbclassifier_2__scale_pos_weight': np.float64(26.898930704629795), 'classifier__xgbclassifier_2__subsample': np.float64(0.9381170329955125), 'feature_selection_filter__k': 'all'}",74.72955346107483,"[0, 1, 2, 3, 4, 5, 6, 7, 8, 9, 10, 11, 12, 13, 14, 15, 16, 17, 18, 19, 20, 21, 22, 23, 24, 25, 26, 27, 28, 29, 30]","['Amount_log1p', 'V1', 'V2', 'V3', 'V4', 'V5', 'V6', 'V7', 'V8', 'V9', 'V10', 'V11', 'V12', 'V13', 'V14', 'V15', 'V16', 'V17', 'V18', 'V19', 'V20', 'V21', 'V22', 'V23', 'V24', 'V25', 'V26', 'V27', 'V28', 'Time_sin', 'Time_cos']"
CostSensitiveLearning_with_RandomUnderSampler___RandomizedSearchCV__niter_30__cv_5,3,4,StackingClassifier,resubstitution,403,22005,129,23,0.9932624113475177,0.7575187969924813,0.9460093896713615,0.8413361169102297,0.9941718622933045,0.005828137706695546,0.970090625982333,0.9697916872589338,0.8433405620356309,0.8379372846328522,0.9969601501057791,0.9520282958532978,22560,0.8342679011137081,0.013399917473815684,0.7890299349540315,0.02588320542030249,"{'classifier__extratreesclassifier_0__ccp_alpha': np.float64(0.003793541297547762), 'classifier__extratreesclassifier_0__max_depth': 4, 'classifier__extratreesclassifier_0__max_features': 'log2', 'classifier__extratreesclassifier_0__max_leaf_nodes': 19, 'classifier__extratreesclassifier_0__min_impurity_decrease': np.float64(0.008293136147594771), 'classifier__extratreesclassifier_0__min_samples_leaf': 6, 'classifier__extratreesclassifier_0__min_samples_split': 9, 'classifier__extratreesclassifier_0__n_estimators': 626, 'classifier__randomforestclassifier_1__ccp_alpha': np.float64(0.0022517171305620554), 'classifier__randomforestclassifier_1__max_depth': 12, 'classifier__randomforestclassifier_1__max_features': 'sqrt', 'classifier__randomforestclassifier_1__max_leaf_nodes': 2, 'classifier__randomforestclassifier_1__max_samples': np.float64(0.6767932254573092), 'classifier__randomforestclassifier_1__min_impurity_decrease': np.float64(0.08012160649611375), 'classifier__randomforestclassifier_1__min_samples_leaf': 2, 'classifier__randomforestclassifier_1__min_samples_split': 6, 'classifier__randomforestclassifier_1__n_estimators': 234, 'classifier__xgbclassifier_2__colsample_bytree': np.float64(0.768975289114028), 'classifier__xgbclassifier_2__gamma': np.float64(1.5324052310027847), 'classifier__xgbclassifier_2__learning_rate': np.float64(0.01629424370489495), 'classifier__xgbclassifier_2__max_delta_step': 2, 'classifier__xgbclassifier_2__max_depth': 4, 'classifier__xgbclassifier_2__min_child_weight': 3, 'classifier__xgbclassifier_2__n_estimators': 745, 'classifier__xgbclassifier_2__reg_alpha': np.float64(0.06608436976571953), 'classifier__xgbclassifier_2__reg_lambda': np.float64(0.0001664967174936631), 'classifier__xgbclassifier_2__scale_pos_weight': np.float64(0.6102516630183927), 'classifier__xgbclassifier_2__subsample': np.float64(0.8825853057311588), 'feature_selection_filter__k': 28}",68.39771914482117,"[0, 1, 2, 3, 4, 5, 6, 7, 8, 9, 10, 11, 12, 14, 16, 17, 18, 19, 20, 21, 22, 23, 24, 26, 27, 28, 29, 30]","['Amount_log1p', 'V1', 'V2', 'V3', 'V4', 'V5', 'V6', 'V7', 'V8', 'V9', 'V10', 'V11', 'V12', 'V14', 'V16', 'V17', 'V18', 'V19', 'V20', 'V21', 'V22', 'V23', 'V24', 'V26', 'V27', 'V28', 'Time_sin', 'Time_cos']"
CostSensitiveLearning_with_RandomUnderSampler___RandomizedSearchCV__niter_30__cv_5,3,5,StackingClassifier,resubstitution,409,21981,154,16,0.9924645390070922,0.7264653641207816,0.9623529411764706,0.8279352226720648,0.9930426925683307,0.006957307431669335,0.9776978168724006,0.9775773912621623,0.8326865610761,0.8241599432939659,0.9976446139332174,0.9549888303771937,22560,0.8384117806662443,0.011751532777240484,0.7976367221703133,0.0231180282281012,"{'classifier__extratreesclassifier_0__ccp_alpha': np.float64(0.009924664858812519), 'classifier__extratreesclassifier_0__max_depth': 9, 'classifier__extratreesclassifier_0__max_features': 'sqrt', 'classifier__extratreesclassifier_0__max_leaf_nodes': 15, 'classifier__extratreesclassifier_0__min_impurity_decrease': np.float64(0.055714532623634655), 'classifier__extratreesclassifier_0__min_samples_leaf': 1, 'classifier__extratreesclassifier_0__min_samples_split': 2, 'classifier__extratreesclassifier_0__n_estimators': 905, 'classifier__randomforestclassifier_1__ccp_alpha': np.float64(0.009865291905252094), 'classifier__randomforestclassifier_1__max_depth': 4, 'classifier__randomforestclassifier_1__max_features': 'log2', 'classifier__randomforestclassifier_1__max_leaf_nodes': 6, 'classifier__randomforestclassifier_1__max_samples': np.float64(0.595390259504891), 'classifier__randomforestclassifier_1__min_impurity_decrease': np.float64(0.07618540184033577), 'classifier__randomforestclassifier_1__min_samples_leaf': 8, 'classifier__randomforestclassifier_1__min_samples_split': 7, 'classifier__randomforestclassifier_1__n_estimators': 831, 'classifier__xgbclassifier_2__colsample_bytree': np.float64(0.831929825746178), 'classifier__xgbclassifier_2__gamma': np.float64(2.1786229375246875), 'classifier__xgbclassifier_2__learning_rate': np.float64(0.11448330990440686), 'classifier__xgbclassifier_2__max_delta_step': 2, 'classifier__xgbclassifier_2__max_depth': 8, 'classifier__xgbclassifier_2__min_child_weight': 3, 'classifier__xgbclassifier_2__n_estimators': 755, 'classifier__xgbclassifier_2__reg_alpha': np.float64(0.0002273492147067915), 'classifier__xgbclassifier_2__reg_lambda': np.float64(0.006297196002153609), 'classifier__xgbclassifier_2__scale_pos_weight': np.float64(0.62538365703385), 'classifier__xgbclassifier_2__subsample': np.float64(0.628013614111937), 'feature_selection_filter__k': 26}",73.74854469299316,"[0, 1, 2, 3, 4, 5, 6, 7, 8, 9, 10, 11, 12, 14, 16, 17, 18, 19, 20, 21, 22, 23, 24, 27, 28, 29]","['Amount_log1p', 'V1', 'V2', 'V3', 'V4', 'V5', 'V6', 'V7', 'V8', 'V9', 'V10', 'V11', 'V12', 'V14', 'V16', 'V17', 'V18', 'V19', 'V20', 'V21', 'V22', 'V23', 'V24', 'V27', 'V28', 'Time_sin']"
CostSensitiveLearning_with_RandomUnderSampler___RandomizedSearchCV__niter_30__cv_5,3,6,StackingClassifier,resubstitution,382,21953,182,43,0.9900265957446809,0.6773049645390071,0.8988235294117647,0.7724974721941354,0.9917777275807544,0.008222272419245558,0.9453006284962595,0.9441573796227584,0.77554343243614,0.7675019374838543,0.982383608604951,0.9007764868096246,22560,0.7595452997594612,0.035829981240967854,0.7466068797792117,0.02092764161716068,"{'classifier__extratreesclassifier_0__ccp_alpha': np.float64(0.0035420418023010994), 'classifier__extratreesclassifier_0__max_depth': 13, 'classifier__extratreesclassifier_0__max_features': 'sqrt', 'classifier__extratreesclassifier_0__max_leaf_nodes': 12, 'classifier__extratreesclassifier_0__min_impurity_decrease': np.float64(0.09084243727711838), 'classifier__extratreesclassifier_0__min_samples_leaf': 2, 'classifier__extratreesclassifier_0__min_samples_split': 7, 'classifier__extratreesclassifier_0__n_estimators': 408, 'classifier__randomforestclassifier_1__ccp_alpha': np.float64(0.006763390832394035), 'classifier__randomforestclassifier_1__max_depth': 4, 'classifier__randomforestclassifier_1__max_features': 'sqrt', 'classifier__randomforestclassifier_1__max_leaf_nodes': 14, 'classifier__randomforestclassifier_1__max_samples': np.float64(0.6814207517983819), 'classifier__randomforestclassifier_1__min_impurity_decrease': np.float64(0.08218978805427805), 'classifier__randomforestclassifier_1__min_samples_leaf': 5, 'classifier__randomforestclassifier_1__min_samples_split': 4, 'classifier__randomforestclassifier_1__n_estimators': 815, 'classifier__xgbclassifier_2__colsample_bytree': np.float64(0.8107472333305765), 'classifier__xgbclassifier_2__gamma': np.float64(1.2247303466533448), 'classifier__xgbclassifier_2__learning_rate': np.float64(0.01088945257324692), 'classifier__xgbclassifier_2__max_delta_step': 2, 'classifier__xgbclassifier_2__max_depth': 8, 'classifier__xgbclassifier_2__min_child_weight': 2, 'classifier__xgbclassifier_2__n_estimators': 325, 'classifier__xgbclassifier_2__reg_alpha': np.float64(0.0008677282940131014), 'classifier__xgbclassifier_2__reg_lambda': np.float64(0.020894364149126345), 'classifier__xgbclassifier_2__scale_pos_weight': np.float64(0.5294160383399333), 'classifier__xgbclassifier_2__subsample': np.float64(0.6626175871344998), 'feature_selection_filter__k': 22}",90.03950619697571,"[1, 2, 3, 4, 5, 6, 7, 8, 9, 10, 11, 12, 14, 16, 17, 18, 19, 20, 21, 27, 28, 29]","['V1', 'V2', 'V3', 'V4', 'V5', 'V6', 'V7', 'V8', 'V9', 'V10', 'V11', 'V12', 'V14', 'V16', 'V17', 'V18', 'V19', 'V20', 'V21', 'V27', 'V28', 'Time_sin']"
CostSensitiveLearning_with_RandomUnderSampler___RandomizedSearchCV__niter_30__cv_5,3,7,StackingClassifier,resubstitution,424,21976,159,1,0.9929078014184397,0.7272727272727273,0.9976470588235294,0.8412698412698413,0.9928168059634064,0.007183194036593621,0.995231932393468,0.9952290019990189,0.8487003523076689,0.8377338117045098,0.9996182782125727,0.9711482524340037,22560,0.8613778967467578,0.01980356156993352,0.7772470294202553,0.032019451272235266,"{'classifier__extratreesclassifier_0__ccp_alpha': np.float64(0.005146324303557551), 'classifier__extratreesclassifier_0__max_depth': 17, 'classifier__extratreesclassifier_0__max_features': 'sqrt', 'classifier__extratreesclassifier_0__max_leaf_nodes': 2, 'classifier__extratreesclassifier_0__min_impurity_decrease': np.float64(0.09069639178272386), 'classifier__extratreesclassifier_0__min_samples_leaf': 6, 'classifier__extratreesclassifier_0__min_samples_split': 8, 'classifier__extratreesclassifier_0__n_estimators': 217, 'classifier__randomforestclassifier_1__ccp_alpha': np.float64(0.009418541286469866), 'classifier__randomforestclassifier_1__max_depth': 11, 'classifier__randomforestclassifier_1__max_features': 'log2', 'classifier__randomforestclassifier_1__max_leaf_nodes': 6, 'classifier__randomforestclassifier_1__max_samples': np.float64(0.7303209002264118), 'classifier__randomforestclassifier_1__min_impurity_decrease': np.float64(0.08628985190874346), 'classifier__randomforestclassifier_1__min_samples_leaf': 3, 'classifier__randomforestclassifier_1__min_samples_split': 4, 'classifier__randomforestclassifier_1__n_estimators': 379, 'classifier__xgbclassifier_2__colsample_bytree': np.float64(0.917510638293674), 'classifier__xgbclassifier_2__gamma': np.float64(1.0005135813899817), 'classifier__xgbclassifier_2__learning_rate': np.float64(0.17884391367998798), 'classifier__xgbclassifier_2__max_delta_step': 8, 'classifier__xgbclassifier_2__max_depth': 4, 'classifier__xgbclassifier_2__min_child_weight': 3, 'classifier__xgbclassifier_2__n_estimators': 704, 'classifier__xgbclassifier_2__reg_alpha': np.float64(0.00017979479018278657), 'classifier__xgbclassifier_2__reg_lambda': np.float64(1.6649731218457122), 'classifier__xgbclassifier_2__scale_pos_weight': np.float64(1.516014852470767), 'classifier__xgbclassifier_2__subsample': np.float64(0.8736334240654339), 'feature_selection_filter__k': 26}",68.00240659713745,"[0, 1, 2, 3, 4, 5, 6, 7, 8, 9, 10, 11, 12, 14, 16, 17, 18, 19, 20, 21, 23, 24, 27, 28, 29, 30]","['Amount_log1p', 'V1', 'V2', 'V3', 'V4', 'V5', 'V6', 'V7', 'V8', 'V9', 'V10', 'V11', 'V12', 'V14', 'V16', 'V17', 'V18', 'V19', 'V20', 'V21', 'V23', 'V24', 'V27', 'V28', 'Time_sin', 'Time_cos']"
CostSensitiveLearning_with_RandomUnderSampler___RandomizedSearchCV__niter_30__cv_5,3,8,StackingClassifier,resubstitution,384,21960,175,42,0.9903816320198573,0.6869409660107334,0.9014084507042254,0.7796954314720812,0.9920939688276486,0.007906031172351446,0.946751209765937,0.9456647859542707,0.7823540074137447,0.7748705217531777,0.9829376075745188,0.902369841513562,22561,0.7595154369266083,0.014652827042781766,0.7439333770291577,0.021195277577004536,"{'classifier__extratreesclassifier_0__ccp_alpha': np.float64(0.005285641875029063), 'classifier__extratreesclassifier_0__max_depth': 10, 'classifier__extratreesclassifier_0__max_features': 'sqrt', 'classifier__extratreesclassifier_0__max_leaf_nodes': 3, 'classifier__extratreesclassifier_0__min_impurity_decrease': np.float64(0.018778091801118103), 'classifier__extratreesclassifier_0__min_samples_leaf': 6, 'classifier__extratreesclassifier_0__min_samples_split': 8, 'classifier__extratreesclassifier_0__n_estimators': 297, 'classifier__randomforestclassifier_1__ccp_alpha': np.float64(0.00201565526409741), 'classifier__randomforestclassifier_1__max_depth': 9, 'classifier__randomforestclassifier_1__max_features': 'log2', 'classifier__randomforestclassifier_1__max_leaf_nodes': 5, 'classifier__randomforestclassifier_1__max_samples': np.float64(0.614685556362424), 'classifier__randomforestclassifier_1__min_impurity_decrease': np.float64(0.09533813687005306), 'classifier__randomforestclassifier_1__min_samples_leaf': 6, 'classifier__randomforestclassifier_1__min_samples_split': 9, 'classifier__randomforestclassifier_1__n_estimators': 807, 'classifier__xgbclassifier_2__colsample_bytree': np.float64(0.7635139999179568), 'classifier__xgbclassifier_2__gamma': np.float64(4.483593324307281), 'classifier__xgbclassifier_2__learning_rate': np.float64(0.010380536138058897), 'classifier__xgbclassifier_2__max_delta_step': 2, 'classifier__xgbclassifier_2__max_depth': 6, 'classifier__xgbclassifier_2__min_child_weight': 6, 'classifier__xgbclassifier_2__n_estimators': 653, 'classifier__xgbclassifier_2__reg_alpha': np.float64(0.010098299160763406), 'classifier__xgbclassifier_2__reg_lambda': np.float64(0.008201576431182687), 'classifier__xgbclassifier_2__scale_pos_weight': np.float64(0.8052378859501379), 'classifier__xgbclassifier_2__subsample': np.float64(0.669683128264243), 'feature_selection_filter__k': 'all'}",79.14513659477234,"[0, 1, 2, 3, 4, 5, 6, 7, 8, 9, 10, 11, 12, 13, 14, 15, 16, 17, 18, 19, 20, 21, 22, 23, 24, 25, 26, 27, 28, 29, 30]","['Amount_log1p', 'V1', 'V2', 'V3', 'V4', 'V5', 'V6', 'V7', 'V8', 'V9', 'V10', 'V11', 'V12', 'V13', 'V14', 'V15', 'V16', 'V17', 'V18', 'V19', 'V20', 'V21', 'V22', 'V23', 'V24', 'V25', 'V26', 'V27', 'V28', 'Time_sin', 'Time_cos']"
CostSensitiveLearning_with_RandomUnderSampler___RandomizedSearchCV__niter_30__cv_5,3,9,StackingClassifier,resubstitution,426,21994,141,0,0.9937502770267276,0.7513227513227513,1.0,0.8580060422960725,0.9936299977411339,0.006370002258866081,0.996814998870567,0.9968099105351701,0.8640236245032238,0.85487670637061,0.9997520549848296,0.9746408269344248,22561,0.8396517299031723,0.023759568885707488,0.7629255174360878,0.022455864250258244,"{'classifier__extratreesclassifier_0__ccp_alpha': np.float64(0.009295292301167586), 'classifier__extratreesclassifier_0__max_depth': 11, 'classifier__extratreesclassifier_0__max_features': 'log2', 'classifier__extratreesclassifier_0__max_leaf_nodes': 3, 'classifier__extratreesclassifier_0__min_impurity_decrease': np.float64(0.0899722683761988), 'classifier__extratreesclassifier_0__min_samples_leaf': 9, 'classifier__extratreesclassifier_0__min_samples_split': 3, 'classifier__extratreesclassifier_0__n_estimators': 430, 'classifier__randomforestclassifier_1__ccp_alpha': np.float64(0.004212931670922327), 'classifier__randomforestclassifier_1__max_depth': 12, 'classifier__randomforestclassifier_1__max_features': 'sqrt', 'classifier__randomforestclassifier_1__max_leaf_nodes': 12, 'classifier__randomforestclassifier_1__max_samples': np.float64(0.5328336369614495), 'classifier__randomforestclassifier_1__min_impurity_decrease': np.float64(0.08165548287770008), 'classifier__randomforestclassifier_1__min_samples_leaf': 6, 'classifier__randomforestclassifier_1__min_samples_split': 6, 'classifier__randomforestclassifier_1__n_estimators': 687, 'classifier__xgbclassifier_2__colsample_bytree': np.float64(0.7186461751219245), 'classifier__xgbclassifier_2__gamma': np.float64(1.2362847780549298), 'classifier__xgbclassifier_2__learning_rate': np.float64(0.014445676987557901), 'classifier__xgbclassifier_2__max_delta_step': 3, 'classifier__xgbclassifier_2__max_depth': 7, 'classifier__xgbclassifier_2__min_child_weight': 1, 'classifier__xgbclassifier_2__n_estimators': 561, 'classifier__xgbclassifier_2__reg_alpha': np.float64(0.00032376401741697003), 'classifier__xgbclassifier_2__reg_lambda': np.float64(0.00985173191933989), 'classifier__xgbclassifier_2__scale_pos_weight': np.float64(2.9570816460927483), 'classifier__xgbclassifier_2__subsample': np.float64(0.9690424372820218), 'feature_selection_filter__k': 22}",71.37940979003906,"[1, 2, 3, 4, 5, 6, 7, 8, 9, 10, 11, 12, 14, 16, 17, 18, 19, 20, 21, 27, 28, 29]","['V1', 'V2', 'V3', 'V4', 'V5', 'V6', 'V7', 'V8', 'V9', 'V10', 'V11', 'V12', 'V14', 'V16', 'V17', 'V18', 'V19', 'V20', 'V21', 'V27', 'V28', 'Time_sin']"
CostSensitiveLearning_with_RandomUnderSampler___RandomizedSearchCV__niter_30__cv_5,3,10,StackingClassifier,resubstitution,426,21971,164,0,0.9927308186693852,0.7220338983050848,1.0,0.8385826771653543,0.9925909193584821,0.007409080641517907,0.996295459679241,0.9962885723315721,0.8465720825344011,0.8349634172277309,0.9997102712654211,0.9770391604087127,22561,0.8220233566550288,0.018940411541636202,0.7451902717754972,0.017593761233966845,"{'classifier__extratreesclassifier_0__ccp_alpha': np.float64(0.00947003204520594), 'classifier__extratreesclassifier_0__max_depth': 17, 'classifier__extratreesclassifier_0__max_features': 'sqrt', 'classifier__extratreesclassifier_0__max_leaf_nodes': 3, 'classifier__extratreesclassifier_0__min_impurity_decrease': np.float64(0.020936993076339363), 'classifier__extratreesclassifier_0__min_samples_leaf': 3, 'classifier__extratreesclassifier_0__min_samples_split': 2, 'classifier__extratreesclassifier_0__n_estimators': 799, 'classifier__randomforestclassifier_1__ccp_alpha': np.float64(0.004143145263059433), 'classifier__randomforestclassifier_1__max_depth': 9, 'classifier__randomforestclassifier_1__max_features': 'log2', 'classifier__randomforestclassifier_1__max_leaf_nodes': 6, 'classifier__randomforestclassifier_1__max_samples': np.float64(0.7238046521257787), 'classifier__randomforestclassifier_1__min_impurity_decrease': np.float64(0.07464542188277022), 'classifier__randomforestclassifier_1__min_samples_leaf': 8, 'classifier__randomforestclassifier_1__min_samples_split': 6, 'classifier__randomforestclassifier_1__n_estimators': 451, 'classifier__xgbclassifier_2__colsample_bytree': np.float64(0.7597947249468884), 'classifier__xgbclassifier_2__gamma': np.float64(1.5847051375685233), 'classifier__xgbclassifier_2__learning_rate': np.float64(0.013620834140622115), 'classifier__xgbclassifier_2__max_delta_step': 7, 'classifier__xgbclassifier_2__max_depth': 5, 'classifier__xgbclassifier_2__min_child_weight': 2, 'classifier__xgbclassifier_2__n_estimators': 587, 'classifier__xgbclassifier_2__reg_alpha': np.float64(0.011613759140261515), 'classifier__xgbclassifier_2__reg_lambda': np.float64(0.0003358370234661886), 'classifier__xgbclassifier_2__scale_pos_weight': np.float64(3.413510053125089), 'classifier__xgbclassifier_2__subsample': np.float64(0.6287016492722183), 'feature_selection_filter__k': 24}",87.55112099647522,"[0, 1, 2, 3, 4, 5, 6, 7, 8, 9, 10, 11, 12, 14, 16, 17, 18, 19, 20, 21, 23, 27, 28, 29]","['Amount_log1p', 'V1', 'V2', 'V3', 'V4', 'V5', 'V6', 'V7', 'V8', 'V9', 'V10', 'V11', 'V12', 'V14', 'V16', 'V17', 'V18', 'V19', 'V20', 'V21', 'V23', 'V27', 'V28', 'Time_sin']"
CostSensitiveLearning_with_RandomUnderSampler___RandomizedSearchCV__niter_30__cv_5,4,1,StackingClassifier,resubstitution,422,21973,161,4,0.992686170212766,0.7238421955403087,0.9906103286384976,0.8364717542120912,0.9927261227071473,0.007273877292852671,0.9916682256728224,0.9916676613981867,0.8435647220814413,0.8328237745934174,0.9991346985560845,0.9740644501567124,22560,0.851787027921068,0.017207540469658528,0.7821735214154085,0.01449230451556223,"{'classifier__extratreesclassifier_0__ccp_alpha': np.float64(0.004688392969309435), 'classifier__extratreesclassifier_0__max_depth': 4, 'classifier__extratreesclassifier_0__max_features': 'log2', 'classifier__extratreesclassifier_0__max_leaf_nodes': 13, 'classifier__extratreesclassifier_0__min_impurity_decrease': np.float64(0.06651711823818587), 'classifier__extratreesclassifier_0__min_samples_leaf': 4, 'classifier__extratreesclassifier_0__min_samples_split': 5, 'classifier__extratreesclassifier_0__n_estimators': 320, 'classifier__randomforestclassifier_1__ccp_alpha': np.float64(0.0008087772874713806), 'classifier__randomforestclassifier_1__max_depth': 13, 'classifier__randomforestclassifier_1__max_features': 'log2', 'classifier__randomforestclassifier_1__max_leaf_nodes': 13, 'classifier__randomforestclassifier_1__max_samples': np.float64(0.8880224378453268), 'classifier__randomforestclassifier_1__min_impurity_decrease': np.float64(0.08759822438078775), 'classifier__randomforestclassifier_1__min_samples_leaf': 7, 'classifier__randomforestclassifier_1__min_samples_split': 8, 'classifier__randomforestclassifier_1__n_estimators': 838, 'classifier__xgbclassifier_2__colsample_bytree': np.float64(0.8857649548886444), 'classifier__xgbclassifier_2__gamma': np.float64(0.42425887206228696), 'classifier__xgbclassifier_2__learning_rate': np.float64(0.07659004713545628), 'classifier__xgbclassifier_2__max_delta_step': 5, 'classifier__xgbclassifier_2__max_depth': 3, 'classifier__xgbclassifier_2__min_child_weight': 2, 'classifier__xgbclassifier_2__n_estimators': 565, 'classifier__xgbclassifier_2__reg_alpha': np.float64(0.06994426398527885), 'classifier__xgbclassifier_2__reg_lambda': np.float64(0.13131664605182375), 'classifier__xgbclassifier_2__scale_pos_weight': np.float64(0.7158082242632434), 'classifier__xgbclassifier_2__subsample': np.float64(0.9728881175448068), 'feature_selection_filter__k': 20}",67.0237717628479,"[1, 2, 3, 4, 5, 6, 7, 8, 9, 10, 11, 12, 14, 16, 17, 18, 19, 20, 21, 27]","['V1', 'V2', 'V3', 'V4', 'V5', 'V6', 'V7', 'V8', 'V9', 'V10', 'V11', 'V12', 'V14', 'V16', 'V17', 'V18', 'V19', 'V20', 'V21', 'V27']"
CostSensitiveLearning_with_RandomUnderSampler___RandomizedSearchCV__niter_30__cv_5,4,2,StackingClassifier,resubstitution,424,22008,126,2,0.9943262411347518,0.7709090909090909,0.9953051643192489,0.8688524590163934,0.9943074003795066,0.005692599620493399,0.9948062823493777,0.9948061572580711,0.873390748004594,0.8660006793516091,0.9996115211191245,0.9726311756385801,22560,0.8482574194921935,0.027388642028390222,0.7677607521722585,0.013142311340658097,"{'classifier__extratreesclassifier_0__ccp_alpha': np.float64(0.003267980906124214), 'classifier__extratreesclassifier_0__max_depth': 8, 'classifier__extratreesclassifier_0__max_features': 'sqrt', 'classifier__extratreesclassifier_0__max_leaf_nodes': 8, 'classifier__extratreesclassifier_0__min_impurity_decrease': np.float64(0.028681789400148094), 'classifier__extratreesclassifier_0__min_samples_leaf': 5, 'classifier__extratreesclassifier_0__min_samples_split': 8, 'classifier__extratreesclassifier_0__n_estimators': 566, 'classifier__randomforestclassifier_1__ccp_alpha': np.float64(0.009944296028320726), 'classifier__randomforestclassifier_1__max_depth': 5, 'classifier__randomforestclassifier_1__max_features': 'log2', 'classifier__randomforestclassifier_1__max_leaf_nodes': 5, 'classifier__randomforestclassifier_1__max_samples': np.float64(0.7369764989185712), 'classifier__randomforestclassifier_1__min_impurity_decrease': np.float64(0.08782283363601644), 'classifier__randomforestclassifier_1__min_samples_leaf': 3, 'classifier__randomforestclassifier_1__min_samples_split': 5, 'classifier__randomforestclassifier_1__n_estimators': 220, 'classifier__xgbclassifier_2__colsample_bytree': np.float64(0.90816356476066), 'classifier__xgbclassifier_2__gamma': np.float64(0.8848496511477977), 'classifier__xgbclassifier_2__learning_rate': np.float64(0.047257397597431236), 'classifier__xgbclassifier_2__max_delta_step': 9, 'classifier__xgbclassifier_2__max_depth': 8, 'classifier__xgbclassifier_2__min_child_weight': 3, 'classifier__xgbclassifier_2__n_estimators': 238, 'classifier__xgbclassifier_2__reg_alpha': np.float64(0.04714178921304582), 'classifier__xgbclassifier_2__reg_lambda': np.float64(0.005207671458859829), 'classifier__xgbclassifier_2__scale_pos_weight': np.float64(1.0147642056014963), 'classifier__xgbclassifier_2__subsample': np.float64(0.7092899831167039), 'feature_selection_filter__k': 'all'}",67.96221733093262,"[0, 1, 2, 3, 4, 5, 6, 7, 8, 9, 10, 11, 12, 13, 14, 15, 16, 17, 18, 19, 20, 21, 22, 23, 24, 25, 26, 27, 28, 29, 30]","['Amount_log1p', 'V1', 'V2', 'V3', 'V4', 'V5', 'V6', 'V7', 'V8', 'V9', 'V10', 'V11', 'V12', 'V13', 'V14', 'V15', 'V16', 'V17', 'V18', 'V19', 'V20', 'V21', 'V22', 'V23', 'V24', 'V25', 'V26', 'V27', 'V28', 'Time_sin', 'Time_cos']"
CostSensitiveLearning_with_RandomUnderSampler___RandomizedSearchCV__niter_30__cv_5,4,3,StackingClassifier,resubstitution,426,21991,143,0,0.9936613475177305,0.7486818980667839,1.0,0.8562814070351759,0.9935393512243608,0.006460648775639233,0.9967696756121804,0.9967644411917796,0.8624644498637004,0.8531090301010654,0.9997168335757747,0.9779813331048346,22560,0.8292156414003387,0.0036607416677345707,0.7562348192427029,0.03649823181496561,"{'classifier__extratreesclassifier_0__ccp_alpha': np.float64(0.002737682876530334), 'classifier__extratreesclassifier_0__max_depth': 17, 'classifier__extratreesclassifier_0__max_features': 'sqrt', 'classifier__extratreesclassifier_0__max_leaf_nodes': 6, 'classifier__extratreesclassifier_0__min_impurity_decrease': np.float64(0.01814852580339046), 'classifier__extratreesclassifier_0__min_samples_leaf': 7, 'classifier__extratreesclassifier_0__min_samples_split': 7, 'classifier__extratreesclassifier_0__n_estimators': 219, 'classifier__randomforestclassifier_1__ccp_alpha': np.float64(0.009077646769820036), 'classifier__randomforestclassifier_1__max_depth': 15, 'classifier__randomforestclassifier_1__max_features': 'sqrt', 'classifier__randomforestclassifier_1__max_leaf_nodes': 2, 'classifier__randomforestclassifier_1__max_samples': np.float64(0.5857373631848715), 'classifier__randomforestclassifier_1__min_impurity_decrease': np.float64(0.06369553381445342), 'classifier__randomforestclassifier_1__min_samples_leaf': 7, 'classifier__randomforestclassifier_1__min_samples_split': 3, 'classifier__randomforestclassifier_1__n_estimators': 983, 'classifier__xgbclassifier_2__colsample_bytree': np.float64(0.7678106341830979), 'classifier__xgbclassifier_2__gamma': np.float64(0.8050845584686461), 'classifier__xgbclassifier_2__learning_rate': np.float64(0.06683207357376696), 'classifier__xgbclassifier_2__max_delta_step': 8, 'classifier__xgbclassifier_2__max_depth': 8, 'classifier__xgbclassifier_2__min_child_weight': 4, 'classifier__xgbclassifier_2__n_estimators': 625, 'classifier__xgbclassifier_2__reg_alpha': np.float64(0.030336405990273575), 'classifier__xgbclassifier_2__reg_lambda': np.float64(0.000889530866044254), 'classifier__xgbclassifier_2__scale_pos_weight': np.float64(7.275180643483211), 'classifier__xgbclassifier_2__subsample': np.float64(0.8950225866879189), 'feature_selection_filter__k': 22}",83.97309803962708,"[1, 2, 3, 4, 5, 6, 7, 8, 9, 10, 11, 12, 14, 16, 17, 18, 19, 20, 21, 27, 28, 29]","['V1', 'V2', 'V3', 'V4', 'V5', 'V6', 'V7', 'V8', 'V9', 'V10', 'V11', 'V12', 'V14', 'V16', 'V17', 'V18', 'V19', 'V20', 'V21', 'V27', 'V28', 'Time_sin']"
CostSensitiveLearning_with_RandomUnderSampler___RandomizedSearchCV__niter_30__cv_5,4,4,StackingClassifier,resubstitution,394,21947,187,32,0.9902925531914893,0.6781411359724613,0.9248826291079812,0.7825223435948362,0.9915514592933948,0.008448540706605168,0.9582170442006881,0.957637050540094,0.7874880221912198,0.777678060855042,0.9934721124554622,0.9334169385035196,22560,0.8325834353661545,0.023998007964826273,0.7861053816974869,0.03133715424426482,"{'classifier__extratreesclassifier_0__ccp_alpha': np.float64(0.0022960275961963097), 'classifier__extratreesclassifier_0__max_depth': 18, 'classifier__extratreesclassifier_0__max_features': 'sqrt', 'classifier__extratreesclassifier_0__max_leaf_nodes': 17, 'classifier__extratreesclassifier_0__min_impurity_decrease': np.float64(0.046561650824130954), 'classifier__extratreesclassifier_0__min_samples_leaf': 1, 'classifier__extratreesclassifier_0__min_samples_split': 2, 'classifier__extratreesclassifier_0__n_estimators': 609, 'classifier__randomforestclassifier_1__ccp_alpha': np.float64(0.0016628327179547065), 'classifier__randomforestclassifier_1__max_depth': 17, 'classifier__randomforestclassifier_1__max_features': 'log2', 'classifier__randomforestclassifier_1__max_leaf_nodes': 6, 'classifier__randomforestclassifier_1__max_samples': np.float64(0.6994500279402854), 'classifier__randomforestclassifier_1__min_impurity_decrease': np.float64(0.07972782972623382), 'classifier__randomforestclassifier_1__min_samples_leaf': 4, 'classifier__randomforestclassifier_1__min_samples_split': 7, 'classifier__randomforestclassifier_1__n_estimators': 475, 'classifier__xgbclassifier_2__colsample_bytree': np.float64(0.9565809277606147), 'classifier__xgbclassifier_2__gamma': np.float64(2.026731764518205), 'classifier__xgbclassifier_2__learning_rate': np.float64(0.024115214170521246), 'classifier__xgbclassifier_2__max_delta_step': 0, 'classifier__xgbclassifier_2__max_depth': 4, 'classifier__xgbclassifier_2__min_child_weight': 2, 'classifier__xgbclassifier_2__n_estimators': 333, 'classifier__xgbclassifier_2__reg_alpha': np.float64(0.0010991923746960523), 'classifier__xgbclassifier_2__reg_lambda': np.float64(0.0010354438661436282), 'classifier__xgbclassifier_2__scale_pos_weight': np.float64(0.8029567043228762), 'classifier__xgbclassifier_2__subsample': np.float64(0.9167089753458579), 'feature_selection_filter__k': 22}",69.50540733337402,"[1, 2, 3, 4, 5, 6, 7, 8, 9, 10, 11, 12, 14, 16, 17, 18, 19, 20, 21, 27, 28, 29]","['V1', 'V2', 'V3', 'V4', 'V5', 'V6', 'V7', 'V8', 'V9', 'V10', 'V11', 'V12', 'V14', 'V16', 'V17', 'V18', 'V19', 'V20', 'V21', 'V27', 'V28', 'Time_sin']"
CostSensitiveLearning_with_RandomUnderSampler___RandomizedSearchCV__niter_30__cv_5,4,5,StackingClassifier,resubstitution,399,22011,124,26,0.9933510638297872,0.762906309751434,0.9388235294117647,0.8417721518987342,0.9943980121978767,0.005601987802123287,0.9666107708048207,0.9662112871684193,0.8431248757238248,0.8384133952621318,0.9967082209436745,0.942809881852789,22560,0.8026426740804228,0.013824875475396122,0.7644637332497692,0.02580381154075167,"{'classifier__extratreesclassifier_0__ccp_alpha': np.float64(0.00852440745794902), 'classifier__extratreesclassifier_0__max_depth': 11, 'classifier__extratreesclassifier_0__max_features': 'sqrt', 'classifier__extratreesclassifier_0__max_leaf_nodes': 11, 'classifier__extratreesclassifier_0__min_impurity_decrease': np.float64(0.03736982265825178), 'classifier__extratreesclassifier_0__min_samples_leaf': 3, 'classifier__extratreesclassifier_0__min_samples_split': 9, 'classifier__extratreesclassifier_0__n_estimators': 778, 'classifier__randomforestclassifier_1__ccp_alpha': np.float64(0.008437043929810036), 'classifier__randomforestclassifier_1__max_depth': 3, 'classifier__randomforestclassifier_1__max_features': 'log2', 'classifier__randomforestclassifier_1__max_leaf_nodes': 2, 'classifier__randomforestclassifier_1__max_samples': np.float64(0.8322388002326562), 'classifier__randomforestclassifier_1__min_impurity_decrease': np.float64(0.005908074830533217), 'classifier__randomforestclassifier_1__min_samples_leaf': 1, 'classifier__randomforestclassifier_1__min_samples_split': 6, 'classifier__randomforestclassifier_1__n_estimators': 443, 'classifier__xgbclassifier_2__colsample_bytree': np.float64(0.948971788459894), 'classifier__xgbclassifier_2__gamma': np.float64(2.8850844643035627), 'classifier__xgbclassifier_2__learning_rate': np.float64(0.0705340182322713), 'classifier__xgbclassifier_2__max_delta_step': 2, 'classifier__xgbclassifier_2__max_depth': 8, 'classifier__xgbclassifier_2__min_child_weight': 2, 'classifier__xgbclassifier_2__n_estimators': 342, 'classifier__xgbclassifier_2__reg_alpha': np.float64(0.0001980040965073332), 'classifier__xgbclassifier_2__reg_lambda': np.float64(0.6138975082552858), 'classifier__xgbclassifier_2__scale_pos_weight': np.float64(0.8961685567152923), 'classifier__xgbclassifier_2__subsample': np.float64(0.9329314847870119), 'feature_selection_filter__k': 20}",69.96880841255188,"[1, 2, 3, 4, 5, 6, 7, 8, 9, 10, 11, 12, 14, 16, 17, 18, 19, 20, 21, 27]","['V1', 'V2', 'V3', 'V4', 'V5', 'V6', 'V7', 'V8', 'V9', 'V10', 'V11', 'V12', 'V14', 'V16', 'V17', 'V18', 'V19', 'V20', 'V21', 'V27']"
CostSensitiveLearning_with_RandomUnderSampler___RandomizedSearchCV__niter_30__cv_5,4,6,StackingClassifier,resubstitution,425,22000,135,0,0.9940159574468085,0.7589285714285714,1.0,0.8629441624365483,0.9939010616670432,0.006098938332956827,0.9969505308335216,0.9969458669692368,0.8685044115445296,0.859944080641601,0.9997394597323908,0.9849466911684354,22560,0.8806825898963184,0.016501558142851366,0.7973411826346398,0.03378143666080785,"{'classifier__extratreesclassifier_0__ccp_alpha': np.float64(0.008131124563638072), 'classifier__extratreesclassifier_0__max_depth': 5, 'classifier__extratreesclassifier_0__max_features': 'log2', 'classifier__extratreesclassifier_0__max_leaf_nodes': 11, 'classifier__extratreesclassifier_0__min_impurity_decrease': np.float64(0.06338271770177309), 'classifier__extratreesclassifier_0__min_samples_leaf': 9, 'classifier__extratreesclassifier_0__min_samples_split': 9, 'classifier__extratreesclassifier_0__n_estimators': 733, 'classifier__randomforestclassifier_1__ccp_alpha': np.float64(0.00802975602756761), 'classifier__randomforestclassifier_1__max_depth': 4, 'classifier__randomforestclassifier_1__max_features': 'sqrt', 'classifier__randomforestclassifier_1__max_leaf_nodes': 3, 'classifier__randomforestclassifier_1__max_samples': np.float64(0.6197962407088025), 'classifier__randomforestclassifier_1__min_impurity_decrease': np.float64(0.07635557424802165), 'classifier__randomforestclassifier_1__min_samples_leaf': 9, 'classifier__randomforestclassifier_1__min_samples_split': 4, 'classifier__randomforestclassifier_1__n_estimators': 929, 'classifier__xgbclassifier_2__colsample_bytree': np.float64(0.8796581270081121), 'classifier__xgbclassifier_2__gamma': np.float64(0.07796953649906069), 'classifier__xgbclassifier_2__learning_rate': np.float64(0.10252497162275989), 'classifier__xgbclassifier_2__max_delta_step': 5, 'classifier__xgbclassifier_2__max_depth': 9, 'classifier__xgbclassifier_2__min_child_weight': 4, 'classifier__xgbclassifier_2__n_estimators': 755, 'classifier__xgbclassifier_2__reg_alpha': np.float64(0.0015207626943994728), 'classifier__xgbclassifier_2__reg_lambda': np.float64(0.0016400241541967018), 'classifier__xgbclassifier_2__scale_pos_weight': np.float64(3.724011842301023), 'classifier__xgbclassifier_2__subsample': np.float64(0.8266245449030983), 'feature_selection_filter__k': 24}",72.05761885643005,"[0, 1, 2, 3, 4, 5, 6, 7, 8, 9, 10, 11, 12, 14, 16, 17, 18, 19, 20, 21, 24, 27, 28, 29]","['Amount_log1p', 'V1', 'V2', 'V3', 'V4', 'V5', 'V6', 'V7', 'V8', 'V9', 'V10', 'V11', 'V12', 'V14', 'V16', 'V17', 'V18', 'V19', 'V20', 'V21', 'V24', 'V27', 'V28', 'Time_sin']"
CostSensitiveLearning_with_RandomUnderSampler___RandomizedSearchCV__niter_30__cv_5,4,7,StackingClassifier,resubstitution,424,21973,162,1,0.9927748226950355,0.7235494880546075,0.9976470588235294,0.8387734915924827,0.9926812740004518,0.007318725999548192,0.9951641664119906,0.9951610690515104,0.846467063762166,0.8351739080934789,0.9996637744322938,0.9792436298577639,22560,0.8439889079328893,0.022882439223848382,0.7594085866543296,0.02963887621757003,"{'classifier__extratreesclassifier_0__ccp_alpha': np.float64(0.00204904948982961), 'classifier__extratreesclassifier_0__max_depth': 17, 'classifier__extratreesclassifier_0__max_features': 'sqrt', 'classifier__extratreesclassifier_0__max_leaf_nodes': 13, 'classifier__extratreesclassifier_0__min_impurity_decrease': np.float64(0.06240500676190021), 'classifier__extratreesclassifier_0__min_samples_leaf': 2, 'classifier__extratreesclassifier_0__min_samples_split': 9, 'classifier__extratreesclassifier_0__n_estimators': 215, 'classifier__randomforestclassifier_1__ccp_alpha': np.float64(8.676034635611507e-05), 'classifier__randomforestclassifier_1__max_depth': 7, 'classifier__randomforestclassifier_1__max_features': 'log2', 'classifier__randomforestclassifier_1__max_leaf_nodes': 13, 'classifier__randomforestclassifier_1__max_samples': np.float64(0.5771504536624545), 'classifier__randomforestclassifier_1__min_impurity_decrease': np.float64(0.08522156901834252), 'classifier__randomforestclassifier_1__min_samples_leaf': 4, 'classifier__randomforestclassifier_1__min_samples_split': 8, 'classifier__randomforestclassifier_1__n_estimators': 667, 'classifier__xgbclassifier_2__colsample_bytree': np.float64(0.6095709715271034), 'classifier__xgbclassifier_2__gamma': np.float64(0.6336082620241079), 'classifier__xgbclassifier_2__learning_rate': np.float64(0.11816277383015247), 'classifier__xgbclassifier_2__max_delta_step': 1, 'classifier__xgbclassifier_2__max_depth': 5, 'classifier__xgbclassifier_2__min_child_weight': 2, 'classifier__xgbclassifier_2__n_estimators': 285, 'classifier__xgbclassifier_2__reg_alpha': np.float64(0.22577345579360014), 'classifier__xgbclassifier_2__reg_lambda': np.float64(0.2820994992005655), 'classifier__xgbclassifier_2__scale_pos_weight': np.float64(0.9031210781369643), 'classifier__xgbclassifier_2__subsample': np.float64(0.643880111541709), 'feature_selection_filter__k': 20}",72.53753852844238,"[1, 2, 3, 4, 5, 6, 7, 8, 9, 10, 11, 12, 14, 16, 17, 18, 19, 20, 21, 27]","['V1', 'V2', 'V3', 'V4', 'V5', 'V6', 'V7', 'V8', 'V9', 'V10', 'V11', 'V12', 'V14', 'V16', 'V17', 'V18', 'V19', 'V20', 'V21', 'V27']"
CostSensitiveLearning_with_RandomUnderSampler___RandomizedSearchCV__niter_30__cv_5,4,8,StackingClassifier,resubstitution,426,21975,160,0,0.9929081157750099,0.726962457337884,1.0,0.841897233201581,0.9927716286424215,0.007228371357578478,0.9963858143212108,0.9963792594401097,0.8495338149439539,0.8383626344791393,0.9997253303724161,0.9791524251421706,22561,0.8640336859453155,0.017759527507110854,0.7858475680330879,0.051895543493253815,"{'classifier__extratreesclassifier_0__ccp_alpha': np.float64(0.0032042930240949175), 'classifier__extratreesclassifier_0__max_depth': 13, 'classifier__extratreesclassifier_0__max_features': 'sqrt', 'classifier__extratreesclassifier_0__max_leaf_nodes': 3, 'classifier__extratreesclassifier_0__min_impurity_decrease': np.float64(0.010305180721768682), 'classifier__extratreesclassifier_0__min_samples_leaf': 9, 'classifier__extratreesclassifier_0__min_samples_split': 5, 'classifier__extratreesclassifier_0__n_estimators': 919, 'classifier__randomforestclassifier_1__ccp_alpha': np.float64(0.007895117578898133), 'classifier__randomforestclassifier_1__max_depth': 8, 'classifier__randomforestclassifier_1__max_features': 'sqrt', 'classifier__randomforestclassifier_1__max_leaf_nodes': 8, 'classifier__randomforestclassifier_1__max_samples': np.float64(0.5661244922264631), 'classifier__randomforestclassifier_1__min_impurity_decrease': np.float64(0.08215947715044906), 'classifier__randomforestclassifier_1__min_samples_leaf': 8, 'classifier__randomforestclassifier_1__min_samples_split': 2, 'classifier__randomforestclassifier_1__n_estimators': 866, 'classifier__xgbclassifier_2__colsample_bytree': np.float64(0.8727385952106805), 'classifier__xgbclassifier_2__gamma': np.float64(0.2570083576288762), 'classifier__xgbclassifier_2__learning_rate': np.float64(0.15533257568264228), 'classifier__xgbclassifier_2__max_delta_step': 0, 'classifier__xgbclassifier_2__max_depth': 8, 'classifier__xgbclassifier_2__min_child_weight': 2, 'classifier__xgbclassifier_2__n_estimators': 495, 'classifier__xgbclassifier_2__reg_alpha': np.float64(0.06391812416853561), 'classifier__xgbclassifier_2__reg_lambda': np.float64(0.7002673267442654), 'classifier__xgbclassifier_2__scale_pos_weight': np.float64(4.2799277230487505), 'classifier__xgbclassifier_2__subsample': np.float64(0.6450756990652916), 'feature_selection_filter__k': 24}",79.93188142776489,"[0, 1, 2, 3, 4, 5, 6, 7, 8, 9, 10, 11, 12, 14, 16, 17, 18, 19, 20, 21, 23, 27, 28, 29]","['Amount_log1p', 'V1', 'V2', 'V3', 'V4', 'V5', 'V6', 'V7', 'V8', 'V9', 'V10', 'V11', 'V12', 'V14', 'V16', 'V17', 'V18', 'V19', 'V20', 'V21', 'V23', 'V27', 'V28', 'Time_sin']"
CostSensitiveLearning_with_RandomUnderSampler___RandomizedSearchCV__niter_30__cv_5,4,9,StackingClassifier,resubstitution,426,22002,133,0,0.9941048712379771,0.7620751341681574,1.0,0.86497461928934,0.9939914163090129,0.006008583690987113,0.9969957081545064,0.9969911816606067,0.8703425428793469,0.8620174165583993,0.9996659423448303,0.97398605367026,22561,0.858363518410602,0.026199160224201566,0.7834983617119182,0.04454965104688976,"{'classifier__extratreesclassifier_0__ccp_alpha': np.float64(0.0011221917389611458), 'classifier__extratreesclassifier_0__max_depth': 13, 'classifier__extratreesclassifier_0__max_features': 'log2', 'classifier__extratreesclassifier_0__max_leaf_nodes': 15, 'classifier__extratreesclassifier_0__min_impurity_decrease': np.float64(0.05285894572796329), 'classifier__extratreesclassifier_0__min_samples_leaf': 5, 'classifier__extratreesclassifier_0__min_samples_split': 5, 'classifier__extratreesclassifier_0__n_estimators': 525, 'classifier__randomforestclassifier_1__ccp_alpha': np.float64(0.004922904190105515), 'classifier__randomforestclassifier_1__max_depth': 14, 'classifier__randomforestclassifier_1__max_features': 'log2', 'classifier__randomforestclassifier_1__max_leaf_nodes': 13, 'classifier__randomforestclassifier_1__max_samples': np.float64(0.5446359698637437), 'classifier__randomforestclassifier_1__min_impurity_decrease': np.float64(0.06738044690986596), 'classifier__randomforestclassifier_1__min_samples_leaf': 3, 'classifier__randomforestclassifier_1__min_samples_split': 8, 'classifier__randomforestclassifier_1__n_estimators': 813, 'classifier__xgbclassifier_2__colsample_bytree': np.float64(0.7742303816944213), 'classifier__xgbclassifier_2__gamma': np.float64(0.16475102315353318), 'classifier__xgbclassifier_2__learning_rate': np.float64(0.08553719390482363), 'classifier__xgbclassifier_2__max_delta_step': 8, 'classifier__xgbclassifier_2__max_depth': 8, 'classifier__xgbclassifier_2__min_child_weight': 1, 'classifier__xgbclassifier_2__n_estimators': 480, 'classifier__xgbclassifier_2__reg_alpha': np.float64(0.03562554151418544), 'classifier__xgbclassifier_2__reg_lambda': np.float64(0.0116918863876973), 'classifier__xgbclassifier_2__scale_pos_weight': np.float64(23.97271078019043), 'classifier__xgbclassifier_2__subsample': np.float64(0.9808494807922559), 'feature_selection_filter__k': 20}",82.40165090560913,"[1, 2, 3, 4, 5, 6, 7, 8, 9, 10, 11, 12, 14, 16, 17, 18, 19, 20, 21, 27]","['V1', 'V2', 'V3', 'V4', 'V5', 'V6', 'V7', 'V8', 'V9', 'V10', 'V11', 'V12', 'V14', 'V16', 'V17', 'V18', 'V19', 'V20', 'V21', 'V27']"
CostSensitiveLearning_with_RandomUnderSampler___RandomizedSearchCV__niter_30__cv_5,4,10,StackingClassifier,resubstitution,426,22010,125,0,0.9944594654492266,0.7731397459165155,1.0,0.872057318321392,0.9943528348768919,0.005647165123108144,0.9971764174384459,0.9971724198336473,0.8767974099574468,0.8692731002619289,0.9997393289789183,0.9819050894856394,22561,0.8465942380768532,0.013224598842572108,0.7728639884004473,0.016550327729689392,"{'classifier__extratreesclassifier_0__ccp_alpha': np.float64(0.008867671851919978), 'classifier__extratreesclassifier_0__max_depth': 3, 'classifier__extratreesclassifier_0__max_features': 'log2', 'classifier__extratreesclassifier_0__max_leaf_nodes': 3, 'classifier__extratreesclassifier_0__min_impurity_decrease': np.float64(0.018092331200268298), 'classifier__extratreesclassifier_0__min_samples_leaf': 9, 'classifier__extratreesclassifier_0__min_samples_split': 5, 'classifier__extratreesclassifier_0__n_estimators': 472, 'classifier__randomforestclassifier_1__ccp_alpha': np.float64(0.006472675541481851), 'classifier__randomforestclassifier_1__max_depth': 16, 'classifier__randomforestclassifier_1__max_features': 'log2', 'classifier__randomforestclassifier_1__max_leaf_nodes': 13, 'classifier__randomforestclassifier_1__max_samples': np.float64(0.6056069515753395), 'classifier__randomforestclassifier_1__min_impurity_decrease': np.float64(0.072788269507691), 'classifier__randomforestclassifier_1__min_samples_leaf': 8, 'classifier__randomforestclassifier_1__min_samples_split': 2, 'classifier__randomforestclassifier_1__n_estimators': 399, 'classifier__xgbclassifier_2__colsample_bytree': np.float64(0.8785706347147713), 'classifier__xgbclassifier_2__gamma': np.float64(0.78459647406245), 'classifier__xgbclassifier_2__learning_rate': np.float64(0.032595338452546405), 'classifier__xgbclassifier_2__max_delta_step': 8, 'classifier__xgbclassifier_2__max_depth': 5, 'classifier__xgbclassifier_2__min_child_weight': 2, 'classifier__xgbclassifier_2__n_estimators': 710, 'classifier__xgbclassifier_2__reg_alpha': np.float64(0.018464596421358174), 'classifier__xgbclassifier_2__reg_lambda': np.float64(1.5763003219328855), 'classifier__xgbclassifier_2__scale_pos_weight': np.float64(0.9985334626140168), 'classifier__xgbclassifier_2__subsample': np.float64(0.6723210756438244), 'feature_selection_filter__k': 28}",64.30891418457031,"[0, 1, 2, 3, 4, 5, 6, 7, 8, 9, 10, 11, 12, 13, 14, 16, 17, 18, 19, 20, 21, 22, 23, 24, 27, 28, 29, 30]","['Amount_log1p', 'V1', 'V2', 'V3', 'V4', 'V5', 'V6', 'V7', 'V8', 'V9', 'V10', 'V11', 'V12', 'V13', 'V14', 'V16', 'V17', 'V18', 'V19', 'V20', 'V21', 'V22', 'V23', 'V24', 'V27', 'V28', 'Time_sin', 'Time_cos']"
CostSensitiveLearning_with_RandomUnderSampler___RandomizedSearchCV__niter_30__cv_5,5,1,StackingClassifier,resubstitution,386,21999,135,40,0.9922429078014184,0.7408829174664108,0.9061032863849765,0.8152059134107709,0.9939007861208999,0.006099213879100063,0.9500020362529382,0.9489872331305407,0.8155759729388551,0.8112849316467139,0.9816021365383953,0.9076977314512577,22560,0.777250893037755,0.021880607166791643,0.7595037689455089,0.04074329878691853,"{'classifier__extratreesclassifier_0__ccp_alpha': np.float64(0.004857728362968611), 'classifier__extratreesclassifier_0__max_depth': 6, 'classifier__extratreesclassifier_0__max_features': 'sqrt', 'classifier__extratreesclassifier_0__max_leaf_nodes': 8, 'classifier__extratreesclassifier_0__min_impurity_decrease': np.float64(0.0658386573721768), 'classifier__extratreesclassifier_0__min_samples_leaf': 3, 'classifier__extratreesclassifier_0__min_samples_split': 4, 'classifier__extratreesclassifier_0__n_estimators': 972, 'classifier__randomforestclassifier_1__ccp_alpha': np.float64(0.009625858815583973), 'classifier__randomforestclassifier_1__max_depth': 4, 'classifier__randomforestclassifier_1__max_features': 'log2', 'classifier__randomforestclassifier_1__max_leaf_nodes': 16, 'classifier__randomforestclassifier_1__max_samples': np.float64(0.8597192637651312), 'classifier__randomforestclassifier_1__min_impurity_decrease': np.float64(0.09178674409390036), 'classifier__randomforestclassifier_1__min_samples_leaf': 5, 'classifier__randomforestclassifier_1__min_samples_split': 6, 'classifier__randomforestclassifier_1__n_estimators': 173, 'classifier__xgbclassifier_2__colsample_bytree': np.float64(0.8494367782999818), 'classifier__xgbclassifier_2__gamma': np.float64(3.2235781187987955), 'classifier__xgbclassifier_2__learning_rate': np.float64(0.03507357986996555), 'classifier__xgbclassifier_2__max_delta_step': 2, 'classifier__xgbclassifier_2__max_depth': 6, 'classifier__xgbclassifier_2__min_child_weight': 7, 'classifier__xgbclassifier_2__n_estimators': 707, 'classifier__xgbclassifier_2__reg_alpha': np.float64(0.0020617305589705074), 'classifier__xgbclassifier_2__reg_lambda': np.float64(0.4837000508042975), 'classifier__xgbclassifier_2__scale_pos_weight': np.float64(0.5797976288608008), 'classifier__xgbclassifier_2__subsample': np.float64(0.922547400123225), 'feature_selection_filter__k': 28}",73.3936676979065,"[0, 1, 2, 3, 4, 5, 6, 7, 8, 9, 10, 11, 12, 13, 14, 16, 17, 18, 19, 20, 21, 22, 24, 25, 26, 27, 28, 29]","['Amount_log1p', 'V1', 'V2', 'V3', 'V4', 'V5', 'V6', 'V7', 'V8', 'V9', 'V10', 'V11', 'V12', 'V13', 'V14', 'V16', 'V17', 'V18', 'V19', 'V20', 'V21', 'V22', 'V24', 'V25', 'V26', 'V27', 'V28', 'Time_sin']"
CostSensitiveLearning_with_RandomUnderSampler___RandomizedSearchCV__niter_30__cv_5,5,2,StackingClassifier,resubstitution,421,21978,156,5,0.992863475177305,0.729636048526863,0.9882629107981221,0.839481555333998,0.9929520195174845,0.007047980482515537,0.9906074651578033,0.9906046906264996,0.8459944495466404,0.8359167180307838,0.9995703718409975,0.9727759754395072,22560,0.8493424980773489,0.017520492881366107,0.7636122721824682,0.035164250758182164,"{'classifier__extratreesclassifier_0__ccp_alpha': np.float64(0.006195521968244074), 'classifier__extratreesclassifier_0__max_depth': 12, 'classifier__extratreesclassifier_0__max_features': 'log2', 'classifier__extratreesclassifier_0__max_leaf_nodes': 11, 'classifier__extratreesclassifier_0__min_impurity_decrease': np.float64(0.06683558142591094), 'classifier__extratreesclassifier_0__min_samples_leaf': 2, 'classifier__extratreesclassifier_0__min_samples_split': 6, 'classifier__extratreesclassifier_0__n_estimators': 353, 'classifier__randomforestclassifier_1__ccp_alpha': np.float64(0.007356985162537283), 'classifier__randomforestclassifier_1__max_depth': 9, 'classifier__randomforestclassifier_1__max_features': 'log2', 'classifier__randomforestclassifier_1__max_leaf_nodes': 2, 'classifier__randomforestclassifier_1__max_samples': np.float64(0.8035896199220176), 'classifier__randomforestclassifier_1__min_impurity_decrease': np.float64(0.09507243365576057), 'classifier__randomforestclassifier_1__min_samples_leaf': 4, 'classifier__randomforestclassifier_1__min_samples_split': 4, 'classifier__randomforestclassifier_1__n_estimators': 472, 'classifier__xgbclassifier_2__colsample_bytree': np.float64(0.7509628789891326), 'classifier__xgbclassifier_2__gamma': np.float64(1.019304257620507), 'classifier__xgbclassifier_2__learning_rate': np.float64(0.05283639558860064), 'classifier__xgbclassifier_2__max_delta_step': 0, 'classifier__xgbclassifier_2__max_depth': 3, 'classifier__xgbclassifier_2__min_child_weight': 6, 'classifier__xgbclassifier_2__n_estimators': 728, 'classifier__xgbclassifier_2__reg_alpha': np.float64(0.3419516862530543), 'classifier__xgbclassifier_2__reg_lambda': np.float64(0.12484298825742421), 'classifier__xgbclassifier_2__scale_pos_weight': np.float64(1.0730469201667836), 'classifier__xgbclassifier_2__subsample': np.float64(0.8120978059476404), 'feature_selection_filter__k': 28}",65.00767016410828,"[0, 1, 2, 3, 4, 5, 6, 7, 8, 9, 10, 11, 12, 14, 16, 17, 18, 19, 20, 21, 22, 23, 24, 26, 27, 28, 29, 30]","['Amount_log1p', 'V1', 'V2', 'V3', 'V4', 'V5', 'V6', 'V7', 'V8', 'V9', 'V10', 'V11', 'V12', 'V14', 'V16', 'V17', 'V18', 'V19', 'V20', 'V21', 'V22', 'V23', 'V24', 'V26', 'V27', 'V28', 'Time_sin', 'Time_cos']"
CostSensitiveLearning_with_RandomUnderSampler___RandomizedSearchCV__niter_30__cv_5,5,3,StackingClassifier,resubstitution,426,21999,135,0,0.9940159574468085,0.7593582887700535,1.0,0.8632218844984803,0.9939007861208999,0.006099213879100063,0.99695039306045,0.9969457287740893,0.8687501367804079,0.8602214317224652,0.9997266966759444,0.9746463224511221,22560,0.8465725393483107,0.028496569354344744,0.7667194934003403,0.03990226713547439,"{'classifier__extratreesclassifier_0__ccp_alpha': np.float64(0.005664346535453208), 'classifier__extratreesclassifier_0__max_depth': 9, 'classifier__extratreesclassifier_0__max_features': 'log2', 'classifier__extratreesclassifier_0__max_leaf_nodes': 4, 'classifier__extratreesclassifier_0__min_impurity_decrease': np.float64(0.06405220690776471), 'classifier__extratreesclassifier_0__min_samples_leaf': 5, 'classifier__extratreesclassifier_0__min_samples_split': 5, 'classifier__extratreesclassifier_0__n_estimators': 924, 'classifier__randomforestclassifier_1__ccp_alpha': np.float64(0.005645870051004446), 'classifier__randomforestclassifier_1__max_depth': 9, 'classifier__randomforestclassifier_1__max_features': 'sqrt', 'classifier__randomforestclassifier_1__max_leaf_nodes': 5, 'classifier__randomforestclassifier_1__max_samples': np.float64(0.7476995305293688), 'classifier__randomforestclassifier_1__min_impurity_decrease': np.float64(0.040065717639763625), 'classifier__randomforestclassifier_1__min_samples_leaf': 7, 'classifier__randomforestclassifier_1__min_samples_split': 9, 'classifier__randomforestclassifier_1__n_estimators': 342, 'classifier__xgbclassifier_2__colsample_bytree': np.float64(0.7345006089397117), 'classifier__xgbclassifier_2__gamma': np.float64(0.8517135350832794), 'classifier__xgbclassifier_2__learning_rate': np.float64(0.04165932996253148), 'classifier__xgbclassifier_2__max_delta_step': 8, 'classifier__xgbclassifier_2__max_depth': 8, 'classifier__xgbclassifier_2__min_child_weight': 4, 'classifier__xgbclassifier_2__n_estimators': 640, 'classifier__xgbclassifier_2__reg_alpha': np.float64(0.0005161177900924146), 'classifier__xgbclassifier_2__reg_lambda': np.float64(0.02621633738990629), 'classifier__xgbclassifier_2__scale_pos_weight': np.float64(1.3313401850156206), 'classifier__xgbclassifier_2__subsample': np.float64(0.8085677552495989), 'feature_selection_filter__k': 'all'}",72.6682641506195,"[0, 1, 2, 3, 4, 5, 6, 7, 8, 9, 10, 11, 12, 13, 14, 15, 16, 17, 18, 19, 20, 21, 22, 23, 24, 25, 26, 27, 28, 29, 30]","['Amount_log1p', 'V1', 'V2', 'V3', 'V4', 'V5', 'V6', 'V7', 'V8', 'V9', 'V10', 'V11', 'V12', 'V13', 'V14', 'V15', 'V16', 'V17', 'V18', 'V19', 'V20', 'V21', 'V22', 'V23', 'V24', 'V25', 'V26', 'V27', 'V28', 'Time_sin', 'Time_cos']"
CostSensitiveLearning_with_RandomUnderSampler___RandomizedSearchCV__niter_30__cv_5,5,4,StackingClassifier,resubstitution,391,21996,138,35,0.992331560283688,0.7391304347826086,0.9178403755868545,0.818848167539267,0.9937652480346978,0.00623475196530221,0.9558028118107762,0.9550486210143077,0.8199678164214201,0.8149775776079862,0.9896115041503502,0.9254057296350227,22560,0.7933974560674105,0.013367362429351961,0.7703964040656313,0.02632981676322055,"{'classifier__extratreesclassifier_0__ccp_alpha': np.float64(0.003757153121518535), 'classifier__extratreesclassifier_0__max_depth': 15, 'classifier__extratreesclassifier_0__max_features': 'log2', 'classifier__extratreesclassifier_0__max_leaf_nodes': 11, 'classifier__extratreesclassifier_0__min_impurity_decrease': np.float64(0.08196143147321161), 'classifier__extratreesclassifier_0__min_samples_leaf': 1, 'classifier__extratreesclassifier_0__min_samples_split': 9, 'classifier__extratreesclassifier_0__n_estimators': 921, 'classifier__randomforestclassifier_1__ccp_alpha': np.float64(0.0034513799070580065), 'classifier__randomforestclassifier_1__max_depth': 5, 'classifier__randomforestclassifier_1__max_features': 'log2', 'classifier__randomforestclassifier_1__max_leaf_nodes': 6, 'classifier__randomforestclassifier_1__max_samples': np.float64(0.810070604119107), 'classifier__randomforestclassifier_1__min_impurity_decrease': np.float64(0.06293046553328839), 'classifier__randomforestclassifier_1__min_samples_leaf': 8, 'classifier__randomforestclassifier_1__min_samples_split': 8, 'classifier__randomforestclassifier_1__n_estimators': 408, 'classifier__xgbclassifier_2__colsample_bytree': np.float64(0.6150871060587381), 'classifier__xgbclassifier_2__gamma': np.float64(1.571143498807408), 'classifier__xgbclassifier_2__learning_rate': np.float64(0.17887528425363772), 'classifier__xgbclassifier_2__max_delta_step': 0, 'classifier__xgbclassifier_2__max_depth': 7, 'classifier__xgbclassifier_2__min_child_weight': 1, 'classifier__xgbclassifier_2__n_estimators': 268, 'classifier__xgbclassifier_2__reg_alpha': np.float64(1.3759510332596314), 'classifier__xgbclassifier_2__reg_lambda': np.float64(0.09777212500039133), 'classifier__xgbclassifier_2__scale_pos_weight': np.float64(0.619303139171085), 'classifier__xgbclassifier_2__subsample': np.float64(0.821220400793564), 'feature_selection_filter__k': 26}",87.21818256378174,"[0, 1, 2, 3, 4, 5, 6, 7, 8, 9, 10, 11, 12, 14, 16, 17, 18, 19, 20, 21, 23, 24, 27, 28, 29, 30]","['Amount_log1p', 'V1', 'V2', 'V3', 'V4', 'V5', 'V6', 'V7', 'V8', 'V9', 'V10', 'V11', 'V12', 'V14', 'V16', 'V17', 'V18', 'V19', 'V20', 'V21', 'V23', 'V24', 'V27', 'V28', 'Time_sin', 'Time_cos']"
CostSensitiveLearning_with_RandomUnderSampler___RandomizedSearchCV__niter_30__cv_5,5,5,StackingClassifier,resubstitution,416,21971,164,9,0.992331560283688,0.7172413793103448,0.9788235294117648,0.8278606965174129,0.9925909193584821,0.007409080641517907,0.9857072243851235,0.9856831879202048,0.8344704193076328,0.8240344818258055,0.9982115095868932,0.9578072301996935,22560,0.8318299068694881,0.04601412907452313,0.7726721329092331,0.0339554795401911,"{'classifier__extratreesclassifier_0__ccp_alpha': np.float64(0.0060996078943117375), 'classifier__extratreesclassifier_0__max_depth': 15, 'classifier__extratreesclassifier_0__max_features': 'log2', 'classifier__extratreesclassifier_0__max_leaf_nodes': 10, 'classifier__extratreesclassifier_0__min_impurity_decrease': np.float64(0.09443622901538645), 'classifier__extratreesclassifier_0__min_samples_leaf': 1, 'classifier__extratreesclassifier_0__min_samples_split': 6, 'classifier__extratreesclassifier_0__n_estimators': 840, 'classifier__randomforestclassifier_1__ccp_alpha': np.float64(0.002976933334670369), 'classifier__randomforestclassifier_1__max_depth': 18, 'classifier__randomforestclassifier_1__max_features': 'log2', 'classifier__randomforestclassifier_1__max_leaf_nodes': 17, 'classifier__randomforestclassifier_1__max_samples': np.float64(0.6984678706249154), 'classifier__randomforestclassifier_1__min_impurity_decrease': np.float64(0.0502779242995999), 'classifier__randomforestclassifier_1__min_samples_leaf': 8, 'classifier__randomforestclassifier_1__min_samples_split': 4, 'classifier__randomforestclassifier_1__n_estimators': 293, 'classifier__xgbclassifier_2__colsample_bytree': np.float64(0.8538545194034071), 'classifier__xgbclassifier_2__gamma': np.float64(1.0435269945593784), 'classifier__xgbclassifier_2__learning_rate': np.float64(0.024339778843426634), 'classifier__xgbclassifier_2__max_delta_step': 6, 'classifier__xgbclassifier_2__max_depth': 6, 'classifier__xgbclassifier_2__min_child_weight': 2, 'classifier__xgbclassifier_2__n_estimators': 357, 'classifier__xgbclassifier_2__reg_alpha': np.float64(0.04669346384978734), 'classifier__xgbclassifier_2__reg_lambda': np.float64(0.012307131408323877), 'classifier__xgbclassifier_2__scale_pos_weight': np.float64(0.6497279815076673), 'classifier__xgbclassifier_2__subsample': np.float64(0.6995609931830427), 'feature_selection_filter__k': 'all'}",76.49700284004211,"[0, 1, 2, 3, 4, 5, 6, 7, 8, 9, 10, 11, 12, 13, 14, 15, 16, 17, 18, 19, 20, 21, 22, 23, 24, 25, 26, 27, 28, 29, 30]","['Amount_log1p', 'V1', 'V2', 'V3', 'V4', 'V5', 'V6', 'V7', 'V8', 'V9', 'V10', 'V11', 'V12', 'V13', 'V14', 'V15', 'V16', 'V17', 'V18', 'V19', 'V20', 'V21', 'V22', 'V23', 'V24', 'V25', 'V26', 'V27', 'V28', 'Time_sin', 'Time_cos']"
CostSensitiveLearning_with_RandomUnderSampler___RandomizedSearchCV__niter_30__cv_5,5,6,StackingClassifier,resubstitution,425,22017,118,0,0.9947695035460993,0.7826887661141805,1.0,0.878099173553719,0.9946690761237859,0.005330923876214144,0.997334538061893,0.9973309762179182,0.8823357138205717,0.8754671595436677,0.9997532786776332,0.9826652198381938,22560,0.863834698747689,0.023942701071639785,0.7800820865110322,0.021427884097290132,"{'classifier__extratreesclassifier_0__ccp_alpha': np.float64(0.009401994262506487), 'classifier__extratreesclassifier_0__max_depth': 3, 'classifier__extratreesclassifier_0__max_features': 'sqrt', 'classifier__extratreesclassifier_0__max_leaf_nodes': 15, 'classifier__extratreesclassifier_0__min_impurity_decrease': np.float64(0.07901317635363238), 'classifier__extratreesclassifier_0__min_samples_leaf': 6, 'classifier__extratreesclassifier_0__min_samples_split': 9, 'classifier__extratreesclassifier_0__n_estimators': 826, 'classifier__randomforestclassifier_1__ccp_alpha': np.float64(0.007685563785649838), 'classifier__randomforestclassifier_1__max_depth': 16, 'classifier__randomforestclassifier_1__max_features': 'sqrt', 'classifier__randomforestclassifier_1__max_leaf_nodes': 15, 'classifier__randomforestclassifier_1__max_samples': np.float64(0.6115540916233495), 'classifier__randomforestclassifier_1__min_impurity_decrease': np.float64(0.07783975737890465), 'classifier__randomforestclassifier_1__min_samples_leaf': 1, 'classifier__randomforestclassifier_1__min_samples_split': 5, 'classifier__randomforestclassifier_1__n_estimators': 842, 'classifier__xgbclassifier_2__colsample_bytree': np.float64(0.9716485093936716), 'classifier__xgbclassifier_2__gamma': np.float64(0.18481548525141167), 'classifier__xgbclassifier_2__learning_rate': np.float64(0.1386037886471916), 'classifier__xgbclassifier_2__max_delta_step': 8, 'classifier__xgbclassifier_2__max_depth': 5, 'classifier__xgbclassifier_2__min_child_weight': 3, 'classifier__xgbclassifier_2__n_estimators': 466, 'classifier__xgbclassifier_2__reg_alpha': np.float64(0.8707379230669595), 'classifier__xgbclassifier_2__reg_lambda': np.float64(0.024207552149637927), 'classifier__xgbclassifier_2__scale_pos_weight': np.float64(0.812084747052343), 'classifier__xgbclassifier_2__subsample': np.float64(0.6170713798977417), 'feature_selection_filter__k': 'all'}",80.25217270851135,"[0, 1, 2, 3, 4, 5, 6, 7, 8, 9, 10, 11, 12, 13, 14, 15, 16, 17, 18, 19, 20, 21, 22, 23, 24, 25, 26, 27, 28, 29, 30]","['Amount_log1p', 'V1', 'V2', 'V3', 'V4', 'V5', 'V6', 'V7', 'V8', 'V9', 'V10', 'V11', 'V12', 'V13', 'V14', 'V15', 'V16', 'V17', 'V18', 'V19', 'V20', 'V21', 'V22', 'V23', 'V24', 'V25', 'V26', 'V27', 'V28', 'Time_sin', 'Time_cos']"
CostSensitiveLearning_with_RandomUnderSampler___RandomizedSearchCV__niter_30__cv_5,5,7,StackingClassifier,resubstitution,423,22009,126,2,0.9943262411347518,0.7704918032786885,0.9952941176470588,0.8685831622176592,0.9943076575559069,0.0056923424440931125,0.9948008876014829,0.9948007653278219,0.8731495504583381,0.8657317061262978,0.9995312188575453,0.974313155488105,22560,0.8644093244073142,0.023737597762060077,0.791621937280416,0.030989684159442563,"{'classifier__extratreesclassifier_0__ccp_alpha': np.float64(0.001768276507373302), 'classifier__extratreesclassifier_0__max_depth': 12, 'classifier__extratreesclassifier_0__max_features': 'sqrt', 'classifier__extratreesclassifier_0__max_leaf_nodes': 5, 'classifier__extratreesclassifier_0__min_impurity_decrease': np.float64(0.08813262191769916), 'classifier__extratreesclassifier_0__min_samples_leaf': 9, 'classifier__extratreesclassifier_0__min_samples_split': 2, 'classifier__extratreesclassifier_0__n_estimators': 556, 'classifier__randomforestclassifier_1__ccp_alpha': np.float64(0.0005225417498482365), 'classifier__randomforestclassifier_1__max_depth': 3, 'classifier__randomforestclassifier_1__max_features': 'sqrt', 'classifier__randomforestclassifier_1__max_leaf_nodes': 6, 'classifier__randomforestclassifier_1__max_samples': np.float64(0.5538725817885524), 'classifier__randomforestclassifier_1__min_impurity_decrease': np.float64(0.06347747439091525), 'classifier__randomforestclassifier_1__min_samples_leaf': 5, 'classifier__randomforestclassifier_1__min_samples_split': 3, 'classifier__randomforestclassifier_1__n_estimators': 321, 'classifier__xgbclassifier_2__colsample_bytree': np.float64(0.8253358866202938), 'classifier__xgbclassifier_2__gamma': np.float64(1.0601556010934565), 'classifier__xgbclassifier_2__learning_rate': np.float64(0.05055403370080582), 'classifier__xgbclassifier_2__max_delta_step': 7, 'classifier__xgbclassifier_2__max_depth': 4, 'classifier__xgbclassifier_2__min_child_weight': 1, 'classifier__xgbclassifier_2__n_estimators': 684, 'classifier__xgbclassifier_2__reg_alpha': np.float64(0.4702742799932116), 'classifier__xgbclassifier_2__reg_lambda': np.float64(0.0004721864876561053), 'classifier__xgbclassifier_2__scale_pos_weight': np.float64(0.8786493995634997), 'classifier__xgbclassifier_2__subsample': np.float64(0.8168798219241609), 'feature_selection_filter__k': 20}",76.04520988464355,"[1, 2, 3, 4, 5, 6, 7, 8, 9, 10, 11, 12, 14, 16, 17, 18, 19, 20, 21, 27]","['V1', 'V2', 'V3', 'V4', 'V5', 'V6', 'V7', 'V8', 'V9', 'V10', 'V11', 'V12', 'V14', 'V16', 'V17', 'V18', 'V19', 'V20', 'V21', 'V27']"
CostSensitiveLearning_with_RandomUnderSampler___RandomizedSearchCV__niter_30__cv_5,5,8,StackingClassifier,resubstitution,421,21963,172,5,0.9921546030761048,0.7099494097807757,0.9882629107981221,0.8263002944062807,0.9922295007906031,0.007770499209396875,0.9902462057943626,0.9902442196908241,0.8341923310098348,0.8223971769255543,0.999340262643552,0.9665759249852975,22561,0.8257328487444772,0.026118494422198452,0.7668685538443356,0.018958779514093443,"{'classifier__extratreesclassifier_0__ccp_alpha': np.float64(0.0036237291506747518), 'classifier__extratreesclassifier_0__max_depth': 7, 'classifier__extratreesclassifier_0__max_features': 'log2', 'classifier__extratreesclassifier_0__max_leaf_nodes': 11, 'classifier__extratreesclassifier_0__min_impurity_decrease': np.float64(0.02362182622500132), 'classifier__extratreesclassifier_0__min_samples_leaf': 2, 'classifier__extratreesclassifier_0__min_samples_split': 5, 'classifier__extratreesclassifier_0__n_estimators': 207, 'classifier__randomforestclassifier_1__ccp_alpha': np.float64(0.009473522708513852), 'classifier__randomforestclassifier_1__max_depth': 7, 'classifier__randomforestclassifier_1__max_features': 'sqrt', 'classifier__randomforestclassifier_1__max_leaf_nodes': 3, 'classifier__randomforestclassifier_1__max_samples': np.float64(0.7361610985383916), 'classifier__randomforestclassifier_1__min_impurity_decrease': np.float64(0.09098034576501247), 'classifier__randomforestclassifier_1__min_samples_leaf': 8, 'classifier__randomforestclassifier_1__min_samples_split': 4, 'classifier__randomforestclassifier_1__n_estimators': 527, 'classifier__xgbclassifier_2__colsample_bytree': np.float64(0.8514717100574407), 'classifier__xgbclassifier_2__gamma': np.float64(0.23369068767159162), 'classifier__xgbclassifier_2__learning_rate': np.float64(0.13966718041791504), 'classifier__xgbclassifier_2__max_delta_step': 3, 'classifier__xgbclassifier_2__max_depth': 7, 'classifier__xgbclassifier_2__min_child_weight': 7, 'classifier__xgbclassifier_2__n_estimators': 446, 'classifier__xgbclassifier_2__reg_alpha': np.float64(0.022454461047920295), 'classifier__xgbclassifier_2__reg_lambda': np.float64(0.029650994642655082), 'classifier__xgbclassifier_2__scale_pos_weight': np.float64(0.8067007707892268), 'classifier__xgbclassifier_2__subsample': np.float64(0.8710538454312695), 'feature_selection_filter__k': 22}",71.55492353439331,"[1, 2, 3, 4, 5, 6, 7, 8, 9, 10, 11, 12, 14, 16, 17, 18, 19, 20, 21, 27, 28, 29]","['V1', 'V2', 'V3', 'V4', 'V5', 'V6', 'V7', 'V8', 'V9', 'V10', 'V11', 'V12', 'V14', 'V16', 'V17', 'V18', 'V19', 'V20', 'V21', 'V27', 'V28', 'Time_sin']"
CostSensitiveLearning_with_RandomUnderSampler___RandomizedSearchCV__niter_30__cv_5,5,9,StackingClassifier,resubstitution,413,21993,142,13,0.9931297371570409,0.7441441441441441,0.9694835680751174,0.8419979612640163,0.9935848204201491,0.006415179579850938,0.9815341942476332,0.9814602166599524,0.846222648601466,0.8385485321647366,0.998204148465827,0.9580370504901732,22561,0.8033787312388234,0.018282275847092137,0.7655916538463916,0.02466923245715042,"{'classifier__extratreesclassifier_0__ccp_alpha': np.float64(0.0033628657522722207), 'classifier__extratreesclassifier_0__max_depth': 11, 'classifier__extratreesclassifier_0__max_features': 'sqrt', 'classifier__extratreesclassifier_0__max_leaf_nodes': 17, 'classifier__extratreesclassifier_0__min_impurity_decrease': np.float64(0.03459081324915282), 'classifier__extratreesclassifier_0__min_samples_leaf': 2, 'classifier__extratreesclassifier_0__min_samples_split': 7, 'classifier__extratreesclassifier_0__n_estimators': 246, 'classifier__randomforestclassifier_1__ccp_alpha': np.float64(0.009116716873606386), 'classifier__randomforestclassifier_1__max_depth': 19, 'classifier__randomforestclassifier_1__max_features': 'sqrt', 'classifier__randomforestclassifier_1__max_leaf_nodes': 10, 'classifier__randomforestclassifier_1__max_samples': np.float64(0.5688914573783861), 'classifier__randomforestclassifier_1__min_impurity_decrease': np.float64(0.05487356967287366), 'classifier__randomforestclassifier_1__min_samples_leaf': 4, 'classifier__randomforestclassifier_1__min_samples_split': 8, 'classifier__randomforestclassifier_1__n_estimators': 495, 'classifier__xgbclassifier_2__colsample_bytree': np.float64(0.6093680543184264), 'classifier__xgbclassifier_2__gamma': np.float64(0.39483678200631644), 'classifier__xgbclassifier_2__learning_rate': np.float64(0.031231828509436826), 'classifier__xgbclassifier_2__max_delta_step': 9, 'classifier__xgbclassifier_2__max_depth': 8, 'classifier__xgbclassifier_2__min_child_weight': 8, 'classifier__xgbclassifier_2__n_estimators': 422, 'classifier__xgbclassifier_2__reg_alpha': np.float64(0.00010340704394607132), 'classifier__xgbclassifier_2__reg_lambda': np.float64(0.008835876810865615), 'classifier__xgbclassifier_2__scale_pos_weight': np.float64(1.0860047763727143), 'classifier__xgbclassifier_2__subsample': np.float64(0.8170520033027334), 'feature_selection_filter__k': 'all'}",68.80550050735474,"[0, 1, 2, 3, 4, 5, 6, 7, 8, 9, 10, 11, 12, 13, 14, 15, 16, 17, 18, 19, 20, 21, 22, 23, 24, 25, 26, 27, 28, 29, 30]","['Amount_log1p', 'V1', 'V2', 'V3', 'V4', 'V5', 'V6', 'V7', 'V8', 'V9', 'V10', 'V11', 'V12', 'V13', 'V14', 'V15', 'V16', 'V17', 'V18', 'V19', 'V20', 'V21', 'V22', 'V23', 'V24', 'V25', 'V26', 'V27', 'V28', 'Time_sin', 'Time_cos']"
CostSensitiveLearning_with_RandomUnderSampler___RandomizedSearchCV__niter_30__cv_5,5,10,StackingClassifier,resubstitution,425,22029,106,1,0.9952573024245379,0.800376647834275,0.9976525821596244,0.8881922675026124,0.9952112039756043,0.004788796024395747,0.9964318930676144,0.996431145358499,0.8914145613507792,0.885799323650038,0.9996563978403967,0.9745481441055698,22561,0.8600946148520375,0.040476535243622824,0.7860953375245275,0.025799292231895313,"{'classifier__extratreesclassifier_0__ccp_alpha': np.float64(0.005980700670008239), 'classifier__extratreesclassifier_0__max_depth': 7, 'classifier__extratreesclassifier_0__max_features': 'sqrt', 'classifier__extratreesclassifier_0__max_leaf_nodes': 13, 'classifier__extratreesclassifier_0__min_impurity_decrease': np.float64(0.05236565937563786), 'classifier__extratreesclassifier_0__min_samples_leaf': 9, 'classifier__extratreesclassifier_0__min_samples_split': 2, 'classifier__extratreesclassifier_0__n_estimators': 582, 'classifier__randomforestclassifier_1__ccp_alpha': np.float64(0.005684190796021656), 'classifier__randomforestclassifier_1__max_depth': 11, 'classifier__randomforestclassifier_1__max_features': 'log2', 'classifier__randomforestclassifier_1__max_leaf_nodes': 16, 'classifier__randomforestclassifier_1__max_samples': np.float64(0.5825068287230037), 'classifier__randomforestclassifier_1__min_impurity_decrease': np.float64(0.06049975527159909), 'classifier__randomforestclassifier_1__min_samples_leaf': 9, 'classifier__randomforestclassifier_1__min_samples_split': 6, 'classifier__randomforestclassifier_1__n_estimators': 105, 'classifier__xgbclassifier_2__colsample_bytree': np.float64(0.7616001307389767), 'classifier__xgbclassifier_2__gamma': np.float64(0.2630104248534415), 'classifier__xgbclassifier_2__learning_rate': np.float64(0.01872523773139911), 'classifier__xgbclassifier_2__max_delta_step': 6, 'classifier__xgbclassifier_2__max_depth': 5, 'classifier__xgbclassifier_2__min_child_weight': 1, 'classifier__xgbclassifier_2__n_estimators': 599, 'classifier__xgbclassifier_2__reg_alpha': np.float64(0.13467962951069268), 'classifier__xgbclassifier_2__reg_lambda': np.float64(0.001557252507527835), 'classifier__xgbclassifier_2__scale_pos_weight': np.float64(0.5258455056473729), 'classifier__xgbclassifier_2__subsample': np.float64(0.9516907322712453), 'feature_selection_filter__k': 24}",64.33816075325012,"[1, 2, 3, 4, 5, 6, 7, 8, 9, 10, 11, 12, 14, 16, 17, 18, 19, 20, 21, 23, 24, 27, 28, 29]","['V1', 'V2', 'V3', 'V4', 'V5', 'V6', 'V7', 'V8', 'V9', 'V10', 'V11', 'V12', 'V14', 'V16', 'V17', 'V18', 'V19', 'V20', 'V21', 'V23', 'V24', 'V27', 'V28', 'Time_sin']"
CostSensitiveLearning_with_RandomUnderSampler___RandomizedSearchCV__niter_30__cv_5,6,1,StackingClassifier,resubstitution,425,21988,146,1,0.9934840425531914,0.7443082311733801,0.9976525821596244,0.8525576730190572,0.9934038131381585,0.006596186861841491,0.9955281976488914,0.995525931005567,0.8588401259977984,0.8492981041204175,0.9991395770787491,0.9636773915296226,22560,0.8344213728486203,0.028834932795057965,0.7539134461580452,0.04068733012375152,"{'classifier__extratreesclassifier_0__ccp_alpha': np.float64(0.008858804994376258), 'classifier__extratreesclassifier_0__max_depth': 6, 'classifier__extratreesclassifier_0__max_features': 'sqrt', 'classifier__extratreesclassifier_0__max_leaf_nodes': 13, 'classifier__extratreesclassifier_0__min_impurity_decrease': np.float64(0.08242742305909817), 'classifier__extratreesclassifier_0__min_samples_leaf': 8, 'classifier__extratreesclassifier_0__min_samples_split': 4, 'classifier__extratreesclassifier_0__n_estimators': 690, 'classifier__randomforestclassifier_1__ccp_alpha': np.float64(0.00932757597317912), 'classifier__randomforestclassifier_1__max_depth': 3, 'classifier__randomforestclassifier_1__max_features': 'log2', 'classifier__randomforestclassifier_1__max_leaf_nodes': 2, 'classifier__randomforestclassifier_1__max_samples': np.float64(0.7870715542023698), 'classifier__randomforestclassifier_1__min_impurity_decrease': np.float64(0.08403491643961539), 'classifier__randomforestclassifier_1__min_samples_leaf': 3, 'classifier__randomforestclassifier_1__min_samples_split': 5, 'classifier__randomforestclassifier_1__n_estimators': 385, 'classifier__xgbclassifier_2__colsample_bytree': np.float64(0.8956003351433189), 'classifier__xgbclassifier_2__gamma': np.float64(1.245431948053846), 'classifier__xgbclassifier_2__learning_rate': np.float64(0.052866006878777294), 'classifier__xgbclassifier_2__max_delta_step': 1, 'classifier__xgbclassifier_2__max_depth': 7, 'classifier__xgbclassifier_2__min_child_weight': 2, 'classifier__xgbclassifier_2__n_estimators': 361, 'classifier__xgbclassifier_2__reg_alpha': np.float64(0.031068941167648873), 'classifier__xgbclassifier_2__reg_lambda': np.float64(0.00037380117955279716), 'classifier__xgbclassifier_2__scale_pos_weight': np.float64(1.2342898725304297), 'classifier__xgbclassifier_2__subsample': np.float64(0.9882715744983813), 'feature_selection_filter__k': 22}",70.3313102722168,"[1, 2, 3, 4, 5, 6, 7, 8, 9, 10, 11, 12, 14, 16, 17, 18, 19, 20, 21, 27, 28, 29]","['V1', 'V2', 'V3', 'V4', 'V5', 'V6', 'V7', 'V8', 'V9', 'V10', 'V11', 'V12', 'V14', 'V16', 'V17', 'V18', 'V19', 'V20', 'V21', 'V27', 'V28', 'Time_sin']"
CostSensitiveLearning_with_RandomUnderSampler___RandomizedSearchCV__niter_30__cv_5,6,2,StackingClassifier,resubstitution,414,21967,167,12,0.9920656028368794,0.7125645438898451,0.971830985915493,0.8222442899702085,0.9924550465347429,0.007544953465257076,0.9821430162251179,0.9820888790484625,0.8286069998176144,0.8182848077308335,0.9976897013538112,0.9538062478647653,22560,0.8212457071124086,0.014808253174469946,0.7524617920909602,0.02430867364637871,"{'classifier__extratreesclassifier_0__ccp_alpha': np.float64(0.008676731007305045), 'classifier__extratreesclassifier_0__max_depth': 3, 'classifier__extratreesclassifier_0__max_features': 'log2', 'classifier__extratreesclassifier_0__max_leaf_nodes': 11, 'classifier__extratreesclassifier_0__min_impurity_decrease': np.float64(0.08316281785731734), 'classifier__extratreesclassifier_0__min_samples_leaf': 4, 'classifier__extratreesclassifier_0__min_samples_split': 8, 'classifier__extratreesclassifier_0__n_estimators': 498, 'classifier__randomforestclassifier_1__ccp_alpha': np.float64(0.005257211039642047), 'classifier__randomforestclassifier_1__max_depth': 6, 'classifier__randomforestclassifier_1__max_features': 'sqrt', 'classifier__randomforestclassifier_1__max_leaf_nodes': 2, 'classifier__randomforestclassifier_1__max_samples': np.float64(0.7330793348928091), 'classifier__randomforestclassifier_1__min_impurity_decrease': np.float64(0.048360582137406904), 'classifier__randomforestclassifier_1__min_samples_leaf': 9, 'classifier__randomforestclassifier_1__min_samples_split': 8, 'classifier__randomforestclassifier_1__n_estimators': 455, 'classifier__xgbclassifier_2__colsample_bytree': np.float64(0.6697268767169656), 'classifier__xgbclassifier_2__gamma': np.float64(2.8757958391528753), 'classifier__xgbclassifier_2__learning_rate': np.float64(0.07976794364760931), 'classifier__xgbclassifier_2__max_delta_step': 7, 'classifier__xgbclassifier_2__max_depth': 9, 'classifier__xgbclassifier_2__min_child_weight': 3, 'classifier__xgbclassifier_2__n_estimators': 360, 'classifier__xgbclassifier_2__reg_alpha': np.float64(0.010543634627153554), 'classifier__xgbclassifier_2__reg_lambda': np.float64(0.0005569390025085802), 'classifier__xgbclassifier_2__scale_pos_weight': np.float64(1.006044198856243), 'classifier__xgbclassifier_2__subsample': np.float64(0.7834623019743332), 'feature_selection_filter__k': 26}",77.51459503173828,"[0, 1, 2, 3, 4, 5, 6, 7, 8, 9, 10, 11, 12, 14, 16, 17, 18, 19, 20, 21, 22, 23, 24, 27, 28, 29]","['Amount_log1p', 'V1', 'V2', 'V3', 'V4', 'V5', 'V6', 'V7', 'V8', 'V9', 'V10', 'V11', 'V12', 'V14', 'V16', 'V17', 'V18', 'V19', 'V20', 'V21', 'V22', 'V23', 'V24', 'V27', 'V28', 'Time_sin']"
CostSensitiveLearning_with_RandomUnderSampler___RandomizedSearchCV__niter_30__cv_5,6,3,StackingClassifier,resubstitution,422,21989,145,4,0.993395390070922,0.7442680776014109,0.9906103286384976,0.8499496475327291,0.9934489925002259,0.006551007499774109,0.9920296605693617,0.9920286452246392,0.8557014446440565,0.8466426108203131,0.999391245215336,0.9739145993673489,22560,0.8591923341389623,0.017916235367951127,0.7955344702589645,0.04490117834099776,"{'classifier__extratreesclassifier_0__ccp_alpha': np.float64(0.006814900039550323), 'classifier__extratreesclassifier_0__max_depth': 17, 'classifier__extratreesclassifier_0__max_features': 'log2', 'classifier__extratreesclassifier_0__max_leaf_nodes': 7, 'classifier__extratreesclassifier_0__min_impurity_decrease': np.float64(0.09489919126976015), 'classifier__extratreesclassifier_0__min_samples_leaf': 6, 'classifier__extratreesclassifier_0__min_samples_split': 4, 'classifier__extratreesclassifier_0__n_estimators': 786, 'classifier__randomforestclassifier_1__ccp_alpha': np.float64(0.0032818668757369817), 'classifier__randomforestclassifier_1__max_depth': 12, 'classifier__randomforestclassifier_1__max_features': 'sqrt', 'classifier__randomforestclassifier_1__max_leaf_nodes': 4, 'classifier__randomforestclassifier_1__max_samples': np.float64(0.7713009464745215), 'classifier__randomforestclassifier_1__min_impurity_decrease': np.float64(0.09225536869982214), 'classifier__randomforestclassifier_1__min_samples_leaf': 4, 'classifier__randomforestclassifier_1__min_samples_split': 5, 'classifier__randomforestclassifier_1__n_estimators': 447, 'classifier__xgbclassifier_2__colsample_bytree': np.float64(0.8516502019763588), 'classifier__xgbclassifier_2__gamma': np.float64(2.4281706435160566), 'classifier__xgbclassifier_2__learning_rate': np.float64(0.12195562592812448), 'classifier__xgbclassifier_2__max_delta_step': 3, 'classifier__xgbclassifier_2__max_depth': 6, 'classifier__xgbclassifier_2__min_child_weight': 2, 'classifier__xgbclassifier_2__n_estimators': 665, 'classifier__xgbclassifier_2__reg_alpha': np.float64(0.01541394496512701), 'classifier__xgbclassifier_2__reg_lambda': np.float64(0.00010117617729628216), 'classifier__xgbclassifier_2__scale_pos_weight': np.float64(0.9535666717615837), 'classifier__xgbclassifier_2__subsample': np.float64(0.7042973707255858), 'feature_selection_filter__k': 28}",72.35619688034058,"[0, 1, 2, 3, 4, 5, 6, 7, 8, 9, 10, 11, 12, 14, 16, 17, 18, 19, 20, 21, 22, 23, 24, 26, 27, 28, 29, 30]","['Amount_log1p', 'V1', 'V2', 'V3', 'V4', 'V5', 'V6', 'V7', 'V8', 'V9', 'V10', 'V11', 'V12', 'V14', 'V16', 'V17', 'V18', 'V19', 'V20', 'V21', 'V22', 'V23', 'V24', 'V26', 'V27', 'V28', 'Time_sin', 'Time_cos']"
CostSensitiveLearning_with_RandomUnderSampler___RandomizedSearchCV__niter_30__cv_5,6,4,StackingClassifier,resubstitution,425,21961,173,1,0.9922872340425531,0.7107023411371237,0.9976525821596244,0.830078125,0.9921839703623385,0.007816029637661481,0.9949182762609814,0.9949145189459119,0.8387097738794886,0.82624602823024,0.9994774678006899,0.9750704542173342,22560,0.8717728853784227,0.015302291034710832,0.7975206585273288,0.03687449873188276,"{'classifier__extratreesclassifier_0__ccp_alpha': np.float64(0.006317375023959665), 'classifier__extratreesclassifier_0__max_depth': 3, 'classifier__extratreesclassifier_0__max_features': 'log2', 'classifier__extratreesclassifier_0__max_leaf_nodes': 5, 'classifier__extratreesclassifier_0__min_impurity_decrease': np.float64(0.0824036936215816), 'classifier__extratreesclassifier_0__min_samples_leaf': 4, 'classifier__extratreesclassifier_0__min_samples_split': 5, 'classifier__extratreesclassifier_0__n_estimators': 641, 'classifier__randomforestclassifier_1__ccp_alpha': np.float64(0.004536056012193026), 'classifier__randomforestclassifier_1__max_depth': 19, 'classifier__randomforestclassifier_1__max_features': 'log2', 'classifier__randomforestclassifier_1__max_leaf_nodes': 9, 'classifier__randomforestclassifier_1__max_samples': np.float64(0.6682206185607973), 'classifier__randomforestclassifier_1__min_impurity_decrease': np.float64(0.08150370206215168), 'classifier__randomforestclassifier_1__min_samples_leaf': 8, 'classifier__randomforestclassifier_1__min_samples_split': 3, 'classifier__randomforestclassifier_1__n_estimators': 216, 'classifier__xgbclassifier_2__colsample_bytree': np.float64(0.9679222700999587), 'classifier__xgbclassifier_2__gamma': np.float64(1.3957317772092797), 'classifier__xgbclassifier_2__learning_rate': np.float64(0.020392689940100704), 'classifier__xgbclassifier_2__max_delta_step': 4, 'classifier__xgbclassifier_2__max_depth': 6, 'classifier__xgbclassifier_2__min_child_weight': 3, 'classifier__xgbclassifier_2__n_estimators': 633, 'classifier__xgbclassifier_2__reg_alpha': np.float64(0.001090560840988272), 'classifier__xgbclassifier_2__reg_lambda': np.float64(0.006525088419863464), 'classifier__xgbclassifier_2__scale_pos_weight': np.float64(1.5595953929556667), 'classifier__xgbclassifier_2__subsample': np.float64(0.9686798843942985), 'feature_selection_filter__k': 22}",64.5303680896759,"[1, 2, 3, 4, 5, 6, 7, 8, 9, 10, 11, 12, 14, 16, 17, 18, 19, 20, 21, 27, 28, 29]","['V1', 'V2', 'V3', 'V4', 'V5', 'V6', 'V7', 'V8', 'V9', 'V10', 'V11', 'V12', 'V14', 'V16', 'V17', 'V18', 'V19', 'V20', 'V21', 'V27', 'V28', 'Time_sin']"
CostSensitiveLearning_with_RandomUnderSampler___RandomizedSearchCV__niter_30__cv_5,6,5,StackingClassifier,resubstitution,425,21979,156,0,0.9930851063829788,0.7314974182444062,1.0,0.8449304174950298,0.992952337926361,0.007047662073639049,0.9964761689631805,0.9964699382953612,0.8522570455167151,0.8414810524149032,0.9997297864707211,0.9807038098237894,22560,0.8868228791623028,0.020568396742761594,0.7984686742943268,0.04204071496881286,"{'classifier__extratreesclassifier_0__ccp_alpha': np.float64(0.007657174792005053), 'classifier__extratreesclassifier_0__max_depth': 14, 'classifier__extratreesclassifier_0__max_features': 'log2', 'classifier__extratreesclassifier_0__max_leaf_nodes': 3, 'classifier__extratreesclassifier_0__min_impurity_decrease': np.float64(0.027376658763693308), 'classifier__extratreesclassifier_0__min_samples_leaf': 1, 'classifier__extratreesclassifier_0__min_samples_split': 3, 'classifier__extratreesclassifier_0__n_estimators': 755, 'classifier__randomforestclassifier_1__ccp_alpha': np.float64(0.001864262492851173), 'classifier__randomforestclassifier_1__max_depth': 10, 'classifier__randomforestclassifier_1__max_features': 'sqrt', 'classifier__randomforestclassifier_1__max_leaf_nodes': 2, 'classifier__randomforestclassifier_1__max_samples': np.float64(0.8199163909727905), 'classifier__randomforestclassifier_1__min_impurity_decrease': np.float64(0.09921394481043343), 'classifier__randomforestclassifier_1__min_samples_leaf': 9, 'classifier__randomforestclassifier_1__min_samples_split': 7, 'classifier__randomforestclassifier_1__n_estimators': 374, 'classifier__xgbclassifier_2__colsample_bytree': np.float64(0.7726114423493802), 'classifier__xgbclassifier_2__gamma': np.float64(0.2902699937588127), 'classifier__xgbclassifier_2__learning_rate': np.float64(0.02757394834486008), 'classifier__xgbclassifier_2__max_delta_step': 6, 'classifier__xgbclassifier_2__max_depth': 9, 'classifier__xgbclassifier_2__min_child_weight': 1, 'classifier__xgbclassifier_2__n_estimators': 556, 'classifier__xgbclassifier_2__reg_alpha': np.float64(0.004465059665168056), 'classifier__xgbclassifier_2__reg_lambda': np.float64(0.12372384188769917), 'classifier__xgbclassifier_2__scale_pos_weight': np.float64(3.14649825848425), 'classifier__xgbclassifier_2__subsample': np.float64(0.7453099114176915), 'feature_selection_filter__k': 20}",70.45176482200623,"[1, 2, 3, 4, 5, 6, 7, 8, 9, 10, 11, 12, 14, 16, 17, 18, 19, 20, 21, 27]","['V1', 'V2', 'V3', 'V4', 'V5', 'V6', 'V7', 'V8', 'V9', 'V10', 'V11', 'V12', 'V14', 'V16', 'V17', 'V18', 'V19', 'V20', 'V21', 'V27']"
CostSensitiveLearning_with_RandomUnderSampler___RandomizedSearchCV__niter_30__cv_5,6,6,StackingClassifier,resubstitution,425,22002,133,0,0.994104609929078,0.7616487455197133,1.0,0.8646998982706002,0.9939914163090129,0.006008583690987113,0.9969957081545064,0.9969911816606067,0.8700990261396243,0.8617429216788359,0.9997349951500817,0.9723494918886453,22560,0.8845645404743394,0.016194423275415402,0.8063534204972459,0.019431226871967692,"{'classifier__extratreesclassifier_0__ccp_alpha': np.float64(0.00806887746132374), 'classifier__extratreesclassifier_0__max_depth': 19, 'classifier__extratreesclassifier_0__max_features': 'log2', 'classifier__extratreesclassifier_0__max_leaf_nodes': 19, 'classifier__extratreesclassifier_0__min_impurity_decrease': np.float64(0.06973867909660422), 'classifier__extratreesclassifier_0__min_samples_leaf': 3, 'classifier__extratreesclassifier_0__min_samples_split': 2, 'classifier__extratreesclassifier_0__n_estimators': 409, 'classifier__randomforestclassifier_1__ccp_alpha': np.float64(0.005947687304827446), 'classifier__randomforestclassifier_1__max_depth': 15, 'classifier__randomforestclassifier_1__max_features': 'sqrt', 'classifier__randomforestclassifier_1__max_leaf_nodes': 14, 'classifier__randomforestclassifier_1__max_samples': np.float64(0.8981441673641024), 'classifier__randomforestclassifier_1__min_impurity_decrease': np.float64(0.057005235419558355), 'classifier__randomforestclassifier_1__min_samples_leaf': 8, 'classifier__randomforestclassifier_1__min_samples_split': 5, 'classifier__randomforestclassifier_1__n_estimators': 951, 'classifier__xgbclassifier_2__colsample_bytree': np.float64(0.626876439542575), 'classifier__xgbclassifier_2__gamma': np.float64(0.2059390263855121), 'classifier__xgbclassifier_2__learning_rate': np.float64(0.06547007640771568), 'classifier__xgbclassifier_2__max_delta_step': 9, 'classifier__xgbclassifier_2__max_depth': 8, 'classifier__xgbclassifier_2__min_child_weight': 2, 'classifier__xgbclassifier_2__n_estimators': 338, 'classifier__xgbclassifier_2__reg_alpha': np.float64(0.02731182670054646), 'classifier__xgbclassifier_2__reg_lambda': np.float64(0.05417522375502403), 'classifier__xgbclassifier_2__scale_pos_weight': np.float64(0.8639438609340941), 'classifier__xgbclassifier_2__subsample': np.float64(0.82243130874663), 'feature_selection_filter__k': 24}",84.92895674705505,"[0, 1, 2, 3, 4, 5, 6, 7, 8, 9, 10, 11, 12, 14, 16, 17, 18, 19, 20, 21, 23, 27, 28, 29]","['Amount_log1p', 'V1', 'V2', 'V3', 'V4', 'V5', 'V6', 'V7', 'V8', 'V9', 'V10', 'V11', 'V12', 'V14', 'V16', 'V17', 'V18', 'V19', 'V20', 'V21', 'V23', 'V27', 'V28', 'Time_sin']"
CostSensitiveLearning_with_RandomUnderSampler___RandomizedSearchCV__niter_30__cv_5,6,7,StackingClassifier,resubstitution,425,21977,158,0,0.9929964539007092,0.7289879931389366,1.0,0.8432539682539683,0.9928619832843912,0.007138016715608764,0.9964309916421956,0.9964245998992555,0.8507552319312721,0.8397621390582034,0.9997535975763696,0.9787890233300715,22560,0.8153083121854667,0.027416199593544414,0.740674865434036,0.0226910899506337,"{'classifier__extratreesclassifier_0__ccp_alpha': np.float64(0.005231699126346916), 'classifier__extratreesclassifier_0__max_depth': 6, 'classifier__extratreesclassifier_0__max_features': 'sqrt', 'classifier__extratreesclassifier_0__max_leaf_nodes': 4, 'classifier__extratreesclassifier_0__min_impurity_decrease': np.float64(0.08869140235662516), 'classifier__extratreesclassifier_0__min_samples_leaf': 4, 'classifier__extratreesclassifier_0__min_samples_split': 5, 'classifier__extratreesclassifier_0__n_estimators': 299, 'classifier__randomforestclassifier_1__ccp_alpha': np.float64(0.0017084831608236916), 'classifier__randomforestclassifier_1__max_depth': 10, 'classifier__randomforestclassifier_1__max_features': 'log2', 'classifier__randomforestclassifier_1__max_leaf_nodes': 5, 'classifier__randomforestclassifier_1__max_samples': np.float64(0.81733317852897), 'classifier__randomforestclassifier_1__min_impurity_decrease': np.float64(0.0847255223813248), 'classifier__randomforestclassifier_1__min_samples_leaf': 2, 'classifier__randomforestclassifier_1__min_samples_split': 5, 'classifier__randomforestclassifier_1__n_estimators': 721, 'classifier__xgbclassifier_2__colsample_bytree': np.float64(0.6668330219625346), 'classifier__xgbclassifier_2__gamma': np.float64(2.346287484306737), 'classifier__xgbclassifier_2__learning_rate': np.float64(0.04754489180014861), 'classifier__xgbclassifier_2__max_delta_step': 0, 'classifier__xgbclassifier_2__max_depth': 6, 'classifier__xgbclassifier_2__min_child_weight': 2, 'classifier__xgbclassifier_2__n_estimators': 771, 'classifier__xgbclassifier_2__reg_alpha': np.float64(0.036421994909496214), 'classifier__xgbclassifier_2__reg_lambda': np.float64(0.0013645399245631133), 'classifier__xgbclassifier_2__scale_pos_weight': np.float64(3.0021947888135694), 'classifier__xgbclassifier_2__subsample': np.float64(0.707667289490976), 'feature_selection_filter__k': 28}",65.76182222366333,"[0, 1, 2, 3, 4, 5, 6, 7, 8, 9, 10, 11, 12, 14, 16, 17, 18, 19, 20, 21, 22, 23, 24, 26, 27, 28, 29, 30]","['Amount_log1p', 'V1', 'V2', 'V3', 'V4', 'V5', 'V6', 'V7', 'V8', 'V9', 'V10', 'V11', 'V12', 'V14', 'V16', 'V17', 'V18', 'V19', 'V20', 'V21', 'V22', 'V23', 'V24', 'V26', 'V27', 'V28', 'Time_sin', 'Time_cos']"
CostSensitiveLearning_with_RandomUnderSampler___RandomizedSearchCV__niter_30__cv_5,6,8,StackingClassifier,resubstitution,426,21975,160,0,0.9929081157750099,0.726962457337884,1.0,0.841897233201581,0.9927716286424215,0.007228371357578478,0.9963858143212108,0.9963792594401097,0.8495338149439539,0.8383626344791393,0.9997546001860117,0.9760644185676768,22561,0.8308218521058295,0.01310049411893764,0.7513692086199468,0.021074553359832607,"{'classifier__extratreesclassifier_0__ccp_alpha': np.float64(0.00904542766875868), 'classifier__extratreesclassifier_0__max_depth': 17, 'classifier__extratreesclassifier_0__max_features': 'sqrt', 'classifier__extratreesclassifier_0__max_leaf_nodes': 5, 'classifier__extratreesclassifier_0__min_impurity_decrease': np.float64(0.06937578994828002), 'classifier__extratreesclassifier_0__min_samples_leaf': 9, 'classifier__extratreesclassifier_0__min_samples_split': 5, 'classifier__extratreesclassifier_0__n_estimators': 420, 'classifier__randomforestclassifier_1__ccp_alpha': np.float64(0.0003266133482097422), 'classifier__randomforestclassifier_1__max_depth': 3, 'classifier__randomforestclassifier_1__max_features': 'sqrt', 'classifier__randomforestclassifier_1__max_leaf_nodes': 6, 'classifier__randomforestclassifier_1__max_samples': np.float64(0.5468367055542853), 'classifier__randomforestclassifier_1__min_impurity_decrease': np.float64(0.04263153129847165), 'classifier__randomforestclassifier_1__min_samples_leaf': 8, 'classifier__randomforestclassifier_1__min_samples_split': 3, 'classifier__randomforestclassifier_1__n_estimators': 982, 'classifier__xgbclassifier_2__colsample_bytree': np.float64(0.6941066157711491), 'classifier__xgbclassifier_2__gamma': np.float64(0.5277000452469099), 'classifier__xgbclassifier_2__learning_rate': np.float64(0.06290372270109082), 'classifier__xgbclassifier_2__max_delta_step': 1, 'classifier__xgbclassifier_2__max_depth': 7, 'classifier__xgbclassifier_2__min_child_weight': 3, 'classifier__xgbclassifier_2__n_estimators': 238, 'classifier__xgbclassifier_2__reg_alpha': np.float64(0.06586098779358497), 'classifier__xgbclassifier_2__reg_lambda': np.float64(0.0028942601704367013), 'classifier__xgbclassifier_2__scale_pos_weight': np.float64(4.274002962412701), 'classifier__xgbclassifier_2__subsample': np.float64(0.9243237623538952), 'feature_selection_filter__k': 24}",75.69085431098938,"[1, 2, 3, 4, 5, 6, 7, 8, 9, 10, 11, 12, 14, 16, 17, 18, 19, 20, 21, 23, 24, 27, 28, 29]","['V1', 'V2', 'V3', 'V4', 'V5', 'V6', 'V7', 'V8', 'V9', 'V10', 'V11', 'V12', 'V14', 'V16', 'V17', 'V18', 'V19', 'V20', 'V21', 'V23', 'V24', 'V27', 'V28', 'Time_sin']"
CostSensitiveLearning_with_RandomUnderSampler___RandomizedSearchCV__niter_30__cv_5,6,9,StackingClassifier,resubstitution,426,21976,159,0,0.9929524400514161,0.7282051282051282,1.0,0.8427299703264095,0.9928168059634064,0.007183194036593621,0.9964084029817032,0.9964019299275801,0.8502789480345778,0.839216573211722,0.999722891221283,0.9766426577100427,22561,0.8632710080352475,0.015566497180300804,0.7915134199917171,0.035419192980118044,"{'classifier__extratreesclassifier_0__ccp_alpha': np.float64(0.003607484191665321), 'classifier__extratreesclassifier_0__max_depth': 3, 'classifier__extratreesclassifier_0__max_features': 'log2', 'classifier__extratreesclassifier_0__max_leaf_nodes': 10, 'classifier__extratreesclassifier_0__min_impurity_decrease': np.float64(0.07795983986107496), 'classifier__extratreesclassifier_0__min_samples_leaf': 3, 'classifier__extratreesclassifier_0__min_samples_split': 2, 'classifier__extratreesclassifier_0__n_estimators': 489, 'classifier__randomforestclassifier_1__ccp_alpha': np.float64(0.007301534242759266), 'classifier__randomforestclassifier_1__max_depth': 5, 'classifier__randomforestclassifier_1__max_features': 'log2', 'classifier__randomforestclassifier_1__max_leaf_nodes': 16, 'classifier__randomforestclassifier_1__max_samples': np.float64(0.5122164427709812), 'classifier__randomforestclassifier_1__min_impurity_decrease': np.float64(0.08596048874892304), 'classifier__randomforestclassifier_1__min_samples_leaf': 4, 'classifier__randomforestclassifier_1__min_samples_split': 3, 'classifier__randomforestclassifier_1__n_estimators': 248, 'classifier__xgbclassifier_2__colsample_bytree': np.float64(0.9269621049187915), 'classifier__xgbclassifier_2__gamma': np.float64(0.44503148360166), 'classifier__xgbclassifier_2__learning_rate': np.float64(0.0817817829611921), 'classifier__xgbclassifier_2__max_delta_step': 2, 'classifier__xgbclassifier_2__max_depth': 9, 'classifier__xgbclassifier_2__min_child_weight': 3, 'classifier__xgbclassifier_2__n_estimators': 775, 'classifier__xgbclassifier_2__reg_alpha': np.float64(0.05583111589103364), 'classifier__xgbclassifier_2__reg_lambda': np.float64(0.002286410710589367), 'classifier__xgbclassifier_2__scale_pos_weight': np.float64(4.1703571200007445), 'classifier__xgbclassifier_2__subsample': np.float64(0.878464625929354), 'feature_selection_filter__k': 20}",69.67561960220337,"[1, 2, 3, 4, 5, 6, 7, 8, 9, 10, 11, 12, 14, 16, 17, 18, 19, 20, 21, 27]","['V1', 'V2', 'V3', 'V4', 'V5', 'V6', 'V7', 'V8', 'V9', 'V10', 'V11', 'V12', 'V14', 'V16', 'V17', 'V18', 'V19', 'V20', 'V21', 'V27']"
CostSensitiveLearning_with_RandomUnderSampler___RandomizedSearchCV__niter_30__cv_5,6,10,StackingClassifier,resubstitution,421,21988,147,5,0.9932627099862594,0.7411971830985915,0.9882629107981221,0.8470824949698189,0.9933589338152248,0.006641066184775224,0.9908109223066734,0.9908076460138735,0.8528494469799673,0.8437098168063384,0.9992761023637495,0.9691814811016701,22561,0.8576002777571496,0.01294702980526047,0.7760082738481506,0.021641564849369094,"{'classifier__extratreesclassifier_0__ccp_alpha': np.float64(0.009943179011540971), 'classifier__extratreesclassifier_0__max_depth': 6, 'classifier__extratreesclassifier_0__max_features': 'sqrt', 'classifier__extratreesclassifier_0__max_leaf_nodes': 9, 'classifier__extratreesclassifier_0__min_impurity_decrease': np.float64(0.04920160512772334), 'classifier__extratreesclassifier_0__min_samples_leaf': 9, 'classifier__extratreesclassifier_0__min_samples_split': 9, 'classifier__extratreesclassifier_0__n_estimators': 394, 'classifier__randomforestclassifier_1__ccp_alpha': np.float64(0.008079201509879171), 'classifier__randomforestclassifier_1__max_depth': 10, 'classifier__randomforestclassifier_1__max_features': 'log2', 'classifier__randomforestclassifier_1__max_leaf_nodes': 17, 'classifier__randomforestclassifier_1__max_samples': np.float64(0.6374526311570239), 'classifier__randomforestclassifier_1__min_impurity_decrease': np.float64(0.08650998163183281), 'classifier__randomforestclassifier_1__min_samples_leaf': 2, 'classifier__randomforestclassifier_1__min_samples_split': 2, 'classifier__randomforestclassifier_1__n_estimators': 303, 'classifier__xgbclassifier_2__colsample_bytree': np.float64(0.9689877490268894), 'classifier__xgbclassifier_2__gamma': np.float64(0.4857323988250778), 'classifier__xgbclassifier_2__learning_rate': np.float64(0.013608419029651988), 'classifier__xgbclassifier_2__max_delta_step': 3, 'classifier__xgbclassifier_2__max_depth': 5, 'classifier__xgbclassifier_2__min_child_weight': 4, 'classifier__xgbclassifier_2__n_estimators': 742, 'classifier__xgbclassifier_2__reg_alpha': np.float64(0.002387056642368037), 'classifier__xgbclassifier_2__reg_lambda': np.float64(0.2303868295481995), 'classifier__xgbclassifier_2__scale_pos_weight': np.float64(1.0655559349821817), 'classifier__xgbclassifier_2__subsample': np.float64(0.8805484546436345), 'feature_selection_filter__k': 24}",68.0838053226471,"[0, 1, 2, 3, 4, 5, 6, 7, 8, 9, 10, 11, 12, 14, 16, 17, 18, 19, 20, 21, 23, 27, 28, 29]","['Amount_log1p', 'V1', 'V2', 'V3', 'V4', 'V5', 'V6', 'V7', 'V8', 'V9', 'V10', 'V11', 'V12', 'V14', 'V16', 'V17', 'V18', 'V19', 'V20', 'V21', 'V23', 'V27', 'V28', 'Time_sin']"
CostSensitiveLearning_with_RandomUnderSampler___RandomizedSearchCV__niter_30__cv_5,7,1,StackingClassifier,resubstitution,425,21963,171,1,0.9923758865248227,0.7130872483221476,0.9976525821596244,0.8317025440313112,0.9922743290864733,0.0077256709135267165,0.9949634556230489,0.9949598216128273,0.8401542636630056,0.8279124916712967,0.9995161778174847,0.9658549517421725,22560,0.8387349079401076,0.02134030052401947,0.7548286994584845,0.031257933590372294,"{'classifier__extratreesclassifier_0__ccp_alpha': np.float64(0.004084514460084617), 'classifier__extratreesclassifier_0__max_depth': 16, 'classifier__extratreesclassifier_0__max_features': 'log2', 'classifier__extratreesclassifier_0__max_leaf_nodes': 17, 'classifier__extratreesclassifier_0__min_impurity_decrease': np.float64(0.07101065205045368), 'classifier__extratreesclassifier_0__min_samples_leaf': 3, 'classifier__extratreesclassifier_0__min_samples_split': 7, 'classifier__extratreesclassifier_0__n_estimators': 484, 'classifier__randomforestclassifier_1__ccp_alpha': np.float64(0.0012769514189498376), 'classifier__randomforestclassifier_1__max_depth': 6, 'classifier__randomforestclassifier_1__max_features': 'log2', 'classifier__randomforestclassifier_1__max_leaf_nodes': 2, 'classifier__randomforestclassifier_1__max_samples': np.float64(0.572230042828094), 'classifier__randomforestclassifier_1__min_impurity_decrease': np.float64(0.009837136729198382), 'classifier__randomforestclassifier_1__min_samples_leaf': 2, 'classifier__randomforestclassifier_1__min_samples_split': 2, 'classifier__randomforestclassifier_1__n_estimators': 407, 'classifier__xgbclassifier_2__colsample_bytree': np.float64(0.7302722703353799), 'classifier__xgbclassifier_2__gamma': np.float64(1.032842140111887), 'classifier__xgbclassifier_2__learning_rate': np.float64(0.18542603766308882), 'classifier__xgbclassifier_2__max_delta_step': 2, 'classifier__xgbclassifier_2__max_depth': 6, 'classifier__xgbclassifier_2__min_child_weight': 4, 'classifier__xgbclassifier_2__n_estimators': 680, 'classifier__xgbclassifier_2__reg_alpha': np.float64(0.0001886105276519614), 'classifier__xgbclassifier_2__reg_lambda': np.float64(0.23095807263121915), 'classifier__xgbclassifier_2__scale_pos_weight': np.float64(1.3898602876014714), 'classifier__xgbclassifier_2__subsample': np.float64(0.9914190025814615), 'feature_selection_filter__k': 22}",64.75609016418457,"[1, 2, 3, 4, 5, 6, 7, 8, 9, 10, 11, 12, 14, 16, 17, 18, 19, 20, 21, 27, 28, 29]","['V1', 'V2', 'V3', 'V4', 'V5', 'V6', 'V7', 'V8', 'V9', 'V10', 'V11', 'V12', 'V14', 'V16', 'V17', 'V18', 'V19', 'V20', 'V21', 'V27', 'V28', 'Time_sin']"
CostSensitiveLearning_with_RandomUnderSampler___RandomizedSearchCV__niter_30__cv_5,7,2,StackingClassifier,resubstitution,424,21964,170,2,0.9923758865248227,0.7138047138047138,0.9953051643192489,0.8313725490196079,0.9923195084485407,0.007680491551459334,0.9938123363838948,0.993811215177999,0.839572048044934,0.8275805070421334,0.9995122537883852,0.9694385204200137,22560,0.8380149195238978,0.016902526491757344,0.7654263968939397,0.021113049223477655,"{'classifier__extratreesclassifier_0__ccp_alpha': np.float64(0.006132579762933901), 'classifier__extratreesclassifier_0__max_depth': 16, 'classifier__extratreesclassifier_0__max_features': 'log2', 'classifier__extratreesclassifier_0__max_leaf_nodes': 18, 'classifier__extratreesclassifier_0__min_impurity_decrease': np.float64(0.08666243435878243), 'classifier__extratreesclassifier_0__min_samples_leaf': 4, 'classifier__extratreesclassifier_0__min_samples_split': 2, 'classifier__extratreesclassifier_0__n_estimators': 742, 'classifier__randomforestclassifier_1__ccp_alpha': np.float64(0.004191696880485569), 'classifier__randomforestclassifier_1__max_depth': 5, 'classifier__randomforestclassifier_1__max_features': 'log2', 'classifier__randomforestclassifier_1__max_leaf_nodes': 4, 'classifier__randomforestclassifier_1__max_samples': np.float64(0.7215912243670456), 'classifier__randomforestclassifier_1__min_impurity_decrease': np.float64(0.07558442217574061), 'classifier__randomforestclassifier_1__min_samples_leaf': 1, 'classifier__randomforestclassifier_1__min_samples_split': 7, 'classifier__randomforestclassifier_1__n_estimators': 834, 'classifier__xgbclassifier_2__colsample_bytree': np.float64(0.9486962931067245), 'classifier__xgbclassifier_2__gamma': np.float64(1.902670386161864), 'classifier__xgbclassifier_2__learning_rate': np.float64(0.015224114857819373), 'classifier__xgbclassifier_2__max_delta_step': 5, 'classifier__xgbclassifier_2__max_depth': 8, 'classifier__xgbclassifier_2__min_child_weight': 5, 'classifier__xgbclassifier_2__n_estimators': 718, 'classifier__xgbclassifier_2__reg_alpha': np.float64(0.00043453164272136765), 'classifier__xgbclassifier_2__reg_lambda': np.float64(0.04049411820942485), 'classifier__xgbclassifier_2__scale_pos_weight': np.float64(1.4640351886608576), 'classifier__xgbclassifier_2__subsample': np.float64(0.7570838477726971), 'feature_selection_filter__k': 28}",71.640056848526,"[0, 1, 2, 3, 4, 5, 6, 7, 8, 9, 10, 11, 12, 13, 14, 15, 16, 17, 18, 19, 20, 21, 23, 24, 25, 27, 28, 29]","['Amount_log1p', 'V1', 'V2', 'V3', 'V4', 'V5', 'V6', 'V7', 'V8', 'V9', 'V10', 'V11', 'V12', 'V13', 'V14', 'V15', 'V16', 'V17', 'V18', 'V19', 'V20', 'V21', 'V23', 'V24', 'V25', 'V27', 'V28', 'Time_sin']"
CostSensitiveLearning_with_RandomUnderSampler___RandomizedSearchCV__niter_30__cv_5,7,3,StackingClassifier,resubstitution,426,22003,131,0,0.9941932624113475,0.7648114901256733,1.0,0.866734486266531,0.9940815035691696,0.005918496430830422,0.9970407517845847,0.9970363602041651,0.8719432068954414,0.8638203189064044,0.9997471652601674,0.9821490089037669,22560,0.8724351388864873,0.011913935039193945,0.7835312756970758,0.038059476009358634,"{'classifier__extratreesclassifier_0__ccp_alpha': np.float64(0.008744979914583804), 'classifier__extratreesclassifier_0__max_depth': 7, 'classifier__extratreesclassifier_0__max_features': 'log2', 'classifier__extratreesclassifier_0__max_leaf_nodes': 18, 'classifier__extratreesclassifier_0__min_impurity_decrease': np.float64(0.03627181183800367), 'classifier__extratreesclassifier_0__min_samples_leaf': 6, 'classifier__extratreesclassifier_0__min_samples_split': 7, 'classifier__extratreesclassifier_0__n_estimators': 840, 'classifier__randomforestclassifier_1__ccp_alpha': np.float64(0.00740222445019749), 'classifier__randomforestclassifier_1__max_depth': 7, 'classifier__randomforestclassifier_1__max_features': 'log2', 'classifier__randomforestclassifier_1__max_leaf_nodes': 6, 'classifier__randomforestclassifier_1__max_samples': np.float64(0.8697687805158189), 'classifier__randomforestclassifier_1__min_impurity_decrease': np.float64(0.09092121227809363), 'classifier__randomforestclassifier_1__min_samples_leaf': 7, 'classifier__randomforestclassifier_1__min_samples_split': 6, 'classifier__randomforestclassifier_1__n_estimators': 886, 'classifier__xgbclassifier_2__colsample_bytree': np.float64(0.6955818253032044), 'classifier__xgbclassifier_2__gamma': np.float64(0.8938358173191235), 'classifier__xgbclassifier_2__learning_rate': np.float64(0.1736138127706555), 'classifier__xgbclassifier_2__max_delta_step': 0, 'classifier__xgbclassifier_2__max_depth': 5, 'classifier__xgbclassifier_2__min_child_weight': 2, 'classifier__xgbclassifier_2__n_estimators': 553, 'classifier__xgbclassifier_2__reg_alpha': np.float64(0.00041911722283661254), 'classifier__xgbclassifier_2__reg_lambda': np.float64(0.002976739320019099), 'classifier__xgbclassifier_2__scale_pos_weight': np.float64(3.350572488790296), 'classifier__xgbclassifier_2__subsample': np.float64(0.9223693119326954), 'feature_selection_filter__k': 24}",66.35620045661926,"[1, 2, 3, 4, 5, 6, 7, 8, 9, 10, 11, 12, 14, 16, 17, 18, 19, 20, 21, 22, 24, 27, 28, 29]","['V1', 'V2', 'V3', 'V4', 'V5', 'V6', 'V7', 'V8', 'V9', 'V10', 'V11', 'V12', 'V14', 'V16', 'V17', 'V18', 'V19', 'V20', 'V21', 'V22', 'V24', 'V27', 'V28', 'Time_sin']"
CostSensitiveLearning_with_RandomUnderSampler___RandomizedSearchCV__niter_30__cv_5,7,4,StackingClassifier,resubstitution,419,22011,123,7,0.9942375886524822,0.7730627306273062,0.9835680751173709,0.8657024793388429,0.9944429384657089,0.005557061534291141,0.9890055067915399,0.9889905595104431,0.8693405166099418,0.8628013010298884,0.9991558034693507,0.9700022324087639,22560,0.8355858405557584,0.03135250144570644,0.7648537153159579,0.038123777755556205,"{'classifier__extratreesclassifier_0__ccp_alpha': np.float64(0.0032800360080797353), 'classifier__extratreesclassifier_0__max_depth': 3, 'classifier__extratreesclassifier_0__max_features': 'sqrt', 'classifier__extratreesclassifier_0__max_leaf_nodes': 16, 'classifier__extratreesclassifier_0__min_impurity_decrease': np.float64(0.09156502893654395), 'classifier__extratreesclassifier_0__min_samples_leaf': 9, 'classifier__extratreesclassifier_0__min_samples_split': 8, 'classifier__extratreesclassifier_0__n_estimators': 573, 'classifier__randomforestclassifier_1__ccp_alpha': np.float64(0.007364365061122732), 'classifier__randomforestclassifier_1__max_depth': 14, 'classifier__randomforestclassifier_1__max_features': 'log2', 'classifier__randomforestclassifier_1__max_leaf_nodes': 19, 'classifier__randomforestclassifier_1__max_samples': np.float64(0.5692888005912753), 'classifier__randomforestclassifier_1__min_impurity_decrease': np.float64(0.06757450159400388), 'classifier__randomforestclassifier_1__min_samples_leaf': 6, 'classifier__randomforestclassifier_1__min_samples_split': 3, 'classifier__randomforestclassifier_1__n_estimators': 775, 'classifier__xgbclassifier_2__colsample_bytree': np.float64(0.6736883549029016), 'classifier__xgbclassifier_2__gamma': np.float64(0.4567978947982565), 'classifier__xgbclassifier_2__learning_rate': np.float64(0.05533044309427132), 'classifier__xgbclassifier_2__max_delta_step': 6, 'classifier__xgbclassifier_2__max_depth': 6, 'classifier__xgbclassifier_2__min_child_weight': 3, 'classifier__xgbclassifier_2__n_estimators': 664, 'classifier__xgbclassifier_2__reg_alpha': np.float64(0.0002881911238363261), 'classifier__xgbclassifier_2__reg_lambda': np.float64(5.526708970594375), 'classifier__xgbclassifier_2__scale_pos_weight': np.float64(0.7771784144657146), 'classifier__xgbclassifier_2__subsample': np.float64(0.7717637048867753), 'feature_selection_filter__k': 24}",75.62253832817078,"[1, 2, 3, 4, 5, 6, 7, 8, 9, 10, 11, 12, 14, 16, 17, 18, 19, 20, 21, 23, 24, 27, 28, 29]","['V1', 'V2', 'V3', 'V4', 'V5', 'V6', 'V7', 'V8', 'V9', 'V10', 'V11', 'V12', 'V14', 'V16', 'V17', 'V18', 'V19', 'V20', 'V21', 'V23', 'V24', 'V27', 'V28', 'Time_sin']"
CostSensitiveLearning_with_RandomUnderSampler___RandomizedSearchCV__niter_30__cv_5,7,5,StackingClassifier,resubstitution,425,21975,160,0,0.9929078014184397,0.7264957264957265,1.0,0.8415841584158416,0.9927716286424215,0.007228371357578478,0.9963858143212108,0.9963792594401097,0.8492610585649866,0.8380499229418059,0.999712778538115,0.981035026820601,22560,0.8326767405316999,0.011533773793405165,0.7611033211437542,0.028524077352408618,"{'classifier__extratreesclassifier_0__ccp_alpha': np.float64(0.009193973220238814), 'classifier__extratreesclassifier_0__max_depth': 6, 'classifier__extratreesclassifier_0__max_features': 'sqrt', 'classifier__extratreesclassifier_0__max_leaf_nodes': 2, 'classifier__extratreesclassifier_0__min_impurity_decrease': np.float64(0.006985980015726135), 'classifier__extratreesclassifier_0__min_samples_leaf': 4, 'classifier__extratreesclassifier_0__min_samples_split': 4, 'classifier__extratreesclassifier_0__n_estimators': 835, 'classifier__randomforestclassifier_1__ccp_alpha': np.float64(0.003739997482000489), 'classifier__randomforestclassifier_1__max_depth': 7, 'classifier__randomforestclassifier_1__max_features': 'log2', 'classifier__randomforestclassifier_1__max_leaf_nodes': 16, 'classifier__randomforestclassifier_1__max_samples': np.float64(0.8731857406295094), 'classifier__randomforestclassifier_1__min_impurity_decrease': np.float64(0.09513812451977918), 'classifier__randomforestclassifier_1__min_samples_leaf': 8, 'classifier__randomforestclassifier_1__min_samples_split': 2, 'classifier__randomforestclassifier_1__n_estimators': 602, 'classifier__xgbclassifier_2__colsample_bytree': np.float64(0.9093382778212796), 'classifier__xgbclassifier_2__gamma': np.float64(0.44841532064434586), 'classifier__xgbclassifier_2__learning_rate': np.float64(0.028329864385288003), 'classifier__xgbclassifier_2__max_delta_step': 3, 'classifier__xgbclassifier_2__max_depth': 9, 'classifier__xgbclassifier_2__min_child_weight': 5, 'classifier__xgbclassifier_2__n_estimators': 694, 'classifier__xgbclassifier_2__reg_alpha': np.float64(0.1839785508098249), 'classifier__xgbclassifier_2__reg_lambda': np.float64(0.0033671624111995453), 'classifier__xgbclassifier_2__scale_pos_weight': np.float64(8.994047249470329), 'classifier__xgbclassifier_2__subsample': np.float64(0.9184990938983262), 'feature_selection_filter__k': 20}",80.76911115646362,"[1, 2, 3, 4, 5, 6, 7, 8, 9, 10, 11, 12, 14, 16, 17, 18, 19, 20, 21, 27]","['V1', 'V2', 'V3', 'V4', 'V5', 'V6', 'V7', 'V8', 'V9', 'V10', 'V11', 'V12', 'V14', 'V16', 'V17', 'V18', 'V19', 'V20', 'V21', 'V27']"
CostSensitiveLearning_with_RandomUnderSampler___RandomizedSearchCV__niter_30__cv_5,7,6,StackingClassifier,resubstitution,423,21991,144,2,0.9935283687943263,0.746031746031746,0.9952941176470588,0.8528225806451613,0.9934944657781793,0.0065055342218206524,0.9943942917126191,0.9943938845869523,0.8588234713067295,0.84958330992891,0.999517825110618,0.971587889721574,22560,0.8478949026966843,0.024291164820982477,0.7715424707949695,0.04447329962908464,"{'classifier__extratreesclassifier_0__ccp_alpha': np.float64(0.0002554169151658936), 'classifier__extratreesclassifier_0__max_depth': 12, 'classifier__extratreesclassifier_0__max_features': 'log2', 'classifier__extratreesclassifier_0__max_leaf_nodes': 14, 'classifier__extratreesclassifier_0__min_impurity_decrease': np.float64(0.03860311580528694), 'classifier__extratreesclassifier_0__min_samples_leaf': 6, 'classifier__extratreesclassifier_0__min_samples_split': 3, 'classifier__extratreesclassifier_0__n_estimators': 888, 'classifier__randomforestclassifier_1__ccp_alpha': np.float64(0.00518986123940035), 'classifier__randomforestclassifier_1__max_depth': 5, 'classifier__randomforestclassifier_1__max_features': 'sqrt', 'classifier__randomforestclassifier_1__max_leaf_nodes': 13, 'classifier__randomforestclassifier_1__max_samples': np.float64(0.8325659457127486), 'classifier__randomforestclassifier_1__min_impurity_decrease': np.float64(0.07147111508657986), 'classifier__randomforestclassifier_1__min_samples_leaf': 3, 'classifier__randomforestclassifier_1__min_samples_split': 2, 'classifier__randomforestclassifier_1__n_estimators': 932, 'classifier__xgbclassifier_2__colsample_bytree': np.float64(0.8126256296963339), 'classifier__xgbclassifier_2__gamma': np.float64(2.3761822658322496), 'classifier__xgbclassifier_2__learning_rate': np.float64(0.06148333360741522), 'classifier__xgbclassifier_2__max_delta_step': 4, 'classifier__xgbclassifier_2__max_depth': 9, 'classifier__xgbclassifier_2__min_child_weight': 2, 'classifier__xgbclassifier_2__n_estimators': 266, 'classifier__xgbclassifier_2__reg_alpha': np.float64(0.01836617121978366), 'classifier__xgbclassifier_2__reg_lambda': np.float64(0.30321472455786475), 'classifier__xgbclassifier_2__scale_pos_weight': np.float64(1.5081695912042234), 'classifier__xgbclassifier_2__subsample': np.float64(0.9026082466779632), 'feature_selection_filter__k': 'all'}",74.4942729473114,"[0, 1, 2, 3, 4, 5, 6, 7, 8, 9, 10, 11, 12, 13, 14, 15, 16, 17, 18, 19, 20, 21, 22, 23, 24, 25, 26, 27, 28, 29, 30]","['Amount_log1p', 'V1', 'V2', 'V3', 'V4', 'V5', 'V6', 'V7', 'V8', 'V9', 'V10', 'V11', 'V12', 'V13', 'V14', 'V15', 'V16', 'V17', 'V18', 'V19', 'V20', 'V21', 'V22', 'V23', 'V24', 'V25', 'V26', 'V27', 'V28', 'Time_sin', 'Time_cos']"
CostSensitiveLearning_with_RandomUnderSampler___RandomizedSearchCV__niter_30__cv_5,7,7,StackingClassifier,resubstitution,418,21996,139,7,0.9935283687943263,0.7504488330341114,0.9835294117647059,0.8513238289205702,0.9937203523831036,0.006279647616896367,0.9886248820739048,0.9886117507080169,0.8561921772454835,0.8480770942696353,0.9987764918481511,0.964051251429374,22560,0.8352354309843694,0.026297744939222243,0.7668291216052936,0.04684588319069247,"{'classifier__extratreesclassifier_0__ccp_alpha': np.float64(0.0005018766406915809), 'classifier__extratreesclassifier_0__max_depth': 4, 'classifier__extratreesclassifier_0__max_features': 'log2', 'classifier__extratreesclassifier_0__max_leaf_nodes': 10, 'classifier__extratreesclassifier_0__min_impurity_decrease': np.float64(0.055609864265989406), 'classifier__extratreesclassifier_0__min_samples_leaf': 7, 'classifier__extratreesclassifier_0__min_samples_split': 5, 'classifier__extratreesclassifier_0__n_estimators': 579, 'classifier__randomforestclassifier_1__ccp_alpha': np.float64(0.00662089108720406), 'classifier__randomforestclassifier_1__max_depth': 9, 'classifier__randomforestclassifier_1__max_features': 'sqrt', 'classifier__randomforestclassifier_1__max_leaf_nodes': 10, 'classifier__randomforestclassifier_1__max_samples': np.float64(0.8922710812953409), 'classifier__randomforestclassifier_1__min_impurity_decrease': np.float64(0.06711310448211212), 'classifier__randomforestclassifier_1__min_samples_leaf': 2, 'classifier__randomforestclassifier_1__min_samples_split': 5, 'classifier__randomforestclassifier_1__n_estimators': 324, 'classifier__xgbclassifier_2__colsample_bytree': np.float64(0.6694255912454572), 'classifier__xgbclassifier_2__gamma': np.float64(0.644208970059077), 'classifier__xgbclassifier_2__learning_rate': np.float64(0.03655621785455116), 'classifier__xgbclassifier_2__max_delta_step': 6, 'classifier__xgbclassifier_2__max_depth': 6, 'classifier__xgbclassifier_2__min_child_weight': 2, 'classifier__xgbclassifier_2__n_estimators': 793, 'classifier__xgbclassifier_2__reg_alpha': np.float64(0.00565167553435083), 'classifier__xgbclassifier_2__reg_lambda': np.float64(0.11093978238025164), 'classifier__xgbclassifier_2__scale_pos_weight': np.float64(0.6853110993429862), 'classifier__xgbclassifier_2__subsample': np.float64(0.9944228237421993), 'feature_selection_filter__k': 24}",72.78693103790283,"[1, 2, 3, 4, 5, 6, 7, 8, 9, 10, 11, 12, 14, 16, 17, 18, 19, 20, 21, 23, 24, 27, 28, 29]","['V1', 'V2', 'V3', 'V4', 'V5', 'V6', 'V7', 'V8', 'V9', 'V10', 'V11', 'V12', 'V14', 'V16', 'V17', 'V18', 'V19', 'V20', 'V21', 'V23', 'V24', 'V27', 'V28', 'Time_sin']"
CostSensitiveLearning_with_RandomUnderSampler___RandomizedSearchCV__niter_30__cv_5,7,8,StackingClassifier,resubstitution,426,22049,86,0,0.9961881122290679,0.83203125,1.0,0.908315565031983,0.9961147503953015,0.003885249604698493,0.9980573751976507,0.998055484627634,0.9103837657355499,0.90638586501569,0.9997736891948785,0.9749993319238319,22561,0.8829679652814726,0.014742570381922141,0.8097082023560283,0.021982063820622955,"{'classifier__extratreesclassifier_0__ccp_alpha': np.float64(0.00048630644181405614), 'classifier__extratreesclassifier_0__max_depth': 11, 'classifier__extratreesclassifier_0__max_features': 'log2', 'classifier__extratreesclassifier_0__max_leaf_nodes': 9, 'classifier__extratreesclassifier_0__min_impurity_decrease': np.float64(0.05319437748770383), 'classifier__extratreesclassifier_0__min_samples_leaf': 6, 'classifier__extratreesclassifier_0__min_samples_split': 6, 'classifier__extratreesclassifier_0__n_estimators': 797, 'classifier__randomforestclassifier_1__ccp_alpha': np.float64(0.009956705064183256), 'classifier__randomforestclassifier_1__max_depth': 9, 'classifier__randomforestclassifier_1__max_features': 'sqrt', 'classifier__randomforestclassifier_1__max_leaf_nodes': 2, 'classifier__randomforestclassifier_1__max_samples': np.float64(0.8106250109450147), 'classifier__randomforestclassifier_1__min_impurity_decrease': np.float64(0.029599499230388928), 'classifier__randomforestclassifier_1__min_samples_leaf': 4, 'classifier__randomforestclassifier_1__min_samples_split': 7, 'classifier__randomforestclassifier_1__n_estimators': 179, 'classifier__xgbclassifier_2__colsample_bytree': np.float64(0.8713628632423138), 'classifier__xgbclassifier_2__gamma': np.float64(0.8998953983857344), 'classifier__xgbclassifier_2__learning_rate': np.float64(0.06542045313767002), 'classifier__xgbclassifier_2__max_delta_step': 1, 'classifier__xgbclassifier_2__max_depth': 6, 'classifier__xgbclassifier_2__min_child_weight': 2, 'classifier__xgbclassifier_2__n_estimators': 305, 'classifier__xgbclassifier_2__reg_alpha': np.float64(0.00015381606216151612), 'classifier__xgbclassifier_2__reg_lambda': np.float64(1.2329294506678792), 'classifier__xgbclassifier_2__scale_pos_weight': np.float64(1.3973954160990794), 'classifier__xgbclassifier_2__subsample': np.float64(0.661344998543544), 'feature_selection_filter__k': 28}",68.36212277412415,"[0, 1, 2, 3, 4, 5, 6, 7, 8, 9, 10, 11, 12, 14, 16, 17, 18, 19, 20, 21, 22, 23, 24, 26, 27, 28, 29, 30]","['Amount_log1p', 'V1', 'V2', 'V3', 'V4', 'V5', 'V6', 'V7', 'V8', 'V9', 'V10', 'V11', 'V12', 'V14', 'V16', 'V17', 'V18', 'V19', 'V20', 'V21', 'V22', 'V23', 'V24', 'V26', 'V27', 'V28', 'Time_sin', 'Time_cos']"
CostSensitiveLearning_with_RandomUnderSampler___RandomizedSearchCV__niter_30__cv_5,7,9,StackingClassifier,resubstitution,426,21953,182,0,0.9919329816940738,0.7006578947368421,1.0,0.8239845261121856,0.9917777275807544,0.008222272419245558,0.9958888637903772,0.9958803781482766,0.8336047592556204,0.8199872179193932,0.9996433536843379,0.9723155928993977,22561,0.8271318458166863,0.016723755442943373,0.7569882127358734,0.04653214314073624,"{'classifier__extratreesclassifier_0__ccp_alpha': np.float64(0.00482906925465425), 'classifier__extratreesclassifier_0__max_depth': 8, 'classifier__extratreesclassifier_0__max_features': 'sqrt', 'classifier__extratreesclassifier_0__max_leaf_nodes': 13, 'classifier__extratreesclassifier_0__min_impurity_decrease': np.float64(0.07852963283280816), 'classifier__extratreesclassifier_0__min_samples_leaf': 9, 'classifier__extratreesclassifier_0__min_samples_split': 5, 'classifier__extratreesclassifier_0__n_estimators': 367, 'classifier__randomforestclassifier_1__ccp_alpha': np.float64(0.0013312910685399804), 'classifier__randomforestclassifier_1__max_depth': 17, 'classifier__randomforestclassifier_1__max_features': 'sqrt', 'classifier__randomforestclassifier_1__max_leaf_nodes': 2, 'classifier__randomforestclassifier_1__max_samples': np.float64(0.5730576833226066), 'classifier__randomforestclassifier_1__min_impurity_decrease': np.float64(0.04441493453499165), 'classifier__randomforestclassifier_1__min_samples_leaf': 4, 'classifier__randomforestclassifier_1__min_samples_split': 8, 'classifier__randomforestclassifier_1__n_estimators': 368, 'classifier__xgbclassifier_2__colsample_bytree': np.float64(0.9971977459861613), 'classifier__xgbclassifier_2__gamma': np.float64(0.40272290712048076), 'classifier__xgbclassifier_2__learning_rate': np.float64(0.020771742076687482), 'classifier__xgbclassifier_2__max_delta_step': 3, 'classifier__xgbclassifier_2__max_depth': 8, 'classifier__xgbclassifier_2__min_child_weight': 2, 'classifier__xgbclassifier_2__n_estimators': 434, 'classifier__xgbclassifier_2__reg_alpha': np.float64(0.01651359775830134), 'classifier__xgbclassifier_2__reg_lambda': np.float64(0.24664632079746995), 'classifier__xgbclassifier_2__scale_pos_weight': np.float64(29.11014293651896), 'classifier__xgbclassifier_2__subsample': np.float64(0.8494222000794711), 'feature_selection_filter__k': 26}",71.11275911331177,"[0, 1, 2, 3, 4, 5, 6, 7, 8, 9, 10, 11, 12, 14, 16, 17, 18, 19, 20, 21, 22, 23, 24, 27, 28, 29]","['Amount_log1p', 'V1', 'V2', 'V3', 'V4', 'V5', 'V6', 'V7', 'V8', 'V9', 'V10', 'V11', 'V12', 'V14', 'V16', 'V17', 'V18', 'V19', 'V20', 'V21', 'V22', 'V23', 'V24', 'V27', 'V28', 'Time_sin']"
CostSensitiveLearning_with_RandomUnderSampler___RandomizedSearchCV__niter_30__cv_5,7,10,StackingClassifier,resubstitution,423,21949,186,3,0.9916227117592306,0.6945812807881774,0.9929577464788732,0.8173913043478261,0.991597018296815,0.008402981703184986,0.9922773823878441,0.9922771491388761,0.8268728792808386,0.813241393011763,0.9995005042679842,0.9726089330653552,22561,0.8156842836079227,0.01512593461986234,0.7367245718954989,0.030392890149446895,"{'classifier__extratreesclassifier_0__ccp_alpha': np.float64(0.00014176936309998612), 'classifier__extratreesclassifier_0__max_depth': 12, 'classifier__extratreesclassifier_0__max_features': 'sqrt', 'classifier__extratreesclassifier_0__max_leaf_nodes': 16, 'classifier__extratreesclassifier_0__min_impurity_decrease': np.float64(0.059588414518600065), 'classifier__extratreesclassifier_0__min_samples_leaf': 9, 'classifier__extratreesclassifier_0__min_samples_split': 3, 'classifier__extratreesclassifier_0__n_estimators': 980, 'classifier__randomforestclassifier_1__ccp_alpha': np.float64(0.007476282942578747), 'classifier__randomforestclassifier_1__max_depth': 16, 'classifier__randomforestclassifier_1__max_features': 'log2', 'classifier__randomforestclassifier_1__max_leaf_nodes': 18, 'classifier__randomforestclassifier_1__max_samples': np.float64(0.6842370402159799), 'classifier__randomforestclassifier_1__min_impurity_decrease': np.float64(0.08733625483848448), 'classifier__randomforestclassifier_1__min_samples_leaf': 8, 'classifier__randomforestclassifier_1__min_samples_split': 9, 'classifier__randomforestclassifier_1__n_estimators': 944, 'classifier__xgbclassifier_2__colsample_bytree': np.float64(0.9854053761750703), 'classifier__xgbclassifier_2__gamma': np.float64(3.666424289515297), 'classifier__xgbclassifier_2__learning_rate': np.float64(0.07360058431807252), 'classifier__xgbclassifier_2__max_delta_step': 4, 'classifier__xgbclassifier_2__max_depth': 6, 'classifier__xgbclassifier_2__min_child_weight': 2, 'classifier__xgbclassifier_2__n_estimators': 756, 'classifier__xgbclassifier_2__reg_alpha': np.float64(0.0007351988213665673), 'classifier__xgbclassifier_2__reg_lambda': np.float64(0.0008596528284069189), 'classifier__xgbclassifier_2__scale_pos_weight': np.float64(1.6417723561691424), 'classifier__xgbclassifier_2__subsample': np.float64(0.6204265446981824), 'feature_selection_filter__k': 26}",83.06494951248169,"[0, 1, 2, 3, 4, 5, 6, 7, 8, 9, 10, 11, 12, 14, 16, 17, 18, 19, 20, 21, 22, 23, 24, 27, 28, 29]","['Amount_log1p', 'V1', 'V2', 'V3', 'V4', 'V5', 'V6', 'V7', 'V8', 'V9', 'V10', 'V11', 'V12', 'V14', 'V16', 'V17', 'V18', 'V19', 'V20', 'V21', 'V22', 'V23', 'V24', 'V27', 'V28', 'Time_sin']"
CostSensitiveLearning_with_RandomUnderSampler___RandomizedSearchCV__niter_30__cv_5,8,1,StackingClassifier,resubstitution,426,22018,116,0,0.9948581560283688,0.7859778597785978,1.0,0.8801652892561983,0.9947591940001808,0.0052408059998192424,0.9973795970000904,0.9973761547180586,0.8842277434549003,0.8775765455343619,0.9998016774482018,0.9858821377605986,22560,0.8532914988602018,0.0415771703465743,0.7715912226680943,0.042658516014004076,"{'classifier__extratreesclassifier_0__ccp_alpha': np.float64(0.0024582822552760963), 'classifier__extratreesclassifier_0__max_depth': 9, 'classifier__extratreesclassifier_0__max_features': 'log2', 'classifier__extratreesclassifier_0__max_leaf_nodes': 2, 'classifier__extratreesclassifier_0__min_impurity_decrease': np.float64(0.024909699310729717), 'classifier__extratreesclassifier_0__min_samples_leaf': 1, 'classifier__extratreesclassifier_0__min_samples_split': 8, 'classifier__extratreesclassifier_0__n_estimators': 464, 'classifier__randomforestclassifier_1__ccp_alpha': np.float64(0.007886951729298175), 'classifier__randomforestclassifier_1__max_depth': 4, 'classifier__randomforestclassifier_1__max_features': 'sqrt', 'classifier__randomforestclassifier_1__max_leaf_nodes': 3, 'classifier__randomforestclassifier_1__max_samples': np.float64(0.5573051029907808), 'classifier__randomforestclassifier_1__min_impurity_decrease': np.float64(0.06870194753599124), 'classifier__randomforestclassifier_1__min_samples_leaf': 1, 'classifier__randomforestclassifier_1__min_samples_split': 4, 'classifier__randomforestclassifier_1__n_estimators': 871, 'classifier__xgbclassifier_2__colsample_bytree': np.float64(0.6013884810052187), 'classifier__xgbclassifier_2__gamma': np.float64(0.5525552077854651), 'classifier__xgbclassifier_2__learning_rate': np.float64(0.1572603238124158), 'classifier__xgbclassifier_2__max_delta_step': 0, 'classifier__xgbclassifier_2__max_depth': 9, 'classifier__xgbclassifier_2__min_child_weight': 1, 'classifier__xgbclassifier_2__n_estimators': 274, 'classifier__xgbclassifier_2__reg_alpha': np.float64(0.012273997885554859), 'classifier__xgbclassifier_2__reg_lambda': np.float64(0.0002183384917828219), 'classifier__xgbclassifier_2__scale_pos_weight': np.float64(1.0223710712837328), 'classifier__xgbclassifier_2__subsample': np.float64(0.6355413265765842), 'feature_selection_filter__k': 26}",78.45296883583069,"[0, 1, 2, 3, 4, 5, 6, 7, 8, 9, 10, 11, 12, 14, 16, 17, 18, 19, 20, 21, 22, 23, 24, 27, 28, 29]","['Amount_log1p', 'V1', 'V2', 'V3', 'V4', 'V5', 'V6', 'V7', 'V8', 'V9', 'V10', 'V11', 'V12', 'V14', 'V16', 'V17', 'V18', 'V19', 'V20', 'V21', 'V22', 'V23', 'V24', 'V27', 'V28', 'Time_sin']"
CostSensitiveLearning_with_RandomUnderSampler___RandomizedSearchCV__niter_30__cv_5,8,2,StackingClassifier,resubstitution,424,21979,155,2,0.9930407801418439,0.7322970639032815,0.9953051643192489,0.8437810945273632,0.9929971988795518,0.007002801120448154,0.9941511815994004,0.9941505118438386,0.8506709090410443,0.8403065318177712,0.9996807749299933,0.9799261748557709,22560,0.8538566393429896,0.023047682891153498,0.792242691671263,0.03208049470510066,"{'classifier__extratreesclassifier_0__ccp_alpha': np.float64(0.00369900116155791), 'classifier__extratreesclassifier_0__max_depth': 10, 'classifier__extratreesclassifier_0__max_features': 'sqrt', 'classifier__extratreesclassifier_0__max_leaf_nodes': 13, 'classifier__extratreesclassifier_0__min_impurity_decrease': np.float64(0.03609541587481906), 'classifier__extratreesclassifier_0__min_samples_leaf': 5, 'classifier__extratreesclassifier_0__min_samples_split': 9, 'classifier__extratreesclassifier_0__n_estimators': 783, 'classifier__randomforestclassifier_1__ccp_alpha': np.float64(0.008367655179390102), 'classifier__randomforestclassifier_1__max_depth': 19, 'classifier__randomforestclassifier_1__max_features': 'sqrt', 'classifier__randomforestclassifier_1__max_leaf_nodes': 13, 'classifier__randomforestclassifier_1__max_samples': np.float64(0.6001533426888608), 'classifier__randomforestclassifier_1__min_impurity_decrease': np.float64(0.07514120014108835), 'classifier__randomforestclassifier_1__min_samples_leaf': 3, 'classifier__randomforestclassifier_1__min_samples_split': 3, 'classifier__randomforestclassifier_1__n_estimators': 461, 'classifier__xgbclassifier_2__colsample_bytree': np.float64(0.7625976123929994), 'classifier__xgbclassifier_2__gamma': np.float64(1.0844733436793652), 'classifier__xgbclassifier_2__learning_rate': np.float64(0.10071559583208387), 'classifier__xgbclassifier_2__max_delta_step': 3, 'classifier__xgbclassifier_2__max_depth': 7, 'classifier__xgbclassifier_2__min_child_weight': 2, 'classifier__xgbclassifier_2__n_estimators': 784, 'classifier__xgbclassifier_2__reg_alpha': np.float64(0.0035836871736630474), 'classifier__xgbclassifier_2__reg_lambda': np.float64(0.31006971704472025), 'classifier__xgbclassifier_2__scale_pos_weight': np.float64(1.1255711447025167), 'classifier__xgbclassifier_2__subsample': np.float64(0.7647631518243015), 'feature_selection_filter__k': 20}",76.20944857597351,"[1, 2, 3, 4, 5, 6, 7, 8, 9, 10, 11, 12, 14, 16, 17, 18, 19, 20, 21, 27]","['V1', 'V2', 'V3', 'V4', 'V5', 'V6', 'V7', 'V8', 'V9', 'V10', 'V11', 'V12', 'V14', 'V16', 'V17', 'V18', 'V19', 'V20', 'V21', 'V27']"
CostSensitiveLearning_with_RandomUnderSampler___RandomizedSearchCV__niter_30__cv_5,8,3,StackingClassifier,resubstitution,426,21945,189,0,0.9916223404255319,0.6926829268292682,1.0,0.8184438040345822,0.99146110056926,0.008538899430740043,0.99573055028463,0.995721397063084,0.8287147742014032,0.8143006091203424,0.9996139603804569,0.9736280915836979,22560,0.8367125145903354,0.02881533191502971,0.738992797952215,0.020430183214911458,"{'classifier__extratreesclassifier_0__ccp_alpha': np.float64(0.003311574210622945), 'classifier__extratreesclassifier_0__max_depth': 17, 'classifier__extratreesclassifier_0__max_features': 'log2', 'classifier__extratreesclassifier_0__max_leaf_nodes': 7, 'classifier__extratreesclassifier_0__min_impurity_decrease': np.float64(0.06150616524648901), 'classifier__extratreesclassifier_0__min_samples_leaf': 4, 'classifier__extratreesclassifier_0__min_samples_split': 5, 'classifier__extratreesclassifier_0__n_estimators': 947, 'classifier__randomforestclassifier_1__ccp_alpha': np.float64(0.005905243676062391), 'classifier__randomforestclassifier_1__max_depth': 9, 'classifier__randomforestclassifier_1__max_features': 'log2', 'classifier__randomforestclassifier_1__max_leaf_nodes': 9, 'classifier__randomforestclassifier_1__max_samples': np.float64(0.6472268718085213), 'classifier__randomforestclassifier_1__min_impurity_decrease': np.float64(0.05354447243180075), 'classifier__randomforestclassifier_1__min_samples_leaf': 3, 'classifier__randomforestclassifier_1__min_samples_split': 5, 'classifier__randomforestclassifier_1__n_estimators': 451, 'classifier__xgbclassifier_2__colsample_bytree': np.float64(0.8884137337398939), 'classifier__xgbclassifier_2__gamma': np.float64(0.8181030673341538), 'classifier__xgbclassifier_2__learning_rate': np.float64(0.09748288376389877), 'classifier__xgbclassifier_2__max_delta_step': 6, 'classifier__xgbclassifier_2__max_depth': 7, 'classifier__xgbclassifier_2__min_child_weight': 8, 'classifier__xgbclassifier_2__n_estimators': 698, 'classifier__xgbclassifier_2__reg_alpha': np.float64(0.017711791142885024), 'classifier__xgbclassifier_2__reg_lambda': np.float64(0.01851554886575058), 'classifier__xgbclassifier_2__scale_pos_weight': np.float64(1.8830083217945017), 'classifier__xgbclassifier_2__subsample': np.float64(0.6470830284385668), 'feature_selection_filter__k': 'all'}",94.00278902053833,"[0, 1, 2, 3, 4, 5, 6, 7, 8, 9, 10, 11, 12, 13, 14, 15, 16, 17, 18, 19, 20, 21, 22, 23, 24, 25, 26, 27, 28, 29, 30]","['Amount_log1p', 'V1', 'V2', 'V3', 'V4', 'V5', 'V6', 'V7', 'V8', 'V9', 'V10', 'V11', 'V12', 'V13', 'V14', 'V15', 'V16', 'V17', 'V18', 'V19', 'V20', 'V21', 'V22', 'V23', 'V24', 'V25', 'V26', 'V27', 'V28', 'Time_sin', 'Time_cos']"
CostSensitiveLearning_with_RandomUnderSampler___RandomizedSearchCV__niter_30__cv_5,8,4,StackingClassifier,resubstitution,396,21955,179,30,0.9907358156028369,0.688695652173913,0.9295774647887324,0.7912087912087912,0.991912894189934,0.008087105810065998,0.9607451794893331,0.9602394875614796,0.7958448144232805,0.786578890907659,0.9940830943917778,0.9382411377835541,22560,0.7926079077516146,0.03807457687708517,0.7544363895053082,0.03168361437202323,"{'classifier__extratreesclassifier_0__ccp_alpha': np.float64(0.0003593169045807287), 'classifier__extratreesclassifier_0__max_depth': 12, 'classifier__extratreesclassifier_0__max_features': 'log2', 'classifier__extratreesclassifier_0__max_leaf_nodes': 11, 'classifier__extratreesclassifier_0__min_impurity_decrease': np.float64(0.024305560843966668), 'classifier__extratreesclassifier_0__min_samples_leaf': 4, 'classifier__extratreesclassifier_0__min_samples_split': 9, 'classifier__extratreesclassifier_0__n_estimators': 482, 'classifier__randomforestclassifier_1__ccp_alpha': np.float64(0.002172550259096422), 'classifier__randomforestclassifier_1__max_depth': 3, 'classifier__randomforestclassifier_1__max_features': 'sqrt', 'classifier__randomforestclassifier_1__max_leaf_nodes': 18, 'classifier__randomforestclassifier_1__max_samples': np.float64(0.8409593029293814), 'classifier__randomforestclassifier_1__min_impurity_decrease': np.float64(0.09425692300066253), 'classifier__randomforestclassifier_1__min_samples_leaf': 4, 'classifier__randomforestclassifier_1__min_samples_split': 3, 'classifier__randomforestclassifier_1__n_estimators': 945, 'classifier__xgbclassifier_2__colsample_bytree': np.float64(0.9097446029002256), 'classifier__xgbclassifier_2__gamma': np.float64(3.2094667758765483), 'classifier__xgbclassifier_2__learning_rate': np.float64(0.058711408956549735), 'classifier__xgbclassifier_2__max_delta_step': 0, 'classifier__xgbclassifier_2__max_depth': 8, 'classifier__xgbclassifier_2__min_child_weight': 1, 'classifier__xgbclassifier_2__n_estimators': 302, 'classifier__xgbclassifier_2__reg_alpha': np.float64(0.3671553568048166), 'classifier__xgbclassifier_2__reg_lambda': np.float64(0.00025054002036082473), 'classifier__xgbclassifier_2__scale_pos_weight': np.float64(0.8955834865637136), 'classifier__xgbclassifier_2__subsample': np.float64(0.7512124681658215), 'feature_selection_filter__k': 20}",78.02294564247131,"[1, 2, 3, 4, 5, 6, 7, 8, 9, 10, 11, 12, 14, 16, 17, 18, 19, 20, 21, 27]","['V1', 'V2', 'V3', 'V4', 'V5', 'V6', 'V7', 'V8', 'V9', 'V10', 'V11', 'V12', 'V14', 'V16', 'V17', 'V18', 'V19', 'V20', 'V21', 'V27']"
CostSensitiveLearning_with_RandomUnderSampler___RandomizedSearchCV__niter_30__cv_5,8,5,StackingClassifier,resubstitution,403,21982,153,22,0.9922429078014184,0.7248201438848921,0.9482352941176471,0.8216106014271152,0.9930878698893155,0.006912130110684478,0.9706615820034813,0.9704024775262905,0.825438573809254,0.8177180965115269,0.9966172285042321,0.9482728465670163,22560,0.8071465614075756,0.031171725051624254,0.7450966614714847,0.04139261144076683,"{'classifier__extratreesclassifier_0__ccp_alpha': np.float64(0.007609384494820038), 'classifier__extratreesclassifier_0__max_depth': 3, 'classifier__extratreesclassifier_0__max_features': 'log2', 'classifier__extratreesclassifier_0__max_leaf_nodes': 16, 'classifier__extratreesclassifier_0__min_impurity_decrease': np.float64(0.019600140121915313), 'classifier__extratreesclassifier_0__min_samples_leaf': 5, 'classifier__extratreesclassifier_0__min_samples_split': 8, 'classifier__extratreesclassifier_0__n_estimators': 761, 'classifier__randomforestclassifier_1__ccp_alpha': np.float64(0.0017528901419872401), 'classifier__randomforestclassifier_1__max_depth': 7, 'classifier__randomforestclassifier_1__max_features': 'log2', 'classifier__randomforestclassifier_1__max_leaf_nodes': 17, 'classifier__randomforestclassifier_1__max_samples': np.float64(0.8649334518974449), 'classifier__randomforestclassifier_1__min_impurity_decrease': np.float64(0.07794738417304131), 'classifier__randomforestclassifier_1__min_samples_leaf': 1, 'classifier__randomforestclassifier_1__min_samples_split': 6, 'classifier__randomforestclassifier_1__n_estimators': 971, 'classifier__xgbclassifier_2__colsample_bytree': np.float64(0.7957480426235102), 'classifier__xgbclassifier_2__gamma': np.float64(2.568711295122256), 'classifier__xgbclassifier_2__learning_rate': np.float64(0.039114514977736485), 'classifier__xgbclassifier_2__max_delta_step': 0, 'classifier__xgbclassifier_2__max_depth': 4, 'classifier__xgbclassifier_2__min_child_weight': 4, 'classifier__xgbclassifier_2__n_estimators': 771, 'classifier__xgbclassifier_2__reg_alpha': np.float64(0.0005782277959469363), 'classifier__xgbclassifier_2__reg_lambda': np.float64(0.40868306465186766), 'classifier__xgbclassifier_2__scale_pos_weight': np.float64(1.1297124771433256), 'classifier__xgbclassifier_2__subsample': np.float64(0.9713220359146184), 'feature_selection_filter__k': 26}",81.87315034866333,"[0, 1, 2, 3, 4, 5, 6, 7, 8, 9, 10, 11, 12, 14, 16, 17, 18, 19, 20, 21, 23, 24, 26, 27, 28, 29]","['Amount_log1p', 'V1', 'V2', 'V3', 'V4', 'V5', 'V6', 'V7', 'V8', 'V9', 'V10', 'V11', 'V12', 'V14', 'V16', 'V17', 'V18', 'V19', 'V20', 'V21', 'V23', 'V24', 'V26', 'V27', 'V28', 'Time_sin']"
CostSensitiveLearning_with_RandomUnderSampler___RandomizedSearchCV__niter_30__cv_5,8,6,StackingClassifier,resubstitution,384,21987,148,41,0.9916223404255319,0.7218045112781954,0.9035294117647059,0.8025078369905956,0.9933137564942399,0.006686243505760081,0.948421584129473,0.947358535140224,0.803539781054186,0.7982828800835663,0.9872656293599437,0.9188136593034847,22560,0.7924600965237468,0.017787928308963998,0.7698965645853542,0.010602074375744393,"{'classifier__extratreesclassifier_0__ccp_alpha': np.float64(0.006156703210202466), 'classifier__extratreesclassifier_0__max_depth': 8, 'classifier__extratreesclassifier_0__max_features': 'sqrt', 'classifier__extratreesclassifier_0__max_leaf_nodes': 3, 'classifier__extratreesclassifier_0__min_impurity_decrease': np.float64(0.06443112654534495), 'classifier__extratreesclassifier_0__min_samples_leaf': 7, 'classifier__extratreesclassifier_0__min_samples_split': 2, 'classifier__extratreesclassifier_0__n_estimators': 806, 'classifier__randomforestclassifier_1__ccp_alpha': np.float64(0.003016926925084157), 'classifier__randomforestclassifier_1__max_depth': 14, 'classifier__randomforestclassifier_1__max_features': 'log2', 'classifier__randomforestclassifier_1__max_leaf_nodes': 10, 'classifier__randomforestclassifier_1__max_samples': np.float64(0.542727422055672), 'classifier__randomforestclassifier_1__min_impurity_decrease': np.float64(0.08918410577337563), 'classifier__randomforestclassifier_1__min_samples_leaf': 7, 'classifier__randomforestclassifier_1__min_samples_split': 3, 'classifier__randomforestclassifier_1__n_estimators': 102, 'classifier__xgbclassifier_2__colsample_bytree': np.float64(0.8947371934706818), 'classifier__xgbclassifier_2__gamma': np.float64(1.79357825704469), 'classifier__xgbclassifier_2__learning_rate': np.float64(0.012288607046651379), 'classifier__xgbclassifier_2__max_delta_step': 4, 'classifier__xgbclassifier_2__max_depth': 5, 'classifier__xgbclassifier_2__min_child_weight': 3, 'classifier__xgbclassifier_2__n_estimators': 240, 'classifier__xgbclassifier_2__reg_alpha': np.float64(0.005324073199394538), 'classifier__xgbclassifier_2__reg_lambda': np.float64(0.027509609656208255), 'classifier__xgbclassifier_2__scale_pos_weight': np.float64(0.7701060255743442), 'classifier__xgbclassifier_2__subsample': np.float64(0.9198271145591135), 'feature_selection_filter__k': 'all'}",74.05464220046997,"[0, 1, 2, 3, 4, 5, 6, 7, 8, 9, 10, 11, 12, 13, 14, 15, 16, 17, 18, 19, 20, 21, 22, 23, 24, 25, 26, 27, 28, 29, 30]","['Amount_log1p', 'V1', 'V2', 'V3', 'V4', 'V5', 'V6', 'V7', 'V8', 'V9', 'V10', 'V11', 'V12', 'V13', 'V14', 'V15', 'V16', 'V17', 'V18', 'V19', 'V20', 'V21', 'V22', 'V23', 'V24', 'V25', 'V26', 'V27', 'V28', 'Time_sin', 'Time_cos']"
CostSensitiveLearning_with_RandomUnderSampler___RandomizedSearchCV__niter_30__cv_5,8,7,StackingClassifier,resubstitution,425,22005,130,0,0.9942375886524822,0.7657657657657657,1.0,0.8673469387755102,0.9941269482719675,0.005873051728032541,0.9970634741359837,0.9970591498361406,0.8725069534461414,0.8644547200288394,0.9996866288417332,0.9767681104003487,22560,0.8638429539211365,0.012336404794806334,0.7855949683661725,0.025807990136015185,"{'classifier__extratreesclassifier_0__ccp_alpha': np.float64(0.006013018323559916), 'classifier__extratreesclassifier_0__max_depth': 18, 'classifier__extratreesclassifier_0__max_features': 'log2', 'classifier__extratreesclassifier_0__max_leaf_nodes': 3, 'classifier__extratreesclassifier_0__min_impurity_decrease': np.float64(0.06814557164829947), 'classifier__extratreesclassifier_0__min_samples_leaf': 9, 'classifier__extratreesclassifier_0__min_samples_split': 3, 'classifier__extratreesclassifier_0__n_estimators': 104, 'classifier__randomforestclassifier_1__ccp_alpha': np.float64(0.004795797271601336), 'classifier__randomforestclassifier_1__max_depth': 5, 'classifier__randomforestclassifier_1__max_features': 'log2', 'classifier__randomforestclassifier_1__max_leaf_nodes': 2, 'classifier__randomforestclassifier_1__max_samples': np.float64(0.7264416875192024), 'classifier__randomforestclassifier_1__min_impurity_decrease': np.float64(0.07245097867689718), 'classifier__randomforestclassifier_1__min_samples_leaf': 3, 'classifier__randomforestclassifier_1__min_samples_split': 4, 'classifier__randomforestclassifier_1__n_estimators': 541, 'classifier__xgbclassifier_2__colsample_bytree': np.float64(0.6631037488559123), 'classifier__xgbclassifier_2__gamma': np.float64(0.37459779798526494), 'classifier__xgbclassifier_2__learning_rate': np.float64(0.02979522949660209), 'classifier__xgbclassifier_2__max_delta_step': 5, 'classifier__xgbclassifier_2__max_depth': 8, 'classifier__xgbclassifier_2__min_child_weight': 3, 'classifier__xgbclassifier_2__n_estimators': 796, 'classifier__xgbclassifier_2__reg_alpha': np.float64(1.7237850812716435), 'classifier__xgbclassifier_2__reg_lambda': np.float64(0.2599316245931763), 'classifier__xgbclassifier_2__scale_pos_weight': np.float64(1.4444329673459222), 'classifier__xgbclassifier_2__subsample': np.float64(0.6839470971435074), 'feature_selection_filter__k': 20}",76.86219668388367,"[1, 2, 3, 4, 5, 6, 7, 8, 9, 10, 11, 12, 14, 16, 17, 18, 19, 20, 21, 27]","['V1', 'V2', 'V3', 'V4', 'V5', 'V6', 'V7', 'V8', 'V9', 'V10', 'V11', 'V12', 'V14', 'V16', 'V17', 'V18', 'V19', 'V20', 'V21', 'V27']"
CostSensitiveLearning_with_RandomUnderSampler___RandomizedSearchCV__niter_30__cv_5,8,8,StackingClassifier,resubstitution,425,22016,119,1,0.9946810868312574,0.78125,0.9976525821596244,0.8762886597938144,0.994623898802801,0.005376101197199001,0.9961382404812127,0.9961370894200694,0.8804379206402135,0.8736118672598753,0.9997492976835487,0.9782410183149592,22561,0.8715771315933859,0.02898069353359632,0.7780173792801366,0.022696159751270272,"{'classifier__extratreesclassifier_0__ccp_alpha': np.float64(3.16123016915415e-05), 'classifier__extratreesclassifier_0__max_depth': 19, 'classifier__extratreesclassifier_0__max_features': 'sqrt', 'classifier__extratreesclassifier_0__max_leaf_nodes': 7, 'classifier__extratreesclassifier_0__min_impurity_decrease': np.float64(0.051718745784471346), 'classifier__extratreesclassifier_0__min_samples_leaf': 5, 'classifier__extratreesclassifier_0__min_samples_split': 5, 'classifier__extratreesclassifier_0__n_estimators': 803, 'classifier__randomforestclassifier_1__ccp_alpha': np.float64(0.005553882393566561), 'classifier__randomforestclassifier_1__max_depth': 14, 'classifier__randomforestclassifier_1__max_features': 'sqrt', 'classifier__randomforestclassifier_1__max_leaf_nodes': 16, 'classifier__randomforestclassifier_1__max_samples': np.float64(0.6177689486109789), 'classifier__randomforestclassifier_1__min_impurity_decrease': np.float64(0.08299284905842563), 'classifier__randomforestclassifier_1__min_samples_leaf': 1, 'classifier__randomforestclassifier_1__min_samples_split': 6, 'classifier__randomforestclassifier_1__n_estimators': 159, 'classifier__xgbclassifier_2__colsample_bytree': np.float64(0.7248162763803031), 'classifier__xgbclassifier_2__gamma': np.float64(1.2088525421853107), 'classifier__xgbclassifier_2__learning_rate': np.float64(0.022905598989282332), 'classifier__xgbclassifier_2__max_delta_step': 7, 'classifier__xgbclassifier_2__max_depth': 9, 'classifier__xgbclassifier_2__min_child_weight': 2, 'classifier__xgbclassifier_2__n_estimators': 396, 'classifier__xgbclassifier_2__reg_alpha': np.float64(0.0016712172849322113), 'classifier__xgbclassifier_2__reg_lambda': np.float64(0.029240591142086512), 'classifier__xgbclassifier_2__scale_pos_weight': np.float64(1.9179780839061369), 'classifier__xgbclassifier_2__subsample': np.float64(0.9427442216851101), 'feature_selection_filter__k': 20}",81.23983073234558,"[1, 2, 3, 4, 5, 6, 7, 8, 9, 10, 11, 12, 14, 16, 17, 18, 19, 20, 21, 27]","['V1', 'V2', 'V3', 'V4', 'V5', 'V6', 'V7', 'V8', 'V9', 'V10', 'V11', 'V12', 'V14', 'V16', 'V17', 'V18', 'V19', 'V20', 'V21', 'V27']"
CostSensitiveLearning_with_RandomUnderSampler___RandomizedSearchCV__niter_30__cv_5,8,9,StackingClassifier,resubstitution,426,21974,161,0,0.9928637914986038,0.7257240204429302,1.0,0.84106614017769,0.9927264513214367,0.007273548678563335,0.9963632256607183,0.996356588436809,0.8487905698421936,0.8375103543325633,0.9996981815598053,0.9781349458806623,22561,0.8414517706537732,0.02206195220093166,0.7753902941802155,0.023347472395306924,"{'classifier__extratreesclassifier_0__ccp_alpha': np.float64(0.002382299528128509), 'classifier__extratreesclassifier_0__max_depth': 8, 'classifier__extratreesclassifier_0__max_features': 'sqrt', 'classifier__extratreesclassifier_0__max_leaf_nodes': 4, 'classifier__extratreesclassifier_0__min_impurity_decrease': np.float64(0.024579064161211507), 'classifier__extratreesclassifier_0__min_samples_leaf': 8, 'classifier__extratreesclassifier_0__min_samples_split': 7, 'classifier__extratreesclassifier_0__n_estimators': 529, 'classifier__randomforestclassifier_1__ccp_alpha': np.float64(0.002908411345070491), 'classifier__randomforestclassifier_1__max_depth': 14, 'classifier__randomforestclassifier_1__max_features': 'log2', 'classifier__randomforestclassifier_1__max_leaf_nodes': 19, 'classifier__randomforestclassifier_1__max_samples': np.float64(0.5711176399356024), 'classifier__randomforestclassifier_1__min_impurity_decrease': np.float64(0.05783882426484991), 'classifier__randomforestclassifier_1__min_samples_leaf': 9, 'classifier__randomforestclassifier_1__min_samples_split': 2, 'classifier__randomforestclassifier_1__n_estimators': 647, 'classifier__xgbclassifier_2__colsample_bytree': np.float64(0.8224957731466148), 'classifier__xgbclassifier_2__gamma': np.float64(0.12441727790174884), 'classifier__xgbclassifier_2__learning_rate': np.float64(0.09013946833880561), 'classifier__xgbclassifier_2__max_delta_step': 1, 'classifier__xgbclassifier_2__max_depth': 3, 'classifier__xgbclassifier_2__min_child_weight': 2, 'classifier__xgbclassifier_2__n_estimators': 400, 'classifier__xgbclassifier_2__reg_alpha': np.float64(0.036040692602509854), 'classifier__xgbclassifier_2__reg_lambda': np.float64(0.12686521752749588), 'classifier__xgbclassifier_2__scale_pos_weight': np.float64(3.220338140651206), 'classifier__xgbclassifier_2__subsample': np.float64(0.9042094640956077), 'feature_selection_filter__k': 20}",70.24908685684204,"[1, 2, 3, 4, 5, 6, 7, 8, 9, 10, 11, 12, 14, 16, 17, 18, 19, 20, 21, 27]","['V1', 'V2', 'V3', 'V4', 'V5', 'V6', 'V7', 'V8', 'V9', 'V10', 'V11', 'V12', 'V14', 'V16', 'V17', 'V18', 'V19', 'V20', 'V21', 'V27']"
CostSensitiveLearning_with_RandomUnderSampler___RandomizedSearchCV__niter_30__cv_5,8,10,StackingClassifier,resubstitution,426,22038,97,0,0.9957005451885999,0.8145315487571702,1.0,0.8977871443624869,0.9956177998644681,0.004382200135531922,0.9978088999322341,0.9978064941983832,0.9005343460933689,0.8956146621624168,0.9998485605296562,0.9889647094049917,22561,0.8856808260728183,0.02035032934789503,0.7976332762049616,0.030387365085463296,"{'classifier__extratreesclassifier_0__ccp_alpha': np.float64(0.0029949952958063762), 'classifier__extratreesclassifier_0__max_depth': 12, 'classifier__extratreesclassifier_0__max_features': 'log2', 'classifier__extratreesclassifier_0__max_leaf_nodes': 8, 'classifier__extratreesclassifier_0__min_impurity_decrease': np.float64(0.028328797600022937), 'classifier__extratreesclassifier_0__min_samples_leaf': 9, 'classifier__extratreesclassifier_0__min_samples_split': 5, 'classifier__extratreesclassifier_0__n_estimators': 319, 'classifier__randomforestclassifier_1__ccp_alpha': np.float64(0.008550892311694994), 'classifier__randomforestclassifier_1__max_depth': 10, 'classifier__randomforestclassifier_1__max_features': 'sqrt', 'classifier__randomforestclassifier_1__max_leaf_nodes': 7, 'classifier__randomforestclassifier_1__max_samples': np.float64(0.5713897531489974), 'classifier__randomforestclassifier_1__min_impurity_decrease': np.float64(0.0842760858362083), 'classifier__randomforestclassifier_1__min_samples_leaf': 9, 'classifier__randomforestclassifier_1__min_samples_split': 2, 'classifier__randomforestclassifier_1__n_estimators': 835, 'classifier__xgbclassifier_2__colsample_bytree': np.float64(0.6954805812500764), 'classifier__xgbclassifier_2__gamma': np.float64(0.04326542676664269), 'classifier__xgbclassifier_2__learning_rate': np.float64(0.02525144610267422), 'classifier__xgbclassifier_2__max_delta_step': 9, 'classifier__xgbclassifier_2__max_depth': 7, 'classifier__xgbclassifier_2__min_child_weight': 1, 'classifier__xgbclassifier_2__n_estimators': 780, 'classifier__xgbclassifier_2__reg_alpha': np.float64(0.009433866801771605), 'classifier__xgbclassifier_2__reg_lambda': np.float64(0.8499727024877145), 'classifier__xgbclassifier_2__scale_pos_weight': np.float64(2.34634457226527), 'classifier__xgbclassifier_2__subsample': np.float64(0.8337949668428735), 'feature_selection_filter__k': 'all'}",85.79017281532288,"[0, 1, 2, 3, 4, 5, 6, 7, 8, 9, 10, 11, 12, 13, 14, 15, 16, 17, 18, 19, 20, 21, 22, 23, 24, 25, 26, 27, 28, 29, 30]","['Amount_log1p', 'V1', 'V2', 'V3', 'V4', 'V5', 'V6', 'V7', 'V8', 'V9', 'V10', 'V11', 'V12', 'V13', 'V14', 'V15', 'V16', 'V17', 'V18', 'V19', 'V20', 'V21', 'V22', 'V23', 'V24', 'V25', 'V26', 'V27', 'V28', 'Time_sin', 'Time_cos']"
CostSensitiveLearning_with_RandomUnderSampler___RandomizedSearchCV__niter_30__cv_5,9,1,StackingClassifier,resubstitution,426,22004,130,0,0.9942375886524822,0.7661870503597122,1.0,0.8676171079429735,0.994126682931237,0.00587331706876304,0.9970633414656185,0.997059016774452,0.8727468080027387,0.8647245450781653,0.9998509929490499,0.9906551027050507,22560,0.8587213140139758,0.028649545595862295,0.7788646617444288,0.01119096083986641,"{'classifier__extratreesclassifier_0__ccp_alpha': np.float64(0.004971670596247016), 'classifier__extratreesclassifier_0__max_depth': 3, 'classifier__extratreesclassifier_0__max_features': 'log2', 'classifier__extratreesclassifier_0__max_leaf_nodes': 7, 'classifier__extratreesclassifier_0__min_impurity_decrease': np.float64(0.04176864844163574), 'classifier__extratreesclassifier_0__min_samples_leaf': 7, 'classifier__extratreesclassifier_0__min_samples_split': 6, 'classifier__extratreesclassifier_0__n_estimators': 781, 'classifier__randomforestclassifier_1__ccp_alpha': np.float64(0.0033911815806288957), 'classifier__randomforestclassifier_1__max_depth': 5, 'classifier__randomforestclassifier_1__max_features': 'sqrt', 'classifier__randomforestclassifier_1__max_leaf_nodes': 13, 'classifier__randomforestclassifier_1__max_samples': np.float64(0.6562836656752097), 'classifier__randomforestclassifier_1__min_impurity_decrease': np.float64(0.07019553764784096), 'classifier__randomforestclassifier_1__min_samples_leaf': 4, 'classifier__randomforestclassifier_1__min_samples_split': 5, 'classifier__randomforestclassifier_1__n_estimators': 880, 'classifier__xgbclassifier_2__colsample_bytree': np.float64(0.6242909569741965), 'classifier__xgbclassifier_2__gamma': np.float64(0.28839346847899794), 'classifier__xgbclassifier_2__learning_rate': np.float64(0.0646519504196108), 'classifier__xgbclassifier_2__max_delta_step': 6, 'classifier__xgbclassifier_2__max_depth': 6, 'classifier__xgbclassifier_2__min_child_weight': 1, 'classifier__xgbclassifier_2__n_estimators': 405, 'classifier__xgbclassifier_2__reg_alpha': np.float64(0.00046905335502118686), 'classifier__xgbclassifier_2__reg_lambda': np.float64(0.000972003954107486), 'classifier__xgbclassifier_2__scale_pos_weight': np.float64(11.094779856414725), 'classifier__xgbclassifier_2__subsample': np.float64(0.6184590250785869), 'feature_selection_filter__k': 26}",70.59277629852295,"[0, 1, 2, 3, 4, 5, 6, 7, 8, 9, 10, 11, 12, 14, 16, 17, 18, 19, 20, 21, 22, 24, 27, 28, 29, 30]","['Amount_log1p', 'V1', 'V2', 'V3', 'V4', 'V5', 'V6', 'V7', 'V8', 'V9', 'V10', 'V11', 'V12', 'V14', 'V16', 'V17', 'V18', 'V19', 'V20', 'V21', 'V22', 'V24', 'V27', 'V28', 'Time_sin', 'Time_cos']"
CostSensitiveLearning_with_RandomUnderSampler___RandomizedSearchCV__niter_30__cv_5,9,2,StackingClassifier,resubstitution,398,21991,143,28,0.9924202127659575,0.7356746765249538,0.9342723004694836,0.8231644260599793,0.9935393512243608,0.006460648775639233,0.9639058258469222,0.9634502038379263,0.8254621157199878,0.8193474863574984,0.9943861991260233,0.9436841136180139,22560,0.8044405041144721,0.03449891281943878,0.7700955814629519,0.047831987688560736,"{'classifier__extratreesclassifier_0__ccp_alpha': np.float64(0.006289343337329955), 'classifier__extratreesclassifier_0__max_depth': 11, 'classifier__extratreesclassifier_0__max_features': 'log2', 'classifier__extratreesclassifier_0__max_leaf_nodes': 14, 'classifier__extratreesclassifier_0__min_impurity_decrease': np.float64(0.008438843423226561), 'classifier__extratreesclassifier_0__min_samples_leaf': 1, 'classifier__extratreesclassifier_0__min_samples_split': 8, 'classifier__extratreesclassifier_0__n_estimators': 388, 'classifier__randomforestclassifier_1__ccp_alpha': np.float64(0.002326863788928809), 'classifier__randomforestclassifier_1__max_depth': 18, 'classifier__randomforestclassifier_1__max_features': 'sqrt', 'classifier__randomforestclassifier_1__max_leaf_nodes': 6, 'classifier__randomforestclassifier_1__max_samples': np.float64(0.6682155056742872), 'classifier__randomforestclassifier_1__min_impurity_decrease': np.float64(0.08689078523201246), 'classifier__randomforestclassifier_1__min_samples_leaf': 5, 'classifier__randomforestclassifier_1__min_samples_split': 8, 'classifier__randomforestclassifier_1__n_estimators': 874, 'classifier__xgbclassifier_2__colsample_bytree': np.float64(0.6716534941008601), 'classifier__xgbclassifier_2__gamma': np.float64(2.75735306210127), 'classifier__xgbclassifier_2__learning_rate': np.float64(0.05390090165611016), 'classifier__xgbclassifier_2__max_delta_step': 3, 'classifier__xgbclassifier_2__max_depth': 5, 'classifier__xgbclassifier_2__min_child_weight': 5, 'classifier__xgbclassifier_2__n_estimators': 616, 'classifier__xgbclassifier_2__reg_alpha': np.float64(0.00014037344715713216), 'classifier__xgbclassifier_2__reg_lambda': np.float64(0.00018613917703449916), 'classifier__xgbclassifier_2__scale_pos_weight': np.float64(0.8570948928809693), 'classifier__xgbclassifier_2__subsample': np.float64(0.8513882319533668), 'feature_selection_filter__k': 'all'}",74.73611307144165,"[0, 1, 2, 3, 4, 5, 6, 7, 8, 9, 10, 11, 12, 13, 14, 15, 16, 17, 18, 19, 20, 21, 22, 23, 24, 25, 26, 27, 28, 29, 30]","['Amount_log1p', 'V1', 'V2', 'V3', 'V4', 'V5', 'V6', 'V7', 'V8', 'V9', 'V10', 'V11', 'V12', 'V13', 'V14', 'V15', 'V16', 'V17', 'V18', 'V19', 'V20', 'V21', 'V22', 'V23', 'V24', 'V25', 'V26', 'V27', 'V28', 'Time_sin', 'Time_cos']"
CostSensitiveLearning_with_RandomUnderSampler___RandomizedSearchCV__niter_30__cv_5,9,3,StackingClassifier,resubstitution,426,21997,137,0,0.993927304964539,0.7566607460035524,1.0,0.8614762386248737,0.9938104273967652,0.0061895726032348275,0.9969052136983826,0.996900409969203,0.8671662697430901,0.858432723389216,0.9997479076440512,0.9792562055126497,22560,0.8773519224851274,0.01038398375276232,0.7923388532986129,0.024702749525257868,"{'classifier__extratreesclassifier_0__ccp_alpha': np.float64(0.00813440253710259), 'classifier__extratreesclassifier_0__max_depth': 12, 'classifier__extratreesclassifier_0__max_features': 'log2', 'classifier__extratreesclassifier_0__max_leaf_nodes': 2, 'classifier__extratreesclassifier_0__min_impurity_decrease': np.float64(0.01610763578336637), 'classifier__extratreesclassifier_0__min_samples_leaf': 2, 'classifier__extratreesclassifier_0__min_samples_split': 3, 'classifier__extratreesclassifier_0__n_estimators': 900, 'classifier__randomforestclassifier_1__ccp_alpha': np.float64(0.006081501009727978), 'classifier__randomforestclassifier_1__max_depth': 7, 'classifier__randomforestclassifier_1__max_features': 'log2', 'classifier__randomforestclassifier_1__max_leaf_nodes': 2, 'classifier__randomforestclassifier_1__max_samples': np.float64(0.6650931950910178), 'classifier__randomforestclassifier_1__min_impurity_decrease': np.float64(0.07237938906569814), 'classifier__randomforestclassifier_1__min_samples_leaf': 8, 'classifier__randomforestclassifier_1__min_samples_split': 9, 'classifier__randomforestclassifier_1__n_estimators': 396, 'classifier__xgbclassifier_2__colsample_bytree': np.float64(0.7263874275115969), 'classifier__xgbclassifier_2__gamma': np.float64(0.3677747561309441), 'classifier__xgbclassifier_2__learning_rate': np.float64(0.06325216419033217), 'classifier__xgbclassifier_2__max_delta_step': 2, 'classifier__xgbclassifier_2__max_depth': 8, 'classifier__xgbclassifier_2__min_child_weight': 2, 'classifier__xgbclassifier_2__n_estimators': 329, 'classifier__xgbclassifier_2__reg_alpha': np.float64(0.00992320997197969), 'classifier__xgbclassifier_2__reg_lambda': np.float64(0.0027736384074674458), 'classifier__xgbclassifier_2__scale_pos_weight': np.float64(16.852018551068415), 'classifier__xgbclassifier_2__subsample': np.float64(0.8814167255298433), 'feature_selection_filter__k': 28}",92.32173299789429,"[0, 1, 2, 3, 4, 5, 6, 7, 8, 9, 10, 11, 12, 14, 16, 17, 18, 19, 20, 21, 22, 23, 24, 25, 27, 28, 29, 30]","['Amount_log1p', 'V1', 'V2', 'V3', 'V4', 'V5', 'V6', 'V7', 'V8', 'V9', 'V10', 'V11', 'V12', 'V14', 'V16', 'V17', 'V18', 'V19', 'V20', 'V21', 'V22', 'V23', 'V24', 'V25', 'V27', 'V28', 'Time_sin', 'Time_cos']"
CostSensitiveLearning_with_RandomUnderSampler___RandomizedSearchCV__niter_30__cv_5,9,4,StackingClassifier,resubstitution,387,21932,202,39,0.9893173758865248,0.6570458404074703,0.9084507042253521,0.7625615763546798,0.9908737688623837,0.009126231137616347,0.9496622365438678,0.9487676075422586,0.7676594576399111,0.7572414206959887,0.9868553509545572,0.9099712150436094,22560,0.7986899699698637,0.030642440052602613,0.7839138921460636,0.02179518504679331,"{'classifier__extratreesclassifier_0__ccp_alpha': np.float64(0.008695211401516604), 'classifier__extratreesclassifier_0__max_depth': 17, 'classifier__extratreesclassifier_0__max_features': 'log2', 'classifier__extratreesclassifier_0__max_leaf_nodes': 3, 'classifier__extratreesclassifier_0__min_impurity_decrease': np.float64(0.069819531675078), 'classifier__extratreesclassifier_0__min_samples_leaf': 4, 'classifier__extratreesclassifier_0__min_samples_split': 5, 'classifier__extratreesclassifier_0__n_estimators': 526, 'classifier__randomforestclassifier_1__ccp_alpha': np.float64(0.0005039402731078824), 'classifier__randomforestclassifier_1__max_depth': 6, 'classifier__randomforestclassifier_1__max_features': 'sqrt', 'classifier__randomforestclassifier_1__max_leaf_nodes': 19, 'classifier__randomforestclassifier_1__max_samples': np.float64(0.7911634944518477), 'classifier__randomforestclassifier_1__min_impurity_decrease': np.float64(0.0994171498404126), 'classifier__randomforestclassifier_1__min_samples_leaf': 5, 'classifier__randomforestclassifier_1__min_samples_split': 9, 'classifier__randomforestclassifier_1__n_estimators': 484, 'classifier__xgbclassifier_2__colsample_bytree': np.float64(0.8644990486126053), 'classifier__xgbclassifier_2__gamma': np.float64(3.253767202428872), 'classifier__xgbclassifier_2__learning_rate': np.float64(0.06382806055597905), 'classifier__xgbclassifier_2__max_delta_step': 3, 'classifier__xgbclassifier_2__max_depth': 8, 'classifier__xgbclassifier_2__min_child_weight': 1, 'classifier__xgbclassifier_2__n_estimators': 773, 'classifier__xgbclassifier_2__reg_alpha': np.float64(0.000410970429258415), 'classifier__xgbclassifier_2__reg_lambda': np.float64(0.021331402350941872), 'classifier__xgbclassifier_2__scale_pos_weight': np.float64(0.5200272748616751), 'classifier__xgbclassifier_2__subsample': np.float64(0.752595150101959), 'feature_selection_filter__k': 24}",66.07452988624573,"[0, 1, 2, 3, 4, 5, 6, 7, 8, 9, 10, 11, 12, 14, 16, 17, 18, 19, 20, 21, 23, 27, 28, 29]","['Amount_log1p', 'V1', 'V2', 'V3', 'V4', 'V5', 'V6', 'V7', 'V8', 'V9', 'V10', 'V11', 'V12', 'V14', 'V16', 'V17', 'V18', 'V19', 'V20', 'V21', 'V23', 'V27', 'V28', 'Time_sin']"
CostSensitiveLearning_with_RandomUnderSampler___RandomizedSearchCV__niter_30__cv_5,9,5,StackingClassifier,resubstitution,403,21952,183,22,0.9909131205673759,0.6877133105802048,0.9482352941176471,0.7972304648862513,0.9917325502597696,0.008267449740230415,0.9699839221887083,0.9697400716076534,0.8034222539025568,0.7927033813445594,0.995936592301253,0.9455473281010389,22560,0.8138309870113538,0.011617088828958901,0.765355344856664,0.01888661980846189,"{'classifier__extratreesclassifier_0__ccp_alpha': np.float64(0.009022731947284689), 'classifier__extratreesclassifier_0__max_depth': 17, 'classifier__extratreesclassifier_0__max_features': 'log2', 'classifier__extratreesclassifier_0__max_leaf_nodes': 13, 'classifier__extratreesclassifier_0__min_impurity_decrease': np.float64(0.07063825252155242), 'classifier__extratreesclassifier_0__min_samples_leaf': 1, 'classifier__extratreesclassifier_0__min_samples_split': 2, 'classifier__extratreesclassifier_0__n_estimators': 971, 'classifier__randomforestclassifier_1__ccp_alpha': np.float64(0.006709028760983177), 'classifier__randomforestclassifier_1__max_depth': 6, 'classifier__randomforestclassifier_1__max_features': 'sqrt', 'classifier__randomforestclassifier_1__max_leaf_nodes': 13, 'classifier__randomforestclassifier_1__max_samples': np.float64(0.5580422760415036), 'classifier__randomforestclassifier_1__min_impurity_decrease': np.float64(0.09393929254410567), 'classifier__randomforestclassifier_1__min_samples_leaf': 7, 'classifier__randomforestclassifier_1__min_samples_split': 3, 'classifier__randomforestclassifier_1__n_estimators': 395, 'classifier__xgbclassifier_2__colsample_bytree': np.float64(0.8125171297894814), 'classifier__xgbclassifier_2__gamma': np.float64(4.855198834733922), 'classifier__xgbclassifier_2__learning_rate': np.float64(0.07064700190899688), 'classifier__xgbclassifier_2__max_delta_step': 5, 'classifier__xgbclassifier_2__max_depth': 4, 'classifier__xgbclassifier_2__min_child_weight': 1, 'classifier__xgbclassifier_2__n_estimators': 595, 'classifier__xgbclassifier_2__reg_alpha': np.float64(0.9296211128131248), 'classifier__xgbclassifier_2__reg_lambda': np.float64(0.002088975409248435), 'classifier__xgbclassifier_2__scale_pos_weight': np.float64(1.1050214300377428), 'classifier__xgbclassifier_2__subsample': np.float64(0.8057762318704644), 'feature_selection_filter__k': 'all'}",67.67844128608704,"[0, 1, 2, 3, 4, 5, 6, 7, 8, 9, 10, 11, 12, 13, 14, 15, 16, 17, 18, 19, 20, 21, 22, 23, 24, 25, 26, 27, 28, 29, 30]","['Amount_log1p', 'V1', 'V2', 'V3', 'V4', 'V5', 'V6', 'V7', 'V8', 'V9', 'V10', 'V11', 'V12', 'V13', 'V14', 'V15', 'V16', 'V17', 'V18', 'V19', 'V20', 'V21', 'V22', 'V23', 'V24', 'V25', 'V26', 'V27', 'V28', 'Time_sin', 'Time_cos']"
CostSensitiveLearning_with_RandomUnderSampler___RandomizedSearchCV__niter_30__cv_5,9,6,StackingClassifier,resubstitution,392,21978,157,33,0.9915780141843972,0.7140255009107468,0.9223529411764706,0.8049281314168378,0.9929071606053761,0.0070928393946239066,0.9576300508909233,0.9569800624357578,0.8075560962482772,0.8006955012812232,0.9903552266174145,0.9211741014348442,22560,0.803456834331086,0.020636854668135245,0.7686787377769498,0.023975536598059868,"{'classifier__extratreesclassifier_0__ccp_alpha': np.float64(0.0064254334321318975), 'classifier__extratreesclassifier_0__max_depth': 9, 'classifier__extratreesclassifier_0__max_features': 'sqrt', 'classifier__extratreesclassifier_0__max_leaf_nodes': 5, 'classifier__extratreesclassifier_0__min_impurity_decrease': np.float64(0.04203406145421027), 'classifier__extratreesclassifier_0__min_samples_leaf': 6, 'classifier__extratreesclassifier_0__min_samples_split': 4, 'classifier__extratreesclassifier_0__n_estimators': 881, 'classifier__randomforestclassifier_1__ccp_alpha': np.float64(0.00014236378349330892), 'classifier__randomforestclassifier_1__max_depth': 13, 'classifier__randomforestclassifier_1__max_features': 'log2', 'classifier__randomforestclassifier_1__max_leaf_nodes': 17, 'classifier__randomforestclassifier_1__max_samples': np.float64(0.5538234344435514), 'classifier__randomforestclassifier_1__min_impurity_decrease': np.float64(0.08058447467470956), 'classifier__randomforestclassifier_1__min_samples_leaf': 9, 'classifier__randomforestclassifier_1__min_samples_split': 7, 'classifier__randomforestclassifier_1__n_estimators': 289, 'classifier__xgbclassifier_2__colsample_bytree': np.float64(0.9558460859839184), 'classifier__xgbclassifier_2__gamma': np.float64(1.2411411477721805), 'classifier__xgbclassifier_2__learning_rate': np.float64(0.13396732875000486), 'classifier__xgbclassifier_2__max_delta_step': 8, 'classifier__xgbclassifier_2__max_depth': 3, 'classifier__xgbclassifier_2__min_child_weight': 7, 'classifier__xgbclassifier_2__n_estimators': 538, 'classifier__xgbclassifier_2__reg_alpha': np.float64(0.0019234247702794188), 'classifier__xgbclassifier_2__reg_lambda': np.float64(1.6374011029877484), 'classifier__xgbclassifier_2__scale_pos_weight': np.float64(0.6944838344293944), 'classifier__xgbclassifier_2__subsample': np.float64(0.9385477511920468), 'feature_selection_filter__k': 20}",69.65035653114319,"[1, 2, 3, 4, 5, 6, 7, 8, 9, 10, 11, 12, 14, 16, 17, 18, 19, 20, 21, 27]","['V1', 'V2', 'V3', 'V4', 'V5', 'V6', 'V7', 'V8', 'V9', 'V10', 'V11', 'V12', 'V14', 'V16', 'V17', 'V18', 'V19', 'V20', 'V21', 'V27']"
CostSensitiveLearning_with_RandomUnderSampler___RandomizedSearchCV__niter_30__cv_5,9,7,StackingClassifier,resubstitution,425,21976,159,0,0.9929521276595744,0.7277397260273972,1.0,0.8424182358771061,0.9928168059634064,0.007183194036593621,0.9964084029817032,0.9964019299275801,0.8500071943032041,0.8389051962936482,0.9996455972043211,0.9728091564662393,22560,0.8451225393782176,0.01847846214799338,0.7594115661517538,0.04066025100957298,"{'classifier__extratreesclassifier_0__ccp_alpha': np.float64(0.007871303258672569), 'classifier__extratreesclassifier_0__max_depth': 7, 'classifier__extratreesclassifier_0__max_features': 'log2', 'classifier__extratreesclassifier_0__max_leaf_nodes': 15, 'classifier__extratreesclassifier_0__min_impurity_decrease': np.float64(0.08408758620493184), 'classifier__extratreesclassifier_0__min_samples_leaf': 7, 'classifier__extratreesclassifier_0__min_samples_split': 5, 'classifier__extratreesclassifier_0__n_estimators': 894, 'classifier__randomforestclassifier_1__ccp_alpha': np.float64(0.0016301143000816733), 'classifier__randomforestclassifier_1__max_depth': 16, 'classifier__randomforestclassifier_1__max_features': 'sqrt', 'classifier__randomforestclassifier_1__max_leaf_nodes': 15, 'classifier__randomforestclassifier_1__max_samples': np.float64(0.5102916296850087), 'classifier__randomforestclassifier_1__min_impurity_decrease': np.float64(0.07048151941833607), 'classifier__randomforestclassifier_1__min_samples_leaf': 8, 'classifier__randomforestclassifier_1__min_samples_split': 7, 'classifier__randomforestclassifier_1__n_estimators': 881, 'classifier__xgbclassifier_2__colsample_bytree': np.float64(0.9031133894854112), 'classifier__xgbclassifier_2__gamma': np.float64(0.9012874416202149), 'classifier__xgbclassifier_2__learning_rate': np.float64(0.10697910602707066), 'classifier__xgbclassifier_2__max_delta_step': 3, 'classifier__xgbclassifier_2__max_depth': 7, 'classifier__xgbclassifier_2__min_child_weight': 5, 'classifier__xgbclassifier_2__n_estimators': 630, 'classifier__xgbclassifier_2__reg_alpha': np.float64(0.29195841154861274), 'classifier__xgbclassifier_2__reg_lambda': np.float64(0.001156823601065566), 'classifier__xgbclassifier_2__scale_pos_weight': np.float64(3.870234289579146), 'classifier__xgbclassifier_2__subsample': np.float64(0.9781878585923263), 'feature_selection_filter__k': 24}",88.03479409217834,"[0, 1, 2, 3, 4, 5, 6, 7, 8, 9, 10, 11, 12, 14, 16, 17, 18, 19, 20, 21, 23, 27, 28, 29]","['Amount_log1p', 'V1', 'V2', 'V3', 'V4', 'V5', 'V6', 'V7', 'V8', 'V9', 'V10', 'V11', 'V12', 'V14', 'V16', 'V17', 'V18', 'V19', 'V20', 'V21', 'V23', 'V27', 'V28', 'Time_sin']"
CostSensitiveLearning_with_RandomUnderSampler___RandomizedSearchCV__niter_30__cv_5,9,8,StackingClassifier,resubstitution,411,22004,131,15,0.9935286556446966,0.7583025830258303,0.9647887323943662,0.8491735537190083,0.9940817709509826,0.005918229049017398,0.9794352516726744,0.9793257331920494,0.8523266793124669,0.845915454849601,0.9981211112772561,0.9627039746033401,22561,0.8442950658934777,0.0071818626037116525,0.7842728035907076,0.04991733760594066,"{'classifier__extratreesclassifier_0__ccp_alpha': np.float64(0.0034772942412593755), 'classifier__extratreesclassifier_0__max_depth': 18, 'classifier__extratreesclassifier_0__max_features': 'log2', 'classifier__extratreesclassifier_0__max_leaf_nodes': 12, 'classifier__extratreesclassifier_0__min_impurity_decrease': np.float64(0.04548329355390435), 'classifier__extratreesclassifier_0__min_samples_leaf': 2, 'classifier__extratreesclassifier_0__min_samples_split': 2, 'classifier__extratreesclassifier_0__n_estimators': 290, 'classifier__randomforestclassifier_1__ccp_alpha': np.float64(6.402740028970011e-05), 'classifier__randomforestclassifier_1__max_depth': 5, 'classifier__randomforestclassifier_1__max_features': 'sqrt', 'classifier__randomforestclassifier_1__max_leaf_nodes': 7, 'classifier__randomforestclassifier_1__max_samples': np.float64(0.7626575738526651), 'classifier__randomforestclassifier_1__min_impurity_decrease': np.float64(0.0889574331067518), 'classifier__randomforestclassifier_1__min_samples_leaf': 6, 'classifier__randomforestclassifier_1__min_samples_split': 7, 'classifier__randomforestclassifier_1__n_estimators': 147, 'classifier__xgbclassifier_2__colsample_bytree': np.float64(0.9383744922762324), 'classifier__xgbclassifier_2__gamma': np.float64(3.044845007543438), 'classifier__xgbclassifier_2__learning_rate': np.float64(0.011477862019224771), 'classifier__xgbclassifier_2__max_delta_step': 4, 'classifier__xgbclassifier_2__max_depth': 5, 'classifier__xgbclassifier_2__min_child_weight': 2, 'classifier__xgbclassifier_2__n_estimators': 596, 'classifier__xgbclassifier_2__reg_alpha': np.float64(0.00047960230102493483), 'classifier__xgbclassifier_2__reg_lambda': np.float64(0.00027354905949234366), 'classifier__xgbclassifier_2__scale_pos_weight': np.float64(1.0026351298017884), 'classifier__xgbclassifier_2__subsample': np.float64(0.8470097048851565), 'feature_selection_filter__k': 'all'}",58.8026442527771,"[0, 1, 2, 3, 4, 5, 6, 7, 8, 9, 10, 11, 12, 13, 14, 15, 16, 17, 18, 19, 20, 21, 22, 23, 24, 25, 26, 27, 28, 29, 30]","['Amount_log1p', 'V1', 'V2', 'V3', 'V4', 'V5', 'V6', 'V7', 'V8', 'V9', 'V10', 'V11', 'V12', 'V13', 'V14', 'V15', 'V16', 'V17', 'V18', 'V19', 'V20', 'V21', 'V22', 'V23', 'V24', 'V25', 'V26', 'V27', 'V28', 'Time_sin', 'Time_cos']"
CostSensitiveLearning_with_RandomUnderSampler___RandomizedSearchCV__niter_30__cv_5,9,9,StackingClassifier,resubstitution,426,22000,135,0,0.9940162226851647,0.7593582887700535,1.0,0.8632218844984803,0.9939010616670432,0.006098938332956827,0.9969505308335216,0.9969458669692368,0.8687502572052714,0.860221567632649,0.999772628694386,0.9774440453499198,22561,0.8670198927775704,0.016093377129172578,0.7925407003720256,0.03397921892738026,"{'classifier__extratreesclassifier_0__ccp_alpha': np.float64(0.007531361454304051), 'classifier__extratreesclassifier_0__max_depth': 11, 'classifier__extratreesclassifier_0__max_features': 'log2', 'classifier__extratreesclassifier_0__max_leaf_nodes': 6, 'classifier__extratreesclassifier_0__min_impurity_decrease': np.float64(0.0436435660380145), 'classifier__extratreesclassifier_0__min_samples_leaf': 4, 'classifier__extratreesclassifier_0__min_samples_split': 3, 'classifier__extratreesclassifier_0__n_estimators': 454, 'classifier__randomforestclassifier_1__ccp_alpha': np.float64(0.005153724921357693), 'classifier__randomforestclassifier_1__max_depth': 16, 'classifier__randomforestclassifier_1__max_features': 'log2', 'classifier__randomforestclassifier_1__max_leaf_nodes': 8, 'classifier__randomforestclassifier_1__max_samples': np.float64(0.8110754928900883), 'classifier__randomforestclassifier_1__min_impurity_decrease': np.float64(0.08681854947299969), 'classifier__randomforestclassifier_1__min_samples_leaf': 1, 'classifier__randomforestclassifier_1__min_samples_split': 2, 'classifier__randomforestclassifier_1__n_estimators': 517, 'classifier__xgbclassifier_2__colsample_bytree': np.float64(0.8208778687913342), 'classifier__xgbclassifier_2__gamma': np.float64(0.07312648822700163), 'classifier__xgbclassifier_2__learning_rate': np.float64(0.024198048762174462), 'classifier__xgbclassifier_2__max_delta_step': 6, 'classifier__xgbclassifier_2__max_depth': 5, 'classifier__xgbclassifier_2__min_child_weight': 4, 'classifier__xgbclassifier_2__n_estimators': 649, 'classifier__xgbclassifier_2__reg_alpha': np.float64(0.012580678217754424), 'classifier__xgbclassifier_2__reg_lambda': np.float64(0.034424092015590775), 'classifier__xgbclassifier_2__scale_pos_weight': np.float64(2.562352013406305), 'classifier__xgbclassifier_2__subsample': np.float64(0.8884679080027946), 'feature_selection_filter__k': 24}",68.80385565757751,"[0, 1, 2, 3, 4, 5, 6, 7, 8, 9, 10, 11, 12, 14, 16, 17, 18, 19, 20, 21, 23, 27, 28, 29]","['Amount_log1p', 'V1', 'V2', 'V3', 'V4', 'V5', 'V6', 'V7', 'V8', 'V9', 'V10', 'V11', 'V12', 'V14', 'V16', 'V17', 'V18', 'V19', 'V20', 'V21', 'V23', 'V27', 'V28', 'Time_sin']"
CostSensitiveLearning_with_RandomUnderSampler___RandomizedSearchCV__niter_30__cv_5,9,10,StackingClassifier,resubstitution,397,21951,184,29,0.990558929125482,0.6833046471600689,0.931924882629108,0.788480635551142,0.9916873729387847,0.008312627061215272,0.9618061277839464,0.9613418427545664,0.7936560651226796,0.7837692863746104,0.992833773971288,0.9356628582884637,22561,0.7838291915101988,0.05019363005130283,0.7494188706063714,0.03641762031258868,"{'classifier__extratreesclassifier_0__ccp_alpha': np.float64(0.002098340658793979), 'classifier__extratreesclassifier_0__max_depth': 18, 'classifier__extratreesclassifier_0__max_features': 'log2', 'classifier__extratreesclassifier_0__max_leaf_nodes': 2, 'classifier__extratreesclassifier_0__min_impurity_decrease': np.float64(0.0645907315168405), 'classifier__extratreesclassifier_0__min_samples_leaf': 6, 'classifier__extratreesclassifier_0__min_samples_split': 5, 'classifier__extratreesclassifier_0__n_estimators': 452, 'classifier__randomforestclassifier_1__ccp_alpha': np.float64(0.008638147865917267), 'classifier__randomforestclassifier_1__max_depth': 9, 'classifier__randomforestclassifier_1__max_features': 'log2', 'classifier__randomforestclassifier_1__max_leaf_nodes': 7, 'classifier__randomforestclassifier_1__max_samples': np.float64(0.6773872101649122), 'classifier__randomforestclassifier_1__min_impurity_decrease': np.float64(0.07462708634281057), 'classifier__randomforestclassifier_1__min_samples_leaf': 2, 'classifier__randomforestclassifier_1__min_samples_split': 9, 'classifier__randomforestclassifier_1__n_estimators': 146, 'classifier__xgbclassifier_2__colsample_bytree': np.float64(0.8611058591497567), 'classifier__xgbclassifier_2__gamma': np.float64(1.967229593357419), 'classifier__xgbclassifier_2__learning_rate': np.float64(0.10904472827613461), 'classifier__xgbclassifier_2__max_delta_step': 5, 'classifier__xgbclassifier_2__max_depth': 4, 'classifier__xgbclassifier_2__min_child_weight': 3, 'classifier__xgbclassifier_2__n_estimators': 358, 'classifier__xgbclassifier_2__reg_alpha': np.float64(0.06836811326906782), 'classifier__xgbclassifier_2__reg_lambda': np.float64(0.00017257266122504001), 'classifier__xgbclassifier_2__scale_pos_weight': np.float64(0.5512161022216125), 'classifier__xgbclassifier_2__subsample': np.float64(0.8013790640414322), 'feature_selection_filter__k': 24}",65.18000173568726,"[0, 1, 2, 3, 4, 5, 6, 7, 8, 9, 10, 11, 12, 14, 16, 17, 18, 19, 20, 21, 24, 27, 28, 29]","['Amount_log1p', 'V1', 'V2', 'V3', 'V4', 'V5', 'V6', 'V7', 'V8', 'V9', 'V10', 'V11', 'V12', 'V14', 'V16', 'V17', 'V18', 'V19', 'V20', 'V21', 'V24', 'V27', 'V28', 'Time_sin']"
CostSensitiveLearning_with_RandomUnderSampler___RandomizedSearchCV__niter_30__cv_5,10,1,StackingClassifier,resubstitution,426,22003,131,0,0.9941932624113475,0.7648114901256733,1.0,0.866734486266531,0.9940815035691696,0.005918496430830422,0.9970407517845847,0.9970363602041651,0.8719432068954414,0.8638203189064044,0.9997785574929655,0.9837652043228927,22560,0.8502854830627454,0.03000944362305484,0.7793953806789494,0.04160775059556052,"{'classifier__extratreesclassifier_0__ccp_alpha': np.float64(0.00717799792075139), 'classifier__extratreesclassifier_0__max_depth': 6, 'classifier__extratreesclassifier_0__max_features': 'log2', 'classifier__extratreesclassifier_0__max_leaf_nodes': 10, 'classifier__extratreesclassifier_0__min_impurity_decrease': np.float64(0.049127767295226624), 'classifier__extratreesclassifier_0__min_samples_leaf': 2, 'classifier__extratreesclassifier_0__min_samples_split': 9, 'classifier__extratreesclassifier_0__n_estimators': 306, 'classifier__randomforestclassifier_1__ccp_alpha': np.float64(0.007064905670571795), 'classifier__randomforestclassifier_1__max_depth': 15, 'classifier__randomforestclassifier_1__max_features': 'sqrt', 'classifier__randomforestclassifier_1__max_leaf_nodes': 15, 'classifier__randomforestclassifier_1__max_samples': np.float64(0.8644484754709287), 'classifier__randomforestclassifier_1__min_impurity_decrease': np.float64(0.03733547192760727), 'classifier__randomforestclassifier_1__min_samples_leaf': 9, 'classifier__randomforestclassifier_1__min_samples_split': 4, 'classifier__randomforestclassifier_1__n_estimators': 220, 'classifier__xgbclassifier_2__colsample_bytree': np.float64(0.6835751727647349), 'classifier__xgbclassifier_2__gamma': np.float64(1.7997091160768208), 'classifier__xgbclassifier_2__learning_rate': np.float64(0.012999044734756231), 'classifier__xgbclassifier_2__max_delta_step': 0, 'classifier__xgbclassifier_2__max_depth': 9, 'classifier__xgbclassifier_2__min_child_weight': 1, 'classifier__xgbclassifier_2__n_estimators': 790, 'classifier__xgbclassifier_2__reg_alpha': np.float64(0.0003569804494074322), 'classifier__xgbclassifier_2__reg_lambda': np.float64(0.15139068238004869), 'classifier__xgbclassifier_2__scale_pos_weight': np.float64(2.8112506291702037), 'classifier__xgbclassifier_2__subsample': np.float64(0.6064927055612493), 'feature_selection_filter__k': 'all'}",65.09773755073547,"[0, 1, 2, 3, 4, 5, 6, 7, 8, 9, 10, 11, 12, 13, 14, 15, 16, 17, 18, 19, 20, 21, 22, 23, 24, 25, 26, 27, 28, 29, 30]","['Amount_log1p', 'V1', 'V2', 'V3', 'V4', 'V5', 'V6', 'V7', 'V8', 'V9', 'V10', 'V11', 'V12', 'V13', 'V14', 'V15', 'V16', 'V17', 'V18', 'V19', 'V20', 'V21', 'V22', 'V23', 'V24', 'V25', 'V26', 'V27', 'V28', 'Time_sin', 'Time_cos']"
CostSensitiveLearning_with_RandomUnderSampler___RandomizedSearchCV__niter_30__cv_5,10,2,StackingClassifier,resubstitution,400,21989,145,26,0.9924202127659575,0.7339449541284404,0.9389671361502347,0.82389289392379,0.9934489925002259,0.006551007499774109,0.9662080643252303,0.965823977440648,0.8265838839780553,0.8200790805832823,0.9974560625401152,0.9450983226028943,22560,0.7971014101010582,0.007672663081271969,0.7641593867465752,0.031123954715961424,"{'classifier__extratreesclassifier_0__ccp_alpha': np.float64(0.003773643747392117), 'classifier__extratreesclassifier_0__max_depth': 16, 'classifier__extratreesclassifier_0__max_features': 'log2', 'classifier__extratreesclassifier_0__max_leaf_nodes': 19, 'classifier__extratreesclassifier_0__min_impurity_decrease': np.float64(0.03669787154869455), 'classifier__extratreesclassifier_0__min_samples_leaf': 8, 'classifier__extratreesclassifier_0__min_samples_split': 9, 'classifier__extratreesclassifier_0__n_estimators': 795, 'classifier__randomforestclassifier_1__ccp_alpha': np.float64(0.007987634212963718), 'classifier__randomforestclassifier_1__max_depth': 9, 'classifier__randomforestclassifier_1__max_features': 'sqrt', 'classifier__randomforestclassifier_1__max_leaf_nodes': 5, 'classifier__randomforestclassifier_1__max_samples': np.float64(0.7461106206596702), 'classifier__randomforestclassifier_1__min_impurity_decrease': np.float64(0.0774762008752396), 'classifier__randomforestclassifier_1__min_samples_leaf': 5, 'classifier__randomforestclassifier_1__min_samples_split': 9, 'classifier__randomforestclassifier_1__n_estimators': 581, 'classifier__xgbclassifier_2__colsample_bytree': np.float64(0.6273055565606606), 'classifier__xgbclassifier_2__gamma': np.float64(0.032693968451730226), 'classifier__xgbclassifier_2__learning_rate': np.float64(0.08499461694753854), 'classifier__xgbclassifier_2__max_delta_step': 3, 'classifier__xgbclassifier_2__max_depth': 7, 'classifier__xgbclassifier_2__min_child_weight': 4, 'classifier__xgbclassifier_2__n_estimators': 725, 'classifier__xgbclassifier_2__reg_alpha': np.float64(3.590760959342367), 'classifier__xgbclassifier_2__reg_lambda': np.float64(0.00039422060999930414), 'classifier__xgbclassifier_2__scale_pos_weight': np.float64(0.6217709092856042), 'classifier__xgbclassifier_2__subsample': np.float64(0.7610223510124001), 'feature_selection_filter__k': 24}",74.63197159767151,"[0, 1, 2, 3, 4, 5, 6, 7, 8, 9, 10, 11, 12, 14, 16, 17, 18, 19, 20, 21, 24, 27, 28, 29]","['Amount_log1p', 'V1', 'V2', 'V3', 'V4', 'V5', 'V6', 'V7', 'V8', 'V9', 'V10', 'V11', 'V12', 'V14', 'V16', 'V17', 'V18', 'V19', 'V20', 'V21', 'V24', 'V27', 'V28', 'Time_sin']"
CostSensitiveLearning_with_RandomUnderSampler___RandomizedSearchCV__niter_30__cv_5,10,3,StackingClassifier,resubstitution,421,21991,143,5,0.9934397163120567,0.7464539007092199,0.9882629107981221,0.8505050505050505,0.9935393512243608,0.006460648775639233,0.9909011310112414,0.990897618946309,0.8559479836744557,0.847217920924951,0.9995597663569442,0.9798757750246869,22560,0.851817673679576,0.009510005981440759,0.7788855470027272,0.037136623014777076,"{'classifier__extratreesclassifier_0__ccp_alpha': np.float64(0.008400033154235542), 'classifier__extratreesclassifier_0__max_depth': 3, 'classifier__extratreesclassifier_0__max_features': 'sqrt', 'classifier__extratreesclassifier_0__max_leaf_nodes': 18, 'classifier__extratreesclassifier_0__min_impurity_decrease': np.float64(0.06698033108160917), 'classifier__extratreesclassifier_0__min_samples_leaf': 7, 'classifier__extratreesclassifier_0__min_samples_split': 2, 'classifier__extratreesclassifier_0__n_estimators': 248, 'classifier__randomforestclassifier_1__ccp_alpha': np.float64(0.004776321256771739), 'classifier__randomforestclassifier_1__max_depth': 6, 'classifier__randomforestclassifier_1__max_features': 'sqrt', 'classifier__randomforestclassifier_1__max_leaf_nodes': 19, 'classifier__randomforestclassifier_1__max_samples': np.float64(0.7855330563078158), 'classifier__randomforestclassifier_1__min_impurity_decrease': np.float64(0.07393732922833288), 'classifier__randomforestclassifier_1__min_samples_leaf': 9, 'classifier__randomforestclassifier_1__min_samples_split': 7, 'classifier__randomforestclassifier_1__n_estimators': 396, 'classifier__xgbclassifier_2__colsample_bytree': np.float64(0.8872242841431905), 'classifier__xgbclassifier_2__gamma': np.float64(1.864510680023177), 'classifier__xgbclassifier_2__learning_rate': np.float64(0.02645250512884596), 'classifier__xgbclassifier_2__max_delta_step': 3, 'classifier__xgbclassifier_2__max_depth': 7, 'classifier__xgbclassifier_2__min_child_weight': 1, 'classifier__xgbclassifier_2__n_estimators': 477, 'classifier__xgbclassifier_2__reg_alpha': np.float64(0.012216976024878281), 'classifier__xgbclassifier_2__reg_lambda': np.float64(0.005128693077870387), 'classifier__xgbclassifier_2__scale_pos_weight': np.float64(0.9359975970694052), 'classifier__xgbclassifier_2__subsample': np.float64(0.6564988299150106), 'feature_selection_filter__k': 26}",67.80255818367004,"[0, 1, 2, 3, 4, 5, 6, 7, 8, 9, 10, 11, 12, 14, 16, 17, 18, 19, 20, 21, 22, 23, 24, 27, 28, 29]","['Amount_log1p', 'V1', 'V2', 'V3', 'V4', 'V5', 'V6', 'V7', 'V8', 'V9', 'V10', 'V11', 'V12', 'V14', 'V16', 'V17', 'V18', 'V19', 'V20', 'V21', 'V22', 'V23', 'V24', 'V27', 'V28', 'Time_sin']"
CostSensitiveLearning_with_RandomUnderSampler___RandomizedSearchCV__niter_30__cv_5,10,4,StackingClassifier,resubstitution,394,21982,152,32,0.9918439716312056,0.7216117216117216,0.9248826291079812,0.8106995884773662,0.993132736965754,0.006867263034246007,0.9590076830368677,0.9584003426638014,0.8130905256448346,0.8065966899139771,0.9934746577716351,0.9282131100578555,22560,0.7957397463994941,0.027259138226068427,0.7691434184644365,0.018279347521284836,"{'classifier__extratreesclassifier_0__ccp_alpha': np.float64(0.005391697977542044), 'classifier__extratreesclassifier_0__max_depth': 5, 'classifier__extratreesclassifier_0__max_features': 'log2', 'classifier__extratreesclassifier_0__max_leaf_nodes': 15, 'classifier__extratreesclassifier_0__min_impurity_decrease': np.float64(0.05222360425853395), 'classifier__extratreesclassifier_0__min_samples_leaf': 6, 'classifier__extratreesclassifier_0__min_samples_split': 5, 'classifier__extratreesclassifier_0__n_estimators': 812, 'classifier__randomforestclassifier_1__ccp_alpha': np.float64(0.0028600436090924987), 'classifier__randomforestclassifier_1__max_depth': 10, 'classifier__randomforestclassifier_1__max_features': 'log2', 'classifier__randomforestclassifier_1__max_leaf_nodes': 16, 'classifier__randomforestclassifier_1__max_samples': np.float64(0.8096126206086167), 'classifier__randomforestclassifier_1__min_impurity_decrease': np.float64(0.09802245036599917), 'classifier__randomforestclassifier_1__min_samples_leaf': 5, 'classifier__randomforestclassifier_1__min_samples_split': 6, 'classifier__randomforestclassifier_1__n_estimators': 502, 'classifier__xgbclassifier_2__colsample_bytree': np.float64(0.602789847010582), 'classifier__xgbclassifier_2__gamma': np.float64(4.644884996763815), 'classifier__xgbclassifier_2__learning_rate': np.float64(0.04049111723515664), 'classifier__xgbclassifier_2__max_delta_step': 0, 'classifier__xgbclassifier_2__max_depth': 9, 'classifier__xgbclassifier_2__min_child_weight': 4, 'classifier__xgbclassifier_2__n_estimators': 764, 'classifier__xgbclassifier_2__reg_alpha': np.float64(0.06973491759793132), 'classifier__xgbclassifier_2__reg_lambda': np.float64(0.04779081597656803), 'classifier__xgbclassifier_2__scale_pos_weight': np.float64(1.2023551475186784), 'classifier__xgbclassifier_2__subsample': np.float64(0.9823170282837613), 'feature_selection_filter__k': 28}",69.56835985183716,"[0, 1, 2, 3, 4, 5, 6, 7, 8, 9, 10, 11, 12, 14, 16, 17, 18, 19, 20, 21, 22, 23, 24, 26, 27, 28, 29, 30]","['Amount_log1p', 'V1', 'V2', 'V3', 'V4', 'V5', 'V6', 'V7', 'V8', 'V9', 'V10', 'V11', 'V12', 'V14', 'V16', 'V17', 'V18', 'V19', 'V20', 'V21', 'V22', 'V23', 'V24', 'V26', 'V27', 'V28', 'Time_sin', 'Time_cos']"
CostSensitiveLearning_with_RandomUnderSampler___RandomizedSearchCV__niter_30__cv_5,10,5,StackingClassifier,resubstitution,397,22016,119,28,0.9934840425531914,0.7693798449612403,0.9341176470588235,0.8437832093517534,0.994623898802801,0.005376101197199001,0.9643707729308122,0.9638961230641743,0.8446155049607095,0.8404876106041455,0.9945269535869465,0.9394787998180629,22560,0.8252880700071266,0.009853317450661819,0.7848892127933869,0.022711816631056127,"{'classifier__extratreesclassifier_0__ccp_alpha': np.float64(0.002807683231677084), 'classifier__extratreesclassifier_0__max_depth': 16, 'classifier__extratreesclassifier_0__max_features': 'log2', 'classifier__extratreesclassifier_0__max_leaf_nodes': 19, 'classifier__extratreesclassifier_0__min_impurity_decrease': np.float64(0.0593350090451453), 'classifier__extratreesclassifier_0__min_samples_leaf': 4, 'classifier__extratreesclassifier_0__min_samples_split': 2, 'classifier__extratreesclassifier_0__n_estimators': 892, 'classifier__randomforestclassifier_1__ccp_alpha': np.float64(0.002806338489647947), 'classifier__randomforestclassifier_1__max_depth': 16, 'classifier__randomforestclassifier_1__max_features': 'sqrt', 'classifier__randomforestclassifier_1__max_leaf_nodes': 4, 'classifier__randomforestclassifier_1__max_samples': np.float64(0.6371128478502359), 'classifier__randomforestclassifier_1__min_impurity_decrease': np.float64(0.07729478985785988), 'classifier__randomforestclassifier_1__min_samples_leaf': 5, 'classifier__randomforestclassifier_1__min_samples_split': 4, 'classifier__randomforestclassifier_1__n_estimators': 190, 'classifier__xgbclassifier_2__colsample_bytree': np.float64(0.685270359309595), 'classifier__xgbclassifier_2__gamma': np.float64(2.952246266702347), 'classifier__xgbclassifier_2__learning_rate': np.float64(0.0323511405140301), 'classifier__xgbclassifier_2__max_delta_step': 6, 'classifier__xgbclassifier_2__max_depth': 7, 'classifier__xgbclassifier_2__min_child_weight': 3, 'classifier__xgbclassifier_2__n_estimators': 332, 'classifier__xgbclassifier_2__reg_alpha': np.float64(0.0001141761223710481), 'classifier__xgbclassifier_2__reg_lambda': np.float64(0.0010759689861797221), 'classifier__xgbclassifier_2__scale_pos_weight': np.float64(0.7976768542141837), 'classifier__xgbclassifier_2__subsample': np.float64(0.8351537706344627), 'feature_selection_filter__k': 24}",65.29848647117615,"[1, 2, 3, 4, 5, 6, 7, 8, 9, 10, 11, 12, 14, 16, 17, 18, 19, 20, 21, 23, 24, 27, 28, 29]","['V1', 'V2', 'V3', 'V4', 'V5', 'V6', 'V7', 'V8', 'V9', 'V10', 'V11', 'V12', 'V14', 'V16', 'V17', 'V18', 'V19', 'V20', 'V21', 'V23', 'V24', 'V27', 'V28', 'Time_sin']"
CostSensitiveLearning_with_RandomUnderSampler___RandomizedSearchCV__niter_30__cv_5,10,6,StackingClassifier,resubstitution,424,21989,146,1,0.9934840425531914,0.743859649122807,0.9976470588235294,0.8522613065326633,0.9934041111362096,0.006595888863790367,0.9955255849798695,0.9955233245375229,0.8585790046833026,0.8490021718641151,0.9995452504019453,0.9713497973942782,22560,0.8284890952965723,0.017345871362549652,0.758293702914932,0.02513384530574188,"{'classifier__extratreesclassifier_0__ccp_alpha': np.float64(0.008356388403689664), 'classifier__extratreesclassifier_0__max_depth': 12, 'classifier__extratreesclassifier_0__max_features': 'log2', 'classifier__extratreesclassifier_0__max_leaf_nodes': 5, 'classifier__extratreesclassifier_0__min_impurity_decrease': np.float64(0.07374604367858746), 'classifier__extratreesclassifier_0__min_samples_leaf': 3, 'classifier__extratreesclassifier_0__min_samples_split': 8, 'classifier__extratreesclassifier_0__n_estimators': 937, 'classifier__randomforestclassifier_1__ccp_alpha': np.float64(0.0012454920395913605), 'classifier__randomforestclassifier_1__max_depth': 13, 'classifier__randomforestclassifier_1__max_features': 'sqrt', 'classifier__randomforestclassifier_1__max_leaf_nodes': 13, 'classifier__randomforestclassifier_1__max_samples': np.float64(0.6724900934252944), 'classifier__randomforestclassifier_1__min_impurity_decrease': np.float64(0.08993464098233507), 'classifier__randomforestclassifier_1__min_samples_leaf': 8, 'classifier__randomforestclassifier_1__min_samples_split': 4, 'classifier__randomforestclassifier_1__n_estimators': 485, 'classifier__xgbclassifier_2__colsample_bytree': np.float64(0.8112648499604109), 'classifier__xgbclassifier_2__gamma': np.float64(1.422439071195336), 'classifier__xgbclassifier_2__learning_rate': np.float64(0.026401679426486347), 'classifier__xgbclassifier_2__max_delta_step': 5, 'classifier__xgbclassifier_2__max_depth': 6, 'classifier__xgbclassifier_2__min_child_weight': 3, 'classifier__xgbclassifier_2__n_estimators': 586, 'classifier__xgbclassifier_2__reg_alpha': np.float64(0.0029433159125501545), 'classifier__xgbclassifier_2__reg_lambda': np.float64(0.0036138036469446333), 'classifier__xgbclassifier_2__scale_pos_weight': np.float64(1.2536023474586626), 'classifier__xgbclassifier_2__subsample': np.float64(0.7975138042282717), 'feature_selection_filter__k': 22}",80.27158689498901,"[1, 2, 3, 4, 5, 6, 7, 8, 9, 10, 11, 12, 14, 16, 17, 18, 19, 20, 21, 27, 28, 29]","['V1', 'V2', 'V3', 'V4', 'V5', 'V6', 'V7', 'V8', 'V9', 'V10', 'V11', 'V12', 'V14', 'V16', 'V17', 'V18', 'V19', 'V20', 'V21', 'V27', 'V28', 'Time_sin']"
CostSensitiveLearning_with_RandomUnderSampler___RandomizedSearchCV__niter_30__cv_5,10,7,StackingClassifier,resubstitution,425,22012,123,0,0.9945478723404255,0.7755474452554745,1.0,0.8735868448098664,0.9944431895188616,0.00555681048113843,0.9972215947594307,0.9972177242302012,0.8782015002737461,0.8708461872145694,0.9996360302422302,0.9717416637119821,22560,0.8431964780922814,0.020846588164443722,0.781408578943122,0.04324551029196722,"{'classifier__extratreesclassifier_0__ccp_alpha': np.float64(0.006797380080683237), 'classifier__extratreesclassifier_0__max_depth': 6, 'classifier__extratreesclassifier_0__max_features': 'sqrt', 'classifier__extratreesclassifier_0__max_leaf_nodes': 15, 'classifier__extratreesclassifier_0__min_impurity_decrease': np.float64(0.08539895533294062), 'classifier__extratreesclassifier_0__min_samples_leaf': 4, 'classifier__extratreesclassifier_0__min_samples_split': 7, 'classifier__extratreesclassifier_0__n_estimators': 556, 'classifier__randomforestclassifier_1__ccp_alpha': np.float64(0.007423779901349553), 'classifier__randomforestclassifier_1__max_depth': 3, 'classifier__randomforestclassifier_1__max_features': 'sqrt', 'classifier__randomforestclassifier_1__max_leaf_nodes': 7, 'classifier__randomforestclassifier_1__max_samples': np.float64(0.5030067065908124), 'classifier__randomforestclassifier_1__min_impurity_decrease': np.float64(0.08348121101153895), 'classifier__randomforestclassifier_1__min_samples_leaf': 2, 'classifier__randomforestclassifier_1__min_samples_split': 3, 'classifier__randomforestclassifier_1__n_estimators': 141, 'classifier__xgbclassifier_2__colsample_bytree': np.float64(0.9619258447935892), 'classifier__xgbclassifier_2__gamma': np.float64(0.5502094437197874), 'classifier__xgbclassifier_2__learning_rate': np.float64(0.04226192765372752), 'classifier__xgbclassifier_2__max_delta_step': 3, 'classifier__xgbclassifier_2__max_depth': 5, 'classifier__xgbclassifier_2__min_child_weight': 7, 'classifier__xgbclassifier_2__n_estimators': 784, 'classifier__xgbclassifier_2__reg_alpha': np.float64(0.00844316229935859), 'classifier__xgbclassifier_2__reg_lambda': np.float64(0.029455100461474093), 'classifier__xgbclassifier_2__scale_pos_weight': np.float64(1.312930102632972), 'classifier__xgbclassifier_2__subsample': np.float64(0.7235725358105317), 'feature_selection_filter__k': 26}",63.50162148475647,"[0, 1, 2, 3, 4, 5, 6, 7, 8, 9, 10, 11, 12, 14, 16, 17, 18, 19, 20, 21, 22, 23, 24, 27, 28, 29]","['Amount_log1p', 'V1', 'V2', 'V3', 'V4', 'V5', 'V6', 'V7', 'V8', 'V9', 'V10', 'V11', 'V12', 'V14', 'V16', 'V17', 'V18', 'V19', 'V20', 'V21', 'V22', 'V23', 'V24', 'V27', 'V28', 'Time_sin']"
CostSensitiveLearning_with_RandomUnderSampler___RandomizedSearchCV__niter_30__cv_5,10,8,StackingClassifier,resubstitution,426,21967,168,0,0.9925535215637604,0.7171717171717171,1.0,0.8352941176470589,0.9924102100745426,0.007589789925457446,0.9962051050372713,0.9961978769674941,0.8436400503164275,0.8315904305546595,0.999700090460692,0.9736541444947348,22561,0.8555875933626969,0.01852796188006367,0.7721027574798159,0.0397188883602028,"{'classifier__extratreesclassifier_0__ccp_alpha': np.float64(0.0037584997052372837), 'classifier__extratreesclassifier_0__max_depth': 7, 'classifier__extratreesclassifier_0__max_features': 'sqrt', 'classifier__extratreesclassifier_0__max_leaf_nodes': 5, 'classifier__extratreesclassifier_0__min_impurity_decrease': np.float64(0.0813467869163792), 'classifier__extratreesclassifier_0__min_samples_leaf': 3, 'classifier__extratreesclassifier_0__min_samples_split': 8, 'classifier__extratreesclassifier_0__n_estimators': 681, 'classifier__randomforestclassifier_1__ccp_alpha': np.float64(0.0031031684594510557), 'classifier__randomforestclassifier_1__max_depth': 19, 'classifier__randomforestclassifier_1__max_features': 'sqrt', 'classifier__randomforestclassifier_1__max_leaf_nodes': 14, 'classifier__randomforestclassifier_1__max_samples': np.float64(0.820016906567925), 'classifier__randomforestclassifier_1__min_impurity_decrease': np.float64(0.059777738057621724), 'classifier__randomforestclassifier_1__min_samples_leaf': 9, 'classifier__randomforestclassifier_1__min_samples_split': 7, 'classifier__randomforestclassifier_1__n_estimators': 232, 'classifier__xgbclassifier_2__colsample_bytree': np.float64(0.9808825338224737), 'classifier__xgbclassifier_2__gamma': np.float64(0.2100292519700503), 'classifier__xgbclassifier_2__learning_rate': np.float64(0.0487679822765477), 'classifier__xgbclassifier_2__max_delta_step': 8, 'classifier__xgbclassifier_2__max_depth': 7, 'classifier__xgbclassifier_2__min_child_weight': 4, 'classifier__xgbclassifier_2__n_estimators': 408, 'classifier__xgbclassifier_2__reg_alpha': np.float64(0.22700885373803495), 'classifier__xgbclassifier_2__reg_lambda': np.float64(0.22897040864103302), 'classifier__xgbclassifier_2__scale_pos_weight': np.float64(10.145347741470816), 'classifier__xgbclassifier_2__subsample': np.float64(0.8373611081962149), 'feature_selection_filter__k': 22}",64.5453782081604,"[1, 2, 3, 4, 5, 6, 7, 8, 9, 10, 11, 12, 14, 16, 17, 18, 19, 20, 21, 27, 28, 29]","['V1', 'V2', 'V3', 'V4', 'V5', 'V6', 'V7', 'V8', 'V9', 'V10', 'V11', 'V12', 'V14', 'V16', 'V17', 'V18', 'V19', 'V20', 'V21', 'V27', 'V28', 'Time_sin']"
CostSensitiveLearning_with_RandomUnderSampler___RandomizedSearchCV__niter_30__cv_5,10,9,StackingClassifier,resubstitution,426,21971,164,0,0.9927308186693852,0.7220338983050848,1.0,0.8385826771653543,0.9925909193584821,0.007409080641517907,0.996295459679241,0.9962885723315721,0.8465720825344011,0.8349634172277309,0.999732064550544,0.9822457870375616,22561,0.8490703337353571,0.019726210429658875,0.7628584911052627,0.0216753415995053,"{'classifier__extratreesclassifier_0__ccp_alpha': np.float64(0.004940974503634663), 'classifier__extratreesclassifier_0__max_depth': 5, 'classifier__extratreesclassifier_0__max_features': 'log2', 'classifier__extratreesclassifier_0__max_leaf_nodes': 8, 'classifier__extratreesclassifier_0__min_impurity_decrease': np.float64(0.06850582502229365), 'classifier__extratreesclassifier_0__min_samples_leaf': 4, 'classifier__extratreesclassifier_0__min_samples_split': 9, 'classifier__extratreesclassifier_0__n_estimators': 307, 'classifier__randomforestclassifier_1__ccp_alpha': np.float64(0.007880788716165267), 'classifier__randomforestclassifier_1__max_depth': 3, 'classifier__randomforestclassifier_1__max_features': 'sqrt', 'classifier__randomforestclassifier_1__max_leaf_nodes': 10, 'classifier__randomforestclassifier_1__max_samples': np.float64(0.6336830304524073), 'classifier__randomforestclassifier_1__min_impurity_decrease': np.float64(0.08770672540723612), 'classifier__randomforestclassifier_1__min_samples_leaf': 6, 'classifier__randomforestclassifier_1__min_samples_split': 2, 'classifier__randomforestclassifier_1__n_estimators': 809, 'classifier__xgbclassifier_2__colsample_bytree': np.float64(0.9167416655473053), 'classifier__xgbclassifier_2__gamma': np.float64(0.7299608315519962), 'classifier__xgbclassifier_2__learning_rate': np.float64(0.033317836508800894), 'classifier__xgbclassifier_2__max_delta_step': 5, 'classifier__xgbclassifier_2__max_depth': 6, 'classifier__xgbclassifier_2__min_child_weight': 3, 'classifier__xgbclassifier_2__n_estimators': 409, 'classifier__xgbclassifier_2__reg_alpha': np.float64(0.025604852132898193), 'classifier__xgbclassifier_2__reg_lambda': np.float64(0.11861779860009185), 'classifier__xgbclassifier_2__scale_pos_weight': np.float64(2.265183465081098), 'classifier__xgbclassifier_2__subsample': np.float64(0.8292166643917775), 'feature_selection_filter__k': 20}",72.62725853919983,"[1, 2, 3, 4, 5, 6, 7, 8, 9, 10, 11, 12, 14, 16, 17, 18, 19, 20, 21, 27]","['V1', 'V2', 'V3', 'V4', 'V5', 'V6', 'V7', 'V8', 'V9', 'V10', 'V11', 'V12', 'V14', 'V16', 'V17', 'V18', 'V19', 'V20', 'V21', 'V27']"
CostSensitiveLearning_with_RandomUnderSampler___RandomizedSearchCV__niter_30__cv_5,10,10,StackingClassifier,resubstitution,388,21984,151,38,0.9916227117592306,0.7198515769944341,0.9107981220657277,0.8041450777202073,0.9931782245312853,0.006821775468714653,0.9519881732985065,0.9510966626897964,0.805710211445645,0.7999248503329347,0.9906046019358375,0.9189898849644258,22561,0.8114463954779048,0.020080990843834783,0.780401922246196,0.024123191862414572,"{'classifier__extratreesclassifier_0__ccp_alpha': np.float64(0.00917385483951649), 'classifier__extratreesclassifier_0__max_depth': 10, 'classifier__extratreesclassifier_0__max_features': 'log2', 'classifier__extratreesclassifier_0__max_leaf_nodes': 4, 'classifier__extratreesclassifier_0__min_impurity_decrease': np.float64(0.042138618879779946), 'classifier__extratreesclassifier_0__min_samples_leaf': 2, 'classifier__extratreesclassifier_0__min_samples_split': 2, 'classifier__extratreesclassifier_0__n_estimators': 911, 'classifier__randomforestclassifier_1__ccp_alpha': np.float64(0.000504140810136815), 'classifier__randomforestclassifier_1__max_depth': 16, 'classifier__randomforestclassifier_1__max_features': 'log2', 'classifier__randomforestclassifier_1__max_leaf_nodes': 8, 'classifier__randomforestclassifier_1__max_samples': np.float64(0.8370404248613625), 'classifier__randomforestclassifier_1__min_impurity_decrease': np.float64(0.05736770259105022), 'classifier__randomforestclassifier_1__min_samples_leaf': 5, 'classifier__randomforestclassifier_1__min_samples_split': 9, 'classifier__randomforestclassifier_1__n_estimators': 175, 'classifier__xgbclassifier_2__colsample_bytree': np.float64(0.9700863874320131), 'classifier__xgbclassifier_2__gamma': np.float64(1.755765172772719), 'classifier__xgbclassifier_2__learning_rate': np.float64(0.033551953742092), 'classifier__xgbclassifier_2__max_delta_step': 5, 'classifier__xgbclassifier_2__max_depth': 5, 'classifier__xgbclassifier_2__min_child_weight': 6, 'classifier__xgbclassifier_2__n_estimators': 786, 'classifier__xgbclassifier_2__reg_alpha': np.float64(0.22732373513396453), 'classifier__xgbclassifier_2__reg_lambda': np.float64(0.002490751426587476), 'classifier__xgbclassifier_2__scale_pos_weight': np.float64(0.617385280779884), 'classifier__xgbclassifier_2__subsample': np.float64(0.9542274573590004), 'feature_selection_filter__k': 'all'}",87.51827478408813,"[0, 1, 2, 3, 4, 5, 6, 7, 8, 9, 10, 11, 12, 13, 14, 15, 16, 17, 18, 19, 20, 21, 22, 23, 24, 25, 26, 27, 28, 29, 30]","['Amount_log1p', 'V1', 'V2', 'V3', 'V4', 'V5', 'V6', 'V7', 'V8', 'V9', 'V10', 'V11', 'V12', 'V13', 'V14', 'V15', 'V16', 'V17', 'V18', 'V19', 'V20', 'V21', 'V22', 'V23', 'V24', 'V25', 'V26', 'V27', 'V28', 'Time_sin', 'Time_cos']"
