experiment_name,iteration,fold,model,split,tp,tn,fp,fn,accuracy,precision,recall,f1,specificity,fpr,balanced_accuracy,geometric_mean,mcc,kappa,roc_auc,average_precision,fold_size,cv_tuning_mean_train_score,cv_tuning_std_train_score,cv_tuning_mean_val_score,cv_tuning_std_val_score,best_params,tuning_time,selected_features_indices,selected_features_names
CostSensitiveLearning_ClusterCentroids___RandomizedSearchCV__niter_30__cv_5,1,1,APosteriori,resubstitution,279,17687,20,62,0.9954565602836879,0.9331103678929766,0.8181818181818182,0.871875,0.9988705031908285,0.0011294968091715152,0.9085261606863233,0.9040230552529397,0.8715193068170201,0.8695724134430124,0.9598314830508404,0.8537228895309268,22560,0.8732618377280745,0.007823205184190635,0.8749952364571278,0.02388150095305846,"{'classifier__estimator__ccp_alpha': np.float64(0.006011150117432088), 'classifier__estimator__max_depth': 5, 'classifier__estimator__max_features': 'log2', 'classifier__estimator__max_leaf_nodes': 3, 'classifier__estimator__min_impurity_decrease': np.float64(0.07219987722668247), 'classifier__estimator__min_samples_leaf': 6, 'classifier__estimator__min_samples_split': 3, 'classifier__max_features': np.float64(0.5909124836035503), 'classifier__max_samples': np.float64(0.5917022549267169), 'classifier__n_estimators': 559, 'feature_selection_filter__k': 22}",84.07110619544983,"[1, 2, 3, 4, 5, 6, 7, 8, 9, 10, 11, 12, 14, 16, 17, 18, 19, 20, 21, 23, 27, 29]","['V1', 'V2', 'V3', 'V4', 'V5', 'V6', 'V7', 'V8', 'V9', 'V10', 'V11', 'V12', 'V14', 'V16', 'V17', 'V18', 'V19', 'V20', 'V21', 'V23', 'V27', 'Time_sin']"
CostSensitiveLearning_ClusterCentroids___RandomizedSearchCV__niter_30__cv_5,1,2,APosteriori,resubstitution,285,17684,23,56,0.9956227836879432,0.9253246753246753,0.8357771260997068,0.8782742681047766,0.9987010786694528,0.0012989213305472092,0.9172391023845798,0.9136145343431399,0.8772280603497342,0.8760514560601772,0.9702231021182703,0.8602196411432016,22560,0.8825609466858382,0.012514198296988235,0.8811086779482666,0.020532439340745275,"{'classifier__estimator__ccp_alpha': np.float64(0.004250691522964457), 'classifier__estimator__max_depth': 15, 'classifier__estimator__max_features': 'log2', 'classifier__estimator__max_leaf_nodes': 3, 'classifier__estimator__min_impurity_decrease': np.float64(0.017176017096569896), 'classifier__estimator__min_samples_leaf': 4, 'classifier__estimator__min_samples_split': 5, 'classifier__max_features': np.float64(0.622112652051316), 'classifier__max_samples': np.float64(0.7699077525122664), 'classifier__n_estimators': 599, 'feature_selection_filter__k': 20}",76.15107369422913,"[1, 2, 3, 4, 5, 6, 7, 8, 9, 10, 11, 12, 14, 16, 17, 18, 19, 20, 21, 27]","['V1', 'V2', 'V3', 'V4', 'V5', 'V6', 'V7', 'V8', 'V9', 'V10', 'V11', 'V12', 'V14', 'V16', 'V17', 'V18', 'V19', 'V20', 'V21', 'V27']"
CostSensitiveLearning_ClusterCentroids___RandomizedSearchCV__niter_30__cv_5,1,3,APosteriori,resubstitution,284,17691,16,57,0.9959552304964538,0.9466666666666667,0.8328445747800587,0.8861154446177847,0.9990964025526627,0.0009035974473372566,0.9159704886663607,0.9121907796882507,0.8859452046865381,0.8840650718996762,0.9590834812416582,0.8576500437905981,22560,0.8850677949545538,0.005087730666682412,0.8852571001037806,0.02124059309317654,"{'classifier__estimator__ccp_alpha': np.float64(0.008482533310161983), 'classifier__estimator__max_depth': 4, 'classifier__estimator__max_features': 'sqrt', 'classifier__estimator__max_leaf_nodes': 2, 'classifier__estimator__min_impurity_decrease': np.float64(0.07791449988494628), 'classifier__estimator__min_samples_leaf': 5, 'classifier__estimator__min_samples_split': 7, 'classifier__max_features': np.float64(0.5320698237784667), 'classifier__max_samples': np.float64(0.7150095097747994), 'classifier__n_estimators': 613, 'feature_selection_filter__k': 28}",78.0998466014862,"[0, 1, 2, 3, 4, 5, 6, 7, 8, 9, 10, 11, 12, 13, 14, 16, 17, 18, 19, 20, 21, 23, 24, 25, 27, 28, 29, 30]","['Amount_log1p', 'V1', 'V2', 'V3', 'V4', 'V5', 'V6', 'V7', 'V8', 'V9', 'V10', 'V11', 'V12', 'V13', 'V14', 'V16', 'V17', 'V18', 'V19', 'V20', 'V21', 'V23', 'V24', 'V25', 'V27', 'V28', 'Time_sin', 'Time_cos']"
CostSensitiveLearning_ClusterCentroids___RandomizedSearchCV__niter_30__cv_5,1,4,APosteriori,resubstitution,282,17686,21,59,0.9955673758865248,0.9306930693069307,0.8269794721407625,0.8757763975155279,0.9988140283503699,0.0011859716496300798,0.9128967502455663,0.9088447050690109,0.8751083493414584,0.8735278242465618,0.9641710197285993,0.8604526799466065,22560,0.8778563603858253,0.00870892949609068,0.8781557380648488,0.0236860970587619,"{'classifier__estimator__ccp_alpha': np.float64(0.007512811397827168), 'classifier__estimator__max_depth': 6, 'classifier__estimator__max_features': 'sqrt', 'classifier__estimator__max_leaf_nodes': 10, 'classifier__estimator__min_impurity_decrease': np.float64(0.05259568386142947), 'classifier__estimator__min_samples_leaf': 3, 'classifier__estimator__min_samples_split': 3, 'classifier__max_features': np.float64(0.5661432435229972), 'classifier__max_samples': np.float64(0.7922212323615228), 'classifier__n_estimators': 538, 'feature_selection_filter__k': 22}",79.19081616401672,"[1, 2, 3, 4, 5, 6, 7, 8, 9, 10, 11, 12, 14, 16, 17, 18, 19, 20, 21, 23, 27, 29]","['V1', 'V2', 'V3', 'V4', 'V5', 'V6', 'V7', 'V8', 'V9', 'V10', 'V11', 'V12', 'V14', 'V16', 'V17', 'V18', 'V19', 'V20', 'V21', 'V23', 'V27', 'Time_sin']"
CostSensitiveLearning_ClusterCentroids___RandomizedSearchCV__niter_30__cv_5,1,5,APosteriori,resubstitution,294,17666,42,46,0.9951241134751773,0.875,0.8647058823529412,0.8698224852071006,0.9976281906482946,0.002371809351705445,0.9311670365006179,0.9287922075764319,0.8673538712841292,0.8673381018058184,0.9961665714399606,0.9095300730683544,22560,0.8919478417172225,0.0039614904209535244,0.884927850281094,0.025123428250731057,"{'classifier__estimator__ccp_alpha': np.float64(0.0033323856310307877), 'classifier__estimator__max_depth': 11, 'classifier__estimator__max_features': 'sqrt', 'classifier__estimator__max_leaf_nodes': 15, 'classifier__estimator__min_impurity_decrease': np.float64(0.0033191787293330947), 'classifier__estimator__min_samples_leaf': 4, 'classifier__estimator__min_samples_split': 5, 'classifier__max_features': np.float64(0.8356677901136276), 'classifier__max_samples': np.float64(0.6122495445007325), 'classifier__n_estimators': 474, 'feature_selection_filter__k': 24}",80.35838556289673,"[1, 2, 3, 4, 5, 6, 7, 8, 9, 10, 11, 12, 14, 16, 17, 18, 19, 20, 21, 23, 24, 27, 28, 29]","['V1', 'V2', 'V3', 'V4', 'V5', 'V6', 'V7', 'V8', 'V9', 'V10', 'V11', 'V12', 'V14', 'V16', 'V17', 'V18', 'V19', 'V20', 'V21', 'V23', 'V24', 'V27', 'V28', 'Time_sin']"
CostSensitiveLearning_ClusterCentroids___RandomizedSearchCV__niter_30__cv_5,1,6,APosteriori,resubstitution,292,17691,17,48,0.9963984929078015,0.9449838187702265,0.8588235294117647,0.8998459167950693,0.9990399819290716,0.0009600180709283812,0.9289317556704182,0.926282377735748,0.8990805537467629,0.8980164534011554,0.9841907612378585,0.8945218584802873,22560,0.9023678362002332,0.011758651009154991,0.9006814547392905,0.027084978301222355,"{'classifier__estimator__ccp_alpha': np.float64(0.007060310112730092), 'classifier__estimator__max_depth': 14, 'classifier__estimator__max_features': 'log2', 'classifier__estimator__max_leaf_nodes': 10, 'classifier__estimator__min_impurity_decrease': np.float64(0.009872595484881053), 'classifier__estimator__min_samples_leaf': 2, 'classifier__estimator__min_samples_split': 7, 'classifier__max_features': np.float64(0.5258076836251018), 'classifier__max_samples': np.float64(0.8667137257214417), 'classifier__n_estimators': 678, 'feature_selection_filter__k': 22}",74.63458585739136,"[1, 2, 3, 4, 5, 6, 7, 8, 9, 10, 11, 12, 14, 16, 17, 18, 19, 20, 21, 27, 28, 29]","['V1', 'V2', 'V3', 'V4', 'V5', 'V6', 'V7', 'V8', 'V9', 'V10', 'V11', 'V12', 'V14', 'V16', 'V17', 'V18', 'V19', 'V20', 'V21', 'V27', 'V28', 'Time_sin']"
CostSensitiveLearning_ClusterCentroids___RandomizedSearchCV__niter_30__cv_5,1,7,APosteriori,resubstitution,282,17652,56,58,0.9936835106382979,0.834319526627219,0.8294117647058824,0.831858407079646,0.9968375875310594,0.0031624124689405564,0.9131246761184709,0.9092792874575394,0.8286434779019229,0.8286397332690137,0.9613706500219243,0.8487572704617552,22560,0.8837576104012586,0.009300231622581846,0.8825282585006649,0.031051055907560215,"{'classifier__estimator__ccp_alpha': np.float64(0.007460357219302052), 'classifier__estimator__max_depth': 10, 'classifier__estimator__max_features': 'sqrt', 'classifier__estimator__max_leaf_nodes': 10, 'classifier__estimator__min_impurity_decrease': np.float64(0.06244811725724068), 'classifier__estimator__min_samples_leaf': 7, 'classifier__estimator__min_samples_split': 8, 'classifier__max_features': np.float64(0.6586802843940519), 'classifier__max_samples': np.float64(0.9436299589235815), 'classifier__n_estimators': 215, 'feature_selection_filter__k': 24}",75.55353736877441,"[0, 1, 2, 3, 4, 5, 6, 7, 8, 9, 10, 11, 12, 14, 16, 17, 18, 19, 20, 21, 24, 27, 28, 29]","['Amount_log1p', 'V1', 'V2', 'V3', 'V4', 'V5', 'V6', 'V7', 'V8', 'V9', 'V10', 'V11', 'V12', 'V14', 'V16', 'V17', 'V18', 'V19', 'V20', 'V21', 'V24', 'V27', 'V28', 'Time_sin']"
CostSensitiveLearning_ClusterCentroids___RandomizedSearchCV__niter_30__cv_5,1,8,APosteriori,resubstitution,291,17686,21,50,0.9960660460992907,0.9326923076923077,0.8533724340175953,0.891271056661562,0.9988140283503699,0.0011859716496300798,0.9260932311839827,0.923233642424427,0.8901827554257872,0.8892718637881333,0.9736417345427452,0.8730612309327521,22561,0.8939877170746238,0.006381192606715694,0.8950833065057916,0.01703974500111461,"{'classifier__estimator__ccp_alpha': np.float64(0.004912563173016757), 'classifier__estimator__max_depth': 14, 'classifier__estimator__max_features': 'sqrt', 'classifier__estimator__max_leaf_nodes': 6, 'classifier__estimator__min_impurity_decrease': np.float64(0.07934285433859017), 'classifier__estimator__min_samples_leaf': 5, 'classifier__estimator__min_samples_split': 8, 'classifier__max_features': np.float64(0.7260109495420647), 'classifier__max_samples': np.float64(0.8284666046394477), 'classifier__n_estimators': 786, 'feature_selection_filter__k': 24}",80.5854799747467,"[0, 1, 2, 3, 4, 5, 6, 7, 8, 9, 10, 11, 12, 14, 16, 17, 18, 19, 20, 21, 23, 27, 28, 29]","['Amount_log1p', 'V1', 'V2', 'V3', 'V4', 'V5', 'V6', 'V7', 'V8', 'V9', 'V10', 'V11', 'V12', 'V14', 'V16', 'V17', 'V18', 'V19', 'V20', 'V21', 'V23', 'V27', 'V28', 'Time_sin']"
CostSensitiveLearning_ClusterCentroids___RandomizedSearchCV__niter_30__cv_5,1,9,APosteriori,resubstitution,291,17689,18,50,0.9962322695035462,0.941747572815534,0.8533724340175953,0.8953846153846153,0.9989834528717456,0.0010165471282543859,0.9261779434446704,0.9233119411772293,0.8945957725626139,0.8934709389258868,0.9972620467376506,0.9182408194852262,22561,0.9001407896759857,0.007381754615033606,0.8928069814552373,0.03327912138381069,"{'classifier__estimator__ccp_alpha': np.float64(0.004235003963518133), 'classifier__estimator__max_depth': 9, 'classifier__estimator__max_features': 'sqrt', 'classifier__estimator__max_leaf_nodes': 17, 'classifier__estimator__min_impurity_decrease': np.float64(0.00139053656832), 'classifier__estimator__min_samples_leaf': 1, 'classifier__estimator__min_samples_split': 2, 'classifier__max_features': np.float64(0.691496548136757), 'classifier__max_samples': np.float64(0.5574094748332538), 'classifier__n_estimators': 981, 'feature_selection_filter__k': 'all'}",84.45962405204773,"[0, 1, 2, 3, 4, 5, 6, 7, 8, 9, 10, 11, 12, 13, 14, 15, 16, 17, 18, 19, 20, 21, 22, 23, 24, 25, 26, 27, 28, 29, 30]","['Amount_log1p', 'V1', 'V2', 'V3', 'V4', 'V5', 'V6', 'V7', 'V8', 'V9', 'V10', 'V11', 'V12', 'V13', 'V14', 'V15', 'V16', 'V17', 'V18', 'V19', 'V20', 'V21', 'V22', 'V23', 'V24', 'V25', 'V26', 'V27', 'V28', 'Time_sin', 'Time_cos']"
CostSensitiveLearning_ClusterCentroids___RandomizedSearchCV__niter_30__cv_5,1,10,APosteriori,resubstitution,284,17689,18,57,0.995844414893617,0.9403973509933775,0.8328445747800587,0.8833592534992224,0.9989834528717456,0.0010165471282543859,0.9159140138259021,0.9121392158104397,0.8829366054173144,0.8812516997254121,0.974615056059974,0.8746785289257565,22561,0.8852023427558336,0.010671772226774593,0.885818174178923,0.013362746022884469,"{'classifier__estimator__ccp_alpha': np.float64(0.006527975850504457), 'classifier__estimator__max_depth': 18, 'classifier__estimator__max_features': 'log2', 'classifier__estimator__max_leaf_nodes': 12, 'classifier__estimator__min_impurity_decrease': np.float64(0.01468317085644505), 'classifier__estimator__min_samples_leaf': 1, 'classifier__estimator__min_samples_split': 3, 'classifier__max_features': np.float64(0.5189213741527844), 'classifier__max_samples': np.float64(0.7674186257758782), 'classifier__n_estimators': 692, 'feature_selection_filter__k': 22}",79.67515563964844,"[1, 2, 3, 4, 5, 6, 7, 8, 9, 10, 11, 12, 14, 16, 17, 18, 19, 20, 21, 23, 27, 28]","['V1', 'V2', 'V3', 'V4', 'V5', 'V6', 'V7', 'V8', 'V9', 'V10', 'V11', 'V12', 'V14', 'V16', 'V17', 'V18', 'V19', 'V20', 'V21', 'V23', 'V27', 'V28']"
CostSensitiveLearning_ClusterCentroids___RandomizedSearchCV__niter_30__cv_5,2,1,APosteriori,resubstitution,280,17689,18,61,0.9956227836879432,0.9395973154362416,0.8211143695014663,0.8763693270735524,0.9989834528717456,0.0010165471282543859,0.9100489111866059,0.9056929214955702,0.876209648400237,0.8741515464670968,0.9621710485456735,0.8666225749253099,22560,0.8822245505136689,0.010920144844398858,0.8813185931385258,0.04139650939590783,"{'classifier__estimator__ccp_alpha': np.float64(0.009790053220006575), 'classifier__estimator__max_depth': 14, 'classifier__estimator__max_features': 'log2', 'classifier__estimator__max_leaf_nodes': 14, 'classifier__estimator__min_impurity_decrease': np.float64(0.06669367069689737), 'classifier__estimator__min_samples_leaf': 9, 'classifier__estimator__min_samples_split': 7, 'classifier__max_features': np.float64(0.5387760991695931), 'classifier__max_samples': np.float64(0.610434714927039), 'classifier__n_estimators': 622, 'feature_selection_filter__k': 24}",76.27802777290344,"[1, 2, 3, 4, 5, 6, 7, 8, 9, 10, 11, 12, 14, 16, 17, 18, 19, 20, 21, 22, 23, 27, 28, 29]","['V1', 'V2', 'V3', 'V4', 'V5', 'V6', 'V7', 'V8', 'V9', 'V10', 'V11', 'V12', 'V14', 'V16', 'V17', 'V18', 'V19', 'V20', 'V21', 'V22', 'V23', 'V27', 'V28', 'Time_sin']"
CostSensitiveLearning_ClusterCentroids___RandomizedSearchCV__niter_30__cv_5,2,2,APosteriori,resubstitution,283,17689,18,58,0.9957890070921985,0.9401993355481728,0.8299120234604106,0.881619937694704,0.9989834528717456,0.0010165471282543859,0.914447738166078,0.9105319207893033,0.8812593345352179,0.8794847864971453,0.9595303115042895,0.863705570038955,22560,0.8764477065402059,0.010929154859491594,0.8786702028408137,0.02770450427446557,"{'classifier__estimator__ccp_alpha': np.float64(0.008497603158089007), 'classifier__estimator__max_depth': 18, 'classifier__estimator__max_features': 'sqrt', 'classifier__estimator__max_leaf_nodes': 6, 'classifier__estimator__min_impurity_decrease': np.float64(0.08861075845259757), 'classifier__estimator__min_samples_leaf': 6, 'classifier__estimator__min_samples_split': 7, 'classifier__max_features': np.float64(0.5869177101501588), 'classifier__max_samples': np.float64(0.8638169491492074), 'classifier__n_estimators': 423, 'feature_selection_filter__k': 22}",78.03462243080139,"[1, 2, 3, 4, 5, 6, 7, 8, 9, 10, 11, 12, 14, 16, 17, 18, 19, 20, 21, 27, 28, 29]","['V1', 'V2', 'V3', 'V4', 'V5', 'V6', 'V7', 'V8', 'V9', 'V10', 'V11', 'V12', 'V14', 'V16', 'V17', 'V18', 'V19', 'V20', 'V21', 'V27', 'V28', 'Time_sin']"
CostSensitiveLearning_ClusterCentroids___RandomizedSearchCV__niter_30__cv_5,2,3,APosteriori,resubstitution,281,17690,17,60,0.9957335992907801,0.9429530201342282,0.8240469208211144,0.8794992175273866,0.9990399277122042,0.0009600722877958212,0.9115434242666594,0.9073344345987264,0.879403186401871,0.8773375832653982,0.9621710485456736,0.8518876501690157,22560,0.8749982553351167,0.006965372212480848,0.8783449431763429,0.023341460738176813,"{'classifier__estimator__ccp_alpha': np.float64(0.006577059739633074), 'classifier__estimator__max_depth': 18, 'classifier__estimator__max_features': 'log2', 'classifier__estimator__max_leaf_nodes': 11, 'classifier__estimator__min_impurity_decrease': np.float64(0.061740428410472184), 'classifier__estimator__min_samples_leaf': 3, 'classifier__estimator__min_samples_split': 4, 'classifier__max_features': np.float64(0.912835936770182), 'classifier__max_samples': np.float64(0.6098108214479985), 'classifier__n_estimators': 980, 'feature_selection_filter__k': 24}",79.64453554153442,"[1, 2, 3, 4, 5, 6, 7, 8, 9, 10, 11, 12, 14, 16, 17, 18, 19, 20, 21, 23, 24, 27, 28, 29]","['V1', 'V2', 'V3', 'V4', 'V5', 'V6', 'V7', 'V8', 'V9', 'V10', 'V11', 'V12', 'V14', 'V16', 'V17', 'V18', 'V19', 'V20', 'V21', 'V23', 'V24', 'V27', 'V28', 'Time_sin']"
CostSensitiveLearning_ClusterCentroids___RandomizedSearchCV__niter_30__cv_5,2,4,APosteriori,resubstitution,287,17689,18,54,0.9960106382978723,0.940983606557377,0.841642228739003,0.8885448916408669,0.9989834528717456,0.0010165471282543859,0.9203128408053742,0.9169441966381383,0.8879507758082099,0.8865202840835358,0.9647485205165146,0.853012295269584,22560,0.8866250254107962,0.009469613657664707,0.8877503158475009,0.02293041024009298,"{'classifier__estimator__ccp_alpha': np.float64(0.006481328324747094), 'classifier__estimator__max_depth': 14, 'classifier__estimator__max_features': 'log2', 'classifier__estimator__max_leaf_nodes': 12, 'classifier__estimator__min_impurity_decrease': np.float64(0.079543025822362), 'classifier__estimator__min_samples_leaf': 3, 'classifier__estimator__min_samples_split': 8, 'classifier__max_features': np.float64(0.733312831267499), 'classifier__max_samples': np.float64(0.7609427094778081), 'classifier__n_estimators': 325, 'feature_selection_filter__k': 20}",77.36386728286743,"[1, 2, 3, 4, 5, 6, 7, 8, 9, 10, 11, 12, 14, 16, 17, 18, 19, 20, 21, 27]","['V1', 'V2', 'V3', 'V4', 'V5', 'V6', 'V7', 'V8', 'V9', 'V10', 'V11', 'V12', 'V14', 'V16', 'V17', 'V18', 'V19', 'V20', 'V21', 'V27']"
CostSensitiveLearning_ClusterCentroids___RandomizedSearchCV__niter_30__cv_5,2,5,APosteriori,resubstitution,296,17692,16,44,0.9966755319148937,0.9487179487179487,0.8705882352941177,0.9079754601226994,0.9990964535803026,0.0009035464196973653,0.9348423444372101,0.9326315555518626,0.9071537544632651,0.906285828223917,0.9937020821429996,0.9214072165521058,22560,0.9103469854742068,0.005569714468594399,0.900834180884881,0.006549182013508517,"{'classifier__estimator__ccp_alpha': np.float64(0.003916584611674081), 'classifier__estimator__max_depth': 5, 'classifier__estimator__max_features': 'sqrt', 'classifier__estimator__max_leaf_nodes': 13, 'classifier__estimator__min_impurity_decrease': np.float64(8.285107777844525e-05), 'classifier__estimator__min_samples_leaf': 1, 'classifier__estimator__min_samples_split': 7, 'classifier__max_features': np.float64(0.5112764524204473), 'classifier__max_samples': np.float64(0.8483352160062789), 'classifier__n_estimators': 387, 'feature_selection_filter__k': 28}",80.55147743225098,"[0, 1, 2, 3, 4, 5, 6, 7, 8, 9, 10, 11, 12, 14, 16, 17, 18, 19, 20, 21, 22, 23, 24, 26, 27, 28, 29, 30]","['Amount_log1p', 'V1', 'V2', 'V3', 'V4', 'V5', 'V6', 'V7', 'V8', 'V9', 'V10', 'V11', 'V12', 'V14', 'V16', 'V17', 'V18', 'V19', 'V20', 'V21', 'V22', 'V23', 'V24', 'V26', 'V27', 'V28', 'Time_sin', 'Time_cos']"
CostSensitiveLearning_ClusterCentroids___RandomizedSearchCV__niter_30__cv_5,2,6,APosteriori,resubstitution,284,17690,18,56,0.9958998226950354,0.9403973509933775,0.8352941176470589,0.8847352024922118,0.9989835102778405,0.0010164897221595082,0.9171388139624497,0.9134796383945788,0.8842622862303675,0.8826554352975577,0.9656188960788743,0.8671667614750369,22560,0.8834381368746694,0.007216925763589151,0.8858082648438262,0.0256344681413528,"{'classifier__estimator__ccp_alpha': np.float64(0.008088047500374623), 'classifier__estimator__max_depth': 7, 'classifier__estimator__max_features': 'log2', 'classifier__estimator__max_leaf_nodes': 13, 'classifier__estimator__min_impurity_decrease': np.float64(0.07075578959887883), 'classifier__estimator__min_samples_leaf': 4, 'classifier__estimator__min_samples_split': 5, 'classifier__max_features': np.float64(0.7907278210789594), 'classifier__max_samples': np.float64(0.8140532124452435), 'classifier__n_estimators': 533, 'feature_selection_filter__k': 26}",83.03284287452698,"[0, 1, 2, 3, 4, 5, 6, 7, 8, 9, 10, 11, 12, 13, 14, 16, 17, 18, 19, 20, 21, 23, 25, 27, 28, 29]","['Amount_log1p', 'V1', 'V2', 'V3', 'V4', 'V5', 'V6', 'V7', 'V8', 'V9', 'V10', 'V11', 'V12', 'V13', 'V14', 'V16', 'V17', 'V18', 'V19', 'V20', 'V21', 'V23', 'V25', 'V27', 'V28', 'Time_sin']"
CostSensitiveLearning_ClusterCentroids___RandomizedSearchCV__niter_30__cv_5,2,7,APosteriori,resubstitution,288,17669,39,52,0.994957890070922,0.8807339449541285,0.8470588235294118,0.863568215892054,0.9977976056019878,0.002202394398012175,0.9224282145656998,0.9193439323352735,0.8611704900861689,0.861000692640341,0.9786788789380672,0.8733616147499125,22560,0.8789746303630537,0.0028706245200730914,0.8892181615884972,0.014338605644216577,"{'classifier__estimator__ccp_alpha': np.float64(0.00967825287575415), 'classifier__estimator__max_depth': 4, 'classifier__estimator__max_features': 'log2', 'classifier__estimator__max_leaf_nodes': 4, 'classifier__estimator__min_impurity_decrease': np.float64(0.011656990957403647), 'classifier__estimator__min_samples_leaf': 5, 'classifier__estimator__min_samples_split': 3, 'classifier__max_features': np.float64(0.806545425684132), 'classifier__max_samples': np.float64(0.7664942476734169), 'classifier__n_estimators': 120, 'feature_selection_filter__k': 24}",74.00120258331299,"[0, 1, 2, 3, 4, 5, 6, 7, 8, 9, 10, 11, 12, 14, 16, 17, 18, 19, 20, 21, 24, 27, 28, 29]","['Amount_log1p', 'V1', 'V2', 'V3', 'V4', 'V5', 'V6', 'V7', 'V8', 'V9', 'V10', 'V11', 'V12', 'V14', 'V16', 'V17', 'V18', 'V19', 'V20', 'V21', 'V24', 'V27', 'V28', 'Time_sin']"
CostSensitiveLearning_ClusterCentroids___RandomizedSearchCV__niter_30__cv_5,2,8,APosteriori,resubstitution,284,17690,17,57,0.9958998226950354,0.9435215946843853,0.8328445747800587,0.8847352024922118,0.9990399277122042,0.0009600722877958212,0.9159422512461315,0.9121649981137027,0.8844371866046004,0.8826562394840625,0.9691034594234896,0.8523388508707268,22561,0.8832586911798395,0.007169651598251711,0.8844479519058874,0.03473487421553835,"{'classifier__estimator__ccp_alpha': np.float64(0.002689455772873991), 'classifier__estimator__max_depth': 4, 'classifier__estimator__max_features': 'log2', 'classifier__estimator__max_leaf_nodes': 10, 'classifier__estimator__min_impurity_decrease': np.float64(0.06963008546466509), 'classifier__estimator__min_samples_leaf': 4, 'classifier__estimator__min_samples_split': 9, 'classifier__max_features': np.float64(0.7919574520461874), 'classifier__max_samples': np.float64(0.8147224351609469), 'classifier__n_estimators': 936, 'feature_selection_filter__k': 20}",79.90084767341614,"[1, 2, 3, 4, 5, 6, 7, 8, 9, 10, 11, 12, 14, 16, 17, 18, 19, 20, 21, 27]","['V1', 'V2', 'V3', 'V4', 'V5', 'V6', 'V7', 'V8', 'V9', 'V10', 'V11', 'V12', 'V14', 'V16', 'V17', 'V18', 'V19', 'V20', 'V21', 'V27']"
CostSensitiveLearning_ClusterCentroids___RandomizedSearchCV__niter_30__cv_5,2,9,APosteriori,resubstitution,286,17687,20,55,0.995844414893617,0.934640522875817,0.8387096774193549,0.884080370942813,0.9988705031908285,0.0011294968091715152,0.9187900903050916,0.9152935908848528,0.8833118865031818,0.8819709594149611,0.9653853116061428,0.867196626163883,22561,0.8841512728339623,0.0061660784059039365,0.8865686561614557,0.025825307125550586,"{'classifier__estimator__ccp_alpha': np.float64(0.0030087333004661875), 'classifier__estimator__max_depth': 9, 'classifier__estimator__max_features': 'sqrt', 'classifier__estimator__max_leaf_nodes': 17, 'classifier__estimator__min_impurity_decrease': np.float64(0.06316323553454099), 'classifier__estimator__min_samples_leaf': 2, 'classifier__estimator__min_samples_split': 4, 'classifier__max_features': np.float64(0.6991269794493824), 'classifier__max_samples': np.float64(0.6897074577622984), 'classifier__n_estimators': 268, 'feature_selection_filter__k': 28}",77.49233984947205,"[0, 1, 2, 3, 4, 5, 6, 7, 8, 9, 10, 11, 12, 14, 16, 17, 18, 19, 20, 21, 22, 23, 24, 25, 27, 28, 29, 30]","['Amount_log1p', 'V1', 'V2', 'V3', 'V4', 'V5', 'V6', 'V7', 'V8', 'V9', 'V10', 'V11', 'V12', 'V14', 'V16', 'V17', 'V18', 'V19', 'V20', 'V21', 'V22', 'V23', 'V24', 'V25', 'V27', 'V28', 'Time_sin', 'Time_cos']"
CostSensitiveLearning_ClusterCentroids___RandomizedSearchCV__niter_30__cv_5,2,10,APosteriori,resubstitution,285,17683,24,56,0.9955673758865248,0.9223300970873787,0.8357771260997068,0.8769230769230769,0.9986446038289942,0.0013553961710057738,0.9172108649643504,0.9135887023071033,0.875772859213573,0.8746716928539845,0.9626228472693421,0.8530273568533671,22561,0.8831146214295666,0.015556959525615425,0.882290546143224,0.04168364065007077,"{'classifier__estimator__ccp_alpha': np.float64(0.00269637612119604), 'classifier__estimator__max_depth': 17, 'classifier__estimator__max_features': 'sqrt', 'classifier__estimator__max_leaf_nodes': 18, 'classifier__estimator__min_impurity_decrease': np.float64(0.0728450120545406), 'classifier__estimator__min_samples_leaf': 5, 'classifier__estimator__min_samples_split': 5, 'classifier__max_features': np.float64(0.7804089390658844), 'classifier__max_samples': np.float64(0.9333381450861791), 'classifier__n_estimators': 318, 'feature_selection_filter__k': 24}",81.09960293769836,"[1, 2, 3, 4, 5, 6, 7, 8, 9, 10, 11, 12, 14, 16, 17, 18, 19, 20, 21, 23, 24, 27, 28, 29]","['V1', 'V2', 'V3', 'V4', 'V5', 'V6', 'V7', 'V8', 'V9', 'V10', 'V11', 'V12', 'V14', 'V16', 'V17', 'V18', 'V19', 'V20', 'V21', 'V23', 'V24', 'V27', 'V28', 'Time_sin']"
CostSensitiveLearning_ClusterCentroids___RandomizedSearchCV__niter_30__cv_5,3,1,APosteriori,resubstitution,290,17686,21,51,0.9960106382978723,0.932475884244373,0.8504398826979472,0.8895705521472392,0.9988140283503699,0.0011859716496300798,0.9246269555241586,0.9216459651663174,0.8885194952229886,0.8875435583340271,0.9644323607791674,0.8657303843335048,22560,0.8907829930406578,0.004194669692941133,0.890975449586978,0.010781138223165707,"{'classifier__estimator__ccp_alpha': np.float64(0.008576113041143257), 'classifier__estimator__max_depth': 4, 'classifier__estimator__max_features': 'sqrt', 'classifier__estimator__max_leaf_nodes': 7, 'classifier__estimator__min_impurity_decrease': np.float64(0.051975053548504915), 'classifier__estimator__min_samples_leaf': 8, 'classifier__estimator__min_samples_split': 2, 'classifier__max_features': np.float64(0.6376649361866895), 'classifier__max_samples': np.float64(0.638058733325965), 'classifier__n_estimators': 557, 'feature_selection_filter__k': 26}",79.96906733512878,"[0, 1, 2, 3, 4, 5, 6, 7, 8, 9, 10, 11, 12, 14, 16, 17, 18, 19, 20, 21, 23, 24, 25, 27, 28, 29]","['Amount_log1p', 'V1', 'V2', 'V3', 'V4', 'V5', 'V6', 'V7', 'V8', 'V9', 'V10', 'V11', 'V12', 'V14', 'V16', 'V17', 'V18', 'V19', 'V20', 'V21', 'V23', 'V24', 'V25', 'V27', 'V28', 'Time_sin']"
CostSensitiveLearning_ClusterCentroids___RandomizedSearchCV__niter_30__cv_5,3,2,APosteriori,resubstitution,283,17695,12,58,0.9961214539007093,0.9593220338983051,0.8299120234604106,0.889937106918239,0.9993223019144971,0.0006776980855028869,0.9146171626874539,0.9106863311102104,0.8903895814353397,0.8879735625552768,0.95582508168564,0.8640552597901695,22560,0.8937357843040619,0.006579165416494271,0.8925912841066225,0.019534025660038853,"{'classifier__estimator__ccp_alpha': np.float64(0.0003658918774129583), 'classifier__estimator__max_depth': 11, 'classifier__estimator__max_features': 'log2', 'classifier__estimator__max_leaf_nodes': 2, 'classifier__estimator__min_impurity_decrease': np.float64(0.01646921784744524), 'classifier__estimator__min_samples_leaf': 5, 'classifier__estimator__min_samples_split': 8, 'classifier__max_features': np.float64(0.5380737730872337), 'classifier__max_samples': np.float64(0.7402905322469431), 'classifier__n_estimators': 538, 'feature_selection_filter__k': 26}",78.33428406715393,"[0, 1, 2, 3, 4, 5, 6, 7, 8, 9, 10, 11, 12, 14, 16, 17, 18, 19, 20, 21, 22, 23, 24, 27, 28, 29]","['Amount_log1p', 'V1', 'V2', 'V3', 'V4', 'V5', 'V6', 'V7', 'V8', 'V9', 'V10', 'V11', 'V12', 'V14', 'V16', 'V17', 'V18', 'V19', 'V20', 'V21', 'V22', 'V23', 'V24', 'V27', 'V28', 'Time_sin']"
CostSensitiveLearning_ClusterCentroids___RandomizedSearchCV__niter_30__cv_5,3,3,APosteriori,resubstitution,285,17687,20,56,0.9957890070921985,0.9344262295081968,0.8357771260997068,0.8823529411764706,0.9988705031908285,0.0011294968091715152,0.9173238146452676,0.913692026069287,0.881636174301646,0.88021585542151,0.9631885893661354,0.8544553828360927,22560,0.8850944504867229,0.004386733198908997,0.8849080332397262,0.019150568881994547,"{'classifier__estimator__ccp_alpha': np.float64(0.009967735779346341), 'classifier__estimator__max_depth': 18, 'classifier__estimator__max_features': 'sqrt', 'classifier__estimator__max_leaf_nodes': 8, 'classifier__estimator__min_impurity_decrease': np.float64(0.06733061733547588), 'classifier__estimator__min_samples_leaf': 1, 'classifier__estimator__min_samples_split': 3, 'classifier__max_features': np.float64(0.8550216293854733), 'classifier__max_samples': np.float64(0.6627800951387679), 'classifier__n_estimators': 722, 'feature_selection_filter__k': 20}",79.80692672729492,"[1, 2, 3, 4, 5, 6, 7, 8, 9, 10, 11, 12, 14, 16, 17, 18, 19, 20, 21, 27]","['V1', 'V2', 'V3', 'V4', 'V5', 'V6', 'V7', 'V8', 'V9', 'V10', 'V11', 'V12', 'V14', 'V16', 'V17', 'V18', 'V19', 'V20', 'V21', 'V27']"
CostSensitiveLearning_ClusterCentroids___RandomizedSearchCV__niter_30__cv_5,3,4,APosteriori,resubstitution,284,17686,21,57,0.9956781914893617,0.9311475409836065,0.8328445747800587,0.8792569659442725,0.9988140283503699,0.0011859716496300798,0.9158293015652144,0.9120618645277421,0.8784788735483641,0.8770636410904971,0.9749453759112778,0.8695735169065503,22560,0.8808044843849366,0.0055250233988506725,0.8793704015655198,0.027838827225716296,"{'classifier__estimator__ccp_alpha': np.float64(0.001392843062421335), 'classifier__estimator__max_depth': 14, 'classifier__estimator__max_features': 'log2', 'classifier__estimator__max_leaf_nodes': 10, 'classifier__estimator__min_impurity_decrease': np.float64(0.019237436458887182), 'classifier__estimator__min_samples_leaf': 1, 'classifier__estimator__min_samples_split': 6, 'classifier__max_features': np.float64(0.573929513338552), 'classifier__max_samples': np.float64(0.5231827599539767), 'classifier__n_estimators': 439, 'feature_selection_filter__k': 22}",78.35828924179077,"[1, 2, 3, 4, 5, 6, 7, 8, 9, 10, 11, 12, 14, 16, 17, 18, 19, 20, 21, 27, 28, 29]","['V1', 'V2', 'V3', 'V4', 'V5', 'V6', 'V7', 'V8', 'V9', 'V10', 'V11', 'V12', 'V14', 'V16', 'V17', 'V18', 'V19', 'V20', 'V21', 'V27', 'V28', 'Time_sin']"
CostSensitiveLearning_ClusterCentroids___RandomizedSearchCV__niter_30__cv_5,3,5,APosteriori,resubstitution,290,17670,38,50,0.9951241134751773,0.8841463414634146,0.8529411764705882,0.8682634730538922,0.9978540772532188,0.0021459227467811592,0.9253976268619035,0.9225566815097779,0.8659254281437091,0.8657803787096181,0.9955745326140395,0.9203725075524813,22560,0.8888944384156947,0.009709126063774822,0.8791928861303084,0.04497830456142765,"{'classifier__estimator__ccp_alpha': np.float64(0.0005072420152850221), 'classifier__estimator__max_depth': 19, 'classifier__estimator__max_features': 'sqrt', 'classifier__estimator__max_leaf_nodes': 12, 'classifier__estimator__min_impurity_decrease': np.float64(0.002777162768723607), 'classifier__estimator__min_samples_leaf': 6, 'classifier__estimator__min_samples_split': 8, 'classifier__max_features': np.float64(0.7404501306460174), 'classifier__max_samples': np.float64(0.6627726552681366), 'classifier__n_estimators': 984, 'feature_selection_filter__k': 24}",86.02722406387329,"[0, 1, 2, 3, 4, 5, 6, 7, 8, 9, 10, 11, 12, 14, 16, 17, 18, 19, 20, 21, 24, 27, 28, 29]","['Amount_log1p', 'V1', 'V2', 'V3', 'V4', 'V5', 'V6', 'V7', 'V8', 'V9', 'V10', 'V11', 'V12', 'V14', 'V16', 'V17', 'V18', 'V19', 'V20', 'V21', 'V24', 'V27', 'V28', 'Time_sin']"
CostSensitiveLearning_ClusterCentroids___RandomizedSearchCV__niter_30__cv_5,3,6,APosteriori,resubstitution,277,17691,17,63,0.9955673758865248,0.9421768707482994,0.8147058823529412,0.8738170347003155,0.9990399819290716,0.0009600180709283812,0.9068729321410064,0.9021772275907826,0.8739593571538515,0.8715731857791212,0.9570825416229287,0.8357635474035414,22560,0.8705185614631233,0.006192014343072012,0.872239491217444,0.015224473812008083,"{'classifier__estimator__ccp_alpha': np.float64(0.0020944857159446504), 'classifier__estimator__max_depth': 17, 'classifier__estimator__max_features': 'log2', 'classifier__estimator__max_leaf_nodes': 6, 'classifier__estimator__min_impurity_decrease': np.float64(0.06741250547231206), 'classifier__estimator__min_samples_leaf': 2, 'classifier__estimator__min_samples_split': 4, 'classifier__max_features': np.float64(0.7878616510032781), 'classifier__max_samples': np.float64(0.743682122634633), 'classifier__n_estimators': 540, 'feature_selection_filter__k': 24}",83.28459930419922,"[1, 2, 3, 4, 5, 6, 7, 8, 9, 10, 11, 12, 14, 16, 17, 18, 19, 20, 21, 24, 25, 27, 28, 29]","['V1', 'V2', 'V3', 'V4', 'V5', 'V6', 'V7', 'V8', 'V9', 'V10', 'V11', 'V12', 'V14', 'V16', 'V17', 'V18', 'V19', 'V20', 'V21', 'V24', 'V25', 'V27', 'V28', 'Time_sin']"
CostSensitiveLearning_ClusterCentroids___RandomizedSearchCV__niter_30__cv_5,3,7,APosteriori,resubstitution,281,17691,17,59,0.9957890070921985,0.9429530201342282,0.8264705882352941,0.8808777429467085,0.9990399819290716,0.0009600180709283812,0.9127552850821828,0.9086677949259,0.8807234155293185,0.8787438171765448,0.9700987589524177,0.8513617516320805,22560,0.8790057773808592,0.009015393748019995,0.8843002838962267,0.03489087862730644,"{'classifier__estimator__ccp_alpha': np.float64(0.0056743478626681484), 'classifier__estimator__max_depth': 15, 'classifier__estimator__max_features': 'log2', 'classifier__estimator__max_leaf_nodes': 6, 'classifier__estimator__min_impurity_decrease': np.float64(0.04560375205114473), 'classifier__estimator__min_samples_leaf': 9, 'classifier__estimator__min_samples_split': 5, 'classifier__max_features': np.float64(0.5574968532568995), 'classifier__max_samples': np.float64(0.8574512046255547), 'classifier__n_estimators': 694, 'feature_selection_filter__k': 22}",81.23161315917969,"[1, 2, 3, 4, 5, 6, 7, 8, 9, 10, 11, 12, 14, 16, 17, 18, 19, 20, 21, 27, 28, 29]","['V1', 'V2', 'V3', 'V4', 'V5', 'V6', 'V7', 'V8', 'V9', 'V10', 'V11', 'V12', 'V14', 'V16', 'V17', 'V18', 'V19', 'V20', 'V21', 'V27', 'V28', 'Time_sin']"
CostSensitiveLearning_ClusterCentroids___RandomizedSearchCV__niter_30__cv_5,3,8,APosteriori,resubstitution,286,17684,23,55,0.9956781914893617,0.9255663430420712,0.8387096774193549,0.88,0.9987010786694528,0.0012989213305472092,0.9187053780444039,0.915215963327355,0.8789100114384132,0.8778049005326349,0.9698943556129616,0.875147753114891,22561,0.8875758513808117,0.013405948605727474,0.8878301787536383,0.025000287795450313,"{'classifier__estimator__ccp_alpha': np.float64(0.00232786594227967), 'classifier__estimator__max_depth': 9, 'classifier__estimator__max_features': 'log2', 'classifier__estimator__max_leaf_nodes': 3, 'classifier__estimator__min_impurity_decrease': np.float64(0.0025185538057022616), 'classifier__estimator__min_samples_leaf': 1, 'classifier__estimator__min_samples_split': 7, 'classifier__max_features': np.float64(0.6242524458135832), 'classifier__max_samples': np.float64(0.8617875222988873), 'classifier__n_estimators': 226, 'feature_selection_filter__k': 22}",81.33247351646423,"[1, 2, 3, 4, 5, 6, 7, 8, 9, 10, 11, 12, 14, 16, 17, 18, 19, 20, 21, 27, 28, 29]","['V1', 'V2', 'V3', 'V4', 'V5', 'V6', 'V7', 'V8', 'V9', 'V10', 'V11', 'V12', 'V14', 'V16', 'V17', 'V18', 'V19', 'V20', 'V21', 'V27', 'V28', 'Time_sin']"
CostSensitiveLearning_ClusterCentroids___RandomizedSearchCV__niter_30__cv_5,3,9,APosteriori,resubstitution,288,17690,17,53,0.9961214539007093,0.9442622950819672,0.844574780058651,0.891640866873065,0.9990399277122042,0.0009600722877958212,0.9218073538854277,0.9185662345293046,0.8911080765614918,0.8896724984145487,0.9634958886812992,0.8650044090886413,22561,0.8937116037075951,0.006007724895852456,0.891002655996053,0.02857344083653152,"{'classifier__estimator__ccp_alpha': np.float64(2.7552794404132052e-05), 'classifier__estimator__max_depth': 4, 'classifier__estimator__max_features': 'sqrt', 'classifier__estimator__max_leaf_nodes': 2, 'classifier__estimator__min_impurity_decrease': np.float64(0.023385611206754253), 'classifier__estimator__min_samples_leaf': 6, 'classifier__estimator__min_samples_split': 4, 'classifier__max_features': np.float64(0.6508403274803825), 'classifier__max_samples': np.float64(0.7673428740324835), 'classifier__n_estimators': 432, 'feature_selection_filter__k': 24}",76.15677523612976,"[0, 1, 2, 3, 4, 5, 6, 7, 8, 9, 10, 11, 12, 14, 16, 17, 18, 19, 20, 21, 24, 27, 28, 29]","['Amount_log1p', 'V1', 'V2', 'V3', 'V4', 'V5', 'V6', 'V7', 'V8', 'V9', 'V10', 'V11', 'V12', 'V14', 'V16', 'V17', 'V18', 'V19', 'V20', 'V21', 'V24', 'V27', 'V28', 'Time_sin']"
CostSensitiveLearning_ClusterCentroids___RandomizedSearchCV__niter_30__cv_5,3,10,APosteriori,resubstitution,289,17690,17,52,0.9961768617021277,0.9444444444444444,0.8475073313782991,0.893353941267388,0.9990399277122042,0.0009600722877958212,0.9232736295452517,0.9201595856566072,0.8927685656274458,0.8914132826617641,0.9727462522484357,0.8673958398479862,22561,0.8947334546839741,0.004740063472138476,0.8961146187095972,0.00761586383386697,"{'classifier__estimator__ccp_alpha': np.float64(0.0005941913877434146), 'classifier__estimator__max_depth': 13, 'classifier__estimator__max_features': 'sqrt', 'classifier__estimator__max_leaf_nodes': 18, 'classifier__estimator__min_impurity_decrease': np.float64(0.05804450874678459), 'classifier__estimator__min_samples_leaf': 4, 'classifier__estimator__min_samples_split': 6, 'classifier__max_features': np.float64(0.572767163688255), 'classifier__max_samples': np.float64(0.5151384008687243), 'classifier__n_estimators': 614, 'feature_selection_filter__k': 22}",78.86983466148376,"[1, 2, 3, 4, 5, 6, 7, 8, 9, 10, 11, 12, 14, 16, 17, 18, 19, 20, 21, 27, 28, 29]","['V1', 'V2', 'V3', 'V4', 'V5', 'V6', 'V7', 'V8', 'V9', 'V10', 'V11', 'V12', 'V14', 'V16', 'V17', 'V18', 'V19', 'V20', 'V21', 'V27', 'V28', 'Time_sin']"
CostSensitiveLearning_ClusterCentroids___RandomizedSearchCV__niter_30__cv_5,4,1,APosteriori,resubstitution,283,17681,26,58,0.995345744680851,0.9158576051779935,0.8299120234604106,0.8707692307692307,0.998531654148077,0.0014683458519230141,0.9142218388042438,0.9103259996195328,0.8694985547638927,0.8684052774966837,0.9605975369351254,0.8449548146373179,22560,0.8718069689566217,0.010073155990299237,0.8773918192352653,0.020664638625964325,"{'classifier__estimator__ccp_alpha': np.float64(0.007418659163351326), 'classifier__estimator__max_depth': 10, 'classifier__estimator__max_features': 'log2', 'classifier__estimator__max_leaf_nodes': 10, 'classifier__estimator__min_impurity_decrease': np.float64(0.09819033818110917), 'classifier__estimator__min_samples_leaf': 1, 'classifier__estimator__min_samples_split': 7, 'classifier__max_features': np.float64(0.8615937774402331), 'classifier__max_samples': np.float64(0.6310420280122183), 'classifier__n_estimators': 282, 'feature_selection_filter__k': 20}",76.92617678642273,"[1, 2, 3, 4, 5, 6, 7, 8, 9, 10, 11, 12, 14, 16, 17, 18, 19, 20, 21, 27]","['V1', 'V2', 'V3', 'V4', 'V5', 'V6', 'V7', 'V8', 'V9', 'V10', 'V11', 'V12', 'V14', 'V16', 'V17', 'V18', 'V19', 'V20', 'V21', 'V27']"
CostSensitiveLearning_ClusterCentroids___RandomizedSearchCV__niter_30__cv_5,4,2,APosteriori,resubstitution,279,17690,17,62,0.9956227836879432,0.9425675675675675,0.8181818181818182,0.8759811616954474,0.9990399277122042,0.0009600722877958212,0.9086108729470113,0.9040997204356406,0.8760322561199865,0.8737645537235859,0.9643825933611092,0.8466206371849704,22560,0.8738544433810642,0.010093313484938107,0.8709572793666801,0.03262934851549337,"{'classifier__estimator__ccp_alpha': np.float64(0.001986872923838362), 'classifier__estimator__max_depth': 15, 'classifier__estimator__max_features': 'sqrt', 'classifier__estimator__max_leaf_nodes': 14, 'classifier__estimator__min_impurity_decrease': np.float64(0.0730064251494175), 'classifier__estimator__min_samples_leaf': 6, 'classifier__estimator__min_samples_split': 9, 'classifier__max_features': np.float64(0.7783351437112365), 'classifier__max_samples': np.float64(0.5656812314586834), 'classifier__n_estimators': 576, 'feature_selection_filter__k': 28}",81.01298475265503,"[0, 1, 2, 3, 4, 5, 6, 7, 8, 9, 10, 11, 12, 14, 16, 17, 18, 19, 20, 21, 22, 24, 25, 26, 27, 28, 29, 30]","['Amount_log1p', 'V1', 'V2', 'V3', 'V4', 'V5', 'V6', 'V7', 'V8', 'V9', 'V10', 'V11', 'V12', 'V14', 'V16', 'V17', 'V18', 'V19', 'V20', 'V21', 'V22', 'V24', 'V25', 'V26', 'V27', 'V28', 'Time_sin', 'Time_cos']"
CostSensitiveLearning_ClusterCentroids___RandomizedSearchCV__niter_30__cv_5,4,3,APosteriori,resubstitution,277,17684,23,64,0.9951795212765957,0.9233333333333333,0.8123167155425219,0.8642745709828393,0.9987010786694528,0.0012989213305472092,0.9055088971059874,0.9007006051033516,0.8636638238462356,0.8618309760996141,0.9577810819883847,0.8401836222541188,22560,0.8622748858812022,0.011574901722313603,0.8643692565941683,0.03157986548371988,"{'classifier__estimator__ccp_alpha': np.float64(0.00033937839932957406), 'classifier__estimator__max_depth': 4, 'classifier__estimator__max_features': 'sqrt', 'classifier__estimator__max_leaf_nodes': 17, 'classifier__estimator__min_impurity_decrease': np.float64(0.08647261045175225), 'classifier__estimator__min_samples_leaf': 7, 'classifier__estimator__min_samples_split': 9, 'classifier__max_features': np.float64(0.6983507785110976), 'classifier__max_samples': np.float64(0.824644186102788), 'classifier__n_estimators': 871, 'feature_selection_filter__k': 22}",81.94341468811035,"[1, 2, 3, 4, 5, 6, 7, 8, 9, 10, 11, 12, 14, 16, 17, 18, 19, 20, 21, 27, 28, 29]","['V1', 'V2', 'V3', 'V4', 'V5', 'V6', 'V7', 'V8', 'V9', 'V10', 'V11', 'V12', 'V14', 'V16', 'V17', 'V18', 'V19', 'V20', 'V21', 'V27', 'V28', 'Time_sin']"
CostSensitiveLearning_ClusterCentroids___RandomizedSearchCV__niter_30__cv_5,4,4,APosteriori,resubstitution,290,17696,11,51,0.9965647163120568,0.9634551495016611,0.8504398826979472,0.9034267912772586,0.9993787767549557,0.0006212232450443222,0.9249093297264515,0.9219064864042895,0.9035042990208956,0.9016849574055659,0.9849022546379342,0.8979024136425172,22560,0.9029686311525532,0.009148641342834017,0.8934074650057324,0.029883796803086213,"{'classifier__estimator__ccp_alpha': np.float64(0.0030333622031053476), 'classifier__estimator__max_depth': 5, 'classifier__estimator__max_features': 'sqrt', 'classifier__estimator__max_leaf_nodes': 14, 'classifier__estimator__min_impurity_decrease': np.float64(0.007893714458331303), 'classifier__estimator__min_samples_leaf': 1, 'classifier__estimator__min_samples_split': 8, 'classifier__max_features': np.float64(0.6869864693398424), 'classifier__max_samples': np.float64(0.5449517307950671), 'classifier__n_estimators': 321, 'feature_selection_filter__k': 22}",75.70385193824768,"[1, 2, 3, 4, 5, 6, 7, 8, 9, 10, 11, 12, 14, 16, 17, 18, 19, 20, 21, 27, 28, 29]","['V1', 'V2', 'V3', 'V4', 'V5', 'V6', 'V7', 'V8', 'V9', 'V10', 'V11', 'V12', 'V14', 'V16', 'V17', 'V18', 'V19', 'V20', 'V21', 'V27', 'V28', 'Time_sin']"
CostSensitiveLearning_ClusterCentroids___RandomizedSearchCV__niter_30__cv_5,4,5,APosteriori,resubstitution,287,17686,22,53,0.995844414893617,0.9288025889967637,0.8441176470588235,0.884437596302003,0.9987576236729162,0.001242376327083794,0.9214376353658699,0.9181878540238071,0.8833721858206648,0.8823266770013332,0.9725262925364409,0.8642883725609392,22560,0.8822377524509252,0.006664329030497424,0.8844304169113331,0.021772727508818018,"{'classifier__estimator__ccp_alpha': np.float64(0.0021470218587853885), 'classifier__estimator__max_depth': 15, 'classifier__estimator__max_features': 'log2', 'classifier__estimator__max_leaf_nodes': 4, 'classifier__estimator__min_impurity_decrease': np.float64(0.09853588769706366), 'classifier__estimator__min_samples_leaf': 5, 'classifier__estimator__min_samples_split': 7, 'classifier__max_features': np.float64(0.7760874496581558), 'classifier__max_samples': np.float64(0.5607675249917043), 'classifier__n_estimators': 992, 'feature_selection_filter__k': 22}",80.4197199344635,"[1, 2, 3, 4, 5, 6, 7, 8, 9, 10, 11, 12, 14, 16, 17, 18, 19, 20, 21, 27, 28, 29]","['V1', 'V2', 'V3', 'V4', 'V5', 'V6', 'V7', 'V8', 'V9', 'V10', 'V11', 'V12', 'V14', 'V16', 'V17', 'V18', 'V19', 'V20', 'V21', 'V27', 'V28', 'Time_sin']"
CostSensitiveLearning_ClusterCentroids___RandomizedSearchCV__niter_30__cv_5,4,6,APosteriori,resubstitution,288,17689,19,52,0.9960660460992907,0.9381107491856677,0.8470588235294118,0.8902627511591963,0.9989270386266095,0.0010729613733905241,0.9229929310780106,0.9198640998162583,0.8894654532633206,0.8882651790640911,0.9660823788516987,0.8707734812270831,22560,0.8888925227776554,0.0026885872941581645,0.8933422714744816,0.009053971879832525,"{'classifier__estimator__ccp_alpha': np.float64(0.00708677658800041), 'classifier__estimator__max_depth': 15, 'classifier__estimator__max_features': 'sqrt', 'classifier__estimator__max_leaf_nodes': 17, 'classifier__estimator__min_impurity_decrease': np.float64(0.07815939773756699), 'classifier__estimator__min_samples_leaf': 9, 'classifier__estimator__min_samples_split': 5, 'classifier__max_features': np.float64(0.7420364762353331), 'classifier__max_samples': np.float64(0.8943175912891694), 'classifier__n_estimators': 745, 'feature_selection_filter__k': 20}",78.27748441696167,"[1, 2, 3, 4, 5, 6, 7, 8, 9, 10, 11, 12, 14, 16, 17, 18, 19, 20, 21, 27]","['V1', 'V2', 'V3', 'V4', 'V5', 'V6', 'V7', 'V8', 'V9', 'V10', 'V11', 'V12', 'V14', 'V16', 'V17', 'V18', 'V19', 'V20', 'V21', 'V27']"
CostSensitiveLearning_ClusterCentroids___RandomizedSearchCV__niter_30__cv_5,4,7,APosteriori,resubstitution,286,17687,21,54,0.995844414893617,0.9315960912052117,0.8411764705882353,0.884080370942813,0.9988140953241473,0.001185904675852667,0.9199952829561913,0.9166127401899602,0.8831620277223717,0.8819702595747442,0.9644549987376926,0.8705247307800101,22560,0.8883355330266955,0.00915585454923285,0.891478602698115,0.03310030832263647,"{'classifier__estimator__ccp_alpha': np.float64(0.00582985229008287), 'classifier__estimator__max_depth': 15, 'classifier__estimator__max_features': 'sqrt', 'classifier__estimator__max_leaf_nodes': 6, 'classifier__estimator__min_impurity_decrease': np.float64(0.06578554138522949), 'classifier__estimator__min_samples_leaf': 8, 'classifier__estimator__min_samples_split': 6, 'classifier__max_features': np.float64(0.6404981263684038), 'classifier__max_samples': np.float64(0.84315781962362), 'classifier__n_estimators': 623, 'feature_selection_filter__k': 28}",77.31091070175171,"[0, 1, 2, 3, 4, 5, 6, 7, 8, 9, 10, 11, 12, 14, 15, 16, 17, 18, 19, 20, 21, 23, 24, 25, 27, 28, 29, 30]","['Amount_log1p', 'V1', 'V2', 'V3', 'V4', 'V5', 'V6', 'V7', 'V8', 'V9', 'V10', 'V11', 'V12', 'V14', 'V15', 'V16', 'V17', 'V18', 'V19', 'V20', 'V21', 'V23', 'V24', 'V25', 'V27', 'V28', 'Time_sin', 'Time_cos']"
CostSensitiveLearning_ClusterCentroids___RandomizedSearchCV__niter_30__cv_5,4,8,APosteriori,resubstitution,282,17696,11,59,0.9961214539007093,0.962457337883959,0.8269794721407625,0.889589905362776,0.9993787767549557,0.0006212232450443222,0.9131791244478591,0.9091016077807222,0.8902744327601092,0.8876274771169602,0.9615151288810512,0.8664147456456509,22561,0.884162848892578,0.005421088193308034,0.8801627791563276,0.008442560177078364,"{'classifier__estimator__ccp_alpha': np.float64(0.007474136245825464), 'classifier__estimator__max_depth': 5, 'classifier__estimator__max_features': 'sqrt', 'classifier__estimator__max_leaf_nodes': 16, 'classifier__estimator__min_impurity_decrease': np.float64(0.09760706276638142), 'classifier__estimator__min_samples_leaf': 1, 'classifier__estimator__min_samples_split': 3, 'classifier__max_features': np.float64(0.6186351283051624), 'classifier__max_samples': np.float64(0.897672060786649), 'classifier__n_estimators': 860, 'feature_selection_filter__k': 22}",83.892160654068,"[1, 2, 3, 4, 5, 6, 7, 8, 9, 10, 11, 12, 14, 16, 17, 18, 19, 20, 21, 27, 28, 29]","['V1', 'V2', 'V3', 'V4', 'V5', 'V6', 'V7', 'V8', 'V9', 'V10', 'V11', 'V12', 'V14', 'V16', 'V17', 'V18', 'V19', 'V20', 'V21', 'V27', 'V28', 'Time_sin']"
CostSensitiveLearning_ClusterCentroids___RandomizedSearchCV__niter_30__cv_5,4,9,APosteriori,resubstitution,284,17687,20,57,0.9957335992907801,0.9342105263157895,0.8328445747800587,0.8806201550387597,0.9988705031908285,0.0011294968091715152,0.9158575389854435,0.912087649017521,0.879957509154767,0.8784554199400505,0.9670196868643993,0.8532578723055796,22561,0.8760085429809752,0.006332372009246932,0.8777971052786911,0.023222255928776022,"{'classifier__estimator__ccp_alpha': np.float64(0.007599847169856537), 'classifier__estimator__max_depth': 6, 'classifier__estimator__max_features': 'log2', 'classifier__estimator__max_leaf_nodes': 12, 'classifier__estimator__min_impurity_decrease': np.float64(0.05516293139480893), 'classifier__estimator__min_samples_leaf': 3, 'classifier__estimator__min_samples_split': 9, 'classifier__max_features': np.float64(0.5901070220354045), 'classifier__max_samples': np.float64(0.542729283085877), 'classifier__n_estimators': 752, 'feature_selection_filter__k': 28}",80.86769509315491,"[0, 1, 2, 3, 4, 5, 6, 7, 8, 9, 10, 11, 12, 14, 16, 17, 18, 19, 20, 21, 22, 23, 24, 25, 26, 27, 28, 29]","['Amount_log1p', 'V1', 'V2', 'V3', 'V4', 'V5', 'V6', 'V7', 'V8', 'V9', 'V10', 'V11', 'V12', 'V14', 'V16', 'V17', 'V18', 'V19', 'V20', 'V21', 'V22', 'V23', 'V24', 'V25', 'V26', 'V27', 'V28', 'Time_sin']"
CostSensitiveLearning_ClusterCentroids___RandomizedSearchCV__niter_30__cv_5,4,10,APosteriori,resubstitution,277,17688,19,64,0.9954011524822695,0.9358108108108109,0.8123167155425219,0.869701726844584,0.998926978031287,0.0010730219687129505,0.9056218467869045,0.9008024655057245,0.8696239995022546,0.8673728855576914,0.9633255532753999,0.8440711240863222,22561,0.8708931963878935,0.006631016131977917,0.8721361523190365,0.02823563114016779,"{'classifier__estimator__ccp_alpha': np.float64(0.007534344295087183), 'classifier__estimator__max_depth': 14, 'classifier__estimator__max_features': 'log2', 'classifier__estimator__max_leaf_nodes': 8, 'classifier__estimator__min_impurity_decrease': np.float64(0.08132476264738259), 'classifier__estimator__min_samples_leaf': 6, 'classifier__estimator__min_samples_split': 4, 'classifier__max_features': np.float64(0.6340974100526804), 'classifier__max_samples': np.float64(0.551286129326928), 'classifier__n_estimators': 325, 'feature_selection_filter__k': 20}",77.3345091342926,"[1, 2, 3, 4, 5, 6, 7, 8, 9, 10, 11, 12, 14, 16, 17, 18, 19, 20, 21, 27]","['V1', 'V2', 'V3', 'V4', 'V5', 'V6', 'V7', 'V8', 'V9', 'V10', 'V11', 'V12', 'V14', 'V16', 'V17', 'V18', 'V19', 'V20', 'V21', 'V27']"
CostSensitiveLearning_ClusterCentroids___RandomizedSearchCV__niter_30__cv_5,5,1,APosteriori,resubstitution,294,17696,11,47,0.9967863475177305,0.9639344262295082,0.8621700879765396,0.9102167182662538,0.9993787767549557,0.0006212232450443222,0.9307744323657476,0.9282426880276012,0.9100518810811834,0.908585784400626,0.9795723380600512,0.8869170508452108,22560,0.909025839025839,0.005692221253810626,0.9059470974613882,0.021200534515248958,"{'classifier__estimator__ccp_alpha': np.float64(0.009047609893889948), 'classifier__estimator__max_depth': 7, 'classifier__estimator__max_features': 'sqrt', 'classifier__estimator__max_leaf_nodes': 17, 'classifier__estimator__min_impurity_decrease': np.float64(0.011811383063529413), 'classifier__estimator__min_samples_leaf': 5, 'classifier__estimator__min_samples_split': 2, 'classifier__max_features': np.float64(0.5088666060160152), 'classifier__max_samples': np.float64(0.5316564699151803), 'classifier__n_estimators': 473, 'feature_selection_filter__k': 'all'}",79.40774464607239,"[0, 1, 2, 3, 4, 5, 6, 7, 8, 9, 10, 11, 12, 13, 14, 15, 16, 17, 18, 19, 20, 21, 22, 23, 24, 25, 26, 27, 28, 29, 30]","['Amount_log1p', 'V1', 'V2', 'V3', 'V4', 'V5', 'V6', 'V7', 'V8', 'V9', 'V10', 'V11', 'V12', 'V13', 'V14', 'V15', 'V16', 'V17', 'V18', 'V19', 'V20', 'V21', 'V22', 'V23', 'V24', 'V25', 'V26', 'V27', 'V28', 'Time_sin', 'Time_cos']"
CostSensitiveLearning_ClusterCentroids___RandomizedSearchCV__niter_30__cv_5,5,2,APosteriori,resubstitution,280,17683,24,61,0.9952903368794326,0.9210526315789473,0.8211143695014663,0.8682170542635659,0.9986446038289942,0.0013553961710057738,0.9098794866652302,0.905539305733929,0.8673079079424731,0.8658274116221337,0.9610245761612908,0.8495617512492627,22560,0.8659232950972108,0.009612576221370867,0.8668336366945759,0.03040200537736117,"{'classifier__estimator__ccp_alpha': np.float64(0.0070478618725265734), 'classifier__estimator__max_depth': 8, 'classifier__estimator__max_features': 'log2', 'classifier__estimator__max_leaf_nodes': 6, 'classifier__estimator__min_impurity_decrease': np.float64(0.08022636766031324), 'classifier__estimator__min_samples_leaf': 1, 'classifier__estimator__min_samples_split': 4, 'classifier__max_features': np.float64(0.9306780560768406), 'classifier__max_samples': np.float64(0.5263049400226629), 'classifier__n_estimators': 665, 'feature_selection_filter__k': 26}",79.39719986915588,"[0, 1, 2, 3, 4, 5, 6, 7, 8, 9, 10, 11, 12, 14, 16, 17, 18, 19, 20, 21, 24, 26, 27, 28, 29, 30]","['Amount_log1p', 'V1', 'V2', 'V3', 'V4', 'V5', 'V6', 'V7', 'V8', 'V9', 'V10', 'V11', 'V12', 'V14', 'V16', 'V17', 'V18', 'V19', 'V20', 'V21', 'V24', 'V26', 'V27', 'V28', 'Time_sin', 'Time_cos']"
CostSensitiveLearning_ClusterCentroids___RandomizedSearchCV__niter_30__cv_5,5,3,APosteriori,resubstitution,291,17691,16,50,0.996343085106383,0.9478827361563518,0.8533724340175953,0.8981481481481481,0.9990964025526627,0.0009035974473372566,0.926234418285129,0.9233641366571419,0.8975733699487344,0.8962914851733412,0.9855664550709521,0.8975177708109087,22560,0.8938020274713594,0.010996752138103175,0.8948569994091649,0.023163356082937327,"{'classifier__estimator__ccp_alpha': np.float64(0.005737761766539807), 'classifier__estimator__max_depth': 3, 'classifier__estimator__max_features': 'sqrt', 'classifier__estimator__max_leaf_nodes': 8, 'classifier__estimator__min_impurity_decrease': np.float64(0.0012731049947232954), 'classifier__estimator__min_samples_leaf': 4, 'classifier__estimator__min_samples_split': 2, 'classifier__max_features': np.float64(0.6136598600129959), 'classifier__max_samples': np.float64(0.5013661016760639), 'classifier__n_estimators': 423, 'feature_selection_filter__k': 26}",78.31498408317566,"[0, 1, 2, 3, 4, 5, 6, 7, 8, 9, 10, 11, 12, 14, 16, 17, 18, 19, 20, 21, 22, 24, 27, 28, 29, 30]","['Amount_log1p', 'V1', 'V2', 'V3', 'V4', 'V5', 'V6', 'V7', 'V8', 'V9', 'V10', 'V11', 'V12', 'V14', 'V16', 'V17', 'V18', 'V19', 'V20', 'V21', 'V22', 'V24', 'V27', 'V28', 'Time_sin', 'Time_cos']"
CostSensitiveLearning_ClusterCentroids___RandomizedSearchCV__niter_30__cv_5,5,4,APosteriori,resubstitution,299,17692,15,42,0.996841755319149,0.9522292993630573,0.8768328445747801,0.9129770992366413,0.9991528773931214,0.0008471226068785809,0.9379928609839507,0.935996826730565,0.9121757754124177,0.911371575730153,0.998071077809909,0.9397155913844669,22560,0.915188468082685,0.006800745543490046,0.896345205885454,0.019583573237508416,"{'classifier__estimator__ccp_alpha': np.float64(0.0018296085048042977), 'classifier__estimator__max_depth': 6, 'classifier__estimator__max_features': 'sqrt', 'classifier__estimator__max_leaf_nodes': 18, 'classifier__estimator__min_impurity_decrease': np.float64(8.371144428263034e-05), 'classifier__estimator__min_samples_leaf': 1, 'classifier__estimator__min_samples_split': 6, 'classifier__max_features': np.float64(0.7628683463197949), 'classifier__max_samples': np.float64(0.9231391572247168), 'classifier__n_estimators': 889, 'feature_selection_filter__k': 28}",86.82279348373413,"[0, 1, 2, 3, 4, 5, 6, 7, 8, 9, 10, 11, 12, 13, 14, 15, 16, 17, 18, 19, 20, 21, 23, 24, 27, 28, 29, 30]","['Amount_log1p', 'V1', 'V2', 'V3', 'V4', 'V5', 'V6', 'V7', 'V8', 'V9', 'V10', 'V11', 'V12', 'V13', 'V14', 'V15', 'V16', 'V17', 'V18', 'V19', 'V20', 'V21', 'V23', 'V24', 'V27', 'V28', 'Time_sin', 'Time_cos']"
CostSensitiveLearning_ClusterCentroids___RandomizedSearchCV__niter_30__cv_5,5,5,APosteriori,resubstitution,282,17693,15,58,0.9959552304964538,0.9494949494949495,0.8294117647058824,0.8854003139717426,0.9991529252315338,0.0008470747684662383,0.9142823449687081,0.9103346587532142,0.8854437973687976,0.8833511471306329,0.9610156260380818,0.856024357257209,22560,0.8799527164567162,0.005831459577105108,0.8767344943767347,0.02457377530977603,"{'classifier__estimator__ccp_alpha': np.float64(0.006559320937489823), 'classifier__estimator__max_depth': 13, 'classifier__estimator__max_features': 'sqrt', 'classifier__estimator__max_leaf_nodes': 13, 'classifier__estimator__min_impurity_decrease': np.float64(0.09603522089596787), 'classifier__estimator__min_samples_leaf': 4, 'classifier__estimator__min_samples_split': 4, 'classifier__max_features': np.float64(0.5219485007655091), 'classifier__max_samples': np.float64(0.5943278571446441), 'classifier__n_estimators': 216, 'feature_selection_filter__k': 24}",75.6712098121643,"[0, 1, 2, 3, 4, 5, 6, 7, 8, 9, 10, 11, 12, 14, 16, 17, 18, 19, 20, 21, 23, 27, 28, 29]","['Amount_log1p', 'V1', 'V2', 'V3', 'V4', 'V5', 'V6', 'V7', 'V8', 'V9', 'V10', 'V11', 'V12', 'V14', 'V16', 'V17', 'V18', 'V19', 'V20', 'V21', 'V23', 'V27', 'V28', 'Time_sin']"
CostSensitiveLearning_ClusterCentroids___RandomizedSearchCV__niter_30__cv_5,5,6,APosteriori,resubstitution,278,17696,12,62,0.9958998226950354,0.9586206896551724,0.8176470588235294,0.8825396825396825,0.999322340185227,0.0006776598147729684,0.9084846995043783,0.9039319511274604,0.8833523728852786,0.880466551627847,0.959243246654885,0.8569389943281648,22560,0.8783298846460733,0.007874464399688972,0.8815347817768708,0.029039725079888903,"{'classifier__estimator__ccp_alpha': np.float64(0.009805523963344151), 'classifier__estimator__max_depth': 8, 'classifier__estimator__max_features': 'sqrt', 'classifier__estimator__max_leaf_nodes': 2, 'classifier__estimator__min_impurity_decrease': np.float64(0.03106437579408391), 'classifier__estimator__min_samples_leaf': 9, 'classifier__estimator__min_samples_split': 2, 'classifier__max_features': np.float64(0.6378200142148884), 'classifier__max_samples': np.float64(0.5644370566738469), 'classifier__n_estimators': 296, 'feature_selection_filter__k': 22}",73.29975271224976,"[1, 2, 3, 4, 5, 6, 7, 8, 9, 10, 11, 12, 14, 16, 17, 18, 19, 20, 21, 23, 27, 29]","['V1', 'V2', 'V3', 'V4', 'V5', 'V6', 'V7', 'V8', 'V9', 'V10', 'V11', 'V12', 'V14', 'V16', 'V17', 'V18', 'V19', 'V20', 'V21', 'V23', 'V27', 'Time_sin']"
CostSensitiveLearning_ClusterCentroids___RandomizedSearchCV__niter_30__cv_5,5,7,APosteriori,resubstitution,287,17688,20,53,0.9959552304964538,0.9348534201954397,0.8441176470588235,0.8871715610510046,0.9988705669753783,0.001129433024621651,0.921494107017101,0.9182397686397433,0.8863137404928462,0.8851177193194176,0.9966739858355812,0.9086739061523469,22560,0.8936261012892217,0.004935220364216456,0.8793664877757902,0.01854610310236787,"{'classifier__estimator__ccp_alpha': np.float64(0.002295501306817808), 'classifier__estimator__max_depth': 14, 'classifier__estimator__max_features': 'log2', 'classifier__estimator__max_leaf_nodes': 16, 'classifier__estimator__min_impurity_decrease': np.float64(0.0034022789944452405), 'classifier__estimator__min_samples_leaf': 7, 'classifier__estimator__min_samples_split': 6, 'classifier__max_features': np.float64(0.5090102754314274), 'classifier__max_samples': np.float64(0.5456024240986825), 'classifier__n_estimators': 525, 'feature_selection_filter__k': 26}",78.52575850486755,"[1, 2, 3, 4, 5, 6, 7, 8, 9, 10, 11, 12, 13, 14, 16, 17, 18, 19, 20, 21, 22, 23, 24, 27, 28, 29]","['V1', 'V2', 'V3', 'V4', 'V5', 'V6', 'V7', 'V8', 'V9', 'V10', 'V11', 'V12', 'V13', 'V14', 'V16', 'V17', 'V18', 'V19', 'V20', 'V21', 'V22', 'V23', 'V24', 'V27', 'V28', 'Time_sin']"
CostSensitiveLearning_ClusterCentroids___RandomizedSearchCV__niter_30__cv_5,5,8,APosteriori,resubstitution,285,17685,22,56,0.9956781914893617,0.9283387622149837,0.8357771260997068,0.8796296296296297,0.9987575535099114,0.0012424464900886445,0.917267339804809,0.9136403656488081,0.878690308175925,0.8774353915684941,0.9633100682385001,0.8630681848057431,22561,0.8815900347827389,0.00863896110133645,0.8876427062426758,0.02626595154557841,"{'classifier__estimator__ccp_alpha': np.float64(0.0030866017786735003), 'classifier__estimator__max_depth': 19, 'classifier__estimator__max_features': 'sqrt', 'classifier__estimator__max_leaf_nodes': 10, 'classifier__estimator__min_impurity_decrease': np.float64(0.08690687925580469), 'classifier__estimator__min_samples_leaf': 7, 'classifier__estimator__min_samples_split': 9, 'classifier__max_features': np.float64(0.9280595727922586), 'classifier__max_samples': np.float64(0.5543237513942662), 'classifier__n_estimators': 426, 'feature_selection_filter__k': 'all'}",78.84317827224731,"[0, 1, 2, 3, 4, 5, 6, 7, 8, 9, 10, 11, 12, 13, 14, 15, 16, 17, 18, 19, 20, 21, 22, 23, 24, 25, 26, 27, 28, 29, 30]","['Amount_log1p', 'V1', 'V2', 'V3', 'V4', 'V5', 'V6', 'V7', 'V8', 'V9', 'V10', 'V11', 'V12', 'V13', 'V14', 'V15', 'V16', 'V17', 'V18', 'V19', 'V20', 'V21', 'V22', 'V23', 'V24', 'V25', 'V26', 'V27', 'V28', 'Time_sin', 'Time_cos']"
CostSensitiveLearning_ClusterCentroids___RandomizedSearchCV__niter_30__cv_5,5,9,APosteriori,resubstitution,287,17684,23,54,0.9957335992907801,0.9258064516129032,0.841642228739003,0.8817204301075269,0.9987010786694528,0.0012989213305472092,0.9201716537042279,0.916814595049296,0.8805890009817237,0.8795530666603801,0.9640063152452093,0.862203424088337,22561,0.8853345217914412,0.009987970945080351,0.8870953310846795,0.02273555072062616,"{'classifier__estimator__ccp_alpha': np.float64(0.0022486981964608475), 'classifier__estimator__max_depth': 5, 'classifier__estimator__max_features': 'sqrt', 'classifier__estimator__max_leaf_nodes': 12, 'classifier__estimator__min_impurity_decrease': np.float64(0.05594712198347093), 'classifier__estimator__min_samples_leaf': 1, 'classifier__estimator__min_samples_split': 8, 'classifier__max_features': np.float64(0.5936872946527237), 'classifier__max_samples': np.float64(0.5861143217229826), 'classifier__n_estimators': 425, 'feature_selection_filter__k': 28}",78.24719572067261,"[0, 1, 2, 3, 4, 5, 6, 7, 8, 9, 10, 11, 12, 13, 14, 16, 17, 18, 19, 20, 21, 22, 23, 24, 27, 28, 29, 30]","['Amount_log1p', 'V1', 'V2', 'V3', 'V4', 'V5', 'V6', 'V7', 'V8', 'V9', 'V10', 'V11', 'V12', 'V13', 'V14', 'V16', 'V17', 'V18', 'V19', 'V20', 'V21', 'V22', 'V23', 'V24', 'V27', 'V28', 'Time_sin', 'Time_cos']"
CostSensitiveLearning_ClusterCentroids___RandomizedSearchCV__niter_30__cv_5,5,10,APosteriori,resubstitution,282,17695,12,59,0.9960660460992907,0.9591836734693877,0.8269794721407625,0.8881889763779528,0.9993223019144971,0.0006776980855028869,0.9131508870276298,0.9090759207765556,0.8887233592609838,0.8861979408119309,0.9653505323788809,0.8556432948245005,22561,0.8886266991384846,0.0104754881680425,0.8888368960840353,0.04703075405063656,"{'classifier__estimator__ccp_alpha': np.float64(0.00839597129667974), 'classifier__estimator__max_depth': 4, 'classifier__estimator__max_features': 'sqrt', 'classifier__estimator__max_leaf_nodes': 2, 'classifier__estimator__min_impurity_decrease': np.float64(0.017290615478234062), 'classifier__estimator__min_samples_leaf': 3, 'classifier__estimator__min_samples_split': 4, 'classifier__max_features': np.float64(0.7375233035286703), 'classifier__max_samples': np.float64(0.6300919461317328), 'classifier__n_estimators': 613, 'feature_selection_filter__k': 20}",80.60573410987854,"[1, 2, 3, 4, 5, 6, 7, 8, 9, 10, 11, 12, 14, 16, 17, 18, 19, 20, 21, 27]","['V1', 'V2', 'V3', 'V4', 'V5', 'V6', 'V7', 'V8', 'V9', 'V10', 'V11', 'V12', 'V14', 'V16', 'V17', 'V18', 'V19', 'V20', 'V21', 'V27']"
CostSensitiveLearning_ClusterCentroids___RandomizedSearchCV__niter_30__cv_5,6,1,APosteriori,resubstitution,284,17691,16,57,0.9959552304964538,0.9466666666666667,0.8328445747800587,0.8861154446177847,0.9990964025526627,0.0009035974473372566,0.9159704886663607,0.9121907796882507,0.8859452046865381,0.8840650718996762,0.965196758509773,0.8542903308238258,22560,0.8833760344696817,0.004248683438284188,0.8889601898372195,0.010464788626578302,"{'classifier__estimator__ccp_alpha': np.float64(0.008219815163023836), 'classifier__estimator__max_depth': 13, 'classifier__estimator__max_features': 'log2', 'classifier__estimator__max_leaf_nodes': 13, 'classifier__estimator__min_impurity_decrease': np.float64(0.09427332506147063), 'classifier__estimator__min_samples_leaf': 9, 'classifier__estimator__min_samples_split': 2, 'classifier__max_features': np.float64(0.6089550295253341), 'classifier__max_samples': np.float64(0.9088897899077513), 'classifier__n_estimators': 336, 'feature_selection_filter__k': 20}",74.63749289512634,"[1, 2, 3, 4, 5, 6, 7, 8, 9, 10, 11, 12, 14, 16, 17, 18, 19, 20, 21, 27]","['V1', 'V2', 'V3', 'V4', 'V5', 'V6', 'V7', 'V8', 'V9', 'V10', 'V11', 'V12', 'V14', 'V16', 'V17', 'V18', 'V19', 'V20', 'V21', 'V27']"
CostSensitiveLearning_ClusterCentroids___RandomizedSearchCV__niter_30__cv_5,6,2,APosteriori,resubstitution,279,17681,26,62,0.9951241134751773,0.9147540983606557,0.8181818181818182,0.8637770897832817,0.998531654148077,0.0014683458519230141,0.9083567361649476,0.9038697053795819,0.8626923697819544,0.8613025694354326,0.9621146565128988,0.8541299539092081,22560,0.8711100262272085,0.009904551932633926,0.8675374958648738,0.03822384656214932,"{'classifier__estimator__ccp_alpha': np.float64(0.00947946510481118), 'classifier__estimator__max_depth': 3, 'classifier__estimator__max_features': 'sqrt', 'classifier__estimator__max_leaf_nodes': 12, 'classifier__estimator__min_impurity_decrease': np.float64(0.09271032953685154), 'classifier__estimator__min_samples_leaf': 4, 'classifier__estimator__min_samples_split': 7, 'classifier__max_features': np.float64(0.7338922437898838), 'classifier__max_samples': np.float64(0.9732917615455037), 'classifier__n_estimators': 196, 'feature_selection_filter__k': 'all'}",78.95346593856812,"[0, 1, 2, 3, 4, 5, 6, 7, 8, 9, 10, 11, 12, 13, 14, 15, 16, 17, 18, 19, 20, 21, 22, 23, 24, 25, 26, 27, 28, 29, 30]","['Amount_log1p', 'V1', 'V2', 'V3', 'V4', 'V5', 'V6', 'V7', 'V8', 'V9', 'V10', 'V11', 'V12', 'V13', 'V14', 'V15', 'V16', 'V17', 'V18', 'V19', 'V20', 'V21', 'V22', 'V23', 'V24', 'V25', 'V26', 'V27', 'V28', 'Time_sin', 'Time_cos']"
CostSensitiveLearning_ClusterCentroids___RandomizedSearchCV__niter_30__cv_5,6,3,APosteriori,resubstitution,280,17693,14,61,0.995844414893617,0.9523809523809523,0.8211143695014663,0.8818897637795275,0.99920935223358,0.0007906477664200162,0.9101618608675232,0.9057953175299841,0.8822937049788878,0.8797865571957018,0.9646097348382029,0.8597867536060495,22560,0.8842531007612033,0.0054399846623316445,0.8832475186104218,0.01920065981168925,"{'classifier__estimator__ccp_alpha': np.float64(0.007463579226999631), 'classifier__estimator__max_depth': 14, 'classifier__estimator__max_features': 'log2', 'classifier__estimator__max_leaf_nodes': 2, 'classifier__estimator__min_impurity_decrease': np.float64(0.07268784999228527), 'classifier__estimator__min_samples_leaf': 8, 'classifier__estimator__min_samples_split': 6, 'classifier__max_features': np.float64(0.5606274654512591), 'classifier__max_samples': np.float64(0.7109470545580736), 'classifier__n_estimators': 787, 'feature_selection_filter__k': 24}",84.09272933006287,"[1, 2, 3, 4, 5, 6, 7, 8, 9, 10, 11, 12, 14, 16, 17, 18, 19, 20, 21, 22, 23, 27, 28, 29]","['V1', 'V2', 'V3', 'V4', 'V5', 'V6', 'V7', 'V8', 'V9', 'V10', 'V11', 'V12', 'V14', 'V16', 'V17', 'V18', 'V19', 'V20', 'V21', 'V22', 'V23', 'V27', 'V28', 'Time_sin']"
CostSensitiveLearning_ClusterCentroids___RandomizedSearchCV__niter_30__cv_5,6,4,APosteriori,resubstitution,296,17692,15,45,0.9966755319148937,0.9517684887459807,0.8680351906158358,0.9079754601226994,0.9991528773931214,0.0008471226068785809,0.9335940340044786,0.9312893526623715,0.9072828448909904,0.9062862986116893,0.9893203758077684,0.9014473617962531,22560,0.904795159025982,0.008278279869910208,0.9031233941915392,0.02216776485100477,"{'classifier__estimator__ccp_alpha': np.float64(0.0057752962751887495), 'classifier__estimator__max_depth': 4, 'classifier__estimator__max_features': 'log2', 'classifier__estimator__max_leaf_nodes': 7, 'classifier__estimator__min_impurity_decrease': np.float64(0.00122399119085842), 'classifier__estimator__min_samples_leaf': 2, 'classifier__estimator__min_samples_split': 9, 'classifier__max_features': np.float64(0.9174092991981666), 'classifier__max_samples': np.float64(0.5881302033545069), 'classifier__n_estimators': 992, 'feature_selection_filter__k': 'all'}",84.52635598182678,"[0, 1, 2, 3, 4, 5, 6, 7, 8, 9, 10, 11, 12, 13, 14, 15, 16, 17, 18, 19, 20, 21, 22, 23, 24, 25, 26, 27, 28, 29, 30]","['Amount_log1p', 'V1', 'V2', 'V3', 'V4', 'V5', 'V6', 'V7', 'V8', 'V9', 'V10', 'V11', 'V12', 'V13', 'V14', 'V15', 'V16', 'V17', 'V18', 'V19', 'V20', 'V21', 'V22', 'V23', 'V24', 'V25', 'V26', 'V27', 'V28', 'Time_sin', 'Time_cos']"
CostSensitiveLearning_ClusterCentroids___RandomizedSearchCV__niter_30__cv_5,6,5,APosteriori,resubstitution,277,17695,13,63,0.9957890070921985,0.9551724137931035,0.8147058823529412,0.8793650793650793,0.9992658685339959,0.0007341314660040954,0.9069858754434685,0.9022792146166104,0.880111150405346,0.8772359178880591,0.962990805086435,0.8587917659687505,22560,0.880717710536478,0.006525845037296833,0.8829805118110237,0.019716178052816283,"{'classifier__estimator__ccp_alpha': np.float64(0.009414890494360601), 'classifier__estimator__max_depth': 12, 'classifier__estimator__max_features': 'log2', 'classifier__estimator__max_leaf_nodes': 4, 'classifier__estimator__min_impurity_decrease': np.float64(0.08903842047756075), 'classifier__estimator__min_samples_leaf': 7, 'classifier__estimator__min_samples_split': 7, 'classifier__max_features': np.float64(0.5357030011561847), 'classifier__max_samples': np.float64(0.5000617105735148), 'classifier__n_estimators': 501, 'feature_selection_filter__k': 22}",82.4374611377716,"[1, 2, 3, 4, 5, 6, 7, 8, 9, 10, 11, 12, 14, 16, 17, 18, 19, 20, 21, 27, 28, 29]","['V1', 'V2', 'V3', 'V4', 'V5', 'V6', 'V7', 'V8', 'V9', 'V10', 'V11', 'V12', 'V14', 'V16', 'V17', 'V18', 'V19', 'V20', 'V21', 'V27', 'V28', 'Time_sin']"
CostSensitiveLearning_ClusterCentroids___RandomizedSearchCV__niter_30__cv_5,6,6,APosteriori,resubstitution,284,17686,22,56,0.9956781914893617,0.9281045751633987,0.8352941176470589,0.8792569659442725,0.9987576236729162,0.001242376327083794,0.9170258706599875,0.9133763561693186,0.8783249262248393,0.8770628895754126,0.9665547476049376,0.8553260899843019,22560,0.8785120848751216,0.0056318231527284265,0.877025505825569,0.02730016201714753,"{'classifier__estimator__ccp_alpha': np.float64(0.009743104665853167), 'classifier__estimator__max_depth': 16, 'classifier__estimator__max_features': 'sqrt', 'classifier__estimator__max_leaf_nodes': 19, 'classifier__estimator__min_impurity_decrease': np.float64(0.06749514001345557), 'classifier__estimator__min_samples_leaf': 6, 'classifier__estimator__min_samples_split': 9, 'classifier__max_features': np.float64(0.5805673373219442), 'classifier__max_samples': np.float64(0.8488431906665541), 'classifier__n_estimators': 876, 'feature_selection_filter__k': 'all'}",80.85837864875793,"[0, 1, 2, 3, 4, 5, 6, 7, 8, 9, 10, 11, 12, 13, 14, 15, 16, 17, 18, 19, 20, 21, 22, 23, 24, 25, 26, 27, 28, 29, 30]","['Amount_log1p', 'V1', 'V2', 'V3', 'V4', 'V5', 'V6', 'V7', 'V8', 'V9', 'V10', 'V11', 'V12', 'V13', 'V14', 'V15', 'V16', 'V17', 'V18', 'V19', 'V20', 'V21', 'V22', 'V23', 'V24', 'V25', 'V26', 'V27', 'V28', 'Time_sin', 'Time_cos']"
CostSensitiveLearning_ClusterCentroids___RandomizedSearchCV__niter_30__cv_5,6,7,APosteriori,resubstitution,271,17693,15,69,0.995345744680851,0.9475524475524476,0.7970588235294118,0.865814696485623,0.9991529252315338,0.0008470747684662383,0.8981058743804728,0.892403302947169,0.8668098692238465,0.8634644287313772,0.9546886418900065,0.8351242917370719,22560,0.8693689725675426,0.006771835357783805,0.8695747733753997,0.0226946654005553,"{'classifier__estimator__ccp_alpha': np.float64(0.0003730877024504464), 'classifier__estimator__max_depth': 8, 'classifier__estimator__max_features': 'sqrt', 'classifier__estimator__max_leaf_nodes': 15, 'classifier__estimator__min_impurity_decrease': np.float64(0.0982330092592404), 'classifier__estimator__min_samples_leaf': 4, 'classifier__estimator__min_samples_split': 9, 'classifier__max_features': np.float64(0.548832560475581), 'classifier__max_samples': np.float64(0.7846045746963797), 'classifier__n_estimators': 268, 'feature_selection_filter__k': 28}",75.54337620735168,"[0, 1, 2, 3, 4, 5, 6, 7, 8, 9, 10, 11, 12, 13, 14, 15, 16, 17, 18, 19, 20, 21, 22, 23, 24, 27, 28, 29]","['Amount_log1p', 'V1', 'V2', 'V3', 'V4', 'V5', 'V6', 'V7', 'V8', 'V9', 'V10', 'V11', 'V12', 'V13', 'V14', 'V15', 'V16', 'V17', 'V18', 'V19', 'V20', 'V21', 'V22', 'V23', 'V24', 'V27', 'V28', 'Time_sin']"
CostSensitiveLearning_ClusterCentroids___RandomizedSearchCV__niter_30__cv_5,6,8,APosteriori,resubstitution,282,17681,26,59,0.9952903368794326,0.9155844155844156,0.8269794721407625,0.8690292758089369,0.998531654148077,0.0014683458519230141,0.9127555631444197,0.9087162264773415,0.8678016034125263,0.8666376425963932,0.9665976989069551,0.8591041526645163,22561,0.8768229817794919,0.008521071776000066,0.879416550689975,0.027381190753096307,"{'classifier__estimator__ccp_alpha': np.float64(0.004464729051299587), 'classifier__estimator__max_depth': 5, 'classifier__estimator__max_features': 'sqrt', 'classifier__estimator__max_leaf_nodes': 3, 'classifier__estimator__min_impurity_decrease': np.float64(0.016447437009756784), 'classifier__estimator__min_samples_leaf': 1, 'classifier__estimator__min_samples_split': 7, 'classifier__max_features': np.float64(0.7915298234983312), 'classifier__max_samples': np.float64(0.79164471480709), 'classifier__n_estimators': 579, 'feature_selection_filter__k': 'all'}",78.68950772285461,"[0, 1, 2, 3, 4, 5, 6, 7, 8, 9, 10, 11, 12, 13, 14, 15, 16, 17, 18, 19, 20, 21, 22, 23, 24, 25, 26, 27, 28, 29, 30]","['Amount_log1p', 'V1', 'V2', 'V3', 'V4', 'V5', 'V6', 'V7', 'V8', 'V9', 'V10', 'V11', 'V12', 'V13', 'V14', 'V15', 'V16', 'V17', 'V18', 'V19', 'V20', 'V21', 'V22', 'V23', 'V24', 'V25', 'V26', 'V27', 'V28', 'Time_sin', 'Time_cos']"
CostSensitiveLearning_ClusterCentroids___RandomizedSearchCV__niter_30__cv_5,6,9,APosteriori,resubstitution,284,17688,19,57,0.9957890070921985,0.9372937293729373,0.8328445747800587,0.8819875776397516,0.998926978031287,0.0010730219687129505,0.9158857764056729,0.9121134327783997,0.881443399805173,0.8798514330342337,0.9589187767582679,0.8717858516388473,22561,0.8837808835548122,0.0077824399858751414,0.8809568723911747,0.03157099718630451,"{'classifier__estimator__ccp_alpha': np.float64(0.004465389956238796), 'classifier__estimator__max_depth': 3, 'classifier__estimator__max_features': 'sqrt', 'classifier__estimator__max_leaf_nodes': 10, 'classifier__estimator__min_impurity_decrease': np.float64(0.09616419037746458), 'classifier__estimator__min_samples_leaf': 7, 'classifier__estimator__min_samples_split': 6, 'classifier__max_features': np.float64(0.6091361288640772), 'classifier__max_samples': np.float64(0.5674593612661993), 'classifier__n_estimators': 799, 'feature_selection_filter__k': 20}",83.38546109199524,"[1, 2, 3, 4, 5, 6, 7, 8, 9, 10, 11, 12, 14, 16, 17, 18, 19, 20, 21, 27]","['V1', 'V2', 'V3', 'V4', 'V5', 'V6', 'V7', 'V8', 'V9', 'V10', 'V11', 'V12', 'V14', 'V16', 'V17', 'V18', 'V19', 'V20', 'V21', 'V27']"
CostSensitiveLearning_ClusterCentroids___RandomizedSearchCV__niter_30__cv_5,6,10,APosteriori,resubstitution,286,17686,21,55,0.9957890070921985,0.9315960912052117,0.8387096774193549,0.8827160493827161,0.9988140283503699,0.0011859716496300798,0.9187618528848625,0.9152677157638989,0.8818374851380598,0.8805780738359686,0.9594040297862553,0.8603209834282358,22561,0.8896625578573041,0.004218075002797515,0.8891411829335286,0.016536846886330562,"{'classifier__estimator__ccp_alpha': np.float64(0.006089955098753504), 'classifier__estimator__max_depth': 19, 'classifier__estimator__max_features': 'log2', 'classifier__estimator__max_leaf_nodes': 2, 'classifier__estimator__min_impurity_decrease': np.float64(0.09534903476062169), 'classifier__estimator__min_samples_leaf': 8, 'classifier__estimator__min_samples_split': 3, 'classifier__max_features': np.float64(0.5850589515185862), 'classifier__max_samples': np.float64(0.8814606913205086), 'classifier__n_estimators': 989, 'feature_selection_filter__k': 20}",84.25665593147278,"[1, 2, 3, 4, 5, 6, 7, 8, 9, 10, 11, 12, 14, 16, 17, 18, 19, 20, 21, 27]","['V1', 'V2', 'V3', 'V4', 'V5', 'V6', 'V7', 'V8', 'V9', 'V10', 'V11', 'V12', 'V14', 'V16', 'V17', 'V18', 'V19', 'V20', 'V21', 'V27']"
CostSensitiveLearning_ClusterCentroids___RandomizedSearchCV__niter_30__cv_5,7,1,APosteriori,resubstitution,275,17685,22,66,0.9951241134751773,0.9259259259259259,0.8064516129032258,0.8620689655172413,0.9987575535099114,0.0012424464900886445,0.9026045832065686,0.8974684618009414,0.8617251269752397,0.8595991715044196,0.9588676016095825,0.8365248515456073,22560,0.8567880471457144,0.006283304129667224,0.8632647653681496,0.02147938328532591,"{'classifier__estimator__ccp_alpha': np.float64(0.009501838023545248), 'classifier__estimator__max_depth': 7, 'classifier__estimator__max_features': 'sqrt', 'classifier__estimator__max_leaf_nodes': 2, 'classifier__estimator__min_impurity_decrease': np.float64(0.09580836753163942), 'classifier__estimator__min_samples_leaf': 4, 'classifier__estimator__min_samples_split': 8, 'classifier__max_features': np.float64(0.9033568083083441), 'classifier__max_samples': np.float64(0.7151133392025415), 'classifier__n_estimators': 764, 'feature_selection_filter__k': 'all'}",80.95769619941711,"[0, 1, 2, 3, 4, 5, 6, 7, 8, 9, 10, 11, 12, 13, 14, 15, 16, 17, 18, 19, 20, 21, 22, 23, 24, 25, 26, 27, 28, 29, 30]","['Amount_log1p', 'V1', 'V2', 'V3', 'V4', 'V5', 'V6', 'V7', 'V8', 'V9', 'V10', 'V11', 'V12', 'V13', 'V14', 'V15', 'V16', 'V17', 'V18', 'V19', 'V20', 'V21', 'V22', 'V23', 'V24', 'V25', 'V26', 'V27', 'V28', 'Time_sin', 'Time_cos']"
CostSensitiveLearning_ClusterCentroids___RandomizedSearchCV__niter_30__cv_5,7,2,APosteriori,resubstitution,280,17682,25,61,0.9952349290780141,0.9180327868852459,0.8211143695014663,0.8668730650154799,0.9985881289885357,0.0014118710114643385,0.909851249245001,0.9055137005733653,0.8658496705352364,0.8644547837664456,0.9606993075787084,0.8506166822100736,22560,0.8730668199165492,0.00800751203266325,0.8713353563455246,0.013840277733489793,"{'classifier__estimator__ccp_alpha': np.float64(0.003924497461935258), 'classifier__estimator__max_depth': 8, 'classifier__estimator__max_features': 'sqrt', 'classifier__estimator__max_leaf_nodes': 18, 'classifier__estimator__min_impurity_decrease': np.float64(0.0619164931045246), 'classifier__estimator__min_samples_leaf': 9, 'classifier__estimator__min_samples_split': 3, 'classifier__max_features': np.float64(0.7840088557492587), 'classifier__max_samples': np.float64(0.9594802192289191), 'classifier__n_estimators': 203, 'feature_selection_filter__k': 'all'}",77.7686538696289,"[0, 1, 2, 3, 4, 5, 6, 7, 8, 9, 10, 11, 12, 13, 14, 15, 16, 17, 18, 19, 20, 21, 22, 23, 24, 25, 26, 27, 28, 29, 30]","['Amount_log1p', 'V1', 'V2', 'V3', 'V4', 'V5', 'V6', 'V7', 'V8', 'V9', 'V10', 'V11', 'V12', 'V13', 'V14', 'V15', 'V16', 'V17', 'V18', 'V19', 'V20', 'V21', 'V22', 'V23', 'V24', 'V25', 'V26', 'V27', 'V28', 'Time_sin', 'Time_cos']"
CostSensitiveLearning_ClusterCentroids___RandomizedSearchCV__niter_30__cv_5,7,3,APosteriori,resubstitution,288,17694,13,53,0.996343085106383,0.9568106312292359,0.844574780058651,0.897196261682243,0.9992658270740385,0.0007341729259614516,0.9219203035663448,0.9186700801273447,0.8971485948821305,0.8953420514317314,0.9855195859218326,0.8924336983168571,22560,0.8970896722279977,0.007341022523190732,0.8936574027694293,0.02026669839428805,"{'classifier__estimator__ccp_alpha': np.float64(0.005121061319265708), 'classifier__estimator__max_depth': 3, 'classifier__estimator__max_features': 'sqrt', 'classifier__estimator__max_leaf_nodes': 11, 'classifier__estimator__min_impurity_decrease': np.float64(0.0006066154016841074), 'classifier__estimator__min_samples_leaf': 7, 'classifier__estimator__min_samples_split': 5, 'classifier__max_features': np.float64(0.8262385223335402), 'classifier__max_samples': np.float64(0.5324415759290289), 'classifier__n_estimators': 196, 'feature_selection_filter__k': 28}",76.7792375087738,"[1, 2, 3, 4, 5, 6, 7, 8, 9, 10, 11, 12, 14, 16, 17, 18, 19, 20, 21, 22, 23, 24, 25, 26, 27, 28, 29, 30]","['V1', 'V2', 'V3', 'V4', 'V5', 'V6', 'V7', 'V8', 'V9', 'V10', 'V11', 'V12', 'V14', 'V16', 'V17', 'V18', 'V19', 'V20', 'V21', 'V22', 'V23', 'V24', 'V25', 'V26', 'V27', 'V28', 'Time_sin', 'Time_cos']"
CostSensitiveLearning_ClusterCentroids___RandomizedSearchCV__niter_30__cv_5,7,4,APosteriori,resubstitution,284,17693,14,57,0.9960660460992907,0.9530201342281879,0.8328445747800587,0.8888888888888888,0.99920935223358,0.0007906477664200162,0.9160269635068193,0.9122423406514487,0.8889838004067732,0.8868956936603023,0.9641406293085873,0.8678434549603213,22560,0.8907176682948281,0.0031851361516185917,0.8898105645191297,0.015057862687736288,"{'classifier__estimator__ccp_alpha': np.float64(0.002598529975871011), 'classifier__estimator__max_depth': 9, 'classifier__estimator__max_features': 'sqrt', 'classifier__estimator__max_leaf_nodes': 17, 'classifier__estimator__min_impurity_decrease': np.float64(0.07856716108378123), 'classifier__estimator__min_samples_leaf': 3, 'classifier__estimator__min_samples_split': 8, 'classifier__max_features': np.float64(0.5736981805930239), 'classifier__max_samples': np.float64(0.7423870789469147), 'classifier__n_estimators': 476, 'feature_selection_filter__k': 24}",78.52902674674988,"[0, 1, 2, 3, 4, 5, 6, 7, 8, 9, 10, 11, 12, 14, 16, 17, 18, 19, 20, 21, 23, 27, 28, 29]","['Amount_log1p', 'V1', 'V2', 'V3', 'V4', 'V5', 'V6', 'V7', 'V8', 'V9', 'V10', 'V11', 'V12', 'V14', 'V16', 'V17', 'V18', 'V19', 'V20', 'V21', 'V23', 'V27', 'V28', 'Time_sin']"
CostSensitiveLearning_ClusterCentroids___RandomizedSearchCV__niter_30__cv_5,7,5,APosteriori,resubstitution,278,17686,22,62,0.995345744680851,0.9266666666666666,0.8176470588235294,0.86875,0.9987576236729162,0.001242376327083794,0.9082023412482227,0.9036765093072506,0.8681491907323562,0.8663902872371928,0.9632737446684116,0.8541108497599922,22560,0.8727828202451156,0.00738850737960158,0.8716001627459358,0.031906983282560857,"{'classifier__estimator__ccp_alpha': np.float64(0.0010745512208048225), 'classifier__estimator__max_depth': 18, 'classifier__estimator__max_features': 'sqrt', 'classifier__estimator__max_leaf_nodes': 16, 'classifier__estimator__min_impurity_decrease': np.float64(0.06529534387237283), 'classifier__estimator__min_samples_leaf': 9, 'classifier__estimator__min_samples_split': 2, 'classifier__max_features': np.float64(0.7267048425832678), 'classifier__max_samples': np.float64(0.9413649969559372), 'classifier__n_estimators': 432, 'feature_selection_filter__k': 22}",77.11270642280579,"[1, 2, 3, 4, 5, 6, 7, 8, 9, 10, 11, 12, 14, 16, 17, 18, 19, 20, 21, 27, 28, 29]","['V1', 'V2', 'V3', 'V4', 'V5', 'V6', 'V7', 'V8', 'V9', 'V10', 'V11', 'V12', 'V14', 'V16', 'V17', 'V18', 'V19', 'V20', 'V21', 'V27', 'V28', 'Time_sin']"
CostSensitiveLearning_ClusterCentroids___RandomizedSearchCV__niter_30__cv_5,7,6,APosteriori,resubstitution,291,17688,20,49,0.9961768617021277,0.9356913183279743,0.8558823529411764,0.8940092165898618,0.9988705669753783,0.001129433024621651,0.9273764599582774,0.9246165103147216,0.8929857543362127,0.8920664724754389,0.9669311145510836,0.8612994298271119,22560,0.8941750084922054,0.004704940420058988,0.8978981891002015,0.01302411359221703,"{'classifier__estimator__ccp_alpha': np.float64(0.009437393410030002), 'classifier__estimator__max_depth': 6, 'classifier__estimator__max_features': 'sqrt', 'classifier__estimator__max_leaf_nodes': 12, 'classifier__estimator__min_impurity_decrease': np.float64(0.05911788606501052), 'classifier__estimator__min_samples_leaf': 5, 'classifier__estimator__min_samples_split': 5, 'classifier__max_features': np.float64(0.5669309991126638), 'classifier__max_samples': np.float64(0.9082275031825265), 'classifier__n_estimators': 966, 'feature_selection_filter__k': 22}",84.01269769668579,"[0, 1, 2, 3, 4, 5, 6, 7, 8, 9, 10, 11, 12, 14, 16, 17, 18, 19, 20, 21, 27, 29]","['Amount_log1p', 'V1', 'V2', 'V3', 'V4', 'V5', 'V6', 'V7', 'V8', 'V9', 'V10', 'V11', 'V12', 'V14', 'V16', 'V17', 'V18', 'V19', 'V20', 'V21', 'V27', 'Time_sin']"
CostSensitiveLearning_ClusterCentroids___RandomizedSearchCV__niter_30__cv_5,7,7,APosteriori,resubstitution,277,17693,15,63,0.9956781914893617,0.9486301369863014,0.8147058823529412,0.8765822784810127,0.9991529252315338,0.0008470747684662383,0.9069294037922375,0.9022282225447611,0.8770195793745592,0.8743957766464997,0.9597851253670657,0.8444054522721088,22560,0.8735320885967767,0.009665720577825183,0.8736516516174841,0.027418878782117708,"{'classifier__estimator__ccp_alpha': np.float64(0.006975375946006925), 'classifier__estimator__max_depth': 10, 'classifier__estimator__max_features': 'log2', 'classifier__estimator__max_leaf_nodes': 2, 'classifier__estimator__min_impurity_decrease': np.float64(0.046354327012104124), 'classifier__estimator__min_samples_leaf': 8, 'classifier__estimator__min_samples_split': 6, 'classifier__max_features': np.float64(0.6577773672449303), 'classifier__max_samples': np.float64(0.5692653536961851), 'classifier__n_estimators': 934, 'feature_selection_filter__k': 28}",76.56294441223145,"[0, 1, 2, 3, 4, 5, 6, 7, 8, 9, 10, 11, 12, 13, 14, 16, 17, 18, 19, 20, 21, 22, 23, 24, 26, 27, 28, 29]","['Amount_log1p', 'V1', 'V2', 'V3', 'V4', 'V5', 'V6', 'V7', 'V8', 'V9', 'V10', 'V11', 'V12', 'V13', 'V14', 'V16', 'V17', 'V18', 'V19', 'V20', 'V21', 'V22', 'V23', 'V24', 'V26', 'V27', 'V28', 'Time_sin']"
CostSensitiveLearning_ClusterCentroids___RandomizedSearchCV__niter_30__cv_5,7,8,APosteriori,resubstitution,292,17683,24,49,0.9959552304964538,0.9240506329113924,0.8563049853372434,0.8888888888888888,0.9986446038289942,0.0013553961710057738,0.9274747945831188,0.9247401542265287,0.8874988285260034,0.8868320491350988,0.9688045236844054,0.8760831956830631,22561,0.89251620896995,0.010499627651707057,0.8886143735300702,0.027893426388395877,"{'classifier__estimator__ccp_alpha': np.float64(0.008608145143195984), 'classifier__estimator__max_depth': 14, 'classifier__estimator__max_features': 'log2', 'classifier__estimator__max_leaf_nodes': 5, 'classifier__estimator__min_impurity_decrease': np.float64(0.07799430323478583), 'classifier__estimator__min_samples_leaf': 1, 'classifier__estimator__min_samples_split': 8, 'classifier__max_features': np.float64(0.6425184093310736), 'classifier__max_samples': np.float64(0.611748864664295), 'classifier__n_estimators': 570, 'feature_selection_filter__k': 22}",76.68220520019531,"[1, 2, 3, 4, 5, 6, 7, 8, 9, 10, 11, 12, 14, 16, 17, 18, 19, 20, 21, 24, 27, 29]","['V1', 'V2', 'V3', 'V4', 'V5', 'V6', 'V7', 'V8', 'V9', 'V10', 'V11', 'V12', 'V14', 'V16', 'V17', 'V18', 'V19', 'V20', 'V21', 'V24', 'V27', 'Time_sin']"
CostSensitiveLearning_ClusterCentroids___RandomizedSearchCV__niter_30__cv_5,7,9,APosteriori,resubstitution,283,17689,18,58,0.9957890070921985,0.9401993355481728,0.8299120234604106,0.881619937694704,0.9989834528717456,0.0010165471282543859,0.914447738166078,0.9105319207893033,0.8812593345352179,0.8794847864971453,0.9728384172006797,0.870324662112748,22561,0.8797752988590645,0.013986907758435014,0.8821069469649272,0.03543565395700506,"{'classifier__estimator__ccp_alpha': np.float64(0.004361521965232202), 'classifier__estimator__max_depth': 13, 'classifier__estimator__max_features': 'log2', 'classifier__estimator__max_leaf_nodes': 5, 'classifier__estimator__min_impurity_decrease': np.float64(0.018724980619927323), 'classifier__estimator__min_samples_leaf': 1, 'classifier__estimator__min_samples_split': 7, 'classifier__max_features': np.float64(0.5877117404615051), 'classifier__max_samples': np.float64(0.5677206616661064), 'classifier__n_estimators': 209, 'feature_selection_filter__k': 26}",78.95312738418579,"[0, 1, 2, 3, 4, 5, 6, 7, 8, 9, 10, 11, 12, 14, 16, 17, 18, 19, 20, 21, 22, 24, 25, 27, 28, 29]","['Amount_log1p', 'V1', 'V2', 'V3', 'V4', 'V5', 'V6', 'V7', 'V8', 'V9', 'V10', 'V11', 'V12', 'V14', 'V16', 'V17', 'V18', 'V19', 'V20', 'V21', 'V22', 'V24', 'V25', 'V27', 'V28', 'Time_sin']"
CostSensitiveLearning_ClusterCentroids___RandomizedSearchCV__niter_30__cv_5,7,10,APosteriori,resubstitution,290,17689,18,51,0.9961768617021277,0.9415584415584416,0.8504398826979472,0.8936825885978429,0.9989834528717456,0.0010165471282543859,0.9247116677848464,0.9217241292694022,0.8929388219117472,0.8917411451664838,0.9690676036963364,0.8762039655034694,22561,0.8932624024113386,0.0039722503271690125,0.8933144999125722,0.009365657484990152,"{'classifier__estimator__ccp_alpha': np.float64(0.0035184818333496228), 'classifier__estimator__max_depth': 12, 'classifier__estimator__max_features': 'log2', 'classifier__estimator__max_leaf_nodes': 18, 'classifier__estimator__min_impurity_decrease': np.float64(0.06246248789469743), 'classifier__estimator__min_samples_leaf': 3, 'classifier__estimator__min_samples_split': 6, 'classifier__max_features': np.float64(0.7207164215800508), 'classifier__max_samples': np.float64(0.9674048043100216), 'classifier__n_estimators': 851, 'feature_selection_filter__k': 20}",81.43395400047302,"[1, 2, 3, 4, 5, 6, 7, 8, 9, 10, 11, 12, 14, 16, 17, 18, 19, 20, 21, 27]","['V1', 'V2', 'V3', 'V4', 'V5', 'V6', 'V7', 'V8', 'V9', 'V10', 'V11', 'V12', 'V14', 'V16', 'V17', 'V18', 'V19', 'V20', 'V21', 'V27']"
CostSensitiveLearning_ClusterCentroids___RandomizedSearchCV__niter_30__cv_5,8,1,APosteriori,resubstitution,285,17690,17,56,0.9959552304964538,0.9437086092715232,0.8357771260997068,0.8864696734059098,0.9990399277122042,0.0009600722877958212,0.9174085269059555,0.9137695112237905,0.8861092811670824,0.8844183210660678,0.961761233317771,0.8558557879294257,22560,0.890645440079495,0.007829281444457126,0.8876410153674783,0.020155393090136475,"{'classifier__estimator__ccp_alpha': np.float64(0.005724593130555684), 'classifier__estimator__max_depth': 17, 'classifier__estimator__max_features': 'log2', 'classifier__estimator__max_leaf_nodes': 16, 'classifier__estimator__min_impurity_decrease': np.float64(0.0505652842326131), 'classifier__estimator__min_samples_leaf': 3, 'classifier__estimator__min_samples_split': 3, 'classifier__max_features': np.float64(0.6075963871383119), 'classifier__max_samples': np.float64(0.849867289160015), 'classifier__n_estimators': 446, 'feature_selection_filter__k': 26}",78.22710871696472,"[0, 1, 2, 3, 4, 5, 6, 7, 8, 9, 10, 11, 12, 13, 14, 16, 17, 18, 19, 20, 21, 22, 23, 27, 28, 29]","['Amount_log1p', 'V1', 'V2', 'V3', 'V4', 'V5', 'V6', 'V7', 'V8', 'V9', 'V10', 'V11', 'V12', 'V13', 'V14', 'V16', 'V17', 'V18', 'V19', 'V20', 'V21', 'V22', 'V23', 'V27', 'V28', 'Time_sin']"
CostSensitiveLearning_ClusterCentroids___RandomizedSearchCV__niter_30__cv_5,8,2,APosteriori,resubstitution,285,17688,19,56,0.995844414893617,0.9375,0.8357771260997068,0.8837209302325582,0.998926978031287,0.0010730219687129505,0.917352052065497,0.9137178551842216,0.8831199094578405,0.8816124220195297,0.959356746598716,0.863479533090702,22560,0.8873335193026947,0.010698397378290448,0.8860119047619047,0.016900179302830342,"{'classifier__estimator__ccp_alpha': np.float64(0.009396669516919136), 'classifier__estimator__max_depth': 18, 'classifier__estimator__max_features': 'log2', 'classifier__estimator__max_leaf_nodes': 16, 'classifier__estimator__min_impurity_decrease': np.float64(0.08684560257523374), 'classifier__estimator__min_samples_leaf': 9, 'classifier__estimator__min_samples_split': 6, 'classifier__max_features': np.float64(0.7226416656732241), 'classifier__max_samples': np.float64(0.9523202582742358), 'classifier__n_estimators': 148, 'feature_selection_filter__k': 20}",78.7261004447937,"[1, 2, 3, 4, 5, 6, 7, 8, 9, 10, 11, 12, 14, 16, 17, 18, 19, 20, 21, 27]","['V1', 'V2', 'V3', 'V4', 'V5', 'V6', 'V7', 'V8', 'V9', 'V10', 'V11', 'V12', 'V14', 'V16', 'V17', 'V18', 'V19', 'V20', 'V21', 'V27']"
CostSensitiveLearning_ClusterCentroids___RandomizedSearchCV__niter_30__cv_5,8,3,APosteriori,resubstitution,282,17670,37,59,0.9946808510638298,0.8840125391849529,0.8269794721407625,0.8545454545454545,0.9979104309030327,0.0020895690969673364,0.9124449515218975,0.9084335096152887,0.8523308526663719,0.8518394112871407,0.9606680062741727,0.8536978798305868,22560,0.8799402397272663,0.009806962720683158,0.8828505929968721,0.03085003753648272,"{'classifier__estimator__ccp_alpha': np.float64(0.0009022801850270923), 'classifier__estimator__max_depth': 14, 'classifier__estimator__max_features': 'sqrt', 'classifier__estimator__max_leaf_nodes': 2, 'classifier__estimator__min_impurity_decrease': np.float64(0.0633052771986875), 'classifier__estimator__min_samples_leaf': 6, 'classifier__estimator__min_samples_split': 6, 'classifier__max_features': np.float64(0.7522990515222727), 'classifier__max_samples': np.float64(0.9094537980797213), 'classifier__n_estimators': 138, 'feature_selection_filter__k': 28}",79.68688344955444,"[0, 1, 2, 3, 4, 5, 6, 7, 8, 9, 10, 11, 12, 13, 14, 15, 16, 17, 18, 19, 20, 21, 22, 23, 24, 27, 28, 29]","['Amount_log1p', 'V1', 'V2', 'V3', 'V4', 'V5', 'V6', 'V7', 'V8', 'V9', 'V10', 'V11', 'V12', 'V13', 'V14', 'V15', 'V16', 'V17', 'V18', 'V19', 'V20', 'V21', 'V22', 'V23', 'V24', 'V27', 'V28', 'Time_sin']"
CostSensitiveLearning_ClusterCentroids___RandomizedSearchCV__niter_30__cv_5,8,4,APosteriori,resubstitution,284,17684,23,57,0.9955673758865248,0.9250814332247557,0.8328445747800587,0.8765432098765432,0.9987010786694528,0.0012989213305472092,0.9157728267247558,0.9120102933612353,0.87554313121379,0.8742927093010197,0.9642443873365852,0.8574215317985291,22560,0.8800647497219062,0.009600796704643913,0.8793290453607149,0.03505157394230132,"{'classifier__estimator__ccp_alpha': np.float64(0.005070376318936055), 'classifier__estimator__max_depth': 15, 'classifier__estimator__max_features': 'log2', 'classifier__estimator__max_leaf_nodes': 3, 'classifier__estimator__min_impurity_decrease': np.float64(0.04539194629752589), 'classifier__estimator__min_samples_leaf': 1, 'classifier__estimator__min_samples_split': 8, 'classifier__max_features': np.float64(0.5821521471656046), 'classifier__max_samples': np.float64(0.6726384031095474), 'classifier__n_estimators': 288, 'feature_selection_filter__k': 26}",76.73194408416748,"[0, 1, 2, 3, 4, 5, 6, 7, 8, 9, 10, 11, 12, 13, 14, 16, 17, 18, 19, 20, 21, 22, 24, 27, 28, 29]","['Amount_log1p', 'V1', 'V2', 'V3', 'V4', 'V5', 'V6', 'V7', 'V8', 'V9', 'V10', 'V11', 'V12', 'V13', 'V14', 'V16', 'V17', 'V18', 'V19', 'V20', 'V21', 'V22', 'V24', 'V27', 'V28', 'Time_sin']"
CostSensitiveLearning_ClusterCentroids___RandomizedSearchCV__niter_30__cv_5,8,5,APosteriori,resubstitution,284,17690,18,56,0.9958998226950354,0.9403973509933775,0.8352941176470589,0.8847352024922118,0.9989835102778405,0.0010164897221595082,0.9171388139624497,0.9134796383945788,0.8842622862303675,0.8826554352975577,0.964722159475943,0.8498139537737931,22560,0.8832445166535049,0.006601975226782071,0.8825404177419,0.018058452261582456,"{'classifier__estimator__ccp_alpha': np.float64(0.005618776130285921), 'classifier__estimator__max_depth': 7, 'classifier__estimator__max_features': 'log2', 'classifier__estimator__max_leaf_nodes': 4, 'classifier__estimator__min_impurity_decrease': np.float64(0.06750437973723944), 'classifier__estimator__min_samples_leaf': 6, 'classifier__estimator__min_samples_split': 3, 'classifier__max_features': np.float64(0.7907643817644239), 'classifier__max_samples': np.float64(0.9194095508212765), 'classifier__n_estimators': 837, 'feature_selection_filter__k': 24}",76.83158707618713,"[0, 1, 2, 3, 4, 5, 6, 7, 8, 9, 10, 11, 12, 14, 16, 17, 18, 19, 20, 21, 24, 27, 28, 29]","['Amount_log1p', 'V1', 'V2', 'V3', 'V4', 'V5', 'V6', 'V7', 'V8', 'V9', 'V10', 'V11', 'V12', 'V14', 'V16', 'V17', 'V18', 'V19', 'V20', 'V21', 'V24', 'V27', 'V28', 'Time_sin']"
CostSensitiveLearning_ClusterCentroids___RandomizedSearchCV__niter_30__cv_5,8,6,APosteriori,resubstitution,285,17693,15,55,0.9961214539007093,0.95,0.8382352941176471,0.890625,0.9991529252315338,0.0008470747684662383,0.9186941096745904,0.9151640542274168,0.8904626841847704,0.8886585726976607,0.9880997621546923,0.8887154904812998,22560,0.8902658565641606,0.006292096327604477,0.8859627452650709,0.01892338763446177,"{'classifier__estimator__ccp_alpha': np.float64(0.0017949733169477656), 'classifier__estimator__max_depth': 3, 'classifier__estimator__max_features': 'sqrt', 'classifier__estimator__max_leaf_nodes': 15, 'classifier__estimator__min_impurity_decrease': np.float64(0.0015674749016446278), 'classifier__estimator__min_samples_leaf': 9, 'classifier__estimator__min_samples_split': 5, 'classifier__max_features': np.float64(0.7102896841497106), 'classifier__max_samples': np.float64(0.5478160675836745), 'classifier__n_estimators': 919, 'feature_selection_filter__k': 'all'}",81.89959335327148,"[0, 1, 2, 3, 4, 5, 6, 7, 8, 9, 10, 11, 12, 13, 14, 15, 16, 17, 18, 19, 20, 21, 22, 23, 24, 25, 26, 27, 28, 29, 30]","['Amount_log1p', 'V1', 'V2', 'V3', 'V4', 'V5', 'V6', 'V7', 'V8', 'V9', 'V10', 'V11', 'V12', 'V13', 'V14', 'V15', 'V16', 'V17', 'V18', 'V19', 'V20', 'V21', 'V22', 'V23', 'V24', 'V25', 'V26', 'V27', 'V28', 'Time_sin', 'Time_cos']"
CostSensitiveLearning_ClusterCentroids___RandomizedSearchCV__niter_30__cv_5,8,7,APosteriori,resubstitution,285,17688,20,55,0.995844414893617,0.9344262295081968,0.8382352941176471,0.8837209302325582,0.9988705669753783,0.001129433024621651,0.9185529305465128,0.9150347334905201,0.8829602488239934,0.8816116765032064,0.9610484294237234,0.8583907436824053,22560,0.885873786168742,0.005254678324435925,0.8845705744617973,0.01076917944757351,"{'classifier__estimator__ccp_alpha': np.float64(0.0006761078235047724), 'classifier__estimator__max_depth': 6, 'classifier__estimator__max_features': 'log2', 'classifier__estimator__max_leaf_nodes': 9, 'classifier__estimator__min_impurity_decrease': np.float64(0.06419670858870122), 'classifier__estimator__min_samples_leaf': 1, 'classifier__estimator__min_samples_split': 9, 'classifier__max_features': np.float64(0.6503202029152758), 'classifier__max_samples': np.float64(0.7975108863047446), 'classifier__n_estimators': 266, 'feature_selection_filter__k': 24}",75.54284167289734,"[1, 2, 3, 4, 5, 6, 7, 8, 9, 10, 11, 12, 14, 16, 17, 18, 19, 20, 21, 22, 23, 27, 28, 29]","['V1', 'V2', 'V3', 'V4', 'V5', 'V6', 'V7', 'V8', 'V9', 'V10', 'V11', 'V12', 'V14', 'V16', 'V17', 'V18', 'V19', 'V20', 'V21', 'V22', 'V23', 'V27', 'V28', 'Time_sin']"
CostSensitiveLearning_ClusterCentroids___RandomizedSearchCV__niter_30__cv_5,8,8,APosteriori,resubstitution,295,17683,24,46,0.9961214539007093,0.9247648902821317,0.8651026392961877,0.8939393939393939,0.9986446038289942,0.0013553961710057738,0.9318736215625909,0.9294783926974088,0.8924808286591768,0.8919662373968734,0.9934798885806051,0.9046640339391461,22561,0.9000979136804702,0.006526422686726682,0.8933486420083259,0.03316898610771593,"{'classifier__estimator__ccp_alpha': np.float64(0.0020956520145343095), 'classifier__estimator__max_depth': 4, 'classifier__estimator__max_features': 'log2', 'classifier__estimator__max_leaf_nodes': 16, 'classifier__estimator__min_impurity_decrease': np.float64(0.0016561852928897892), 'classifier__estimator__min_samples_leaf': 4, 'classifier__estimator__min_samples_split': 3, 'classifier__max_features': np.float64(0.6891893304016349), 'classifier__max_samples': np.float64(0.5782238299250742), 'classifier__n_estimators': 488, 'feature_selection_filter__k': 28}",77.73031902313232,"[0, 1, 2, 3, 4, 5, 6, 7, 8, 9, 10, 11, 12, 14, 16, 17, 18, 19, 20, 21, 22, 23, 24, 25, 27, 28, 29, 30]","['Amount_log1p', 'V1', 'V2', 'V3', 'V4', 'V5', 'V6', 'V7', 'V8', 'V9', 'V10', 'V11', 'V12', 'V14', 'V16', 'V17', 'V18', 'V19', 'V20', 'V21', 'V22', 'V23', 'V24', 'V25', 'V27', 'V28', 'Time_sin', 'Time_cos']"
CostSensitiveLearning_ClusterCentroids___RandomizedSearchCV__niter_30__cv_5,8,9,APosteriori,resubstitution,284,17683,24,57,0.9955119680851063,0.922077922077922,0.8328445747800587,0.8751926040061633,0.9986446038289942,0.0013553961710057738,0.9157445893045264,0.9119845066843838,0.8740859080373315,0.8729135182389158,0.9590940806252046,0.858917741639569,22561,0.8815388724310976,0.005055146337883858,0.8828211680776745,0.02030497254773496,"{'classifier__estimator__ccp_alpha': np.float64(0.004626279396188097), 'classifier__estimator__max_depth': 14, 'classifier__estimator__max_features': 'log2', 'classifier__estimator__max_leaf_nodes': 14, 'classifier__estimator__min_impurity_decrease': np.float64(0.0777973646004909), 'classifier__estimator__min_samples_leaf': 4, 'classifier__estimator__min_samples_split': 5, 'classifier__max_features': np.float64(0.615783667492141), 'classifier__max_samples': np.float64(0.7339829402644354), 'classifier__n_estimators': 242, 'feature_selection_filter__k': 28}",81.30543041229248,"[0, 1, 2, 3, 4, 5, 6, 7, 8, 9, 10, 11, 12, 14, 16, 17, 18, 19, 20, 21, 23, 24, 25, 26, 27, 28, 29, 30]","['Amount_log1p', 'V1', 'V2', 'V3', 'V4', 'V5', 'V6', 'V7', 'V8', 'V9', 'V10', 'V11', 'V12', 'V14', 'V16', 'V17', 'V18', 'V19', 'V20', 'V21', 'V23', 'V24', 'V25', 'V26', 'V27', 'V28', 'Time_sin', 'Time_cos']"
CostSensitiveLearning_ClusterCentroids___RandomizedSearchCV__niter_30__cv_5,8,10,APosteriori,resubstitution,282,17687,20,59,0.9956227836879432,0.9337748344370861,0.8269794721407625,0.8771384136858476,0.9988705031908285,0.0011294968091715152,0.9129249876657954,0.9088703986079254,0.8765912539177787,0.8749184570441008,0.9626339434989923,0.8525982765742663,22561,0.8786477612869333,0.007703349859232746,0.8752718152433341,0.025319861626238917,"{'classifier__estimator__ccp_alpha': np.float64(0.009004337137282898), 'classifier__estimator__max_depth': 15, 'classifier__estimator__max_features': 'log2', 'classifier__estimator__max_leaf_nodes': 15, 'classifier__estimator__min_impurity_decrease': np.float64(0.09650294125807482), 'classifier__estimator__min_samples_leaf': 2, 'classifier__estimator__min_samples_split': 9, 'classifier__max_features': np.float64(0.7084535251735861), 'classifier__max_samples': np.float64(0.5893784899060108), 'classifier__n_estimators': 877, 'feature_selection_filter__k': 28}",79.78394103050232,"[0, 1, 2, 3, 4, 5, 6, 7, 8, 9, 10, 11, 12, 13, 14, 16, 17, 18, 19, 20, 21, 23, 24, 26, 27, 28, 29, 30]","['Amount_log1p', 'V1', 'V2', 'V3', 'V4', 'V5', 'V6', 'V7', 'V8', 'V9', 'V10', 'V11', 'V12', 'V13', 'V14', 'V16', 'V17', 'V18', 'V19', 'V20', 'V21', 'V23', 'V24', 'V26', 'V27', 'V28', 'Time_sin', 'Time_cos']"
CostSensitiveLearning_ClusterCentroids___RandomizedSearchCV__niter_30__cv_5,9,1,APosteriori,resubstitution,280,17693,14,61,0.995844414893617,0.9523809523809523,0.8211143695014663,0.8818897637795275,0.99920935223358,0.0007906477664200162,0.9101618608675232,0.9057953175299841,0.8822937049788878,0.8797865571957018,0.9655150712469033,0.8596655424455084,22560,0.8765283513172564,0.008426106665935212,0.8773085993493523,0.03431565629181801,"{'classifier__estimator__ccp_alpha': np.float64(0.0064622752328218494), 'classifier__estimator__max_depth': 15, 'classifier__estimator__max_features': 'log2', 'classifier__estimator__max_leaf_nodes': 11, 'classifier__estimator__min_impurity_decrease': np.float64(0.03646923222210831), 'classifier__estimator__min_samples_leaf': 6, 'classifier__estimator__min_samples_split': 2, 'classifier__max_features': np.float64(0.5199201268674536), 'classifier__max_samples': np.float64(0.5401942933858668), 'classifier__n_estimators': 934, 'feature_selection_filter__k': 26}",80.82895183563232,"[1, 2, 3, 4, 5, 6, 7, 8, 9, 10, 11, 12, 14, 16, 17, 18, 19, 20, 21, 22, 23, 24, 25, 27, 28, 29]","['V1', 'V2', 'V3', 'V4', 'V5', 'V6', 'V7', 'V8', 'V9', 'V10', 'V11', 'V12', 'V14', 'V16', 'V17', 'V18', 'V19', 'V20', 'V21', 'V22', 'V23', 'V24', 'V25', 'V27', 'V28', 'Time_sin']"
CostSensitiveLearning_ClusterCentroids___RandomizedSearchCV__niter_30__cv_5,9,2,APosteriori,resubstitution,296,17689,18,45,0.9965093085106383,0.9426751592356688,0.8680351906158358,0.9038167938931297,0.9989834528717456,0.0010165471282543859,0.9335093217437906,0.9312103908009143,0.9028382353580039,0.9020422679122745,0.9742120310621559,0.8823711298110943,22560,0.9030598846973114,0.010329320394746813,0.9063451844918203,0.034525708243465146,"{'classifier__estimator__ccp_alpha': np.float64(0.006252242659304494), 'classifier__estimator__max_depth': 5, 'classifier__estimator__max_features': 'sqrt', 'classifier__estimator__max_leaf_nodes': 7, 'classifier__estimator__min_impurity_decrease': np.float64(0.031366895005212746), 'classifier__estimator__min_samples_leaf': 2, 'classifier__estimator__min_samples_split': 7, 'classifier__max_features': np.float64(0.5204670682839717), 'classifier__max_samples': np.float64(0.6502583544514264), 'classifier__n_estimators': 968, 'feature_selection_filter__k': 24}",82.11187815666199,"[0, 1, 2, 3, 4, 5, 6, 7, 8, 9, 10, 11, 12, 14, 16, 17, 18, 19, 20, 21, 24, 27, 28, 29]","['Amount_log1p', 'V1', 'V2', 'V3', 'V4', 'V5', 'V6', 'V7', 'V8', 'V9', 'V10', 'V11', 'V12', 'V14', 'V16', 'V17', 'V18', 'V19', 'V20', 'V21', 'V24', 'V27', 'V28', 'Time_sin']"
CostSensitiveLearning_ClusterCentroids___RandomizedSearchCV__niter_30__cv_5,9,3,APosteriori,resubstitution,285,17690,17,56,0.9959552304964538,0.9437086092715232,0.8357771260997068,0.8864696734059098,0.9990399277122042,0.0009600722877958212,0.9174085269059555,0.9137695112237905,0.8861092811670824,0.8844183210660678,0.9585650223324045,0.8617171929397531,22560,0.8823336585824275,0.009241961199314364,0.8821716617707509,0.026476505498001054,"{'classifier__estimator__ccp_alpha': np.float64(0.0017277859693762853), 'classifier__estimator__max_depth': 13, 'classifier__estimator__max_features': 'sqrt', 'classifier__estimator__max_leaf_nodes': 3, 'classifier__estimator__min_impurity_decrease': np.float64(0.09537788899439083), 'classifier__estimator__min_samples_leaf': 7, 'classifier__estimator__min_samples_split': 2, 'classifier__max_features': np.float64(0.9030457904767903), 'classifier__max_samples': np.float64(0.6269801907427105), 'classifier__n_estimators': 302, 'feature_selection_filter__k': 'all'}",74.66009140014648,"[0, 1, 2, 3, 4, 5, 6, 7, 8, 9, 10, 11, 12, 13, 14, 15, 16, 17, 18, 19, 20, 21, 22, 23, 24, 25, 26, 27, 28, 29, 30]","['Amount_log1p', 'V1', 'V2', 'V3', 'V4', 'V5', 'V6', 'V7', 'V8', 'V9', 'V10', 'V11', 'V12', 'V13', 'V14', 'V15', 'V16', 'V17', 'V18', 'V19', 'V20', 'V21', 'V22', 'V23', 'V24', 'V25', 'V26', 'V27', 'V28', 'Time_sin', 'Time_cos']"
CostSensitiveLearning_ClusterCentroids___RandomizedSearchCV__niter_30__cv_5,9,4,APosteriori,resubstitution,290,17695,12,51,0.9965093085106383,0.9602649006622517,0.8504398826979472,0.9020217729393468,0.9993223019144971,0.0006776980855028869,0.9248810923062222,0.9218804375935132,0.9019726599159218,0.9002514277693462,0.9860541095217741,0.8997679552537294,22560,0.9025206719228217,0.004045339397645518,0.8972325293808311,0.016373207486286085,"{'classifier__estimator__ccp_alpha': np.float64(0.0008788752290793822), 'classifier__estimator__max_depth': 3, 'classifier__estimator__max_features': 'log2', 'classifier__estimator__max_leaf_nodes': 15, 'classifier__estimator__min_impurity_decrease': np.float64(0.0004342462778832324), 'classifier__estimator__min_samples_leaf': 1, 'classifier__estimator__min_samples_split': 6, 'classifier__max_features': np.float64(0.5489911485757168), 'classifier__max_samples': np.float64(0.9652074512556453), 'classifier__n_estimators': 953, 'feature_selection_filter__k': 22}",84.99668622016907,"[1, 2, 3, 4, 5, 6, 7, 8, 9, 10, 11, 12, 14, 16, 17, 18, 19, 20, 21, 27, 28, 29]","['V1', 'V2', 'V3', 'V4', 'V5', 'V6', 'V7', 'V8', 'V9', 'V10', 'V11', 'V12', 'V14', 'V16', 'V17', 'V18', 'V19', 'V20', 'V21', 'V27', 'V28', 'Time_sin']"
CostSensitiveLearning_ClusterCentroids___RandomizedSearchCV__niter_30__cv_5,9,5,APosteriori,resubstitution,282,17688,20,58,0.9956781914893617,0.9337748344370861,0.8294117647058824,0.8785046728971962,0.9988705669753783,0.001129433024621651,0.9141411658406304,0.9102060204524105,0.877907789614877,0.8763124858541824,0.9707597264114591,0.8544796156273539,22560,0.8799124470040045,0.00803213711318717,0.8792182019634696,0.019836845480440738,"{'classifier__estimator__ccp_alpha': np.float64(0.002195135426040479), 'classifier__estimator__max_depth': 17, 'classifier__estimator__max_features': 'log2', 'classifier__estimator__max_leaf_nodes': 3, 'classifier__estimator__min_impurity_decrease': np.float64(0.051125569525897675), 'classifier__estimator__min_samples_leaf': 7, 'classifier__estimator__min_samples_split': 9, 'classifier__max_features': np.float64(0.5312714077425182), 'classifier__max_samples': np.float64(0.8713639011227801), 'classifier__n_estimators': 925, 'feature_selection_filter__k': 28}",79.37614870071411,"[0, 1, 2, 3, 4, 5, 6, 7, 8, 9, 10, 11, 12, 14, 16, 17, 18, 19, 20, 21, 22, 23, 24, 26, 27, 28, 29, 30]","['Amount_log1p', 'V1', 'V2', 'V3', 'V4', 'V5', 'V6', 'V7', 'V8', 'V9', 'V10', 'V11', 'V12', 'V14', 'V16', 'V17', 'V18', 'V19', 'V20', 'V21', 'V22', 'V23', 'V24', 'V26', 'V27', 'V28', 'Time_sin', 'Time_cos']"
CostSensitiveLearning_ClusterCentroids___RandomizedSearchCV__niter_30__cv_5,9,6,APosteriori,resubstitution,287,17694,14,53,0.9962876773049646,0.9534883720930233,0.8441176470588235,0.8954758190327613,0.9992093968827649,0.0007906031172351113,0.9216635219707943,0.9183954948799268,0.8953122367737893,0.8935932210310233,0.9836752082807372,0.8889362592063201,22560,0.8939407225046743,0.003768585937849192,0.8892084369665183,0.021118474908314346,"{'classifier__estimator__ccp_alpha': np.float64(0.004818797131323663), 'classifier__estimator__max_depth': 3, 'classifier__estimator__max_features': 'log2', 'classifier__estimator__max_leaf_nodes': 16, 'classifier__estimator__min_impurity_decrease': np.float64(0.004023622978738428), 'classifier__estimator__min_samples_leaf': 6, 'classifier__estimator__min_samples_split': 8, 'classifier__max_features': np.float64(0.7646490506838771), 'classifier__max_samples': np.float64(0.9640152319970796), 'classifier__n_estimators': 907, 'feature_selection_filter__k': 20}",82.15201091766357,"[1, 2, 3, 4, 5, 6, 7, 8, 9, 10, 11, 12, 14, 16, 17, 18, 19, 20, 21, 27]","['V1', 'V2', 'V3', 'V4', 'V5', 'V6', 'V7', 'V8', 'V9', 'V10', 'V11', 'V12', 'V14', 'V16', 'V17', 'V18', 'V19', 'V20', 'V21', 'V27']"
CostSensitiveLearning_ClusterCentroids___RandomizedSearchCV__niter_30__cv_5,9,7,APosteriori,resubstitution,295,17687,21,45,0.996343085106383,0.9335443037974683,0.8676470588235294,0.899390243902439,0.9988140953241473,0.001185904675852667,0.9332305770738384,0.9309232579109198,0.8981542089046589,0.8975304801675893,0.9967526309145751,0.9231958389671384,22560,0.907144224470323,0.01108558579995572,0.8977473863156092,0.0213742563592338,"{'classifier__estimator__ccp_alpha': np.float64(0.001632832445894421), 'classifier__estimator__max_depth': 5, 'classifier__estimator__max_features': 'log2', 'classifier__estimator__max_leaf_nodes': 15, 'classifier__estimator__min_impurity_decrease': np.float64(0.0010557944493170158), 'classifier__estimator__min_samples_leaf': 3, 'classifier__estimator__min_samples_split': 3, 'classifier__max_features': np.float64(0.9433558184079032), 'classifier__max_samples': np.float64(0.746795884998249), 'classifier__n_estimators': 555, 'feature_selection_filter__k': 24}",79.37515592575073,"[0, 1, 2, 3, 4, 5, 6, 7, 8, 9, 10, 11, 12, 14, 16, 17, 18, 19, 20, 21, 24, 27, 28, 29]","['Amount_log1p', 'V1', 'V2', 'V3', 'V4', 'V5', 'V6', 'V7', 'V8', 'V9', 'V10', 'V11', 'V12', 'V14', 'V16', 'V17', 'V18', 'V19', 'V20', 'V21', 'V24', 'V27', 'V28', 'Time_sin']"
CostSensitiveLearning_ClusterCentroids___RandomizedSearchCV__niter_30__cv_5,9,8,APosteriori,resubstitution,280,17690,17,61,0.9956781914893617,0.9427609427609428,0.8211143695014663,0.877742946708464,0.9990399277122042,0.0009600722877958212,0.9100771486068353,0.90571852158946,0.8777192254951558,0.8755538111061901,0.9571025558260423,0.8477752962503535,22561,0.8719826799066596,0.014342641856466056,0.8744327016529544,0.009969227870383008,"{'classifier__estimator__ccp_alpha': np.float64(9.83719888329937e-05), 'classifier__estimator__max_depth': 6, 'classifier__estimator__max_features': 'sqrt', 'classifier__estimator__max_leaf_nodes': 2, 'classifier__estimator__min_impurity_decrease': np.float64(0.02276208706980054), 'classifier__estimator__min_samples_leaf': 9, 'classifier__estimator__min_samples_split': 8, 'classifier__max_features': np.float64(0.5032013700144851), 'classifier__max_samples': np.float64(0.7745640408553658), 'classifier__n_estimators': 120, 'feature_selection_filter__k': 28}",74.57533168792725,"[0, 1, 2, 3, 4, 5, 6, 7, 8, 9, 10, 11, 12, 13, 14, 16, 17, 18, 19, 20, 21, 22, 24, 25, 27, 28, 29, 30]","['Amount_log1p', 'V1', 'V2', 'V3', 'V4', 'V5', 'V6', 'V7', 'V8', 'V9', 'V10', 'V11', 'V12', 'V13', 'V14', 'V16', 'V17', 'V18', 'V19', 'V20', 'V21', 'V22', 'V24', 'V25', 'V27', 'V28', 'Time_sin', 'Time_cos']"
CostSensitiveLearning_ClusterCentroids___RandomizedSearchCV__niter_30__cv_5,9,9,APosteriori,resubstitution,283,17686,21,58,0.9956227836879432,0.930921052631579,0.8299120234604106,0.8775193798449612,0.9988140283503699,0.0011859716496300798,0.9143630259053903,0.9104547058085314,0.8767951088516935,0.8752984178605714,0.9628269682102957,0.8731590167147115,22561,0.8744657134916742,0.011335453439683148,0.8762414514651823,0.032623629800664945,"{'classifier__estimator__ccp_alpha': np.float64(0.005640919351346816), 'classifier__estimator__max_depth': 8, 'classifier__estimator__max_features': 'log2', 'classifier__estimator__max_leaf_nodes': 4, 'classifier__estimator__min_impurity_decrease': np.float64(0.06173028013561285), 'classifier__estimator__min_samples_leaf': 5, 'classifier__estimator__min_samples_split': 2, 'classifier__max_features': np.float64(0.5697388131479777), 'classifier__max_samples': np.float64(0.9452287618316859), 'classifier__n_estimators': 943, 'feature_selection_filter__k': 20}",81.92896485328674,"[1, 2, 3, 4, 5, 6, 7, 8, 9, 10, 11, 12, 14, 16, 17, 18, 19, 20, 21, 27]","['V1', 'V2', 'V3', 'V4', 'V5', 'V6', 'V7', 'V8', 'V9', 'V10', 'V11', 'V12', 'V14', 'V16', 'V17', 'V18', 'V19', 'V20', 'V21', 'V27']"
CostSensitiveLearning_ClusterCentroids___RandomizedSearchCV__niter_30__cv_5,9,10,APosteriori,resubstitution,291,17678,29,50,0.9956227836879432,0.909375,0.8533724340175953,0.8804841149773072,0.9983622296267013,0.0016377703732987081,0.9258673318221483,0.9230248132784793,0.8787172353869437,0.8782569729824254,0.9979719570122125,0.9235705199830331,22561,0.8956095128662135,0.014462282254701274,0.8746799488692496,0.03536825536098486,"{'classifier__estimator__ccp_alpha': np.float64(0.0024707865063720337), 'classifier__estimator__max_depth': 8, 'classifier__estimator__max_features': 'log2', 'classifier__estimator__max_leaf_nodes': 19, 'classifier__estimator__min_impurity_decrease': np.float64(0.001516261710851341), 'classifier__estimator__min_samples_leaf': 6, 'classifier__estimator__min_samples_split': 8, 'classifier__max_features': np.float64(0.5238719066705645), 'classifier__max_samples': np.float64(0.6172992700894562), 'classifier__n_estimators': 172, 'feature_selection_filter__k': 'all'}",74.0279746055603,"[0, 1, 2, 3, 4, 5, 6, 7, 8, 9, 10, 11, 12, 13, 14, 15, 16, 17, 18, 19, 20, 21, 22, 23, 24, 25, 26, 27, 28, 29, 30]","['Amount_log1p', 'V1', 'V2', 'V3', 'V4', 'V5', 'V6', 'V7', 'V8', 'V9', 'V10', 'V11', 'V12', 'V13', 'V14', 'V15', 'V16', 'V17', 'V18', 'V19', 'V20', 'V21', 'V22', 'V23', 'V24', 'V25', 'V26', 'V27', 'V28', 'Time_sin', 'Time_cos']"
CostSensitiveLearning_ClusterCentroids___RandomizedSearchCV__niter_30__cv_5,10,1,APosteriori,resubstitution,288,17680,27,53,0.9955673758865248,0.9142857142857143,0.844574780058651,0.8780487804878049,0.9984751793076184,0.0015248206923815788,0.9215249796831347,0.918306569157465,0.8765094666455712,0.8757950556480887,0.9646655472171899,0.8618898233242466,22560,0.8802205191821872,0.007882880388732923,0.8868893163922692,0.042358303362642444,"{'classifier__estimator__ccp_alpha': np.float64(0.00042408733156176103), 'classifier__estimator__max_depth': 15, 'classifier__estimator__max_features': 'sqrt', 'classifier__estimator__max_leaf_nodes': 15, 'classifier__estimator__min_impurity_decrease': np.float64(0.09111211886773217), 'classifier__estimator__min_samples_leaf': 4, 'classifier__estimator__min_samples_split': 4, 'classifier__max_features': np.float64(0.7567132320666697), 'classifier__max_samples': np.float64(0.996849906477846), 'classifier__n_estimators': 197, 'feature_selection_filter__k': 26}",77.80670142173767,"[0, 1, 2, 3, 4, 5, 6, 7, 8, 9, 10, 11, 12, 14, 16, 17, 18, 19, 20, 21, 24, 25, 26, 27, 28, 29]","['Amount_log1p', 'V1', 'V2', 'V3', 'V4', 'V5', 'V6', 'V7', 'V8', 'V9', 'V10', 'V11', 'V12', 'V14', 'V16', 'V17', 'V18', 'V19', 'V20', 'V21', 'V24', 'V25', 'V26', 'V27', 'V28', 'Time_sin']"
CostSensitiveLearning_ClusterCentroids___RandomizedSearchCV__niter_30__cv_5,10,2,APosteriori,resubstitution,276,17684,23,65,0.9951241134751773,0.9230769230769231,0.8093841642228738,0.8625,0.9987010786694528,0.0012989213305472092,0.9040426214461633,0.899073321741535,0.8619544578876233,0.8600289314998182,0.9626640854959526,0.858583674660472,22560,0.8658908318014168,0.012395106914054028,0.8642748747315677,0.031119085232070718,"{'classifier__estimator__ccp_alpha': np.float64(0.00897176121193601), 'classifier__estimator__max_depth': 4, 'classifier__estimator__max_features': 'log2', 'classifier__estimator__max_leaf_nodes': 9, 'classifier__estimator__min_impurity_decrease': np.float64(0.07671974226445882), 'classifier__estimator__min_samples_leaf': 4, 'classifier__estimator__min_samples_split': 3, 'classifier__max_features': np.float64(0.9889696914837316), 'classifier__max_samples': np.float64(0.7235974964178933), 'classifier__n_estimators': 749, 'feature_selection_filter__k': 28}",80.45556092262268,"[0, 1, 2, 3, 4, 5, 6, 7, 8, 9, 10, 11, 12, 13, 14, 16, 17, 18, 19, 20, 21, 22, 24, 26, 27, 28, 29, 30]","['Amount_log1p', 'V1', 'V2', 'V3', 'V4', 'V5', 'V6', 'V7', 'V8', 'V9', 'V10', 'V11', 'V12', 'V13', 'V14', 'V16', 'V17', 'V18', 'V19', 'V20', 'V21', 'V22', 'V24', 'V26', 'V27', 'V28', 'Time_sin', 'Time_cos']"
CostSensitiveLearning_ClusterCentroids___RandomizedSearchCV__niter_30__cv_5,10,3,APosteriori,resubstitution,278,17681,26,63,0.9950687056737588,0.9144736842105263,0.8152492668621701,0.862015503875969,0.998531654148077,0.0014683458519230141,0.9068904605051236,0.9022484131229547,0.8609831073363262,0.8595134074631753,0.9495499982030733,0.8479559539749221,22560,0.8703909110633635,0.018486984125444264,0.8743540096851173,0.03654476549610775,"{'classifier__estimator__ccp_alpha': np.float64(0.00447613188073158), 'classifier__estimator__max_depth': 6, 'classifier__estimator__max_features': 'log2', 'classifier__estimator__max_leaf_nodes': 2, 'classifier__estimator__min_impurity_decrease': np.float64(0.06738098001303681), 'classifier__estimator__min_samples_leaf': 4, 'classifier__estimator__min_samples_split': 4, 'classifier__max_features': np.float64(0.6661381748088919), 'classifier__max_samples': np.float64(0.6081638810760277), 'classifier__n_estimators': 126, 'feature_selection_filter__k': 20}",74.76839137077332,"[1, 2, 3, 4, 5, 6, 7, 8, 9, 10, 11, 12, 14, 16, 17, 18, 19, 20, 21, 27]","['V1', 'V2', 'V3', 'V4', 'V5', 'V6', 'V7', 'V8', 'V9', 'V10', 'V11', 'V12', 'V14', 'V16', 'V17', 'V18', 'V19', 'V20', 'V21', 'V27']"
CostSensitiveLearning_ClusterCentroids___RandomizedSearchCV__niter_30__cv_5,10,4,APosteriori,resubstitution,285,17689,18,56,0.9958998226950354,0.9405940594059405,0.8357771260997068,0.8850931677018633,0.9989834528717456,0.0010165471282543859,0.9173802894857261,0.9137436835690353,0.8846109250370302,0.8830132374280697,0.9701871635834329,0.8617146481596125,22560,0.8860995339814645,0.0067108560147581585,0.8860600218743988,0.019465598236758787,"{'classifier__estimator__ccp_alpha': np.float64(0.0037611581526108295), 'classifier__estimator__max_depth': 11, 'classifier__estimator__max_features': 'sqrt', 'classifier__estimator__max_leaf_nodes': 5, 'classifier__estimator__min_impurity_decrease': np.float64(0.06202892251072539), 'classifier__estimator__min_samples_leaf': 9, 'classifier__estimator__min_samples_split': 6, 'classifier__max_features': np.float64(0.7199139931838567), 'classifier__max_samples': np.float64(0.5830951510692202), 'classifier__n_estimators': 947, 'feature_selection_filter__k': 20}",74.32034301757812,"[1, 2, 3, 4, 5, 6, 7, 8, 9, 10, 11, 12, 14, 16, 17, 18, 19, 20, 21, 27]","['V1', 'V2', 'V3', 'V4', 'V5', 'V6', 'V7', 'V8', 'V9', 'V10', 'V11', 'V12', 'V14', 'V16', 'V17', 'V18', 'V19', 'V20', 'V21', 'V27']"
CostSensitiveLearning_ClusterCentroids___RandomizedSearchCV__niter_30__cv_5,10,5,APosteriori,resubstitution,292,17688,20,48,0.9962322695035462,0.9358974358974359,0.8588235294117647,0.8957055214723927,0.9988705669753783,0.001129433024621651,0.9288470481935716,0.9262038359644841,0.8946465652115485,0.8937906053204393,0.980835597735819,0.8901799503315011,22560,0.8980370365733533,0.006715117736644497,0.892336065847014,0.02375832199177237,"{'classifier__estimator__ccp_alpha': np.float64(0.007305457082342785), 'classifier__estimator__max_depth': 13, 'classifier__estimator__max_features': 'log2', 'classifier__estimator__max_leaf_nodes': 5, 'classifier__estimator__min_impurity_decrease': np.float64(0.007269261387149695), 'classifier__estimator__min_samples_leaf': 4, 'classifier__estimator__min_samples_split': 7, 'classifier__max_features': np.float64(0.7773676705845508), 'classifier__max_samples': np.float64(0.8732883238263275), 'classifier__n_estimators': 402, 'feature_selection_filter__k': 22}",78.56210541725159,"[1, 2, 3, 4, 5, 6, 7, 8, 9, 10, 11, 12, 14, 16, 17, 18, 19, 20, 21, 23, 27, 29]","['V1', 'V2', 'V3', 'V4', 'V5', 'V6', 'V7', 'V8', 'V9', 'V10', 'V11', 'V12', 'V14', 'V16', 'V17', 'V18', 'V19', 'V20', 'V21', 'V23', 'V27', 'Time_sin']"
CostSensitiveLearning_ClusterCentroids___RandomizedSearchCV__niter_30__cv_5,10,6,APosteriori,resubstitution,282,17691,17,58,0.995844414893617,0.9431438127090301,0.8294117647058824,0.8826291079812206,0.9990399819290716,0.0009600180709283812,0.9142258733174771,0.910283205614343,0.8824068975554608,0.8805227342216925,0.9624458536520548,0.8470663110909099,22560,0.8837582994526285,0.0020831008996518422,0.8792968208507185,0.014373669874520097,"{'classifier__estimator__ccp_alpha': np.float64(0.0011622602652254443), 'classifier__estimator__max_depth': 8, 'classifier__estimator__max_features': 'log2', 'classifier__estimator__max_leaf_nodes': 5, 'classifier__estimator__min_impurity_decrease': np.float64(0.05469717854327502), 'classifier__estimator__min_samples_leaf': 7, 'classifier__estimator__min_samples_split': 5, 'classifier__max_features': np.float64(0.5580278528186859), 'classifier__max_samples': np.float64(0.7327834993033739), 'classifier__n_estimators': 195, 'feature_selection_filter__k': 26}",74.73038959503174,"[0, 1, 2, 3, 4, 5, 6, 7, 8, 9, 10, 11, 12, 14, 16, 17, 18, 19, 20, 21, 23, 24, 26, 27, 28, 29]","['Amount_log1p', 'V1', 'V2', 'V3', 'V4', 'V5', 'V6', 'V7', 'V8', 'V9', 'V10', 'V11', 'V12', 'V14', 'V16', 'V17', 'V18', 'V19', 'V20', 'V21', 'V23', 'V24', 'V26', 'V27', 'V28', 'Time_sin']"
CostSensitiveLearning_ClusterCentroids___RandomizedSearchCV__niter_30__cv_5,10,7,APosteriori,resubstitution,286,17689,19,54,0.9959552304964538,0.9377049180327869,0.8411764705882353,0.8868217054263566,0.9989270386266095,0.0010729613733905241,0.9200517546074224,0.9166645628184222,0.8861220999763344,0.8847686984631209,0.9635164066756134,0.871207073552029,22560,0.8864618852849905,0.004853578107556994,0.8908564119132055,0.02102073855833754,"{'classifier__estimator__ccp_alpha': np.float64(0.007697005241194881), 'classifier__estimator__max_depth': 9, 'classifier__estimator__max_features': 'sqrt', 'classifier__estimator__max_leaf_nodes': 11, 'classifier__estimator__min_impurity_decrease': np.float64(0.05561359007884022), 'classifier__estimator__min_samples_leaf': 3, 'classifier__estimator__min_samples_split': 6, 'classifier__max_features': np.float64(0.6645114768376726), 'classifier__max_samples': np.float64(0.9479673468985437), 'classifier__n_estimators': 568, 'feature_selection_filter__k': 24}",78.86625003814697,"[1, 2, 3, 4, 5, 6, 7, 8, 9, 10, 11, 12, 14, 16, 17, 18, 19, 20, 21, 22, 23, 27, 28, 29]","['V1', 'V2', 'V3', 'V4', 'V5', 'V6', 'V7', 'V8', 'V9', 'V10', 'V11', 'V12', 'V14', 'V16', 'V17', 'V18', 'V19', 'V20', 'V21', 'V22', 'V23', 'V27', 'V28', 'Time_sin']"
CostSensitiveLearning_ClusterCentroids___RandomizedSearchCV__niter_30__cv_5,10,8,APosteriori,resubstitution,293,17690,17,48,0.9963984929078015,0.9451612903225807,0.8592375366568915,0.9001536098310292,0.9990399277122042,0.0009600722877958212,0.9291387321845479,0.9265055890329607,0.8993820599877179,0.8983240173107104,0.9589695378685335,0.8703917161430492,22561,0.8967732450524819,0.002365629441170335,0.898163264044537,0.020248523754292865,"{'classifier__estimator__ccp_alpha': np.float64(0.009548354992331682), 'classifier__estimator__max_depth': 12, 'classifier__estimator__max_features': 'log2', 'classifier__estimator__max_leaf_nodes': 11, 'classifier__estimator__min_impurity_decrease': np.float64(0.08136190279770408), 'classifier__estimator__min_samples_leaf': 8, 'classifier__estimator__min_samples_split': 2, 'classifier__max_features': np.float64(0.5961408336712365), 'classifier__max_samples': np.float64(0.5554421775526337), 'classifier__n_estimators': 592, 'feature_selection_filter__k': 20}",77.12576913833618,"[1, 2, 3, 4, 5, 6, 7, 8, 9, 10, 11, 12, 14, 16, 17, 18, 19, 20, 21, 27]","['V1', 'V2', 'V3', 'V4', 'V5', 'V6', 'V7', 'V8', 'V9', 'V10', 'V11', 'V12', 'V14', 'V16', 'V17', 'V18', 'V19', 'V20', 'V21', 'V27']"
CostSensitiveLearning_ClusterCentroids___RandomizedSearchCV__niter_30__cv_5,10,9,APosteriori,resubstitution,287,17691,16,54,0.9961214539007093,0.9471947194719472,0.841642228739003,0.8913043478260869,0.9990964025526627,0.0009035974473372566,0.9203693156458328,0.9169960321449288,0.8909459755007447,0.8893368462157416,0.9691654823787733,0.8745230193779867,22561,0.8873129719249644,0.007581022486784727,0.8904719888011611,0.031079351593627326,"{'classifier__estimator__ccp_alpha': np.float64(0.006130801832554749), 'classifier__estimator__max_depth': 4, 'classifier__estimator__max_features': 'sqrt', 'classifier__estimator__max_leaf_nodes': 16, 'classifier__estimator__min_impurity_decrease': np.float64(0.09837840926544156), 'classifier__estimator__min_samples_leaf': 9, 'classifier__estimator__min_samples_split': 9, 'classifier__max_features': np.float64(0.6312455486159054), 'classifier__max_samples': np.float64(0.6709265550028465), 'classifier__n_estimators': 573, 'feature_selection_filter__k': 'all'}",80.29536771774292,"[0, 1, 2, 3, 4, 5, 6, 7, 8, 9, 10, 11, 12, 13, 14, 15, 16, 17, 18, 19, 20, 21, 22, 23, 24, 25, 26, 27, 28, 29, 30]","['Amount_log1p', 'V1', 'V2', 'V3', 'V4', 'V5', 'V6', 'V7', 'V8', 'V9', 'V10', 'V11', 'V12', 'V13', 'V14', 'V15', 'V16', 'V17', 'V18', 'V19', 'V20', 'V21', 'V22', 'V23', 'V24', 'V25', 'V26', 'V27', 'V28', 'Time_sin', 'Time_cos']"
CostSensitiveLearning_ClusterCentroids___RandomizedSearchCV__niter_30__cv_5,10,10,APosteriori,resubstitution,288,17694,13,53,0.996343085106383,0.9568106312292359,0.844574780058651,0.897196261682243,0.9992658270740385,0.0007341729259614516,0.9219203035663448,0.9186700801273447,0.8971485948821305,0.8953420514317314,0.9857178275172254,0.8831618278515545,22561,0.8911321133957678,0.012638209566125515,0.8859124200323348,0.02843020064918502,"{'classifier__estimator__ccp_alpha': np.float64(0.0009628644740486747), 'classifier__estimator__max_depth': 3, 'classifier__estimator__max_features': 'log2', 'classifier__estimator__max_leaf_nodes': 16, 'classifier__estimator__min_impurity_decrease': np.float64(0.0010241126189676653), 'classifier__estimator__min_samples_leaf': 1, 'classifier__estimator__min_samples_split': 9, 'classifier__max_features': np.float64(0.763194388453176), 'classifier__max_samples': np.float64(0.7791113322648489), 'classifier__n_estimators': 633, 'feature_selection_filter__k': 20}",82.54159545898438,"[1, 2, 3, 4, 5, 6, 7, 8, 9, 10, 11, 12, 14, 16, 17, 18, 19, 20, 21, 27]","['V1', 'V2', 'V3', 'V4', 'V5', 'V6', 'V7', 'V8', 'V9', 'V10', 'V11', 'V12', 'V14', 'V16', 'V17', 'V18', 'V19', 'V20', 'V21', 'V27']"
