experiment_name,iteration,fold,model,split,tp,tn,fp,fn,accuracy,precision,recall,f1,specificity,fpr,balanced_accuracy,geometric_mean,mcc,kappa,roc_auc,average_precision,fold_size,cv_tuning_mean_train_score,cv_tuning_std_train_score,cv_tuning_mean_val_score,cv_tuning_std_val_score,best_params,tuning_time,selected_features_indices,selected_features_names
CostSensitiveLearning_with_RandomUnderSampler___RandomizedSearchCV__niter_30__cv_5,1,1,KNORAU,resubstitution,283,17681,26,58,0.995345744680851,0.9158576051779935,0.8299120234604106,0.8707692307692307,0.998531654148077,0.0014683458519230141,0.9142218388042438,0.9103259996195328,0.8694985547638927,0.8684052774966837,0.9657605960298353,0.8575899721322501,22560,0.8669867424531356,0.008086134615843649,0.8690680088765836,0.022749249264179865,"{'classifier__estimator__ccp_alpha': np.float64(0.006957843993450822), 'classifier__estimator__max_depth': 9, 'classifier__estimator__max_features': 'log2', 'classifier__estimator__max_leaf_nodes': 17, 'classifier__estimator__min_impurity_decrease': np.float64(0.08172222002012158), 'classifier__estimator__min_samples_leaf': 9, 'classifier__estimator__min_samples_split': 5, 'classifier__max_features': np.float64(0.7648252891780032), 'classifier__max_samples': np.float64(0.6209261454502258), 'classifier__n_estimators': 403, 'feature_selection_filter__k': 'all'}",16.38371515274048,"[0, 1, 2, 3, 4, 5, 6, 7, 8, 9, 10, 11, 12, 13, 14, 15, 16, 17, 18, 19, 20, 21, 22, 23, 24, 25, 26, 27, 28, 29, 30]","['Amount_log1p', 'V1', 'V2', 'V3', 'V4', 'V5', 'V6', 'V7', 'V8', 'V9', 'V10', 'V11', 'V12', 'V13', 'V14', 'V15', 'V16', 'V17', 'V18', 'V19', 'V20', 'V21', 'V22', 'V23', 'V24', 'V25', 'V26', 'V27', 'V28', 'Time_sin', 'Time_cos']"
CostSensitiveLearning_with_RandomUnderSampler___RandomizedSearchCV__niter_30__cv_5,1,2,KNORAU,resubstitution,283,17672,35,58,0.9948470744680851,0.889937106918239,0.8299120234604106,0.858877086494689,0.9980233805839499,0.001976619416050096,0.9139677020221803,0.910094282610997,0.8567975373803335,0.8562559669826106,0.9622763799196666,0.8553089508985169,22560,0.8696696206522244,0.0069036936483250115,0.8754470110761355,0.02699088605228715,"{'classifier__estimator__ccp_alpha': np.float64(0.008872905916605034), 'classifier__estimator__max_depth': 16, 'classifier__estimator__max_features': 'log2', 'classifier__estimator__max_leaf_nodes': 7, 'classifier__estimator__min_impurity_decrease': np.float64(0.09973726003484885), 'classifier__estimator__min_samples_leaf': 4, 'classifier__estimator__min_samples_split': 7, 'classifier__max_features': np.float64(0.6606457942170065), 'classifier__max_samples': np.float64(0.9867194990409218), 'classifier__n_estimators': 249, 'feature_selection_filter__k': 24}",11.522039890289307,"[1, 2, 3, 4, 5, 6, 7, 8, 9, 10, 11, 12, 14, 16, 17, 18, 19, 20, 21, 22, 23, 27, 28, 29]","['V1', 'V2', 'V3', 'V4', 'V5', 'V6', 'V7', 'V8', 'V9', 'V10', 'V11', 'V12', 'V14', 'V16', 'V17', 'V18', 'V19', 'V20', 'V21', 'V22', 'V23', 'V27', 'V28', 'Time_sin']"
CostSensitiveLearning_with_RandomUnderSampler___RandomizedSearchCV__niter_30__cv_5,1,3,KNORAU,resubstitution,288,17674,33,53,0.9952349290780141,0.897196261682243,0.844574780058651,0.8700906344410876,0.998136330264867,0.0018636697351329667,0.921355555161759,0.9181507346846699,0.8680770293921353,0.8676658435683486,0.9612012049511709,0.8600569822474904,22560,0.870496648048734,0.01139765119826661,0.872599643285446,0.024997413661515862,"{'classifier__estimator__ccp_alpha': np.float64(0.005870198704928197), 'classifier__estimator__max_depth': 19, 'classifier__estimator__max_features': 'log2', 'classifier__estimator__max_leaf_nodes': 2, 'classifier__estimator__min_impurity_decrease': np.float64(0.009734347167209402), 'classifier__estimator__min_samples_leaf': 3, 'classifier__estimator__min_samples_split': 8, 'classifier__max_features': np.float64(0.9279764754582693), 'classifier__max_samples': np.float64(0.6893389938917076), 'classifier__n_estimators': 937, 'feature_selection_filter__k': 26}",15.724742889404297,"[0, 1, 2, 3, 4, 5, 6, 7, 8, 9, 10, 11, 12, 14, 16, 17, 18, 19, 20, 21, 23, 24, 27, 28, 29, 30]","['Amount_log1p', 'V1', 'V2', 'V3', 'V4', 'V5', 'V6', 'V7', 'V8', 'V9', 'V10', 'V11', 'V12', 'V14', 'V16', 'V17', 'V18', 'V19', 'V20', 'V21', 'V23', 'V24', 'V27', 'V28', 'Time_sin', 'Time_cos']"
CostSensitiveLearning_with_RandomUnderSampler___RandomizedSearchCV__niter_30__cv_5,1,4,KNORAU,resubstitution,283,17659,48,58,0.9941267730496454,0.8549848942598187,0.8299120234604106,0.8422619047619048,0.9972892076579883,0.0027107923420116586,0.9136006155591995,0.909759476071929,0.8393667584083853,0.839270258367266,0.9651233080941034,0.8676141981676463,22560,0.8510397296405949,0.01982144812867135,0.8579068372230474,0.022865735172180518,"{'classifier__estimator__ccp_alpha': np.float64(0.009294238862006962), 'classifier__estimator__max_depth': 14, 'classifier__estimator__max_features': 'sqrt', 'classifier__estimator__max_leaf_nodes': 12, 'classifier__estimator__min_impurity_decrease': np.float64(0.09648019005876224), 'classifier__estimator__min_samples_leaf': 1, 'classifier__estimator__min_samples_split': 3, 'classifier__max_features': np.float64(0.9048985652971461), 'classifier__max_samples': np.float64(0.8767331219177286), 'classifier__n_estimators': 808, 'feature_selection_filter__k': 28}",16.596120357513428,"[0, 1, 2, 3, 4, 5, 6, 7, 8, 9, 10, 11, 12, 13, 14, 16, 17, 18, 19, 20, 21, 23, 24, 25, 27, 28, 29, 30]","['Amount_log1p', 'V1', 'V2', 'V3', 'V4', 'V5', 'V6', 'V7', 'V8', 'V9', 'V10', 'V11', 'V12', 'V13', 'V14', 'V16', 'V17', 'V18', 'V19', 'V20', 'V21', 'V23', 'V24', 'V25', 'V27', 'V28', 'Time_sin', 'Time_cos']"
CostSensitiveLearning_with_RandomUnderSampler___RandomizedSearchCV__niter_30__cv_5,1,5,KNORAU,resubstitution,285,17676,32,55,0.9951795212765957,0.8990536277602523,0.8382352941176471,0.867579908675799,0.9981929071606054,0.0018070928393946195,0.9182141006391262,0.9147242891275595,0.8656785096815016,0.8651280504271783,0.9662636694614597,0.8515009296271387,22560,0.8652551797744252,0.006192958602492103,0.8661712651527752,0.016151098589340187,"{'classifier__estimator__ccp_alpha': np.float64(0.0019512729674487105), 'classifier__estimator__max_depth': 5, 'classifier__estimator__max_features': 'log2', 'classifier__estimator__max_leaf_nodes': 2, 'classifier__estimator__min_impurity_decrease': np.float64(0.0006246276335343693), 'classifier__estimator__min_samples_leaf': 5, 'classifier__estimator__min_samples_split': 7, 'classifier__max_features': np.float64(0.5693554620065604), 'classifier__max_samples': np.float64(0.553572597574249), 'classifier__n_estimators': 999, 'feature_selection_filter__k': 20}",15.608322620391846,"[1, 2, 3, 4, 5, 6, 7, 8, 9, 10, 11, 12, 14, 16, 17, 18, 19, 20, 21, 27]","['V1', 'V2', 'V3', 'V4', 'V5', 'V6', 'V7', 'V8', 'V9', 'V10', 'V11', 'V12', 'V14', 'V16', 'V17', 'V18', 'V19', 'V20', 'V21', 'V27']"
CostSensitiveLearning_with_RandomUnderSampler___RandomizedSearchCV__niter_30__cv_5,1,6,KNORAU,resubstitution,290,17683,25,50,0.995844414893617,0.9206349206349206,0.8529411764705882,0.8854961832061069,0.9985882087192229,0.0014117912807770638,0.9257646925949056,0.9228959863140761,0.8840513073932965,0.8833831298396518,0.9683547814879283,0.8789908684441363,22560,0.889891254836677,0.008461194266004205,0.890696728245904,0.03715579267534624,"{'classifier__estimator__ccp_alpha': np.float64(0.002394400071444558), 'classifier__estimator__max_depth': 17, 'classifier__estimator__max_features': 'log2', 'classifier__estimator__max_leaf_nodes': 4, 'classifier__estimator__min_impurity_decrease': np.float64(0.07688393047246894), 'classifier__estimator__min_samples_leaf': 2, 'classifier__estimator__min_samples_split': 9, 'classifier__max_features': np.float64(0.7799734685206438), 'classifier__max_samples': np.float64(0.5269256087355281), 'classifier__n_estimators': 602, 'feature_selection_filter__k': 26}",11.89569902420044,"[0, 1, 2, 3, 4, 5, 6, 7, 8, 9, 10, 11, 12, 14, 16, 17, 18, 19, 20, 21, 23, 24, 25, 27, 28, 29]","['Amount_log1p', 'V1', 'V2', 'V3', 'V4', 'V5', 'V6', 'V7', 'V8', 'V9', 'V10', 'V11', 'V12', 'V14', 'V16', 'V17', 'V18', 'V19', 'V20', 'V21', 'V23', 'V24', 'V25', 'V27', 'V28', 'Time_sin']"
CostSensitiveLearning_with_RandomUnderSampler___RandomizedSearchCV__niter_30__cv_5,1,7,KNORAU,resubstitution,281,17690,18,59,0.9957335992907801,0.939799331103679,0.8264705882352941,0.8794992175273866,0.9989835102778405,0.0010164897221595082,0.9127270492565673,0.9086421129227314,0.8792140195274021,0.8773366738009376,0.9619969040247678,0.8503302209799047,22560,0.8745556667007817,0.008391851866477644,0.8751452075702076,0.037602557072533904,"{'classifier__estimator__ccp_alpha': np.float64(0.004401864942317294), 'classifier__estimator__max_depth': 18, 'classifier__estimator__max_features': 'log2', 'classifier__estimator__max_leaf_nodes': 2, 'classifier__estimator__min_impurity_decrease': np.float64(0.0771969229798149), 'classifier__estimator__min_samples_leaf': 7, 'classifier__estimator__min_samples_split': 8, 'classifier__max_features': np.float64(0.9815389586634518), 'classifier__max_samples': np.float64(0.5897327062430766), 'classifier__n_estimators': 701, 'feature_selection_filter__k': 28}",13.274534702301025,"[0, 1, 2, 3, 4, 5, 6, 7, 8, 9, 10, 11, 12, 13, 14, 16, 17, 18, 19, 20, 21, 22, 24, 25, 27, 28, 29, 30]","['Amount_log1p', 'V1', 'V2', 'V3', 'V4', 'V5', 'V6', 'V7', 'V8', 'V9', 'V10', 'V11', 'V12', 'V13', 'V14', 'V16', 'V17', 'V18', 'V19', 'V20', 'V21', 'V22', 'V24', 'V25', 'V27', 'V28', 'Time_sin', 'Time_cos']"
CostSensitiveLearning_with_RandomUnderSampler___RandomizedSearchCV__niter_30__cv_5,1,8,KNORAU,resubstitution,291,17671,36,50,0.9952349290780141,0.8899082568807339,0.8533724340175953,0.8712574850299402,0.9979669057434912,0.0020330942565087717,0.9256696698805433,0.9228420490112765,0.8690292540400787,0.8688311128576318,0.9765234419444436,0.8785285023489139,22561,0.8774965615663417,0.004795659982339572,0.8814460415124206,0.017648753241779315,"{'classifier__estimator__ccp_alpha': np.float64(0.008760464464901155), 'classifier__estimator__max_depth': 10, 'classifier__estimator__max_features': 'log2', 'classifier__estimator__max_leaf_nodes': 3, 'classifier__estimator__min_impurity_decrease': np.float64(0.09702116299784462), 'classifier__estimator__min_samples_leaf': 3, 'classifier__estimator__min_samples_split': 3, 'classifier__max_features': np.float64(0.5085495037889202), 'classifier__max_samples': np.float64(0.8857922127644541), 'classifier__n_estimators': 625, 'feature_selection_filter__k': 20}",15.576541185379028,"[1, 2, 3, 4, 5, 6, 7, 8, 9, 10, 11, 12, 14, 16, 17, 18, 19, 20, 21, 27]","['V1', 'V2', 'V3', 'V4', 'V5', 'V6', 'V7', 'V8', 'V9', 'V10', 'V11', 'V12', 'V14', 'V16', 'V17', 'V18', 'V19', 'V20', 'V21', 'V27']"
CostSensitiveLearning_with_RandomUnderSampler___RandomizedSearchCV__niter_30__cv_5,1,9,KNORAU,resubstitution,285,17649,58,56,0.9936835106382979,0.8309037900874635,0.8357771260997068,0.8333333333333334,0.9967244592534026,0.0032755407465974162,0.9162507926765546,0.9127099780697553,0.8301178006965,0.8301141136757233,0.9655563922811977,0.8566545569067735,22561,0.868379449498707,0.00963464737528544,0.8711532456093526,0.033935050353710354,"{'classifier__estimator__ccp_alpha': np.float64(0.004678462289812845), 'classifier__estimator__max_depth': 7, 'classifier__estimator__max_features': 'sqrt', 'classifier__estimator__max_leaf_nodes': 13, 'classifier__estimator__min_impurity_decrease': np.float64(0.09832156313852906), 'classifier__estimator__min_samples_leaf': 6, 'classifier__estimator__min_samples_split': 2, 'classifier__max_features': np.float64(0.9937704528118537), 'classifier__max_samples': np.float64(0.6737196202543237), 'classifier__n_estimators': 391, 'feature_selection_filter__k': 26}",13.919601678848267,"[0, 1, 2, 3, 4, 5, 6, 7, 8, 9, 10, 11, 12, 14, 16, 17, 18, 19, 20, 21, 22, 23, 24, 27, 28, 29]","['Amount_log1p', 'V1', 'V2', 'V3', 'V4', 'V5', 'V6', 'V7', 'V8', 'V9', 'V10', 'V11', 'V12', 'V14', 'V16', 'V17', 'V18', 'V19', 'V20', 'V21', 'V22', 'V23', 'V24', 'V27', 'V28', 'Time_sin']"
CostSensitiveLearning_with_RandomUnderSampler___RandomizedSearchCV__niter_30__cv_5,1,10,KNORAU,resubstitution,282,17685,22,59,0.9955119680851063,0.9276315789473685,0.8269794721407625,0.8744186046511628,0.9987575535099114,0.0012424464900886445,0.9128685128253369,0.9088190108037055,0.8736327085486201,0.8721414157810922,0.9634714604145319,0.861753541386282,22561,0.8694126376537868,0.004533418281270041,0.8752078163771712,0.020668778953407237,"{'classifier__estimator__ccp_alpha': np.float64(0.0011543532744378304), 'classifier__estimator__max_depth': 12, 'classifier__estimator__max_features': 'sqrt', 'classifier__estimator__max_leaf_nodes': 2, 'classifier__estimator__min_impurity_decrease': np.float64(0.08018178091594402), 'classifier__estimator__min_samples_leaf': 2, 'classifier__estimator__min_samples_split': 5, 'classifier__max_features': np.float64(0.6307199202088676), 'classifier__max_samples': np.float64(0.9804222245767851), 'classifier__n_estimators': 426, 'feature_selection_filter__k': 22}",15.109952211380005,"[1, 2, 3, 4, 5, 6, 7, 8, 9, 10, 11, 12, 14, 16, 17, 18, 19, 20, 21, 23, 27, 28]","['V1', 'V2', 'V3', 'V4', 'V5', 'V6', 'V7', 'V8', 'V9', 'V10', 'V11', 'V12', 'V14', 'V16', 'V17', 'V18', 'V19', 'V20', 'V21', 'V23', 'V27', 'V28']"
CostSensitiveLearning_with_RandomUnderSampler___RandomizedSearchCV__niter_30__cv_5,2,1,KNORAU,resubstitution,282,17690,17,59,0.9957890070921985,0.9431438127090301,0.8269794721407625,0.88125,0.9990399277122042,0.0009600722877958212,0.9130096999264834,0.9089474748669386,0.8810841557464169,0.8791158953862066,0.9636020481321319,0.8700255155627035,22560,0.8759443821864566,0.007990566766457418,0.8777616742503046,0.03957206151965422,"{'classifier__estimator__ccp_alpha': np.float64(0.0037953303903767856), 'classifier__estimator__max_depth': 18, 'classifier__estimator__max_features': 'log2', 'classifier__estimator__max_leaf_nodes': 2, 'classifier__estimator__min_impurity_decrease': np.float64(0.02774982134389439), 'classifier__estimator__min_samples_leaf': 3, 'classifier__estimator__min_samples_split': 8, 'classifier__max_features': np.float64(0.707333126393286), 'classifier__max_samples': np.float64(0.6105927801942317), 'classifier__n_estimators': 471, 'feature_selection_filter__k': 20}",13.35021185874939,"[1, 2, 3, 4, 5, 6, 7, 8, 9, 10, 11, 12, 14, 16, 17, 18, 19, 20, 21, 27]","['V1', 'V2', 'V3', 'V4', 'V5', 'V6', 'V7', 'V8', 'V9', 'V10', 'V11', 'V12', 'V14', 'V16', 'V17', 'V18', 'V19', 'V20', 'V21', 'V27']"
CostSensitiveLearning_with_RandomUnderSampler___RandomizedSearchCV__niter_30__cv_5,2,2,KNORAU,resubstitution,283,17683,24,58,0.9954565602836879,0.9218241042345277,0.8299120234604106,0.8734567901234568,0.9986446038289942,0.0013553961710057738,0.9142783136447024,0.9103774842786594,0.8723959542516551,0.871150027033545,0.9635206481788023,0.8633797570303027,22560,0.8706820323430939,0.007572099542714316,0.8650297258297257,0.027521736432012466,"{'classifier__estimator__ccp_alpha': np.float64(0.0017687895631620888), 'classifier__estimator__max_depth': 8, 'classifier__estimator__max_features': 'sqrt', 'classifier__estimator__max_leaf_nodes': 2, 'classifier__estimator__min_impurity_decrease': np.float64(0.04803251208243978), 'classifier__estimator__min_samples_leaf': 8, 'classifier__estimator__min_samples_split': 6, 'classifier__max_features': np.float64(0.7037415941060662), 'classifier__max_samples': np.float64(0.9833510790062634), 'classifier__n_estimators': 814, 'feature_selection_filter__k': 'all'}",16.125284671783447,"[0, 1, 2, 3, 4, 5, 6, 7, 8, 9, 10, 11, 12, 13, 14, 15, 16, 17, 18, 19, 20, 21, 22, 23, 24, 25, 26, 27, 28, 29, 30]","['Amount_log1p', 'V1', 'V2', 'V3', 'V4', 'V5', 'V6', 'V7', 'V8', 'V9', 'V10', 'V11', 'V12', 'V13', 'V14', 'V15', 'V16', 'V17', 'V18', 'V19', 'V20', 'V21', 'V22', 'V23', 'V24', 'V25', 'V26', 'V27', 'V28', 'Time_sin', 'Time_cos']"
CostSensitiveLearning_with_RandomUnderSampler___RandomizedSearchCV__niter_30__cv_5,2,3,KNORAU,resubstitution,281,17672,35,60,0.9947362588652482,0.8892405063291139,0.8240469208211144,0.8554033485540334,0.9980233805839499,0.001976619416050096,0.9110351507025322,0.9068726998193755,0.8533677759580176,0.8527266392854026,0.9611245250358269,0.8498346338173236,22560,0.8704139599347988,0.004164130770957144,0.8705759320782576,0.01691045582927794,"{'classifier__estimator__ccp_alpha': np.float64(0.0039069204079839525), 'classifier__estimator__max_depth': 13, 'classifier__estimator__max_features': 'log2', 'classifier__estimator__max_leaf_nodes': 2, 'classifier__estimator__min_impurity_decrease': np.float64(0.09807494410333134), 'classifier__estimator__min_samples_leaf': 4, 'classifier__estimator__min_samples_split': 8, 'classifier__max_features': np.float64(0.5881700691193159), 'classifier__max_samples': np.float64(0.5606283993193794), 'classifier__n_estimators': 258, 'feature_selection_filter__k': 28}",12.207561254501343,"[0, 1, 2, 3, 4, 5, 6, 7, 8, 9, 10, 11, 12, 13, 14, 16, 17, 18, 19, 20, 21, 23, 24, 25, 26, 27, 28, 29]","['Amount_log1p', 'V1', 'V2', 'V3', 'V4', 'V5', 'V6', 'V7', 'V8', 'V9', 'V10', 'V11', 'V12', 'V13', 'V14', 'V16', 'V17', 'V18', 'V19', 'V20', 'V21', 'V23', 'V24', 'V25', 'V26', 'V27', 'V28', 'Time_sin']"
CostSensitiveLearning_with_RandomUnderSampler___RandomizedSearchCV__niter_30__cv_5,2,4,KNORAU,resubstitution,287,17677,30,54,0.995345744680851,0.9053627760252366,0.841642228739003,0.8723404255319149,0.9983057547862427,0.0016942452137572728,0.9199739917626228,0.9166331220402555,0.8705742731966427,0.8699733004899913,0.9695280972268203,0.8557992636475619,22560,0.8713423251150114,0.0050827827875478526,0.8669431602336666,0.029309973933677926,"{'classifier__estimator__ccp_alpha': np.float64(0.007808627946833988), 'classifier__estimator__max_depth': 7, 'classifier__estimator__max_features': 'sqrt', 'classifier__estimator__max_leaf_nodes': 2, 'classifier__estimator__min_impurity_decrease': np.float64(0.09093556447063052), 'classifier__estimator__min_samples_leaf': 8, 'classifier__estimator__min_samples_split': 6, 'classifier__max_features': np.float64(0.8775079249889064), 'classifier__max_samples': np.float64(0.5340916488488978), 'classifier__n_estimators': 329, 'feature_selection_filter__k': 28}",13.698644161224365,"[0, 1, 2, 3, 4, 5, 6, 7, 8, 9, 10, 11, 12, 13, 14, 16, 17, 18, 19, 20, 21, 22, 23, 24, 26, 27, 28, 29]","['Amount_log1p', 'V1', 'V2', 'V3', 'V4', 'V5', 'V6', 'V7', 'V8', 'V9', 'V10', 'V11', 'V12', 'V13', 'V14', 'V16', 'V17', 'V18', 'V19', 'V20', 'V21', 'V22', 'V23', 'V24', 'V26', 'V27', 'V28', 'Time_sin']"
CostSensitiveLearning_with_RandomUnderSampler___RandomizedSearchCV__niter_30__cv_5,2,5,KNORAU,resubstitution,288,17687,21,52,0.9959552304964538,0.9320388349514563,0.8470588235294118,0.8875192604006163,0.9988140953241473,0.001185904675852667,0.9229364594267795,0.9198120963054714,0.8865138594058843,0.8854646322812977,0.9654689140169284,0.8683517984710949,22560,0.8838621321128329,0.011141029955318344,0.8848776223425345,0.012233337993768927,"{'classifier__estimator__ccp_alpha': np.float64(0.004348124973151565), 'classifier__estimator__max_depth': 5, 'classifier__estimator__max_features': 'sqrt', 'classifier__estimator__max_leaf_nodes': 2, 'classifier__estimator__min_impurity_decrease': np.float64(0.05276519550888901), 'classifier__estimator__min_samples_leaf': 1, 'classifier__estimator__min_samples_split': 7, 'classifier__max_features': np.float64(0.8460372908363902), 'classifier__max_samples': np.float64(0.5551033336171847), 'classifier__n_estimators': 260, 'feature_selection_filter__k': 24}",13.58202338218689,"[0, 1, 2, 3, 4, 5, 6, 7, 8, 9, 10, 11, 12, 14, 16, 17, 18, 19, 20, 21, 22, 27, 28, 29]","['Amount_log1p', 'V1', 'V2', 'V3', 'V4', 'V5', 'V6', 'V7', 'V8', 'V9', 'V10', 'V11', 'V12', 'V14', 'V16', 'V17', 'V18', 'V19', 'V20', 'V21', 'V22', 'V27', 'V28', 'Time_sin']"
CostSensitiveLearning_with_RandomUnderSampler___RandomizedSearchCV__niter_30__cv_5,2,6,KNORAU,resubstitution,284,17674,34,56,0.9950132978723404,0.8930817610062893,0.8352941176470589,0.8632218844984803,0.9980799638581432,0.0019200361418567624,0.9166870407526011,0.9130664393964418,0.861184643318128,0.8606851294549676,0.9645281627446551,0.8692446382641679,22560,0.8711821661393142,0.016994430081379356,0.8734726010983163,0.021298331619254617,"{'classifier__estimator__ccp_alpha': np.float64(0.004512007126367893), 'classifier__estimator__max_depth': 4, 'classifier__estimator__max_features': 'sqrt', 'classifier__estimator__max_leaf_nodes': 18, 'classifier__estimator__min_impurity_decrease': np.float64(0.08985288501792178), 'classifier__estimator__min_samples_leaf': 5, 'classifier__estimator__min_samples_split': 7, 'classifier__max_features': np.float64(0.7910848939691978), 'classifier__max_samples': np.float64(0.6070767679377266), 'classifier__n_estimators': 204, 'feature_selection_filter__k': 24}",16.33164119720459,"[0, 1, 2, 3, 4, 5, 6, 7, 8, 9, 10, 11, 12, 14, 16, 17, 18, 19, 20, 21, 23, 27, 28, 29]","['Amount_log1p', 'V1', 'V2', 'V3', 'V4', 'V5', 'V6', 'V7', 'V8', 'V9', 'V10', 'V11', 'V12', 'V14', 'V16', 'V17', 'V18', 'V19', 'V20', 'V21', 'V23', 'V27', 'V28', 'Time_sin']"
CostSensitiveLearning_with_RandomUnderSampler___RandomizedSearchCV__niter_30__cv_5,2,7,KNORAU,resubstitution,286,17676,32,54,0.9952349290780141,0.89937106918239,0.8411764705882353,0.8693009118541033,0.9981929071606054,0.0018070928393946195,0.9196846888744203,0.916327663345142,0.8673800088469422,0.8668769014791913,0.9703155934838359,0.8668500960684408,22560,0.8706566916877339,0.006698720935978479,0.8773076014638717,0.01450850215945487,"{'classifier__estimator__ccp_alpha': np.float64(0.003417847153949394), 'classifier__estimator__max_depth': 17, 'classifier__estimator__max_features': 'sqrt', 'classifier__estimator__max_leaf_nodes': 12, 'classifier__estimator__min_impurity_decrease': np.float64(0.06605666337183484), 'classifier__estimator__min_samples_leaf': 9, 'classifier__estimator__min_samples_split': 7, 'classifier__max_features': np.float64(0.5410241463002723), 'classifier__max_samples': np.float64(0.5500886250643803), 'classifier__n_estimators': 266, 'feature_selection_filter__k': 26}",11.185213565826416,"[0, 1, 2, 3, 4, 5, 6, 7, 8, 9, 10, 11, 12, 14, 16, 17, 18, 19, 20, 21, 22, 24, 26, 27, 28, 29]","['Amount_log1p', 'V1', 'V2', 'V3', 'V4', 'V5', 'V6', 'V7', 'V8', 'V9', 'V10', 'V11', 'V12', 'V14', 'V16', 'V17', 'V18', 'V19', 'V20', 'V21', 'V22', 'V24', 'V26', 'V27', 'V28', 'Time_sin']"
CostSensitiveLearning_with_RandomUnderSampler___RandomizedSearchCV__niter_30__cv_5,2,8,KNORAU,resubstitution,283,17678,29,58,0.9951795212765957,0.907051282051282,0.8299120234604106,0.8667687595712098,0.9983622296267013,0.0016377703732987081,0.914137126543556,0.9102487671707898,0.8652043765311023,0.864319044360107,0.9691820439155647,0.8508365264978919,22561,0.8751014450572056,0.0044504407261818065,0.8732712518169985,0.02403705110107986,"{'classifier__estimator__ccp_alpha': np.float64(0.008753952607224369), 'classifier__estimator__max_depth': 6, 'classifier__estimator__max_features': 'log2', 'classifier__estimator__max_leaf_nodes': 9, 'classifier__estimator__min_impurity_decrease': np.float64(0.0935166641420025), 'classifier__estimator__min_samples_leaf': 1, 'classifier__estimator__min_samples_split': 6, 'classifier__max_features': np.float64(0.9253317659993563), 'classifier__max_samples': np.float64(0.5395585406106215), 'classifier__n_estimators': 675, 'feature_selection_filter__k': 'all'}",14.907117366790771,"[0, 1, 2, 3, 4, 5, 6, 7, 8, 9, 10, 11, 12, 13, 14, 15, 16, 17, 18, 19, 20, 21, 22, 23, 24, 25, 26, 27, 28, 29, 30]","['Amount_log1p', 'V1', 'V2', 'V3', 'V4', 'V5', 'V6', 'V7', 'V8', 'V9', 'V10', 'V11', 'V12', 'V13', 'V14', 'V15', 'V16', 'V17', 'V18', 'V19', 'V20', 'V21', 'V22', 'V23', 'V24', 'V25', 'V26', 'V27', 'V28', 'Time_sin', 'Time_cos']"
CostSensitiveLearning_with_RandomUnderSampler___RandomizedSearchCV__niter_30__cv_5,2,9,KNORAU,resubstitution,286,17672,35,55,0.9950132978723404,0.8909657320872274,0.8387096774193549,0.8640483383685801,0.9980233805839499,0.001976619416050096,0.9183665290016524,0.9149053872322201,0.8619190354650238,0.861510766525016,0.9706753148803586,0.8754344760794338,22561,0.8683356014135347,0.01380906819481553,0.8749229353878281,0.029794678388968734,"{'classifier__estimator__ccp_alpha': np.float64(0.0013517190374773946), 'classifier__estimator__max_depth': 5, 'classifier__estimator__max_features': 'sqrt', 'classifier__estimator__max_leaf_nodes': 7, 'classifier__estimator__min_impurity_decrease': np.float64(0.07280922297561788), 'classifier__estimator__min_samples_leaf': 5, 'classifier__estimator__min_samples_split': 3, 'classifier__max_features': np.float64(0.8447400848528788), 'classifier__max_samples': np.float64(0.6161497143179097), 'classifier__n_estimators': 580, 'feature_selection_filter__k': 28}",14.606316804885864,"[0, 1, 2, 3, 4, 5, 6, 7, 8, 9, 10, 11, 12, 14, 16, 17, 18, 19, 20, 21, 22, 23, 24, 25, 27, 28, 29, 30]","['Amount_log1p', 'V1', 'V2', 'V3', 'V4', 'V5', 'V6', 'V7', 'V8', 'V9', 'V10', 'V11', 'V12', 'V14', 'V16', 'V17', 'V18', 'V19', 'V20', 'V21', 'V22', 'V23', 'V24', 'V25', 'V27', 'V28', 'Time_sin', 'Time_cos']"
CostSensitiveLearning_with_RandomUnderSampler___RandomizedSearchCV__niter_30__cv_5,2,10,KNORAU,resubstitution,285,17680,27,56,0.9954011524822695,0.9134615384615384,0.8357771260997068,0.8728943338437979,0.9984751793076184,0.0015248206923815788,0.9171261527036626,0.9135112018161631,0.8714489712547735,0.8705572492171136,0.963736196580142,0.8597768659506366,22561,0.865076511195705,0.017454709401164257,0.8666650543981149,0.041454810554733906,"{'classifier__estimator__ccp_alpha': np.float64(0.006636253180061513), 'classifier__estimator__max_depth': 5, 'classifier__estimator__max_features': 'log2', 'classifier__estimator__max_leaf_nodes': 7, 'classifier__estimator__min_impurity_decrease': np.float64(0.07775192993061267), 'classifier__estimator__min_samples_leaf': 1, 'classifier__estimator__min_samples_split': 6, 'classifier__max_features': np.float64(0.6895842393380174), 'classifier__max_samples': np.float64(0.5067306310981263), 'classifier__n_estimators': 712, 'feature_selection_filter__k': 22}",15.559674739837646,"[1, 2, 3, 4, 5, 6, 7, 8, 9, 10, 11, 12, 14, 16, 17, 18, 19, 20, 21, 23, 27, 29]","['V1', 'V2', 'V3', 'V4', 'V5', 'V6', 'V7', 'V8', 'V9', 'V10', 'V11', 'V12', 'V14', 'V16', 'V17', 'V18', 'V19', 'V20', 'V21', 'V23', 'V27', 'Time_sin']"
CostSensitiveLearning_with_RandomUnderSampler___RandomizedSearchCV__niter_30__cv_5,3,1,KNORAU,resubstitution,287,17677,30,54,0.995345744680851,0.9053627760252366,0.841642228739003,0.8723404255319149,0.9983057547862427,0.0016942452137572728,0.9199739917626228,0.9166331220402555,0.8705742731966427,0.8699733004899913,0.9636442800509499,0.8645704265199232,22560,0.8791947924413879,0.009087138173458839,0.8752994990458728,0.018442749683922614,"{'classifier__estimator__ccp_alpha': np.float64(0.002227386552670807), 'classifier__estimator__max_depth': 4, 'classifier__estimator__max_features': 'log2', 'classifier__estimator__max_leaf_nodes': 2, 'classifier__estimator__min_impurity_decrease': np.float64(0.027416303014425415), 'classifier__estimator__min_samples_leaf': 4, 'classifier__estimator__min_samples_split': 3, 'classifier__max_features': np.float64(0.6678143878909013), 'classifier__max_samples': np.float64(0.579340920150065), 'classifier__n_estimators': 416, 'feature_selection_filter__k': 28}",13.599629878997803,"[0, 1, 2, 3, 4, 5, 6, 7, 8, 9, 10, 11, 12, 14, 16, 17, 18, 19, 20, 21, 22, 23, 24, 25, 27, 28, 29, 30]","['Amount_log1p', 'V1', 'V2', 'V3', 'V4', 'V5', 'V6', 'V7', 'V8', 'V9', 'V10', 'V11', 'V12', 'V14', 'V16', 'V17', 'V18', 'V19', 'V20', 'V21', 'V22', 'V23', 'V24', 'V25', 'V27', 'V28', 'Time_sin', 'Time_cos']"
CostSensitiveLearning_with_RandomUnderSampler___RandomizedSearchCV__niter_30__cv_5,3,2,KNORAU,resubstitution,286,17690,17,55,0.9960106382978723,0.9438943894389439,0.8387096774193549,0.8881987577639752,0.9990399277122042,0.0009600722877958212,0.9188748025657796,0.9153712118591879,0.8877784502688875,0.8861750418219057,0.9622674366897993,0.8675473481153828,22560,0.8864485754857174,0.010348325678373984,0.8865168375834337,0.022107685685101942,"{'classifier__estimator__ccp_alpha': np.float64(0.0055394102250058645), 'classifier__estimator__max_depth': 14, 'classifier__estimator__max_features': 'log2', 'classifier__estimator__max_leaf_nodes': 2, 'classifier__estimator__min_impurity_decrease': np.float64(0.05256725610928528), 'classifier__estimator__min_samples_leaf': 3, 'classifier__estimator__min_samples_split': 8, 'classifier__max_features': np.float64(0.6280433898580737), 'classifier__max_samples': np.float64(0.7715465789347553), 'classifier__n_estimators': 882, 'feature_selection_filter__k': 'all'}",15.955213785171509,"[0, 1, 2, 3, 4, 5, 6, 7, 8, 9, 10, 11, 12, 13, 14, 15, 16, 17, 18, 19, 20, 21, 22, 23, 24, 25, 26, 27, 28, 29, 30]","['Amount_log1p', 'V1', 'V2', 'V3', 'V4', 'V5', 'V6', 'V7', 'V8', 'V9', 'V10', 'V11', 'V12', 'V13', 'V14', 'V15', 'V16', 'V17', 'V18', 'V19', 'V20', 'V21', 'V22', 'V23', 'V24', 'V25', 'V26', 'V27', 'V28', 'Time_sin', 'Time_cos']"
CostSensitiveLearning_with_RandomUnderSampler___RandomizedSearchCV__niter_30__cv_5,3,3,KNORAU,resubstitution,280,17687,20,61,0.9955119680851063,0.9333333333333333,0.8211143695014663,0.8736349453978159,0.9988705031908285,0.0011294968091715152,0.9099924363461473,0.9056417191368502,0.8732129870635081,0.8713598742996408,0.9685479854795069,0.8562012528660655,22560,0.8720141000372179,0.010239697904798627,0.869342141691438,0.02057010323115678,"{'classifier__estimator__ccp_alpha': np.float64(0.0032538188176461937), 'classifier__estimator__max_depth': 18, 'classifier__estimator__max_features': 'log2', 'classifier__estimator__max_leaf_nodes': 2, 'classifier__estimator__min_impurity_decrease': np.float64(0.08125945489088435), 'classifier__estimator__min_samples_leaf': 3, 'classifier__estimator__min_samples_split': 7, 'classifier__max_features': np.float64(0.8475354277522709), 'classifier__max_samples': np.float64(0.665935823882553), 'classifier__n_estimators': 485, 'feature_selection_filter__k': 'all'}",14.067444324493408,"[0, 1, 2, 3, 4, 5, 6, 7, 8, 9, 10, 11, 12, 13, 14, 15, 16, 17, 18, 19, 20, 21, 22, 23, 24, 25, 26, 27, 28, 29, 30]","['Amount_log1p', 'V1', 'V2', 'V3', 'V4', 'V5', 'V6', 'V7', 'V8', 'V9', 'V10', 'V11', 'V12', 'V13', 'V14', 'V15', 'V16', 'V17', 'V18', 'V19', 'V20', 'V21', 'V22', 'V23', 'V24', 'V25', 'V26', 'V27', 'V28', 'Time_sin', 'Time_cos']"
CostSensitiveLearning_with_RandomUnderSampler___RandomizedSearchCV__niter_30__cv_5,3,4,KNORAU,resubstitution,283,17674,33,58,0.994957890070922,0.8955696202531646,0.8299120234604106,0.8614916286149162,0.998136330264867,0.0018636697351329667,0.9140241768626388,0.9101457803777725,0.8595734218794696,0.8589276228944382,0.9666283377500191,0.8579923371201342,22560,0.8743409346272637,0.011465751436053224,0.8729169257530012,0.01814675921346395,"{'classifier__estimator__ccp_alpha': np.float64(0.005571012064508489), 'classifier__estimator__max_depth': 18, 'classifier__estimator__max_features': 'log2', 'classifier__estimator__max_leaf_nodes': 6, 'classifier__estimator__min_impurity_decrease': np.float64(0.0981798639605756), 'classifier__estimator__min_samples_leaf': 5, 'classifier__estimator__min_samples_split': 5, 'classifier__max_features': np.float64(0.5407557955152452), 'classifier__max_samples': np.float64(0.6851519023863204), 'classifier__n_estimators': 827, 'feature_selection_filter__k': 'all'}",16.7220299243927,"[0, 1, 2, 3, 4, 5, 6, 7, 8, 9, 10, 11, 12, 13, 14, 15, 16, 17, 18, 19, 20, 21, 22, 23, 24, 25, 26, 27, 28, 29, 30]","['Amount_log1p', 'V1', 'V2', 'V3', 'V4', 'V5', 'V6', 'V7', 'V8', 'V9', 'V10', 'V11', 'V12', 'V13', 'V14', 'V15', 'V16', 'V17', 'V18', 'V19', 'V20', 'V21', 'V22', 'V23', 'V24', 'V25', 'V26', 'V27', 'V28', 'Time_sin', 'Time_cos']"
CostSensitiveLearning_with_RandomUnderSampler___RandomizedSearchCV__niter_30__cv_5,3,5,KNORAU,resubstitution,280,17680,28,60,0.9951241134751773,0.9090909090909091,0.8235294117647058,0.8641975308641975,0.9984187937655297,0.0015812062344703337,0.9109741027651177,0.9067674684970529,0.8628126440510204,0.8617211856449919,0.9650922979311445,0.8531467957591337,22560,0.8693369675148753,0.008099819404731827,0.8651057545507926,0.03629890080746834,"{'classifier__estimator__ccp_alpha': np.float64(0.005576741270619672), 'classifier__estimator__max_depth': 5, 'classifier__estimator__max_features': 'sqrt', 'classifier__estimator__max_leaf_nodes': 2, 'classifier__estimator__min_impurity_decrease': np.float64(0.0903489032968205), 'classifier__estimator__min_samples_leaf': 9, 'classifier__estimator__min_samples_split': 2, 'classifier__max_features': np.float64(0.7695527371595337), 'classifier__max_samples': np.float64(0.8321637581704533), 'classifier__n_estimators': 925, 'feature_selection_filter__k': 20}",17.063788175582886,"[1, 2, 3, 4, 5, 6, 7, 8, 9, 10, 11, 12, 14, 16, 17, 18, 19, 20, 21, 27]","['V1', 'V2', 'V3', 'V4', 'V5', 'V6', 'V7', 'V8', 'V9', 'V10', 'V11', 'V12', 'V14', 'V16', 'V17', 'V18', 'V19', 'V20', 'V21', 'V27']"
CostSensitiveLearning_with_RandomUnderSampler___RandomizedSearchCV__niter_30__cv_5,3,6,KNORAU,resubstitution,276,17676,32,64,0.9946808510638298,0.8961038961038961,0.8117647058823529,0.8518518518518519,0.9981929071606054,0.0018070928393946195,0.9049788065214792,0.9001654135185819,0.8502259205347715,0.8491503843399911,0.9607149975418222,0.8357306479884609,22560,0.8541654196881249,0.00840312695084158,0.8609194451205392,0.01442524294003651,"{'classifier__estimator__ccp_alpha': np.float64(0.007299405570626448), 'classifier__estimator__max_depth': 17, 'classifier__estimator__max_features': 'sqrt', 'classifier__estimator__max_leaf_nodes': 2, 'classifier__estimator__min_impurity_decrease': np.float64(0.025214679641823903), 'classifier__estimator__min_samples_leaf': 1, 'classifier__estimator__min_samples_split': 6, 'classifier__max_features': np.float64(0.7649047412255986), 'classifier__max_samples': np.float64(0.6740374725957935), 'classifier__n_estimators': 967, 'feature_selection_filter__k': 26}",17.869492769241333,"[0, 1, 2, 3, 4, 5, 6, 7, 8, 9, 10, 11, 12, 14, 16, 17, 18, 19, 20, 21, 22, 24, 25, 27, 28, 29]","['Amount_log1p', 'V1', 'V2', 'V3', 'V4', 'V5', 'V6', 'V7', 'V8', 'V9', 'V10', 'V11', 'V12', 'V14', 'V16', 'V17', 'V18', 'V19', 'V20', 'V21', 'V22', 'V24', 'V25', 'V27', 'V28', 'Time_sin']"
CostSensitiveLearning_with_RandomUnderSampler___RandomizedSearchCV__niter_30__cv_5,3,7,KNORAU,resubstitution,277,17685,23,63,0.9952349290780141,0.9233333333333333,0.8147058823529412,0.865625,0.9987011520216851,0.001298847978314921,0.9067035171873131,0.9020242254311831,0.8649615488105828,0.8632091035999832,0.9655709782218739,0.8423656363233037,22560,0.8774959248720873,0.009629184606804305,0.8799144638170228,0.038176415378329075,"{'classifier__estimator__ccp_alpha': np.float64(0.00415953055418054), 'classifier__estimator__max_depth': 15, 'classifier__estimator__max_features': 'log2', 'classifier__estimator__max_leaf_nodes': 2, 'classifier__estimator__min_impurity_decrease': np.float64(0.09516974476809718), 'classifier__estimator__min_samples_leaf': 1, 'classifier__estimator__min_samples_split': 6, 'classifier__max_features': np.float64(0.5683593403951439), 'classifier__max_samples': np.float64(0.5244578133241158), 'classifier__n_estimators': 206, 'feature_selection_filter__k': 28}",13.119616031646729,"[0, 1, 2, 3, 4, 5, 6, 7, 8, 9, 10, 11, 12, 13, 14, 15, 16, 17, 18, 19, 20, 21, 23, 24, 27, 28, 29, 30]","['Amount_log1p', 'V1', 'V2', 'V3', 'V4', 'V5', 'V6', 'V7', 'V8', 'V9', 'V10', 'V11', 'V12', 'V13', 'V14', 'V15', 'V16', 'V17', 'V18', 'V19', 'V20', 'V21', 'V23', 'V24', 'V27', 'V28', 'Time_sin', 'Time_cos']"
CostSensitiveLearning_with_RandomUnderSampler___RandomizedSearchCV__niter_30__cv_5,3,8,KNORAU,resubstitution,283,17678,29,58,0.9951795212765957,0.907051282051282,0.8299120234604106,0.8667687595712098,0.9983622296267013,0.0016377703732987081,0.914137126543556,0.9102487671707898,0.8652043765311023,0.864319044360107,0.967588161614763,0.8713543681067091,22561,0.871152256548483,0.011065670591874358,0.8698349999220285,0.02443132565040327,"{'classifier__estimator__ccp_alpha': np.float64(0.002375561678152992), 'classifier__estimator__max_depth': 17, 'classifier__estimator__max_features': 'log2', 'classifier__estimator__max_leaf_nodes': 2, 'classifier__estimator__min_impurity_decrease': np.float64(0.04760722626450138), 'classifier__estimator__min_samples_leaf': 3, 'classifier__estimator__min_samples_split': 8, 'classifier__max_features': np.float64(0.5468576216581333), 'classifier__max_samples': np.float64(0.7288583480241967), 'classifier__n_estimators': 537, 'feature_selection_filter__k': 20}",15.489994764328003,"[1, 2, 3, 4, 5, 6, 7, 8, 9, 10, 11, 12, 14, 16, 17, 18, 19, 20, 21, 27]","['V1', 'V2', 'V3', 'V4', 'V5', 'V6', 'V7', 'V8', 'V9', 'V10', 'V11', 'V12', 'V14', 'V16', 'V17', 'V18', 'V19', 'V20', 'V21', 'V27']"
CostSensitiveLearning_with_RandomUnderSampler___RandomizedSearchCV__niter_30__cv_5,3,9,KNORAU,resubstitution,291,17678,29,50,0.9956227836879432,0.909375,0.8533724340175953,0.8804841149773072,0.9983622296267013,0.0016377703732987081,0.9258673318221483,0.9230248132784793,0.8787172353869437,0.8782569729824254,0.9720498396263585,0.8732063362150191,22561,0.8854950737552922,0.007541788949154419,0.8802003333761018,0.011574441611163618,"{'classifier__estimator__ccp_alpha': np.float64(0.001259461988336218), 'classifier__estimator__max_depth': 6, 'classifier__estimator__max_features': 'sqrt', 'classifier__estimator__max_leaf_nodes': 4, 'classifier__estimator__min_impurity_decrease': np.float64(0.09857246143532093), 'classifier__estimator__min_samples_leaf': 5, 'classifier__estimator__min_samples_split': 4, 'classifier__max_features': np.float64(0.5656136350112858), 'classifier__max_samples': np.float64(0.5024467188856406), 'classifier__n_estimators': 692, 'feature_selection_filter__k': 20}",14.701380491256714,"[1, 2, 3, 4, 5, 6, 7, 8, 9, 10, 11, 12, 14, 16, 17, 18, 19, 20, 21, 27]","['V1', 'V2', 'V3', 'V4', 'V5', 'V6', 'V7', 'V8', 'V9', 'V10', 'V11', 'V12', 'V14', 'V16', 'V17', 'V18', 'V19', 'V20', 'V21', 'V27']"
CostSensitiveLearning_with_RandomUnderSampler___RandomizedSearchCV__niter_30__cv_5,3,10,KNORAU,resubstitution,289,17683,24,52,0.9957890070921985,0.9233226837060703,0.8475073313782991,0.8837920489296636,0.9986446038289942,0.0013553961710057738,0.9230759676036466,0.9199775123264968,0.8824909695900698,0.8816517033844737,0.9716620512423886,0.8633373483404344,22561,0.8824856833634837,0.013698632923161513,0.8837749214929407,0.010044641133821884,"{'classifier__estimator__ccp_alpha': np.float64(0.0011504425234136707), 'classifier__estimator__max_depth': 13, 'classifier__estimator__max_features': 'log2', 'classifier__estimator__max_leaf_nodes': 2, 'classifier__estimator__min_impurity_decrease': np.float64(0.042417583045593066), 'classifier__estimator__min_samples_leaf': 2, 'classifier__estimator__min_samples_split': 8, 'classifier__max_features': np.float64(0.6367971278865796), 'classifier__max_samples': np.float64(0.917589430412672), 'classifier__n_estimators': 692, 'feature_selection_filter__k': 26}",15.622948408126831,"[0, 1, 2, 3, 4, 5, 6, 7, 8, 9, 10, 11, 12, 14, 16, 17, 18, 19, 20, 21, 22, 24, 25, 27, 28, 29]","['Amount_log1p', 'V1', 'V2', 'V3', 'V4', 'V5', 'V6', 'V7', 'V8', 'V9', 'V10', 'V11', 'V12', 'V14', 'V16', 'V17', 'V18', 'V19', 'V20', 'V21', 'V22', 'V24', 'V25', 'V27', 'V28', 'Time_sin']"
CostSensitiveLearning_with_RandomUnderSampler___RandomizedSearchCV__niter_30__cv_5,4,1,KNORAU,resubstitution,283,17677,30,58,0.9951241134751773,0.9041533546325878,0.8299120234604106,0.8654434250764526,0.9983057547862427,0.0016942452137572728,0.9141088891233267,0.9102230215649476,0.8637866082260572,0.8629651302346537,0.9674747978954261,0.8435420448667845,22560,0.8634263720492319,0.008342129349386091,0.8616924891764777,0.025488974551245887,"{'classifier__estimator__ccp_alpha': np.float64(0.00500678872676934), 'classifier__estimator__max_depth': 4, 'classifier__estimator__max_features': 'sqrt', 'classifier__estimator__max_leaf_nodes': 2, 'classifier__estimator__min_impurity_decrease': np.float64(0.04162598720764171), 'classifier__estimator__min_samples_leaf': 3, 'classifier__estimator__min_samples_split': 2, 'classifier__max_features': np.float64(0.7352715642536397), 'classifier__max_samples': np.float64(0.6078410729161027), 'classifier__n_estimators': 230, 'feature_selection_filter__k': 26}",13.7342050075531,"[0, 1, 2, 3, 4, 5, 6, 7, 8, 9, 10, 11, 12, 14, 16, 17, 18, 19, 20, 21, 23, 24, 26, 27, 28, 29]","['Amount_log1p', 'V1', 'V2', 'V3', 'V4', 'V5', 'V6', 'V7', 'V8', 'V9', 'V10', 'V11', 'V12', 'V14', 'V16', 'V17', 'V18', 'V19', 'V20', 'V21', 'V23', 'V24', 'V26', 'V27', 'V28', 'Time_sin']"
CostSensitiveLearning_with_RandomUnderSampler___RandomizedSearchCV__niter_30__cv_5,4,2,KNORAU,resubstitution,281,17674,33,60,0.9948470744680851,0.8949044585987261,0.8240469208211144,0.8580152671755725,0.998136330264867,0.0018636697351329667,0.9110916255429907,0.9069240152925991,0.8561505350859346,0.8553957288228813,0.9665162989536256,0.8380977876432639,22560,0.8448828080856317,0.010219318268266922,0.8468632511410015,0.036469191413890586,"{'classifier__estimator__ccp_alpha': np.float64(0.0015392032738202543), 'classifier__estimator__max_depth': 5, 'classifier__estimator__max_features': 'sqrt', 'classifier__estimator__max_leaf_nodes': 3, 'classifier__estimator__min_impurity_decrease': np.float64(0.07613665617681195), 'classifier__estimator__min_samples_leaf': 7, 'classifier__estimator__min_samples_split': 4, 'classifier__max_features': np.float64(0.5080460972810334), 'classifier__max_samples': np.float64(0.9508707948116633), 'classifier__n_estimators': 383, 'feature_selection_filter__k': 'all'}",15.37608790397644,"[0, 1, 2, 3, 4, 5, 6, 7, 8, 9, 10, 11, 12, 13, 14, 15, 16, 17, 18, 19, 20, 21, 22, 23, 24, 25, 26, 27, 28, 29, 30]","['Amount_log1p', 'V1', 'V2', 'V3', 'V4', 'V5', 'V6', 'V7', 'V8', 'V9', 'V10', 'V11', 'V12', 'V13', 'V14', 'V15', 'V16', 'V17', 'V18', 'V19', 'V20', 'V21', 'V22', 'V23', 'V24', 'V25', 'V26', 'V27', 'V28', 'Time_sin', 'Time_cos']"
CostSensitiveLearning_with_RandomUnderSampler___RandomizedSearchCV__niter_30__cv_5,4,3,KNORAU,resubstitution,277,17672,35,64,0.9945146276595744,0.8878205128205128,0.8123167155425219,0.8483920367534457,0.9980233805839499,0.001976619416050096,0.9051700480632359,0.9003949547562995,0.8464705923600887,0.8456044297890873,0.9624218730203788,0.8402018902960826,22560,0.8524882844268064,0.011063572275679527,0.8507923517322373,0.03919105827073046,"{'classifier__estimator__ccp_alpha': np.float64(0.0038362868625784474), 'classifier__estimator__max_depth': 6, 'classifier__estimator__max_features': 'sqrt', 'classifier__estimator__max_leaf_nodes': 2, 'classifier__estimator__min_impurity_decrease': np.float64(0.09028293024632154), 'classifier__estimator__min_samples_leaf': 6, 'classifier__estimator__min_samples_split': 7, 'classifier__max_features': np.float64(0.8325784953986948), 'classifier__max_samples': np.float64(0.6522775757615865), 'classifier__n_estimators': 730, 'feature_selection_filter__k': 28}",16.288297653198242,"[0, 1, 2, 3, 4, 5, 6, 7, 8, 9, 10, 11, 12, 14, 16, 17, 18, 19, 20, 21, 23, 24, 25, 26, 27, 28, 29, 30]","['Amount_log1p', 'V1', 'V2', 'V3', 'V4', 'V5', 'V6', 'V7', 'V8', 'V9', 'V10', 'V11', 'V12', 'V14', 'V16', 'V17', 'V18', 'V19', 'V20', 'V21', 'V23', 'V24', 'V25', 'V26', 'V27', 'V28', 'Time_sin', 'Time_cos']"
CostSensitiveLearning_with_RandomUnderSampler___RandomizedSearchCV__niter_30__cv_5,4,4,KNORAU,resubstitution,285,17687,20,56,0.9957890070921985,0.9344262295081968,0.8357771260997068,0.8823529411764706,0.9988705031908285,0.0011294968091715152,0.9173238146452676,0.913692026069287,0.881636174301646,0.88021585542151,0.9648470616604232,0.8732924840348645,22560,0.8804586374625419,0.009798105517479094,0.8822669002796667,0.03015131408775284,"{'classifier__estimator__ccp_alpha': np.float64(0.009846221661954237), 'classifier__estimator__max_depth': 3, 'classifier__estimator__max_features': 'log2', 'classifier__estimator__max_leaf_nodes': 6, 'classifier__estimator__min_impurity_decrease': np.float64(0.09547212082627526), 'classifier__estimator__min_samples_leaf': 4, 'classifier__estimator__min_samples_split': 8, 'classifier__max_features': np.float64(0.5126332588902708), 'classifier__max_samples': np.float64(0.8778053232700873), 'classifier__n_estimators': 722, 'feature_selection_filter__k': 26}",13.944773435592651,"[0, 1, 2, 3, 4, 5, 6, 7, 8, 9, 10, 11, 12, 14, 16, 17, 18, 19, 20, 21, 23, 24, 27, 28, 29, 30]","['Amount_log1p', 'V1', 'V2', 'V3', 'V4', 'V5', 'V6', 'V7', 'V8', 'V9', 'V10', 'V11', 'V12', 'V14', 'V16', 'V17', 'V18', 'V19', 'V20', 'V21', 'V23', 'V24', 'V27', 'V28', 'Time_sin', 'Time_cos']"
CostSensitiveLearning_with_RandomUnderSampler___RandomizedSearchCV__niter_30__cv_5,4,5,KNORAU,resubstitution,287,17680,28,53,0.9955119680851063,0.9111111111111111,0.8441176470588235,0.8763358778625954,0.9984187937655297,0.0015812062344703337,0.9212682204121766,0.9180320925614026,0.8747149012024213,0.874053780226824,0.9743399460529639,0.8603365144667074,22560,0.8763895299004417,0.008221918962747512,0.8772660028296457,0.013924048337062957,"{'classifier__estimator__ccp_alpha': np.float64(0.008856724552677404), 'classifier__estimator__max_depth': 9, 'classifier__estimator__max_features': 'sqrt', 'classifier__estimator__max_leaf_nodes': 2, 'classifier__estimator__min_impurity_decrease': np.float64(0.011030124455478442), 'classifier__estimator__min_samples_leaf': 4, 'classifier__estimator__min_samples_split': 7, 'classifier__max_features': np.float64(0.7333843260487267), 'classifier__max_samples': np.float64(0.6471215387286449), 'classifier__n_estimators': 522, 'feature_selection_filter__k': 26}",13.800593137741089,"[0, 1, 2, 3, 4, 5, 6, 7, 8, 9, 10, 11, 12, 14, 16, 17, 18, 19, 20, 21, 22, 23, 24, 27, 28, 29]","['Amount_log1p', 'V1', 'V2', 'V3', 'V4', 'V5', 'V6', 'V7', 'V8', 'V9', 'V10', 'V11', 'V12', 'V14', 'V16', 'V17', 'V18', 'V19', 'V20', 'V21', 'V22', 'V23', 'V24', 'V27', 'V28', 'Time_sin']"
CostSensitiveLearning_with_RandomUnderSampler___RandomizedSearchCV__niter_30__cv_5,4,6,KNORAU,resubstitution,285,17689,19,55,0.9958998226950354,0.9375,0.8382352941176471,0.8850931677018633,0.9989270386266095,0.0010729613733905241,0.9185811663721283,0.9150605990999974,0.8844460332142273,0.8830124791173799,0.9679494312972534,0.8674975221133017,22560,0.8806569158352403,0.005857905503801105,0.8823778870217251,0.02138486532648762,"{'classifier__estimator__ccp_alpha': np.float64(0.007918999909158612), 'classifier__estimator__max_depth': 15, 'classifier__estimator__max_features': 'sqrt', 'classifier__estimator__max_leaf_nodes': 2, 'classifier__estimator__min_impurity_decrease': np.float64(0.02335259915004384), 'classifier__estimator__min_samples_leaf': 2, 'classifier__estimator__min_samples_split': 6, 'classifier__max_features': np.float64(0.552675459894141), 'classifier__max_samples': np.float64(0.9819414536271661), 'classifier__n_estimators': 984, 'feature_selection_filter__k': 26}",14.454790830612183,"[0, 1, 2, 3, 4, 5, 6, 7, 8, 9, 10, 11, 12, 14, 16, 17, 18, 19, 20, 21, 22, 24, 25, 27, 28, 29]","['Amount_log1p', 'V1', 'V2', 'V3', 'V4', 'V5', 'V6', 'V7', 'V8', 'V9', 'V10', 'V11', 'V12', 'V14', 'V16', 'V17', 'V18', 'V19', 'V20', 'V21', 'V22', 'V24', 'V25', 'V27', 'V28', 'Time_sin']"
CostSensitiveLearning_with_RandomUnderSampler___RandomizedSearchCV__niter_30__cv_5,4,7,KNORAU,resubstitution,285,17683,25,55,0.9955673758865248,0.9193548387096774,0.8382352941176471,0.8769230769230769,0.9985882087192229,0.0014117912807770638,0.918411751418435,0.9149053944742987,0.8756386286946939,0.8746710183674178,0.9663433110990048,0.8713266857973121,22560,0.8751566459044213,0.007823750273820769,0.8807365883917082,0.039242378598595425,"{'classifier__estimator__ccp_alpha': np.float64(0.006489592478000952), 'classifier__estimator__max_depth': 9, 'classifier__estimator__max_features': 'log2', 'classifier__estimator__max_leaf_nodes': 8, 'classifier__estimator__min_impurity_decrease': np.float64(0.0964232547145118), 'classifier__estimator__min_samples_leaf': 9, 'classifier__estimator__min_samples_split': 3, 'classifier__max_features': np.float64(0.528045490701028), 'classifier__max_samples': np.float64(0.7632810626697892), 'classifier__n_estimators': 548, 'feature_selection_filter__k': 'all'}",14.061846494674683,"[0, 1, 2, 3, 4, 5, 6, 7, 8, 9, 10, 11, 12, 13, 14, 15, 16, 17, 18, 19, 20, 21, 22, 23, 24, 25, 26, 27, 28, 29, 30]","['Amount_log1p', 'V1', 'V2', 'V3', 'V4', 'V5', 'V6', 'V7', 'V8', 'V9', 'V10', 'V11', 'V12', 'V13', 'V14', 'V15', 'V16', 'V17', 'V18', 'V19', 'V20', 'V21', 'V22', 'V23', 'V24', 'V25', 'V26', 'V27', 'V28', 'Time_sin', 'Time_cos']"
CostSensitiveLearning_with_RandomUnderSampler___RandomizedSearchCV__niter_30__cv_5,4,8,KNORAU,resubstitution,282,17678,29,59,0.9951241134751773,0.9067524115755627,0.8269794721407625,0.8650306748466258,0.9983622296267013,0.0016377703732987081,0.9126708508837319,0.9086391306024434,0.8635016956656528,0.8625532379638109,0.9646852554459715,0.8659858684788958,22561,0.8634322207344483,0.012912967024041247,0.8661209656485246,0.015850105303617777,"{'classifier__estimator__ccp_alpha': np.float64(8.847423462379878e-05), 'classifier__estimator__max_depth': 6, 'classifier__estimator__max_features': 'log2', 'classifier__estimator__max_leaf_nodes': 2, 'classifier__estimator__min_impurity_decrease': np.float64(0.004532573114617788), 'classifier__estimator__min_samples_leaf': 5, 'classifier__estimator__min_samples_split': 6, 'classifier__max_features': np.float64(0.9145476216139201), 'classifier__max_samples': np.float64(0.6052683490304691), 'classifier__n_estimators': 148, 'feature_selection_filter__k': 22}",12.566382884979248,"[1, 2, 3, 4, 5, 6, 7, 8, 9, 10, 11, 12, 14, 16, 17, 18, 19, 20, 21, 27, 28, 29]","['V1', 'V2', 'V3', 'V4', 'V5', 'V6', 'V7', 'V8', 'V9', 'V10', 'V11', 'V12', 'V14', 'V16', 'V17', 'V18', 'V19', 'V20', 'V21', 'V27', 'V28', 'Time_sin']"
CostSensitiveLearning_with_RandomUnderSampler___RandomizedSearchCV__niter_30__cv_5,4,9,KNORAU,resubstitution,282,17674,33,59,0.9949024822695035,0.8952380952380953,0.8269794721407625,0.8597560975609756,0.998136330264867,0.0018636697351329667,0.9125579012028148,0.9085363259259134,0.8578635273656202,0.857164313995302,0.9649489151116902,0.8495190179266929,22561,0.8664697507935578,0.008889587257518601,0.8680919350073701,0.02502910120223578,"{'classifier__estimator__ccp_alpha': np.float64(0.0016054879981426086), 'classifier__estimator__max_depth': 14, 'classifier__estimator__max_features': 'sqrt', 'classifier__estimator__max_leaf_nodes': 2, 'classifier__estimator__min_impurity_decrease': np.float64(0.06738044690986596), 'classifier__estimator__min_samples_leaf': 3, 'classifier__estimator__min_samples_split': 8, 'classifier__max_features': np.float64(0.7358864189519583), 'classifier__max_samples': np.float64(0.9744975232815377), 'classifier__n_estimators': 135, 'feature_selection_filter__k': 'all'}",12.159297466278076,"[0, 1, 2, 3, 4, 5, 6, 7, 8, 9, 10, 11, 12, 13, 14, 15, 16, 17, 18, 19, 20, 21, 22, 23, 24, 25, 26, 27, 28, 29, 30]","['Amount_log1p', 'V1', 'V2', 'V3', 'V4', 'V5', 'V6', 'V7', 'V8', 'V9', 'V10', 'V11', 'V12', 'V13', 'V14', 'V15', 'V16', 'V17', 'V18', 'V19', 'V20', 'V21', 'V22', 'V23', 'V24', 'V25', 'V26', 'V27', 'V28', 'Time_sin', 'Time_cos']"
CostSensitiveLearning_with_RandomUnderSampler___RandomizedSearchCV__niter_30__cv_5,4,10,KNORAU,resubstitution,280,17659,48,61,0.99396054964539,0.8536585365853658,0.8211143695014663,0.8370702541106129,0.9972892076579883,0.0027107923420116586,0.9092017885797273,0.9049245819164744,0.8341581963294679,0.8339946884565065,0.9671067177402378,0.8489470834018465,22561,0.8540973572405077,0.010267049989081664,0.8600323282457385,0.0190549358436302,"{'classifier__estimator__ccp_alpha': np.float64(0.007534344295087183), 'classifier__estimator__max_depth': 14, 'classifier__estimator__max_features': 'log2', 'classifier__estimator__max_leaf_nodes': 8, 'classifier__estimator__min_impurity_decrease': np.float64(0.08132476264738259), 'classifier__estimator__min_samples_leaf': 6, 'classifier__estimator__min_samples_split': 4, 'classifier__max_features': np.float64(0.6340974100526804), 'classifier__max_samples': np.float64(0.551286129326928), 'classifier__n_estimators': 325, 'feature_selection_filter__k': 20}",12.2867910861969,"[1, 2, 3, 4, 5, 6, 7, 8, 9, 10, 11, 12, 14, 16, 17, 18, 19, 20, 21, 27]","['V1', 'V2', 'V3', 'V4', 'V5', 'V6', 'V7', 'V8', 'V9', 'V10', 'V11', 'V12', 'V14', 'V16', 'V17', 'V18', 'V19', 'V20', 'V21', 'V27']"
CostSensitiveLearning_with_RandomUnderSampler___RandomizedSearchCV__niter_30__cv_5,5,1,KNORAU,resubstitution,289,17685,22,52,0.9958998226950354,0.9292604501607717,0.8475073313782991,0.8865030674846626,0.9987575535099114,0.0012424464900886445,0.9231324424441052,0.9200295369547131,0.8853922702783216,0.88441976828775,0.9731173962879303,0.8792387138893285,22560,0.8889015883378942,0.013852242304004241,0.8934940456998482,0.018871784288092865,"{'classifier__estimator__ccp_alpha': np.float64(0.007802743360167102), 'classifier__estimator__max_depth': 5, 'classifier__estimator__max_features': 'sqrt', 'classifier__estimator__max_leaf_nodes': 2, 'classifier__estimator__min_impurity_decrease': np.float64(0.04822805845797129), 'classifier__estimator__min_samples_leaf': 1, 'classifier__estimator__min_samples_split': 7, 'classifier__max_features': np.float64(0.6492228877736419), 'classifier__max_samples': np.float64(0.9443992965854642), 'classifier__n_estimators': 445, 'feature_selection_filter__k': 28}",13.804250240325928,"[0, 1, 2, 3, 4, 5, 6, 7, 8, 9, 10, 11, 12, 13, 14, 16, 17, 18, 19, 20, 21, 22, 24, 26, 27, 28, 29, 30]","['Amount_log1p', 'V1', 'V2', 'V3', 'V4', 'V5', 'V6', 'V7', 'V8', 'V9', 'V10', 'V11', 'V12', 'V13', 'V14', 'V16', 'V17', 'V18', 'V19', 'V20', 'V21', 'V22', 'V24', 'V26', 'V27', 'V28', 'Time_sin', 'Time_cos']"
CostSensitiveLearning_with_RandomUnderSampler___RandomizedSearchCV__niter_30__cv_5,5,2,KNORAU,resubstitution,279,17667,40,62,0.9943484042553191,0.8746081504702194,0.8181818181818182,0.8454545454545455,0.997741006381657,0.0022589936183430304,0.9079614122817377,0.903511787790232,0.8430654735911092,0.8425793744925869,0.9632023354416722,0.8451711197202969,22560,0.8451615578257112,0.022124715486104184,0.8491835680117017,0.03916960604675614,"{'classifier__estimator__ccp_alpha': np.float64(0.002570424271051399), 'classifier__estimator__max_depth': 11, 'classifier__estimator__max_features': 'log2', 'classifier__estimator__max_leaf_nodes': 2, 'classifier__estimator__min_impurity_decrease': np.float64(0.09068535028184238), 'classifier__estimator__min_samples_leaf': 4, 'classifier__estimator__min_samples_split': 6, 'classifier__max_features': np.float64(0.5391028201456523), 'classifier__max_samples': np.float64(0.6928581945104005), 'classifier__n_estimators': 116, 'feature_selection_filter__k': 'all'}",12.063265085220337,"[0, 1, 2, 3, 4, 5, 6, 7, 8, 9, 10, 11, 12, 13, 14, 15, 16, 17, 18, 19, 20, 21, 22, 23, 24, 25, 26, 27, 28, 29, 30]","['Amount_log1p', 'V1', 'V2', 'V3', 'V4', 'V5', 'V6', 'V7', 'V8', 'V9', 'V10', 'V11', 'V12', 'V13', 'V14', 'V15', 'V16', 'V17', 'V18', 'V19', 'V20', 'V21', 'V22', 'V23', 'V24', 'V25', 'V26', 'V27', 'V28', 'Time_sin', 'Time_cos']"
CostSensitiveLearning_with_RandomUnderSampler___RandomizedSearchCV__niter_30__cv_5,5,3,KNORAU,resubstitution,284,17682,25,57,0.9954565602836879,0.919093851132686,0.8328445747800587,0.8738461538461538,0.9985881289885357,0.0014118710114643385,0.9157163518842972,0.9119587192783846,0.8726357069887328,0.871538485175334,0.972379165785455,0.872435048405514,22560,0.8764028259673274,0.010794769214015615,0.8686874915738292,0.028583514071853763,"{'classifier__estimator__ccp_alpha': np.float64(0.0004604099363148551), 'classifier__estimator__max_depth': 17, 'classifier__estimator__max_features': 'log2', 'classifier__estimator__max_leaf_nodes': 2, 'classifier__estimator__min_impurity_decrease': np.float64(0.07267563874318304), 'classifier__estimator__min_samples_leaf': 5, 'classifier__estimator__min_samples_split': 3, 'classifier__max_features': np.float64(0.9647716113120279), 'classifier__max_samples': np.float64(0.8528443542533326), 'classifier__n_estimators': 157, 'feature_selection_filter__k': 28}",11.56643009185791,"[0, 1, 2, 3, 4, 5, 6, 7, 8, 9, 10, 11, 12, 13, 14, 16, 17, 18, 19, 20, 21, 22, 23, 24, 27, 28, 29, 30]","['Amount_log1p', 'V1', 'V2', 'V3', 'V4', 'V5', 'V6', 'V7', 'V8', 'V9', 'V10', 'V11', 'V12', 'V13', 'V14', 'V16', 'V17', 'V18', 'V19', 'V20', 'V21', 'V22', 'V23', 'V24', 'V27', 'V28', 'Time_sin', 'Time_cos']"
CostSensitiveLearning_with_RandomUnderSampler___RandomizedSearchCV__niter_30__cv_5,5,4,KNORAU,resubstitution,282,17685,22,59,0.9955119680851063,0.9276315789473685,0.8269794721407625,0.8744186046511628,0.9987575535099114,0.0012424464900886445,0.9128685128253369,0.9088190108037055,0.8736327085486201,0.8721414157810922,0.9654531310993035,0.8602971333965445,22560,0.8770794849283747,0.003588076367476887,0.872822470485478,0.02023132167414493,"{'classifier__estimator__ccp_alpha': np.float64(0.008157842936269201), 'classifier__estimator__max_depth': 16, 'classifier__estimator__max_features': 'sqrt', 'classifier__estimator__max_leaf_nodes': 2, 'classifier__estimator__min_impurity_decrease': np.float64(0.0626778031115384), 'classifier__estimator__min_samples_leaf': 7, 'classifier__estimator__min_samples_split': 4, 'classifier__max_features': np.float64(0.5998598737266418), 'classifier__max_samples': np.float64(0.999737910976463), 'classifier__n_estimators': 982, 'feature_selection_filter__k': 24}",18.328609704971313,"[0, 1, 2, 3, 4, 5, 6, 7, 8, 9, 10, 11, 12, 14, 16, 17, 18, 19, 20, 21, 24, 27, 28, 29]","['Amount_log1p', 'V1', 'V2', 'V3', 'V4', 'V5', 'V6', 'V7', 'V8', 'V9', 'V10', 'V11', 'V12', 'V14', 'V16', 'V17', 'V18', 'V19', 'V20', 'V21', 'V24', 'V27', 'V28', 'Time_sin']"
CostSensitiveLearning_with_RandomUnderSampler___RandomizedSearchCV__niter_30__cv_5,5,5,KNORAU,resubstitution,282,17677,31,58,0.9950687056737588,0.9009584664536742,0.8294117647058824,0.8637059724349158,0.9982493788118365,0.0017506211881634925,0.9138305717588595,0.9099229521761039,0.861963779396082,0.861199270270289,0.9651089902868759,0.8578011787877404,22560,0.8640168099381949,0.008155556583276248,0.8641906241906241,0.034825131292454944,"{'classifier__estimator__ccp_alpha': np.float64(0.009212579789937949), 'classifier__estimator__max_depth': 7, 'classifier__estimator__max_features': 'sqrt', 'classifier__estimator__max_leaf_nodes': 19, 'classifier__estimator__min_impurity_decrease': np.float64(0.08196721835394556), 'classifier__estimator__min_samples_leaf': 1, 'classifier__estimator__min_samples_split': 9, 'classifier__max_features': np.float64(0.5271493016872899), 'classifier__max_samples': np.float64(0.6334719411951513), 'classifier__n_estimators': 550, 'feature_selection_filter__k': 24}",13.080622911453247,"[0, 1, 2, 3, 4, 5, 6, 7, 8, 9, 10, 11, 12, 14, 16, 17, 18, 19, 20, 21, 23, 27, 28, 29]","['Amount_log1p', 'V1', 'V2', 'V3', 'V4', 'V5', 'V6', 'V7', 'V8', 'V9', 'V10', 'V11', 'V12', 'V14', 'V16', 'V17', 'V18', 'V19', 'V20', 'V21', 'V23', 'V27', 'V28', 'Time_sin']"
CostSensitiveLearning_with_RandomUnderSampler___RandomizedSearchCV__niter_30__cv_5,5,6,KNORAU,resubstitution,278,17679,29,62,0.994957890070922,0.9055374592833876,0.8176470588235294,0.8593508500772797,0.9983623221142987,0.0016376778857013496,0.9080046904689141,0.9034976570622557,0.8579483255585763,0.8567905816173562,0.9615047701935981,0.8565076453205561,22560,0.8762179403477772,0.0071354850808758455,0.8710422878139606,0.03034189470384011,"{'classifier__estimator__ccp_alpha': np.float64(0.009805523963344151), 'classifier__estimator__max_depth': 8, 'classifier__estimator__max_features': 'sqrt', 'classifier__estimator__max_leaf_nodes': 2, 'classifier__estimator__min_impurity_decrease': np.float64(0.03106437579408391), 'classifier__estimator__min_samples_leaf': 9, 'classifier__estimator__min_samples_split': 2, 'classifier__max_features': np.float64(0.6378200142148884), 'classifier__max_samples': np.float64(0.5644370566738469), 'classifier__n_estimators': 296, 'feature_selection_filter__k': 22}",10.944672107696533,"[1, 2, 3, 4, 5, 6, 7, 8, 9, 10, 11, 12, 14, 16, 17, 18, 19, 20, 21, 23, 27, 29]","['V1', 'V2', 'V3', 'V4', 'V5', 'V6', 'V7', 'V8', 'V9', 'V10', 'V11', 'V12', 'V14', 'V16', 'V17', 'V18', 'V19', 'V20', 'V21', 'V23', 'V27', 'Time_sin']"
CostSensitiveLearning_with_RandomUnderSampler___RandomizedSearchCV__niter_30__cv_5,5,7,KNORAU,resubstitution,276,17686,22,64,0.9952349290780141,0.9261744966442953,0.8117647058823529,0.8652037617554859,0.9987576236729162,0.001242376327083794,0.9052611647776345,0.9004200067904992,0.8647327123946629,0.8627890562787217,0.9624313205065176,0.8405999291830263,22560,0.8663383324552443,0.00997007003744713,0.8665109603794656,0.012589540639422962,"{'classifier__estimator__ccp_alpha': np.float64(0.008880777116681645), 'classifier__estimator__max_depth': 15, 'classifier__estimator__max_features': 'sqrt', 'classifier__estimator__max_leaf_nodes': 2, 'classifier__estimator__min_impurity_decrease': np.float64(0.046071315614169474), 'classifier__estimator__min_samples_leaf': 9, 'classifier__estimator__min_samples_split': 7, 'classifier__max_features': np.float64(0.9023446109335926), 'classifier__max_samples': np.float64(0.8183733109521942), 'classifier__n_estimators': 315, 'feature_selection_filter__k': 24}",13.292948007583618,"[1, 2, 3, 4, 5, 6, 7, 8, 9, 10, 11, 12, 14, 16, 17, 18, 19, 20, 21, 22, 24, 27, 28, 29]","['V1', 'V2', 'V3', 'V4', 'V5', 'V6', 'V7', 'V8', 'V9', 'V10', 'V11', 'V12', 'V14', 'V16', 'V17', 'V18', 'V19', 'V20', 'V21', 'V22', 'V24', 'V27', 'V28', 'Time_sin']"
CostSensitiveLearning_with_RandomUnderSampler___RandomizedSearchCV__niter_30__cv_5,5,8,KNORAU,resubstitution,286,17679,28,55,0.9954011524822695,0.910828025477707,0.8387096774193549,0.8732824427480916,0.9984187044671599,0.0015812955328401435,0.9185641909432574,0.9150865694310576,0.8717131018432911,0.8709445751860123,0.9697026558246014,0.8683749308684052,22561,0.8710437036868898,0.008677390955304086,0.8693031895221391,0.04045990086772053,"{'classifier__estimator__ccp_alpha': np.float64(0.00955064241793899), 'classifier__estimator__max_depth': 17, 'classifier__estimator__max_features': 'log2', 'classifier__estimator__max_leaf_nodes': 2, 'classifier__estimator__min_impurity_decrease': np.float64(0.09633557495088738), 'classifier__estimator__min_samples_leaf': 2, 'classifier__estimator__min_samples_split': 8, 'classifier__max_features': np.float64(0.7989655182941376), 'classifier__max_samples': np.float64(0.8197361021191141), 'classifier__n_estimators': 912, 'feature_selection_filter__k': 22}",16.268932342529297,"[1, 2, 3, 4, 5, 6, 7, 8, 9, 10, 11, 12, 14, 16, 17, 18, 19, 20, 21, 23, 27, 29]","['V1', 'V2', 'V3', 'V4', 'V5', 'V6', 'V7', 'V8', 'V9', 'V10', 'V11', 'V12', 'V14', 'V16', 'V17', 'V18', 'V19', 'V20', 'V21', 'V23', 'V27', 'Time_sin']"
CostSensitiveLearning_with_RandomUnderSampler___RandomizedSearchCV__niter_30__cv_5,5,9,KNORAU,resubstitution,286,17685,22,55,0.9957335992907801,0.9285714285714286,0.8387096774193549,0.8813559322033898,0.9987575535099114,0.0012424464900886445,0.9187336154646331,0.9152418399114203,0.8803702126621368,0.8791893938814386,0.9631675562144104,0.8573685579946793,22561,0.882057859669153,0.006431110531140214,0.8827026103667326,0.01759762710106744,"{'classifier__estimator__ccp_alpha': np.float64(0.006572751897216319), 'classifier__estimator__max_depth': 12, 'classifier__estimator__max_features': 'sqrt', 'classifier__estimator__max_leaf_nodes': 2, 'classifier__estimator__min_impurity_decrease': np.float64(0.0618811222842954), 'classifier__estimator__min_samples_leaf': 9, 'classifier__estimator__min_samples_split': 2, 'classifier__max_features': np.float64(0.6290836461737228), 'classifier__max_samples': np.float64(0.5971750950157233), 'classifier__n_estimators': 621, 'feature_selection_filter__k': 20}",13.810359001159668,"[1, 2, 3, 4, 5, 6, 7, 8, 9, 10, 11, 12, 14, 16, 17, 18, 19, 20, 21, 27]","['V1', 'V2', 'V3', 'V4', 'V5', 'V6', 'V7', 'V8', 'V9', 'V10', 'V11', 'V12', 'V14', 'V16', 'V17', 'V18', 'V19', 'V20', 'V21', 'V27']"
CostSensitiveLearning_with_RandomUnderSampler___RandomizedSearchCV__niter_30__cv_5,5,10,KNORAU,resubstitution,282,17691,16,59,0.995844414893617,0.9463087248322147,0.8269794721407625,0.8826291079812206,0.9990964025526627,0.0009035974473372566,0.9130379373467126,0.9089731655009051,0.882596724403505,0.8805236200636996,0.9660225167341908,0.8574268943246396,22561,0.8818952309835622,0.009539945690856824,0.8804323861208682,0.04940971901631937,"{'classifier__estimator__ccp_alpha': np.float64(0.0069124406377663325), 'classifier__estimator__max_depth': 15, 'classifier__estimator__max_features': 'log2', 'classifier__estimator__max_leaf_nodes': 2, 'classifier__estimator__min_impurity_decrease': np.float64(0.05696428472798679), 'classifier__estimator__min_samples_leaf': 7, 'classifier__estimator__min_samples_split': 8, 'classifier__max_features': np.float64(0.6247065344456518), 'classifier__max_samples': np.float64(0.5578012056857997), 'classifier__n_estimators': 314, 'feature_selection_filter__k': 28}",13.161189556121826,"[0, 1, 2, 3, 4, 5, 6, 7, 8, 9, 10, 11, 12, 14, 16, 17, 18, 19, 20, 21, 22, 23, 24, 25, 26, 27, 28, 29]","['Amount_log1p', 'V1', 'V2', 'V3', 'V4', 'V5', 'V6', 'V7', 'V8', 'V9', 'V10', 'V11', 'V12', 'V14', 'V16', 'V17', 'V18', 'V19', 'V20', 'V21', 'V22', 'V23', 'V24', 'V25', 'V26', 'V27', 'V28', 'Time_sin']"
CostSensitiveLearning_with_RandomUnderSampler___RandomizedSearchCV__niter_30__cv_5,6,1,KNORAU,resubstitution,284,17678,29,57,0.9952349290780141,0.9073482428115016,0.8328445747800587,0.8685015290519877,0.9983622296267013,0.0016377703732987081,0.91560340220338,0.9118555623616721,0.866904001786726,0.8660795590929571,0.9707950547913602,0.8597041554706722,22560,0.8641870588050626,0.010948331789910162,0.8690028530320382,0.01515242979846243,"{'classifier__estimator__ccp_alpha': np.float64(0.008219815163023836), 'classifier__estimator__max_depth': 13, 'classifier__estimator__max_features': 'log2', 'classifier__estimator__max_leaf_nodes': 13, 'classifier__estimator__min_impurity_decrease': np.float64(0.09427332506147063), 'classifier__estimator__min_samples_leaf': 9, 'classifier__estimator__min_samples_split': 2, 'classifier__max_features': np.float64(0.6089550295253341), 'classifier__max_samples': np.float64(0.9088897899077513), 'classifier__n_estimators': 336, 'feature_selection_filter__k': 20}",13.365423202514648,"[1, 2, 3, 4, 5, 6, 7, 8, 9, 10, 11, 12, 14, 16, 17, 18, 19, 20, 21, 27]","['V1', 'V2', 'V3', 'V4', 'V5', 'V6', 'V7', 'V8', 'V9', 'V10', 'V11', 'V12', 'V14', 'V16', 'V17', 'V18', 'V19', 'V20', 'V21', 'V27']"
CostSensitiveLearning_with_RandomUnderSampler___RandomizedSearchCV__niter_30__cv_5,6,2,KNORAU,resubstitution,277,17679,28,64,0.9949024822695035,0.9081967213114754,0.8123167155425219,0.8575851393188855,0.9984187044671599,0.0015812955328401435,0.905367710004841,0.9005732633989214,0.8563777682753906,0.8549981407734069,0.9669287640274146,0.8464653996469694,22560,0.8620813379732303,0.01036809158224687,0.8515986434040748,0.03867848536435022,"{'classifier__estimator__ccp_alpha': np.float64(0.001456470130768669), 'classifier__estimator__max_depth': 17, 'classifier__estimator__max_features': 'log2', 'classifier__estimator__max_leaf_nodes': 2, 'classifier__estimator__min_impurity_decrease': np.float64(0.06222920053145284), 'classifier__estimator__min_samples_leaf': 6, 'classifier__estimator__min_samples_split': 8, 'classifier__max_features': np.float64(0.9347223062843282), 'classifier__max_samples': np.float64(0.526322889466911), 'classifier__n_estimators': 853, 'feature_selection_filter__k': 26}",16.10546040534973,"[0, 1, 2, 3, 4, 5, 6, 7, 8, 9, 10, 11, 12, 14, 16, 17, 18, 19, 20, 21, 23, 24, 27, 28, 29, 30]","['Amount_log1p', 'V1', 'V2', 'V3', 'V4', 'V5', 'V6', 'V7', 'V8', 'V9', 'V10', 'V11', 'V12', 'V14', 'V16', 'V17', 'V18', 'V19', 'V20', 'V21', 'V23', 'V24', 'V27', 'V28', 'Time_sin', 'Time_cos']"
CostSensitiveLearning_with_RandomUnderSampler___RandomizedSearchCV__niter_30__cv_5,6,3,KNORAU,resubstitution,281,17685,22,60,0.9954565602836879,0.9273927392739274,0.8240469208211144,0.8726708074534162,0.9987575535099114,0.0012424464900886445,0.9114022371655128,0.9072061985109404,0.8719408241096012,0.8703660198527259,0.9676894354122424,0.855352344287837,22560,0.878466522550236,0.004204076255604243,0.8777824302229404,0.021254359732640633,"{'classifier__estimator__ccp_alpha': np.float64(0.007463579226999631), 'classifier__estimator__max_depth': 14, 'classifier__estimator__max_features': 'log2', 'classifier__estimator__max_leaf_nodes': 2, 'classifier__estimator__min_impurity_decrease': np.float64(0.07268784999228527), 'classifier__estimator__min_samples_leaf': 8, 'classifier__estimator__min_samples_split': 6, 'classifier__max_features': np.float64(0.5606274654512591), 'classifier__max_samples': np.float64(0.7109470545580736), 'classifier__n_estimators': 787, 'feature_selection_filter__k': 24}",16.519612073898315,"[1, 2, 3, 4, 5, 6, 7, 8, 9, 10, 11, 12, 14, 16, 17, 18, 19, 20, 21, 22, 23, 27, 28, 29]","['V1', 'V2', 'V3', 'V4', 'V5', 'V6', 'V7', 'V8', 'V9', 'V10', 'V11', 'V12', 'V14', 'V16', 'V17', 'V18', 'V19', 'V20', 'V21', 'V22', 'V23', 'V27', 'V28', 'Time_sin']"
CostSensitiveLearning_with_RandomUnderSampler___RandomizedSearchCV__niter_30__cv_5,6,4,KNORAU,resubstitution,289,17691,16,52,0.9962322695035462,0.9475409836065574,0.8475073313782991,0.8947368421052632,0.9990964025526627,0.0009035974473372566,0.9233018669654809,0.9201855931914312,0.8942653773147737,0.8928247127455615,0.962206904272827,0.8682291907677149,22560,0.8954198951783816,0.007885987621281452,0.8915548949939781,0.022410158408368984,"{'classifier__estimator__ccp_alpha': np.float64(0.005105569990898047), 'classifier__estimator__max_depth': 18, 'classifier__estimator__max_features': 'log2', 'classifier__estimator__max_leaf_nodes': 2, 'classifier__estimator__min_impurity_decrease': np.float64(0.05282883645440848), 'classifier__estimator__min_samples_leaf': 3, 'classifier__estimator__min_samples_split': 7, 'classifier__max_features': np.float64(0.6680728065713334), 'classifier__max_samples': np.float64(0.8547038935968967), 'classifier__n_estimators': 209, 'feature_selection_filter__k': 22}",13.017913103103638,"[1, 2, 3, 4, 5, 6, 7, 8, 9, 10, 11, 12, 14, 16, 17, 18, 19, 20, 21, 27, 28, 29]","['V1', 'V2', 'V3', 'V4', 'V5', 'V6', 'V7', 'V8', 'V9', 'V10', 'V11', 'V12', 'V14', 'V16', 'V17', 'V18', 'V19', 'V20', 'V21', 'V27', 'V28', 'Time_sin']"
CostSensitiveLearning_with_RandomUnderSampler___RandomizedSearchCV__niter_30__cv_5,6,5,KNORAU,resubstitution,276,17686,22,64,0.9952349290780141,0.9261744966442953,0.8117647058823529,0.8652037617554859,0.9987576236729162,0.001242376327083794,0.9052611647776345,0.9004200067904992,0.8647327123946629,0.8627890562787217,0.9665578203271368,0.8532753546228236,22560,0.8666688459117562,0.010964989518569734,0.8723776494202692,0.013920384022185421,"{'classifier__estimator__ccp_alpha': np.float64(0.0083014774541374), 'classifier__estimator__max_depth': 6, 'classifier__estimator__max_features': 'log2', 'classifier__estimator__max_leaf_nodes': 2, 'classifier__estimator__min_impurity_decrease': np.float64(0.01913151633012037), 'classifier__estimator__min_samples_leaf': 6, 'classifier__estimator__min_samples_split': 4, 'classifier__max_features': np.float64(0.6045543763926968), 'classifier__max_samples': np.float64(0.7488771336584789), 'classifier__n_estimators': 553, 'feature_selection_filter__k': 'all'}",16.78501319885254,"[0, 1, 2, 3, 4, 5, 6, 7, 8, 9, 10, 11, 12, 13, 14, 15, 16, 17, 18, 19, 20, 21, 22, 23, 24, 25, 26, 27, 28, 29, 30]","['Amount_log1p', 'V1', 'V2', 'V3', 'V4', 'V5', 'V6', 'V7', 'V8', 'V9', 'V10', 'V11', 'V12', 'V13', 'V14', 'V15', 'V16', 'V17', 'V18', 'V19', 'V20', 'V21', 'V22', 'V23', 'V24', 'V25', 'V26', 'V27', 'V28', 'Time_sin', 'Time_cos']"
CostSensitiveLearning_with_RandomUnderSampler___RandomizedSearchCV__niter_30__cv_5,6,6,KNORAU,resubstitution,280,17685,23,60,0.9954011524822695,0.9240924092409241,0.8235294117647058,0.8709175738724728,0.9987011520216851,0.001298847978314921,0.9111152818931955,0.9068956788149077,0.8700786565472451,0.8685843381738326,0.9702072177413996,0.8483890927710425,22560,0.8698437418544914,0.011560829391028935,0.8702149073471078,0.02218676619023157,"{'classifier__estimator__ccp_alpha': np.float64(0.0024591837828543926), 'classifier__estimator__max_depth': 10, 'classifier__estimator__max_features': 'sqrt', 'classifier__estimator__max_leaf_nodes': 2, 'classifier__estimator__min_impurity_decrease': np.float64(0.036298396011158175), 'classifier__estimator__min_samples_leaf': 4, 'classifier__estimator__min_samples_split': 8, 'classifier__max_features': np.float64(0.5634531831013538), 'classifier__max_samples': np.float64(0.7082187103888632), 'classifier__n_estimators': 837, 'feature_selection_filter__k': 26}",16.202086925506592,"[0, 1, 2, 3, 4, 5, 6, 7, 8, 9, 10, 11, 12, 14, 16, 17, 18, 19, 20, 21, 22, 23, 24, 27, 28, 29]","['Amount_log1p', 'V1', 'V2', 'V3', 'V4', 'V5', 'V6', 'V7', 'V8', 'V9', 'V10', 'V11', 'V12', 'V14', 'V16', 'V17', 'V18', 'V19', 'V20', 'V21', 'V22', 'V23', 'V24', 'V27', 'V28', 'Time_sin']"
CostSensitiveLearning_with_RandomUnderSampler___RandomizedSearchCV__niter_30__cv_5,6,7,KNORAU,resubstitution,272,17674,34,68,0.9943484042553191,0.8888888888888888,0.8,0.8421052631578947,0.9980799638581432,0.0019200361418567624,0.8990399819290716,0.8935681121696961,0.8404436926992819,0.8392360863678472,0.9574299253245458,0.8325928210569588,22560,0.8391901809089903,0.025973558500779807,0.8515460963869893,0.017041242163103362,"{'classifier__estimator__ccp_alpha': np.float64(0.006941635229793583), 'classifier__estimator__max_depth': 17, 'classifier__estimator__max_features': 'sqrt', 'classifier__estimator__max_leaf_nodes': 2, 'classifier__estimator__min_impurity_decrease': np.float64(0.09586984440233626), 'classifier__estimator__min_samples_leaf': 2, 'classifier__estimator__min_samples_split': 3, 'classifier__max_features': np.float64(0.7736076647889558), 'classifier__max_samples': np.float64(0.9952885314386017), 'classifier__n_estimators': 239, 'feature_selection_filter__k': 20}",12.025060176849365,"[1, 2, 3, 4, 5, 6, 7, 8, 9, 10, 11, 12, 14, 16, 17, 18, 19, 20, 21, 29]","['V1', 'V2', 'V3', 'V4', 'V5', 'V6', 'V7', 'V8', 'V9', 'V10', 'V11', 'V12', 'V14', 'V16', 'V17', 'V18', 'V19', 'V20', 'V21', 'Time_sin']"
CostSensitiveLearning_with_RandomUnderSampler___RandomizedSearchCV__niter_30__cv_5,6,8,KNORAU,resubstitution,282,17691,16,59,0.995844414893617,0.9463087248322147,0.8269794721407625,0.8826291079812206,0.9990964025526627,0.0009035974473372566,0.9130379373467126,0.9089731655009051,0.882596724403505,0.8805236200636996,0.9601965821294062,0.8437648883275208,22561,0.8725200457547289,0.012067619386994913,0.8740436826285528,0.02432101433335955,"{'classifier__estimator__ccp_alpha': np.float64(0.006448347016033116), 'classifier__estimator__max_depth': 8, 'classifier__estimator__max_features': 'sqrt', 'classifier__estimator__max_leaf_nodes': 2, 'classifier__estimator__min_impurity_decrease': np.float64(0.028880160409220302), 'classifier__estimator__min_samples_leaf': 2, 'classifier__estimator__min_samples_split': 6, 'classifier__max_features': np.float64(0.7383280772279299), 'classifier__max_samples': np.float64(0.5388069183000075), 'classifier__n_estimators': 195, 'feature_selection_filter__k': 22}",10.995140314102173,"[1, 2, 3, 4, 5, 6, 7, 8, 9, 10, 11, 12, 14, 16, 17, 18, 19, 20, 21, 27, 28, 29]","['V1', 'V2', 'V3', 'V4', 'V5', 'V6', 'V7', 'V8', 'V9', 'V10', 'V11', 'V12', 'V14', 'V16', 'V17', 'V18', 'V19', 'V20', 'V21', 'V27', 'V28', 'Time_sin']"
CostSensitiveLearning_with_RandomUnderSampler___RandomizedSearchCV__niter_30__cv_5,6,9,KNORAU,resubstitution,284,17680,27,57,0.995345744680851,0.9131832797427653,0.8328445747800587,0.8711656441717791,0.9984751793076184,0.0015248206923815788,0.9156598770438386,0.9119071422786952,0.8697561455549867,0.868800818056365,0.964106760965849,0.8690850154753095,22561,0.8704579201079043,0.01156833816991325,0.8653990778799938,0.03537377039971021,"{'classifier__estimator__ccp_alpha': np.float64(0.0011140631670405322), 'classifier__estimator__max_depth': 8, 'classifier__estimator__max_features': 'sqrt', 'classifier__estimator__max_leaf_nodes': 2, 'classifier__estimator__min_impurity_decrease': np.float64(0.033140445827240565), 'classifier__estimator__min_samples_leaf': 4, 'classifier__estimator__min_samples_split': 8, 'classifier__max_features': np.float64(0.5950263539598686), 'classifier__max_samples': np.float64(0.8559498292914578), 'classifier__n_estimators': 947, 'feature_selection_filter__k': 'all'}",18.674713850021362,"[0, 1, 2, 3, 4, 5, 6, 7, 8, 9, 10, 11, 12, 13, 14, 15, 16, 17, 18, 19, 20, 21, 22, 23, 24, 25, 26, 27, 28, 29, 30]","['Amount_log1p', 'V1', 'V2', 'V3', 'V4', 'V5', 'V6', 'V7', 'V8', 'V9', 'V10', 'V11', 'V12', 'V13', 'V14', 'V15', 'V16', 'V17', 'V18', 'V19', 'V20', 'V21', 'V22', 'V23', 'V24', 'V25', 'V26', 'V27', 'V28', 'Time_sin', 'Time_cos']"
CostSensitiveLearning_with_RandomUnderSampler___RandomizedSearchCV__niter_30__cv_5,6,10,KNORAU,resubstitution,286,17683,24,55,0.9956227836879432,0.9225806451612903,0.8387096774193549,0.8786482334869432,0.9986446038289942,0.0013553961710057738,0.9186771406241745,0.9151900860116412,0.8774568244807247,0.876424574885325,0.9643711659007232,0.8635352901229177,22561,0.8770324764193879,0.006797763087535314,0.8798812414639284,0.012598517466903608,"{'classifier__estimator__ccp_alpha': np.float64(0.006089955098753504), 'classifier__estimator__max_depth': 19, 'classifier__estimator__max_features': 'log2', 'classifier__estimator__max_leaf_nodes': 2, 'classifier__estimator__min_impurity_decrease': np.float64(0.09534903476062169), 'classifier__estimator__min_samples_leaf': 8, 'classifier__estimator__min_samples_split': 3, 'classifier__max_features': np.float64(0.5850589515185862), 'classifier__max_samples': np.float64(0.8814606913205086), 'classifier__n_estimators': 989, 'feature_selection_filter__k': 20}",18.8319091796875,"[1, 2, 3, 4, 5, 6, 7, 8, 9, 10, 11, 12, 14, 16, 17, 18, 19, 20, 21, 27]","['V1', 'V2', 'V3', 'V4', 'V5', 'V6', 'V7', 'V8', 'V9', 'V10', 'V11', 'V12', 'V14', 'V16', 'V17', 'V18', 'V19', 'V20', 'V21', 'V27']"
CostSensitiveLearning_with_RandomUnderSampler___RandomizedSearchCV__niter_30__cv_5,7,1,KNORAU,resubstitution,276,17675,32,65,0.9946254432624113,0.8961038961038961,0.8093841642228738,0.8505392912172574,0.9981928051053256,0.001807194894674402,0.9037884846640998,0.8988445078507517,0.8489486895381108,0.8478100156688252,0.9630170118449768,0.8376558424522083,22560,0.852501939711242,0.00677096171020712,0.8517302781515912,0.025575551431527982,"{'classifier__estimator__ccp_alpha': np.float64(0.009501838023545248), 'classifier__estimator__max_depth': 7, 'classifier__estimator__max_features': 'sqrt', 'classifier__estimator__max_leaf_nodes': 2, 'classifier__estimator__min_impurity_decrease': np.float64(0.09580836753163942), 'classifier__estimator__min_samples_leaf': 4, 'classifier__estimator__min_samples_split': 8, 'classifier__max_features': np.float64(0.9033568083083441), 'classifier__max_samples': np.float64(0.7151133392025415), 'classifier__n_estimators': 764, 'feature_selection_filter__k': 'all'}",16.047468185424805,"[0, 1, 2, 3, 4, 5, 6, 7, 8, 9, 10, 11, 12, 13, 14, 15, 16, 17, 18, 19, 20, 21, 22, 23, 24, 25, 26, 27, 28, 29, 30]","['Amount_log1p', 'V1', 'V2', 'V3', 'V4', 'V5', 'V6', 'V7', 'V8', 'V9', 'V10', 'V11', 'V12', 'V13', 'V14', 'V15', 'V16', 'V17', 'V18', 'V19', 'V20', 'V21', 'V22', 'V23', 'V24', 'V25', 'V26', 'V27', 'V28', 'Time_sin', 'Time_cos']"
CostSensitiveLearning_with_RandomUnderSampler___RandomizedSearchCV__niter_30__cv_5,7,2,KNORAU,resubstitution,281,17675,32,60,0.9949024822695035,0.8977635782747604,0.8240469208211144,0.8593272171253823,0.9981928051053256,0.001807194894674402,0.91111986296322,0.9069496719404193,0.8575518211047198,0.8567362725180472,0.9625391287008617,0.8429287000329913,22560,0.8673091120817865,0.007742887262181887,0.8694352382089743,0.013619756877319793,"{'classifier__estimator__ccp_alpha': np.float64(0.0015608497039134495), 'classifier__estimator__max_depth': 10, 'classifier__estimator__max_features': 'sqrt', 'classifier__estimator__max_leaf_nodes': 2, 'classifier__estimator__min_impurity_decrease': np.float64(0.011100303932287482), 'classifier__estimator__min_samples_leaf': 7, 'classifier__estimator__min_samples_split': 2, 'classifier__max_features': np.float64(0.8619567226475389), 'classifier__max_samples': np.float64(0.5952043633912039), 'classifier__n_estimators': 745, 'feature_selection_filter__k': 24}",15.682970523834229,"[0, 1, 2, 3, 4, 5, 6, 7, 8, 9, 10, 11, 12, 14, 16, 17, 18, 19, 20, 21, 24, 27, 28, 29]","['Amount_log1p', 'V1', 'V2', 'V3', 'V4', 'V5', 'V6', 'V7', 'V8', 'V9', 'V10', 'V11', 'V12', 'V14', 'V16', 'V17', 'V18', 'V19', 'V20', 'V21', 'V24', 'V27', 'V28', 'Time_sin']"
CostSensitiveLearning_with_RandomUnderSampler___RandomizedSearchCV__niter_30__cv_5,7,3,KNORAU,resubstitution,283,17690,17,58,0.995844414893617,0.9433333333333334,0.8299120234604106,0.8829953198127926,0.9990399277122042,0.0009600722877958212,0.9144759755863074,0.9105576576611597,0.8827621502807806,0.8808887724996673,0.9618050385825843,0.8598112266455931,22560,0.8781193956222418,0.005367472820365578,0.8858352659802335,0.021924416783117386,"{'classifier__estimator__ccp_alpha': np.float64(0.008894115720987437), 'classifier__estimator__max_depth': 16, 'classifier__estimator__max_features': 'sqrt', 'classifier__estimator__max_leaf_nodes': 2, 'classifier__estimator__min_impurity_decrease': np.float64(0.007799985093075524), 'classifier__estimator__min_samples_leaf': 7, 'classifier__estimator__min_samples_split': 3, 'classifier__max_features': np.float64(0.5042063559280332), 'classifier__max_samples': np.float64(0.5699015150042543), 'classifier__n_estimators': 352, 'feature_selection_filter__k': 24}",12.396973371505737,"[1, 2, 3, 4, 5, 6, 7, 8, 9, 10, 11, 12, 14, 16, 17, 18, 19, 20, 21, 22, 24, 27, 28, 29]","['V1', 'V2', 'V3', 'V4', 'V5', 'V6', 'V7', 'V8', 'V9', 'V10', 'V11', 'V12', 'V14', 'V16', 'V17', 'V18', 'V19', 'V20', 'V21', 'V22', 'V24', 'V27', 'V28', 'Time_sin']"
CostSensitiveLearning_with_RandomUnderSampler___RandomizedSearchCV__niter_30__cv_5,7,4,KNORAU,resubstitution,284,17688,19,57,0.9957890070921985,0.9372937293729373,0.8328445747800587,0.8819875776397516,0.998926978031287,0.0010730219687129505,0.9158857764056729,0.9121134327783997,0.881443399805173,0.8798514330342337,0.9698432632719602,0.8653488394648946,22560,0.8781304578911566,0.010010009378802307,0.8810751391970306,0.019295901778946096,"{'classifier__estimator__ccp_alpha': np.float64(0.0008373992389638219), 'classifier__estimator__max_depth': 12, 'classifier__estimator__max_features': 'sqrt', 'classifier__estimator__max_leaf_nodes': 2, 'classifier__estimator__min_impurity_decrease': np.float64(0.010568683531908452), 'classifier__estimator__min_samples_leaf': 1, 'classifier__estimator__min_samples_split': 6, 'classifier__max_features': np.float64(0.531844784875128), 'classifier__max_samples': np.float64(0.6484172893350177), 'classifier__n_estimators': 301, 'feature_selection_filter__k': 'all'}",13.114118576049805,"[0, 1, 2, 3, 4, 5, 6, 7, 8, 9, 10, 11, 12, 13, 14, 15, 16, 17, 18, 19, 20, 21, 22, 23, 24, 25, 26, 27, 28, 29, 30]","['Amount_log1p', 'V1', 'V2', 'V3', 'V4', 'V5', 'V6', 'V7', 'V8', 'V9', 'V10', 'V11', 'V12', 'V13', 'V14', 'V15', 'V16', 'V17', 'V18', 'V19', 'V20', 'V21', 'V22', 'V23', 'V24', 'V25', 'V26', 'V27', 'V28', 'Time_sin', 'Time_cos']"
CostSensitiveLearning_with_RandomUnderSampler___RandomizedSearchCV__niter_30__cv_5,7,5,KNORAU,resubstitution,277,17681,27,63,0.9950132978723404,0.9111842105263158,0.8147058823529412,0.860248447204969,0.9984752654167608,0.0015247345832392067,0.906590573884851,0.9019222095718396,0.8591103688001419,0.8577178800076243,0.9594542679280882,0.838513199818285,22560,0.8576592121728026,0.014449703333006238,0.8578241272646927,0.0182122604102517,"{'classifier__estimator__ccp_alpha': np.float64(0.005134626804517673), 'classifier__estimator__max_depth': 11, 'classifier__estimator__max_features': 'sqrt', 'classifier__estimator__max_leaf_nodes': 2, 'classifier__estimator__min_impurity_decrease': np.float64(0.015495414897610783), 'classifier__estimator__min_samples_leaf': 3, 'classifier__estimator__min_samples_split': 3, 'classifier__max_features': np.float64(0.6423808768490845), 'classifier__max_samples': np.float64(0.7205029638991722), 'classifier__n_estimators': 206, 'feature_selection_filter__k': 'all'}",12.143036127090454,"[0, 1, 2, 3, 4, 5, 6, 7, 8, 9, 10, 11, 12, 13, 14, 15, 16, 17, 18, 19, 20, 21, 22, 23, 24, 25, 26, 27, 28, 29, 30]","['Amount_log1p', 'V1', 'V2', 'V3', 'V4', 'V5', 'V6', 'V7', 'V8', 'V9', 'V10', 'V11', 'V12', 'V13', 'V14', 'V15', 'V16', 'V17', 'V18', 'V19', 'V20', 'V21', 'V22', 'V23', 'V24', 'V25', 'V26', 'V27', 'V28', 'Time_sin', 'Time_cos']"
CostSensitiveLearning_with_RandomUnderSampler___RandomizedSearchCV__niter_30__cv_5,7,6,KNORAU,resubstitution,291,17685,23,49,0.9960106382978723,0.9267515923566879,0.8558823529411764,0.8899082568807339,0.9987011520216851,0.001298847978314921,0.9272917524814308,0.9245380964986697,0.8886086673203392,0.8878800387096596,0.9653840404469898,0.866842723662622,22560,0.8851679088665652,0.007843619871883697,0.8855193251177422,0.015049857632390097,"{'classifier__estimator__ccp_alpha': np.float64(0.00983481240323804), 'classifier__estimator__max_depth': 14, 'classifier__estimator__max_features': 'log2', 'classifier__estimator__max_leaf_nodes': 17, 'classifier__estimator__min_impurity_decrease': np.float64(0.09768953666303688), 'classifier__estimator__min_samples_leaf': 9, 'classifier__estimator__min_samples_split': 9, 'classifier__max_features': np.float64(0.8606327371656711), 'classifier__max_samples': np.float64(0.8004402186340218), 'classifier__n_estimators': 860, 'feature_selection_filter__k': 'all'}",17.904340505599976,"[0, 1, 2, 3, 4, 5, 6, 7, 8, 9, 10, 11, 12, 13, 14, 15, 16, 17, 18, 19, 20, 21, 22, 23, 24, 25, 26, 27, 28, 29, 30]","['Amount_log1p', 'V1', 'V2', 'V3', 'V4', 'V5', 'V6', 'V7', 'V8', 'V9', 'V10', 'V11', 'V12', 'V13', 'V14', 'V15', 'V16', 'V17', 'V18', 'V19', 'V20', 'V21', 'V22', 'V23', 'V24', 'V25', 'V26', 'V27', 'V28', 'Time_sin', 'Time_cos']"
CostSensitiveLearning_with_RandomUnderSampler___RandomizedSearchCV__niter_30__cv_5,7,7,KNORAU,resubstitution,279,17679,29,61,0.9950132978723404,0.9058441558441559,0.8205882352941176,0.8611111111111112,0.9983623221142987,0.0016376778857013496,0.9094752787042082,0.9051211941435853,0.8596659631719582,0.8585784853187417,0.9646394451161987,0.843546514865765,22560,0.8625618839335288,0.009652380122875096,0.8582722484753018,0.0328683773809742,"{'classifier__estimator__ccp_alpha': np.float64(0.006975375946006925), 'classifier__estimator__max_depth': 10, 'classifier__estimator__max_features': 'log2', 'classifier__estimator__max_leaf_nodes': 2, 'classifier__estimator__min_impurity_decrease': np.float64(0.046354327012104124), 'classifier__estimator__min_samples_leaf': 8, 'classifier__estimator__min_samples_split': 6, 'classifier__max_features': np.float64(0.6577773672449303), 'classifier__max_samples': np.float64(0.5692653536961851), 'classifier__n_estimators': 934, 'feature_selection_filter__k': 28}",16.304936408996582,"[0, 1, 2, 3, 4, 5, 6, 7, 8, 9, 10, 11, 12, 13, 14, 16, 17, 18, 19, 20, 21, 22, 23, 24, 26, 27, 28, 29]","['Amount_log1p', 'V1', 'V2', 'V3', 'V4', 'V5', 'V6', 'V7', 'V8', 'V9', 'V10', 'V11', 'V12', 'V13', 'V14', 'V16', 'V17', 'V18', 'V19', 'V20', 'V21', 'V22', 'V23', 'V24', 'V26', 'V27', 'V28', 'Time_sin']"
CostSensitiveLearning_with_RandomUnderSampler___RandomizedSearchCV__niter_30__cv_5,7,8,KNORAU,resubstitution,288,17680,27,53,0.9955673758865248,0.9142857142857143,0.844574780058651,0.8780487804878049,0.9984751793076184,0.0015248206923815788,0.9215249796831347,0.918306569157465,0.8765094666455712,0.8757950556480887,0.9707586194104194,0.8665357439517161,22561,0.8813518821674133,0.011194223868623492,0.8805776187067526,0.030557287837847533,"{'classifier__estimator__ccp_alpha': np.float64(0.0009296837662230706), 'classifier__estimator__max_depth': 7, 'classifier__estimator__max_features': 'sqrt', 'classifier__estimator__max_leaf_nodes': 2, 'classifier__estimator__min_impurity_decrease': np.float64(0.08304952829781358), 'classifier__estimator__min_samples_leaf': 6, 'classifier__estimator__min_samples_split': 8, 'classifier__max_features': np.float64(0.5303018631509395), 'classifier__max_samples': np.float64(0.5794187781187699), 'classifier__n_estimators': 497, 'feature_selection_filter__k': 28}",12.944295406341553,"[0, 1, 2, 3, 4, 5, 6, 7, 8, 9, 10, 11, 12, 13, 14, 16, 17, 18, 19, 20, 21, 22, 23, 24, 26, 27, 28, 29]","['Amount_log1p', 'V1', 'V2', 'V3', 'V4', 'V5', 'V6', 'V7', 'V8', 'V9', 'V10', 'V11', 'V12', 'V13', 'V14', 'V16', 'V17', 'V18', 'V19', 'V20', 'V21', 'V22', 'V23', 'V24', 'V26', 'V27', 'V28', 'Time_sin']"
CostSensitiveLearning_with_RandomUnderSampler___RandomizedSearchCV__niter_30__cv_5,7,9,KNORAU,resubstitution,282,17672,35,59,0.9947916666666666,0.889589905362776,0.8269794721407625,0.8571428571428571,0.9980233805839499,0.001976619416050096,0.9125014263623562,0.9084849192251098,0.8550842111455419,0.8544939315007045,0.9606348832005899,0.8572242744645984,22561,0.8679729509754184,0.011939129832918987,0.8697073262337651,0.03081396081535804,"{'classifier__estimator__ccp_alpha': np.float64(0.005075955726043937), 'classifier__estimator__max_depth': 14, 'classifier__estimator__max_features': 'sqrt', 'classifier__estimator__max_leaf_nodes': 2, 'classifier__estimator__min_impurity_decrease': np.float64(0.01703726431551097), 'classifier__estimator__min_samples_leaf': 4, 'classifier__estimator__min_samples_split': 8, 'classifier__max_features': np.float64(0.6856998920667858), 'classifier__max_samples': np.float64(0.5852828898285372), 'classifier__n_estimators': 487, 'feature_selection_filter__k': 24}",14.711411952972412,"[1, 2, 3, 4, 5, 6, 7, 8, 9, 10, 11, 12, 14, 16, 17, 18, 19, 20, 21, 24, 25, 27, 28, 29]","['V1', 'V2', 'V3', 'V4', 'V5', 'V6', 'V7', 'V8', 'V9', 'V10', 'V11', 'V12', 'V14', 'V16', 'V17', 'V18', 'V19', 'V20', 'V21', 'V24', 'V25', 'V27', 'V28', 'Time_sin']"
CostSensitiveLearning_with_RandomUnderSampler___RandomizedSearchCV__niter_30__cv_5,7,10,KNORAU,resubstitution,290,17683,24,51,0.995844414893617,0.9235668789808917,0.8504398826979472,0.8854961832061069,0.9986446038289942,0.0013553961710057738,0.9245422432634707,0.9215677944336313,0.8841631552491762,0.8833836522765172,0.9758767139327407,0.88032270110168,22561,0.8809339108210162,0.006362821133894302,0.8784962004655108,0.010603294366469491,"{'classifier__estimator__ccp_alpha': np.float64(0.0013804205305593597), 'classifier__estimator__max_depth': 11, 'classifier__estimator__max_features': 'log2', 'classifier__estimator__max_leaf_nodes': 2, 'classifier__estimator__min_impurity_decrease': np.float64(0.04050270358933068), 'classifier__estimator__min_samples_leaf': 4, 'classifier__estimator__min_samples_split': 6, 'classifier__max_features': np.float64(0.8226380549391565), 'classifier__max_samples': np.float64(0.8351707395872712), 'classifier__n_estimators': 389, 'feature_selection_filter__k': 28}",14.908782005310059,"[0, 1, 2, 3, 4, 5, 6, 7, 8, 9, 10, 11, 12, 14, 16, 17, 18, 19, 20, 21, 22, 23, 24, 26, 27, 28, 29, 30]","['Amount_log1p', 'V1', 'V2', 'V3', 'V4', 'V5', 'V6', 'V7', 'V8', 'V9', 'V10', 'V11', 'V12', 'V14', 'V16', 'V17', 'V18', 'V19', 'V20', 'V21', 'V22', 'V23', 'V24', 'V26', 'V27', 'V28', 'Time_sin', 'Time_cos']"
CostSensitiveLearning_with_RandomUnderSampler___RandomizedSearchCV__niter_30__cv_5,8,1,KNORAU,resubstitution,284,17676,31,57,0.9951241134751773,0.9015873015873016,0.8328445747800587,0.8658536585365854,0.9982492799457842,0.0017507200542158374,0.9155469273629214,0.9118039795268205,0.8640788404589372,0.8633745612128976,0.9637615357314328,0.8616152441311634,22560,0.8722430339532729,0.009803738960399926,0.8656913193617092,0.010849640479328276,"{'classifier__estimator__ccp_alpha': np.float64(0.006216920980786502), 'classifier__estimator__max_depth': 19, 'classifier__estimator__max_features': 'log2', 'classifier__estimator__max_leaf_nodes': 18, 'classifier__estimator__min_impurity_decrease': np.float64(0.09986252048813113), 'classifier__estimator__min_samples_leaf': 3, 'classifier__estimator__min_samples_split': 8, 'classifier__max_features': np.float64(0.5947436735669631), 'classifier__max_samples': np.float64(0.9319090435129955), 'classifier__n_estimators': 501, 'feature_selection_filter__k': 22}",14.301825761795044,"[1, 2, 3, 4, 5, 6, 7, 8, 9, 10, 11, 12, 14, 16, 17, 18, 19, 20, 21, 23, 27, 28]","['V1', 'V2', 'V3', 'V4', 'V5', 'V6', 'V7', 'V8', 'V9', 'V10', 'V11', 'V12', 'V14', 'V16', 'V17', 'V18', 'V19', 'V20', 'V21', 'V23', 'V27', 'V28']"
CostSensitiveLearning_with_RandomUnderSampler___RandomizedSearchCV__niter_30__cv_5,8,2,KNORAU,resubstitution,285,17682,25,56,0.9955119680851063,0.9193548387096774,0.8357771260997068,0.8755760368663594,0.9985881289885357,0.0014118710114643385,0.9171826275441213,0.9135628695406363,0.8743246479797256,0.87329608311027,0.9655432258594486,0.8660780398558716,22560,0.8729623293266071,0.014002607057431355,0.8755714857707341,0.01627933475035027,"{'classifier__estimator__ccp_alpha': np.float64(0.007017460915864763), 'classifier__estimator__max_depth': 17, 'classifier__estimator__max_features': 'sqrt', 'classifier__estimator__max_leaf_nodes': 2, 'classifier__estimator__min_impurity_decrease': np.float64(0.023930482237732843), 'classifier__estimator__min_samples_leaf': 2, 'classifier__estimator__min_samples_split': 5, 'classifier__max_features': np.float64(0.6410484369030456), 'classifier__max_samples': np.float64(0.5856668974897681), 'classifier__n_estimators': 632, 'feature_selection_filter__k': 26}",15.099982976913452,"[0, 1, 2, 3, 4, 5, 6, 7, 8, 9, 10, 11, 12, 14, 16, 17, 18, 19, 20, 21, 23, 24, 25, 27, 28, 29]","['Amount_log1p', 'V1', 'V2', 'V3', 'V4', 'V5', 'V6', 'V7', 'V8', 'V9', 'V10', 'V11', 'V12', 'V14', 'V16', 'V17', 'V18', 'V19', 'V20', 'V21', 'V23', 'V24', 'V25', 'V27', 'V28', 'Time_sin']"
CostSensitiveLearning_with_RandomUnderSampler___RandomizedSearchCV__niter_30__cv_5,8,3,KNORAU,resubstitution,282,17676,31,59,0.9950132978723404,0.9009584664536742,0.8269794721407625,0.8623853211009175,0.9982492799457842,0.0017507200542158374,0.9126143760432733,0.9085877297181933,0.8606692146653886,0.8598507013763504,0.9639709563641599,0.8526985665334116,22560,0.8725290460417501,0.012920434329705821,0.8706356558371381,0.03343951693122508,"{'classifier__estimator__ccp_alpha': np.float64(0.004899378312842671), 'classifier__estimator__max_depth': 10, 'classifier__estimator__max_features': 'log2', 'classifier__estimator__max_leaf_nodes': 2, 'classifier__estimator__min_impurity_decrease': np.float64(0.02026827428451791), 'classifier__estimator__min_samples_leaf': 4, 'classifier__estimator__min_samples_split': 2, 'classifier__max_features': np.float64(0.8281733081383718), 'classifier__max_samples': np.float64(0.6162777622417512), 'classifier__n_estimators': 755, 'feature_selection_filter__k': 26}",17.193382501602173,"[0, 1, 2, 3, 4, 5, 6, 7, 8, 9, 10, 11, 12, 13, 14, 16, 17, 18, 19, 20, 21, 22, 24, 27, 28, 29]","['Amount_log1p', 'V1', 'V2', 'V3', 'V4', 'V5', 'V6', 'V7', 'V8', 'V9', 'V10', 'V11', 'V12', 'V13', 'V14', 'V16', 'V17', 'V18', 'V19', 'V20', 'V21', 'V22', 'V24', 'V27', 'V28', 'Time_sin']"
CostSensitiveLearning_with_RandomUnderSampler___RandomizedSearchCV__niter_30__cv_5,8,4,KNORAU,resubstitution,285,17664,43,56,0.9945146276595744,0.8689024390243902,0.8357771260997068,0.852017937219731,0.9975715818602813,0.0024284181397187243,0.916674353979994,0.9130977547699503,0.8493910272950294,0.8492245335522399,0.9683798030733906,0.857394533776386,22560,0.8709844146629742,0.010956148129626139,0.8694797765663909,0.03916974424772573,"{'classifier__estimator__ccp_alpha': np.float64(0.0012861348880371826), 'classifier__estimator__max_depth': 17, 'classifier__estimator__max_features': 'sqrt', 'classifier__estimator__max_leaf_nodes': 2, 'classifier__estimator__min_impurity_decrease': np.float64(0.03127691570526682), 'classifier__estimator__min_samples_leaf': 7, 'classifier__estimator__min_samples_split': 4, 'classifier__max_features': np.float64(0.6518523924340462), 'classifier__max_samples': np.float64(0.5443669000329865), 'classifier__n_estimators': 318, 'feature_selection_filter__k': 24}",11.757385730743408,"[0, 1, 2, 3, 4, 5, 6, 7, 8, 9, 10, 11, 12, 14, 16, 17, 18, 19, 20, 21, 22, 24, 27, 29]","['Amount_log1p', 'V1', 'V2', 'V3', 'V4', 'V5', 'V6', 'V7', 'V8', 'V9', 'V10', 'V11', 'V12', 'V14', 'V16', 'V17', 'V18', 'V19', 'V20', 'V21', 'V22', 'V24', 'V27', 'Time_sin']"
CostSensitiveLearning_with_RandomUnderSampler___RandomizedSearchCV__niter_30__cv_5,8,5,KNORAU,resubstitution,280,17679,29,60,0.9950687056737588,0.9061488673139159,0.8235294117647058,0.8628659476117103,0.9983623221142987,0.0016376778857013496,0.9109458669395023,0.9067418242580597,0.8613804707241274,0.8603609900415821,0.9665303319204347,0.8507176591155995,22560,0.8758775712627889,0.011740249661695278,0.8691100946715243,0.03066416304055153,"{'classifier__estimator__ccp_alpha': np.float64(0.007191106082822601), 'classifier__estimator__max_depth': 9, 'classifier__estimator__max_features': 'log2', 'classifier__estimator__max_leaf_nodes': 2, 'classifier__estimator__min_impurity_decrease': np.float64(0.09342695149838981), 'classifier__estimator__min_samples_leaf': 3, 'classifier__estimator__min_samples_split': 3, 'classifier__max_features': np.float64(0.6165152443885589), 'classifier__max_samples': np.float64(0.6484763638131765), 'classifier__n_estimators': 756, 'feature_selection_filter__k': 26}",12.555578231811523,"[0, 1, 2, 3, 4, 5, 6, 7, 8, 9, 10, 11, 12, 14, 16, 17, 18, 19, 20, 21, 23, 24, 26, 27, 28, 29]","['Amount_log1p', 'V1', 'V2', 'V3', 'V4', 'V5', 'V6', 'V7', 'V8', 'V9', 'V10', 'V11', 'V12', 'V14', 'V16', 'V17', 'V18', 'V19', 'V20', 'V21', 'V23', 'V24', 'V26', 'V27', 'V28', 'Time_sin']"
CostSensitiveLearning_with_RandomUnderSampler___RandomizedSearchCV__niter_30__cv_5,8,6,KNORAU,resubstitution,283,17680,28,57,0.9952903368794326,0.909967845659164,0.8323529411764706,0.869431643625192,0.9984187937655297,0.0015812062344703337,0.9153858674710001,0.9116122089554323,0.8679318983558559,0.8670384081219176,0.9632939249790723,0.8583167145227604,22560,0.8719450829302845,0.008815504697702682,0.8761175706711434,0.024812298320131352,"{'classifier__estimator__ccp_alpha': np.float64(0.00632007574110103), 'classifier__estimator__max_depth': 4, 'classifier__estimator__max_features': 'sqrt', 'classifier__estimator__max_leaf_nodes': 18, 'classifier__estimator__min_impurity_decrease': np.float64(0.09336961966074464), 'classifier__estimator__min_samples_leaf': 8, 'classifier__estimator__min_samples_split': 7, 'classifier__max_features': np.float64(0.8669299356033805), 'classifier__max_samples': np.float64(0.5193016269333433), 'classifier__n_estimators': 809, 'feature_selection_filter__k': 28}",15.60575556755066,"[0, 1, 2, 3, 4, 5, 6, 7, 8, 9, 10, 11, 12, 14, 16, 17, 18, 19, 20, 21, 23, 24, 25, 26, 27, 28, 29, 30]","['Amount_log1p', 'V1', 'V2', 'V3', 'V4', 'V5', 'V6', 'V7', 'V8', 'V9', 'V10', 'V11', 'V12', 'V14', 'V16', 'V17', 'V18', 'V19', 'V20', 'V21', 'V23', 'V24', 'V25', 'V26', 'V27', 'V28', 'Time_sin', 'Time_cos']"
CostSensitiveLearning_with_RandomUnderSampler___RandomizedSearchCV__niter_30__cv_5,8,7,KNORAU,resubstitution,284,17685,23,56,0.9956227836879432,0.9250814332247557,0.8352941176470589,0.8778979907264297,0.9987011520216851,0.001298847978314921,0.916997634834372,0.9133505337881259,0.8768586021814229,0.8756753400853972,0.9634831880572423,0.8457214849579033,22560,0.8810917653999422,0.004785996332525071,0.8763993335306065,0.01727230900526896,"{'classifier__estimator__ccp_alpha': np.float64(0.005477397876332181), 'classifier__estimator__max_depth': 15, 'classifier__estimator__max_features': 'log2', 'classifier__estimator__max_leaf_nodes': 2, 'classifier__estimator__min_impurity_decrease': np.float64(0.09859992681665702), 'classifier__estimator__min_samples_leaf': 8, 'classifier__estimator__min_samples_split': 9, 'classifier__max_features': np.float64(0.9348802893443868), 'classifier__max_samples': np.float64(0.9366401344284528), 'classifier__n_estimators': 668, 'feature_selection_filter__k': 28}",15.267357349395752,"[0, 1, 2, 3, 4, 5, 6, 7, 8, 9, 10, 11, 12, 14, 15, 16, 17, 18, 19, 20, 21, 22, 23, 24, 27, 28, 29, 30]","['Amount_log1p', 'V1', 'V2', 'V3', 'V4', 'V5', 'V6', 'V7', 'V8', 'V9', 'V10', 'V11', 'V12', 'V14', 'V15', 'V16', 'V17', 'V18', 'V19', 'V20', 'V21', 'V22', 'V23', 'V24', 'V27', 'V28', 'Time_sin', 'Time_cos']"
CostSensitiveLearning_with_RandomUnderSampler___RandomizedSearchCV__niter_30__cv_5,8,8,KNORAU,resubstitution,287,17667,40,54,0.9947916666666666,0.8776758409785933,0.841642228739003,0.8592814371257484,0.997741006381657,0.0022589936183430304,0.91969161756033,0.9163738125434148,0.856824714426285,0.8566293559141557,0.9671867927706241,0.8693767328051463,22561,0.8725565787782296,0.007890991485622983,0.869465896719489,0.03696011586209797,"{'classifier__estimator__ccp_alpha': np.float64(0.006221222975257091), 'classifier__estimator__max_depth': 4, 'classifier__estimator__max_features': 'log2', 'classifier__estimator__max_leaf_nodes': 13, 'classifier__estimator__min_impurity_decrease': np.float64(0.09609723194475293), 'classifier__estimator__min_samples_leaf': 7, 'classifier__estimator__min_samples_split': 3, 'classifier__max_features': np.float64(0.6020801299982017), 'classifier__max_samples': np.float64(0.9628081079319015), 'classifier__n_estimators': 720, 'feature_selection_filter__k': 'all'}",14.594783067703247,"[0, 1, 2, 3, 4, 5, 6, 7, 8, 9, 10, 11, 12, 13, 14, 15, 16, 17, 18, 19, 20, 21, 22, 23, 24, 25, 26, 27, 28, 29, 30]","['Amount_log1p', 'V1', 'V2', 'V3', 'V4', 'V5', 'V6', 'V7', 'V8', 'V9', 'V10', 'V11', 'V12', 'V13', 'V14', 'V15', 'V16', 'V17', 'V18', 'V19', 'V20', 'V21', 'V22', 'V23', 'V24', 'V25', 'V26', 'V27', 'V28', 'Time_sin', 'Time_cos']"
CostSensitiveLearning_with_RandomUnderSampler___RandomizedSearchCV__niter_30__cv_5,8,9,KNORAU,resubstitution,286,17658,49,55,0.9942375886524822,0.8537313432835821,0.8387096774193549,0.8461538461538461,0.9972327328175298,0.0027672671824702233,0.9179712051184423,0.9145429151512858,0.8432523833649034,0.843217887637281,0.965559704588556,0.8622158359388101,22561,0.8643303776171308,0.012244847393451285,0.8638613238613239,0.012984018569291553,"{'classifier__estimator__ccp_alpha': np.float64(0.008424103345612362), 'classifier__estimator__max_depth': 3, 'classifier__estimator__max_features': 'sqrt', 'classifier__estimator__max_leaf_nodes': 2, 'classifier__estimator__min_impurity_decrease': np.float64(0.09477450948691084), 'classifier__estimator__min_samples_leaf': 6, 'classifier__estimator__min_samples_split': 7, 'classifier__max_features': np.float64(0.9223500534546738), 'classifier__max_samples': np.float64(0.8696690051795202), 'classifier__n_estimators': 702, 'feature_selection_filter__k': 28}",17.878311157226562,"[0, 1, 2, 3, 4, 5, 6, 7, 8, 9, 10, 11, 12, 14, 16, 17, 18, 19, 20, 21, 23, 24, 25, 26, 27, 28, 29, 30]","['Amount_log1p', 'V1', 'V2', 'V3', 'V4', 'V5', 'V6', 'V7', 'V8', 'V9', 'V10', 'V11', 'V12', 'V14', 'V16', 'V17', 'V18', 'V19', 'V20', 'V21', 'V23', 'V24', 'V25', 'V26', 'V27', 'V28', 'Time_sin', 'Time_cos']"
CostSensitiveLearning_with_RandomUnderSampler___RandomizedSearchCV__niter_30__cv_5,8,10,KNORAU,resubstitution,283,17665,42,58,0.994459219858156,0.8707692307692307,0.8299120234604106,0.8498498498498499,0.9976280567007398,0.0023719432992601597,0.9137700400805753,0.9099140174749416,0.847282860028414,0.8470290426143794,0.9664300961546265,0.8551497374966951,22561,0.8545022551244692,0.01536487993905994,0.8621605380870893,0.025285697908343435,"{'classifier__estimator__ccp_alpha': np.float64(0.0024358809173762454), 'classifier__estimator__max_depth': 18, 'classifier__estimator__max_features': 'sqrt', 'classifier__estimator__max_leaf_nodes': 2, 'classifier__estimator__min_impurity_decrease': np.float64(0.06773634869256275), 'classifier__estimator__min_samples_leaf': 8, 'classifier__estimator__min_samples_split': 8, 'classifier__max_features': np.float64(0.7875088592659909), 'classifier__max_samples': np.float64(0.5517157451630026), 'classifier__n_estimators': 380, 'feature_selection_filter__k': 26}",14.62458610534668,"[0, 1, 2, 3, 4, 5, 6, 7, 8, 9, 10, 11, 12, 14, 16, 17, 18, 19, 20, 21, 23, 24, 27, 28, 29, 30]","['Amount_log1p', 'V1', 'V2', 'V3', 'V4', 'V5', 'V6', 'V7', 'V8', 'V9', 'V10', 'V11', 'V12', 'V14', 'V16', 'V17', 'V18', 'V19', 'V20', 'V21', 'V23', 'V24', 'V27', 'V28', 'Time_sin', 'Time_cos']"
CostSensitiveLearning_with_RandomUnderSampler___RandomizedSearchCV__niter_30__cv_5,9,1,KNORAU,resubstitution,281,17677,30,60,0.9950132978723404,0.9035369774919614,0.8240469208211144,0.8619631901840491,0.9983057547862427,0.0016942452137572728,0.9111763378036786,0.9070009830587847,0.8603744707209858,0.859429447917534,0.9624053114835874,0.8620328497449508,22560,0.863018230050337,0.011382267241200396,0.8651469615003977,0.03856888404736572,"{'classifier__estimator__ccp_alpha': np.float64(0.0019089769449532191), 'classifier__estimator__max_depth': 3, 'classifier__estimator__max_features': 'sqrt', 'classifier__estimator__max_leaf_nodes': 10, 'classifier__estimator__min_impurity_decrease': np.float64(0.07147729149876454), 'classifier__estimator__min_samples_leaf': 6, 'classifier__estimator__min_samples_split': 5, 'classifier__max_features': np.float64(0.5582343200425857), 'classifier__max_samples': np.float64(0.9326903292167092), 'classifier__n_estimators': 247, 'feature_selection_filter__k': 'all'}",13.201481342315674,"[0, 1, 2, 3, 4, 5, 6, 7, 8, 9, 10, 11, 12, 13, 14, 15, 16, 17, 18, 19, 20, 21, 22, 23, 24, 25, 26, 27, 28, 29, 30]","['Amount_log1p', 'V1', 'V2', 'V3', 'V4', 'V5', 'V6', 'V7', 'V8', 'V9', 'V10', 'V11', 'V12', 'V13', 'V14', 'V15', 'V16', 'V17', 'V18', 'V19', 'V20', 'V21', 'V22', 'V23', 'V24', 'V25', 'V26', 'V27', 'V28', 'Time_sin', 'Time_cos']"
CostSensitiveLearning_with_RandomUnderSampler___RandomizedSearchCV__niter_30__cv_5,9,2,KNORAU,resubstitution,293,17683,24,48,0.9960106382978723,0.9242902208201893,0.8592375366568915,0.8905775075987842,0.9986446038289942,0.0013553961710057738,0.9289410702429428,0.9263222600098318,0.8891623476579638,0.8885485432771354,0.9716311639762727,0.878272050604773,22560,0.8944200325966538,0.009372105495545199,0.898209302068171,0.03646270206196649,"{'classifier__estimator__ccp_alpha': np.float64(0.006955295287709109), 'classifier__estimator__max_depth': 16, 'classifier__estimator__max_features': 'log2', 'classifier__estimator__max_leaf_nodes': 2, 'classifier__estimator__min_impurity_decrease': np.float64(0.09097693976341431), 'classifier__estimator__min_samples_leaf': 2, 'classifier__estimator__min_samples_split': 5, 'classifier__max_features': np.float64(0.681552033592509), 'classifier__max_samples': np.float64(0.9274864079120382), 'classifier__n_estimators': 586, 'feature_selection_filter__k': 28}",15.30070424079895,"[0, 1, 2, 3, 4, 5, 6, 7, 8, 9, 10, 11, 12, 13, 14, 16, 17, 18, 19, 20, 21, 23, 24, 26, 27, 28, 29, 30]","['Amount_log1p', 'V1', 'V2', 'V3', 'V4', 'V5', 'V6', 'V7', 'V8', 'V9', 'V10', 'V11', 'V12', 'V13', 'V14', 'V16', 'V17', 'V18', 'V19', 'V20', 'V21', 'V23', 'V24', 'V26', 'V27', 'V28', 'Time_sin', 'Time_cos']"
CostSensitiveLearning_with_RandomUnderSampler___RandomizedSearchCV__niter_30__cv_5,9,3,KNORAU,resubstitution,284,17672,35,57,0.9949024822695035,0.890282131661442,0.8328445747800587,0.8606060606060606,0.9980233805839499,0.001976619416050096,0.9154339776820043,0.9117008051016499,0.8585077720498803,0.8580127691501764,0.9597161319470886,0.8541533946612362,22560,0.8721995746544924,0.007077520055341075,0.8770596114042828,0.027077697291002654,"{'classifier__estimator__ccp_alpha': np.float64(0.0032618422431659466), 'classifier__estimator__max_depth': 10, 'classifier__estimator__max_features': 'sqrt', 'classifier__estimator__max_leaf_nodes': 2, 'classifier__estimator__min_impurity_decrease': np.float64(0.09120165307726238), 'classifier__estimator__min_samples_leaf': 9, 'classifier__estimator__min_samples_split': 7, 'classifier__max_features': np.float64(0.6227258409437091), 'classifier__max_samples': np.float64(0.9189779058111938), 'classifier__n_estimators': 510, 'feature_selection_filter__k': 20}",13.319207191467285,"[1, 2, 3, 4, 5, 6, 7, 8, 9, 10, 11, 12, 14, 16, 17, 18, 19, 20, 21, 27]","['V1', 'V2', 'V3', 'V4', 'V5', 'V6', 'V7', 'V8', 'V9', 'V10', 'V11', 'V12', 'V14', 'V16', 'V17', 'V18', 'V19', 'V20', 'V21', 'V27']"
CostSensitiveLearning_with_RandomUnderSampler___RandomizedSearchCV__niter_30__cv_5,9,4,KNORAU,resubstitution,284,17680,27,57,0.995345744680851,0.9131832797427653,0.8328445747800587,0.8711656441717791,0.9984751793076184,0.0015248206923815788,0.9156598770438386,0.9119071422786952,0.8697561455549867,0.868800818056365,0.9676339542639912,0.8663906094295425,22560,0.8830488385696563,0.006989520644082259,0.88025226287855,0.007630016223897205,"{'classifier__estimator__ccp_alpha': np.float64(0.009587159925023316), 'classifier__estimator__max_depth': 5, 'classifier__estimator__max_features': 'log2', 'classifier__estimator__max_leaf_nodes': 2, 'classifier__estimator__min_impurity_decrease': np.float64(0.009324699729944775), 'classifier__estimator__min_samples_leaf': 9, 'classifier__estimator__min_samples_split': 8, 'classifier__max_features': np.float64(0.7199586401092226), 'classifier__max_samples': np.float64(0.5238676068762245), 'classifier__n_estimators': 886, 'feature_selection_filter__k': 22}",16.060932397842407,"[1, 2, 3, 4, 5, 6, 7, 8, 9, 10, 11, 12, 14, 16, 17, 18, 19, 20, 21, 27, 28, 29]","['V1', 'V2', 'V3', 'V4', 'V5', 'V6', 'V7', 'V8', 'V9', 'V10', 'V11', 'V12', 'V14', 'V16', 'V17', 'V18', 'V19', 'V20', 'V21', 'V27', 'V28', 'Time_sin']"
CostSensitiveLearning_with_RandomUnderSampler___RandomizedSearchCV__niter_30__cv_5,9,5,KNORAU,resubstitution,283,17671,37,57,0.9947916666666666,0.884375,0.8323529411764706,0.8575757575757575,0.99791054890445,0.0020894510955500323,0.9151317450404604,0.9113801514251038,0.8553331322390274,0.8549255691768827,0.9726863232304442,0.8681361330361548,22560,0.8585514723251171,0.009188437631298424,0.8623898979137838,0.025411986549200124,"{'classifier__estimator__ccp_alpha': np.float64(0.0085255629400689), 'classifier__estimator__max_depth': 3, 'classifier__estimator__max_features': 'sqrt', 'classifier__estimator__max_leaf_nodes': 10, 'classifier__estimator__min_impurity_decrease': np.float64(0.08573742141184552), 'classifier__estimator__min_samples_leaf': 3, 'classifier__estimator__min_samples_split': 4, 'classifier__max_features': np.float64(0.6219675812851904), 'classifier__max_samples': np.float64(0.9479636819461713), 'classifier__n_estimators': 173, 'feature_selection_filter__k': 'all'}",12.856928586959839,"[0, 1, 2, 3, 4, 5, 6, 7, 8, 9, 10, 11, 12, 13, 14, 15, 16, 17, 18, 19, 20, 21, 22, 23, 24, 25, 26, 27, 28, 29, 30]","['Amount_log1p', 'V1', 'V2', 'V3', 'V4', 'V5', 'V6', 'V7', 'V8', 'V9', 'V10', 'V11', 'V12', 'V13', 'V14', 'V15', 'V16', 'V17', 'V18', 'V19', 'V20', 'V21', 'V22', 'V23', 'V24', 'V25', 'V26', 'V27', 'V28', 'Time_sin', 'Time_cos']"
CostSensitiveLearning_with_RandomUnderSampler___RandomizedSearchCV__niter_30__cv_5,9,6,KNORAU,resubstitution,279,17696,12,61,0.9959552304964538,0.9587628865979382,0.8205882352941176,0.884310618066561,0.999322340185227,0.0006776598147729684,0.9099552877396724,0.9055562686120523,0.8850328920574727,0.8822648825672844,0.9622709576263303,0.8590442439417809,22560,0.8717842057915852,0.004941906285705969,0.871820305590467,0.02312503842986823,"{'classifier__estimator__ccp_alpha': np.float64(0.008814546781585537), 'classifier__estimator__max_depth': 6, 'classifier__estimator__max_features': 'log2', 'classifier__estimator__max_leaf_nodes': 2, 'classifier__estimator__min_impurity_decrease': np.float64(0.024214362502813603), 'classifier__estimator__min_samples_leaf': 8, 'classifier__estimator__min_samples_split': 5, 'classifier__max_features': np.float64(0.743553220207448), 'classifier__max_samples': np.float64(0.517590449598144), 'classifier__n_estimators': 396, 'feature_selection_filter__k': 26}",16.056823015213013,"[0, 1, 2, 3, 4, 5, 6, 7, 8, 9, 10, 11, 12, 14, 16, 17, 18, 19, 20, 21, 22, 23, 24, 27, 28, 29]","['Amount_log1p', 'V1', 'V2', 'V3', 'V4', 'V5', 'V6', 'V7', 'V8', 'V9', 'V10', 'V11', 'V12', 'V14', 'V16', 'V17', 'V18', 'V19', 'V20', 'V21', 'V22', 'V23', 'V24', 'V27', 'V28', 'Time_sin']"
CostSensitiveLearning_with_RandomUnderSampler___RandomizedSearchCV__niter_30__cv_5,9,7,KNORAU,resubstitution,286,17685,23,54,0.9957335992907801,0.9255663430420712,0.8411764705882353,0.8813559322033898,0.9987011520216851,0.001298847978314921,0.9199388113049602,0.9165609146314312,0.8802305122354451,0.8791887217213687,0.9717024708008344,0.855445226433174,22560,0.8757188429391256,0.013032719227315241,0.8828246273473217,0.024562972345935914,"{'classifier__estimator__ccp_alpha': np.float64(0.001771223707515155), 'classifier__estimator__max_depth': 13, 'classifier__estimator__max_features': 'log2', 'classifier__estimator__max_leaf_nodes': 2, 'classifier__estimator__min_impurity_decrease': np.float64(0.07198831922262573), 'classifier__estimator__min_samples_leaf': 4, 'classifier__estimator__min_samples_split': 5, 'classifier__max_features': np.float64(0.7657822811444959), 'classifier__max_samples': np.float64(0.8792864074146092), 'classifier__n_estimators': 133, 'feature_selection_filter__k': 28}",13.828996181488037,"[0, 1, 2, 3, 4, 5, 6, 7, 8, 9, 10, 11, 12, 14, 16, 17, 18, 19, 20, 21, 22, 23, 24, 26, 27, 28, 29, 30]","['Amount_log1p', 'V1', 'V2', 'V3', 'V4', 'V5', 'V6', 'V7', 'V8', 'V9', 'V10', 'V11', 'V12', 'V14', 'V16', 'V17', 'V18', 'V19', 'V20', 'V21', 'V22', 'V23', 'V24', 'V26', 'V27', 'V28', 'Time_sin', 'Time_cos']"
CostSensitiveLearning_with_RandomUnderSampler___RandomizedSearchCV__niter_30__cv_5,9,8,KNORAU,resubstitution,284,17681,26,57,0.9954011524822695,0.9161290322580645,0.8328445747800587,0.8725038402457758,0.998531654148077,0.0014683458519230141,0.9156881144640678,0.9119329311431755,0.8711924714787266,0.8701675913352149,0.9645938357628832,0.8584186938335652,22561,0.8729849779524133,0.011800176489919897,0.8694538391542329,0.030980711352125163,"{'classifier__estimator__ccp_alpha': np.float64(0.005705316251454068), 'classifier__estimator__max_depth': 11, 'classifier__estimator__max_features': 'sqrt', 'classifier__estimator__max_leaf_nodes': 2, 'classifier__estimator__min_impurity_decrease': np.float64(0.0973654351788043), 'classifier__estimator__min_samples_leaf': 7, 'classifier__estimator__min_samples_split': 4, 'classifier__max_features': np.float64(0.9444946648274586), 'classifier__max_samples': np.float64(0.5486961995061823), 'classifier__n_estimators': 225, 'feature_selection_filter__k': 22}",11.559805393218994,"[1, 2, 3, 4, 5, 6, 7, 8, 9, 10, 11, 12, 14, 16, 17, 18, 19, 20, 21, 27, 28, 29]","['V1', 'V2', 'V3', 'V4', 'V5', 'V6', 'V7', 'V8', 'V9', 'V10', 'V11', 'V12', 'V14', 'V16', 'V17', 'V18', 'V19', 'V20', 'V21', 'V27', 'V28', 'Time_sin']"
CostSensitiveLearning_with_RandomUnderSampler___RandomizedSearchCV__niter_30__cv_5,9,9,KNORAU,resubstitution,283,17673,34,58,0.9949024822695035,0.8927444794952681,0.8299120234604106,0.8601823708206687,0.9980798554244085,0.0019201445755915314,0.9139959394424095,0.9101200318586252,0.858182223555762,0.857589805298562,0.9667991700020222,0.8753279198386037,22561,0.8629505998146337,0.010744167555345156,0.8641897542660901,0.03448769819929201,"{'classifier__estimator__ccp_alpha': np.float64(0.0010437621475745552), 'classifier__estimator__max_depth': 12, 'classifier__estimator__max_features': 'log2', 'classifier__estimator__max_leaf_nodes': 6, 'classifier__estimator__min_impurity_decrease': np.float64(0.09206703216076642), 'classifier__estimator__min_samples_leaf': 8, 'classifier__estimator__min_samples_split': 7, 'classifier__max_features': np.float64(0.6224412179011933), 'classifier__max_samples': np.float64(0.5020497220277532), 'classifier__n_estimators': 853, 'feature_selection_filter__k': 22}",17.151674032211304,"[1, 2, 3, 4, 5, 6, 7, 8, 9, 10, 11, 12, 14, 16, 17, 18, 19, 20, 21, 27, 28, 29]","['V1', 'V2', 'V3', 'V4', 'V5', 'V6', 'V7', 'V8', 'V9', 'V10', 'V11', 'V12', 'V14', 'V16', 'V17', 'V18', 'V19', 'V20', 'V21', 'V27', 'V28', 'Time_sin']"
CostSensitiveLearning_with_RandomUnderSampler___RandomizedSearchCV__niter_30__cv_5,9,10,KNORAU,resubstitution,282,17659,48,59,0.9940713652482269,0.8545454545454545,0.8269794721407625,0.8405365126676602,0.9972892076579883,0.0027107923420116586,0.9121343398993754,0.9081507047405086,0.8376337401709203,0.8375168740010642,0.9672297699585979,0.8473460554676344,22561,0.8592236555995726,0.019202653735183532,0.8641308630804859,0.03421546362619258,"{'classifier__estimator__ccp_alpha': np.float64(0.009285041682656715), 'classifier__estimator__max_depth': 14, 'classifier__estimator__max_features': 'sqrt', 'classifier__estimator__max_leaf_nodes': 2, 'classifier__estimator__min_impurity_decrease': np.float64(0.02622656343349321), 'classifier__estimator__min_samples_leaf': 2, 'classifier__estimator__min_samples_split': 9, 'classifier__max_features': np.float64(0.5855927881099952), 'classifier__max_samples': np.float64(0.9584316540301985), 'classifier__n_estimators': 402, 'feature_selection_filter__k': 20}",12.644816637039185,"[1, 2, 3, 4, 5, 6, 7, 8, 9, 10, 11, 12, 14, 16, 17, 18, 19, 20, 21, 27]","['V1', 'V2', 'V3', 'V4', 'V5', 'V6', 'V7', 'V8', 'V9', 'V10', 'V11', 'V12', 'V14', 'V16', 'V17', 'V18', 'V19', 'V20', 'V21', 'V27']"
CostSensitiveLearning_with_RandomUnderSampler___RandomizedSearchCV__niter_30__cv_5,10,1,KNORAU,resubstitution,285,17680,27,56,0.9954011524822695,0.9134615384615384,0.8357771260997068,0.8728943338437979,0.9984751793076184,0.0015248206923815788,0.9171261527036626,0.9135112018161631,0.8714489712547735,0.8705572492171136,0.9690550997360587,0.8607945567597943,22560,0.8735753483640483,0.011578680338852159,0.8725397654161424,0.041952344420861105,"{'classifier__estimator__ccp_alpha': np.float64(0.008248226204894193), 'classifier__estimator__max_depth': 9, 'classifier__estimator__max_features': 'sqrt', 'classifier__estimator__max_leaf_nodes': 2, 'classifier__estimator__min_impurity_decrease': np.float64(0.08615461677346153), 'classifier__estimator__min_samples_leaf': 4, 'classifier__estimator__min_samples_split': 7, 'classifier__max_features': np.float64(0.5532556233852026), 'classifier__max_samples': np.float64(0.6001168400726526), 'classifier__n_estimators': 986, 'feature_selection_filter__k': 'all'}",15.968912124633789,"[0, 1, 2, 3, 4, 5, 6, 7, 8, 9, 10, 11, 12, 13, 14, 15, 16, 17, 18, 19, 20, 21, 22, 23, 24, 25, 26, 27, 28, 29, 30]","['Amount_log1p', 'V1', 'V2', 'V3', 'V4', 'V5', 'V6', 'V7', 'V8', 'V9', 'V10', 'V11', 'V12', 'V13', 'V14', 'V15', 'V16', 'V17', 'V18', 'V19', 'V20', 'V21', 'V22', 'V23', 'V24', 'V25', 'V26', 'V27', 'V28', 'Time_sin', 'Time_cos']"
CostSensitiveLearning_with_RandomUnderSampler___RandomizedSearchCV__niter_30__cv_5,10,2,KNORAU,resubstitution,274,17686,21,67,0.9951241134751773,0.9288135593220339,0.8035190615835777,0.8616352201257862,0.9988140283503699,0.0011859716496300798,0.9011665449669738,0.8958605420245956,0.8615044050365689,0.8591667643552051,0.9628102410581365,0.8616892936218674,22560,0.8564471783141123,0.017250678145038206,0.8521590862438766,0.027247867149935507,"{'classifier__estimator__ccp_alpha': np.float64(0.009427362438745627), 'classifier__estimator__max_depth': 17, 'classifier__estimator__max_features': 'log2', 'classifier__estimator__max_leaf_nodes': 2, 'classifier__estimator__min_impurity_decrease': np.float64(0.08701548450231492), 'classifier__estimator__min_samples_leaf': 5, 'classifier__estimator__min_samples_split': 6, 'classifier__max_features': np.float64(0.8656783570947426), 'classifier__max_samples': np.float64(0.792535550790989), 'classifier__n_estimators': 268, 'feature_selection_filter__k': 26}",13.099608659744263,"[0, 1, 2, 3, 4, 5, 6, 7, 8, 9, 10, 11, 12, 14, 16, 17, 18, 19, 20, 21, 22, 24, 27, 28, 29, 30]","['Amount_log1p', 'V1', 'V2', 'V3', 'V4', 'V5', 'V6', 'V7', 'V8', 'V9', 'V10', 'V11', 'V12', 'V14', 'V16', 'V17', 'V18', 'V19', 'V20', 'V21', 'V22', 'V24', 'V27', 'V28', 'Time_sin', 'Time_cos']"
CostSensitiveLearning_with_RandomUnderSampler___RandomizedSearchCV__niter_30__cv_5,10,3,KNORAU,resubstitution,282,17682,25,59,0.995345744680851,0.9185667752442996,0.8269794721407625,0.8703703703703703,0.9985881289885357,0.0014118710114643385,0.9127838005646491,0.9087419236488272,0.8692487772895202,0.8680073447660706,0.964625219875103,0.8620001951110259,22560,0.8677136483855408,0.01694376669622028,0.8692797886188339,0.040417968908532435,"{'classifier__estimator__ccp_alpha': np.float64(0.00447613188073158), 'classifier__estimator__max_depth': 6, 'classifier__estimator__max_features': 'log2', 'classifier__estimator__max_leaf_nodes': 2, 'classifier__estimator__min_impurity_decrease': np.float64(0.06738098001303681), 'classifier__estimator__min_samples_leaf': 4, 'classifier__estimator__min_samples_split': 4, 'classifier__max_features': np.float64(0.6661381748088919), 'classifier__max_samples': np.float64(0.6081638810760277), 'classifier__n_estimators': 126, 'feature_selection_filter__k': 20}",11.51541018486023,"[1, 2, 3, 4, 5, 6, 7, 8, 9, 10, 11, 12, 14, 16, 17, 18, 19, 20, 21, 27]","['V1', 'V2', 'V3', 'V4', 'V5', 'V6', 'V7', 'V8', 'V9', 'V10', 'V11', 'V12', 'V14', 'V16', 'V17', 'V18', 'V19', 'V20', 'V21', 'V27']"
CostSensitiveLearning_with_RandomUnderSampler___RandomizedSearchCV__niter_30__cv_5,10,4,KNORAU,resubstitution,285,17672,35,56,0.994957890070922,0.890625,0.8357771260997068,0.8623298033282905,0.9980233805839499,0.001976619416050096,0.9169002533418283,0.9133045016886578,0.860214932385653,0.8597643612835534,0.9739618690489222,0.8653338297761121,22560,0.8721467594898528,0.009290903293163904,0.8718279209322717,0.03015123528922664,"{'classifier__estimator__ccp_alpha': np.float64(0.009050964492140958), 'classifier__estimator__max_depth': 12, 'classifier__estimator__max_features': 'sqrt', 'classifier__estimator__max_leaf_nodes': 11, 'classifier__estimator__min_impurity_decrease': np.float64(0.08400685780322287), 'classifier__estimator__min_samples_leaf': 4, 'classifier__estimator__min_samples_split': 2, 'classifier__max_features': np.float64(0.724390736834793), 'classifier__max_samples': np.float64(0.6166275532151027), 'classifier__n_estimators': 799, 'feature_selection_filter__k': 20}",14.221399545669556,"[1, 2, 3, 4, 5, 6, 7, 8, 9, 10, 11, 12, 14, 16, 17, 18, 19, 20, 21, 27]","['V1', 'V2', 'V3', 'V4', 'V5', 'V6', 'V7', 'V8', 'V9', 'V10', 'V11', 'V12', 'V14', 'V16', 'V17', 'V18', 'V19', 'V20', 'V21', 'V27']"
CostSensitiveLearning_with_RandomUnderSampler___RandomizedSearchCV__niter_30__cv_5,10,5,KNORAU,resubstitution,288,17673,35,52,0.9951795212765957,0.891640866873065,0.8470588235294118,0.8687782805429864,0.9980234922069121,0.0019765077930878894,0.9225411578681619,0.9194479893737884,0.8666202759032292,0.8663245867764373,0.9716990658924514,0.8669709886786434,22560,0.8757371443838162,0.010226568566871364,0.8769907109076958,0.030715570257725634,"{'classifier__estimator__ccp_alpha': np.float64(0.006128058778208201), 'classifier__estimator__max_depth': 11, 'classifier__estimator__max_features': 'log2', 'classifier__estimator__max_leaf_nodes': 15, 'classifier__estimator__min_impurity_decrease': np.float64(0.07161987775149169), 'classifier__estimator__min_samples_leaf': 2, 'classifier__estimator__min_samples_split': 2, 'classifier__max_features': np.float64(0.7278316428133326), 'classifier__max_samples': np.float64(0.8373898445752557), 'classifier__n_estimators': 460, 'feature_selection_filter__k': 'all'}",14.626390218734741,"[0, 1, 2, 3, 4, 5, 6, 7, 8, 9, 10, 11, 12, 13, 14, 15, 16, 17, 18, 19, 20, 21, 22, 23, 24, 25, 26, 27, 28, 29, 30]","['Amount_log1p', 'V1', 'V2', 'V3', 'V4', 'V5', 'V6', 'V7', 'V8', 'V9', 'V10', 'V11', 'V12', 'V13', 'V14', 'V15', 'V16', 'V17', 'V18', 'V19', 'V20', 'V21', 'V22', 'V23', 'V24', 'V25', 'V26', 'V27', 'V28', 'Time_sin', 'Time_cos']"
CostSensitiveLearning_with_RandomUnderSampler___RandomizedSearchCV__niter_30__cv_5,10,6,KNORAU,resubstitution,282,17680,28,58,0.9952349290780141,0.9096774193548387,0.8294117647058824,0.8676923076923077,0.9984187937655297,0.0015812062344703337,0.913915279235706,0.9100001613475607,0.8662285566240576,0.8652713447449741,0.9633396005793327,0.8520687552855384,22560,0.8685232917674268,0.0038329002082724373,0.8612304359920653,0.01468421982376886,"{'classifier__estimator__ccp_alpha': np.float64(0.008920743073463142), 'classifier__estimator__max_depth': 10, 'classifier__estimator__max_features': 'sqrt', 'classifier__estimator__max_leaf_nodes': 2, 'classifier__estimator__min_impurity_decrease': np.float64(0.028144807840326483), 'classifier__estimator__min_samples_leaf': 7, 'classifier__estimator__min_samples_split': 2, 'classifier__max_features': np.float64(0.5440538490893121), 'classifier__max_samples': np.float64(0.8371882594699158), 'classifier__n_estimators': 424, 'feature_selection_filter__k': 22}",12.70890188217163,"[1, 2, 3, 4, 5, 6, 7, 8, 9, 10, 11, 12, 14, 16, 17, 18, 19, 20, 21, 27, 28, 29]","['V1', 'V2', 'V3', 'V4', 'V5', 'V6', 'V7', 'V8', 'V9', 'V10', 'V11', 'V12', 'V14', 'V16', 'V17', 'V18', 'V19', 'V20', 'V21', 'V27', 'V28', 'Time_sin']"
CostSensitiveLearning_with_RandomUnderSampler___RandomizedSearchCV__niter_30__cv_5,10,7,KNORAU,resubstitution,283,17677,31,57,0.9951241134751773,0.9012738853503185,0.8323529411764706,0.8654434250764526,0.9982493788118365,0.0017506211881634925,0.9153011599941536,0.9115348630094281,0.8636726737079565,0.8629644917562507,0.9652097257470867,0.858266930647881,22560,0.8772207557291015,0.011439962563474954,0.8806097916233544,0.020097137816106697,"{'classifier__estimator__ccp_alpha': np.float64(0.009554657822410806), 'classifier__estimator__max_depth': 8, 'classifier__estimator__max_features': 'log2', 'classifier__estimator__max_leaf_nodes': 2, 'classifier__estimator__min_impurity_decrease': np.float64(0.031983504110988006), 'classifier__estimator__min_samples_leaf': 4, 'classifier__estimator__min_samples_split': 4, 'classifier__max_features': np.float64(0.9696577549980505), 'classifier__max_samples': np.float64(0.8344766703545418), 'classifier__n_estimators': 457, 'feature_selection_filter__k': 'all'}",14.858396768569946,"[0, 1, 2, 3, 4, 5, 6, 7, 8, 9, 10, 11, 12, 13, 14, 15, 16, 17, 18, 19, 20, 21, 22, 23, 24, 25, 26, 27, 28, 29, 30]","['Amount_log1p', 'V1', 'V2', 'V3', 'V4', 'V5', 'V6', 'V7', 'V8', 'V9', 'V10', 'V11', 'V12', 'V13', 'V14', 'V15', 'V16', 'V17', 'V18', 'V19', 'V20', 'V21', 'V22', 'V23', 'V24', 'V25', 'V26', 'V27', 'V28', 'Time_sin', 'Time_cos']"
CostSensitiveLearning_with_RandomUnderSampler___RandomizedSearchCV__niter_30__cv_5,10,8,KNORAU,resubstitution,293,17685,22,48,0.9961214539007093,0.9301587301587302,0.8592375366568915,0.8932926829268293,0.9987575535099114,0.0012424464900886445,0.9289975450834014,0.926374643432839,0.8920477493788636,0.8913206736920777,0.9632050680952429,0.8712703807058899,22561,0.8938602113495617,0.007253626088400714,0.8950664337334651,0.0195681611774232,"{'classifier__estimator__ccp_alpha': np.float64(0.004909623875237653), 'classifier__estimator__max_depth': 15, 'classifier__estimator__max_features': 'log2', 'classifier__estimator__max_leaf_nodes': 7, 'classifier__estimator__min_impurity_decrease': np.float64(0.09589612373175739), 'classifier__estimator__min_samples_leaf': 2, 'classifier__estimator__min_samples_split': 9, 'classifier__max_features': np.float64(0.582990960145997), 'classifier__max_samples': np.float64(0.6458403253618541), 'classifier__n_estimators': 812, 'feature_selection_filter__k': 26}",14.316660642623901,"[0, 1, 2, 3, 4, 5, 6, 7, 8, 9, 10, 11, 12, 14, 16, 17, 18, 19, 20, 21, 22, 23, 24, 27, 28, 29]","['Amount_log1p', 'V1', 'V2', 'V3', 'V4', 'V5', 'V6', 'V7', 'V8', 'V9', 'V10', 'V11', 'V12', 'V14', 'V16', 'V17', 'V18', 'V19', 'V20', 'V21', 'V22', 'V23', 'V24', 'V27', 'V28', 'Time_sin']"
CostSensitiveLearning_with_RandomUnderSampler___RandomizedSearchCV__niter_30__cv_5,10,9,KNORAU,resubstitution,284,17684,23,57,0.9955673758865248,0.9250814332247557,0.8328445747800587,0.8765432098765432,0.9987010786694528,0.0012989213305472092,0.9157728267247558,0.9120102933612353,0.87554313121379,0.8742927093010197,0.9709584343518071,0.8739540518048081,22561,0.8775654708814511,0.008820315875522566,0.8805501167103017,0.028203824859652435,"{'classifier__estimator__ccp_alpha': np.float64(0.007479055164963538), 'classifier__estimator__max_depth': 16, 'classifier__estimator__max_features': 'sqrt', 'classifier__estimator__max_leaf_nodes': 2, 'classifier__estimator__min_impurity_decrease': np.float64(0.052038130910671124), 'classifier__estimator__min_samples_leaf': 4, 'classifier__estimator__min_samples_split': 9, 'classifier__max_features': np.float64(0.5462389153111695), 'classifier__max_samples': np.float64(0.7956390548047023), 'classifier__n_estimators': 632, 'feature_selection_filter__k': 'all'}",15.184711456298828,"[0, 1, 2, 3, 4, 5, 6, 7, 8, 9, 10, 11, 12, 13, 14, 15, 16, 17, 18, 19, 20, 21, 22, 23, 24, 25, 26, 27, 28, 29, 30]","['Amount_log1p', 'V1', 'V2', 'V3', 'V4', 'V5', 'V6', 'V7', 'V8', 'V9', 'V10', 'V11', 'V12', 'V13', 'V14', 'V15', 'V16', 'V17', 'V18', 'V19', 'V20', 'V21', 'V22', 'V23', 'V24', 'V25', 'V26', 'V27', 'V28', 'Time_sin', 'Time_cos']"
CostSensitiveLearning_with_RandomUnderSampler___RandomizedSearchCV__niter_30__cv_5,10,10,KNORAU,resubstitution,285,17678,29,56,0.9952903368794326,0.9076433121019108,0.8357771260997068,0.8702290076335878,0.9983622296267013,0.0016377703732987081,0.917069677863204,0.9134595311692247,0.8686005884918198,0.8678348059133861,0.9702372622322268,0.8592073982970102,22561,0.8715323339546662,0.009637643864893073,0.8684549935101018,0.04008691678751256,"{'classifier__estimator__ccp_alpha': np.float64(0.007539255273409883), 'classifier__estimator__max_depth': 11, 'classifier__estimator__max_features': 'sqrt', 'classifier__estimator__max_leaf_nodes': 16, 'classifier__estimator__min_impurity_decrease': np.float64(0.07924068383927943), 'classifier__estimator__min_samples_leaf': 3, 'classifier__estimator__min_samples_split': 5, 'classifier__max_features': np.float64(0.5952553804225708), 'classifier__max_samples': np.float64(0.6192289468329717), 'classifier__n_estimators': 852, 'feature_selection_filter__k': 22}",14.26584243774414,"[1, 2, 3, 4, 5, 6, 7, 8, 9, 10, 11, 12, 14, 16, 17, 18, 19, 20, 21, 27, 28, 29]","['V1', 'V2', 'V3', 'V4', 'V5', 'V6', 'V7', 'V8', 'V9', 'V10', 'V11', 'V12', 'V14', 'V16', 'V17', 'V18', 'V19', 'V20', 'V21', 'V27', 'V28', 'Time_sin']"
