experiment_name,iteration,fold,model,split,tp,tn,fp,fn,accuracy,precision,recall,f1,specificity,fpr,balanced_accuracy,geometric_mean,mcc,kappa,roc_auc,average_precision,fold_size,cv_tuning_mean_train_score,cv_tuning_std_train_score,cv_tuning_mean_val_score,cv_tuning_std_val_score,best_params,tuning_time,selected_features_indices,selected_features_names
CostSensitiveLearning_ClusterCentroids___RandomizedSearchCV__niter_30__cv_5,1,1,RRC,resubstitution,291,17671,36,50,0.9952349290780141,0.8899082568807339,0.8533724340175953,0.8712574850299402,0.9979669057434912,0.0020330942565087717,0.9256696698805433,0.9228420490112765,0.8690292540400787,0.8688311128576318,0.9926493275105177,0.9011470149585649,22560,0.8836001417810262,0.010202786328699857,0.8830054816184847,0.018664045480822265,"{'classifier__estimator__ccp_alpha': np.float64(0.004401524937396013), 'classifier__estimator__max_depth': 9, 'classifier__estimator__max_features': 'log2', 'classifier__estimator__max_leaf_nodes': 9, 'classifier__estimator__min_impurity_decrease': np.float64(0.0034388521115218396), 'classifier__estimator__min_samples_leaf': 1, 'classifier__estimator__min_samples_split': 5, 'classifier__max_features': np.float64(0.5911180438940311), 'classifier__max_samples': np.float64(0.8776807051588262), 'classifier__n_estimators': 489, 'feature_selection_filter__k': 'all'}",47.64028716087341,"[0, 1, 2, 3, 4, 5, 6, 7, 8, 9, 10, 11, 12, 13, 14, 15, 16, 17, 18, 19, 20, 21, 22, 23, 24, 25, 26, 27, 28, 29, 30]","['Amount_log1p', 'V1', 'V2', 'V3', 'V4', 'V5', 'V6', 'V7', 'V8', 'V9', 'V10', 'V11', 'V12', 'V13', 'V14', 'V15', 'V16', 'V17', 'V18', 'V19', 'V20', 'V21', 'V22', 'V23', 'V24', 'V25', 'V26', 'V27', 'V28', 'Time_sin', 'Time_cos']"
CostSensitiveLearning_ClusterCentroids___RandomizedSearchCV__niter_30__cv_5,1,2,RRC,resubstitution,286,17689,18,55,0.9959552304964538,0.9407894736842105,0.8387096774193549,0.8868217054263566,0.9989834528717456,0.0010165471282543859,0.9188465651455502,0.9153453389324354,0.8862823097609139,0.8847694240990089,0.9777139680166913,0.8664676035522375,22560,0.8806198690763576,0.014238894752785178,0.882912778240739,0.022302776532171432,"{'classifier__estimator__ccp_alpha': np.float64(0.009086627578310878), 'classifier__estimator__max_depth': 10, 'classifier__estimator__max_features': 'log2', 'classifier__estimator__max_leaf_nodes': 5, 'classifier__estimator__min_impurity_decrease': np.float64(0.01184522150525047), 'classifier__estimator__min_samples_leaf': 3, 'classifier__estimator__min_samples_split': 8, 'classifier__max_features': np.float64(0.5767291911391652), 'classifier__max_samples': np.float64(0.7364694061317187), 'classifier__n_estimators': 487, 'feature_selection_filter__k': 26}",40.55791449546814,"[0, 1, 2, 3, 4, 5, 6, 7, 8, 9, 10, 11, 12, 14, 16, 17, 18, 19, 20, 21, 22, 23, 24, 27, 28, 29]","['Amount_log1p', 'V1', 'V2', 'V3', 'V4', 'V5', 'V6', 'V7', 'V8', 'V9', 'V10', 'V11', 'V12', 'V14', 'V16', 'V17', 'V18', 'V19', 'V20', 'V21', 'V22', 'V23', 'V24', 'V27', 'V28', 'Time_sin']"
CostSensitiveLearning_ClusterCentroids___RandomizedSearchCV__niter_30__cv_5,1,3,RRC,resubstitution,289,17684,23,52,0.995844414893617,0.9262820512820513,0.8475073313782991,0.885145482388974,0.9987010786694528,0.0012989213305472092,0.923104205023876,0.9200035250083429,0.883938160702116,0.8830336589311267,0.9646820259462972,0.8586999373295172,22560,0.8874569541632272,0.0053344583551191895,0.8860015318015317,0.022273067141172442,"{'classifier__estimator__ccp_alpha': np.float64(0.009817328956869063), 'classifier__estimator__max_depth': 14, 'classifier__estimator__max_features': 'sqrt', 'classifier__estimator__max_leaf_nodes': 9, 'classifier__estimator__min_impurity_decrease': np.float64(0.03022386698231242), 'classifier__estimator__min_samples_leaf': 3, 'classifier__estimator__min_samples_split': 2, 'classifier__max_features': np.float64(0.5264588067918066), 'classifier__max_samples': np.float64(0.9848973172523425), 'classifier__n_estimators': 404, 'feature_selection_filter__k': 22}",43.32600784301758,"[1, 2, 3, 4, 5, 6, 7, 8, 9, 10, 11, 12, 14, 16, 17, 18, 19, 20, 21, 27, 28, 29]","['V1', 'V2', 'V3', 'V4', 'V5', 'V6', 'V7', 'V8', 'V9', 'V10', 'V11', 'V12', 'V14', 'V16', 'V17', 'V18', 'V19', 'V20', 'V21', 'V27', 'V28', 'Time_sin']"
CostSensitiveLearning_ClusterCentroids___RandomizedSearchCV__niter_30__cv_5,1,4,RRC,resubstitution,281,17689,18,60,0.9956781914893617,0.939799331103679,0.8240469208211144,0.878125,0.9989834528717456,0.0010165471282543859,0.91151518684643,0.9073087888311271,0.8778958727699513,0.8759347347384752,0.9592618489929012,0.8570637889242703,22560,0.8716882430298826,0.009894102170876676,0.878350274963997,0.030128454988966998,"{'classifier__estimator__ccp_alpha': np.float64(0.009294238862006962), 'classifier__estimator__max_depth': 14, 'classifier__estimator__max_features': 'sqrt', 'classifier__estimator__max_leaf_nodes': 12, 'classifier__estimator__min_impurity_decrease': np.float64(0.09648019005876224), 'classifier__estimator__min_samples_leaf': 1, 'classifier__estimator__min_samples_split': 3, 'classifier__max_features': np.float64(0.9048985652971461), 'classifier__max_samples': np.float64(0.8767331219177286), 'classifier__n_estimators': 808, 'feature_selection_filter__k': 28}",45.017125606536865,"[0, 1, 2, 3, 4, 5, 6, 7, 8, 9, 10, 11, 12, 13, 14, 16, 17, 18, 19, 20, 21, 23, 24, 25, 27, 28, 29, 30]","['Amount_log1p', 'V1', 'V2', 'V3', 'V4', 'V5', 'V6', 'V7', 'V8', 'V9', 'V10', 'V11', 'V12', 'V13', 'V14', 'V16', 'V17', 'V18', 'V19', 'V20', 'V21', 'V23', 'V24', 'V25', 'V27', 'V28', 'Time_sin', 'Time_cos']"
CostSensitiveLearning_ClusterCentroids___RandomizedSearchCV__niter_30__cv_5,1,5,RRC,resubstitution,291,17676,32,49,0.9955119680851063,0.9009287925696594,0.8558823529411764,0.8778280542986425,0.9981929071606054,0.0018070928393946195,0.9270376300508909,0.9243028151367993,0.8758424164948059,0.8755435807918555,0.9965142042812155,0.9059394846526857,22560,0.8965922856297587,0.007407737538094521,0.8863697069879592,0.025480618086474015,"{'classifier__estimator__ccp_alpha': np.float64(0.0033323856310307877), 'classifier__estimator__max_depth': 11, 'classifier__estimator__max_features': 'sqrt', 'classifier__estimator__max_leaf_nodes': 15, 'classifier__estimator__min_impurity_decrease': np.float64(0.0033191787293330947), 'classifier__estimator__min_samples_leaf': 4, 'classifier__estimator__min_samples_split': 5, 'classifier__max_features': np.float64(0.8356677901136276), 'classifier__max_samples': np.float64(0.6122495445007325), 'classifier__n_estimators': 474, 'feature_selection_filter__k': 24}",44.038219928741455,"[1, 2, 3, 4, 5, 6, 7, 8, 9, 10, 11, 12, 14, 16, 17, 18, 19, 20, 21, 23, 24, 27, 28, 29]","['V1', 'V2', 'V3', 'V4', 'V5', 'V6', 'V7', 'V8', 'V9', 'V10', 'V11', 'V12', 'V14', 'V16', 'V17', 'V18', 'V19', 'V20', 'V21', 'V23', 'V24', 'V27', 'V28', 'Time_sin']"
CostSensitiveLearning_ClusterCentroids___RandomizedSearchCV__niter_30__cv_5,1,6,RRC,resubstitution,290,17696,12,50,0.9965647163120568,0.9602649006622517,0.8529411764705882,0.9034267912772586,0.999322340185227,0.0006776598147729684,0.9261317583279076,0.9232351664180307,0.9033257760768391,0.9016842836276835,0.9616104054000186,0.8716120804886036,22560,0.8990096849920093,0.011187717729292898,0.9026673867471111,0.03177740561995339,"{'classifier__estimator__ccp_alpha': np.float64(0.0011348847189364953), 'classifier__estimator__max_depth': 10, 'classifier__estimator__max_features': 'sqrt', 'classifier__estimator__max_leaf_nodes': 10, 'classifier__estimator__min_impurity_decrease': np.float64(0.08234311740954803), 'classifier__estimator__min_samples_leaf': 8, 'classifier__estimator__min_samples_split': 5, 'classifier__max_features': np.float64(0.9891298666581683), 'classifier__max_samples': np.float64(0.9665787318556079), 'classifier__n_estimators': 213, 'feature_selection_filter__k': 24}",41.0929856300354,"[0, 1, 2, 3, 4, 5, 6, 7, 8, 9, 10, 11, 12, 14, 16, 17, 18, 19, 20, 21, 23, 27, 28, 29]","['Amount_log1p', 'V1', 'V2', 'V3', 'V4', 'V5', 'V6', 'V7', 'V8', 'V9', 'V10', 'V11', 'V12', 'V14', 'V16', 'V17', 'V18', 'V19', 'V20', 'V21', 'V23', 'V27', 'V28', 'Time_sin']"
CostSensitiveLearning_ClusterCentroids___RandomizedSearchCV__niter_30__cv_5,1,7,RRC,resubstitution,282,17690,18,58,0.9957890070921985,0.94,0.8294117647058824,0.88125,0.9989835102778405,0.0010164897221595082,0.9141976374918614,0.9102574779542438,0.88089975841945,0.8791150217860315,0.9641113521306421,0.8597403866359417,22560,0.8842638935430823,0.009246722757623433,0.8837671804198571,0.0302478359063965,"{'classifier__estimator__ccp_alpha': np.float64(0.00890411103011379), 'classifier__estimator__max_depth': 19, 'classifier__estimator__max_features': 'log2', 'classifier__estimator__max_leaf_nodes': 16, 'classifier__estimator__min_impurity_decrease': np.float64(0.0496976550514182), 'classifier__estimator__min_samples_leaf': 9, 'classifier__estimator__min_samples_split': 7, 'classifier__max_features': np.float64(0.7222005324275304), 'classifier__max_samples': np.float64(0.936482742336914), 'classifier__n_estimators': 115, 'feature_selection_filter__k': 28}",40.701239824295044,"[0, 1, 2, 3, 4, 5, 6, 7, 8, 9, 10, 11, 12, 13, 14, 16, 17, 18, 19, 20, 21, 22, 24, 25, 27, 28, 29, 30]","['Amount_log1p', 'V1', 'V2', 'V3', 'V4', 'V5', 'V6', 'V7', 'V8', 'V9', 'V10', 'V11', 'V12', 'V13', 'V14', 'V16', 'V17', 'V18', 'V19', 'V20', 'V21', 'V22', 'V24', 'V25', 'V27', 'V28', 'Time_sin', 'Time_cos']"
CostSensitiveLearning_ClusterCentroids___RandomizedSearchCV__niter_30__cv_5,1,8,RRC,resubstitution,289,17692,15,52,0.9962876773049646,0.9506578947368421,0.8475073313782991,0.896124031007752,0.9991528773931214,0.0008471226068785809,0.9233301043857103,0.9202115999912157,0.8957695106701343,0.8942404303374466,0.9710817349932188,0.8678829272064762,22561,0.8944507921965202,0.0052522467964664045,0.8960466338415713,0.0188820251237713,"{'classifier__estimator__ccp_alpha': np.float64(0.006340266857304928), 'classifier__estimator__max_depth': 4, 'classifier__estimator__max_features': 'log2', 'classifier__estimator__max_leaf_nodes': 2, 'classifier__estimator__min_impurity_decrease': np.float64(0.05686217582112443), 'classifier__estimator__min_samples_leaf': 7, 'classifier__estimator__min_samples_split': 9, 'classifier__max_features': np.float64(0.9585578427750815), 'classifier__max_samples': np.float64(0.8538104564650183), 'classifier__n_estimators': 450, 'feature_selection_filter__k': 24}",42.80296802520752,"[0, 1, 2, 3, 4, 5, 6, 7, 8, 9, 10, 11, 12, 14, 16, 17, 18, 19, 20, 21, 23, 27, 28, 29]","['Amount_log1p', 'V1', 'V2', 'V3', 'V4', 'V5', 'V6', 'V7', 'V8', 'V9', 'V10', 'V11', 'V12', 'V14', 'V16', 'V17', 'V18', 'V19', 'V20', 'V21', 'V23', 'V27', 'V28', 'Time_sin']"
CostSensitiveLearning_ClusterCentroids___RandomizedSearchCV__niter_30__cv_5,1,9,RRC,resubstitution,291,17682,25,50,0.995844414893617,0.9208860759493671,0.8533724340175953,0.8858447488584474,0.9985881289885357,0.0014118710114643385,0.9259802815030655,0.9231292337565868,0.8843960055652774,0.883731557330581,0.9972221334339834,0.9242350093916251,22561,0.9017569532786602,0.00784478592242548,0.8942142563508844,0.03401936363984442,"{'classifier__estimator__ccp_alpha': np.float64(0.004235003963518133), 'classifier__estimator__max_depth': 9, 'classifier__estimator__max_features': 'sqrt', 'classifier__estimator__max_leaf_nodes': 17, 'classifier__estimator__min_impurity_decrease': np.float64(0.00139053656832), 'classifier__estimator__min_samples_leaf': 1, 'classifier__estimator__min_samples_split': 2, 'classifier__max_features': np.float64(0.691496548136757), 'classifier__max_samples': np.float64(0.5574094748332538), 'classifier__n_estimators': 981, 'feature_selection_filter__k': 'all'}",50.16481924057007,"[0, 1, 2, 3, 4, 5, 6, 7, 8, 9, 10, 11, 12, 13, 14, 15, 16, 17, 18, 19, 20, 21, 22, 23, 24, 25, 26, 27, 28, 29, 30]","['Amount_log1p', 'V1', 'V2', 'V3', 'V4', 'V5', 'V6', 'V7', 'V8', 'V9', 'V10', 'V11', 'V12', 'V13', 'V14', 'V15', 'V16', 'V17', 'V18', 'V19', 'V20', 'V21', 'V22', 'V23', 'V24', 'V25', 'V26', 'V27', 'V28', 'Time_sin', 'Time_cos']"
CostSensitiveLearning_ClusterCentroids___RandomizedSearchCV__niter_30__cv_5,1,10,RRC,resubstitution,283,17691,16,58,0.9958998226950354,0.9464882943143813,0.8299120234604106,0.884375,0.9990964025526627,0.0009035974473372566,0.9145042130065366,0.9105833938055851,0.8842724387228824,0.882297056033938,0.9624086237909456,0.8618362729765353,22561,0.8807640189035645,0.006376323266355405,0.8827813832351552,0.01316093088567088,"{'classifier__estimator__ccp_alpha': np.float64(0.0029167851222852113), 'classifier__estimator__max_depth': 12, 'classifier__estimator__max_features': 'sqrt', 'classifier__estimator__max_leaf_nodes': 14, 'classifier__estimator__min_impurity_decrease': np.float64(0.045217786265137484), 'classifier__estimator__min_samples_leaf': 1, 'classifier__estimator__min_samples_split': 6, 'classifier__max_features': np.float64(0.5371060303132615), 'classifier__max_samples': np.float64(0.6266602137742909), 'classifier__n_estimators': 461, 'feature_selection_filter__k': 24}",43.19623422622681,"[1, 2, 3, 4, 5, 6, 7, 8, 9, 10, 11, 12, 14, 16, 17, 18, 19, 20, 21, 23, 24, 27, 28, 29]","['V1', 'V2', 'V3', 'V4', 'V5', 'V6', 'V7', 'V8', 'V9', 'V10', 'V11', 'V12', 'V14', 'V16', 'V17', 'V18', 'V19', 'V20', 'V21', 'V23', 'V24', 'V27', 'V28', 'Time_sin']"
CostSensitiveLearning_ClusterCentroids___RandomizedSearchCV__niter_30__cv_5,2,1,RRC,resubstitution,280,17690,17,61,0.9956781914893617,0.9427609427609428,0.8211143695014663,0.877742946708464,0.9990399277122042,0.0009600722877958212,0.9100771486068353,0.90571852158946,0.8777192254951558,0.8755538111061901,0.9597102526015278,0.8630412037529774,22560,0.8792604035114795,0.00989162534094854,0.8785392549686926,0.04100012435742189,"{'classifier__estimator__ccp_alpha': np.float64(0.007662561004594336), 'classifier__estimator__max_depth': 14, 'classifier__estimator__max_features': 'sqrt', 'classifier__estimator__max_leaf_nodes': 14, 'classifier__estimator__min_impurity_decrease': np.float64(0.07777095568347196), 'classifier__estimator__min_samples_leaf': 4, 'classifier__estimator__min_samples_split': 7, 'classifier__max_features': np.float64(0.7204647870041574), 'classifier__max_samples': np.float64(0.7727034714638157), 'classifier__n_estimators': 294, 'feature_selection_filter__k': 26}",42.132731676101685,"[0, 1, 2, 3, 4, 5, 6, 7, 8, 9, 10, 11, 12, 14, 16, 17, 18, 19, 20, 21, 22, 23, 24, 27, 28, 29]","['Amount_log1p', 'V1', 'V2', 'V3', 'V4', 'V5', 'V6', 'V7', 'V8', 'V9', 'V10', 'V11', 'V12', 'V14', 'V16', 'V17', 'V18', 'V19', 'V20', 'V21', 'V22', 'V23', 'V24', 'V27', 'V28', 'Time_sin']"
CostSensitiveLearning_ClusterCentroids___RandomizedSearchCV__niter_30__cv_5,2,2,RRC,resubstitution,284,17686,21,57,0.9956781914893617,0.9311475409836065,0.8328445747800587,0.8792569659442725,0.9988140283503699,0.0011859716496300798,0.9158293015652144,0.9120618645277421,0.8784788735483641,0.8770636410904971,0.9619471365682541,0.8597970067670979,22560,0.8783692113269584,0.00842822338059519,0.8783049657003803,0.029041351829289536,"{'classifier__estimator__ccp_alpha': np.float64(0.0073209619237458445), 'classifier__estimator__max_depth': 19, 'classifier__estimator__max_features': 'log2', 'classifier__estimator__max_leaf_nodes': 7, 'classifier__estimator__min_impurity_decrease': np.float64(0.06422703561892916), 'classifier__estimator__min_samples_leaf': 8, 'classifier__estimator__min_samples_split': 4, 'classifier__max_features': np.float64(0.7238947844838215), 'classifier__max_samples': np.float64(0.8273368456924974), 'classifier__n_estimators': 325, 'feature_selection_filter__k': 28}",43.47682070732117,"[0, 1, 2, 3, 4, 5, 6, 7, 8, 9, 10, 11, 12, 13, 14, 16, 17, 18, 19, 20, 21, 23, 24, 25, 27, 28, 29, 30]","['Amount_log1p', 'V1', 'V2', 'V3', 'V4', 'V5', 'V6', 'V7', 'V8', 'V9', 'V10', 'V11', 'V12', 'V13', 'V14', 'V16', 'V17', 'V18', 'V19', 'V20', 'V21', 'V23', 'V24', 'V25', 'V27', 'V28', 'Time_sin', 'Time_cos']"
CostSensitiveLearning_ClusterCentroids___RandomizedSearchCV__niter_30__cv_5,2,3,RRC,resubstitution,281,17688,19,60,0.9956227836879432,0.9366666666666666,0.8240469208211144,0.8767550702028081,0.998926978031287,0.0010730219687129505,0.9114869494262008,0.9072831423386104,0.8763960414692656,0.8745361736996496,0.9595113485446631,0.8503280471222925,22560,0.8768755850654909,0.008921865466491978,0.8794556161395857,0.024891407415615255,"{'classifier__estimator__ccp_alpha': np.float64(0.00041727725605836377), 'classifier__estimator__max_depth': 17, 'classifier__estimator__max_features': 'log2', 'classifier__estimator__max_leaf_nodes': 10, 'classifier__estimator__min_impurity_decrease': np.float64(0.06690240591443887), 'classifier__estimator__min_samples_leaf': 3, 'classifier__estimator__min_samples_split': 6, 'classifier__max_features': np.float64(0.7882399298596007), 'classifier__max_samples': np.float64(0.621089803986335), 'classifier__n_estimators': 833, 'feature_selection_filter__k': 28}",43.88739275932312,"[0, 1, 2, 3, 4, 5, 6, 7, 8, 9, 10, 11, 12, 13, 14, 16, 17, 18, 19, 20, 21, 23, 24, 25, 26, 27, 28, 29]","['Amount_log1p', 'V1', 'V2', 'V3', 'V4', 'V5', 'V6', 'V7', 'V8', 'V9', 'V10', 'V11', 'V12', 'V13', 'V14', 'V16', 'V17', 'V18', 'V19', 'V20', 'V21', 'V23', 'V24', 'V25', 'V26', 'V27', 'V28', 'Time_sin']"
CostSensitiveLearning_ClusterCentroids___RandomizedSearchCV__niter_30__cv_5,2,4,RRC,resubstitution,287,17687,20,54,0.9958998226950354,0.9348534201954397,0.841642228739003,0.8858024691358025,0.9988705031908285,0.0011294968091715152,0.9202563659649157,0.9168923582008841,0.8849846621001948,0.8837207561034431,0.9691100840382062,0.8547629876110315,22560,0.8869877079957664,0.006007244445525724,0.8864955322452763,0.025198802306583785,"{'classifier__estimator__ccp_alpha': np.float64(0.0040255712355176995), 'classifier__estimator__max_depth': 15, 'classifier__estimator__max_features': 'log2', 'classifier__estimator__max_leaf_nodes': 15, 'classifier__estimator__min_impurity_decrease': np.float64(0.07272722271507036), 'classifier__estimator__min_samples_leaf': 2, 'classifier__estimator__min_samples_split': 7, 'classifier__max_features': np.float64(0.9176582409387773), 'classifier__max_samples': np.float64(0.7785870667667145), 'classifier__n_estimators': 411, 'feature_selection_filter__k': 26}",42.71057462692261,"[0, 1, 2, 3, 4, 5, 6, 7, 8, 9, 10, 11, 12, 14, 16, 17, 18, 19, 20, 21, 23, 24, 26, 27, 28, 29]","['Amount_log1p', 'V1', 'V2', 'V3', 'V4', 'V5', 'V6', 'V7', 'V8', 'V9', 'V10', 'V11', 'V12', 'V14', 'V16', 'V17', 'V18', 'V19', 'V20', 'V21', 'V23', 'V24', 'V26', 'V27', 'V28', 'Time_sin']"
CostSensitiveLearning_ClusterCentroids___RandomizedSearchCV__niter_30__cv_5,2,5,RRC,resubstitution,297,17692,16,43,0.9967309397163121,0.9488817891373802,0.8735294117647059,0.9096477794793262,0.9990964535803026,0.0009035464196973653,0.9363129326725043,0.934205618369,0.9087920760598778,0.9079860331005286,0.9933707264247466,0.9131867654686758,22560,0.9089930227914305,0.010033626512963313,0.8950160996214933,0.005895407638727043,"{'classifier__estimator__ccp_alpha': np.float64(0.003916584611674081), 'classifier__estimator__max_depth': 5, 'classifier__estimator__max_features': 'sqrt', 'classifier__estimator__max_leaf_nodes': 13, 'classifier__estimator__min_impurity_decrease': np.float64(8.285107777844525e-05), 'classifier__estimator__min_samples_leaf': 1, 'classifier__estimator__min_samples_split': 7, 'classifier__max_features': np.float64(0.5112764524204473), 'classifier__max_samples': np.float64(0.8483352160062789), 'classifier__n_estimators': 387, 'feature_selection_filter__k': 28}",46.39898204803467,"[0, 1, 2, 3, 4, 5, 6, 7, 8, 9, 10, 11, 12, 14, 16, 17, 18, 19, 20, 21, 22, 23, 24, 26, 27, 28, 29, 30]","['Amount_log1p', 'V1', 'V2', 'V3', 'V4', 'V5', 'V6', 'V7', 'V8', 'V9', 'V10', 'V11', 'V12', 'V14', 'V16', 'V17', 'V18', 'V19', 'V20', 'V21', 'V22', 'V23', 'V24', 'V26', 'V27', 'V28', 'Time_sin', 'Time_cos']"
CostSensitiveLearning_ClusterCentroids___RandomizedSearchCV__niter_30__cv_5,2,6,RRC,resubstitution,284,17686,22,56,0.9956781914893617,0.9281045751633987,0.8352941176470589,0.8792569659442725,0.9987576236729162,0.001242376327083794,0.9170258706599875,0.9133763561693186,0.8783249262248393,0.8770628895754126,0.962759852642209,0.8626143585716105,22560,0.8856844458049574,0.011568941513545216,0.8884254949419723,0.023118771481533944,"{'classifier__estimator__ccp_alpha': np.float64(0.0030860856314969733), 'classifier__estimator__max_depth': 17, 'classifier__estimator__max_features': 'log2', 'classifier__estimator__max_leaf_nodes': 14, 'classifier__estimator__min_impurity_decrease': np.float64(0.06413154450893764), 'classifier__estimator__min_samples_leaf': 3, 'classifier__estimator__min_samples_split': 3, 'classifier__max_features': np.float64(0.6902404954082083), 'classifier__max_samples': np.float64(0.7131779510329024), 'classifier__n_estimators': 271, 'feature_selection_filter__k': 22}",43.871811389923096,"[1, 2, 3, 4, 5, 6, 7, 8, 9, 10, 11, 12, 14, 16, 17, 18, 19, 20, 21, 27, 28, 29]","['V1', 'V2', 'V3', 'V4', 'V5', 'V6', 'V7', 'V8', 'V9', 'V10', 'V11', 'V12', 'V14', 'V16', 'V17', 'V18', 'V19', 'V20', 'V21', 'V27', 'V28', 'Time_sin']"
CostSensitiveLearning_ClusterCentroids___RandomizedSearchCV__niter_30__cv_5,2,7,RRC,resubstitution,287,17686,22,53,0.995844414893617,0.9288025889967637,0.8441176470588235,0.884437596302003,0.9987576236729162,0.001242376327083794,0.9214376353658699,0.9181878540238071,0.8833721858206648,0.8823266770013332,0.9735295778577977,0.8690147503091056,22560,0.8916630413804807,0.003044981766779419,0.8926848113202268,0.007468958756175521,"{'classifier__estimator__ccp_alpha': np.float64(0.004029611440888581), 'classifier__estimator__max_depth': 7, 'classifier__estimator__max_features': 'sqrt', 'classifier__estimator__max_leaf_nodes': 3, 'classifier__estimator__min_impurity_decrease': np.float64(0.005243297243403167), 'classifier__estimator__min_samples_leaf': 3, 'classifier__estimator__min_samples_split': 2, 'classifier__max_features': np.float64(0.5193193987943784), 'classifier__max_samples': np.float64(0.7460353622312212), 'classifier__n_estimators': 397, 'feature_selection_filter__k': 20}",44.1610209941864,"[1, 2, 3, 4, 5, 6, 7, 8, 9, 10, 11, 12, 14, 16, 17, 18, 19, 20, 21, 27]","['V1', 'V2', 'V3', 'V4', 'V5', 'V6', 'V7', 'V8', 'V9', 'V10', 'V11', 'V12', 'V14', 'V16', 'V17', 'V18', 'V19', 'V20', 'V21', 'V27']"
CostSensitiveLearning_ClusterCentroids___RandomizedSearchCV__niter_30__cv_5,2,8,RRC,resubstitution,291,17687,20,50,0.9961214539007093,0.9356913183279743,0.8533724340175953,0.8926380368098159,0.9988705031908285,0.0011294968091715152,0.9261214686042119,0.9232597427465022,0.8916467201676556,0.8906673483803041,0.9957431881985138,0.909776222311988,22561,0.8958852645507525,0.0038079087444248894,0.8859334729638075,0.03319229056533115,"{'classifier__estimator__ccp_alpha': np.float64(0.005247230344523202), 'classifier__estimator__max_depth': 13, 'classifier__estimator__max_features': 'log2', 'classifier__estimator__max_leaf_nodes': 18, 'classifier__estimator__min_impurity_decrease': np.float64(0.001651462422205563), 'classifier__estimator__min_samples_leaf': 3, 'classifier__estimator__min_samples_split': 5, 'classifier__max_features': np.float64(0.6144720185652666), 'classifier__max_samples': np.float64(0.5732473950262154), 'classifier__n_estimators': 510, 'feature_selection_filter__k': 26}",44.87153625488281,"[0, 1, 2, 3, 4, 5, 6, 7, 8, 9, 10, 11, 12, 14, 16, 17, 18, 19, 20, 21, 23, 24, 25, 27, 28, 29]","['Amount_log1p', 'V1', 'V2', 'V3', 'V4', 'V5', 'V6', 'V7', 'V8', 'V9', 'V10', 'V11', 'V12', 'V14', 'V16', 'V17', 'V18', 'V19', 'V20', 'V21', 'V23', 'V24', 'V25', 'V27', 'V28', 'Time_sin']"
CostSensitiveLearning_ClusterCentroids___RandomizedSearchCV__niter_30__cv_5,2,9,RRC,resubstitution,287,17685,22,54,0.9957890070921985,0.9288025889967637,0.841642228739003,0.8830769230769231,0.9987575535099114,0.0012424464900886445,0.9201998911244571,0.9168405168326691,0.8820471636632533,0.8809381082112853,0.975234954382075,0.8733605347498697,22561,0.8841154782897345,0.008026120019053982,0.8832690276863826,0.030050694466154892,"{'classifier__estimator__ccp_alpha': np.float64(0.0002087491453076429), 'classifier__estimator__max_depth': 5, 'classifier__estimator__max_features': 'sqrt', 'classifier__estimator__max_leaf_nodes': 4, 'classifier__estimator__min_impurity_decrease': np.float64(0.01334170729426738), 'classifier__estimator__min_samples_leaf': 7, 'classifier__estimator__min_samples_split': 2, 'classifier__max_features': np.float64(0.6023778880736166), 'classifier__max_samples': np.float64(0.8425869854795405), 'classifier__n_estimators': 814, 'feature_selection_filter__k': 22}",44.43698072433472,"[1, 2, 3, 4, 5, 6, 7, 8, 9, 10, 11, 12, 14, 16, 17, 18, 19, 20, 21, 27, 28, 29]","['V1', 'V2', 'V3', 'V4', 'V5', 'V6', 'V7', 'V8', 'V9', 'V10', 'V11', 'V12', 'V14', 'V16', 'V17', 'V18', 'V19', 'V20', 'V21', 'V27', 'V28', 'Time_sin']"
CostSensitiveLearning_ClusterCentroids___RandomizedSearchCV__niter_30__cv_5,2,10,RRC,resubstitution,285,17687,20,56,0.9957890070921985,0.9344262295081968,0.8357771260997068,0.8823529411764706,0.9988705031908285,0.0011294968091715152,0.9173238146452676,0.913692026069287,0.881636174301646,0.88021585542151,0.9588932719916092,0.8542282106118975,22561,0.8823683327799513,0.009913371823346992,0.8811409353539895,0.043575473602931285,"{'classifier__estimator__ccp_alpha': np.float64(0.0010442050933840298), 'classifier__estimator__max_depth': 13, 'classifier__estimator__max_features': 'log2', 'classifier__estimator__max_leaf_nodes': 11, 'classifier__estimator__min_impurity_decrease': np.float64(0.08051904576561336), 'classifier__estimator__min_samples_leaf': 2, 'classifier__estimator__min_samples_split': 3, 'classifier__max_features': np.float64(0.8881214011746112), 'classifier__max_samples': np.float64(0.8553622488030408), 'classifier__n_estimators': 698, 'feature_selection_filter__k': 28}",45.128398180007935,"[0, 1, 2, 3, 4, 5, 6, 7, 8, 9, 10, 11, 12, 14, 15, 16, 17, 18, 19, 20, 21, 22, 23, 24, 27, 28, 29, 30]","['Amount_log1p', 'V1', 'V2', 'V3', 'V4', 'V5', 'V6', 'V7', 'V8', 'V9', 'V10', 'V11', 'V12', 'V14', 'V15', 'V16', 'V17', 'V18', 'V19', 'V20', 'V21', 'V22', 'V23', 'V24', 'V27', 'V28', 'Time_sin', 'Time_cos']"
CostSensitiveLearning_ClusterCentroids___RandomizedSearchCV__niter_30__cv_5,3,1,RRC,resubstitution,288,17687,20,53,0.9959552304964538,0.935064935064935,0.844574780058651,0.8875192604006163,0.9988705031908285,0.0011294968091715152,0.9217226416247397,0.9184883426257886,0.886654517286942,0.8854652695239612,0.9586300263643104,0.8644373774102226,22560,0.8917946064499718,0.0015871877540894791,0.8920313133106316,0.011159988679083006,"{'classifier__estimator__ccp_alpha': np.float64(0.0078008977185109055), 'classifier__estimator__max_depth': 11, 'classifier__estimator__max_features': 'log2', 'classifier__estimator__max_leaf_nodes': 18, 'classifier__estimator__min_impurity_decrease': np.float64(0.09017305869443079), 'classifier__estimator__min_samples_leaf': 5, 'classifier__estimator__min_samples_split': 8, 'classifier__max_features': np.float64(0.9159868125820726), 'classifier__max_samples': np.float64(0.9730678811401716), 'classifier__n_estimators': 320, 'feature_selection_filter__k': 22}",43.4497606754303,"[1, 2, 3, 4, 5, 6, 7, 8, 9, 10, 11, 12, 14, 16, 17, 18, 19, 20, 21, 27, 28, 29]","['V1', 'V2', 'V3', 'V4', 'V5', 'V6', 'V7', 'V8', 'V9', 'V10', 'V11', 'V12', 'V14', 'V16', 'V17', 'V18', 'V19', 'V20', 'V21', 'V27', 'V28', 'Time_sin']"
CostSensitiveLearning_ClusterCentroids___RandomizedSearchCV__niter_30__cv_5,3,2,RRC,resubstitution,289,17692,15,52,0.9962876773049646,0.9506578947368421,0.8475073313782991,0.896124031007752,0.9991528773931214,0.0008471226068785809,0.9233301043857103,0.9202115999912157,0.8957695106701343,0.8942404303374466,0.981368850763495,0.8855015027968929,22560,0.8927805303982435,0.010858546561553658,0.8938425297945999,0.022086075591001782,"{'classifier__estimator__ccp_alpha': np.float64(0.004465376354012137), 'classifier__estimator__max_depth': 16, 'classifier__estimator__max_features': 'log2', 'classifier__estimator__max_leaf_nodes': 5, 'classifier__estimator__min_impurity_decrease': np.float64(0.00625368175255695), 'classifier__estimator__min_samples_leaf': 8, 'classifier__estimator__min_samples_split': 3, 'classifier__max_features': np.float64(0.5770053946920746), 'classifier__max_samples': np.float64(0.5297560893218969), 'classifier__n_estimators': 390, 'feature_selection_filter__k': 22}",42.547149896621704,"[1, 2, 3, 4, 5, 6, 7, 8, 9, 10, 11, 12, 14, 16, 17, 18, 19, 20, 21, 27, 28, 29]","['V1', 'V2', 'V3', 'V4', 'V5', 'V6', 'V7', 'V8', 'V9', 'V10', 'V11', 'V12', 'V14', 'V16', 'V17', 'V18', 'V19', 'V20', 'V21', 'V27', 'V28', 'Time_sin']"
CostSensitiveLearning_ClusterCentroids___RandomizedSearchCV__niter_30__cv_5,3,3,RRC,resubstitution,285,17691,16,56,0.9960106382978723,0.946843853820598,0.8357771260997068,0.8878504672897196,0.9990964025526627,0.0009035974473372566,0.9174367643261847,0.9137953381485486,0.8876150386739828,0.8858276924709797,0.9645226211546802,0.8569233447296699,22560,0.8830752875178298,0.008324905420076835,0.8862578645108172,0.016758741475889998,"{'classifier__estimator__ccp_alpha': np.float64(0.009967735779346341), 'classifier__estimator__max_depth': 18, 'classifier__estimator__max_features': 'sqrt', 'classifier__estimator__max_leaf_nodes': 8, 'classifier__estimator__min_impurity_decrease': np.float64(0.06733061733547588), 'classifier__estimator__min_samples_leaf': 1, 'classifier__estimator__min_samples_split': 3, 'classifier__max_features': np.float64(0.8550216293854733), 'classifier__max_samples': np.float64(0.6627800951387679), 'classifier__n_estimators': 722, 'feature_selection_filter__k': 20}",45.863322257995605,"[1, 2, 3, 4, 5, 6, 7, 8, 9, 10, 11, 12, 14, 16, 17, 18, 19, 20, 21, 27]","['V1', 'V2', 'V3', 'V4', 'V5', 'V6', 'V7', 'V8', 'V9', 'V10', 'V11', 'V12', 'V14', 'V16', 'V17', 'V18', 'V19', 'V20', 'V21', 'V27']"
CostSensitiveLearning_ClusterCentroids___RandomizedSearchCV__niter_30__cv_5,3,4,RRC,resubstitution,283,17690,17,58,0.995844414893617,0.9433333333333334,0.8299120234604106,0.8829953198127926,0.9990399277122042,0.0009600722877958212,0.9144759755863074,0.9105576576611597,0.8827621502807806,0.8808887724996673,0.9658063886790634,0.8593775677130501,22560,0.8819554288898495,0.005366630755741696,0.8806264225312121,0.02196284584051231,"{'classifier__estimator__ccp_alpha': np.float64(0.0029825318288360728), 'classifier__estimator__max_depth': 9, 'classifier__estimator__max_features': 'log2', 'classifier__estimator__max_leaf_nodes': 19, 'classifier__estimator__min_impurity_decrease': np.float64(0.09692225049398268), 'classifier__estimator__min_samples_leaf': 9, 'classifier__estimator__min_samples_split': 5, 'classifier__max_features': np.float64(0.5574533354302138), 'classifier__max_samples': np.float64(0.6135522700964009), 'classifier__n_estimators': 426, 'feature_selection_filter__k': 'all'}",43.92623734474182,"[0, 1, 2, 3, 4, 5, 6, 7, 8, 9, 10, 11, 12, 13, 14, 15, 16, 17, 18, 19, 20, 21, 22, 23, 24, 25, 26, 27, 28, 29, 30]","['Amount_log1p', 'V1', 'V2', 'V3', 'V4', 'V5', 'V6', 'V7', 'V8', 'V9', 'V10', 'V11', 'V12', 'V13', 'V14', 'V15', 'V16', 'V17', 'V18', 'V19', 'V20', 'V21', 'V22', 'V23', 'V24', 'V25', 'V26', 'V27', 'V28', 'Time_sin', 'Time_cos']"
CostSensitiveLearning_ClusterCentroids___RandomizedSearchCV__niter_30__cv_5,3,5,RRC,resubstitution,280,17690,18,60,0.9956781914893617,0.9395973154362416,0.8235294117647058,0.877742946708464,0.9989835102778405,0.0010164897221595082,0.9112564610212732,0.9070238710098819,0.8775252749023874,0.8755528649969802,0.9610071552903972,0.8522697775245965,22560,0.876051704643816,0.008173809147139116,0.8767926119254785,0.03598553817142289,"{'classifier__estimator__ccp_alpha': np.float64(0.0037818255205551423), 'classifier__estimator__max_depth': 17, 'classifier__estimator__max_features': 'log2', 'classifier__estimator__max_leaf_nodes': 13, 'classifier__estimator__min_impurity_decrease': np.float64(0.06370241947175362), 'classifier__estimator__min_samples_leaf': 2, 'classifier__estimator__min_samples_split': 4, 'classifier__max_features': np.float64(0.7773602570678646), 'classifier__max_samples': np.float64(0.6065898854929572), 'classifier__n_estimators': 204, 'feature_selection_filter__k': 22}",46.67818522453308,"[1, 2, 3, 4, 5, 6, 7, 8, 9, 10, 11, 12, 14, 16, 17, 18, 19, 20, 21, 27, 28, 29]","['V1', 'V2', 'V3', 'V4', 'V5', 'V6', 'V7', 'V8', 'V9', 'V10', 'V11', 'V12', 'V14', 'V16', 'V17', 'V18', 'V19', 'V20', 'V21', 'V27', 'V28', 'Time_sin']"
CostSensitiveLearning_ClusterCentroids___RandomizedSearchCV__niter_30__cv_5,3,6,RRC,resubstitution,276,17689,19,64,0.9954011524822695,0.9355932203389831,0.8117647058823529,0.8692913385826772,0.9989270386266095,0.0010729613733905241,0.9053458722544812,0.9004963707359733,0.8692267462199457,0.8669627029772964,0.9583869537198209,0.8396621920308553,22560,0.8693130642485428,0.009677743097803304,0.8703828804540376,0.014426515104070715,"{'classifier__estimator__ccp_alpha': np.float64(0.004711744749270817), 'classifier__estimator__max_depth': 18, 'classifier__estimator__max_features': 'log2', 'classifier__estimator__max_leaf_nodes': 17, 'classifier__estimator__min_impurity_decrease': np.float64(0.07766378775189903), 'classifier__estimator__min_samples_leaf': 2, 'classifier__estimator__min_samples_split': 5, 'classifier__max_features': np.float64(0.7750239640544258), 'classifier__max_samples': np.float64(0.9427095645590001), 'classifier__n_estimators': 642, 'feature_selection_filter__k': 'all'}",45.322521686553955,"[0, 1, 2, 3, 4, 5, 6, 7, 8, 9, 10, 11, 12, 13, 14, 15, 16, 17, 18, 19, 20, 21, 22, 23, 24, 25, 26, 27, 28, 29, 30]","['Amount_log1p', 'V1', 'V2', 'V3', 'V4', 'V5', 'V6', 'V7', 'V8', 'V9', 'V10', 'V11', 'V12', 'V13', 'V14', 'V15', 'V16', 'V17', 'V18', 'V19', 'V20', 'V21', 'V22', 'V23', 'V24', 'V25', 'V26', 'V27', 'V28', 'Time_sin', 'Time_cos']"
CostSensitiveLearning_ClusterCentroids___RandomizedSearchCV__niter_30__cv_5,3,7,RRC,resubstitution,281,17692,16,59,0.995844414893617,0.9461279461279462,0.8264705882352941,0.8822605965463108,0.9990964535803026,0.0009035464196973653,0.9127835209077984,0.9086934762032294,0.8822403674273652,0.8801552881479104,0.9657066762779203,0.8592785171041926,22560,0.8818758789411973,0.007107259771526423,0.8812109081569293,0.03618150921796325,"{'classifier__estimator__ccp_alpha': np.float64(0.0007461013895141988), 'classifier__estimator__max_depth': 12, 'classifier__estimator__max_features': 'log2', 'classifier__estimator__max_leaf_nodes': 15, 'classifier__estimator__min_impurity_decrease': np.float64(0.08056179247233908), 'classifier__estimator__min_samples_leaf': 5, 'classifier__estimator__min_samples_split': 5, 'classifier__max_features': np.float64(0.7443720478326266), 'classifier__max_samples': np.float64(0.7522346925061334), 'classifier__n_estimators': 958, 'feature_selection_filter__k': 20}",46.409727334976196,"[1, 2, 3, 4, 5, 6, 7, 8, 9, 10, 11, 12, 14, 16, 17, 18, 19, 20, 21, 27]","['V1', 'V2', 'V3', 'V4', 'V5', 'V6', 'V7', 'V8', 'V9', 'V10', 'V11', 'V12', 'V14', 'V16', 'V17', 'V18', 'V19', 'V20', 'V21', 'V27']"
CostSensitiveLearning_ClusterCentroids___RandomizedSearchCV__niter_30__cv_5,3,8,RRC,resubstitution,286,17688,19,55,0.9958998226950354,0.9377049180327869,0.8387096774193549,0.8854489164086687,0.998926978031287,0.0010730219687129505,0.918818327725321,0.9153194652743444,0.884793475054928,0.8833680697525229,0.96737567709773,0.8707264537284796,22561,0.8856500037951964,0.00578046085995451,0.88765457267983,0.02701851259297044,"{'classifier__estimator__ccp_alpha': np.float64(0.0029624916167243355), 'classifier__estimator__max_depth': 12, 'classifier__estimator__max_features': 'log2', 'classifier__estimator__max_leaf_nodes': 19, 'classifier__estimator__min_impurity_decrease': np.float64(0.05613489757705725), 'classifier__estimator__min_samples_leaf': 9, 'classifier__estimator__min_samples_split': 3, 'classifier__max_features': np.float64(0.5524885418425545), 'classifier__max_samples': np.float64(0.5292303645984399), 'classifier__n_estimators': 206, 'feature_selection_filter__k': 28}",43.664257526397705,"[0, 1, 2, 3, 4, 5, 6, 7, 8, 9, 10, 11, 12, 13, 14, 16, 17, 18, 19, 20, 21, 23, 24, 25, 27, 28, 29, 30]","['Amount_log1p', 'V1', 'V2', 'V3', 'V4', 'V5', 'V6', 'V7', 'V8', 'V9', 'V10', 'V11', 'V12', 'V13', 'V14', 'V16', 'V17', 'V18', 'V19', 'V20', 'V21', 'V23', 'V24', 'V25', 'V27', 'V28', 'Time_sin', 'Time_cos']"
CostSensitiveLearning_ClusterCentroids___RandomizedSearchCV__niter_30__cv_5,3,9,RRC,resubstitution,297,17684,23,44,0.9962876773049646,0.928125,0.8709677419354839,0.8986384266263238,0.9987010786694528,0.0012989213305472092,0.9348344103024684,0.932650214902278,0.8972195383882342,0.8967495846812975,0.9928755581030879,0.8919050862969773,22561,0.9006859594221757,0.0067882771153355516,0.8942179709562741,0.013912414996009937,"{'classifier__estimator__ccp_alpha': np.float64(0.0015167229781735626), 'classifier__estimator__max_depth': 19, 'classifier__estimator__max_features': 'log2', 'classifier__estimator__max_leaf_nodes': 10, 'classifier__estimator__min_impurity_decrease': np.float64(0.0052181825302833225), 'classifier__estimator__min_samples_leaf': 6, 'classifier__estimator__min_samples_split': 4, 'classifier__max_features': np.float64(0.8994769855373648), 'classifier__max_samples': np.float64(0.6102667855224494), 'classifier__n_estimators': 356, 'feature_selection_filter__k': 'all'}",42.832507371902466,"[0, 1, 2, 3, 4, 5, 6, 7, 8, 9, 10, 11, 12, 13, 14, 15, 16, 17, 18, 19, 20, 21, 22, 23, 24, 25, 26, 27, 28, 29, 30]","['Amount_log1p', 'V1', 'V2', 'V3', 'V4', 'V5', 'V6', 'V7', 'V8', 'V9', 'V10', 'V11', 'V12', 'V13', 'V14', 'V15', 'V16', 'V17', 'V18', 'V19', 'V20', 'V21', 'V22', 'V23', 'V24', 'V25', 'V26', 'V27', 'V28', 'Time_sin', 'Time_cos']"
CostSensitiveLearning_ClusterCentroids___RandomizedSearchCV__niter_30__cv_5,3,10,RRC,resubstitution,290,17677,30,51,0.9955119680851063,0.90625,0.8504398826979472,0.8774583963691377,0.9983057547862427,0.0016942452137572728,0.924372818742095,0.9214114330727061,0.8756335182200619,0.8751748710326135,0.968256005585875,0.8664707989137921,22561,0.8944668907428355,0.0027467318113778834,0.8947504519597542,0.014075562931774659,"{'classifier__estimator__ccp_alpha': np.float64(0.007751661870274645), 'classifier__estimator__max_depth': 18, 'classifier__estimator__max_features': 'log2', 'classifier__estimator__max_leaf_nodes': 8, 'classifier__estimator__min_impurity_decrease': np.float64(0.098052426991944), 'classifier__estimator__min_samples_leaf': 4, 'classifier__estimator__min_samples_split': 7, 'classifier__max_features': np.float64(0.7338553616699586), 'classifier__max_samples': np.float64(0.9250519584420294), 'classifier__n_estimators': 540, 'feature_selection_filter__k': 22}",44.02211332321167,"[1, 2, 3, 4, 5, 6, 7, 8, 9, 10, 11, 12, 14, 16, 17, 18, 19, 20, 21, 27, 28, 29]","['V1', 'V2', 'V3', 'V4', 'V5', 'V6', 'V7', 'V8', 'V9', 'V10', 'V11', 'V12', 'V14', 'V16', 'V17', 'V18', 'V19', 'V20', 'V21', 'V27', 'V28', 'Time_sin']"
CostSensitiveLearning_ClusterCentroids___RandomizedSearchCV__niter_30__cv_5,4,1,RRC,resubstitution,283,17683,24,58,0.9954565602836879,0.9218241042345277,0.8299120234604106,0.8734567901234568,0.9986446038289942,0.0013553961710057738,0.9142783136447024,0.9103774842786594,0.8723959542516551,0.871150027033545,0.9622251219632973,0.847096536097982,22560,0.8775038851481545,0.0037517541988389704,0.8786008867146486,0.02045829898076546,"{'classifier__estimator__ccp_alpha': np.float64(0.0006281116324033387), 'classifier__estimator__max_depth': 17, 'classifier__estimator__max_features': 'sqrt', 'classifier__estimator__max_leaf_nodes': 6, 'classifier__estimator__min_impurity_decrease': np.float64(0.06702505083654463), 'classifier__estimator__min_samples_leaf': 8, 'classifier__estimator__min_samples_split': 2, 'classifier__max_features': np.float64(0.7157480866672306), 'classifier__max_samples': np.float64(0.8635427436071379), 'classifier__n_estimators': 668, 'feature_selection_filter__k': 20}",43.455626487731934,"[1, 2, 3, 4, 5, 6, 7, 8, 9, 10, 11, 12, 14, 16, 17, 18, 19, 20, 21, 27]","['V1', 'V2', 'V3', 'V4', 'V5', 'V6', 'V7', 'V8', 'V9', 'V10', 'V11', 'V12', 'V14', 'V16', 'V17', 'V18', 'V19', 'V20', 'V21', 'V27']"
CostSensitiveLearning_ClusterCentroids___RandomizedSearchCV__niter_30__cv_5,4,2,RRC,resubstitution,279,17689,18,62,0.9955673758865248,0.9393939393939394,0.8181818181818182,0.8746081504702194,0.9989834528717456,0.0010165471282543859,0.9085826355267819,0.9040741660970938,0.8745204057911725,0.872362883185836,0.96905659027437,0.849822836581391,22560,0.8725338540880747,0.011856692608304877,0.8709847840687708,0.035812790989542445,"{'classifier__estimator__ccp_alpha': np.float64(0.0007690782805655561), 'classifier__estimator__max_depth': 18, 'classifier__estimator__max_features': 'log2', 'classifier__estimator__max_leaf_nodes': 8, 'classifier__estimator__min_impurity_decrease': np.float64(0.06700569320874769), 'classifier__estimator__min_samples_leaf': 5, 'classifier__estimator__min_samples_split': 5, 'classifier__max_features': np.float64(0.5276590609430724), 'classifier__max_samples': np.float64(0.8386615313692982), 'classifier__n_estimators': 382, 'feature_selection_filter__k': 20}",41.42807865142822,"[1, 2, 3, 4, 5, 6, 7, 8, 9, 10, 11, 12, 14, 16, 17, 18, 19, 20, 21, 29]","['V1', 'V2', 'V3', 'V4', 'V5', 'V6', 'V7', 'V8', 'V9', 'V10', 'V11', 'V12', 'V14', 'V16', 'V17', 'V18', 'V19', 'V20', 'V21', 'Time_sin']"
CostSensitiveLearning_ClusterCentroids___RandomizedSearchCV__niter_30__cv_5,4,3,RRC,resubstitution,278,17683,24,63,0.9951795212765957,0.9205298013245033,0.8152492668621701,0.864696734059098,0.9986446038289942,0.0013553961710057738,0.9069469353455821,0.9022994409437756,0.8639005509187071,0.862251971681478,0.9579345246267568,0.8424341234255422,22560,0.8669967501255114,0.01168406338434873,0.8675784815905839,0.027815844179400463,"{'classifier__estimator__ccp_alpha': np.float64(0.001971182402809886), 'classifier__estimator__max_depth': 5, 'classifier__estimator__max_features': 'sqrt', 'classifier__estimator__max_leaf_nodes': 15, 'classifier__estimator__min_impurity_decrease': np.float64(0.08573316417607385), 'classifier__estimator__min_samples_leaf': 9, 'classifier__estimator__min_samples_split': 4, 'classifier__max_features': np.float64(0.8936930432166643), 'classifier__max_samples': np.float64(0.6986452529665479), 'classifier__n_estimators': 111, 'feature_selection_filter__k': 24}",43.70432925224304,"[1, 2, 3, 4, 5, 6, 7, 8, 9, 10, 11, 12, 14, 16, 17, 18, 19, 20, 21, 23, 24, 27, 28, 29]","['V1', 'V2', 'V3', 'V4', 'V5', 'V6', 'V7', 'V8', 'V9', 'V10', 'V11', 'V12', 'V14', 'V16', 'V17', 'V18', 'V19', 'V20', 'V21', 'V23', 'V24', 'V27', 'V28', 'Time_sin']"
CostSensitiveLearning_ClusterCentroids___RandomizedSearchCV__niter_30__cv_5,4,4,RRC,resubstitution,289,17694,13,52,0.9963984929078015,0.956953642384106,0.8475073313782991,0.8989113530326595,0.9992658270740385,0.0007341729259614516,0.9233865792261688,0.9202636113859155,0.8987999841661539,0.8970848064286905,0.9850091593579224,0.8985645334390788,22560,0.9037393784115061,0.007424643210861958,0.8904960501291125,0.030940761556673087,"{'classifier__estimator__ccp_alpha': np.float64(0.0030333622031053476), 'classifier__estimator__max_depth': 5, 'classifier__estimator__max_features': 'sqrt', 'classifier__estimator__max_leaf_nodes': 14, 'classifier__estimator__min_impurity_decrease': np.float64(0.007893714458331303), 'classifier__estimator__min_samples_leaf': 1, 'classifier__estimator__min_samples_split': 8, 'classifier__max_features': np.float64(0.6869864693398424), 'classifier__max_samples': np.float64(0.5449517307950671), 'classifier__n_estimators': 321, 'feature_selection_filter__k': 22}",41.71715331077576,"[1, 2, 3, 4, 5, 6, 7, 8, 9, 10, 11, 12, 14, 16, 17, 18, 19, 20, 21, 27, 28, 29]","['V1', 'V2', 'V3', 'V4', 'V5', 'V6', 'V7', 'V8', 'V9', 'V10', 'V11', 'V12', 'V14', 'V16', 'V17', 'V18', 'V19', 'V20', 'V21', 'V27', 'V28', 'Time_sin']"
CostSensitiveLearning_ClusterCentroids___RandomizedSearchCV__niter_30__cv_5,4,5,RRC,resubstitution,287,17690,18,53,0.9960660460992907,0.940983606557377,0.8441176470588235,0.889922480620155,0.9989835102778405,0.0010164897221595082,0.921550578668332,0.9182916803207436,0.8892839511286753,0.8879257204230353,0.9712406489589285,0.8670310381448608,22560,0.8842669233791071,0.005553117084611538,0.8827607687300569,0.01887194812164574,"{'classifier__estimator__ccp_alpha': np.float64(0.007347571017751359), 'classifier__estimator__max_depth': 15, 'classifier__estimator__max_features': 'log2', 'classifier__estimator__max_leaf_nodes': 17, 'classifier__estimator__min_impurity_decrease': np.float64(0.0898071287119567), 'classifier__estimator__min_samples_leaf': 7, 'classifier__estimator__min_samples_split': 2, 'classifier__max_features': np.float64(0.8899012513986149), 'classifier__max_samples': np.float64(0.7471132308330632), 'classifier__n_estimators': 296, 'feature_selection_filter__k': 24}",41.31160092353821,"[1, 2, 3, 4, 5, 6, 7, 8, 9, 10, 11, 12, 14, 16, 17, 18, 19, 20, 21, 23, 24, 27, 28, 29]","['V1', 'V2', 'V3', 'V4', 'V5', 'V6', 'V7', 'V8', 'V9', 'V10', 'V11', 'V12', 'V14', 'V16', 'V17', 'V18', 'V19', 'V20', 'V21', 'V23', 'V24', 'V27', 'V28', 'Time_sin']"
CostSensitiveLearning_ClusterCentroids___RandomizedSearchCV__niter_30__cv_5,4,6,RRC,resubstitution,289,17686,22,51,0.9959552304964538,0.9292604501607717,0.85,0.8878648233486943,0.9987576236729162,0.001242376327083794,0.9243788118364581,0.9213815605502309,0.8867222903411236,0.8858094563870585,0.9669123460317037,0.8777396554847093,22560,0.8898307078641876,0.0032820585789415215,0.8934075227098484,0.011822241644477384,"{'classifier__estimator__ccp_alpha': np.float64(0.0002681963669974907), 'classifier__estimator__max_depth': 12, 'classifier__estimator__max_features': 'log2', 'classifier__estimator__max_leaf_nodes': 12, 'classifier__estimator__min_impurity_decrease': np.float64(0.03782688291338249), 'classifier__estimator__min_samples_leaf': 1, 'classifier__estimator__min_samples_split': 4, 'classifier__max_features': np.float64(0.6313911609393272), 'classifier__max_samples': np.float64(0.7492068593460544), 'classifier__n_estimators': 383, 'feature_selection_filter__k': 22}",42.6354398727417,"[1, 2, 3, 4, 5, 6, 7, 8, 9, 10, 11, 12, 14, 16, 17, 18, 19, 20, 21, 27, 28, 29]","['V1', 'V2', 'V3', 'V4', 'V5', 'V6', 'V7', 'V8', 'V9', 'V10', 'V11', 'V12', 'V14', 'V16', 'V17', 'V18', 'V19', 'V20', 'V21', 'V27', 'V28', 'Time_sin']"
CostSensitiveLearning_ClusterCentroids___RandomizedSearchCV__niter_30__cv_5,4,7,RRC,resubstitution,286,17691,17,54,0.9960660460992907,0.9438943894389439,0.8411764705882353,0.8895800933125972,0.9990399819290716,0.0009600180709283812,0.9201082262586535,0.9167163825173142,0.8891111987477429,0.8875841928956882,0.9623831535098791,0.8706698815017462,22560,0.8886679786355136,0.008442324173077878,0.8905017317999843,0.03444298929090064,"{'classifier__estimator__ccp_alpha': np.float64(0.00160614785216597), 'classifier__estimator__max_depth': 4, 'classifier__estimator__max_features': 'sqrt', 'classifier__estimator__max_leaf_nodes': 6, 'classifier__estimator__min_impurity_decrease': np.float64(0.07074772465848975), 'classifier__estimator__min_samples_leaf': 8, 'classifier__estimator__min_samples_split': 4, 'classifier__max_features': np.float64(0.7714986239809735), 'classifier__max_samples': np.float64(0.8002736781581707), 'classifier__n_estimators': 954, 'feature_selection_filter__k': 24}",44.99270558357239,"[0, 1, 2, 3, 4, 5, 6, 7, 8, 9, 10, 11, 12, 14, 16, 17, 18, 19, 20, 21, 23, 27, 28, 29]","['Amount_log1p', 'V1', 'V2', 'V3', 'V4', 'V5', 'V6', 'V7', 'V8', 'V9', 'V10', 'V11', 'V12', 'V14', 'V16', 'V17', 'V18', 'V19', 'V20', 'V21', 'V23', 'V27', 'V28', 'Time_sin']"
CostSensitiveLearning_ClusterCentroids___RandomizedSearchCV__niter_30__cv_5,4,8,RRC,resubstitution,282,17693,14,59,0.9959552304964538,0.9527027027027027,0.8269794721407625,0.8854003139717426,0.99920935223358,0.0007906477664200162,0.9130944121871712,0.9090245445906503,0.8856446410465844,0.8833520559724274,0.9654332572551538,0.8660010109598862,22561,0.8785463859316976,0.005986601503567263,0.8827259905488912,0.00971921369973699,"{'classifier__estimator__ccp_alpha': np.float64(0.009449232950474786), 'classifier__estimator__max_depth': 5, 'classifier__estimator__max_features': 'log2', 'classifier__estimator__max_leaf_nodes': 18, 'classifier__estimator__min_impurity_decrease': np.float64(0.05164272979730214), 'classifier__estimator__min_samples_leaf': 9, 'classifier__estimator__min_samples_split': 7, 'classifier__max_features': np.float64(0.6108780219821102), 'classifier__max_samples': np.float64(0.7086184029225262), 'classifier__n_estimators': 772, 'feature_selection_filter__k': 22}",45.44234490394592,"[1, 2, 3, 4, 5, 6, 7, 8, 9, 10, 11, 12, 14, 16, 17, 18, 19, 20, 21, 27, 28, 29]","['V1', 'V2', 'V3', 'V4', 'V5', 'V6', 'V7', 'V8', 'V9', 'V10', 'V11', 'V12', 'V14', 'V16', 'V17', 'V18', 'V19', 'V20', 'V21', 'V27', 'V28', 'Time_sin']"
CostSensitiveLearning_ClusterCentroids___RandomizedSearchCV__niter_30__cv_5,4,9,RRC,resubstitution,284,17686,21,57,0.9956781914893617,0.9311475409836065,0.8328445747800587,0.8792569659442725,0.9988140283503699,0.0011859716496300798,0.9158293015652144,0.9120618645277421,0.8784788735483641,0.8770636410904971,0.9661424222605604,0.8540853652412294,22561,0.8778953527105824,0.0056713835454759685,0.8792235180145109,0.02229420940798259,"{'classifier__estimator__ccp_alpha': np.float64(0.0020089651177586255), 'classifier__estimator__max_depth': 6, 'classifier__estimator__max_features': 'sqrt', 'classifier__estimator__max_leaf_nodes': 8, 'classifier__estimator__min_impurity_decrease': np.float64(0.04078208534373831), 'classifier__estimator__min_samples_leaf': 1, 'classifier__estimator__min_samples_split': 2, 'classifier__max_features': np.float64(0.6056866389621731), 'classifier__max_samples': np.float64(0.7098942025758577), 'classifier__n_estimators': 968, 'feature_selection_filter__k': 24}",46.84187030792236,"[0, 1, 2, 3, 4, 5, 6, 7, 8, 9, 10, 11, 12, 14, 16, 17, 18, 19, 20, 21, 24, 27, 28, 29]","['Amount_log1p', 'V1', 'V2', 'V3', 'V4', 'V5', 'V6', 'V7', 'V8', 'V9', 'V10', 'V11', 'V12', 'V14', 'V16', 'V17', 'V18', 'V19', 'V20', 'V21', 'V24', 'V27', 'V28', 'Time_sin']"
CostSensitiveLearning_ClusterCentroids___RandomizedSearchCV__niter_30__cv_5,4,10,RRC,resubstitution,277,17686,21,64,0.9952903368794326,0.9295302013422819,0.8123167155425219,0.86697965571205,0.9988140283503699,0.0011859716496300798,0.9055653719464459,0.9007515367443831,0.8666290343953349,0.8645934360721929,0.9634744414911545,0.8515647651384675,22561,0.8682672656280769,0.004792819351322408,0.8680350301333846,0.02821996449401499,"{'classifier__estimator__ccp_alpha': np.float64(0.007534344295087183), 'classifier__estimator__max_depth': 14, 'classifier__estimator__max_features': 'log2', 'classifier__estimator__max_leaf_nodes': 8, 'classifier__estimator__min_impurity_decrease': np.float64(0.08132476264738259), 'classifier__estimator__min_samples_leaf': 6, 'classifier__estimator__min_samples_split': 4, 'classifier__max_features': np.float64(0.6340974100526804), 'classifier__max_samples': np.float64(0.551286129326928), 'classifier__n_estimators': 325, 'feature_selection_filter__k': 20}",42.08405256271362,"[1, 2, 3, 4, 5, 6, 7, 8, 9, 10, 11, 12, 14, 16, 17, 18, 19, 20, 21, 27]","['V1', 'V2', 'V3', 'V4', 'V5', 'V6', 'V7', 'V8', 'V9', 'V10', 'V11', 'V12', 'V14', 'V16', 'V17', 'V18', 'V19', 'V20', 'V21', 'V27']"
CostSensitiveLearning_ClusterCentroids___RandomizedSearchCV__niter_30__cv_5,5,1,RRC,resubstitution,294,17692,15,47,0.9965647163120568,0.9514563106796117,0.8621700879765396,0.9046153846153846,0.9991528773931214,0.0008471226068785809,0.9306614826848305,0.9281377722105917,0.9040072292371343,0.902870561961838,0.9670717728976082,0.8770289632394471,22560,0.9032962976167708,0.008017772244192135,0.9026270941166153,0.023211514968413866,"{'classifier__estimator__ccp_alpha': np.float64(0.007877761624260897), 'classifier__estimator__max_depth': 18, 'classifier__estimator__max_features': 'sqrt', 'classifier__estimator__max_leaf_nodes': 8, 'classifier__estimator__min_impurity_decrease': np.float64(0.07062593949684286), 'classifier__estimator__min_samples_leaf': 7, 'classifier__estimator__min_samples_split': 9, 'classifier__max_features': np.float64(0.9187990956358791), 'classifier__max_samples': np.float64(0.6435523927871154), 'classifier__n_estimators': 690, 'feature_selection_filter__k': 24}",45.744810819625854,"[0, 1, 2, 3, 4, 5, 6, 7, 8, 9, 10, 11, 12, 14, 16, 17, 18, 19, 20, 21, 24, 27, 28, 29]","['Amount_log1p', 'V1', 'V2', 'V3', 'V4', 'V5', 'V6', 'V7', 'V8', 'V9', 'V10', 'V11', 'V12', 'V14', 'V16', 'V17', 'V18', 'V19', 'V20', 'V21', 'V24', 'V27', 'V28', 'Time_sin']"
CostSensitiveLearning_ClusterCentroids___RandomizedSearchCV__niter_30__cv_5,5,2,RRC,resubstitution,280,17683,24,61,0.9952903368794326,0.9210526315789473,0.8211143695014663,0.8682170542635659,0.9986446038289942,0.0013553961710057738,0.9098794866652302,0.905539305733929,0.8673079079424731,0.8658274116221337,0.9600827215639655,0.8484982652771214,22560,0.8632029378558208,0.015805098904652704,0.8644480609248838,0.03772622184826316,"{'classifier__estimator__ccp_alpha': np.float64(0.0025038637496751994), 'classifier__estimator__max_depth': 13, 'classifier__estimator__max_features': 'log2', 'classifier__estimator__max_leaf_nodes': 16, 'classifier__estimator__min_impurity_decrease': np.float64(0.0760505119326591), 'classifier__estimator__min_samples_leaf': 2, 'classifier__estimator__min_samples_split': 2, 'classifier__max_features': np.float64(0.7292459701144149), 'classifier__max_samples': np.float64(0.8008152931692131), 'classifier__n_estimators': 854, 'feature_selection_filter__k': 28}",45.02147722244263,"[0, 1, 2, 3, 4, 5, 6, 7, 8, 9, 10, 11, 12, 14, 16, 17, 18, 19, 20, 21, 23, 24, 25, 26, 27, 28, 29, 30]","['Amount_log1p', 'V1', 'V2', 'V3', 'V4', 'V5', 'V6', 'V7', 'V8', 'V9', 'V10', 'V11', 'V12', 'V14', 'V16', 'V17', 'V18', 'V19', 'V20', 'V21', 'V23', 'V24', 'V25', 'V26', 'V27', 'V28', 'Time_sin', 'Time_cos']"
CostSensitiveLearning_ClusterCentroids___RandomizedSearchCV__niter_30__cv_5,5,3,RRC,resubstitution,290,17689,18,51,0.9961768617021277,0.9415584415584416,0.8504398826979472,0.8936825885978429,0.9989834528717456,0.0010165471282543859,0.9247116677848464,0.9217241292694022,0.8929388219117472,0.8917411451664838,0.9866035385048278,0.901077895550939,22560,0.8988891634335143,0.008829836030654367,0.8933330854687916,0.017212540328107883,"{'classifier__estimator__ccp_alpha': np.float64(0.005737761766539807), 'classifier__estimator__max_depth': 3, 'classifier__estimator__max_features': 'sqrt', 'classifier__estimator__max_leaf_nodes': 8, 'classifier__estimator__min_impurity_decrease': np.float64(0.0012731049947232954), 'classifier__estimator__min_samples_leaf': 4, 'classifier__estimator__min_samples_split': 2, 'classifier__max_features': np.float64(0.6136598600129959), 'classifier__max_samples': np.float64(0.5013661016760639), 'classifier__n_estimators': 423, 'feature_selection_filter__k': 26}",43.133073568344116,"[0, 1, 2, 3, 4, 5, 6, 7, 8, 9, 10, 11, 12, 14, 16, 17, 18, 19, 20, 21, 22, 24, 27, 28, 29, 30]","['Amount_log1p', 'V1', 'V2', 'V3', 'V4', 'V5', 'V6', 'V7', 'V8', 'V9', 'V10', 'V11', 'V12', 'V14', 'V16', 'V17', 'V18', 'V19', 'V20', 'V21', 'V22', 'V24', 'V27', 'V28', 'Time_sin', 'Time_cos']"
CostSensitiveLearning_ClusterCentroids___RandomizedSearchCV__niter_30__cv_5,5,4,RRC,resubstitution,282,17697,10,59,0.9961768617021277,0.9657534246575342,0.8269794721407625,0.8909952606635071,0.9994352515954142,0.0005647484045857576,0.9132073618680884,0.9091272940591135,0.8918334047832205,0.88906143654835,0.9613674827805562,0.8588331869449051,22560,0.8887690807572384,0.003581481409186103,0.8911204826582585,0.015022746106089365,"{'classifier__estimator__ccp_alpha': np.float64(0.008157842936269201), 'classifier__estimator__max_depth': 16, 'classifier__estimator__max_features': 'sqrt', 'classifier__estimator__max_leaf_nodes': 2, 'classifier__estimator__min_impurity_decrease': np.float64(0.0626778031115384), 'classifier__estimator__min_samples_leaf': 7, 'classifier__estimator__min_samples_split': 4, 'classifier__max_features': np.float64(0.5998598737266418), 'classifier__max_samples': np.float64(0.999737910976463), 'classifier__n_estimators': 982, 'feature_selection_filter__k': 24}",47.369654178619385,"[0, 1, 2, 3, 4, 5, 6, 7, 8, 9, 10, 11, 12, 14, 16, 17, 18, 19, 20, 21, 24, 27, 28, 29]","['Amount_log1p', 'V1', 'V2', 'V3', 'V4', 'V5', 'V6', 'V7', 'V8', 'V9', 'V10', 'V11', 'V12', 'V14', 'V16', 'V17', 'V18', 'V19', 'V20', 'V21', 'V24', 'V27', 'V28', 'Time_sin']"
CostSensitiveLearning_ClusterCentroids___RandomizedSearchCV__niter_30__cv_5,5,5,RRC,resubstitution,279,17690,18,61,0.9956227836879432,0.9393939393939394,0.8205882352941176,0.8759811616954474,0.9989835102778405,0.0010164897221595082,0.9097858727859791,0.9054027367899967,0.8758335075445005,0.8737635701824658,0.9569926022136886,0.8501977427929753,22560,0.8764333557749433,0.008784671153393498,0.8758767042460155,0.029058874690600003,"{'classifier__estimator__ccp_alpha': np.float64(0.006559320937489823), 'classifier__estimator__max_depth': 13, 'classifier__estimator__max_features': 'sqrt', 'classifier__estimator__max_leaf_nodes': 13, 'classifier__estimator__min_impurity_decrease': np.float64(0.09603522089596787), 'classifier__estimator__min_samples_leaf': 4, 'classifier__estimator__min_samples_split': 4, 'classifier__max_features': np.float64(0.5219485007655091), 'classifier__max_samples': np.float64(0.5943278571446441), 'classifier__n_estimators': 216, 'feature_selection_filter__k': 24}",42.2586350440979,"[0, 1, 2, 3, 4, 5, 6, 7, 8, 9, 10, 11, 12, 14, 16, 17, 18, 19, 20, 21, 23, 27, 28, 29]","['Amount_log1p', 'V1', 'V2', 'V3', 'V4', 'V5', 'V6', 'V7', 'V8', 'V9', 'V10', 'V11', 'V12', 'V14', 'V16', 'V17', 'V18', 'V19', 'V20', 'V21', 'V23', 'V27', 'V28', 'Time_sin']"
CostSensitiveLearning_ClusterCentroids___RandomizedSearchCV__niter_30__cv_5,5,6,RRC,resubstitution,278,17694,14,62,0.9957890070921985,0.952054794520548,0.8176470588235294,0.879746835443038,0.9992093968827649,0.0007906031172351113,0.9084282278531471,0.9038808685385621,0.8802498646161895,0.8776163977581279,0.9583735832259265,0.8581982133942484,22560,0.8825072466648033,0.006907040656105601,0.8820693236800633,0.02933471947553284,"{'classifier__estimator__ccp_alpha': np.float64(0.003392152224044128), 'classifier__estimator__max_depth': 9, 'classifier__estimator__max_features': 'sqrt', 'classifier__estimator__max_leaf_nodes': 2, 'classifier__estimator__min_impurity_decrease': np.float64(0.06071111255858011), 'classifier__estimator__min_samples_leaf': 4, 'classifier__estimator__min_samples_split': 5, 'classifier__max_features': np.float64(0.5966246265584918), 'classifier__max_samples': np.float64(0.8175698463609893), 'classifier__n_estimators': 942, 'feature_selection_filter__k': 26}",43.17335653305054,"[0, 1, 2, 3, 4, 5, 6, 7, 8, 9, 10, 11, 12, 14, 16, 17, 18, 19, 20, 21, 23, 24, 27, 28, 29, 30]","['Amount_log1p', 'V1', 'V2', 'V3', 'V4', 'V5', 'V6', 'V7', 'V8', 'V9', 'V10', 'V11', 'V12', 'V14', 'V16', 'V17', 'V18', 'V19', 'V20', 'V21', 'V23', 'V24', 'V27', 'V28', 'Time_sin', 'Time_cos']"
CostSensitiveLearning_ClusterCentroids___RandomizedSearchCV__niter_30__cv_5,5,7,RRC,resubstitution,287,17685,23,53,0.9957890070921985,0.9258064516129032,0.8441176470588235,0.8830769230769231,0.9987011520216851,0.001298847978314921,0.9214093995402544,0.9181618956150822,0.8819120100751181,0.8809374674490469,0.9966835361883628,0.9165235580646053,22560,0.8907047864078519,0.008033943299790033,0.8770805431762378,0.022228898198206382,"{'classifier__estimator__ccp_alpha': np.float64(0.002295501306817808), 'classifier__estimator__max_depth': 14, 'classifier__estimator__max_features': 'log2', 'classifier__estimator__max_leaf_nodes': 16, 'classifier__estimator__min_impurity_decrease': np.float64(0.0034022789944452405), 'classifier__estimator__min_samples_leaf': 7, 'classifier__estimator__min_samples_split': 6, 'classifier__max_features': np.float64(0.5090102754314274), 'classifier__max_samples': np.float64(0.5456024240986825), 'classifier__n_estimators': 525, 'feature_selection_filter__k': 26}",42.80229878425598,"[1, 2, 3, 4, 5, 6, 7, 8, 9, 10, 11, 12, 13, 14, 16, 17, 18, 19, 20, 21, 22, 23, 24, 27, 28, 29]","['V1', 'V2', 'V3', 'V4', 'V5', 'V6', 'V7', 'V8', 'V9', 'V10', 'V11', 'V12', 'V13', 'V14', 'V16', 'V17', 'V18', 'V19', 'V20', 'V21', 'V22', 'V23', 'V24', 'V27', 'V28', 'Time_sin']"
CostSensitiveLearning_ClusterCentroids___RandomizedSearchCV__niter_30__cv_5,5,8,RRC,resubstitution,286,17690,17,55,0.9960106382978723,0.9438943894389439,0.8387096774193549,0.8881987577639752,0.9990399277122042,0.0009600722877958212,0.9188748025657796,0.9153712118591879,0.8877784502688875,0.8861750418219057,0.9635605614824696,0.8636341431260874,22561,0.8838005337131204,0.006960132187547223,0.8871145091596375,0.02272803917326606,"{'classifier__estimator__ccp_alpha': np.float64(0.005554787955454309), 'classifier__estimator__max_depth': 7, 'classifier__estimator__max_features': 'log2', 'classifier__estimator__max_leaf_nodes': 5, 'classifier__estimator__min_impurity_decrease': np.float64(0.07559149211230534), 'classifier__estimator__min_samples_leaf': 8, 'classifier__estimator__min_samples_split': 8, 'classifier__max_features': np.float64(0.5216845035459824), 'classifier__max_samples': np.float64(0.5398840297551688), 'classifier__n_estimators': 483, 'feature_selection_filter__k': 24}",43.05196452140808,"[0, 1, 2, 3, 4, 5, 6, 7, 8, 9, 10, 11, 12, 14, 16, 17, 18, 19, 20, 21, 23, 27, 28, 29]","['Amount_log1p', 'V1', 'V2', 'V3', 'V4', 'V5', 'V6', 'V7', 'V8', 'V9', 'V10', 'V11', 'V12', 'V14', 'V16', 'V17', 'V18', 'V19', 'V20', 'V21', 'V23', 'V27', 'V28', 'Time_sin']"
CostSensitiveLearning_ClusterCentroids___RandomizedSearchCV__niter_30__cv_5,5,9,RRC,resubstitution,286,17686,21,55,0.9957890070921985,0.9315960912052117,0.8387096774193549,0.8827160493827161,0.9988140283503699,0.0011859716496300798,0.9187618528848625,0.9152677157638989,0.8818374851380598,0.8805780738359686,0.962001292793562,0.859961383321128,22561,0.8857685160897615,0.008748060120323774,0.8881708015267176,0.018652837244107875,"{'classifier__estimator__ccp_alpha': np.float64(0.0037669863478121857), 'classifier__estimator__max_depth': 5, 'classifier__estimator__max_features': 'log2', 'classifier__estimator__max_leaf_nodes': 6, 'classifier__estimator__min_impurity_decrease': np.float64(0.09380768648632852), 'classifier__estimator__min_samples_leaf': 9, 'classifier__estimator__min_samples_split': 2, 'classifier__max_features': np.float64(0.9306319852644728), 'classifier__max_samples': np.float64(0.8881087634334639), 'classifier__n_estimators': 471, 'feature_selection_filter__k': 24}",44.16575336456299,"[0, 1, 2, 3, 4, 5, 6, 7, 8, 9, 10, 11, 12, 14, 16, 17, 18, 19, 20, 21, 22, 24, 27, 29]","['Amount_log1p', 'V1', 'V2', 'V3', 'V4', 'V5', 'V6', 'V7', 'V8', 'V9', 'V10', 'V11', 'V12', 'V14', 'V16', 'V17', 'V18', 'V19', 'V20', 'V21', 'V22', 'V24', 'V27', 'Time_sin']"
CostSensitiveLearning_ClusterCentroids___RandomizedSearchCV__niter_30__cv_5,5,10,RRC,resubstitution,287,17688,19,54,0.9959552304964538,0.9379084967320261,0.841642228739003,0.8871715610510046,0.998926978031287,0.0010730219687129505,0.9202846033851451,0.9169182777858502,0.8864641128779365,0.8851184004972288,0.9732116314322732,0.8734749845339737,22561,0.8890956990571739,0.010937785192334824,0.8895021164279958,0.04682068607423113,"{'classifier__estimator__ccp_alpha': np.float64(0.009615649521375376), 'classifier__estimator__max_depth': 11, 'classifier__estimator__max_features': 'log2', 'classifier__estimator__max_leaf_nodes': 7, 'classifier__estimator__min_impurity_decrease': np.float64(0.03552821646120532), 'classifier__estimator__min_samples_leaf': 3, 'classifier__estimator__min_samples_split': 6, 'classifier__max_features': np.float64(0.6529508357815764), 'classifier__max_samples': np.float64(0.6689435685497186), 'classifier__n_estimators': 106, 'feature_selection_filter__k': 24}",43.72412443161011,"[0, 1, 2, 3, 4, 5, 6, 7, 8, 9, 10, 11, 12, 14, 16, 17, 18, 19, 20, 21, 23, 27, 28, 29]","['Amount_log1p', 'V1', 'V2', 'V3', 'V4', 'V5', 'V6', 'V7', 'V8', 'V9', 'V10', 'V11', 'V12', 'V14', 'V16', 'V17', 'V18', 'V19', 'V20', 'V21', 'V23', 'V27', 'V28', 'Time_sin']"
CostSensitiveLearning_ClusterCentroids___RandomizedSearchCV__niter_30__cv_5,6,1,RRC,resubstitution,288,17688,19,53,0.9960106382978723,0.9381107491856677,0.844574780058651,0.8888888888888888,0.998926978031287,0.0010730219687129505,0.9217508790449691,0.9185143073275599,0.8881318390623297,0.8868634383709176,0.9800068299777728,0.8690816453506577,22560,0.8915471882552488,0.004636604784621932,0.8881923030646798,0.018581696597815736,"{'classifier__estimator__ccp_alpha': np.float64(0.0023196626729262582), 'classifier__estimator__max_depth': 5, 'classifier__estimator__max_features': 'sqrt', 'classifier__estimator__max_leaf_nodes': 12, 'classifier__estimator__min_impurity_decrease': np.float64(0.013473210948698322), 'classifier__estimator__min_samples_leaf': 7, 'classifier__estimator__min_samples_split': 8, 'classifier__max_features': np.float64(0.681570473525258), 'classifier__max_samples': np.float64(0.7076701966193332), 'classifier__n_estimators': 692, 'feature_selection_filter__k': 22}",44.466243505477905,"[1, 2, 3, 4, 5, 6, 7, 8, 9, 10, 11, 12, 14, 16, 17, 18, 19, 20, 21, 27, 28, 29]","['V1', 'V2', 'V3', 'V4', 'V5', 'V6', 'V7', 'V8', 'V9', 'V10', 'V11', 'V12', 'V14', 'V16', 'V17', 'V18', 'V19', 'V20', 'V21', 'V27', 'V28', 'Time_sin']"
CostSensitiveLearning_ClusterCentroids___RandomizedSearchCV__niter_30__cv_5,6,2,RRC,resubstitution,279,17689,18,62,0.9955673758865248,0.9393939393939394,0.8181818181818182,0.8746081504702194,0.9989834528717456,0.0010165471282543859,0.9085826355267819,0.9040741660970938,0.8745204057911725,0.872362883185836,0.9651881465106414,0.8438973806057111,22560,0.8721694205049142,0.009163617293412559,0.869454129115763,0.03851431725008635,"{'classifier__estimator__ccp_alpha': np.float64(0.001456470130768669), 'classifier__estimator__max_depth': 17, 'classifier__estimator__max_features': 'log2', 'classifier__estimator__max_leaf_nodes': 2, 'classifier__estimator__min_impurity_decrease': np.float64(0.06222920053145284), 'classifier__estimator__min_samples_leaf': 6, 'classifier__estimator__min_samples_split': 8, 'classifier__max_features': np.float64(0.9347223062843282), 'classifier__max_samples': np.float64(0.526322889466911), 'classifier__n_estimators': 853, 'feature_selection_filter__k': 26}",45.63135528564453,"[0, 1, 2, 3, 4, 5, 6, 7, 8, 9, 10, 11, 12, 14, 16, 17, 18, 19, 20, 21, 23, 24, 27, 28, 29, 30]","['Amount_log1p', 'V1', 'V2', 'V3', 'V4', 'V5', 'V6', 'V7', 'V8', 'V9', 'V10', 'V11', 'V12', 'V14', 'V16', 'V17', 'V18', 'V19', 'V20', 'V21', 'V23', 'V24', 'V27', 'V28', 'Time_sin', 'Time_cos']"
CostSensitiveLearning_ClusterCentroids___RandomizedSearchCV__niter_30__cv_5,6,3,RRC,resubstitution,281,17693,14,60,0.9958998226950354,0.9525423728813559,0.8240469208211144,0.8836477987421384,0.99920935223358,0.0007906477664200162,0.9116281365273472,0.9074113675526343,0.883970653346724,0.8815720518441498,0.9649083393465514,0.860160473656149,22560,0.883259354842718,0.00456486210609467,0.8839655686088287,0.023112843795486754,"{'classifier__estimator__ccp_alpha': np.float64(0.006413548921340526), 'classifier__estimator__max_depth': 15, 'classifier__estimator__max_features': 'sqrt', 'classifier__estimator__max_leaf_nodes': 14, 'classifier__estimator__min_impurity_decrease': np.float64(0.08408530294413058), 'classifier__estimator__min_samples_leaf': 1, 'classifier__estimator__min_samples_split': 7, 'classifier__max_features': np.float64(0.5573516402167089), 'classifier__max_samples': np.float64(0.8524759588279969), 'classifier__n_estimators': 922, 'feature_selection_filter__k': 22}",46.09565997123718,"[1, 2, 3, 4, 5, 6, 7, 8, 9, 10, 11, 12, 14, 16, 17, 18, 19, 20, 21, 23, 27, 29]","['V1', 'V2', 'V3', 'V4', 'V5', 'V6', 'V7', 'V8', 'V9', 'V10', 'V11', 'V12', 'V14', 'V16', 'V17', 'V18', 'V19', 'V20', 'V21', 'V23', 'V27', 'Time_sin']"
CostSensitiveLearning_ClusterCentroids___RandomizedSearchCV__niter_30__cv_5,6,4,RRC,resubstitution,296,17691,16,45,0.9966201241134752,0.9487179487179487,0.8680351906158358,0.9065849923430321,0.9990964025526627,0.0009035974473372566,0.9335657965842492,0.9312630327857948,0.9057942422349652,0.9048673759306498,0.9893626077265862,0.8982121669475068,22560,0.9045439850558317,0.009461903726368648,0.9026067919009095,0.02053866864082417,"{'classifier__estimator__ccp_alpha': np.float64(0.0057752962751887495), 'classifier__estimator__max_depth': 4, 'classifier__estimator__max_features': 'log2', 'classifier__estimator__max_leaf_nodes': 7, 'classifier__estimator__min_impurity_decrease': np.float64(0.00122399119085842), 'classifier__estimator__min_samples_leaf': 2, 'classifier__estimator__min_samples_split': 9, 'classifier__max_features': np.float64(0.9174092991981666), 'classifier__max_samples': np.float64(0.5881302033545069), 'classifier__n_estimators': 992, 'feature_selection_filter__k': 'all'}",48.64994287490845,"[0, 1, 2, 3, 4, 5, 6, 7, 8, 9, 10, 11, 12, 13, 14, 15, 16, 17, 18, 19, 20, 21, 22, 23, 24, 25, 26, 27, 28, 29, 30]","['Amount_log1p', 'V1', 'V2', 'V3', 'V4', 'V5', 'V6', 'V7', 'V8', 'V9', 'V10', 'V11', 'V12', 'V13', 'V14', 'V15', 'V16', 'V17', 'V18', 'V19', 'V20', 'V21', 'V22', 'V23', 'V24', 'V25', 'V26', 'V27', 'V28', 'Time_sin', 'Time_cos']"
CostSensitiveLearning_ClusterCentroids___RandomizedSearchCV__niter_30__cv_5,6,5,RRC,resubstitution,282,17690,18,58,0.9957890070921985,0.94,0.8294117647058824,0.88125,0.9989835102778405,0.0010164897221595082,0.9141976374918614,0.9102574779542438,0.88089975841945,0.8791150217860315,0.9683284557328693,0.8583700781504664,22560,0.8781579866658931,0.004138266617596285,0.8826094197568279,0.013865830957341483,"{'classifier__estimator__ccp_alpha': np.float64(0.00882446504331185), 'classifier__estimator__max_depth': 6, 'classifier__estimator__max_features': 'log2', 'classifier__estimator__max_leaf_nodes': 18, 'classifier__estimator__min_impurity_decrease': np.float64(0.0513715607654373), 'classifier__estimator__min_samples_leaf': 3, 'classifier__estimator__min_samples_split': 9, 'classifier__max_features': np.float64(0.9716150335543685), 'classifier__max_samples': np.float64(0.6320298740328125), 'classifier__n_estimators': 942, 'feature_selection_filter__k': 'all'}",46.459078550338745,"[0, 1, 2, 3, 4, 5, 6, 7, 8, 9, 10, 11, 12, 13, 14, 15, 16, 17, 18, 19, 20, 21, 22, 23, 24, 25, 26, 27, 28, 29, 30]","['Amount_log1p', 'V1', 'V2', 'V3', 'V4', 'V5', 'V6', 'V7', 'V8', 'V9', 'V10', 'V11', 'V12', 'V13', 'V14', 'V15', 'V16', 'V17', 'V18', 'V19', 'V20', 'V21', 'V22', 'V23', 'V24', 'V25', 'V26', 'V27', 'V28', 'Time_sin', 'Time_cos']"
CostSensitiveLearning_ClusterCentroids___RandomizedSearchCV__niter_30__cv_5,6,6,RRC,resubstitution,284,17685,23,56,0.9956227836879432,0.9250814332247557,0.8352941176470589,0.8778979907264297,0.9987011520216851,0.001298847978314921,0.916997634834372,0.9133505337881259,0.8768586021814229,0.8756753400853972,0.9635507879456278,0.8643138162230593,22560,0.8787379085041754,0.009204261810047108,0.8792137426394575,0.030769615645347654,"{'classifier__estimator__ccp_alpha': np.float64(0.0009307201481444483), 'classifier__estimator__max_depth': 9, 'classifier__estimator__max_features': 'log2', 'classifier__estimator__max_leaf_nodes': 18, 'classifier__estimator__min_impurity_decrease': np.float64(0.08394048819125777), 'classifier__estimator__min_samples_leaf': 1, 'classifier__estimator__min_samples_split': 7, 'classifier__max_features': np.float64(0.8940629280931153), 'classifier__max_samples': np.float64(0.9858702774274056), 'classifier__n_estimators': 384, 'feature_selection_filter__k': 20}",42.11334562301636,"[1, 2, 3, 4, 5, 6, 7, 8, 9, 10, 11, 12, 14, 16, 17, 18, 19, 20, 21, 27]","['V1', 'V2', 'V3', 'V4', 'V5', 'V6', 'V7', 'V8', 'V9', 'V10', 'V11', 'V12', 'V14', 'V16', 'V17', 'V18', 'V19', 'V20', 'V21', 'V27']"
CostSensitiveLearning_ClusterCentroids___RandomizedSearchCV__niter_30__cv_5,6,7,RRC,resubstitution,291,17664,44,49,0.9948470744680851,0.8686567164179104,0.8558823529411764,0.8622222222222222,0.9975152473458324,0.002484752654167588,0.9266988001435044,0.923989013459062,0.8596212992004939,0.8595968079233098,0.9973936672025937,0.9176085260047359,22560,0.8810713370261176,0.009846488754166608,0.863894665877756,0.026956397204894185,"{'classifier__estimator__ccp_alpha': np.float64(0.0008582452199506508), 'classifier__estimator__max_depth': 18, 'classifier__estimator__max_features': 'log2', 'classifier__estimator__max_leaf_nodes': 19, 'classifier__estimator__min_impurity_decrease': np.float64(0.0024307963183221593), 'classifier__estimator__min_samples_leaf': 7, 'classifier__estimator__min_samples_split': 4, 'classifier__max_features': np.float64(0.7404059133974608), 'classifier__max_samples': np.float64(0.7728037124002541), 'classifier__n_estimators': 162, 'feature_selection_filter__k': 'all'}",42.9991557598114,"[0, 1, 2, 3, 4, 5, 6, 7, 8, 9, 10, 11, 12, 13, 14, 15, 16, 17, 18, 19, 20, 21, 22, 23, 24, 25, 26, 27, 28, 29, 30]","['Amount_log1p', 'V1', 'V2', 'V3', 'V4', 'V5', 'V6', 'V7', 'V8', 'V9', 'V10', 'V11', 'V12', 'V13', 'V14', 'V15', 'V16', 'V17', 'V18', 'V19', 'V20', 'V21', 'V22', 'V23', 'V24', 'V25', 'V26', 'V27', 'V28', 'Time_sin', 'Time_cos']"
CostSensitiveLearning_ClusterCentroids___RandomizedSearchCV__niter_30__cv_5,6,8,RRC,resubstitution,282,17689,18,59,0.9957335992907801,0.94,0.8269794721407625,0.8798751950078003,0.9989834528717456,0.0010165471282543859,0.912981462506254,0.9089217835068277,0.8795790958750231,0.8777124730996585,0.9597396493293323,0.8485457993733841,22561,0.8774620993472679,0.006310388060112933,0.8781654023173294,0.0257695099718845,"{'classifier__estimator__ccp_alpha': np.float64(0.008862631373650051), 'classifier__estimator__max_depth': 16, 'classifier__estimator__max_features': 'log2', 'classifier__estimator__max_leaf_nodes': 12, 'classifier__estimator__min_impurity_decrease': np.float64(0.08706170075619951), 'classifier__estimator__min_samples_leaf': 7, 'classifier__estimator__min_samples_split': 9, 'classifier__max_features': np.float64(0.9089108192250305), 'classifier__max_samples': np.float64(0.5621800798297076), 'classifier__n_estimators': 396, 'feature_selection_filter__k': 20}",44.546175718307495,"[1, 2, 3, 4, 5, 6, 7, 8, 9, 10, 11, 12, 14, 16, 17, 18, 19, 20, 21, 27]","['V1', 'V2', 'V3', 'V4', 'V5', 'V6', 'V7', 'V8', 'V9', 'V10', 'V11', 'V12', 'V14', 'V16', 'V17', 'V18', 'V19', 'V20', 'V21', 'V27']"
CostSensitiveLearning_ClusterCentroids___RandomizedSearchCV__niter_30__cv_5,6,9,RRC,resubstitution,283,17688,19,58,0.9957335992907801,0.9370860927152318,0.8299120234604106,0.880248833592535,0.998926978031287,0.0010730219687129505,0.9144195007458489,0.9105061831899542,0.8797639296675466,0.8780850783847565,0.959137637466966,0.8681247865755147,22561,0.8853526258804493,0.008602479035248828,0.8809048142717497,0.027197866176887978,"{'classifier__estimator__ccp_alpha': np.float64(0.005434049417909655), 'classifier__estimator__max_depth': 6, 'classifier__estimator__max_features': 'log2', 'classifier__estimator__max_leaf_nodes': 17, 'classifier__estimator__min_impurity_decrease': np.float64(0.08447761323199038), 'classifier__estimator__min_samples_leaf': 5, 'classifier__estimator__min_samples_split': 4, 'classifier__max_features': np.float64(0.5932335915816913), 'classifier__max_samples': np.float64(0.6050538712212918), 'classifier__n_estimators': 902, 'feature_selection_filter__k': 22}",45.797372579574585,"[1, 2, 3, 4, 5, 6, 7, 8, 9, 10, 11, 12, 14, 16, 17, 18, 19, 20, 21, 27, 28, 29]","['V1', 'V2', 'V3', 'V4', 'V5', 'V6', 'V7', 'V8', 'V9', 'V10', 'V11', 'V12', 'V14', 'V16', 'V17', 'V18', 'V19', 'V20', 'V21', 'V27', 'V28', 'Time_sin']"
CostSensitiveLearning_ClusterCentroids___RandomizedSearchCV__niter_30__cv_5,6,10,RRC,resubstitution,287,17687,20,54,0.9958998226950354,0.9348534201954397,0.841642228739003,0.8858024691358025,0.9988705031908285,0.0011294968091715152,0.9202563659649157,0.9168923582008841,0.8849846621001948,0.8837207561034431,0.9629136678553987,0.8575725780475465,22561,0.8887951553909001,0.004519482278129017,0.8884879994036972,0.01782158928150897,"{'classifier__estimator__ccp_alpha': np.float64(0.006308467036315133), 'classifier__estimator__max_depth': 16, 'classifier__estimator__max_features': 'log2', 'classifier__estimator__max_leaf_nodes': 19, 'classifier__estimator__min_impurity_decrease': np.float64(0.05516658450763543), 'classifier__estimator__min_samples_leaf': 1, 'classifier__estimator__min_samples_split': 6, 'classifier__max_features': np.float64(0.8376394253595147), 'classifier__max_samples': np.float64(0.8472823323862226), 'classifier__n_estimators': 928, 'feature_selection_filter__k': 'all'}",47.56330728530884,"[0, 1, 2, 3, 4, 5, 6, 7, 8, 9, 10, 11, 12, 13, 14, 15, 16, 17, 18, 19, 20, 21, 22, 23, 24, 25, 26, 27, 28, 29, 30]","['Amount_log1p', 'V1', 'V2', 'V3', 'V4', 'V5', 'V6', 'V7', 'V8', 'V9', 'V10', 'V11', 'V12', 'V13', 'V14', 'V15', 'V16', 'V17', 'V18', 'V19', 'V20', 'V21', 'V22', 'V23', 'V24', 'V25', 'V26', 'V27', 'V28', 'Time_sin', 'Time_cos']"
CostSensitiveLearning_ClusterCentroids___RandomizedSearchCV__niter_30__cv_5,7,1,RRC,resubstitution,275,17688,19,66,0.9952903368794326,0.935374149659864,0.8064516129032258,0.8661417322834646,0.998926978031287,0.0010730219687129505,0.9026892954672564,0.8975445797317683,0.8662195692736477,0.8637580981551286,0.9614347226199291,0.8370341712465336,22560,0.8574724705509749,0.006361107166789855,0.8650447981056777,0.019954465420857676,"{'classifier__estimator__ccp_alpha': np.float64(0.009568329145093231), 'classifier__estimator__max_depth': 18, 'classifier__estimator__max_features': 'sqrt', 'classifier__estimator__max_leaf_nodes': 12, 'classifier__estimator__min_impurity_decrease': np.float64(0.08462379713608248), 'classifier__estimator__min_samples_leaf': 8, 'classifier__estimator__min_samples_split': 7, 'classifier__max_features': np.float64(0.6168155467520304), 'classifier__max_samples': np.float64(0.8358463618809837), 'classifier__n_estimators': 374, 'feature_selection_filter__k': 24}",42.573216676712036,"[0, 1, 2, 3, 4, 5, 6, 7, 8, 9, 10, 11, 12, 14, 16, 17, 18, 19, 20, 21, 23, 27, 28, 29]","['Amount_log1p', 'V1', 'V2', 'V3', 'V4', 'V5', 'V6', 'V7', 'V8', 'V9', 'V10', 'V11', 'V12', 'V14', 'V16', 'V17', 'V18', 'V19', 'V20', 'V21', 'V23', 'V27', 'V28', 'Time_sin']"
CostSensitiveLearning_ClusterCentroids___RandomizedSearchCV__niter_30__cv_5,7,2,RRC,resubstitution,280,17688,19,61,0.9955673758865248,0.9364548494983278,0.8211143695014663,0.875,0.998926978031287,0.0010730219687129505,0.9100206737663767,0.9056673206780541,0.8747075897934856,0.8727535740907438,0.9589213437964706,0.8397460353640528,22560,0.871561144481578,0.006231813937374616,0.8717317530380372,0.01472050399364062,"{'classifier__estimator__ccp_alpha': np.float64(0.006439349590858302), 'classifier__estimator__max_depth': 15, 'classifier__estimator__max_features': 'sqrt', 'classifier__estimator__max_leaf_nodes': 2, 'classifier__estimator__min_impurity_decrease': np.float64(0.03825551789984674), 'classifier__estimator__min_samples_leaf': 7, 'classifier__estimator__min_samples_split': 7, 'classifier__max_features': np.float64(0.8693954319431305), 'classifier__max_samples': np.float64(0.5800170395824409), 'classifier__n_estimators': 248, 'feature_selection_filter__k': 22}",41.56426763534546,"[1, 2, 3, 4, 5, 6, 7, 8, 9, 10, 11, 12, 14, 16, 17, 18, 19, 20, 21, 27, 28, 29]","['V1', 'V2', 'V3', 'V4', 'V5', 'V6', 'V7', 'V8', 'V9', 'V10', 'V11', 'V12', 'V14', 'V16', 'V17', 'V18', 'V19', 'V20', 'V21', 'V27', 'V28', 'Time_sin']"
CostSensitiveLearning_ClusterCentroids___RandomizedSearchCV__niter_30__cv_5,7,3,RRC,resubstitution,287,17693,14,54,0.9962322695035462,0.9534883720930233,0.841642228739003,0.8940809968847352,0.99920935223358,0.0007906477664200162,0.9204257904862915,0.9170478647217525,0.8939707428127479,0.8921705984448142,0.9863925445261056,0.8921293289507186,22560,0.8963117654614747,0.006638856546901696,0.8946994174451313,0.018506202434325606,"{'classifier__estimator__ccp_alpha': np.float64(0.005121061319265708), 'classifier__estimator__max_depth': 3, 'classifier__estimator__max_features': 'sqrt', 'classifier__estimator__max_leaf_nodes': 11, 'classifier__estimator__min_impurity_decrease': np.float64(0.0006066154016841074), 'classifier__estimator__min_samples_leaf': 7, 'classifier__estimator__min_samples_split': 5, 'classifier__max_features': np.float64(0.8262385223335402), 'classifier__max_samples': np.float64(0.5324415759290289), 'classifier__n_estimators': 196, 'feature_selection_filter__k': 28}",42.88737201690674,"[1, 2, 3, 4, 5, 6, 7, 8, 9, 10, 11, 12, 14, 16, 17, 18, 19, 20, 21, 22, 23, 24, 25, 26, 27, 28, 29, 30]","['V1', 'V2', 'V3', 'V4', 'V5', 'V6', 'V7', 'V8', 'V9', 'V10', 'V11', 'V12', 'V14', 'V16', 'V17', 'V18', 'V19', 'V20', 'V21', 'V22', 'V23', 'V24', 'V25', 'V26', 'V27', 'V28', 'Time_sin', 'Time_cos']"
CostSensitiveLearning_ClusterCentroids___RandomizedSearchCV__niter_30__cv_5,7,4,RRC,resubstitution,289,17690,17,52,0.9961768617021277,0.9444444444444444,0.8475073313782991,0.893353941267388,0.9990399277122042,0.0009600722877958212,0.9232736295452517,0.9201595856566072,0.8927685656274458,0.8914132826617641,0.9634917482971014,0.8660786648754363,22560,0.8898270584647863,0.007775859367729594,0.8871748840395653,0.014317369524521673,"{'classifier__estimator__ccp_alpha': np.float64(0.0006052450714495638), 'classifier__estimator__max_depth': 12, 'classifier__estimator__max_features': 'log2', 'classifier__estimator__max_leaf_nodes': 17, 'classifier__estimator__min_impurity_decrease': np.float64(0.06042131068640107), 'classifier__estimator__min_samples_leaf': 1, 'classifier__estimator__min_samples_split': 6, 'classifier__max_features': np.float64(0.9696135267894643), 'classifier__max_samples': np.float64(0.8900325675149883), 'classifier__n_estimators': 382, 'feature_selection_filter__k': 26}",42.4602837562561,"[0, 1, 2, 3, 4, 5, 6, 7, 8, 9, 10, 11, 12, 14, 16, 17, 18, 19, 20, 21, 23, 24, 26, 27, 28, 29]","['Amount_log1p', 'V1', 'V2', 'V3', 'V4', 'V5', 'V6', 'V7', 'V8', 'V9', 'V10', 'V11', 'V12', 'V14', 'V16', 'V17', 'V18', 'V19', 'V20', 'V21', 'V23', 'V24', 'V26', 'V27', 'V28', 'Time_sin']"
CostSensitiveLearning_ClusterCentroids___RandomizedSearchCV__niter_30__cv_5,7,5,RRC,resubstitution,278,17691,17,62,0.9956227836879432,0.9423728813559322,0.8176470588235294,0.8755905511811024,0.9990399819290716,0.0009600180709283812,0.9083435203763005,0.9038042392417825,0.8756549254653617,0.8733741389783906,0.9616913757822985,0.8470846642823201,22560,0.8722276152635047,0.006717030522395452,0.8688794873573631,0.027328595601884782,"{'classifier__estimator__ccp_alpha': np.float64(0.005631299586092071), 'classifier__estimator__max_depth': 7, 'classifier__estimator__max_features': 'log2', 'classifier__estimator__max_leaf_nodes': 16, 'classifier__estimator__min_impurity_decrease': np.float64(0.09329643515737736), 'classifier__estimator__min_samples_leaf': 5, 'classifier__estimator__min_samples_split': 9, 'classifier__max_features': np.float64(0.6632001023142806), 'classifier__max_samples': np.float64(0.8547882971409888), 'classifier__n_estimators': 709, 'feature_selection_filter__k': 26}",43.80410051345825,"[0, 1, 2, 3, 4, 5, 6, 7, 8, 9, 10, 11, 12, 14, 16, 17, 18, 19, 20, 21, 22, 23, 24, 27, 28, 29]","['Amount_log1p', 'V1', 'V2', 'V3', 'V4', 'V5', 'V6', 'V7', 'V8', 'V9', 'V10', 'V11', 'V12', 'V14', 'V16', 'V17', 'V18', 'V19', 'V20', 'V21', 'V22', 'V23', 'V24', 'V27', 'V28', 'Time_sin']"
CostSensitiveLearning_ClusterCentroids___RandomizedSearchCV__niter_30__cv_5,7,6,RRC,resubstitution,292,17687,21,48,0.9961768617021277,0.9329073482428115,0.8588235294117647,0.8943338437978561,0.9988140953241473,0.001185904675852667,0.9288188123679559,0.9261776538939508,0.8931826438386125,0.8923904454904488,0.9737630216984015,0.8682848088664277,22560,0.895974522168807,0.005734703429186129,0.8967656429391505,0.011942096320016408,"{'classifier__estimator__ccp_alpha': np.float64(0.005377511468714617), 'classifier__estimator__max_depth': 12, 'classifier__estimator__max_features': 'sqrt', 'classifier__estimator__max_leaf_nodes': 3, 'classifier__estimator__min_impurity_decrease': np.float64(0.008692461172064615), 'classifier__estimator__min_samples_leaf': 7, 'classifier__estimator__min_samples_split': 8, 'classifier__max_features': np.float64(0.680812716607319), 'classifier__max_samples': np.float64(0.5257823125568972), 'classifier__n_estimators': 546, 'feature_selection_filter__k': 22}",45.68592190742493,"[0, 1, 2, 3, 4, 5, 6, 7, 8, 9, 10, 11, 12, 14, 16, 17, 18, 19, 20, 21, 27, 29]","['Amount_log1p', 'V1', 'V2', 'V3', 'V4', 'V5', 'V6', 'V7', 'V8', 'V9', 'V10', 'V11', 'V12', 'V14', 'V16', 'V17', 'V18', 'V19', 'V20', 'V21', 'V27', 'Time_sin']"
CostSensitiveLearning_ClusterCentroids___RandomizedSearchCV__niter_30__cv_5,7,7,RRC,resubstitution,280,17685,23,60,0.9954011524822695,0.9240924092409241,0.8235294117647058,0.8709175738724728,0.9987011520216851,0.001298847978314921,0.9111152818931955,0.9068956788149077,0.8700786565472451,0.8685843381738326,0.9658149689738104,0.8538582283568675,22560,0.8665033208947799,0.007430939124668235,0.8730291769466746,0.029387996938172484,"{'classifier__estimator__ccp_alpha': np.float64(0.009445756073327151), 'classifier__estimator__max_depth': 3, 'classifier__estimator__max_features': 'log2', 'classifier__estimator__max_leaf_nodes': 7, 'classifier__estimator__min_impurity_decrease': np.float64(0.027639828649650557), 'classifier__estimator__min_samples_leaf': 1, 'classifier__estimator__min_samples_split': 5, 'classifier__max_features': np.float64(0.6552105290019588), 'classifier__max_samples': np.float64(0.8341960244475707), 'classifier__n_estimators': 178, 'feature_selection_filter__k': 24}",40.91077518463135,"[1, 2, 3, 4, 5, 6, 7, 8, 9, 10, 11, 12, 14, 16, 17, 18, 19, 20, 21, 23, 24, 27, 28, 29]","['V1', 'V2', 'V3', 'V4', 'V5', 'V6', 'V7', 'V8', 'V9', 'V10', 'V11', 'V12', 'V14', 'V16', 'V17', 'V18', 'V19', 'V20', 'V21', 'V23', 'V24', 'V27', 'V28', 'Time_sin']"
CostSensitiveLearning_ClusterCentroids___RandomizedSearchCV__niter_30__cv_5,7,8,RRC,resubstitution,290,17687,20,51,0.9960660460992907,0.9354838709677419,0.8504398826979472,0.890937019969278,0.9988705031908285,0.0011294968091715152,0.9246551929443878,0.9216720206038848,0.8899855304847208,0.8889385419855453,0.971213978864498,0.8751752276361308,22561,0.8893858627907913,0.011611887611692722,0.8895608552198591,0.027323186884617868,"{'classifier__estimator__ccp_alpha': np.float64(0.008641088054562773), 'classifier__estimator__max_depth': 7, 'classifier__estimator__max_features': 'log2', 'classifier__estimator__max_leaf_nodes': 19, 'classifier__estimator__min_impurity_decrease': np.float64(0.08460535355822635), 'classifier__estimator__min_samples_leaf': 6, 'classifier__estimator__min_samples_split': 5, 'classifier__max_features': np.float64(0.5942668029584826), 'classifier__max_samples': np.float64(0.6350636052821848), 'classifier__n_estimators': 477, 'feature_selection_filter__k': 24}",42.25748586654663,"[0, 1, 2, 3, 4, 5, 6, 7, 8, 9, 10, 11, 12, 14, 16, 17, 18, 19, 20, 21, 22, 24, 27, 29]","['Amount_log1p', 'V1', 'V2', 'V3', 'V4', 'V5', 'V6', 'V7', 'V8', 'V9', 'V10', 'V11', 'V12', 'V14', 'V16', 'V17', 'V18', 'V19', 'V20', 'V21', 'V22', 'V24', 'V27', 'Time_sin']"
CostSensitiveLearning_ClusterCentroids___RandomizedSearchCV__niter_30__cv_5,7,9,RRC,resubstitution,282,17694,13,59,0.9960106382978723,0.9559322033898305,0.8269794721407625,0.8867924528301887,0.9992658270740385,0.0007341729259614516,0.9131226496074005,0.9090502330465522,0.8871801173910319,0.8847728071997133,0.9658881198631288,0.8575648263122485,22561,0.8784702240663593,0.020130735515546894,0.8804301311947228,0.030194405408981703,"{'classifier__estimator__ccp_alpha': np.float64(0.009815980219899325), 'classifier__estimator__max_depth': 12, 'classifier__estimator__max_features': 'log2', 'classifier__estimator__max_leaf_nodes': 3, 'classifier__estimator__min_impurity_decrease': np.float64(0.005057427997144904), 'classifier__estimator__min_samples_leaf': 8, 'classifier__estimator__min_samples_split': 7, 'classifier__max_features': np.float64(0.5947297833588712), 'classifier__max_samples': np.float64(0.6500471928471505), 'classifier__n_estimators': 250, 'feature_selection_filter__k': 24}",43.51563906669617,"[1, 2, 3, 4, 5, 6, 7, 8, 9, 10, 11, 12, 14, 16, 17, 18, 19, 20, 21, 24, 25, 27, 28, 29]","['V1', 'V2', 'V3', 'V4', 'V5', 'V6', 'V7', 'V8', 'V9', 'V10', 'V11', 'V12', 'V14', 'V16', 'V17', 'V18', 'V19', 'V20', 'V21', 'V24', 'V25', 'V27', 'V28', 'Time_sin']"
CostSensitiveLearning_ClusterCentroids___RandomizedSearchCV__niter_30__cv_5,7,10,RRC,resubstitution,290,17688,19,51,0.9961214539007093,0.9385113268608414,0.8504398826979472,0.8923076923076924,0.998926978031287,0.0010730219687129505,0.9246834303646172,0.9216980753048921,0.8914586203377737,0.8903377312472365,0.9772876740596814,0.8827787631442457,22561,0.8923216194538492,0.004997218545304931,0.8938218016315899,0.014911219747055227,"{'classifier__estimator__ccp_alpha': np.float64(0.005931436683528788), 'classifier__estimator__max_depth': 16, 'classifier__estimator__max_features': 'sqrt', 'classifier__estimator__max_leaf_nodes': 18, 'classifier__estimator__min_impurity_decrease': np.float64(0.017934478386603347), 'classifier__estimator__min_samples_leaf': 1, 'classifier__estimator__min_samples_split': 4, 'classifier__max_features': np.float64(0.5384130953559574), 'classifier__max_samples': np.float64(0.9132796252847242), 'classifier__n_estimators': 210, 'feature_selection_filter__k': 28}",42.51785159111023,"[0, 1, 2, 3, 4, 5, 6, 7, 8, 9, 10, 11, 12, 14, 16, 17, 18, 19, 20, 21, 22, 23, 24, 26, 27, 28, 29, 30]","['Amount_log1p', 'V1', 'V2', 'V3', 'V4', 'V5', 'V6', 'V7', 'V8', 'V9', 'V10', 'V11', 'V12', 'V14', 'V16', 'V17', 'V18', 'V19', 'V20', 'V21', 'V22', 'V23', 'V24', 'V26', 'V27', 'V28', 'Time_sin', 'Time_cos']"
CostSensitiveLearning_ClusterCentroids___RandomizedSearchCV__niter_30__cv_5,8,1,RRC,resubstitution,282,17696,11,59,0.9961214539007093,0.962457337883959,0.8269794721407625,0.889589905362776,0.9993787767549557,0.0006212232450443222,0.9131791244478591,0.9091016077807222,0.8902744327601092,0.8876274771169602,0.9596559307608519,0.856160597946745,22560,0.8810018652437485,0.009700707458481957,0.8859581172954509,0.020054608508614583,"{'classifier__estimator__ccp_alpha': np.float64(0.00011788241173142034), 'classifier__estimator__max_depth': 5, 'classifier__estimator__max_features': 'log2', 'classifier__estimator__max_leaf_nodes': 12, 'classifier__estimator__min_impurity_decrease': np.float64(0.08298042774685115), 'classifier__estimator__min_samples_leaf': 2, 'classifier__estimator__min_samples_split': 3, 'classifier__max_features': np.float64(0.5505593070037205), 'classifier__max_samples': np.float64(0.6164374138455775), 'classifier__n_estimators': 134, 'feature_selection_filter__k': 'all'}",41.14007520675659,"[0, 1, 2, 3, 4, 5, 6, 7, 8, 9, 10, 11, 12, 13, 14, 15, 16, 17, 18, 19, 20, 21, 22, 23, 24, 25, 26, 27, 28, 29, 30]","['Amount_log1p', 'V1', 'V2', 'V3', 'V4', 'V5', 'V6', 'V7', 'V8', 'V9', 'V10', 'V11', 'V12', 'V13', 'V14', 'V15', 'V16', 'V17', 'V18', 'V19', 'V20', 'V21', 'V22', 'V23', 'V24', 'V25', 'V26', 'V27', 'V28', 'Time_sin', 'Time_cos']"
CostSensitiveLearning_ClusterCentroids___RandomizedSearchCV__niter_30__cv_5,8,2,RRC,resubstitution,285,17695,12,56,0.9962322695035462,0.9595959595959596,0.8357771260997068,0.8934169278996865,0.9993223019144971,0.0006776980855028869,0.917549714007102,0.9138986385488502,0.8937133240150718,0.8915084507079606,0.9620808709778446,0.8597502710451905,22560,0.8859338859898452,0.007422361582008332,0.8853311304836895,0.024426350180102075,"{'classifier__estimator__ccp_alpha': np.float64(0.007017460915864763), 'classifier__estimator__max_depth': 17, 'classifier__estimator__max_features': 'sqrt', 'classifier__estimator__max_leaf_nodes': 2, 'classifier__estimator__min_impurity_decrease': np.float64(0.023930482237732843), 'classifier__estimator__min_samples_leaf': 2, 'classifier__estimator__min_samples_split': 5, 'classifier__max_features': np.float64(0.6410484369030456), 'classifier__max_samples': np.float64(0.5856668974897681), 'classifier__n_estimators': 632, 'feature_selection_filter__k': 26}",43.726117849349976,"[0, 1, 2, 3, 4, 5, 6, 7, 8, 9, 10, 11, 12, 14, 16, 17, 18, 19, 20, 21, 23, 24, 25, 27, 28, 29]","['Amount_log1p', 'V1', 'V2', 'V3', 'V4', 'V5', 'V6', 'V7', 'V8', 'V9', 'V10', 'V11', 'V12', 'V14', 'V16', 'V17', 'V18', 'V19', 'V20', 'V21', 'V23', 'V24', 'V25', 'V27', 'V28', 'Time_sin']"
CostSensitiveLearning_ClusterCentroids___RandomizedSearchCV__niter_30__cv_5,8,3,RRC,resubstitution,280,17691,16,61,0.9957335992907801,0.9459459459459459,0.8211143695014663,0.8791208791208791,0.9990964025526627,0.0009035974473372566,0.9101053860270645,0.9057441209597845,0.8792363844288524,0.8769603878065331,0.9595423186184632,0.8506639010067027,22560,0.8798112650958562,0.01167836186552615,0.8755846361310098,0.030513708983575145,"{'classifier__estimator__ccp_alpha': np.float64(0.008765473629265415), 'classifier__estimator__max_depth': 8, 'classifier__estimator__max_features': 'sqrt', 'classifier__estimator__max_leaf_nodes': 2, 'classifier__estimator__min_impurity_decrease': np.float64(0.07172290934385535), 'classifier__estimator__min_samples_leaf': 5, 'classifier__estimator__min_samples_split': 6, 'classifier__max_features': np.float64(0.7675795920610042), 'classifier__max_samples': np.float64(0.5270707236719104), 'classifier__n_estimators': 737, 'feature_selection_filter__k': 20}",44.228102684020996,"[1, 2, 3, 4, 5, 6, 7, 8, 9, 10, 11, 12, 14, 16, 17, 18, 19, 20, 21, 27]","['V1', 'V2', 'V3', 'V4', 'V5', 'V6', 'V7', 'V8', 'V9', 'V10', 'V11', 'V12', 'V14', 'V16', 'V17', 'V18', 'V19', 'V20', 'V21', 'V27']"
CostSensitiveLearning_ClusterCentroids___RandomizedSearchCV__niter_30__cv_5,8,4,RRC,resubstitution,286,17685,22,55,0.9957335992907801,0.9285714285714286,0.8387096774193549,0.8813559322033898,0.9987575535099114,0.0012424464900886445,0.9187336154646331,0.9152418399114203,0.8803702126621368,0.8791893938814386,0.9672249671129285,0.8649268359343514,22560,0.8806460520838233,0.007457385171910748,0.8810884144059494,0.03453084838803302,"{'classifier__estimator__ccp_alpha': np.float64(0.005439880128145589), 'classifier__estimator__max_depth': 17, 'classifier__estimator__max_features': 'log2', 'classifier__estimator__max_leaf_nodes': 6, 'classifier__estimator__min_impurity_decrease': np.float64(0.04021649095661043), 'classifier__estimator__min_samples_leaf': 3, 'classifier__estimator__min_samples_split': 9, 'classifier__max_features': np.float64(0.7452944330708331), 'classifier__max_samples': np.float64(0.8646423971002097), 'classifier__n_estimators': 437, 'feature_selection_filter__k': 28}",43.41016364097595,"[0, 1, 2, 3, 4, 5, 6, 7, 8, 9, 10, 11, 12, 13, 14, 15, 16, 17, 18, 19, 20, 21, 22, 23, 24, 27, 28, 29]","['Amount_log1p', 'V1', 'V2', 'V3', 'V4', 'V5', 'V6', 'V7', 'V8', 'V9', 'V10', 'V11', 'V12', 'V13', 'V14', 'V15', 'V16', 'V17', 'V18', 'V19', 'V20', 'V21', 'V22', 'V23', 'V24', 'V27', 'V28', 'Time_sin']"
CostSensitiveLearning_ClusterCentroids___RandomizedSearchCV__niter_30__cv_5,8,5,RRC,resubstitution,281,17691,17,59,0.9957890070921985,0.9429530201342282,0.8264705882352941,0.8808777429467085,0.9990399819290716,0.0009600180709283812,0.9127552850821828,0.9086677949259,0.8807234155293185,0.8787438171765448,0.9598930028302263,0.8518784851505085,22560,0.8809192273876867,0.009074484168679167,0.8830908004778972,0.0207092528380046,"{'classifier__estimator__ccp_alpha': np.float64(0.006886478882605058), 'classifier__estimator__max_depth': 10, 'classifier__estimator__max_features': 'sqrt', 'classifier__estimator__max_leaf_nodes': 14, 'classifier__estimator__min_impurity_decrease': np.float64(0.06319558186201063), 'classifier__estimator__min_samples_leaf': 1, 'classifier__estimator__min_samples_split': 7, 'classifier__max_features': np.float64(0.7533259789682676), 'classifier__max_samples': np.float64(0.8832326298439497), 'classifier__n_estimators': 232, 'feature_selection_filter__k': 20}",40.88392400741577,"[1, 2, 3, 4, 5, 6, 7, 8, 9, 10, 11, 12, 14, 16, 17, 18, 19, 20, 21, 27]","['V1', 'V2', 'V3', 'V4', 'V5', 'V6', 'V7', 'V8', 'V9', 'V10', 'V11', 'V12', 'V14', 'V16', 'V17', 'V18', 'V19', 'V20', 'V21', 'V27']"
CostSensitiveLearning_ClusterCentroids___RandomizedSearchCV__niter_30__cv_5,8,6,RRC,resubstitution,286,17692,16,54,0.9961214539007093,0.9470198675496688,0.8411764705882353,0.8909657320872274,0.9990964535803026,0.0009035464196973653,0.9201364620842689,0.9167422912683267,0.890616782845858,0.888998384740933,0.9874946850210606,0.8887688117437127,22560,0.89157347523887,0.004058670071661576,0.8887405230428487,0.018112279170039866,"{'classifier__estimator__ccp_alpha': np.float64(0.0017949733169477656), 'classifier__estimator__max_depth': 3, 'classifier__estimator__max_features': 'sqrt', 'classifier__estimator__max_leaf_nodes': 15, 'classifier__estimator__min_impurity_decrease': np.float64(0.0015674749016446278), 'classifier__estimator__min_samples_leaf': 9, 'classifier__estimator__min_samples_split': 5, 'classifier__max_features': np.float64(0.7102896841497106), 'classifier__max_samples': np.float64(0.5478160675836745), 'classifier__n_estimators': 919, 'feature_selection_filter__k': 'all'}",46.139273166656494,"[0, 1, 2, 3, 4, 5, 6, 7, 8, 9, 10, 11, 12, 13, 14, 15, 16, 17, 18, 19, 20, 21, 22, 23, 24, 25, 26, 27, 28, 29, 30]","['Amount_log1p', 'V1', 'V2', 'V3', 'V4', 'V5', 'V6', 'V7', 'V8', 'V9', 'V10', 'V11', 'V12', 'V13', 'V14', 'V15', 'V16', 'V17', 'V18', 'V19', 'V20', 'V21', 'V22', 'V23', 'V24', 'V25', 'V26', 'V27', 'V28', 'Time_sin', 'Time_cos']"
CostSensitiveLearning_ClusterCentroids___RandomizedSearchCV__niter_30__cv_5,8,7,RRC,resubstitution,294,17682,26,46,0.9960106382978723,0.91875,0.8647058823529412,0.8909090909090909,0.9985317370679919,0.0014682629320080798,0.9316188097104665,0.9292127134078575,0.8893029089041423,0.8888791593695271,0.9972902742529133,0.9140973613461294,22560,0.9037114383496581,0.004944508161482244,0.8905885528805376,0.008822413557924213,"{'classifier__estimator__ccp_alpha': np.float64(0.0008140475298998073), 'classifier__estimator__max_depth': 11, 'classifier__estimator__max_features': 'log2', 'classifier__estimator__max_leaf_nodes': 15, 'classifier__estimator__min_impurity_decrease': np.float64(0.00038818900106950553), 'classifier__estimator__min_samples_leaf': 2, 'classifier__estimator__min_samples_split': 8, 'classifier__max_features': np.float64(0.6820482105023091), 'classifier__max_samples': np.float64(0.9975724588369096), 'classifier__n_estimators': 197, 'feature_selection_filter__k': 'all'}",41.95998525619507,"[0, 1, 2, 3, 4, 5, 6, 7, 8, 9, 10, 11, 12, 13, 14, 15, 16, 17, 18, 19, 20, 21, 22, 23, 24, 25, 26, 27, 28, 29, 30]","['Amount_log1p', 'V1', 'V2', 'V3', 'V4', 'V5', 'V6', 'V7', 'V8', 'V9', 'V10', 'V11', 'V12', 'V13', 'V14', 'V15', 'V16', 'V17', 'V18', 'V19', 'V20', 'V21', 'V22', 'V23', 'V24', 'V25', 'V26', 'V27', 'V28', 'Time_sin', 'Time_cos']"
CostSensitiveLearning_ClusterCentroids___RandomizedSearchCV__niter_30__cv_5,8,8,RRC,resubstitution,287,17677,30,54,0.995345744680851,0.9053627760252366,0.841642228739003,0.8723404255319149,0.9983057547862427,0.0016942452137572728,0.9199739917626228,0.9166331220402555,0.8705742731966427,0.8699733004899913,0.9650145816050681,0.8682375107018145,22561,0.887915318054316,0.004389948673982758,0.8917184172144035,0.032955849061808665,"{'classifier__estimator__ccp_alpha': np.float64(0.003403328538417253), 'classifier__estimator__max_depth': 5, 'classifier__estimator__max_features': 'sqrt', 'classifier__estimator__max_leaf_nodes': 18, 'classifier__estimator__min_impurity_decrease': np.float64(0.051056621093920646), 'classifier__estimator__min_samples_leaf': 9, 'classifier__estimator__min_samples_split': 8, 'classifier__max_features': np.float64(0.5037042388228647), 'classifier__max_samples': np.float64(0.8867479296761531), 'classifier__n_estimators': 215, 'feature_selection_filter__k': 28}",42.971928358078,"[0, 1, 2, 3, 4, 5, 6, 7, 8, 9, 10, 11, 12, 14, 16, 17, 18, 19, 20, 21, 22, 23, 24, 25, 27, 28, 29, 30]","['Amount_log1p', 'V1', 'V2', 'V3', 'V4', 'V5', 'V6', 'V7', 'V8', 'V9', 'V10', 'V11', 'V12', 'V14', 'V16', 'V17', 'V18', 'V19', 'V20', 'V21', 'V22', 'V23', 'V24', 'V25', 'V27', 'V28', 'Time_sin', 'Time_cos']"
CostSensitiveLearning_ClusterCentroids___RandomizedSearchCV__niter_30__cv_5,8,9,RRC,resubstitution,283,17689,18,58,0.9957890070921985,0.9401993355481728,0.8299120234604106,0.881619937694704,0.9989834528717456,0.0010165471282543859,0.914447738166078,0.9105319207893033,0.8812593345352179,0.8794847864971453,0.9624334660961328,0.8598164894364857,22561,0.8803684724376521,0.006690363300629272,0.8842223025076233,0.016932853001356486,"{'classifier__estimator__ccp_alpha': np.float64(0.00956618298832075), 'classifier__estimator__max_depth': 7, 'classifier__estimator__max_features': 'log2', 'classifier__estimator__max_leaf_nodes': 18, 'classifier__estimator__min_impurity_decrease': np.float64(0.07880271985004515), 'classifier__estimator__min_samples_leaf': 8, 'classifier__estimator__min_samples_split': 7, 'classifier__max_features': np.float64(0.5136727967587857), 'classifier__max_samples': np.float64(0.9580706983074965), 'classifier__n_estimators': 705, 'feature_selection_filter__k': 28}",44.99381971359253,"[0, 1, 2, 3, 4, 5, 6, 7, 8, 9, 10, 11, 12, 14, 16, 17, 18, 19, 20, 21, 23, 24, 25, 26, 27, 28, 29, 30]","['Amount_log1p', 'V1', 'V2', 'V3', 'V4', 'V5', 'V6', 'V7', 'V8', 'V9', 'V10', 'V11', 'V12', 'V14', 'V16', 'V17', 'V18', 'V19', 'V20', 'V21', 'V23', 'V24', 'V25', 'V26', 'V27', 'V28', 'Time_sin', 'Time_cos']"
CostSensitiveLearning_ClusterCentroids___RandomizedSearchCV__niter_30__cv_5,8,10,RRC,resubstitution,283,17689,18,58,0.9957890070921985,0.9401993355481728,0.8299120234604106,0.881619937694704,0.9989834528717456,0.0010165471282543859,0.914447738166078,0.9105319207893033,0.8812593345352179,0.8794847864971453,0.9624152484056622,0.8496037631859291,22561,0.8761018798054689,0.0058205104813652915,0.8745592101710609,0.026198287983986525,"{'classifier__estimator__ccp_alpha': np.float64(0.007450478783185941), 'classifier__estimator__max_depth': 18, 'classifier__estimator__max_features': 'log2', 'classifier__estimator__max_leaf_nodes': 14, 'classifier__estimator__min_impurity_decrease': np.float64(0.0758771098815228), 'classifier__estimator__min_samples_leaf': 3, 'classifier__estimator__min_samples_split': 5, 'classifier__max_features': np.float64(0.9033305539183871), 'classifier__max_samples': np.float64(0.7471617634329868), 'classifier__n_estimators': 640, 'feature_selection_filter__k': 'all'}",43.34394812583923,"[0, 1, 2, 3, 4, 5, 6, 7, 8, 9, 10, 11, 12, 13, 14, 15, 16, 17, 18, 19, 20, 21, 22, 23, 24, 25, 26, 27, 28, 29, 30]","['Amount_log1p', 'V1', 'V2', 'V3', 'V4', 'V5', 'V6', 'V7', 'V8', 'V9', 'V10', 'V11', 'V12', 'V13', 'V14', 'V15', 'V16', 'V17', 'V18', 'V19', 'V20', 'V21', 'V22', 'V23', 'V24', 'V25', 'V26', 'V27', 'V28', 'Time_sin', 'Time_cos']"
CostSensitiveLearning_ClusterCentroids___RandomizedSearchCV__niter_30__cv_5,9,1,RRC,resubstitution,281,17690,17,60,0.9957335992907801,0.9429530201342282,0.8240469208211144,0.8794992175273866,0.9990399277122042,0.0009600722877958212,0.9115434242666594,0.9073344345987264,0.879403186401871,0.8773375832653982,0.9651307607856595,0.8618893702563853,22560,0.8767079636020408,0.009429134522558455,0.8804199249056699,0.03893520081558986,"{'classifier__estimator__ccp_alpha': np.float64(0.0064622752328218494), 'classifier__estimator__max_depth': 15, 'classifier__estimator__max_features': 'log2', 'classifier__estimator__max_leaf_nodes': 11, 'classifier__estimator__min_impurity_decrease': np.float64(0.03646923222210831), 'classifier__estimator__min_samples_leaf': 6, 'classifier__estimator__min_samples_split': 2, 'classifier__max_features': np.float64(0.5199201268674536), 'classifier__max_samples': np.float64(0.5401942933858668), 'classifier__n_estimators': 934, 'feature_selection_filter__k': 26}",45.077550172805786,"[1, 2, 3, 4, 5, 6, 7, 8, 9, 10, 11, 12, 14, 16, 17, 18, 19, 20, 21, 22, 23, 24, 25, 27, 28, 29]","['V1', 'V2', 'V3', 'V4', 'V5', 'V6', 'V7', 'V8', 'V9', 'V10', 'V11', 'V12', 'V14', 'V16', 'V17', 'V18', 'V19', 'V20', 'V21', 'V22', 'V23', 'V24', 'V25', 'V27', 'V28', 'Time_sin']"
CostSensitiveLearning_ClusterCentroids___RandomizedSearchCV__niter_30__cv_5,9,2,RRC,resubstitution,296,17688,19,45,0.9964539007092199,0.9396825396825397,0.8680351906158358,0.9024390243902439,0.998926978031287,0.0010730219687129505,0.9334810843235615,0.9311840686924842,0.901370719018839,0.900636044518471,0.9699158856107902,0.8794187147242295,22560,0.8996331912362446,0.010817729867643473,0.9036723073364294,0.03751168360774238,"{'classifier__estimator__ccp_alpha': np.float64(0.006832629134230998), 'classifier__estimator__max_depth': 10, 'classifier__estimator__max_features': 'log2', 'classifier__estimator__max_leaf_nodes': 13, 'classifier__estimator__min_impurity_decrease': np.float64(0.04954917876836641), 'classifier__estimator__min_samples_leaf': 8, 'classifier__estimator__min_samples_split': 3, 'classifier__max_features': np.float64(0.7184303313974088), 'classifier__max_samples': np.float64(0.8757714968943173), 'classifier__n_estimators': 880, 'feature_selection_filter__k': 24}",48.01148748397827,"[0, 1, 2, 3, 4, 5, 6, 7, 8, 9, 10, 11, 12, 14, 16, 17, 18, 19, 20, 21, 24, 27, 28, 29]","['Amount_log1p', 'V1', 'V2', 'V3', 'V4', 'V5', 'V6', 'V7', 'V8', 'V9', 'V10', 'V11', 'V12', 'V14', 'V16', 'V17', 'V18', 'V19', 'V20', 'V21', 'V24', 'V27', 'V28', 'Time_sin']"
CostSensitiveLearning_ClusterCentroids___RandomizedSearchCV__niter_30__cv_5,9,3,RRC,resubstitution,285,17689,18,56,0.9958998226950354,0.9405940594059405,0.8357771260997068,0.8850931677018633,0.9989834528717456,0.0010165471282543859,0.9173802894857261,0.9137436835690353,0.8846109250370302,0.8830132374280697,0.9612544502919551,0.8542914141682189,22560,0.8809597360822163,0.00801169556390947,0.8817252331993222,0.02687297340374795,"{'classifier__estimator__ccp_alpha': np.float64(0.00314081999898417), 'classifier__estimator__max_depth': 6, 'classifier__estimator__max_features': 'sqrt', 'classifier__estimator__max_leaf_nodes': 8, 'classifier__estimator__min_impurity_decrease': np.float64(0.07280612351492635), 'classifier__estimator__min_samples_leaf': 7, 'classifier__estimator__min_samples_split': 8, 'classifier__max_features': np.float64(0.5508575410418062), 'classifier__max_samples': np.float64(0.7754825189129648), 'classifier__n_estimators': 910, 'feature_selection_filter__k': 'all'}",44.945443868637085,"[0, 1, 2, 3, 4, 5, 6, 7, 8, 9, 10, 11, 12, 13, 14, 15, 16, 17, 18, 19, 20, 21, 22, 23, 24, 25, 26, 27, 28, 29, 30]","['Amount_log1p', 'V1', 'V2', 'V3', 'V4', 'V5', 'V6', 'V7', 'V8', 'V9', 'V10', 'V11', 'V12', 'V13', 'V14', 'V15', 'V16', 'V17', 'V18', 'V19', 'V20', 'V21', 'V22', 'V23', 'V24', 'V25', 'V26', 'V27', 'V28', 'Time_sin', 'Time_cos']"
CostSensitiveLearning_ClusterCentroids___RandomizedSearchCV__niter_30__cv_5,9,4,RRC,resubstitution,290,17695,12,51,0.9965093085106383,0.9602649006622517,0.8504398826979472,0.9020217729393468,0.9993223019144971,0.0006776980855028869,0.9248810923062222,0.9218804375935132,0.9019726599159218,0.9002514277693462,0.9855162736144742,0.9002766910962191,22560,0.9028712480083747,0.003971688189241919,0.8958937155229332,0.018155791537878156,"{'classifier__estimator__ccp_alpha': np.float64(0.0008788752290793822), 'classifier__estimator__max_depth': 3, 'classifier__estimator__max_features': 'log2', 'classifier__estimator__max_leaf_nodes': 15, 'classifier__estimator__min_impurity_decrease': np.float64(0.0004342462778832324), 'classifier__estimator__min_samples_leaf': 1, 'classifier__estimator__min_samples_split': 6, 'classifier__max_features': np.float64(0.5489911485757168), 'classifier__max_samples': np.float64(0.9652074512556453), 'classifier__n_estimators': 953, 'feature_selection_filter__k': 22}",47.06568884849548,"[1, 2, 3, 4, 5, 6, 7, 8, 9, 10, 11, 12, 14, 16, 17, 18, 19, 20, 21, 27, 28, 29]","['V1', 'V2', 'V3', 'V4', 'V5', 'V6', 'V7', 'V8', 'V9', 'V10', 'V11', 'V12', 'V14', 'V16', 'V17', 'V18', 'V19', 'V20', 'V21', 'V27', 'V28', 'Time_sin']"
CostSensitiveLearning_ClusterCentroids___RandomizedSearchCV__niter_30__cv_5,9,5,RRC,resubstitution,283,17687,21,57,0.9956781914893617,0.930921052631579,0.8323529411764706,0.8788819875776398,0.9988140953241473,0.001185904675852667,0.9155835182503089,0.9117926573139146,0.8781121171107059,0.8766888293399411,0.9699762652971737,0.8540066777230082,22560,0.8767206146043556,0.010609780739551714,0.8788386814338296,0.02368198721423232,"{'classifier__estimator__ccp_alpha': np.float64(0.009220839967202547), 'classifier__estimator__max_depth': 8, 'classifier__estimator__max_features': 'log2', 'classifier__estimator__max_leaf_nodes': 14, 'classifier__estimator__min_impurity_decrease': np.float64(0.051411970795470545), 'classifier__estimator__min_samples_leaf': 7, 'classifier__estimator__min_samples_split': 7, 'classifier__max_features': np.float64(0.6263385362433928), 'classifier__max_samples': np.float64(0.9154099195314773), 'classifier__n_estimators': 493, 'feature_selection_filter__k': 20}",42.32999873161316,"[1, 2, 3, 4, 5, 6, 7, 8, 9, 10, 11, 12, 14, 16, 17, 18, 19, 20, 21, 27]","['V1', 'V2', 'V3', 'V4', 'V5', 'V6', 'V7', 'V8', 'V9', 'V10', 'V11', 'V12', 'V14', 'V16', 'V17', 'V18', 'V19', 'V20', 'V21', 'V27']"
CostSensitiveLearning_ClusterCentroids___RandomizedSearchCV__niter_30__cv_5,9,6,RRC,resubstitution,285,17693,15,55,0.9961214539007093,0.95,0.8382352941176471,0.890625,0.9991529252315338,0.0008470747684662383,0.9186941096745904,0.9151640542274168,0.8904626841847704,0.8886585726976607,0.9840749943528349,0.8887298177971742,22560,0.891185231527419,0.006813011442332507,0.8876967114420479,0.01827265624231134,"{'classifier__estimator__ccp_alpha': np.float64(0.004818797131323663), 'classifier__estimator__max_depth': 3, 'classifier__estimator__max_features': 'log2', 'classifier__estimator__max_leaf_nodes': 16, 'classifier__estimator__min_impurity_decrease': np.float64(0.004023622978738428), 'classifier__estimator__min_samples_leaf': 6, 'classifier__estimator__min_samples_split': 8, 'classifier__max_features': np.float64(0.7646490506838771), 'classifier__max_samples': np.float64(0.9640152319970796), 'classifier__n_estimators': 907, 'feature_selection_filter__k': 20}",44.93485474586487,"[1, 2, 3, 4, 5, 6, 7, 8, 9, 10, 11, 12, 14, 16, 17, 18, 19, 20, 21, 27]","['V1', 'V2', 'V3', 'V4', 'V5', 'V6', 'V7', 'V8', 'V9', 'V10', 'V11', 'V12', 'V14', 'V16', 'V17', 'V18', 'V19', 'V20', 'V21', 'V27']"
CostSensitiveLearning_ClusterCentroids___RandomizedSearchCV__niter_30__cv_5,9,7,RRC,resubstitution,295,17687,21,45,0.996343085106383,0.9335443037974683,0.8676470588235294,0.899390243902439,0.9988140953241473,0.001185904675852667,0.9332305770738384,0.9309232579109198,0.8981542089046589,0.8975304801675893,0.9966038945508178,0.9253303401792585,22560,0.9065801946345393,0.0110237572828353,0.8950656646303019,0.01936086158397732,"{'classifier__estimator__ccp_alpha': np.float64(0.001632832445894421), 'classifier__estimator__max_depth': 5, 'classifier__estimator__max_features': 'log2', 'classifier__estimator__max_leaf_nodes': 15, 'classifier__estimator__min_impurity_decrease': np.float64(0.0010557944493170158), 'classifier__estimator__min_samples_leaf': 3, 'classifier__estimator__min_samples_split': 3, 'classifier__max_features': np.float64(0.9433558184079032), 'classifier__max_samples': np.float64(0.746795884998249), 'classifier__n_estimators': 555, 'feature_selection_filter__k': 24}",44.35331177711487,"[0, 1, 2, 3, 4, 5, 6, 7, 8, 9, 10, 11, 12, 14, 16, 17, 18, 19, 20, 21, 24, 27, 28, 29]","['Amount_log1p', 'V1', 'V2', 'V3', 'V4', 'V5', 'V6', 'V7', 'V8', 'V9', 'V10', 'V11', 'V12', 'V14', 'V16', 'V17', 'V18', 'V19', 'V20', 'V21', 'V24', 'V27', 'V28', 'Time_sin']"
CostSensitiveLearning_ClusterCentroids___RandomizedSearchCV__niter_30__cv_5,9,8,RRC,resubstitution,284,17684,23,57,0.9955673758865248,0.9250814332247557,0.8328445747800587,0.8765432098765432,0.9987010786694528,0.0012989213305472092,0.9157728267247558,0.9120102933612353,0.87554313121379,0.8742927093010197,0.9623829534089191,0.8536156864099813,22561,0.8749066985835883,0.004868318576811639,0.8754772380964724,0.029951583735657098,"{'classifier__estimator__ccp_alpha': np.float64(0.0009219035091597428), 'classifier__estimator__max_depth': 15, 'classifier__estimator__max_features': 'sqrt', 'classifier__estimator__max_leaf_nodes': 8, 'classifier__estimator__min_impurity_decrease': np.float64(0.09798683458171517), 'classifier__estimator__min_samples_leaf': 1, 'classifier__estimator__min_samples_split': 9, 'classifier__max_features': np.float64(0.7454460460816053), 'classifier__max_samples': np.float64(0.8020717829371553), 'classifier__n_estimators': 714, 'feature_selection_filter__k': 26}",44.73629450798035,"[0, 1, 2, 3, 4, 5, 6, 7, 8, 9, 10, 11, 12, 14, 16, 17, 18, 19, 20, 21, 22, 24, 27, 28, 29, 30]","['Amount_log1p', 'V1', 'V2', 'V3', 'V4', 'V5', 'V6', 'V7', 'V8', 'V9', 'V10', 'V11', 'V12', 'V14', 'V16', 'V17', 'V18', 'V19', 'V20', 'V21', 'V22', 'V24', 'V27', 'V28', 'Time_sin', 'Time_cos']"
CostSensitiveLearning_ClusterCentroids___RandomizedSearchCV__niter_30__cv_5,9,9,RRC,resubstitution,278,17687,20,63,0.9954011524822695,0.9328859060402684,0.8152492668621701,0.8701095461658842,0.9988705031908285,0.0011294968091715152,0.9070598850264993,0.9024014879290536,0.8698225723969689,0.8677794728704942,0.9595889393445309,0.8675413150668772,22561,0.8703781967314891,0.014808345824520331,0.8763285714285715,0.024952663348093044,"{'classifier__estimator__ccp_alpha': np.float64(0.0014330589448612852), 'classifier__estimator__max_depth': 15, 'classifier__estimator__max_features': 'log2', 'classifier__estimator__max_leaf_nodes': 2, 'classifier__estimator__min_impurity_decrease': np.float64(0.014884468727084089), 'classifier__estimator__min_samples_leaf': 9, 'classifier__estimator__min_samples_split': 3, 'classifier__max_features': np.float64(0.5321904313330192), 'classifier__max_samples': np.float64(0.5365308109782889), 'classifier__n_estimators': 354, 'feature_selection_filter__k': 'all'}",42.034305572509766,"[0, 1, 2, 3, 4, 5, 6, 7, 8, 9, 10, 11, 12, 13, 14, 15, 16, 17, 18, 19, 20, 21, 22, 23, 24, 25, 26, 27, 28, 29, 30]","['Amount_log1p', 'V1', 'V2', 'V3', 'V4', 'V5', 'V6', 'V7', 'V8', 'V9', 'V10', 'V11', 'V12', 'V13', 'V14', 'V15', 'V16', 'V17', 'V18', 'V19', 'V20', 'V21', 'V22', 'V23', 'V24', 'V25', 'V26', 'V27', 'V28', 'Time_sin', 'Time_cos']"
CostSensitiveLearning_ClusterCentroids___RandomizedSearchCV__niter_30__cv_5,9,10,RRC,resubstitution,296,17668,39,45,0.995345744680851,0.8835820895522388,0.8680351906158358,0.8757396449704142,0.9977974812221155,0.0022025187778844657,0.9329163359189756,0.9306574701836545,0.8734040230303171,0.8733682938608808,0.997975352127255,0.9220699761718427,22561,0.9029242998218512,0.005229899366537203,0.8780560580790079,0.03664903954727891,"{'classifier__estimator__ccp_alpha': np.float64(0.0024707865063720337), 'classifier__estimator__max_depth': 8, 'classifier__estimator__max_features': 'log2', 'classifier__estimator__max_leaf_nodes': 19, 'classifier__estimator__min_impurity_decrease': np.float64(0.001516261710851341), 'classifier__estimator__min_samples_leaf': 6, 'classifier__estimator__min_samples_split': 8, 'classifier__max_features': np.float64(0.5238719066705645), 'classifier__max_samples': np.float64(0.6172992700894562), 'classifier__n_estimators': 172, 'feature_selection_filter__k': 'all'}",40.79728174209595,"[0, 1, 2, 3, 4, 5, 6, 7, 8, 9, 10, 11, 12, 13, 14, 15, 16, 17, 18, 19, 20, 21, 22, 23, 24, 25, 26, 27, 28, 29, 30]","['Amount_log1p', 'V1', 'V2', 'V3', 'V4', 'V5', 'V6', 'V7', 'V8', 'V9', 'V10', 'V11', 'V12', 'V13', 'V14', 'V15', 'V16', 'V17', 'V18', 'V19', 'V20', 'V21', 'V22', 'V23', 'V24', 'V25', 'V26', 'V27', 'V28', 'Time_sin', 'Time_cos']"
CostSensitiveLearning_ClusterCentroids___RandomizedSearchCV__niter_30__cv_5,10,1,RRC,resubstitution,288,17685,22,53,0.995844414893617,0.9290322580645162,0.844574780058651,0.8847926267281107,0.9987575535099114,0.0012424464900886445,0.9216661667842811,0.9184364110201368,0.8837211774827227,0.8826815584354352,0.9645192260396381,0.8618800483517393,22560,0.8845997067894402,0.009847575531885049,0.8860797048583308,0.04192011341193831,"{'classifier__estimator__ccp_alpha': np.float64(0.002457130492750844), 'classifier__estimator__max_depth': 19, 'classifier__estimator__max_features': 'log2', 'classifier__estimator__max_leaf_nodes': 13, 'classifier__estimator__min_impurity_decrease': np.float64(0.08204299611140077), 'classifier__estimator__min_samples_leaf': 8, 'classifier__estimator__min_samples_split': 4, 'classifier__max_features': np.float64(0.7864756176518856), 'classifier__max_samples': np.float64(0.7485067137537608), 'classifier__n_estimators': 768, 'feature_selection_filter__k': 28}",44.972604513168335,"[0, 1, 2, 3, 4, 5, 6, 7, 8, 9, 10, 11, 12, 13, 14, 16, 17, 18, 19, 20, 21, 22, 24, 25, 26, 27, 28, 29]","['Amount_log1p', 'V1', 'V2', 'V3', 'V4', 'V5', 'V6', 'V7', 'V8', 'V9', 'V10', 'V11', 'V12', 'V13', 'V14', 'V16', 'V17', 'V18', 'V19', 'V20', 'V21', 'V22', 'V24', 'V25', 'V26', 'V27', 'V28', 'Time_sin']"
CostSensitiveLearning_ClusterCentroids___RandomizedSearchCV__niter_30__cv_5,10,2,RRC,resubstitution,274,17684,23,67,0.9950132978723404,0.9225589225589226,0.8035190615835777,0.8589341692789969,0.9987010786694528,0.0012989213305472092,0.9011100701265152,0.895809886937505,0.8585263072712566,0.8564082435840655,0.961409963122426,0.8537411270591206,22560,0.8708541977551267,0.006956583548548695,0.8667268432355048,0.037493768827081435,"{'classifier__estimator__ccp_alpha': np.float64(0.009877657719418878), 'classifier__estimator__max_depth': 3, 'classifier__estimator__max_features': 'sqrt', 'classifier__estimator__max_leaf_nodes': 8, 'classifier__estimator__min_impurity_decrease': np.float64(0.07596103301381785), 'classifier__estimator__min_samples_leaf': 9, 'classifier__estimator__min_samples_split': 8, 'classifier__max_features': np.float64(0.5689147155702408), 'classifier__max_samples': np.float64(0.8194182618324091), 'classifier__n_estimators': 173, 'feature_selection_filter__k': 26}",41.81952428817749,"[0, 1, 2, 3, 4, 5, 6, 7, 8, 9, 10, 11, 12, 14, 16, 17, 18, 19, 20, 21, 22, 24, 27, 28, 29, 30]","['Amount_log1p', 'V1', 'V2', 'V3', 'V4', 'V5', 'V6', 'V7', 'V8', 'V9', 'V10', 'V11', 'V12', 'V14', 'V16', 'V17', 'V18', 'V19', 'V20', 'V21', 'V22', 'V24', 'V27', 'V28', 'Time_sin', 'Time_cos']"
CostSensitiveLearning_ClusterCentroids___RandomizedSearchCV__niter_30__cv_5,10,3,RRC,resubstitution,279,17688,19,62,0.9955119680851063,0.9362416107382551,0.8181818181818182,0.8732394366197183,0.998926978031287,0.0010730219687129505,0.9085543981065527,0.9040486110362139,0.8730161103986029,0.8709655096687955,0.9629192159702238,0.859753566113967,22560,0.8810824527760822,0.0119182011499882,0.8794142584403669,0.039671096394773946,"{'classifier__estimator__ccp_alpha': np.float64(0.008114036263085848), 'classifier__estimator__max_depth': 18, 'classifier__estimator__max_features': 'sqrt', 'classifier__estimator__max_leaf_nodes': 7, 'classifier__estimator__min_impurity_decrease': np.float64(0.08747629125809048), 'classifier__estimator__min_samples_leaf': 4, 'classifier__estimator__min_samples_split': 8, 'classifier__max_features': np.float64(0.5280109794384367), 'classifier__max_samples': np.float64(0.5952547200333038), 'classifier__n_estimators': 443, 'feature_selection_filter__k': 28}",41.7967164516449,"[0, 1, 2, 3, 4, 5, 6, 7, 8, 9, 10, 11, 12, 14, 15, 16, 17, 18, 19, 20, 21, 22, 23, 24, 26, 27, 28, 29]","['Amount_log1p', 'V1', 'V2', 'V3', 'V4', 'V5', 'V6', 'V7', 'V8', 'V9', 'V10', 'V11', 'V12', 'V14', 'V15', 'V16', 'V17', 'V18', 'V19', 'V20', 'V21', 'V22', 'V23', 'V24', 'V26', 'V27', 'V28', 'Time_sin']"
CostSensitiveLearning_ClusterCentroids___RandomizedSearchCV__niter_30__cv_5,10,4,RRC,resubstitution,286,17680,27,55,0.9954565602836879,0.9137380191693291,0.8387096774193549,0.8746177370030581,0.9984751793076184,0.0015248206923815788,0.9185924283634866,0.9151124496739869,0.8731387889080635,0.8723084168095637,0.969776520278691,0.8627013025325395,22560,0.8869780614211319,0.0047401836162842565,0.8861860852538854,0.026155357396156795,"{'classifier__estimator__ccp_alpha': np.float64(0.006213758597020212), 'classifier__estimator__max_depth': 12, 'classifier__estimator__max_features': 'log2', 'classifier__estimator__max_leaf_nodes': 15, 'classifier__estimator__min_impurity_decrease': np.float64(0.0679519015245994), 'classifier__estimator__min_samples_leaf': 5, 'classifier__estimator__min_samples_split': 9, 'classifier__max_features': np.float64(0.6190395482645032), 'classifier__max_samples': np.float64(0.8422692853080622), 'classifier__n_estimators': 257, 'feature_selection_filter__k': 22}",38.45629835128784,"[1, 2, 3, 4, 5, 6, 7, 8, 9, 10, 11, 12, 14, 16, 17, 18, 19, 20, 21, 27, 28, 29]","['V1', 'V2', 'V3', 'V4', 'V5', 'V6', 'V7', 'V8', 'V9', 'V10', 'V11', 'V12', 'V14', 'V16', 'V17', 'V18', 'V19', 'V20', 'V21', 'V27', 'V28', 'Time_sin']"
CostSensitiveLearning_ClusterCentroids___RandomizedSearchCV__niter_30__cv_5,10,5,RRC,resubstitution,288,17685,23,52,0.995844414893617,0.9260450160771704,0.8470588235294118,0.8847926267281107,0.9987011520216851,0.001298847978314921,0.9228799877755485,0.9197600898543906,0.883590558343579,0.8826809483428684,0.9803736098008212,0.8729926832041537,22560,0.8923164285506777,0.005693380027787549,0.89019008790192,0.02892370283676808,"{'classifier__estimator__ccp_alpha': np.float64(0.0015321593689979662), 'classifier__estimator__max_depth': 8, 'classifier__estimator__max_features': 'sqrt', 'classifier__estimator__max_leaf_nodes': 11, 'classifier__estimator__min_impurity_decrease': np.float64(0.015241899846790053), 'classifier__estimator__min_samples_leaf': 5, 'classifier__estimator__min_samples_split': 9, 'classifier__max_features': np.float64(0.6773452318196798), 'classifier__max_samples': np.float64(0.6841251662349186), 'classifier__n_estimators': 714, 'feature_selection_filter__k': 22}",44.827553272247314,"[1, 2, 3, 4, 5, 6, 7, 8, 9, 10, 11, 12, 14, 16, 17, 18, 19, 20, 21, 23, 27, 29]","['V1', 'V2', 'V3', 'V4', 'V5', 'V6', 'V7', 'V8', 'V9', 'V10', 'V11', 'V12', 'V14', 'V16', 'V17', 'V18', 'V19', 'V20', 'V21', 'V23', 'V27', 'Time_sin']"
CostSensitiveLearning_ClusterCentroids___RandomizedSearchCV__niter_30__cv_5,10,6,RRC,resubstitution,282,17691,17,58,0.995844414893617,0.9431438127090301,0.8294117647058824,0.8826291079812206,0.9990399819290716,0.0009600180709283812,0.9142258733174771,0.910283205614343,0.8824068975554608,0.8805227342216925,0.9523931523140089,0.8419333790339416,22560,0.8792151329600439,0.0047873607974659475,0.8793218177261091,0.015823395778495897,"{'classifier__estimator__ccp_alpha': np.float64(0.005152939653881044), 'classifier__estimator__max_depth': 18, 'classifier__estimator__max_features': 'sqrt', 'classifier__estimator__max_leaf_nodes': 2, 'classifier__estimator__min_impurity_decrease': np.float64(0.05960903685940373), 'classifier__estimator__min_samples_leaf': 5, 'classifier__estimator__min_samples_split': 8, 'classifier__max_features': np.float64(0.7179814247477689), 'classifier__max_samples': np.float64(0.8606422906208935), 'classifier__n_estimators': 355, 'feature_selection_filter__k': 24}",41.54250526428223,"[0, 1, 2, 3, 4, 5, 6, 7, 8, 9, 10, 11, 12, 14, 16, 17, 18, 19, 20, 21, 24, 27, 28, 29]","['Amount_log1p', 'V1', 'V2', 'V3', 'V4', 'V5', 'V6', 'V7', 'V8', 'V9', 'V10', 'V11', 'V12', 'V14', 'V16', 'V17', 'V18', 'V19', 'V20', 'V21', 'V24', 'V27', 'V28', 'Time_sin']"
CostSensitiveLearning_ClusterCentroids___RandomizedSearchCV__niter_30__cv_5,10,7,RRC,resubstitution,286,17689,19,54,0.9959552304964538,0.9377049180327869,0.8411764705882353,0.8868217054263566,0.9989270386266095,0.0010729613733905241,0.9200517546074224,0.9166645628184222,0.8861220999763344,0.8847686984631209,0.9662106027186116,0.8713429459230148,22560,0.8896699475127228,0.00811959381526242,0.8919109675937454,0.018882829124238863,"{'classifier__estimator__ccp_alpha': np.float64(0.0015677233651834356), 'classifier__estimator__max_depth': 13, 'classifier__estimator__max_features': 'log2', 'classifier__estimator__max_leaf_nodes': 6, 'classifier__estimator__min_impurity_decrease': np.float64(0.08163852886806709), 'classifier__estimator__min_samples_leaf': 3, 'classifier__estimator__min_samples_split': 8, 'classifier__max_features': np.float64(0.7446667441151608), 'classifier__max_samples': np.float64(0.6248151232485484), 'classifier__n_estimators': 513, 'feature_selection_filter__k': 22}",43.45185565948486,"[1, 2, 3, 4, 5, 6, 7, 8, 9, 10, 11, 12, 14, 16, 17, 18, 19, 20, 21, 27, 28, 29]","['V1', 'V2', 'V3', 'V4', 'V5', 'V6', 'V7', 'V8', 'V9', 'V10', 'V11', 'V12', 'V14', 'V16', 'V17', 'V18', 'V19', 'V20', 'V21', 'V27', 'V28', 'Time_sin']"
CostSensitiveLearning_ClusterCentroids___RandomizedSearchCV__niter_30__cv_5,10,8,RRC,resubstitution,293,17688,19,48,0.9962876773049646,0.9391025641025641,0.8592375366568915,0.8973966309341501,0.998926978031287,0.0010730219687129505,0.9290822573440893,0.9264532130138661,0.8964273501494584,0.8955100686451399,0.9608126712980452,0.8704824383313333,22561,0.8980395260666467,0.006124337403344501,0.8971378621378621,0.02122987087041,"{'classifier__estimator__ccp_alpha': np.float64(0.006150920879034176), 'classifier__estimator__max_depth': 6, 'classifier__estimator__max_features': 'sqrt', 'classifier__estimator__max_leaf_nodes': 17, 'classifier__estimator__min_impurity_decrease': np.float64(0.0904731400640497), 'classifier__estimator__min_samples_leaf': 6, 'classifier__estimator__min_samples_split': 2, 'classifier__max_features': np.float64(0.9153483948503635), 'classifier__max_samples': np.float64(0.6728141109865524), 'classifier__n_estimators': 945, 'feature_selection_filter__k': 22}",44.65921497344971,"[1, 2, 3, 4, 5, 6, 7, 8, 9, 10, 11, 12, 14, 16, 17, 18, 19, 20, 21, 27, 28, 29]","['V1', 'V2', 'V3', 'V4', 'V5', 'V6', 'V7', 'V8', 'V9', 'V10', 'V11', 'V12', 'V14', 'V16', 'V17', 'V18', 'V19', 'V20', 'V21', 'V27', 'V28', 'Time_sin']"
CostSensitiveLearning_ClusterCentroids___RandomizedSearchCV__niter_30__cv_5,10,9,RRC,resubstitution,288,17688,19,53,0.9960106382978723,0.9381107491856677,0.844574780058651,0.8888888888888888,0.998926978031287,0.0010730219687129505,0.9217508790449691,0.9185143073275599,0.8881318390623297,0.8868634383709176,0.9722947847555029,0.8761946495333093,22561,0.8871480030784908,0.008368666637831628,0.8910081721920452,0.02914327229339312,"{'classifier__estimator__ccp_alpha': np.float64(0.009767579493643267), 'classifier__estimator__max_depth': 12, 'classifier__estimator__max_features': 'sqrt', 'classifier__estimator__max_leaf_nodes': 3, 'classifier__estimator__min_impurity_decrease': np.float64(0.0703738576820464), 'classifier__estimator__min_samples_leaf': 7, 'classifier__estimator__min_samples_split': 3, 'classifier__max_features': np.float64(0.9357594116904313), 'classifier__max_samples': np.float64(0.5250240669120165), 'classifier__n_estimators': 641, 'feature_selection_filter__k': 22}",43.51871609687805,"[1, 2, 3, 4, 5, 6, 7, 8, 9, 10, 11, 12, 14, 16, 17, 18, 19, 20, 21, 27, 28, 29]","['V1', 'V2', 'V3', 'V4', 'V5', 'V6', 'V7', 'V8', 'V9', 'V10', 'V11', 'V12', 'V14', 'V16', 'V17', 'V18', 'V19', 'V20', 'V21', 'V27', 'V28', 'Time_sin']"
CostSensitiveLearning_ClusterCentroids___RandomizedSearchCV__niter_30__cv_5,10,10,RRC,resubstitution,286,17688,19,55,0.9958998226950354,0.9377049180327869,0.8387096774193549,0.8854489164086687,0.998926978031287,0.0010730219687129505,0.918818327725321,0.9153194652743444,0.884793475054928,0.8833680697525229,0.9666770286681858,0.8581065945829119,22561,0.8891162895757508,0.009441225104133038,0.8858071040529856,0.03610266864069422,"{'classifier__estimator__ccp_alpha': np.float64(0.0006938539591924498), 'classifier__estimator__max_depth': 12, 'classifier__estimator__max_features': 'sqrt', 'classifier__estimator__max_leaf_nodes': 5, 'classifier__estimator__min_impurity_decrease': np.float64(0.06317713510893896), 'classifier__estimator__min_samples_leaf': 3, 'classifier__estimator__min_samples_split': 5, 'classifier__max_features': np.float64(0.6887740905694115), 'classifier__max_samples': np.float64(0.8181148950695366), 'classifier__n_estimators': 597, 'feature_selection_filter__k': 22}",45.44743227958679,"[1, 2, 3, 4, 5, 6, 7, 8, 9, 10, 11, 12, 14, 16, 17, 18, 19, 20, 21, 27, 28, 29]","['V1', 'V2', 'V3', 'V4', 'V5', 'V6', 'V7', 'V8', 'V9', 'V10', 'V11', 'V12', 'V14', 'V16', 'V17', 'V18', 'V19', 'V20', 'V21', 'V27', 'V28', 'Time_sin']"
