experiment_name,iteration,fold,model,split,tp,tn,fp,fn,accuracy,precision,recall,f1,specificity,fpr,balanced_accuracy,geometric_mean,mcc,kappa,roc_auc,average_precision,fold_size,cv_tuning_mean_train_score,cv_tuning_std_train_score,cv_tuning_mean_val_score,cv_tuning_std_val_score,best_params,tuning_time,selected_features_indices,selected_features_names
CostSensitiveLearning_ClusterCentroids___RandomizedSearchCV__niter_30__cv_5,1,1,ExtraTreesClassifier,resubstitution,345,22120,14,81,0.9957890070921985,0.9610027855153204,0.8098591549295775,0.8789808917197452,0.9993674889310563,0.0006325110689436864,0.904613321930317,0.8996370990848472,0.880179872614675,0.8768539989009254,0.971803782848896,0.8595667004264315,22560,0.8784104617530177,0.0035755671601227323,0.8788088527604774,0.01521200667281069,"{'classifier__ccp_alpha': np.float64(0.009717120953891038), 'classifier__max_depth': 5, 'classifier__max_features': 'sqrt', 'classifier__max_leaf_nodes': 6, 'classifier__min_impurity_decrease': np.float64(0.05612771975694963), 'classifier__min_samples_leaf': 7, 'classifier__min_samples_split': 4, 'classifier__n_estimators': 492, 'feature_selection_filter__k': 22}",88.77733898162842,"[1, 2, 3, 4, 5, 6, 7, 8, 9, 10, 11, 12, 14, 16, 17, 18, 19, 20, 21, 27, 28, 29]","['V1', 'V2', 'V3', 'V4', 'V5', 'V6', 'V7', 'V8', 'V9', 'V10', 'V11', 'V12', 'V14', 'V16', 'V17', 'V18', 'V19', 'V20', 'V21', 'V27', 'V28', 'Time_sin']"
CostSensitiveLearning_ClusterCentroids___RandomizedSearchCV__niter_30__cv_5,1,2,ExtraTreesClassifier,resubstitution,350,22121,13,76,0.9960549645390071,0.9641873278236914,0.8215962441314554,0.8871989860583016,0.9994126682931237,0.000587331706876304,0.9105044562122895,0.9061532401349268,0.8881415137116658,0.8852043879202524,0.9784340663419693,0.8740150962691304,22560,0.8863612512372274,0.0028753293518707767,0.8872593746437035,0.010184672879755446,"{'classifier__ccp_alpha': np.float64(0.004326980795636002), 'classifier__max_depth': 12, 'classifier__max_features': 'log2', 'classifier__max_leaf_nodes': 8, 'classifier__min_impurity_decrease': np.float64(0.012826034157607325), 'classifier__min_samples_leaf': 4, 'classifier__min_samples_split': 2, 'classifier__n_estimators': 207, 'feature_selection_filter__k': 22}",81.30332803726196,"[1, 2, 3, 4, 5, 6, 7, 8, 9, 10, 11, 12, 14, 16, 17, 18, 19, 20, 21, 27, 28, 29]","['V1', 'V2', 'V3', 'V4', 'V5', 'V6', 'V7', 'V8', 'V9', 'V10', 'V11', 'V12', 'V14', 'V16', 'V17', 'V18', 'V19', 'V20', 'V21', 'V27', 'V28', 'Time_sin']"
CostSensitiveLearning_ClusterCentroids___RandomizedSearchCV__niter_30__cv_5,1,3,ExtraTreesClassifier,resubstitution,348,22122,12,78,0.9960106382978723,0.9666666666666667,0.8169014084507042,0.8854961832061069,0.9994578476551911,0.0005421523448089216,0.9081796280529477,0.9035809445957982,0.8867237403070675,0.8834807040740434,0.9702312547008808,0.861162765802607,22560,0.8848522824055782,0.005885118650838624,0.8853237585199609,0.023589845910777334,"{'classifier__ccp_alpha': np.float64(0.008011292402349716), 'classifier__max_depth': 19, 'classifier__max_features': 'log2', 'classifier__max_leaf_nodes': 10, 'classifier__min_impurity_decrease': np.float64(0.08626743360369593), 'classifier__min_samples_leaf': 3, 'classifier__min_samples_split': 6, 'classifier__n_estimators': 385, 'feature_selection_filter__k': 22}",85.78228664398193,"[1, 2, 3, 4, 5, 6, 7, 8, 9, 10, 11, 12, 14, 16, 17, 18, 19, 20, 21, 27, 28, 29]","['V1', 'V2', 'V3', 'V4', 'V5', 'V6', 'V7', 'V8', 'V9', 'V10', 'V11', 'V12', 'V14', 'V16', 'V17', 'V18', 'V19', 'V20', 'V21', 'V27', 'V28', 'Time_sin']"
CostSensitiveLearning_ClusterCentroids___RandomizedSearchCV__niter_30__cv_5,1,4,ExtraTreesClassifier,resubstitution,348,22122,12,78,0.9960106382978723,0.9666666666666667,0.8169014084507042,0.8854961832061069,0.9994578476551911,0.0005421523448089216,0.9081796280529477,0.9035809445957982,0.8867237403070675,0.8834807040740434,0.9750927025361107,0.8748789187207884,22560,0.8866088250009767,0.0035751160966795764,0.8864136849328308,0.01728319260130633,"{'classifier__ccp_alpha': np.float64(0.0008280905242470115), 'classifier__max_depth': 14, 'classifier__max_features': 'sqrt', 'classifier__max_leaf_nodes': 12, 'classifier__min_impurity_decrease': np.float64(0.09648019005876224), 'classifier__min_samples_leaf': 1, 'classifier__min_samples_split': 3, 'classifier__n_estimators': 461, 'feature_selection_filter__k': 22}",85.40463209152222,"[0, 1, 2, 3, 4, 5, 6, 7, 8, 9, 10, 11, 12, 14, 16, 17, 18, 19, 20, 21, 27, 29]","['Amount_log1p', 'V1', 'V2', 'V3', 'V4', 'V5', 'V6', 'V7', 'V8', 'V9', 'V10', 'V11', 'V12', 'V14', 'V16', 'V17', 'V18', 'V19', 'V20', 'V21', 'V27', 'Time_sin']"
CostSensitiveLearning_ClusterCentroids___RandomizedSearchCV__niter_30__cv_5,1,5,ExtraTreesClassifier,resubstitution,346,22124,11,79,0.9960106382978723,0.969187675070028,0.8141176470588235,0.8849104859335039,0.9995030494691665,0.0004969505308335398,0.906810348263995,0.9020604585403112,0.8863725094845527,0.8828962417099087,0.968364660705032,0.85812080498017,22560,0.8845437129469053,0.004967309412238021,0.8845457681073363,0.021406948497363028,"{'classifier__ccp_alpha': np.float64(0.005272723877790149), 'classifier__max_depth': 9, 'classifier__max_features': 'log2', 'classifier__max_leaf_nodes': 9, 'classifier__min_impurity_decrease': np.float64(0.045169334226315486), 'classifier__min_samples_leaf': 2, 'classifier__min_samples_split': 5, 'classifier__n_estimators': 226, 'feature_selection_filter__k': 22}",84.70648241043091,"[1, 2, 3, 4, 5, 6, 7, 8, 9, 10, 11, 12, 14, 16, 17, 18, 19, 20, 21, 23, 27, 29]","['V1', 'V2', 'V3', 'V4', 'V5', 'V6', 'V7', 'V8', 'V9', 'V10', 'V11', 'V12', 'V14', 'V16', 'V17', 'V18', 'V19', 'V20', 'V21', 'V23', 'V27', 'Time_sin']"
CostSensitiveLearning_ClusterCentroids___RandomizedSearchCV__niter_30__cv_5,1,6,ExtraTreesClassifier,resubstitution,353,22124,11,72,0.9963209219858156,0.9697802197802198,0.8305882352941176,0.8948035487959443,0.9995030494691665,0.0004969505308335398,0.915045642381642,0.911139656710037,0.895719507132937,0.8929426589611239,0.9713998325781634,0.8746674266649971,22560,0.8937414449607373,0.004033392008063748,0.8946398799656471,0.0176688559661827,"{'classifier__ccp_alpha': np.float64(0.008352959589215472), 'classifier__max_depth': 11, 'classifier__max_features': 'sqrt', 'classifier__max_leaf_nodes': 19, 'classifier__min_impurity_decrease': np.float64(0.046992206511688145), 'classifier__min_samples_leaf': 3, 'classifier__min_samples_split': 3, 'classifier__n_estimators': 261, 'feature_selection_filter__k': 22}",85.89522886276245,"[1, 2, 3, 4, 5, 6, 7, 8, 9, 10, 11, 12, 14, 16, 17, 18, 19, 20, 21, 27, 28, 29]","['V1', 'V2', 'V3', 'V4', 'V5', 'V6', 'V7', 'V8', 'V9', 'V10', 'V11', 'V12', 'V14', 'V16', 'V17', 'V18', 'V19', 'V20', 'V21', 'V27', 'V28', 'Time_sin']"
CostSensitiveLearning_ClusterCentroids___RandomizedSearchCV__niter_30__cv_5,1,7,ExtraTreesClassifier,resubstitution,345,22124,11,80,0.9959663120567376,0.9691011235955056,0.8117647058823529,0.8834827144686299,0.9995030494691665,0.0004969505308335398,0.9056338776757598,0.9007559597254146,0.8850296788813826,0.8814466447534065,0.972787360980082,0.8624305868030387,22560,0.8826209836478448,0.0034410454530134273,0.8821501934377514,0.012827845309453936,"{'classifier__ccp_alpha': np.float64(0.0039863431471792886), 'classifier__max_depth': 19, 'classifier__max_features': 'log2', 'classifier__max_leaf_nodes': 10, 'classifier__min_impurity_decrease': np.float64(0.055713451088611754), 'classifier__min_samples_leaf': 4, 'classifier__min_samples_split': 2, 'classifier__n_estimators': 431, 'feature_selection_filter__k': 22}",83.875417470932,"[1, 2, 3, 4, 5, 6, 7, 8, 9, 10, 11, 12, 14, 16, 17, 18, 19, 20, 21, 27, 28, 29]","['V1', 'V2', 'V3', 'V4', 'V5', 'V6', 'V7', 'V8', 'V9', 'V10', 'V11', 'V12', 'V14', 'V16', 'V17', 'V18', 'V19', 'V20', 'V21', 'V27', 'V28', 'Time_sin']"
CostSensitiveLearning_ClusterCentroids___RandomizedSearchCV__niter_30__cv_5,1,8,ExtraTreesClassifier,resubstitution,351,22120,15,75,0.9960108151234431,0.9590163934426229,0.823943661971831,0.8863636363636364,0.999322340185227,0.0006776598147729684,0.911633001078529,0.9074058124469315,0.8869857166889983,0.8843452673884514,0.9766837301195926,0.8760102385728037,22561,0.8877638809497347,0.006881391707749879,0.8897974472807991,0.018636016581476598,"{'classifier__ccp_alpha': np.float64(0.006371514922760841), 'classifier__max_depth': 3, 'classifier__max_features': 'log2', 'classifier__max_leaf_nodes': 4, 'classifier__min_impurity_decrease': np.float64(0.06217624091915963), 'classifier__min_samples_leaf': 1, 'classifier__min_samples_split': 6, 'classifier__n_estimators': 781, 'feature_selection_filter__k': 26}",87.94137358665466,"[0, 1, 2, 3, 4, 5, 6, 7, 8, 9, 10, 11, 12, 13, 14, 16, 17, 18, 19, 20, 21, 23, 24, 27, 28, 29]","['Amount_log1p', 'V1', 'V2', 'V3', 'V4', 'V5', 'V6', 'V7', 'V8', 'V9', 'V10', 'V11', 'V12', 'V13', 'V14', 'V16', 'V17', 'V18', 'V19', 'V20', 'V21', 'V23', 'V24', 'V27', 'V28', 'Time_sin']"
CostSensitiveLearning_ClusterCentroids___RandomizedSearchCV__niter_30__cv_5,1,9,ExtraTreesClassifier,resubstitution,344,22122,13,82,0.9957891937414122,0.9635854341736695,0.8075117370892019,0.8786717752234994,0.9994126948271967,0.0005873051728032541,0.9034622159581993,0.8983526486123977,0.8800912647697615,0.8765461218785746,0.9746344189676875,0.8624263995872086,22561,0.8774873392595811,0.007861177495373881,0.877598763676278,0.027536646119078054,"{'classifier__ccp_alpha': np.float64(0.0004138001363788546), 'classifier__max_depth': 14, 'classifier__max_features': 'log2', 'classifier__max_leaf_nodes': 15, 'classifier__min_impurity_decrease': np.float64(0.02326027734024141), 'classifier__min_samples_leaf': 8, 'classifier__min_samples_split': 9, 'classifier__n_estimators': 906, 'feature_selection_filter__k': 26}",85.11144852638245,"[0, 1, 2, 3, 4, 5, 6, 7, 8, 9, 10, 11, 12, 14, 16, 17, 18, 19, 20, 21, 22, 23, 24, 27, 28, 29]","['Amount_log1p', 'V1', 'V2', 'V3', 'V4', 'V5', 'V6', 'V7', 'V8', 'V9', 'V10', 'V11', 'V12', 'V14', 'V16', 'V17', 'V18', 'V19', 'V20', 'V21', 'V22', 'V23', 'V24', 'V27', 'V28', 'Time_sin']"
CostSensitiveLearning_ClusterCentroids___RandomizedSearchCV__niter_30__cv_5,1,10,ExtraTreesClassifier,resubstitution,349,22122,13,77,0.9960108151234431,0.9640883977900553,0.8192488262910798,0.8857868020304569,0.9994126948271967,0.0005873051728032541,0.9093307605591383,0.9048578215485492,0.8868046259710755,0.8837703847886081,0.9745810227678852,0.8699846262162413,22561,0.8856722985247412,0.011538820058389875,0.8838566879009757,0.04615867165938861,"{'classifier__ccp_alpha': np.float64(0.0046710372533379785), 'classifier__max_depth': 14, 'classifier__max_features': 'log2', 'classifier__max_leaf_nodes': 9, 'classifier__min_impurity_decrease': np.float64(0.06391391135990555), 'classifier__min_samples_leaf': 9, 'classifier__min_samples_split': 4, 'classifier__n_estimators': 537, 'feature_selection_filter__k': 22}",85.36409068107605,"[1, 2, 3, 4, 5, 6, 7, 8, 9, 10, 11, 12, 14, 16, 17, 18, 19, 20, 21, 27, 28, 29]","['V1', 'V2', 'V3', 'V4', 'V5', 'V6', 'V7', 'V8', 'V9', 'V10', 'V11', 'V12', 'V14', 'V16', 'V17', 'V18', 'V19', 'V20', 'V21', 'V27', 'V28', 'Time_sin']"
CostSensitiveLearning_ClusterCentroids___RandomizedSearchCV__niter_30__cv_5,2,1,ExtraTreesClassifier,resubstitution,352,22122,12,74,0.9961879432624113,0.967032967032967,0.8262910798122066,0.8911392405063291,0.9994578476551911,0.0005421523448089216,0.9128744637336988,0.9087591012836085,0.892061344803999,0.8892114055788992,0.9730903341194119,0.8734506668590855,22560,0.8883077929866964,0.007880830127960124,0.8908377758766768,0.023854975542052,"{'classifier__ccp_alpha': np.float64(0.007138750807543565), 'classifier__max_depth': 16, 'classifier__max_features': 'sqrt', 'classifier__max_leaf_nodes': 18, 'classifier__min_impurity_decrease': np.float64(0.05058604491231858), 'classifier__min_samples_leaf': 1, 'classifier__min_samples_split': 3, 'classifier__n_estimators': 496, 'feature_selection_filter__k': 22}",86.22681140899658,"[1, 2, 3, 4, 5, 6, 7, 8, 9, 10, 11, 12, 14, 16, 17, 18, 19, 20, 21, 27, 28, 29]","['V1', 'V2', 'V3', 'V4', 'V5', 'V6', 'V7', 'V8', 'V9', 'V10', 'V11', 'V12', 'V14', 'V16', 'V17', 'V18', 'V19', 'V20', 'V21', 'V27', 'V28', 'Time_sin']"
CostSensitiveLearning_ClusterCentroids___RandomizedSearchCV__niter_30__cv_5,2,2,ExtraTreesClassifier,resubstitution,346,22122,12,80,0.9959219858156029,0.9664804469273743,0.812206572769953,0.8826530612244898,0.9994578476551911,0.0005421523448089216,0.905832210212572,0.9009807062707039,0.8840436292737277,0.8805938825075836,0.9715934761001175,0.8659276689153086,22560,0.8777474008058608,0.006060133804561374,0.8813852813852814,0.013153607976280847,"{'classifier__ccp_alpha': np.float64(0.004752216047979987), 'classifier__max_depth': 15, 'classifier__max_features': 'log2', 'classifier__max_leaf_nodes': 16, 'classifier__min_impurity_decrease': np.float64(0.07547195217222824), 'classifier__min_samples_leaf': 6, 'classifier__min_samples_split': 5, 'classifier__n_estimators': 633, 'feature_selection_filter__k': 26}",86.25808930397034,"[0, 1, 2, 3, 4, 5, 6, 7, 8, 9, 10, 11, 12, 14, 16, 17, 18, 19, 20, 21, 23, 24, 27, 28, 29, 30]","['Amount_log1p', 'V1', 'V2', 'V3', 'V4', 'V5', 'V6', 'V7', 'V8', 'V9', 'V10', 'V11', 'V12', 'V14', 'V16', 'V17', 'V18', 'V19', 'V20', 'V21', 'V23', 'V24', 'V27', 'V28', 'Time_sin', 'Time_cos']"
CostSensitiveLearning_ClusterCentroids___RandomizedSearchCV__niter_30__cv_5,2,3,ExtraTreesClassifier,resubstitution,353,22120,14,73,0.9961436170212766,0.9618528610354223,0.8286384976525821,0.8902900378310215,0.9993674889310563,0.0006325110689436864,0.9140029932918192,0.9100078981144416,0.8908963721863266,0.8883384091705051,0.9748993115343974,0.8753401575131711,22560,0.889434389893178,0.005746664489762788,0.8900022475742511,0.021446398584744363,"{'classifier__ccp_alpha': np.float64(0.004443157297172546), 'classifier__max_depth': 16, 'classifier__max_features': 'sqrt', 'classifier__max_leaf_nodes': 18, 'classifier__min_impurity_decrease': np.float64(0.02220717310132906), 'classifier__min_samples_leaf': 8, 'classifier__min_samples_split': 5, 'classifier__n_estimators': 470, 'feature_selection_filter__k': 22}",85.1719799041748,"[1, 2, 3, 4, 5, 6, 7, 8, 9, 10, 11, 12, 14, 16, 17, 18, 19, 20, 21, 27, 28, 29]","['V1', 'V2', 'V3', 'V4', 'V5', 'V6', 'V7', 'V8', 'V9', 'V10', 'V11', 'V12', 'V14', 'V16', 'V17', 'V18', 'V19', 'V20', 'V21', 'V27', 'V28', 'Time_sin']"
CostSensitiveLearning_ClusterCentroids___RandomizedSearchCV__niter_30__cv_5,2,4,ExtraTreesClassifier,resubstitution,348,22121,13,78,0.9959663120567376,0.96398891966759,0.8169014084507042,0.8843710292249047,0.9994126682931237,0.000587331706876304,0.908157038371914,0.9035605216874679,0.8854656770360604,0.8823326310982174,0.9754063066995692,0.8679087560766118,22560,0.8822610784519613,0.004776570108598574,0.8830953506399201,0.021223569295458773,"{'classifier__ccp_alpha': np.float64(0.005487721469214998), 'classifier__max_depth': 14, 'classifier__max_features': 'log2', 'classifier__max_leaf_nodes': 12, 'classifier__min_impurity_decrease': np.float64(0.06096630901033141), 'classifier__min_samples_leaf': 9, 'classifier__min_samples_split': 6, 'classifier__n_estimators': 350, 'feature_selection_filter__k': 22}",85.5108904838562,"[1, 2, 3, 4, 5, 6, 7, 8, 9, 10, 11, 12, 14, 16, 17, 18, 19, 20, 21, 27, 28, 29]","['V1', 'V2', 'V3', 'V4', 'V5', 'V6', 'V7', 'V8', 'V9', 'V10', 'V11', 'V12', 'V14', 'V16', 'V17', 'V18', 'V19', 'V20', 'V21', 'V27', 'V28', 'Time_sin']"
CostSensitiveLearning_ClusterCentroids___RandomizedSearchCV__niter_30__cv_5,2,5,ExtraTreesClassifier,resubstitution,347,22123,12,78,0.9960106382978723,0.9665738161559888,0.8164705882352942,0.8852040816326531,0.9994578721481816,0.000542127851818397,0.9079642301917379,0.9033426574612876,0.8864470876029442,0.8831887671593825,0.9750665833986633,0.8735996598915222,22560,0.8842839131624725,0.0028936600907538373,0.8865813416134912,0.012564874440723342,"{'classifier__ccp_alpha': np.float64(0.00633927444895302), 'classifier__max_depth': 14, 'classifier__max_features': 'log2', 'classifier__max_leaf_nodes': 13, 'classifier__min_impurity_decrease': np.float64(0.038227994080456386), 'classifier__min_samples_leaf': 8, 'classifier__min_samples_split': 5, 'classifier__n_estimators': 883, 'feature_selection_filter__k': 20}",82.20107054710388,"[1, 2, 3, 4, 5, 6, 7, 8, 9, 10, 11, 12, 14, 16, 17, 18, 19, 20, 21, 27]","['V1', 'V2', 'V3', 'V4', 'V5', 'V6', 'V7', 'V8', 'V9', 'V10', 'V11', 'V12', 'V14', 'V16', 'V17', 'V18', 'V19', 'V20', 'V21', 'V27']"
CostSensitiveLearning_ClusterCentroids___RandomizedSearchCV__niter_30__cv_5,2,6,ExtraTreesClassifier,resubstitution,345,22124,11,80,0.9959663120567376,0.9691011235955056,0.8117647058823529,0.8834827144686299,0.9995030494691665,0.0004969505308335398,0.9056338776757598,0.9007559597254146,0.8850296788813826,0.8814466447534065,0.9731612697484685,0.8680472921650694,22560,0.8814969342072569,0.003558692009017933,0.8846528199810482,0.01312080543848384,"{'classifier__ccp_alpha': np.float64(0.0046166789681508485), 'classifier__max_depth': 9, 'classifier__max_features': 'log2', 'classifier__max_leaf_nodes': 17, 'classifier__min_impurity_decrease': np.float64(0.0306884786387587), 'classifier__min_samples_leaf': 6, 'classifier__min_samples_split': 7, 'classifier__n_estimators': 739, 'feature_selection_filter__k': 26}",82.99929308891296,"[0, 1, 2, 3, 4, 5, 6, 7, 8, 9, 10, 11, 12, 14, 16, 17, 18, 19, 20, 21, 23, 24, 25, 27, 28, 29]","['Amount_log1p', 'V1', 'V2', 'V3', 'V4', 'V5', 'V6', 'V7', 'V8', 'V9', 'V10', 'V11', 'V12', 'V14', 'V16', 'V17', 'V18', 'V19', 'V20', 'V21', 'V23', 'V24', 'V25', 'V27', 'V28', 'Time_sin']"
CostSensitiveLearning_ClusterCentroids___RandomizedSearchCV__niter_30__cv_5,2,7,ExtraTreesClassifier,resubstitution,345,22123,12,80,0.9959219858156029,0.9663865546218487,0.8117647058823529,0.8823529411764706,0.9994578721481816,0.000542127851818397,0.9056112890152672,0.9007356025084003,0.8837599575672997,0.8802939359701288,0.9736991987669249,0.858452364263972,22560,0.8827561685537514,0.006433225501165888,0.8830869266493883,0.028016794128300986,"{'classifier__ccp_alpha': np.float64(0.004364340754354239), 'classifier__max_depth': 14, 'classifier__max_features': 'sqrt', 'classifier__max_leaf_nodes': 19, 'classifier__min_impurity_decrease': np.float64(0.0901796957392201), 'classifier__min_samples_leaf': 3, 'classifier__min_samples_split': 4, 'classifier__n_estimators': 232, 'feature_selection_filter__k': 22}",86.76288199424744,"[1, 2, 3, 4, 5, 6, 7, 8, 9, 10, 11, 12, 14, 16, 17, 18, 19, 20, 21, 27, 28, 29]","['V1', 'V2', 'V3', 'V4', 'V5', 'V6', 'V7', 'V8', 'V9', 'V10', 'V11', 'V12', 'V14', 'V16', 'V17', 'V18', 'V19', 'V20', 'V21', 'V27', 'V28', 'Time_sin']"
CostSensitiveLearning_ClusterCentroids___RandomizedSearchCV__niter_30__cv_5,2,8,ExtraTreesClassifier,resubstitution,351,22122,13,75,0.9960994636762555,0.9642857142857143,0.823943661971831,0.8886075949367088,0.9994126948271967,0.0005873051728032541,0.9116781783995138,0.9074468334823019,0.8894766929887314,0.886635015624338,0.9753290998153669,0.8750110711477933,22561,0.888947622221203,0.005799427713320456,0.8931328616651282,0.023441699718578828,"{'classifier__ccp_alpha': np.float64(0.009392818951823999), 'classifier__max_depth': 14, 'classifier__max_features': 'log2', 'classifier__max_leaf_nodes': 3, 'classifier__min_impurity_decrease': np.float64(0.07003609196406717), 'classifier__min_samples_leaf': 4, 'classifier__min_samples_split': 2, 'classifier__n_estimators': 757, 'feature_selection_filter__k': 28}",83.80342102050781,"[0, 1, 2, 3, 4, 5, 6, 7, 8, 9, 10, 11, 12, 14, 16, 17, 18, 19, 20, 21, 22, 23, 24, 25, 26, 27, 28, 29]","['Amount_log1p', 'V1', 'V2', 'V3', 'V4', 'V5', 'V6', 'V7', 'V8', 'V9', 'V10', 'V11', 'V12', 'V14', 'V16', 'V17', 'V18', 'V19', 'V20', 'V21', 'V22', 'V23', 'V24', 'V25', 'V26', 'V27', 'V28', 'Time_sin']"
CostSensitiveLearning_ClusterCentroids___RandomizedSearchCV__niter_30__cv_5,2,9,ExtraTreesClassifier,resubstitution,349,22121,14,77,0.9959664908470369,0.9614325068870524,0.8192488262910798,0.8846641318124208,0.9993675175062119,0.0006324824937881113,0.9093081718986458,0.9048373697800032,0.8855533653030844,0.8826248032384916,0.9730817401964683,0.8657394277760321,22561,0.8837519455821402,0.002607273826187526,0.8868370795249001,0.008091839323395827,"{'classifier__ccp_alpha': np.float64(0.007999163717286109), 'classifier__max_depth': 12, 'classifier__max_features': 'log2', 'classifier__max_leaf_nodes': 14, 'classifier__min_impurity_decrease': np.float64(0.04881396508777698), 'classifier__min_samples_leaf': 1, 'classifier__min_samples_split': 3, 'classifier__n_estimators': 477, 'feature_selection_filter__k': 22}",84.83260464668274,"[1, 2, 3, 4, 5, 6, 7, 8, 9, 10, 11, 12, 14, 16, 17, 18, 19, 20, 21, 27, 28, 29]","['V1', 'V2', 'V3', 'V4', 'V5', 'V6', 'V7', 'V8', 'V9', 'V10', 'V11', 'V12', 'V14', 'V16', 'V17', 'V18', 'V19', 'V20', 'V21', 'V27', 'V28', 'Time_sin']"
CostSensitiveLearning_ClusterCentroids___RandomizedSearchCV__niter_30__cv_5,2,10,ExtraTreesClassifier,resubstitution,350,22120,15,76,0.9959664908470369,0.958904109589041,0.8215962441314554,0.8849557522123894,0.999322340185227,0.0006776598147729684,0.9104592921583412,0.9061122896047924,0.8856474161696875,0.8829154369908795,0.980705041937492,0.8780152467091306,22561,0.8842499883958663,0.00717202119810024,0.8790025020707024,0.029674886783533323,"{'classifier__ccp_alpha': np.float64(0.003176186266722566), 'classifier__max_depth': 16, 'classifier__max_features': 'log2', 'classifier__max_leaf_nodes': 19, 'classifier__min_impurity_decrease': np.float64(0.0017448193399611234), 'classifier__min_samples_leaf': 7, 'classifier__min_samples_split': 7, 'classifier__n_estimators': 828, 'feature_selection_filter__k': 28}",87.59799599647522,"[0, 1, 2, 3, 4, 5, 6, 7, 8, 9, 10, 11, 12, 14, 15, 16, 17, 18, 19, 20, 21, 22, 23, 24, 27, 28, 29, 30]","['Amount_log1p', 'V1', 'V2', 'V3', 'V4', 'V5', 'V6', 'V7', 'V8', 'V9', 'V10', 'V11', 'V12', 'V14', 'V15', 'V16', 'V17', 'V18', 'V19', 'V20', 'V21', 'V22', 'V23', 'V24', 'V27', 'V28', 'Time_sin', 'Time_cos']"
CostSensitiveLearning_ClusterCentroids___RandomizedSearchCV__niter_30__cv_5,3,1,ExtraTreesClassifier,resubstitution,351,22122,12,75,0.9961436170212766,0.9669421487603306,0.823943661971831,0.8897338403041825,0.9994578476551911,0.0005421523448089216,0.911700754813511,0.9074673321852983,0.8907297498062103,0.8877840645962017,0.9702761689258469,0.871016552225736,22560,0.889265532088956,0.006877762421378271,0.8888015766654311,0.029091756823585165,"{'classifier__ccp_alpha': np.float64(0.00561949826254778), 'classifier__max_depth': 13, 'classifier__max_features': 'log2', 'classifier__max_leaf_nodes': 4, 'classifier__min_impurity_decrease': np.float64(0.05075638966100926), 'classifier__min_samples_leaf': 7, 'classifier__min_samples_split': 9, 'classifier__n_estimators': 283, 'feature_selection_filter__k': 22}",84.49338436126709,"[1, 2, 3, 4, 5, 6, 7, 8, 9, 10, 11, 12, 14, 16, 17, 18, 19, 20, 21, 27, 28, 29]","['V1', 'V2', 'V3', 'V4', 'V5', 'V6', 'V7', 'V8', 'V9', 'V10', 'V11', 'V12', 'V14', 'V16', 'V17', 'V18', 'V19', 'V20', 'V21', 'V27', 'V28', 'Time_sin']"
CostSensitiveLearning_ClusterCentroids___RandomizedSearchCV__niter_30__cv_5,3,2,ExtraTreesClassifier,resubstitution,351,22124,10,75,0.9962322695035462,0.9722991689750693,0.823943661971831,0.8919949174078781,0.999548206379326,0.0004517936206740458,0.9117459341755785,0.9075083522930009,0.8932515137455771,0.8900909191576756,0.9740013451995974,0.876240995786599,22560,0.8898513722814314,0.006174392553543372,0.8902781002605661,0.022353555533916648,"{'classifier__ccp_alpha': np.float64(0.0034687864778266487), 'classifier__max_depth': 17, 'classifier__max_features': 'log2', 'classifier__max_leaf_nodes': 10, 'classifier__min_impurity_decrease': np.float64(0.04058698222164993), 'classifier__min_samples_leaf': 1, 'classifier__min_samples_split': 7, 'classifier__n_estimators': 655, 'feature_selection_filter__k': 26}",88.00276637077332,"[0, 1, 2, 3, 4, 5, 6, 7, 8, 9, 10, 11, 12, 14, 16, 17, 18, 19, 20, 21, 22, 23, 24, 27, 28, 29]","['Amount_log1p', 'V1', 'V2', 'V3', 'V4', 'V5', 'V6', 'V7', 'V8', 'V9', 'V10', 'V11', 'V12', 'V14', 'V16', 'V17', 'V18', 'V19', 'V20', 'V21', 'V22', 'V23', 'V24', 'V27', 'V28', 'Time_sin']"
CostSensitiveLearning_ClusterCentroids___RandomizedSearchCV__niter_30__cv_5,3,3,ExtraTreesClassifier,resubstitution,346,22121,13,80,0.995877659574468,0.9637883008356546,0.812206572769953,0.8815286624203822,0.9994126682931237,0.000587331706876304,0.9058096205315384,0.9009603421334548,0.882782253439431,0.8794465462924849,0.9727034460611444,0.868266805533052,22560,0.8815874649560105,0.005593831341982705,0.8822897005279395,0.015784733716633702,"{'classifier__ccp_alpha': np.float64(0.006546026343439168), 'classifier__max_depth': 3, 'classifier__max_features': 'log2', 'classifier__max_leaf_nodes': 4, 'classifier__min_impurity_decrease': np.float64(0.07969030205434562), 'classifier__min_samples_leaf': 3, 'classifier__min_samples_split': 6, 'classifier__n_estimators': 368, 'feature_selection_filter__k': 26}",83.83267188072205,"[0, 1, 2, 3, 4, 5, 6, 7, 8, 9, 10, 11, 12, 14, 16, 17, 18, 19, 20, 21, 22, 23, 24, 27, 28, 29]","['Amount_log1p', 'V1', 'V2', 'V3', 'V4', 'V5', 'V6', 'V7', 'V8', 'V9', 'V10', 'V11', 'V12', 'V14', 'V16', 'V17', 'V18', 'V19', 'V20', 'V21', 'V22', 'V23', 'V24', 'V27', 'V28', 'Time_sin']"
CostSensitiveLearning_ClusterCentroids___RandomizedSearchCV__niter_30__cv_5,3,4,ExtraTreesClassifier,resubstitution,351,22120,14,75,0.9960549645390071,0.9616438356164384,0.823943661971831,0.8874841972187105,0.9993674889310563,0.0006325110689436864,0.9116555754514437,0.9074263102232863,0.8882285797438836,0.8854886340693898,0.9748409283446833,0.8720263029936983,22560,0.8883025783088045,0.008632494637457785,0.8869972284559917,0.03133377180211255,"{'classifier__ccp_alpha': np.float64(0.0040244270568539475), 'classifier__max_depth': 19, 'classifier__max_features': 'sqrt', 'classifier__max_leaf_nodes': 6, 'classifier__min_impurity_decrease': np.float64(0.026183527327257896), 'classifier__min_samples_leaf': 4, 'classifier__min_samples_split': 9, 'classifier__n_estimators': 316, 'feature_selection_filter__k': 22}",86.07149481773376,"[1, 2, 3, 4, 5, 6, 7, 8, 9, 10, 11, 12, 14, 16, 17, 18, 19, 20, 21, 27, 28, 29]","['V1', 'V2', 'V3', 'V4', 'V5', 'V6', 'V7', 'V8', 'V9', 'V10', 'V11', 'V12', 'V14', 'V16', 'V17', 'V18', 'V19', 'V20', 'V21', 'V27', 'V28', 'Time_sin']"
CostSensitiveLearning_ClusterCentroids___RandomizedSearchCV__niter_30__cv_5,3,5,ExtraTreesClassifier,resubstitution,348,22120,15,77,0.9959219858156029,0.9586776859504132,0.8188235294117647,0.883248730964467,0.999322340185227,0.0006776598147729684,0.9090729347984958,0.9045820281270748,0.8840249387643143,0.8811865544890785,0.9733613787055369,0.8687734083119887,22560,0.8851722037024021,0.00805393255820919,0.887069543385552,0.030105466090523114,"{'classifier__ccp_alpha': np.float64(7.548335699736008e-05), 'classifier__max_depth': 9, 'classifier__max_features': 'log2', 'classifier__max_leaf_nodes': 12, 'classifier__min_impurity_decrease': np.float64(0.0298640559012035), 'classifier__min_samples_leaf': 3, 'classifier__min_samples_split': 4, 'classifier__n_estimators': 362, 'feature_selection_filter__k': 20}",84.58550596237183,"[1, 2, 3, 4, 5, 6, 7, 8, 9, 10, 11, 12, 14, 16, 17, 18, 19, 20, 21, 27]","['V1', 'V2', 'V3', 'V4', 'V5', 'V6', 'V7', 'V8', 'V9', 'V10', 'V11', 'V12', 'V14', 'V16', 'V17', 'V18', 'V19', 'V20', 'V21', 'V27']"
CostSensitiveLearning_ClusterCentroids___RandomizedSearchCV__niter_30__cv_5,3,6,ExtraTreesClassifier,resubstitution,344,22123,12,81,0.995877659574468,0.9662921348314607,0.8094117647058824,0.8809218950064021,0.9994578721481816,0.000542127851818397,0.904434818427032,0.8994292412661742,0.8824135191366842,0.8788410765062287,0.9726865358296017,0.8619492051498532,22560,0.8805356520555627,0.007048350150158005,0.8805303780313153,0.027261897331741242,"{'classifier__ccp_alpha': np.float64(0.005446143249571904), 'classifier__max_depth': 15, 'classifier__max_features': 'log2', 'classifier__max_leaf_nodes': 5, 'classifier__min_impurity_decrease': np.float64(0.05859760421971975), 'classifier__min_samples_leaf': 2, 'classifier__min_samples_split': 8, 'classifier__n_estimators': 402, 'feature_selection_filter__k': 22}",83.8148262500763,"[1, 2, 3, 4, 5, 6, 7, 8, 9, 10, 11, 12, 14, 16, 17, 18, 19, 20, 21, 27, 28, 29]","['V1', 'V2', 'V3', 'V4', 'V5', 'V6', 'V7', 'V8', 'V9', 'V10', 'V11', 'V12', 'V14', 'V16', 'V17', 'V18', 'V19', 'V20', 'V21', 'V27', 'V28', 'Time_sin']"
CostSensitiveLearning_ClusterCentroids___RandomizedSearchCV__niter_30__cv_5,3,7,ExtraTreesClassifier,resubstitution,344,22126,9,81,0.9960106382978723,0.9745042492917847,0.8094117647058824,0.884318766066838,0.9995934041111362,0.00040659588886382547,0.9045025844085093,0.8994902229651832,0.8862438318780692,0.8823067733309838,0.9753829309451361,0.8689185219802085,22560,0.8806646570526915,0.00615636651167803,0.884227779873229,0.017980141298205733,"{'classifier__ccp_alpha': np.float64(0.008791671943931125), 'classifier__max_depth': 3, 'classifier__max_features': 'log2', 'classifier__max_leaf_nodes': 7, 'classifier__min_impurity_decrease': np.float64(0.030279044471243233), 'classifier__min_samples_leaf': 6, 'classifier__min_samples_split': 2, 'classifier__n_estimators': 573, 'feature_selection_filter__k': 26}",83.82503414154053,"[0, 1, 2, 3, 4, 5, 6, 7, 8, 9, 10, 11, 12, 14, 16, 17, 18, 19, 20, 21, 23, 24, 27, 28, 29, 30]","['Amount_log1p', 'V1', 'V2', 'V3', 'V4', 'V5', 'V6', 'V7', 'V8', 'V9', 'V10', 'V11', 'V12', 'V14', 'V16', 'V17', 'V18', 'V19', 'V20', 'V21', 'V23', 'V24', 'V27', 'V28', 'Time_sin', 'Time_cos']"
CostSensitiveLearning_ClusterCentroids___RandomizedSearchCV__niter_30__cv_5,3,8,ExtraTreesClassifier,resubstitution,349,22117,18,77,0.9957891937414122,0.9509536784741145,0.8192488262910798,0.880201765447667,0.9991868082222725,0.0008131917777275399,0.909217817256676,0.9047555580827492,0.880599166258089,0.8780707728196574,0.9743535984372464,0.8747748555920108,22561,0.883161338284393,0.00571282524482843,0.8865111862065296,0.025044441913405477,"{'classifier__ccp_alpha': np.float64(0.00031605677523529496), 'classifier__max_depth': 8, 'classifier__max_features': 'sqrt', 'classifier__max_leaf_nodes': 19, 'classifier__min_impurity_decrease': np.float64(0.019507262853552657), 'classifier__min_samples_leaf': 9, 'classifier__min_samples_split': 2, 'classifier__n_estimators': 906, 'feature_selection_filter__k': 28}",84.29336023330688,"[0, 1, 2, 3, 4, 5, 6, 7, 8, 9, 10, 11, 12, 13, 14, 16, 17, 18, 19, 20, 21, 23, 24, 26, 27, 28, 29, 30]","['Amount_log1p', 'V1', 'V2', 'V3', 'V4', 'V5', 'V6', 'V7', 'V8', 'V9', 'V10', 'V11', 'V12', 'V13', 'V14', 'V16', 'V17', 'V18', 'V19', 'V20', 'V21', 'V23', 'V24', 'V26', 'V27', 'V28', 'Time_sin', 'Time_cos']"
CostSensitiveLearning_ClusterCentroids___RandomizedSearchCV__niter_30__cv_5,3,9,ExtraTreesClassifier,resubstitution,349,22123,12,77,0.9960551393998492,0.9667590027700831,0.8192488262910798,0.8869123252858958,0.9994578721481816,0.000542127851818397,0.9093533492196306,0.9048782728548508,0.8880610412442757,0.8849188170405266,0.97586624331487,0.8695048425764141,22561,0.8854846513613749,0.0054672315354619165,0.8854087082034333,0.02025792372198008,"{'classifier__ccp_alpha': np.float64(0.002700647561648236), 'classifier__max_depth': 5, 'classifier__max_features': 'sqrt', 'classifier__max_leaf_nodes': 14, 'classifier__min_impurity_decrease': np.float64(0.0597360781416191), 'classifier__min_samples_leaf': 5, 'classifier__min_samples_split': 2, 'classifier__n_estimators': 454, 'feature_selection_filter__k': 22}",83.826899766922,"[1, 2, 3, 4, 5, 6, 7, 8, 9, 10, 11, 12, 14, 16, 17, 18, 19, 20, 21, 27, 28, 29]","['V1', 'V2', 'V3', 'V4', 'V5', 'V6', 'V7', 'V8', 'V9', 'V10', 'V11', 'V12', 'V14', 'V16', 'V17', 'V18', 'V19', 'V20', 'V21', 'V27', 'V28', 'Time_sin']"
CostSensitiveLearning_ClusterCentroids___RandomizedSearchCV__niter_30__cv_5,3,10,ExtraTreesClassifier,resubstitution,345,22125,10,81,0.9959664908470369,0.971830985915493,0.8098591549295775,0.8834827144686299,0.9995482267901513,0.00045177320984868263,0.9047036908598645,0.8997184461039073,0.8852427512228517,0.8814476949887228,0.9742839765799072,0.871785736326464,22561,0.8828787547685859,0.0066291952640930825,0.8830256405033253,0.02648357137788469,"{'classifier__ccp_alpha': np.float64(0.009266232928052407), 'classifier__max_depth': 4, 'classifier__max_features': 'sqrt', 'classifier__max_leaf_nodes': 15, 'classifier__min_impurity_decrease': np.float64(0.08648821513193976), 'classifier__min_samples_leaf': 1, 'classifier__min_samples_split': 9, 'classifier__n_estimators': 956, 'feature_selection_filter__k': 20}",88.78815364837646,"[1, 2, 3, 4, 5, 6, 7, 8, 9, 10, 11, 12, 14, 16, 17, 18, 19, 20, 21, 27]","['V1', 'V2', 'V3', 'V4', 'V5', 'V6', 'V7', 'V8', 'V9', 'V10', 'V11', 'V12', 'V14', 'V16', 'V17', 'V18', 'V19', 'V20', 'V21', 'V27']"
CostSensitiveLearning_ClusterCentroids___RandomizedSearchCV__niter_30__cv_5,4,1,ExtraTreesClassifier,resubstitution,348,22122,12,78,0.9960106382978723,0.9666666666666667,0.8169014084507042,0.8854961832061069,0.9994578476551911,0.0005421523448089216,0.9081796280529477,0.9035809445957982,0.8867237403070675,0.8834807040740434,0.9749916853005021,0.8663371411501912,22560,0.8851902472159964,0.004572448792016092,0.8851186166162449,0.015689548073679064,"{'classifier__ccp_alpha': np.float64(0.0017873896318170834), 'classifier__max_depth': 17, 'classifier__max_features': 'log2', 'classifier__max_leaf_nodes': 5, 'classifier__min_impurity_decrease': np.float64(0.05178350676692215), 'classifier__min_samples_leaf': 1, 'classifier__min_samples_split': 4, 'classifier__n_estimators': 307, 'feature_selection_filter__k': 22}",83.04455423355103,"[1, 2, 3, 4, 5, 6, 7, 8, 9, 10, 11, 12, 14, 16, 17, 18, 19, 20, 21, 27, 28, 29]","['V1', 'V2', 'V3', 'V4', 'V5', 'V6', 'V7', 'V8', 'V9', 'V10', 'V11', 'V12', 'V14', 'V16', 'V17', 'V18', 'V19', 'V20', 'V21', 'V27', 'V28', 'Time_sin']"
CostSensitiveLearning_ClusterCentroids___RandomizedSearchCV__niter_30__cv_5,4,2,ExtraTreesClassifier,resubstitution,346,22121,13,80,0.995877659574468,0.9637883008356546,0.812206572769953,0.8815286624203822,0.9994126682931237,0.000587331706876304,0.9058096205315384,0.9009603421334548,0.882782253439431,0.8794465462924849,0.9739128424351718,0.8603871544402795,22560,0.8832339889469301,0.0024929465465440876,0.8854547134004959,0.013143261115322828,"{'classifier__ccp_alpha': np.float64(0.0015512120817136545), 'classifier__max_depth': 11, 'classifier__max_features': 'sqrt', 'classifier__max_leaf_nodes': 19, 'classifier__min_impurity_decrease': np.float64(0.09194505028864744), 'classifier__min_samples_leaf': 7, 'classifier__min_samples_split': 7, 'classifier__n_estimators': 377, 'feature_selection_filter__k': 22}",80.24119281768799,"[1, 2, 3, 4, 5, 6, 7, 8, 9, 10, 11, 12, 14, 16, 17, 18, 19, 20, 21, 27, 28, 29]","['V1', 'V2', 'V3', 'V4', 'V5', 'V6', 'V7', 'V8', 'V9', 'V10', 'V11', 'V12', 'V14', 'V16', 'V17', 'V18', 'V19', 'V20', 'V21', 'V27', 'V28', 'Time_sin']"
CostSensitiveLearning_ClusterCentroids___RandomizedSearchCV__niter_30__cv_5,4,3,ExtraTreesClassifier,resubstitution,343,22122,12,83,0.9957890070921985,0.9661971830985916,0.8051643192488263,0.8783610755441741,0.9994578476551911,0.0005421523448089216,0.9023110834520087,0.8970662169122127,0.8800091342946864,0.8762365088439616,0.9708647202633894,0.8648470116929357,22560,0.8763677440904537,0.0071508757094649236,0.8791350150839421,0.026033412259458273,"{'classifier__ccp_alpha': np.float64(0.005010052352003983), 'classifier__max_depth': 3, 'classifier__max_features': 'log2', 'classifier__max_leaf_nodes': 5, 'classifier__min_impurity_decrease': np.float64(0.06120602013881591), 'classifier__min_samples_leaf': 8, 'classifier__min_samples_split': 6, 'classifier__n_estimators': 792, 'feature_selection_filter__k': 20}",84.82165503501892,"[1, 2, 3, 4, 5, 6, 7, 8, 9, 10, 11, 12, 14, 16, 17, 18, 19, 20, 21, 27]","['V1', 'V2', 'V3', 'V4', 'V5', 'V6', 'V7', 'V8', 'V9', 'V10', 'V11', 'V12', 'V14', 'V16', 'V17', 'V18', 'V19', 'V20', 'V21', 'V27']"
CostSensitiveLearning_ClusterCentroids___RandomizedSearchCV__niter_30__cv_5,4,4,ExtraTreesClassifier,resubstitution,358,22113,21,68,0.9960549645390071,0.9445910290237467,0.8403755868544601,0.8894409937888199,0.9990512333965844,0.000948766603415585,0.9197134101255222,0.9162850356539316,0.8890115995685524,0.8874396145015342,0.979378908916285,0.8840632676163979,22560,0.892350657898904,0.0031114002360823744,0.8889231386353345,0.017194823815420417,"{'classifier__ccp_alpha': np.float64(0.001140913965735), 'classifier__max_depth': 16, 'classifier__max_features': 'sqrt', 'classifier__max_leaf_nodes': 15, 'classifier__min_impurity_decrease': np.float64(0.0009172780543765358), 'classifier__min_samples_leaf': 8, 'classifier__min_samples_split': 2, 'classifier__n_estimators': 393, 'feature_selection_filter__k': 20}",83.70177841186523,"[1, 2, 3, 4, 5, 6, 7, 8, 9, 10, 11, 12, 14, 16, 17, 18, 19, 20, 21, 27]","['V1', 'V2', 'V3', 'V4', 'V5', 'V6', 'V7', 'V8', 'V9', 'V10', 'V11', 'V12', 'V14', 'V16', 'V17', 'V18', 'V19', 'V20', 'V21', 'V27']"
CostSensitiveLearning_ClusterCentroids___RandomizedSearchCV__niter_30__cv_5,4,5,ExtraTreesClassifier,resubstitution,347,22123,12,78,0.9960106382978723,0.9665738161559888,0.8164705882352942,0.8852040816326531,0.9994578721481816,0.000542127851818397,0.9079642301917379,0.9033426574612876,0.8864470876029442,0.8831887671593825,0.9724088281800184,0.8681458942817942,22560,0.8838682595806091,0.0016949399576289095,0.8879282169118305,0.011294138676202685,"{'classifier__ccp_alpha': np.float64(0.007798025027972299), 'classifier__max_depth': 7, 'classifier__max_features': 'log2', 'classifier__max_leaf_nodes': 12, 'classifier__min_impurity_decrease': np.float64(0.08683273293746242), 'classifier__min_samples_leaf': 5, 'classifier__min_samples_split': 2, 'classifier__n_estimators': 849, 'feature_selection_filter__k': 26}",85.16644716262817,"[0, 1, 2, 3, 4, 5, 6, 7, 8, 9, 10, 11, 12, 14, 16, 17, 18, 19, 20, 21, 22, 23, 24, 27, 28, 29]","['Amount_log1p', 'V1', 'V2', 'V3', 'V4', 'V5', 'V6', 'V7', 'V8', 'V9', 'V10', 'V11', 'V12', 'V14', 'V16', 'V17', 'V18', 'V19', 'V20', 'V21', 'V22', 'V23', 'V24', 'V27', 'V28', 'Time_sin']"
CostSensitiveLearning_ClusterCentroids___RandomizedSearchCV__niter_30__cv_5,4,6,ExtraTreesClassifier,resubstitution,354,22123,12,71,0.9963209219858156,0.9672131147540983,0.8329411764705882,0.8950695322376738,0.9994578721481816,0.000542127851818397,0.9161995243093849,0.9124086890532648,0.8957925985927689,0.8932077705650667,0.9750959752321982,0.8761601572859441,22560,0.894501349174736,0.0037335344698180427,0.893881132462892,0.01132459596205704,"{'classifier__ccp_alpha': np.float64(0.002440594920969588), 'classifier__max_depth': 4, 'classifier__max_features': 'log2', 'classifier__max_leaf_nodes': 9, 'classifier__min_impurity_decrease': np.float64(0.03378039108248576), 'classifier__min_samples_leaf': 9, 'classifier__min_samples_split': 5, 'classifier__n_estimators': 326, 'feature_selection_filter__k': 22}",82.69138312339783,"[1, 2, 3, 4, 5, 6, 7, 8, 9, 10, 11, 12, 14, 16, 17, 18, 19, 20, 21, 27, 28, 29]","['V1', 'V2', 'V3', 'V4', 'V5', 'V6', 'V7', 'V8', 'V9', 'V10', 'V11', 'V12', 'V14', 'V16', 'V17', 'V18', 'V19', 'V20', 'V21', 'V27', 'V28', 'Time_sin']"
CostSensitiveLearning_ClusterCentroids___RandomizedSearchCV__niter_30__cv_5,4,7,ExtraTreesClassifier,resubstitution,344,22123,12,81,0.995877659574468,0.9662921348314607,0.8094117647058824,0.8809218950064021,0.9994578721481816,0.000542127851818397,0.904434818427032,0.8994292412661742,0.8824135191366842,0.8788410765062287,0.9759609880545849,0.8753643895691969,22560,0.8804761172381725,0.00820964116273277,0.8831570189972198,0.03343251379535358,"{'classifier__ccp_alpha': np.float64(0.005080718318967853), 'classifier__max_depth': 12, 'classifier__max_features': 'sqrt', 'classifier__max_leaf_nodes': 5, 'classifier__min_impurity_decrease': np.float64(0.02058132696035212), 'classifier__min_samples_leaf': 7, 'classifier__min_samples_split': 6, 'classifier__n_estimators': 229, 'feature_selection_filter__k': 'all'}",87.08612108230591,"[0, 1, 2, 3, 4, 5, 6, 7, 8, 9, 10, 11, 12, 13, 14, 15, 16, 17, 18, 19, 20, 21, 22, 23, 24, 25, 26, 27, 28, 29, 30]","['Amount_log1p', 'V1', 'V2', 'V3', 'V4', 'V5', 'V6', 'V7', 'V8', 'V9', 'V10', 'V11', 'V12', 'V13', 'V14', 'V15', 'V16', 'V17', 'V18', 'V19', 'V20', 'V21', 'V22', 'V23', 'V24', 'V25', 'V26', 'V27', 'V28', 'Time_sin', 'Time_cos']"
CostSensitiveLearning_ClusterCentroids___RandomizedSearchCV__niter_30__cv_5,4,8,ExtraTreesClassifier,resubstitution,352,22123,12,74,0.9961881122290679,0.967032967032967,0.8262910798122066,0.8911392405063291,0.9994578721481816,0.000542127851818397,0.9128744759801941,0.9087591124187594,0.8920614275501568,0.8892114925419667,0.9761676905798923,0.8762873678750426,22561,0.8904212484504201,0.007569249968014274,0.8908397216573316,0.030730941194490227,"{'classifier__ccp_alpha': np.float64(0.000599098979516014), 'classifier__max_depth': 3, 'classifier__max_features': 'sqrt', 'classifier__max_leaf_nodes': 15, 'classifier__min_impurity_decrease': np.float64(0.062211520577939675), 'classifier__min_samples_leaf': 9, 'classifier__min_samples_split': 4, 'classifier__n_estimators': 405, 'feature_selection_filter__k': 22}",86.028653383255,"[1, 2, 3, 4, 5, 6, 7, 8, 9, 10, 11, 12, 14, 16, 17, 18, 19, 20, 21, 27, 28, 29]","['V1', 'V2', 'V3', 'V4', 'V5', 'V6', 'V7', 'V8', 'V9', 'V10', 'V11', 'V12', 'V14', 'V16', 'V17', 'V18', 'V19', 'V20', 'V21', 'V27', 'V28', 'Time_sin']"
CostSensitiveLearning_ClusterCentroids___RandomizedSearchCV__niter_30__cv_5,4,9,ExtraTreesClassifier,resubstitution,354,22118,17,72,0.9960551393998492,0.954177897574124,0.8309859154929577,0.8883312421580929,0.9992319855432573,0.0007680144567426828,0.9151089505181076,0.9112341665546291,0.8885278607406419,0.8863330790644225,0.9786114018649963,0.8779058603459963,22561,0.8847282425529894,0.004946004500823233,0.8869673560361327,0.024767089574782193,"{'classifier__ccp_alpha': np.float64(0.0025752082404325504), 'classifier__max_depth': 19, 'classifier__max_features': 'log2', 'classifier__max_leaf_nodes': 14, 'classifier__min_impurity_decrease': np.float64(0.0015691041386025285), 'classifier__min_samples_leaf': 3, 'classifier__min_samples_split': 8, 'classifier__n_estimators': 263, 'feature_selection_filter__k': 24}",83.99387454986572,"[0, 1, 2, 3, 4, 5, 6, 7, 8, 9, 10, 11, 12, 14, 16, 17, 18, 19, 20, 21, 24, 27, 28, 29]","['Amount_log1p', 'V1', 'V2', 'V3', 'V4', 'V5', 'V6', 'V7', 'V8', 'V9', 'V10', 'V11', 'V12', 'V14', 'V16', 'V17', 'V18', 'V19', 'V20', 'V21', 'V24', 'V27', 'V28', 'Time_sin']"
CostSensitiveLearning_ClusterCentroids___RandomizedSearchCV__niter_30__cv_5,4,10,ExtraTreesClassifier,resubstitution,350,22119,16,76,0.9959221665706307,0.9562841530054644,0.8215962441314554,0.8838383838383839,0.9992771628642422,0.0007228371357578256,0.9104367034978488,0.9060918076307709,0.8844079377835345,0.881775162219306,0.9802165754105993,0.8730841803755708,22561,0.8832698289892843,0.003472401613596774,0.8850437785176964,0.017051788537214972,"{'classifier__ccp_alpha': np.float64(0.009222670572468152), 'classifier__max_depth': 9, 'classifier__max_features': 'log2', 'classifier__max_leaf_nodes': 19, 'classifier__min_impurity_decrease': np.float64(0.0007058108829003263), 'classifier__min_samples_leaf': 3, 'classifier__min_samples_split': 8, 'classifier__n_estimators': 354, 'feature_selection_filter__k': 28}",83.89179277420044,"[0, 1, 2, 3, 4, 5, 6, 7, 8, 9, 10, 11, 12, 13, 14, 16, 17, 18, 19, 20, 21, 22, 23, 24, 27, 28, 29, 30]","['Amount_log1p', 'V1', 'V2', 'V3', 'V4', 'V5', 'V6', 'V7', 'V8', 'V9', 'V10', 'V11', 'V12', 'V13', 'V14', 'V16', 'V17', 'V18', 'V19', 'V20', 'V21', 'V22', 'V23', 'V24', 'V27', 'V28', 'Time_sin', 'Time_cos']"
CostSensitiveLearning_ClusterCentroids___RandomizedSearchCV__niter_30__cv_5,5,1,ExtraTreesClassifier,resubstitution,358,22119,15,68,0.9963209219858156,0.9597855227882037,0.8403755868544601,0.8961201501877347,0.9993223095689889,0.0006776904310110687,0.9198489482117245,0.9164093366835552,0.8963014726395152,0.8942558366319088,0.9814993693979183,0.8858224240563789,22560,0.8937307001074062,0.004031419878803863,0.8945809663031417,0.020598900041705955,"{'classifier__ccp_alpha': np.float64(0.008887985931709285), 'classifier__max_depth': 18, 'classifier__max_features': 'log2', 'classifier__max_leaf_nodes': 10, 'classifier__min_impurity_decrease': np.float64(0.0006687945618917391), 'classifier__min_samples_leaf': 7, 'classifier__min_samples_split': 6, 'classifier__n_estimators': 526, 'feature_selection_filter__k': 26}",83.19338417053223,"[0, 1, 2, 3, 4, 5, 6, 7, 8, 9, 10, 11, 12, 14, 16, 17, 18, 19, 20, 21, 22, 24, 25, 27, 28, 29]","['Amount_log1p', 'V1', 'V2', 'V3', 'V4', 'V5', 'V6', 'V7', 'V8', 'V9', 'V10', 'V11', 'V12', 'V14', 'V16', 'V17', 'V18', 'V19', 'V20', 'V21', 'V22', 'V24', 'V25', 'V27', 'V28', 'Time_sin']"
CostSensitiveLearning_ClusterCentroids___RandomizedSearchCV__niter_30__cv_5,5,2,ExtraTreesClassifier,resubstitution,343,22123,11,83,0.9958333333333333,0.9689265536723164,0.8051643192488263,0.8794871794871795,0.9995030270172586,0.0004969729827414282,0.9023336731330425,0.8970864921151651,0.881280846588319,0.8773855762919545,0.975384459402419,0.8774708333623836,22560,0.8802158660561098,0.010030673560944928,0.8812100384594033,0.03414735567733054,"{'classifier__ccp_alpha': np.float64(0.009322041378638003), 'classifier__max_depth': 3, 'classifier__max_features': 'sqrt', 'classifier__max_leaf_nodes': 12, 'classifier__min_impurity_decrease': np.float64(0.015964745182290675), 'classifier__min_samples_leaf': 9, 'classifier__min_samples_split': 7, 'classifier__n_estimators': 334, 'feature_selection_filter__k': 28}",82.6671895980835,"[0, 1, 2, 3, 4, 5, 6, 7, 8, 9, 10, 11, 12, 14, 16, 17, 18, 19, 20, 21, 22, 23, 24, 26, 27, 28, 29, 30]","['Amount_log1p', 'V1', 'V2', 'V3', 'V4', 'V5', 'V6', 'V7', 'V8', 'V9', 'V10', 'V11', 'V12', 'V14', 'V16', 'V17', 'V18', 'V19', 'V20', 'V21', 'V22', 'V23', 'V24', 'V26', 'V27', 'V28', 'Time_sin', 'Time_cos']"
CostSensitiveLearning_ClusterCentroids___RandomizedSearchCV__niter_30__cv_5,5,3,ExtraTreesClassifier,resubstitution,344,22121,13,82,0.9957890070921985,0.9635854341736695,0.8075117370892019,0.8786717752234994,0.9994126682931237,0.000587331706876304,0.9034622026911627,0.8983526366869163,0.8800911740486477,0.8765460260055175,0.9711345237777074,0.8592932497782452,22560,0.87756004691242,0.006311816879028825,0.8782287449916198,0.018890745001551516,"{'classifier__ccp_alpha': np.float64(0.004244083106147193), 'classifier__max_depth': 10, 'classifier__max_features': 'sqrt', 'classifier__max_leaf_nodes': 8, 'classifier__min_impurity_decrease': np.float64(0.057583765436821345), 'classifier__min_samples_leaf': 2, 'classifier__min_samples_split': 8, 'classifier__n_estimators': 275, 'feature_selection_filter__k': 22}",84.84719777107239,"[1, 2, 3, 4, 5, 6, 7, 8, 9, 10, 11, 12, 14, 16, 17, 18, 19, 20, 21, 27, 28, 29]","['V1', 'V2', 'V3', 'V4', 'V5', 'V6', 'V7', 'V8', 'V9', 'V10', 'V11', 'V12', 'V14', 'V16', 'V17', 'V18', 'V19', 'V20', 'V21', 'V27', 'V28', 'Time_sin']"
CostSensitiveLearning_ClusterCentroids___RandomizedSearchCV__niter_30__cv_5,5,4,ExtraTreesClassifier,resubstitution,347,22124,10,79,0.9960549645390071,0.9719887955182073,0.8145539906103286,0.8863346104725415,0.999548206379326,0.0004517936206740458,0.9070510984948272,0.9023225478251534,0.8879198021092621,0.8843431190999058,0.9727990544998857,0.8707665214863493,22560,0.8853980601300682,0.0047827285613124245,0.8876179835033898,0.015170600447124628,"{'classifier__ccp_alpha': np.float64(0.006616364860253396), 'classifier__max_depth': 16, 'classifier__max_features': 'log2', 'classifier__max_leaf_nodes': 5, 'classifier__min_impurity_decrease': np.float64(0.053120807125578144), 'classifier__min_samples_leaf': 9, 'classifier__min_samples_split': 5, 'classifier__n_estimators': 781, 'feature_selection_filter__k': 26}",85.54539680480957,"[0, 1, 2, 3, 4, 5, 6, 7, 8, 9, 10, 11, 12, 14, 16, 17, 18, 19, 20, 21, 23, 24, 27, 28, 29, 30]","['Amount_log1p', 'V1', 'V2', 'V3', 'V4', 'V5', 'V6', 'V7', 'V8', 'V9', 'V10', 'V11', 'V12', 'V14', 'V16', 'V17', 'V18', 'V19', 'V20', 'V21', 'V23', 'V24', 'V27', 'V28', 'Time_sin', 'Time_cos']"
CostSensitiveLearning_ClusterCentroids___RandomizedSearchCV__niter_30__cv_5,5,5,ExtraTreesClassifier,resubstitution,348,22124,11,77,0.9960992907801418,0.9693593314763231,0.8188235294117647,0.8877551020408163,0.9995030494691665,0.0004969505308335398,0.9091632894404655,0.9046638130400512,0.889052469399281,0.8857845723336185,0.9753547615567573,0.8710546200463587,22560,0.886112129134068,0.005833758191285947,0.887674051593909,0.02169239773716816,"{'classifier__ccp_alpha': np.float64(0.008983317293984687), 'classifier__max_depth': 7, 'classifier__max_features': 'log2', 'classifier__max_leaf_nodes': 12, 'classifier__min_impurity_decrease': np.float64(0.06789263484683766), 'classifier__min_samples_leaf': 9, 'classifier__min_samples_split': 5, 'classifier__n_estimators': 659, 'feature_selection_filter__k': 26}",84.78029251098633,"[0, 1, 2, 3, 4, 5, 6, 7, 8, 9, 10, 11, 12, 14, 16, 17, 18, 19, 20, 21, 23, 24, 27, 28, 29, 30]","['Amount_log1p', 'V1', 'V2', 'V3', 'V4', 'V5', 'V6', 'V7', 'V8', 'V9', 'V10', 'V11', 'V12', 'V14', 'V16', 'V17', 'V18', 'V19', 'V20', 'V21', 'V23', 'V24', 'V27', 'V28', 'Time_sin', 'Time_cos']"
CostSensitiveLearning_ClusterCentroids___RandomizedSearchCV__niter_30__cv_5,5,6,ExtraTreesClassifier,resubstitution,347,22120,15,78,0.995877659574468,0.9585635359116023,0.8164705882352942,0.8818297331639136,0.999322340185227,0.0006776598147729684,0.9078964642102606,0.9032814062780785,0.8826793281321237,0.8797456528392814,0.975881157070915,0.8784982465485975,22560,0.8823717639241535,0.007778733630805879,0.8824176956229408,0.03150785464217604,"{'classifier__ccp_alpha': np.float64(0.0030594604623340473), 'classifier__max_depth': 13, 'classifier__max_features': 'sqrt', 'classifier__max_leaf_nodes': 16, 'classifier__min_impurity_decrease': np.float64(0.004926967128526583), 'classifier__min_samples_leaf': 7, 'classifier__min_samples_split': 6, 'classifier__n_estimators': 682, 'feature_selection_filter__k': 20}",84.97766828536987,"[1, 2, 3, 4, 5, 6, 7, 8, 9, 10, 11, 12, 14, 16, 17, 18, 19, 20, 21, 27]","['V1', 'V2', 'V3', 'V4', 'V5', 'V6', 'V7', 'V8', 'V9', 'V10', 'V11', 'V12', 'V14', 'V16', 'V17', 'V18', 'V19', 'V20', 'V21', 'V27']"
CostSensitiveLearning_ClusterCentroids___RandomizedSearchCV__niter_30__cv_5,5,7,ExtraTreesClassifier,resubstitution,349,22123,12,76,0.9960992907801418,0.9667590027700831,0.8211764705882353,0.8880407124681934,0.9994578721481816,0.000542127851818397,0.9103171713682084,0.9059422100511,0.8891266127146655,0.8860691717966567,0.9758765861890272,0.8700650333817923,22560,0.8877222274647627,0.004709182043982011,0.8874768122002905,0.017494877309407443,"{'classifier__ccp_alpha': np.float64(0.00792541558580673), 'classifier__max_depth': 10, 'classifier__max_features': 'log2', 'classifier__max_leaf_nodes': 5, 'classifier__min_impurity_decrease': np.float64(0.036401901069435694), 'classifier__min_samples_leaf': 9, 'classifier__min_samples_split': 9, 'classifier__n_estimators': 332, 'feature_selection_filter__k': 22}",84.43806385993958,"[1, 2, 3, 4, 5, 6, 7, 8, 9, 10, 11, 12, 14, 16, 17, 18, 19, 20, 21, 27, 28, 29]","['V1', 'V2', 'V3', 'V4', 'V5', 'V6', 'V7', 'V8', 'V9', 'V10', 'V11', 'V12', 'V14', 'V16', 'V17', 'V18', 'V19', 'V20', 'V21', 'V27', 'V28', 'Time_sin']"
CostSensitiveLearning_ClusterCentroids___RandomizedSearchCV__niter_30__cv_5,5,8,ExtraTreesClassifier,resubstitution,349,22119,16,77,0.9958778422942246,0.9561643835616438,0.8192488262910798,0.8824273072060683,0.9992771628642422,0.0007228371357578256,0.9092629945776609,0.9047964648560529,0.8830661666242616,0.8803421498917778,0.9739272242141956,0.8691734085733965,22561,0.880211474443608,0.007629607999687207,0.8842495836579491,0.019314556185064755,"{'classifier__ccp_alpha': np.float64(0.009470560261366542), 'classifier__max_depth': 18, 'classifier__max_features': 'log2', 'classifier__max_leaf_nodes': 15, 'classifier__min_impurity_decrease': np.float64(0.058859531008475935), 'classifier__min_samples_leaf': 4, 'classifier__min_samples_split': 6, 'classifier__n_estimators': 673, 'feature_selection_filter__k': 22}",84.52709698677063,"[1, 2, 3, 4, 5, 6, 7, 8, 9, 10, 11, 12, 14, 16, 17, 18, 19, 20, 21, 27, 28, 29]","['V1', 'V2', 'V3', 'V4', 'V5', 'V6', 'V7', 'V8', 'V9', 'V10', 'V11', 'V12', 'V14', 'V16', 'V17', 'V18', 'V19', 'V20', 'V21', 'V27', 'V28', 'Time_sin']"
CostSensitiveLearning_ClusterCentroids___RandomizedSearchCV__niter_30__cv_5,5,9,ExtraTreesClassifier,resubstitution,347,22124,11,79,0.9960108151234431,0.9692737430167597,0.8145539906103286,0.8852040816326531,0.9995030494691665,0.0004969505308335398,0.9070285200397475,0.9023021653372567,0.886649669280852,0.8831897585246297,0.9731043818819853,0.8702406065979259,22561,0.8840498327330149,0.006371987019019804,0.8847900323852104,0.02394363185735535,"{'classifier__ccp_alpha': np.float64(0.001530541987661469), 'classifier__max_depth': 6, 'classifier__max_features': 'log2', 'classifier__max_leaf_nodes': 6, 'classifier__min_impurity_decrease': np.float64(0.04098421423590053), 'classifier__min_samples_leaf': 3, 'classifier__min_samples_split': 4, 'classifier__n_estimators': 580, 'feature_selection_filter__k': 26}",84.86282682418823,"[0, 1, 2, 3, 4, 5, 6, 7, 8, 9, 10, 11, 12, 14, 16, 17, 18, 19, 20, 21, 22, 23, 24, 27, 28, 29]","['Amount_log1p', 'V1', 'V2', 'V3', 'V4', 'V5', 'V6', 'V7', 'V8', 'V9', 'V10', 'V11', 'V12', 'V14', 'V16', 'V17', 'V18', 'V19', 'V20', 'V21', 'V22', 'V23', 'V24', 'V27', 'V28', 'Time_sin']"
CostSensitiveLearning_ClusterCentroids___RandomizedSearchCV__niter_30__cv_5,5,10,ExtraTreesClassifier,resubstitution,349,22125,10,77,0.9961437879526617,0.9721448467966574,0.8192488262910798,0.889171974522293,0.9995482267901513,0.00045177320984868263,0.9093985265406155,0.9049191740808465,0.8905894788255613,0.8872242763186131,0.9736996938335079,0.8673669073754284,22561,0.8892330685555148,0.005374438845023123,0.8893184232754953,0.020305805221775598,"{'classifier__ccp_alpha': np.float64(0.002370970592494234), 'classifier__max_depth': 4, 'classifier__max_features': 'log2', 'classifier__max_leaf_nodes': 18, 'classifier__min_impurity_decrease': np.float64(0.035457844233667525), 'classifier__min_samples_leaf': 3, 'classifier__min_samples_split': 3, 'classifier__n_estimators': 892, 'feature_selection_filter__k': 24}",85.38589549064636,"[1, 2, 3, 4, 5, 6, 7, 8, 9, 10, 11, 12, 14, 16, 17, 18, 19, 20, 21, 23, 24, 27, 28, 29]","['V1', 'V2', 'V3', 'V4', 'V5', 'V6', 'V7', 'V8', 'V9', 'V10', 'V11', 'V12', 'V14', 'V16', 'V17', 'V18', 'V19', 'V20', 'V21', 'V23', 'V24', 'V27', 'V28', 'Time_sin']"
CostSensitiveLearning_ClusterCentroids___RandomizedSearchCV__niter_30__cv_5,6,1,ExtraTreesClassifier,resubstitution,346,22122,12,80,0.9959219858156029,0.9664804469273743,0.812206572769953,0.8826530612244898,0.9994578476551911,0.0005421523448089216,0.905832210212572,0.9009807062707039,0.8840436292737277,0.8805938825075836,0.975071915787366,0.864828276825118,22560,0.8820875746938164,0.004346195858601327,0.8814759396050214,0.016171542031019392,"{'classifier__ccp_alpha': np.float64(0.00835235422395176), 'classifier__max_depth': 14, 'classifier__max_features': 'log2', 'classifier__max_leaf_nodes': 17, 'classifier__min_impurity_decrease': np.float64(0.05558492198838372), 'classifier__min_samples_leaf': 2, 'classifier__min_samples_split': 6, 'classifier__n_estimators': 448, 'feature_selection_filter__k': 22}",84.64344501495361,"[1, 2, 3, 4, 5, 6, 7, 8, 9, 10, 11, 12, 14, 16, 17, 18, 19, 20, 21, 27, 28, 29]","['V1', 'V2', 'V3', 'V4', 'V5', 'V6', 'V7', 'V8', 'V9', 'V10', 'V11', 'V12', 'V14', 'V16', 'V17', 'V18', 'V19', 'V20', 'V21', 'V27', 'V28', 'Time_sin']"
CostSensitiveLearning_ClusterCentroids___RandomizedSearchCV__niter_30__cv_5,6,2,ExtraTreesClassifier,resubstitution,343,22122,12,83,0.9957890070921985,0.9661971830985916,0.8051643192488263,0.8783610755441741,0.9994578476551911,0.0005421523448089216,0.9023110834520087,0.8970662169122127,0.8800091342946864,0.8762365088439616,0.9717952984616532,0.8586494647317076,22560,0.8758537834048111,0.007212939352412789,0.8767469181346451,0.030868474063807834,"{'classifier__ccp_alpha': np.float64(0.0034156443309109807), 'classifier__max_depth': 17, 'classifier__max_features': 'log2', 'classifier__max_leaf_nodes': 18, 'classifier__min_impurity_decrease': np.float64(0.059763777320695405), 'classifier__min_samples_leaf': 5, 'classifier__min_samples_split': 4, 'classifier__n_estimators': 283, 'feature_selection_filter__k': 22}",86.09220767021179,"[1, 2, 3, 4, 5, 6, 7, 8, 9, 10, 11, 12, 14, 16, 17, 18, 19, 20, 21, 27, 28, 29]","['V1', 'V2', 'V3', 'V4', 'V5', 'V6', 'V7', 'V8', 'V9', 'V10', 'V11', 'V12', 'V14', 'V16', 'V17', 'V18', 'V19', 'V20', 'V21', 'V27', 'V28', 'Time_sin']"
CostSensitiveLearning_ClusterCentroids___RandomizedSearchCV__niter_30__cv_5,6,3,ExtraTreesClassifier,resubstitution,351,22122,12,75,0.9961436170212766,0.9669421487603306,0.823943661971831,0.8897338403041825,0.9994578476551911,0.0005421523448089216,0.911700754813511,0.9074673321852983,0.8907297498062103,0.8877840645962017,0.9732778390774757,0.8700395666659543,22560,0.8894508261666333,0.0030836256476297614,0.888571485668962,0.012076553075589169,"{'classifier__ccp_alpha': np.float64(0.00355279451581785), 'classifier__max_depth': 17, 'classifier__max_features': 'log2', 'classifier__max_leaf_nodes': 12, 'classifier__min_impurity_decrease': np.float64(0.0492634027107476), 'classifier__min_samples_leaf': 3, 'classifier__min_samples_split': 6, 'classifier__n_estimators': 370, 'feature_selection_filter__k': 22}",83.92749738693237,"[1, 2, 3, 4, 5, 6, 7, 8, 9, 10, 11, 12, 14, 16, 17, 18, 19, 20, 21, 27, 28, 29]","['V1', 'V2', 'V3', 'V4', 'V5', 'V6', 'V7', 'V8', 'V9', 'V10', 'V11', 'V12', 'V14', 'V16', 'V17', 'V18', 'V19', 'V20', 'V21', 'V27', 'V28', 'Time_sin']"
CostSensitiveLearning_ClusterCentroids___RandomizedSearchCV__niter_30__cv_5,6,4,ExtraTreesClassifier,resubstitution,356,22123,11,70,0.9964095744680851,0.9700272479564033,0.8356807511737089,0.8978562421185372,0.9995030270172586,0.0004969729827414282,0.9175918890954837,0.9139285751185257,0.8986193459412185,0.8960392085380565,0.9781658536502591,0.8859519482654533,22560,0.8963697489638374,0.004231904547550338,0.897733500281271,0.015651693053344812,"{'classifier__ccp_alpha': np.float64(0.0057752962751887495), 'classifier__max_depth': 4, 'classifier__max_features': 'log2', 'classifier__max_leaf_nodes': 7, 'classifier__min_impurity_decrease': np.float64(0.00122399119085842), 'classifier__min_samples_leaf': 2, 'classifier__min_samples_split': 9, 'classifier__n_estimators': 964, 'feature_selection_filter__k': 28}",87.58709764480591,"[0, 1, 2, 3, 4, 5, 6, 7, 8, 9, 10, 11, 12, 14, 16, 17, 18, 19, 20, 21, 22, 23, 24, 26, 27, 28, 29, 30]","['Amount_log1p', 'V1', 'V2', 'V3', 'V4', 'V5', 'V6', 'V7', 'V8', 'V9', 'V10', 'V11', 'V12', 'V14', 'V16', 'V17', 'V18', 'V19', 'V20', 'V21', 'V22', 'V23', 'V24', 'V26', 'V27', 'V28', 'Time_sin', 'Time_cos']"
CostSensitiveLearning_ClusterCentroids___RandomizedSearchCV__niter_30__cv_5,6,5,ExtraTreesClassifier,resubstitution,350,22124,11,75,0.9961879432624113,0.9695290858725761,0.8235294117647058,0.8905852417302799,0.9995030494691665,0.0004969505308335398,0.9115162306169362,0.9072596973228626,0.891724884399739,0.8886585088012782,0.9746849147610251,0.8755216532073586,22560,0.8898817181674943,0.0031506178040110705,0.8905874716001296,0.012888492281846313,"{'classifier__ccp_alpha': np.float64(0.00502492890590809), 'classifier__max_depth': 11, 'classifier__max_features': 'sqrt', 'classifier__max_leaf_nodes': 10, 'classifier__min_impurity_decrease': np.float64(0.052440809639706945), 'classifier__min_samples_leaf': 5, 'classifier__min_samples_split': 3, 'classifier__n_estimators': 447, 'feature_selection_filter__k': 22}",82.53254127502441,"[1, 2, 3, 4, 5, 6, 7, 8, 9, 10, 11, 12, 14, 16, 17, 18, 19, 20, 21, 27, 28, 29]","['V1', 'V2', 'V3', 'V4', 'V5', 'V6', 'V7', 'V8', 'V9', 'V10', 'V11', 'V12', 'V14', 'V16', 'V17', 'V18', 'V19', 'V20', 'V21', 'V27', 'V28', 'Time_sin']"
CostSensitiveLearning_ClusterCentroids___RandomizedSearchCV__niter_30__cv_5,6,6,ExtraTreesClassifier,resubstitution,348,22118,17,77,0.9958333333333333,0.9534246575342465,0.8188235294117647,0.8810126582278481,0.9992319855432573,0.0007680144567426828,0.909027757477511,0.90454113289759,0.8815419787128416,0.8789046462027792,0.9752768971152952,0.8705121729869033,22560,0.8829727279298497,0.004281217254421789,0.8832931839721416,0.013576227231458975,"{'classifier__ccp_alpha': np.float64(0.004971842379981542), 'classifier__max_depth': 8, 'classifier__max_features': 'sqrt', 'classifier__max_leaf_nodes': 15, 'classifier__min_impurity_decrease': np.float64(0.026349541685201806), 'classifier__min_samples_leaf': 3, 'classifier__min_samples_split': 7, 'classifier__n_estimators': 390, 'feature_selection_filter__k': 22}",83.62160587310791,"[1, 2, 3, 4, 5, 6, 7, 8, 9, 10, 11, 12, 14, 16, 17, 18, 19, 20, 21, 27, 28, 29]","['V1', 'V2', 'V3', 'V4', 'V5', 'V6', 'V7', 'V8', 'V9', 'V10', 'V11', 'V12', 'V14', 'V16', 'V17', 'V18', 'V19', 'V20', 'V21', 'V27', 'V28', 'Time_sin']"
CostSensitiveLearning_ClusterCentroids___RandomizedSearchCV__niter_30__cv_5,6,7,ExtraTreesClassifier,resubstitution,348,22116,19,77,0.9957446808510638,0.9482288828337875,0.8188235294117647,0.8787878787878788,0.9991416309012876,0.0008583690987123971,0.9089825801565261,0.9045002358191064,0.879079182403274,0.8766340255542828,0.9771732284510822,0.8710131965438374,22560,0.8836008232718697,0.005311597589527713,0.8831645569092974,0.022981970882431004,"{'classifier__ccp_alpha': np.float64(0.0008582452199506508), 'classifier__max_depth': 18, 'classifier__max_features': 'log2', 'classifier__max_leaf_nodes': 19, 'classifier__min_impurity_decrease': np.float64(0.0024307963183221593), 'classifier__min_samples_leaf': 7, 'classifier__min_samples_split': 4, 'classifier__n_estimators': 214, 'feature_selection_filter__k': 26}",84.38636589050293,"[0, 1, 2, 3, 4, 5, 6, 7, 8, 9, 10, 11, 12, 14, 16, 17, 18, 19, 20, 21, 23, 24, 27, 28, 29, 30]","['Amount_log1p', 'V1', 'V2', 'V3', 'V4', 'V5', 'V6', 'V7', 'V8', 'V9', 'V10', 'V11', 'V12', 'V14', 'V16', 'V17', 'V18', 'V19', 'V20', 'V21', 'V23', 'V24', 'V27', 'V28', 'Time_sin', 'Time_cos']"
CostSensitiveLearning_ClusterCentroids___RandomizedSearchCV__niter_30__cv_5,6,8,ExtraTreesClassifier,resubstitution,347,22120,15,79,0.9958335180178184,0.9585635359116023,0.8145539906103286,0.8807106598984772,0.999322340185227,0.0006776598147729684,0.9069381653977778,0.9022205939258586,0.8816211297337729,0.8786046241125464,0.9788335767181964,0.8714402473522539,22561,0.8828973954275717,0.0029292429817782237,0.8831986881043485,0.013389115925846145,"{'classifier__ccp_alpha': np.float64(0.006722785586307918), 'classifier__max_depth': 11, 'classifier__max_features': 'log2', 'classifier__max_leaf_nodes': 10, 'classifier__min_impurity_decrease': np.float64(0.0031446387626298147), 'classifier__min_samples_leaf': 6, 'classifier__min_samples_split': 6, 'classifier__n_estimators': 485, 'feature_selection_filter__k': 26}",84.54915022850037,"[0, 1, 2, 3, 4, 5, 6, 7, 8, 9, 10, 11, 12, 14, 16, 17, 18, 19, 20, 21, 23, 24, 26, 27, 28, 29]","['Amount_log1p', 'V1', 'V2', 'V3', 'V4', 'V5', 'V6', 'V7', 'V8', 'V9', 'V10', 'V11', 'V12', 'V14', 'V16', 'V17', 'V18', 'V19', 'V20', 'V21', 'V23', 'V24', 'V26', 'V27', 'V28', 'Time_sin']"
CostSensitiveLearning_ClusterCentroids___RandomizedSearchCV__niter_30__cv_5,6,9,ExtraTreesClassifier,resubstitution,348,22122,13,78,0.9959664908470369,0.96398891966759,0.8169014084507042,0.8843710292249047,0.9994126948271967,0.0005873051728032541,0.9081570516389506,0.9035605336820831,0.885465764383436,0.8823327230414373,0.9745693572624664,0.8677537293483572,22561,0.8843694018130333,0.0035852663672697347,0.8843447055293246,0.014305986254222995,"{'classifier__ccp_alpha': np.float64(0.006103281532093939), 'classifier__max_depth': 8, 'classifier__max_features': 'log2', 'classifier__max_leaf_nodes': 4, 'classifier__min_impurity_decrease': np.float64(0.08596182957290652), 'classifier__min_samples_leaf': 7, 'classifier__min_samples_split': 7, 'classifier__n_estimators': 312, 'feature_selection_filter__k': 22}",85.95182538032532,"[1, 2, 3, 4, 5, 6, 7, 8, 9, 10, 11, 12, 14, 16, 17, 18, 19, 20, 21, 27, 28, 29]","['V1', 'V2', 'V3', 'V4', 'V5', 'V6', 'V7', 'V8', 'V9', 'V10', 'V11', 'V12', 'V14', 'V16', 'V17', 'V18', 'V19', 'V20', 'V21', 'V27', 'V28', 'Time_sin']"
CostSensitiveLearning_ClusterCentroids___RandomizedSearchCV__niter_30__cv_5,6,10,ExtraTreesClassifier,resubstitution,350,22119,16,76,0.9959221665706307,0.9562841530054644,0.8215962441314554,0.8838383838383839,0.9992771628642422,0.0007228371357578256,0.9104367034978488,0.9060918076307709,0.8844079377835345,0.881775162219306,0.97707547900156,0.8790793003459423,22561,0.8846746889910371,0.0013925246161202373,0.885019443823154,0.008920272486292269,"{'classifier__ccp_alpha': np.float64(0.00971820930994912), 'classifier__max_depth': 18, 'classifier__max_features': 'sqrt', 'classifier__max_leaf_nodes': 19, 'classifier__min_impurity_decrease': np.float64(0.013052772590932982), 'classifier__min_samples_leaf': 7, 'classifier__min_samples_split': 3, 'classifier__n_estimators': 505, 'feature_selection_filter__k': 'all'}",85.06870698928833,"[0, 1, 2, 3, 4, 5, 6, 7, 8, 9, 10, 11, 12, 13, 14, 15, 16, 17, 18, 19, 20, 21, 22, 23, 24, 25, 26, 27, 28, 29, 30]","['Amount_log1p', 'V1', 'V2', 'V3', 'V4', 'V5', 'V6', 'V7', 'V8', 'V9', 'V10', 'V11', 'V12', 'V13', 'V14', 'V15', 'V16', 'V17', 'V18', 'V19', 'V20', 'V21', 'V22', 'V23', 'V24', 'V25', 'V26', 'V27', 'V28', 'Time_sin', 'Time_cos']"
CostSensitiveLearning_ClusterCentroids___RandomizedSearchCV__niter_30__cv_5,7,1,ExtraTreesClassifier,resubstitution,355,22112,22,71,0.995877659574468,0.9416445623342176,0.8333333333333334,0.8841843088418431,0.999006054034517,0.0009939459654829674,0.9161696936839252,0.912417144199277,0.8838007873850214,0.8820937463963536,0.9807514706624736,0.8775693122210177,22560,0.8812524821329056,0.01108830789728515,0.883483876695,0.03099234557899708,"{'classifier__ccp_alpha': np.float64(0.0036454124157554225), 'classifier__max_depth': 15, 'classifier__max_features': 'sqrt', 'classifier__max_leaf_nodes': 12, 'classifier__min_impurity_decrease': np.float64(0.002939812691347221), 'classifier__min_samples_leaf': 4, 'classifier__min_samples_split': 2, 'classifier__n_estimators': 564, 'feature_selection_filter__k': 26}",83.87639379501343,"[0, 1, 2, 3, 4, 5, 6, 7, 8, 9, 10, 11, 12, 13, 14, 16, 17, 18, 19, 20, 21, 23, 24, 27, 28, 29]","['Amount_log1p', 'V1', 'V2', 'V3', 'V4', 'V5', 'V6', 'V7', 'V8', 'V9', 'V10', 'V11', 'V12', 'V13', 'V14', 'V16', 'V17', 'V18', 'V19', 'V20', 'V21', 'V23', 'V24', 'V27', 'V28', 'Time_sin']"
CostSensitiveLearning_ClusterCentroids___RandomizedSearchCV__niter_30__cv_5,7,2,ExtraTreesClassifier,resubstitution,356,22117,17,70,0.9961436170212766,0.9544235924932976,0.8356807511737089,0.8911138923654568,0.999231950844854,0.0007680491551459445,0.9174563510092815,0.9138046329926316,0.8911937108954,0.8891597323732056,0.9826339440819489,0.8821694041056506,22560,0.8883857952849092,0.004415161602366845,0.8843546810981022,0.018386603540140715,"{'classifier__ccp_alpha': np.float64(0.0021527348928559766), 'classifier__max_depth': 7, 'classifier__max_features': 'sqrt', 'classifier__max_leaf_nodes': 16, 'classifier__min_impurity_decrease': np.float64(0.0013673686339184755), 'classifier__min_samples_leaf': 4, 'classifier__min_samples_split': 6, 'classifier__n_estimators': 539, 'feature_selection_filter__k': 'all'}",85.66902089118958,"[0, 1, 2, 3, 4, 5, 6, 7, 8, 9, 10, 11, 12, 13, 14, 15, 16, 17, 18, 19, 20, 21, 22, 23, 24, 25, 26, 27, 28, 29, 30]","['Amount_log1p', 'V1', 'V2', 'V3', 'V4', 'V5', 'V6', 'V7', 'V8', 'V9', 'V10', 'V11', 'V12', 'V13', 'V14', 'V15', 'V16', 'V17', 'V18', 'V19', 'V20', 'V21', 'V22', 'V23', 'V24', 'V25', 'V26', 'V27', 'V28', 'Time_sin', 'Time_cos']"
CostSensitiveLearning_ClusterCentroids___RandomizedSearchCV__niter_30__cv_5,7,3,ExtraTreesClassifier,resubstitution,356,22120,14,70,0.9962765957446809,0.9621621621621622,0.8356807511737089,0.8944723618090452,0.9993674889310563,0.0006325110689436864,0.9175241200523826,0.9138666061567675,0.8948841258125498,0.8925867733180974,0.9729631213381915,0.8722136470356302,22560,0.8947385821187984,0.007250582008970444,0.8941534299630789,0.024531048157791956,"{'classifier__ccp_alpha': np.float64(0.007595950701336443), 'classifier__max_depth': 9, 'classifier__max_features': 'sqrt', 'classifier__max_leaf_nodes': 14, 'classifier__min_impurity_decrease': np.float64(0.04153635484798555), 'classifier__min_samples_leaf': 4, 'classifier__min_samples_split': 9, 'classifier__n_estimators': 346, 'feature_selection_filter__k': 22}",87.59079146385193,"[1, 2, 3, 4, 5, 6, 7, 8, 9, 10, 11, 12, 14, 16, 17, 18, 19, 20, 21, 27, 28, 29]","['V1', 'V2', 'V3', 'V4', 'V5', 'V6', 'V7', 'V8', 'V9', 'V10', 'V11', 'V12', 'V14', 'V16', 'V17', 'V18', 'V19', 'V20', 'V21', 'V27', 'V28', 'Time_sin']"
CostSensitiveLearning_ClusterCentroids___RandomizedSearchCV__niter_30__cv_5,7,4,ExtraTreesClassifier,resubstitution,348,22125,9,78,0.9961436170212766,0.9747899159663865,0.8169014084507042,0.8888888888888888,0.9995933857413933,0.00040661425860666345,0.9082473970960487,0.9036422105513622,0.8905293447961337,0.8869421501313686,0.9741968042707011,0.872454465246569,22560,0.8873798639287228,0.0051844192930435105,0.8874023993059851,0.018060395631952674,"{'classifier__ccp_alpha': np.float64(0.002968345786700355), 'classifier__max_depth': 12, 'classifier__max_features': 'log2', 'classifier__max_leaf_nodes': 17, 'classifier__min_impurity_decrease': np.float64(0.0425562328723219), 'classifier__min_samples_leaf': 4, 'classifier__min_samples_split': 6, 'classifier__n_estimators': 643, 'feature_selection_filter__k': 26}",87.09549498558044,"[0, 1, 2, 3, 4, 5, 6, 7, 8, 9, 10, 11, 12, 14, 16, 17, 18, 19, 20, 21, 23, 24, 26, 27, 28, 29]","['Amount_log1p', 'V1', 'V2', 'V3', 'V4', 'V5', 'V6', 'V7', 'V8', 'V9', 'V10', 'V11', 'V12', 'V14', 'V16', 'V17', 'V18', 'V19', 'V20', 'V21', 'V23', 'V24', 'V26', 'V27', 'V28', 'Time_sin']"
CostSensitiveLearning_ClusterCentroids___RandomizedSearchCV__niter_30__cv_5,7,5,ExtraTreesClassifier,resubstitution,348,22118,17,77,0.9958333333333333,0.9534246575342465,0.8188235294117647,0.8810126582278481,0.9992319855432573,0.0007680144567426828,0.909027757477511,0.90454113289759,0.8815419787128416,0.8789046462027792,0.9816483344184748,0.879266752795769,22560,0.8803477607883876,0.0050481900278763646,0.8803152186934661,0.01818178567197724,"{'classifier__ccp_alpha': np.float64(0.008481724912577577), 'classifier__max_depth': 9, 'classifier__max_features': 'log2', 'classifier__max_leaf_nodes': 17, 'classifier__min_impurity_decrease': np.float64(0.0026922779980500747), 'classifier__min_samples_leaf': 5, 'classifier__min_samples_split': 4, 'classifier__n_estimators': 780, 'feature_selection_filter__k': 28}",83.68771243095398,"[0, 1, 2, 3, 4, 5, 6, 7, 8, 9, 10, 11, 12, 13, 14, 16, 17, 18, 19, 20, 21, 23, 24, 26, 27, 28, 29, 30]","['Amount_log1p', 'V1', 'V2', 'V3', 'V4', 'V5', 'V6', 'V7', 'V8', 'V9', 'V10', 'V11', 'V12', 'V13', 'V14', 'V16', 'V17', 'V18', 'V19', 'V20', 'V21', 'V23', 'V24', 'V26', 'V27', 'V28', 'Time_sin', 'Time_cos']"
CostSensitiveLearning_ClusterCentroids___RandomizedSearchCV__niter_30__cv_5,7,6,ExtraTreesClassifier,resubstitution,348,22120,15,77,0.9959219858156029,0.9586776859504132,0.8188235294117647,0.883248730964467,0.999322340185227,0.0006776598147729684,0.9090729347984958,0.9045820281270748,0.8840249387643143,0.8811865544890785,0.9760521930931849,0.8710230279100086,22560,0.8865306341108227,0.008065654815226728,0.885037938985039,0.02507426921527988,"{'classifier__ccp_alpha': np.float64(0.003109459190092728), 'classifier__max_depth': 11, 'classifier__max_features': 'sqrt', 'classifier__max_leaf_nodes': 7, 'classifier__min_impurity_decrease': np.float64(0.05377511468714618), 'classifier__min_samples_leaf': 7, 'classifier__min_samples_split': 3, 'classifier__n_estimators': 424, 'feature_selection_filter__k': 22}",85.34641098976135,"[0, 1, 2, 3, 4, 5, 6, 7, 8, 9, 10, 11, 12, 14, 16, 17, 18, 19, 20, 21, 27, 29]","['Amount_log1p', 'V1', 'V2', 'V3', 'V4', 'V5', 'V6', 'V7', 'V8', 'V9', 'V10', 'V11', 'V12', 'V14', 'V16', 'V17', 'V18', 'V19', 'V20', 'V21', 'V27', 'Time_sin']"
CostSensitiveLearning_ClusterCentroids___RandomizedSearchCV__niter_30__cv_5,7,7,ExtraTreesClassifier,resubstitution,345,22123,12,80,0.9959219858156029,0.9663865546218487,0.8117647058823529,0.8823529411764706,0.9994578721481816,0.000542127851818397,0.9056112890152672,0.9007356025084003,0.8837599575672997,0.8802939359701288,0.9748461180722572,0.8632991925172219,22560,0.8816915370706345,0.0048307083178965775,0.88186305741595,0.02178943121279509,"{'classifier__ccp_alpha': np.float64(0.006839867721365864), 'classifier__max_depth': 7, 'classifier__max_features': 'sqrt', 'classifier__max_leaf_nodes': 6, 'classifier__min_impurity_decrease': np.float64(0.061707139946129065), 'classifier__min_samples_leaf': 6, 'classifier__min_samples_split': 2, 'classifier__n_estimators': 318, 'feature_selection_filter__k': 22}",85.09439015388489,"[1, 2, 3, 4, 5, 6, 7, 8, 9, 10, 11, 12, 14, 16, 17, 18, 19, 20, 21, 27, 28, 29]","['V1', 'V2', 'V3', 'V4', 'V5', 'V6', 'V7', 'V8', 'V9', 'V10', 'V11', 'V12', 'V14', 'V16', 'V17', 'V18', 'V19', 'V20', 'V21', 'V27', 'V28', 'Time_sin']"
CostSensitiveLearning_ClusterCentroids___RandomizedSearchCV__niter_30__cv_5,7,8,ExtraTreesClassifier,resubstitution,354,22121,14,72,0.9961881122290679,0.9619565217391305,0.8309859154929577,0.8916876574307305,0.9993675175062119,0.0006324824937881113,0.9151767164995848,0.9112959625987728,0.8922275565330492,0.8897581110981438,0.9768894672151576,0.8869189527640444,22561,0.8919411895054076,0.0076087821306165745,0.8923032681208507,0.02689004237637012,"{'classifier__ccp_alpha': np.float64(0.0009348447415170524), 'classifier__max_depth': 19, 'classifier__max_features': 'sqrt', 'classifier__max_leaf_nodes': 12, 'classifier__min_impurity_decrease': np.float64(0.05106114087232704), 'classifier__min_samples_leaf': 2, 'classifier__min_samples_split': 3, 'classifier__n_estimators': 988, 'feature_selection_filter__k': 20}",85.49698805809021,"[1, 2, 3, 4, 5, 6, 7, 8, 9, 10, 11, 12, 14, 16, 17, 18, 19, 20, 21, 27]","['V1', 'V2', 'V3', 'V4', 'V5', 'V6', 'V7', 'V8', 'V9', 'V10', 'V11', 'V12', 'V14', 'V16', 'V17', 'V18', 'V19', 'V20', 'V21', 'V27']"
CostSensitiveLearning_ClusterCentroids___RandomizedSearchCV__niter_30__cv_5,7,9,ExtraTreesClassifier,resubstitution,346,22123,12,80,0.9959221665706307,0.9664804469273743,0.812206572769953,0.8826530612244898,0.9994578721481816,0.000542127851818397,0.9058322224590674,0.9009807173105452,0.8840437171127631,0.8805939753807325,0.9723717881416957,0.8667652509837019,22561,0.8829512350179559,0.009451432135855925,0.8859307406940367,0.037446305392886875,"{'classifier__ccp_alpha': np.float64(0.0063974386076161615), 'classifier__max_depth': 10, 'classifier__max_features': 'sqrt', 'classifier__max_leaf_nodes': 12, 'classifier__min_impurity_decrease': np.float64(0.0801169058248139), 'classifier__min_samples_leaf': 1, 'classifier__min_samples_split': 8, 'classifier__n_estimators': 395, 'feature_selection_filter__k': 22}",82.8880455493927,"[1, 2, 3, 4, 5, 6, 7, 8, 9, 10, 11, 12, 14, 16, 17, 18, 19, 20, 21, 27, 28, 29]","['V1', 'V2', 'V3', 'V4', 'V5', 'V6', 'V7', 'V8', 'V9', 'V10', 'V11', 'V12', 'V14', 'V16', 'V17', 'V18', 'V19', 'V20', 'V21', 'V27', 'V28', 'Time_sin']"
CostSensitiveLearning_ClusterCentroids___RandomizedSearchCV__niter_30__cv_5,7,10,ExtraTreesClassifier,resubstitution,347,22125,10,79,0.9960551393998492,0.9719887955182073,0.8145539906103286,0.8863346104725415,0.9995482267901513,0.00045177320984868263,0.90705110870024,0.9023225570378895,0.8879198867014689,0.8843432089178225,0.9714593335178604,0.8665432412293161,22561,0.8865122042344881,0.005704762451793636,0.8871980119348256,0.02121147263195565,"{'classifier__ccp_alpha': np.float64(0.0023329332474285027), 'classifier__max_depth': 17, 'classifier__max_features': 'log2', 'classifier__max_leaf_nodes': 19, 'classifier__min_impurity_decrease': np.float64(0.061328831089499804), 'classifier__min_samples_leaf': 5, 'classifier__min_samples_split': 7, 'classifier__n_estimators': 621, 'feature_selection_filter__k': 26}",84.59984040260315,"[0, 1, 2, 3, 4, 5, 6, 7, 8, 9, 10, 11, 12, 14, 16, 17, 18, 19, 20, 21, 22, 23, 24, 27, 28, 29]","['Amount_log1p', 'V1', 'V2', 'V3', 'V4', 'V5', 'V6', 'V7', 'V8', 'V9', 'V10', 'V11', 'V12', 'V14', 'V16', 'V17', 'V18', 'V19', 'V20', 'V21', 'V22', 'V23', 'V24', 'V27', 'V28', 'Time_sin']"
CostSensitiveLearning_ClusterCentroids___RandomizedSearchCV__niter_30__cv_5,8,1,ExtraTreesClassifier,resubstitution,352,22121,13,74,0.9961436170212766,0.9643835616438357,0.8262910798122066,0.8900126422250316,0.9994126682931237,0.000587331706876304,0.9128518740526652,0.908738561337596,0.8908098313310807,0.888061923191426,0.9833497082007118,0.8856501330723219,22560,0.8911983720575153,0.005252981653540306,0.8912792172922254,0.024322003390836643,"{'classifier__ccp_alpha': np.float64(0.0012006750028401526), 'classifier__max_depth': 8, 'classifier__max_features': 'log2', 'classifier__max_leaf_nodes': 10, 'classifier__min_impurity_decrease': np.float64(0.0004944924811720709), 'classifier__min_samples_leaf': 2, 'classifier__min_samples_split': 4, 'classifier__n_estimators': 558, 'feature_selection_filter__k': 'all'}",86.4818811416626,"[0, 1, 2, 3, 4, 5, 6, 7, 8, 9, 10, 11, 12, 13, 14, 15, 16, 17, 18, 19, 20, 21, 22, 23, 24, 25, 26, 27, 28, 29, 30]","['Amount_log1p', 'V1', 'V2', 'V3', 'V4', 'V5', 'V6', 'V7', 'V8', 'V9', 'V10', 'V11', 'V12', 'V13', 'V14', 'V15', 'V16', 'V17', 'V18', 'V19', 'V20', 'V21', 'V22', 'V23', 'V24', 'V25', 'V26', 'V27', 'V28', 'Time_sin', 'Time_cos']"
CostSensitiveLearning_ClusterCentroids___RandomizedSearchCV__niter_30__cv_5,8,2,ExtraTreesClassifier,resubstitution,353,22121,13,73,0.9961879432624113,0.9644808743169399,0.8286384976525821,0.8914141414141414,0.9994126682931237,0.000587331706876304,0.914025582972853,0.9100284676807492,0.892141191431814,0.8894853907178117,0.9769478138067281,0.8819885492867374,22560,0.8906206179719491,0.0049080226135800676,0.8932125205698795,0.018466503811057623,"{'classifier__ccp_alpha': np.float64(0.008426108032485726), 'classifier__max_depth': 6, 'classifier__max_features': 'sqrt', 'classifier__max_leaf_nodes': 5, 'classifier__min_impurity_decrease': np.float64(0.0036702005898833438), 'classifier__min_samples_leaf': 6, 'classifier__min_samples_split': 2, 'classifier__n_estimators': 842, 'feature_selection_filter__k': 28}",85.01295852661133,"[0, 1, 2, 3, 4, 5, 6, 7, 8, 9, 10, 11, 12, 14, 16, 17, 18, 19, 20, 21, 23, 24, 25, 26, 27, 28, 29, 30]","['Amount_log1p', 'V1', 'V2', 'V3', 'V4', 'V5', 'V6', 'V7', 'V8', 'V9', 'V10', 'V11', 'V12', 'V14', 'V16', 'V17', 'V18', 'V19', 'V20', 'V21', 'V23', 'V24', 'V25', 'V26', 'V27', 'V28', 'Time_sin', 'Time_cos']"
CostSensitiveLearning_ClusterCentroids___RandomizedSearchCV__niter_30__cv_5,8,3,ExtraTreesClassifier,resubstitution,346,22122,12,80,0.9959219858156029,0.9664804469273743,0.812206572769953,0.8826530612244898,0.9994578476551911,0.0005421523448089216,0.905832210212572,0.9009807062707039,0.8840436292737277,0.8805938825075836,0.9736159949365176,0.8596589731197325,22560,0.8842523669355836,0.004950928574163007,0.8821269350105944,0.017886219505239585,"{'classifier__ccp_alpha': np.float64(0.007560590380634758), 'classifier__max_depth': 6, 'classifier__max_features': 'sqrt', 'classifier__max_leaf_nodes': 14, 'classifier__min_impurity_decrease': np.float64(0.0617152320091095), 'classifier__min_samples_leaf': 3, 'classifier__min_samples_split': 5, 'classifier__n_estimators': 334, 'feature_selection_filter__k': 22}",84.46418309211731,"[1, 2, 3, 4, 5, 6, 7, 8, 9, 10, 11, 12, 14, 16, 17, 18, 19, 20, 21, 27, 28, 29]","['V1', 'V2', 'V3', 'V4', 'V5', 'V6', 'V7', 'V8', 'V9', 'V10', 'V11', 'V12', 'V14', 'V16', 'V17', 'V18', 'V19', 'V20', 'V21', 'V27', 'V28', 'Time_sin']"
CostSensitiveLearning_ClusterCentroids___RandomizedSearchCV__niter_30__cv_5,8,4,ExtraTreesClassifier,resubstitution,348,22121,13,78,0.9959663120567376,0.96398891966759,0.8169014084507042,0.8843710292249047,0.9994126682931237,0.000587331706876304,0.908157038371914,0.9035605216874679,0.8854656770360604,0.8823326310982174,0.9725606962457858,0.8655461745983178,22560,0.8834415689698478,0.006317232570003676,0.884076862377461,0.02466672596035693,"{'classifier__ccp_alpha': np.float64(0.0021869087375359277), 'classifier__max_depth': 12, 'classifier__max_features': 'sqrt', 'classifier__max_leaf_nodes': 10, 'classifier__min_impurity_decrease': np.float64(0.057776559975628396), 'classifier__min_samples_leaf': 6, 'classifier__min_samples_split': 5, 'classifier__n_estimators': 397, 'feature_selection_filter__k': 22}",84.47924852371216,"[1, 2, 3, 4, 5, 6, 7, 8, 9, 10, 11, 12, 14, 16, 17, 18, 19, 20, 21, 27, 28, 29]","['V1', 'V2', 'V3', 'V4', 'V5', 'V6', 'V7', 'V8', 'V9', 'V10', 'V11', 'V12', 'V14', 'V16', 'V17', 'V18', 'V19', 'V20', 'V21', 'V27', 'V28', 'Time_sin']"
CostSensitiveLearning_ClusterCentroids___RandomizedSearchCV__niter_30__cv_5,8,5,ExtraTreesClassifier,resubstitution,348,22125,10,77,0.9961436170212766,0.9720670391061452,0.8188235294117647,0.8888888888888888,0.9995482267901513,0.00045177320984868263,0.9091858781009581,0.9046842581130627,0.8903223961042442,0.8869412644338941,0.9706550445793859,0.869286889454835,22560,0.886009474756249,0.011209255213032968,0.8878198832012402,0.038763550140653746,"{'classifier__ccp_alpha': np.float64(0.0008108938220107831), 'classifier__max_depth': 4, 'classifier__max_features': 'sqrt', 'classifier__max_leaf_nodes': 10, 'classifier__min_impurity_decrease': np.float64(0.07454510250268097), 'classifier__min_samples_leaf': 5, 'classifier__min_samples_split': 8, 'classifier__n_estimators': 291, 'feature_selection_filter__k': 'all'}",84.81225657463074,"[0, 1, 2, 3, 4, 5, 6, 7, 8, 9, 10, 11, 12, 13, 14, 15, 16, 17, 18, 19, 20, 21, 22, 23, 24, 25, 26, 27, 28, 29, 30]","['Amount_log1p', 'V1', 'V2', 'V3', 'V4', 'V5', 'V6', 'V7', 'V8', 'V9', 'V10', 'V11', 'V12', 'V13', 'V14', 'V15', 'V16', 'V17', 'V18', 'V19', 'V20', 'V21', 'V22', 'V23', 'V24', 'V25', 'V26', 'V27', 'V28', 'Time_sin', 'Time_cos']"
CostSensitiveLearning_ClusterCentroids___RandomizedSearchCV__niter_30__cv_5,8,6,ExtraTreesClassifier,resubstitution,352,22115,20,73,0.995877659574468,0.946236559139785,0.8282352941176471,0.8833124215809285,0.9990964535803026,0.0009035464196973653,0.9136658738489749,0.9096630942733579,0.8832494379129866,0.8812236329916237,0.9789990300163436,0.8779522839199567,22560,0.8834328990140519,0.0038961945481971534,0.8841589837345223,0.01514836584245814,"{'classifier__ccp_alpha': np.float64(0.00038603253866686504), 'classifier__max_depth': 8, 'classifier__max_features': 'sqrt', 'classifier__max_leaf_nodes': 11, 'classifier__min_impurity_decrease': np.float64(0.002185789954282169), 'classifier__min_samples_leaf': 3, 'classifier__min_samples_split': 9, 'classifier__n_estimators': 980, 'feature_selection_filter__k': 20}",86.65771651268005,"[1, 2, 3, 4, 5, 6, 7, 8, 9, 10, 11, 12, 14, 16, 17, 18, 19, 20, 21, 27]","['V1', 'V2', 'V3', 'V4', 'V5', 'V6', 'V7', 'V8', 'V9', 'V10', 'V11', 'V12', 'V14', 'V16', 'V17', 'V18', 'V19', 'V20', 'V21', 'V27']"
CostSensitiveLearning_ClusterCentroids___RandomizedSearchCV__niter_30__cv_5,8,7,ExtraTreesClassifier,resubstitution,349,22123,12,76,0.9960992907801418,0.9667590027700831,0.8211764705882353,0.8880407124681934,0.9994578721481816,0.000542127851818397,0.9103171713682084,0.9059422100511,0.8891266127146655,0.8860691717966567,0.9728809577592049,0.8680448746696566,22560,0.8855539366749948,0.00996436780619571,0.8877735415660835,0.029871088144558217,"{'classifier__ccp_alpha': np.float64(0.008850251744471994), 'classifier__max_depth': 4, 'classifier__max_features': 'log2', 'classifier__max_leaf_nodes': 5, 'classifier__min_impurity_decrease': np.float64(0.05360771933032819), 'classifier__min_samples_leaf': 4, 'classifier__min_samples_split': 9, 'classifier__n_estimators': 328, 'feature_selection_filter__k': 22}",82.82068347930908,"[1, 2, 3, 4, 5, 6, 7, 8, 9, 10, 11, 12, 14, 16, 17, 18, 19, 20, 21, 27, 28, 29]","['V1', 'V2', 'V3', 'V4', 'V5', 'V6', 'V7', 'V8', 'V9', 'V10', 'V11', 'V12', 'V14', 'V16', 'V17', 'V18', 'V19', 'V20', 'V21', 'V27', 'V28', 'Time_sin']"
CostSensitiveLearning_ClusterCentroids___RandomizedSearchCV__niter_30__cv_5,8,8,ExtraTreesClassifier,resubstitution,348,22123,12,78,0.9960108151234431,0.9666666666666667,0.8169014084507042,0.8854961832061069,0.9994578721481816,0.000542127851818397,0.9081796402994429,0.9035809556675005,0.8867238264595468,0.883480794981082,0.9737720729921279,0.8713103145001362,22561,0.885612484605702,0.006316015195646261,0.8853450877840361,0.0188212308618497,"{'classifier__ccp_alpha': np.float64(0.002384997776613672), 'classifier__max_depth': 11, 'classifier__max_features': 'log2', 'classifier__max_leaf_nodes': 4, 'classifier__min_impurity_decrease': np.float64(0.08259550382592945), 'classifier__min_samples_leaf': 2, 'classifier__min_samples_split': 6, 'classifier__n_estimators': 331, 'feature_selection_filter__k': 22}",84.14391613006592,"[1, 2, 3, 4, 5, 6, 7, 8, 9, 10, 11, 12, 14, 16, 17, 18, 19, 20, 21, 27, 28, 29]","['V1', 'V2', 'V3', 'V4', 'V5', 'V6', 'V7', 'V8', 'V9', 'V10', 'V11', 'V12', 'V14', 'V16', 'V17', 'V18', 'V19', 'V20', 'V21', 'V27', 'V28', 'Time_sin']"
CostSensitiveLearning_ClusterCentroids___RandomizedSearchCV__niter_30__cv_5,8,9,ExtraTreesClassifier,resubstitution,344,22124,11,82,0.9958778422942246,0.9690140845070423,0.8075117370892019,0.8809218950064021,0.9995030494691665,0.0004969505308335398,0.9035073932791842,0.8983932567104459,0.8826259879327701,0.8788421498236397,0.9684996357180808,0.8633770880782168,22561,0.8800272952621169,0.007421016055569807,0.8826066925212881,0.02929265630124188,"{'classifier__ccp_alpha': np.float64(0.005761361830348329), 'classifier__max_depth': 5, 'classifier__max_features': 'sqrt', 'classifier__max_leaf_nodes': 10, 'classifier__min_impurity_decrease': np.float64(0.053145508402791), 'classifier__min_samples_leaf': 5, 'classifier__min_samples_split': 3, 'classifier__n_estimators': 989, 'feature_selection_filter__k': 24}",85.2801878452301,"[0, 1, 2, 3, 4, 5, 6, 7, 8, 9, 10, 11, 12, 14, 16, 17, 18, 19, 20, 21, 23, 27, 28, 29]","['Amount_log1p', 'V1', 'V2', 'V3', 'V4', 'V5', 'V6', 'V7', 'V8', 'V9', 'V10', 'V11', 'V12', 'V14', 'V16', 'V17', 'V18', 'V19', 'V20', 'V21', 'V23', 'V27', 'V28', 'Time_sin']"
CostSensitiveLearning_ClusterCentroids___RandomizedSearchCV__niter_30__cv_5,8,10,ExtraTreesClassifier,resubstitution,346,22122,13,80,0.9958778422942246,0.9637883008356546,0.812206572769953,0.8815286624203822,0.9994126948271967,0.0005873051728032541,0.9058096337985748,0.900960354093553,0.8827823424792175,0.8794466402026554,0.9731033744065174,0.8626811216997131,22561,0.8811610701599075,0.005123932574276764,0.8812984944991313,0.019389123016853874,"{'classifier__ccp_alpha': np.float64(0.0010613876309772741), 'classifier__max_depth': 7, 'classifier__max_features': 'sqrt', 'classifier__max_leaf_nodes': 6, 'classifier__min_impurity_decrease': np.float64(0.05812859339790608), 'classifier__min_samples_leaf': 8, 'classifier__min_samples_split': 6, 'classifier__n_estimators': 386, 'feature_selection_filter__k': 22}",81.98908615112305,"[1, 2, 3, 4, 5, 6, 7, 8, 9, 10, 11, 12, 14, 16, 17, 18, 19, 20, 21, 27, 28, 29]","['V1', 'V2', 'V3', 'V4', 'V5', 'V6', 'V7', 'V8', 'V9', 'V10', 'V11', 'V12', 'V14', 'V16', 'V17', 'V18', 'V19', 'V20', 'V21', 'V27', 'V28', 'Time_sin']"
CostSensitiveLearning_ClusterCentroids___RandomizedSearchCV__niter_30__cv_5,9,1,ExtraTreesClassifier,resubstitution,350,22122,12,76,0.9960992907801418,0.9668508287292817,0.8215962441314554,0.8883248730964467,0.9994578476551911,0.0005421523448089216,0.9105270458933232,0.9061737216456971,0.889396289634886,0.8863531761896715,0.9815827285025778,0.8841814898405714,22560,0.8870262957225087,0.0072041109772434195,0.8847566958441198,0.03287345720958031,"{'classifier__ccp_alpha': np.float64(0.0008038858677173366), 'classifier__max_depth': 5, 'classifier__max_features': 'log2', 'classifier__max_leaf_nodes': 14, 'classifier__min_impurity_decrease': np.float64(0.0006688932078309229), 'classifier__min_samples_leaf': 2, 'classifier__min_samples_split': 8, 'classifier__n_estimators': 872, 'feature_selection_filter__k': 'all'}",83.94854307174683,"[0, 1, 2, 3, 4, 5, 6, 7, 8, 9, 10, 11, 12, 13, 14, 15, 16, 17, 18, 19, 20, 21, 22, 23, 24, 25, 26, 27, 28, 29, 30]","['Amount_log1p', 'V1', 'V2', 'V3', 'V4', 'V5', 'V6', 'V7', 'V8', 'V9', 'V10', 'V11', 'V12', 'V13', 'V14', 'V15', 'V16', 'V17', 'V18', 'V19', 'V20', 'V21', 'V22', 'V23', 'V24', 'V25', 'V26', 'V27', 'V28', 'Time_sin', 'Time_cos']"
CostSensitiveLearning_ClusterCentroids___RandomizedSearchCV__niter_30__cv_5,9,2,ExtraTreesClassifier,resubstitution,349,22122,12,77,0.9960549645390071,0.9667590027700831,0.8192488262910798,0.8869123252858958,0.9994578476551911,0.0005421523448089216,0.9093533369731355,0.9048782617672524,0.8880609559392326,0.8849187271180368,0.9697068665418613,0.8621762202899461,22560,0.8862540051986079,0.004851860185016343,0.8878825692459367,0.020243466369773196,"{'classifier__ccp_alpha': np.float64(0.006964691855978616), 'classifier__max_depth': 5, 'classifier__max_features': 'sqrt', 'classifier__max_leaf_nodes': 4, 'classifier__min_impurity_decrease': np.float64(0.05513147690828912), 'classifier__min_samples_leaf': 4, 'classifier__min_samples_split': 4, 'classifier__n_estimators': 223, 'feature_selection_filter__k': 22}",86.43437242507935,"[1, 2, 3, 4, 5, 6, 7, 8, 9, 10, 11, 12, 14, 16, 17, 18, 19, 20, 21, 27, 28, 29]","['V1', 'V2', 'V3', 'V4', 'V5', 'V6', 'V7', 'V8', 'V9', 'V10', 'V11', 'V12', 'V14', 'V16', 'V17', 'V18', 'V19', 'V20', 'V21', 'V27', 'V28', 'Time_sin']"
CostSensitiveLearning_ClusterCentroids___RandomizedSearchCV__niter_30__cv_5,9,3,ExtraTreesClassifier,resubstitution,348,22124,10,78,0.9960992907801418,0.9720670391061452,0.8169014084507042,0.8877551020408163,0.999548206379326,0.0004517936206740458,0.9082248074150151,0.9036217890277141,0.8892555376955111,0.8857854528333409,0.9721051907056931,0.8741037235255472,22560,0.8858205044914642,0.006706866368238951,0.885858375609948,0.02785976343589354,"{'classifier__ccp_alpha': np.float64(0.0025148603869059715), 'classifier__max_depth': 9, 'classifier__max_features': 'log2', 'classifier__max_leaf_nodes': 19, 'classifier__min_impurity_decrease': np.float64(0.0905232455345869), 'classifier__min_samples_leaf': 2, 'classifier__min_samples_split': 3, 'classifier__n_estimators': 615, 'feature_selection_filter__k': 26}",87.04238963127136,"[0, 1, 2, 3, 4, 5, 6, 7, 8, 9, 10, 11, 12, 14, 16, 17, 18, 19, 20, 21, 22, 23, 24, 27, 28, 29]","['Amount_log1p', 'V1', 'V2', 'V3', 'V4', 'V5', 'V6', 'V7', 'V8', 'V9', 'V10', 'V11', 'V12', 'V14', 'V16', 'V17', 'V18', 'V19', 'V20', 'V21', 'V22', 'V23', 'V24', 'V27', 'V28', 'Time_sin']"
CostSensitiveLearning_ClusterCentroids___RandomizedSearchCV__niter_30__cv_5,9,4,ExtraTreesClassifier,resubstitution,346,22122,12,80,0.9959219858156029,0.9664804469273743,0.812206572769953,0.8826530612244898,0.9994578476551911,0.0005421523448089216,0.905832210212572,0.9009807062707039,0.8840436292737277,0.8805938825075836,0.9724014549027244,0.8632721576906995,22560,0.8809985605694436,0.011841587055400584,0.8815185817980975,0.04036761025580812,"{'classifier__ccp_alpha': np.float64(0.005318651838156323), 'classifier__max_depth': 8, 'classifier__max_features': 'sqrt', 'classifier__max_leaf_nodes': 15, 'classifier__min_impurity_decrease': np.float64(0.04299507319386643), 'classifier__min_samples_leaf': 5, 'classifier__min_samples_split': 5, 'classifier__n_estimators': 284, 'feature_selection_filter__k': 22}",85.06211853027344,"[1, 2, 3, 4, 5, 6, 7, 8, 9, 10, 11, 12, 14, 16, 17, 18, 19, 20, 21, 27, 28, 29]","['V1', 'V2', 'V3', 'V4', 'V5', 'V6', 'V7', 'V8', 'V9', 'V10', 'V11', 'V12', 'V14', 'V16', 'V17', 'V18', 'V19', 'V20', 'V21', 'V27', 'V28', 'Time_sin']"
CostSensitiveLearning_ClusterCentroids___RandomizedSearchCV__niter_30__cv_5,9,5,ExtraTreesClassifier,resubstitution,346,22121,14,79,0.995877659574468,0.9611111111111111,0.8141176470588235,0.8815286624203822,0.9993675175062119,0.0006324824937881113,0.9067425822825177,0.901999297061353,0.8825841579095349,0.8794456319382197,0.9729653596247625,0.8636194048995777,22560,0.8816981360584751,0.006660818610634868,0.8821055652078222,0.02361322793544723,"{'classifier__ccp_alpha': np.float64(0.001051721272176752), 'classifier__max_depth': 13, 'classifier__max_features': 'log2', 'classifier__max_leaf_nodes': 5, 'classifier__min_impurity_decrease': np.float64(0.013430412199704768), 'classifier__min_samples_leaf': 7, 'classifier__min_samples_split': 3, 'classifier__n_estimators': 220, 'feature_selection_filter__k': 24}",83.36702489852905,"[0, 1, 2, 3, 4, 5, 6, 7, 8, 9, 10, 11, 12, 14, 16, 17, 18, 19, 20, 21, 24, 27, 28, 29]","['Amount_log1p', 'V1', 'V2', 'V3', 'V4', 'V5', 'V6', 'V7', 'V8', 'V9', 'V10', 'V11', 'V12', 'V14', 'V16', 'V17', 'V18', 'V19', 'V20', 'V21', 'V24', 'V27', 'V28', 'Time_sin']"
CostSensitiveLearning_ClusterCentroids___RandomizedSearchCV__niter_30__cv_5,9,6,ExtraTreesClassifier,resubstitution,346,22123,12,79,0.9959663120567376,0.9664804469273743,0.8141176470588235,0.8837803320561941,0.9994578721481816,0.000542127851818397,0.9067877596035026,0.9020400718414321,0.8851044774978997,0.8817431616492456,0.9742736948404842,0.8698966881282016,22560,0.8833324964510876,0.0066796117244179816,0.8845681918537348,0.020758153643269623,"{'classifier__ccp_alpha': np.float64(0.004599929139572424), 'classifier__max_depth': 5, 'classifier__max_features': 'sqrt', 'classifier__max_leaf_nodes': 6, 'classifier__min_impurity_decrease': np.float64(0.026618734905045783), 'classifier__min_samples_leaf': 9, 'classifier__min_samples_split': 2, 'classifier__n_estimators': 646, 'feature_selection_filter__k': 28}",85.19341945648193,"[0, 1, 2, 3, 4, 5, 6, 7, 8, 9, 10, 11, 12, 14, 16, 17, 18, 19, 20, 21, 22, 23, 24, 26, 27, 28, 29, 30]","['Amount_log1p', 'V1', 'V2', 'V3', 'V4', 'V5', 'V6', 'V7', 'V8', 'V9', 'V10', 'V11', 'V12', 'V14', 'V16', 'V17', 'V18', 'V19', 'V20', 'V21', 'V22', 'V23', 'V24', 'V26', 'V27', 'V28', 'Time_sin', 'Time_cos']"
CostSensitiveLearning_ClusterCentroids___RandomizedSearchCV__niter_30__cv_5,9,7,ExtraTreesClassifier,resubstitution,347,22124,11,78,0.9960549645390071,0.9692737430167597,0.8164705882352942,0.8863346104725415,0.9995030494691665,0.0004969505308335398,0.9079868188522303,0.9033630735994586,0.887713436801072,0.8843422130415699,0.9706092826107177,0.8669679730967886,22560,0.8861147385325145,0.004344665601621264,0.8865909150646714,0.017468610047524327,"{'classifier__ccp_alpha': np.float64(0.0008111397703382262), 'classifier__max_depth': 11, 'classifier__max_features': 'sqrt', 'classifier__max_leaf_nodes': 9, 'classifier__min_impurity_decrease': np.float64(0.03871768086554053), 'classifier__min_samples_leaf': 1, 'classifier__min_samples_split': 6, 'classifier__n_estimators': 247, 'feature_selection_filter__k': 20}",84.68591809272766,"[1, 2, 3, 4, 5, 6, 7, 8, 9, 10, 11, 12, 14, 16, 17, 18, 19, 20, 21, 27]","['V1', 'V2', 'V3', 'V4', 'V5', 'V6', 'V7', 'V8', 'V9', 'V10', 'V11', 'V12', 'V14', 'V16', 'V17', 'V18', 'V19', 'V20', 'V21', 'V27']"
CostSensitiveLearning_ClusterCentroids___RandomizedSearchCV__niter_30__cv_5,9,8,ExtraTreesClassifier,resubstitution,359,22115,20,67,0.9961437879526617,0.9472295514511874,0.8427230046948356,0.8919254658385093,0.9990964535803026,0.0009035464196973653,0.9209097291375692,0.9175846366091506,0.8915456129290216,0.8899691496525783,0.9858370159212939,0.8886002117225247,22561,0.8908868070861422,0.006329917579993147,0.8881994901915687,0.016887696712735056,"{'classifier__ccp_alpha': np.float64(0.003147441530480801), 'classifier__max_depth': 19, 'classifier__max_features': 'log2', 'classifier__max_leaf_nodes': 13, 'classifier__min_impurity_decrease': np.float64(0.0006840872118641262), 'classifier__min_samples_leaf': 4, 'classifier__min_samples_split': 3, 'classifier__n_estimators': 203, 'feature_selection_filter__k': 28}",84.11105179786682,"[0, 1, 2, 3, 4, 5, 6, 7, 8, 9, 10, 11, 12, 14, 16, 17, 18, 19, 20, 21, 22, 23, 24, 25, 27, 28, 29, 30]","['Amount_log1p', 'V1', 'V2', 'V3', 'V4', 'V5', 'V6', 'V7', 'V8', 'V9', 'V10', 'V11', 'V12', 'V14', 'V16', 'V17', 'V18', 'V19', 'V20', 'V21', 'V22', 'V23', 'V24', 'V25', 'V27', 'V28', 'Time_sin', 'Time_cos']"
CostSensitiveLearning_ClusterCentroids___RandomizedSearchCV__niter_30__cv_5,9,9,ExtraTreesClassifier,resubstitution,350,22121,14,76,0.9960108151234431,0.9615384615384616,0.8215962441314554,0.8860759493670886,0.9993675175062119,0.0006324824937881113,0.9104818808188336,0.9061327711158449,0.8868919584273061,0.8840585387067094,0.9758230279197964,0.8794483001416756,22561,0.8854860118623458,0.010352129713872012,0.8865662814371781,0.04293077137526282,"{'classifier__ccp_alpha': np.float64(0.0075036278407624385), 'classifier__max_depth': 12, 'classifier__max_features': 'log2', 'classifier__max_leaf_nodes': 19, 'classifier__min_impurity_decrease': np.float64(0.007306162195657784), 'classifier__min_samples_leaf': 6, 'classifier__min_samples_split': 6, 'classifier__n_estimators': 692, 'feature_selection_filter__k': 26}",84.13971400260925,"[0, 1, 2, 3, 4, 5, 6, 7, 8, 9, 10, 11, 12, 14, 16, 17, 18, 19, 20, 21, 23, 24, 26, 27, 28, 29]","['Amount_log1p', 'V1', 'V2', 'V3', 'V4', 'V5', 'V6', 'V7', 'V8', 'V9', 'V10', 'V11', 'V12', 'V14', 'V16', 'V17', 'V18', 'V19', 'V20', 'V21', 'V23', 'V24', 'V26', 'V27', 'V28', 'Time_sin']"
CostSensitiveLearning_ClusterCentroids___RandomizedSearchCV__niter_30__cv_5,9,10,ExtraTreesClassifier,resubstitution,347,22123,12,79,0.9959664908470369,0.9665738161559888,0.8145539906103286,0.8840764331210191,0.9994578721481816,0.000542127851818397,0.9070059313792551,0.9022817731757685,0.885384721261332,0.8820391855746413,0.973099132404547,0.8687419479314473,22561,0.8812507724988169,0.00784570014860571,0.8801500478031252,0.027618481387991955,"{'classifier__ccp_alpha': np.float64(0.007211726448408977), 'classifier__max_depth': 4, 'classifier__max_features': 'sqrt', 'classifier__max_leaf_nodes': 8, 'classifier__min_impurity_decrease': np.float64(0.03997159472491177), 'classifier__min_samples_leaf': 6, 'classifier__min_samples_split': 8, 'classifier__n_estimators': 197, 'feature_selection_filter__k': 22}",84.65588188171387,"[1, 2, 3, 4, 5, 6, 7, 8, 9, 10, 11, 12, 14, 16, 17, 18, 19, 20, 21, 27, 28, 29]","['V1', 'V2', 'V3', 'V4', 'V5', 'V6', 'V7', 'V8', 'V9', 'V10', 'V11', 'V12', 'V14', 'V16', 'V17', 'V18', 'V19', 'V20', 'V21', 'V27', 'V28', 'Time_sin']"
CostSensitiveLearning_ClusterCentroids___RandomizedSearchCV__niter_30__cv_5,10,1,ExtraTreesClassifier,resubstitution,350,22122,12,76,0.9960992907801418,0.9668508287292817,0.8215962441314554,0.8883248730964467,0.9994578476551911,0.0005421523448089216,0.9105270458933232,0.9061737216456971,0.889396289634886,0.8863531761896715,0.9750850665875921,0.8690227239962257,22560,0.8880274380955411,0.005264505117437733,0.8880388173343992,0.019126200374096434,"{'classifier__ccp_alpha': np.float64(9.555717080979242e-05), 'classifier__max_depth': 9, 'classifier__max_features': 'sqrt', 'classifier__max_leaf_nodes': 12, 'classifier__min_impurity_decrease': np.float64(0.0643544904655153), 'classifier__min_samples_leaf': 2, 'classifier__min_samples_split': 5, 'classifier__n_estimators': 469, 'feature_selection_filter__k': 22}",84.31077146530151,"[1, 2, 3, 4, 5, 6, 7, 8, 9, 10, 11, 12, 14, 16, 17, 18, 19, 20, 21, 27, 28, 29]","['V1', 'V2', 'V3', 'V4', 'V5', 'V6', 'V7', 'V8', 'V9', 'V10', 'V11', 'V12', 'V14', 'V16', 'V17', 'V18', 'V19', 'V20', 'V21', 'V27', 'V28', 'Time_sin']"
CostSensitiveLearning_ClusterCentroids___RandomizedSearchCV__niter_30__cv_5,10,2,ExtraTreesClassifier,resubstitution,345,22120,14,81,0.9957890070921985,0.9610027855153204,0.8098591549295775,0.8789808917197452,0.9993674889310563,0.0006325110689436864,0.904613321930317,0.8996370990848472,0.880179872614675,0.8768539989009254,0.9732934821664543,0.866375272179581,22560,0.8790756501619328,0.006164056471231933,0.8797897334727633,0.024453956872886193,"{'classifier__ccp_alpha': np.float64(0.007627821409154859), 'classifier__max_depth': 17, 'classifier__max_features': 'log2', 'classifier__max_leaf_nodes': 15, 'classifier__min_impurity_decrease': np.float64(0.04226129738405713), 'classifier__min_samples_leaf': 4, 'classifier__min_samples_split': 3, 'classifier__n_estimators': 978, 'feature_selection_filter__k': 26}",84.6509006023407,"[0, 1, 2, 3, 4, 5, 6, 7, 8, 9, 10, 11, 12, 13, 14, 16, 17, 18, 19, 20, 21, 24, 25, 27, 28, 29]","['Amount_log1p', 'V1', 'V2', 'V3', 'V4', 'V5', 'V6', 'V7', 'V8', 'V9', 'V10', 'V11', 'V12', 'V13', 'V14', 'V16', 'V17', 'V18', 'V19', 'V20', 'V21', 'V24', 'V25', 'V27', 'V28', 'Time_sin']"
CostSensitiveLearning_ClusterCentroids___RandomizedSearchCV__niter_30__cv_5,10,3,ExtraTreesClassifier,resubstitution,347,22125,9,79,0.9960992907801418,0.9747191011235955,0.8145539906103286,0.887468030690537,0.9995933857413933,0.00040661425860666345,0.907073688175861,0.902342939986423,0.8891953270615048,0.885499458780082,0.9715443727089502,0.8660573889733952,22560,0.8852947916498612,0.004708747579847654,0.8886539766206368,0.01281052821802799,"{'classifier__ccp_alpha': np.float64(0.004885850626065332), 'classifier__max_depth': 8, 'classifier__max_features': 'sqrt', 'classifier__max_leaf_nodes': 19, 'classifier__min_impurity_decrease': np.float64(0.09728122847743148), 'classifier__min_samples_leaf': 8, 'classifier__min_samples_split': 4, 'classifier__n_estimators': 313, 'feature_selection_filter__k': 22}",82.88368844985962,"[1, 2, 3, 4, 5, 6, 7, 8, 9, 10, 11, 12, 14, 16, 17, 18, 19, 20, 21, 27, 28, 29]","['V1', 'V2', 'V3', 'V4', 'V5', 'V6', 'V7', 'V8', 'V9', 'V10', 'V11', 'V12', 'V14', 'V16', 'V17', 'V18', 'V19', 'V20', 'V21', 'V27', 'V28', 'Time_sin']"
CostSensitiveLearning_ClusterCentroids___RandomizedSearchCV__niter_30__cv_5,10,4,ExtraTreesClassifier,resubstitution,348,22120,14,78,0.9959219858156029,0.9613259668508287,0.8169014084507042,0.883248730964467,0.9993674889310563,0.0006325110689436864,0.9081344486908802,0.9035400983175144,0.8842127893132128,0.8811874114710202,0.9721352572529844,0.8627438957200642,22560,0.8833467395324057,0.005741089292153047,0.8836170166860284,0.0201627930172974,"{'classifier__ccp_alpha': np.float64(0.000253644457473734), 'classifier__max_depth': 3, 'classifier__max_features': 'log2', 'classifier__max_leaf_nodes': 3, 'classifier__min_impurity_decrease': np.float64(0.09738353480019946), 'classifier__min_samples_leaf': 6, 'classifier__min_samples_split': 9, 'classifier__n_estimators': 517, 'feature_selection_filter__k': 22}",82.5284595489502,"[1, 2, 3, 4, 5, 6, 7, 8, 9, 10, 11, 12, 14, 16, 17, 18, 19, 20, 21, 27, 28, 29]","['V1', 'V2', 'V3', 'V4', 'V5', 'V6', 'V7', 'V8', 'V9', 'V10', 'V11', 'V12', 'V14', 'V16', 'V17', 'V18', 'V19', 'V20', 'V21', 'V27', 'V28', 'Time_sin']"
CostSensitiveLearning_ClusterCentroids___RandomizedSearchCV__niter_30__cv_5,10,5,ExtraTreesClassifier,resubstitution,349,22121,14,76,0.9960106382978723,0.9614325068870524,0.8211764705882353,0.8857868020304569,0.9993675175062119,0.0006324824937881113,0.9102719940472236,0.9059012588832612,0.8866161595192475,0.8837694554784463,0.9724357219734516,0.8655743979996259,22560,0.8848579511621258,0.005059631356613209,0.8867698184300465,0.019772460058886256,"{'classifier__ccp_alpha': np.float64(0.00597135126075719), 'classifier__max_depth': 13, 'classifier__max_features': 'sqrt', 'classifier__max_leaf_nodes': 12, 'classifier__min_impurity_decrease': np.float64(0.04635562329720702), 'classifier__min_samples_leaf': 3, 'classifier__min_samples_split': 2, 'classifier__n_estimators': 479, 'feature_selection_filter__k': 22}",82.9499192237854,"[1, 2, 3, 4, 5, 6, 7, 8, 9, 10, 11, 12, 14, 16, 17, 18, 19, 20, 21, 27, 28, 29]","['V1', 'V2', 'V3', 'V4', 'V5', 'V6', 'V7', 'V8', 'V9', 'V10', 'V11', 'V12', 'V14', 'V16', 'V17', 'V18', 'V19', 'V20', 'V21', 'V27', 'V28', 'Time_sin']"
CostSensitiveLearning_ClusterCentroids___RandomizedSearchCV__niter_30__cv_5,10,6,ExtraTreesClassifier,resubstitution,346,22123,12,79,0.9959663120567376,0.9664804469273743,0.8141176470588235,0.8837803320561941,0.9994578721481816,0.000542127851818397,0.9067877596035026,0.9020400718414321,0.8851044774978997,0.8817431616492456,0.9729512749305731,0.8655140804256712,22560,0.8837614066350767,0.005856760423744377,0.8822755477248924,0.02368359319787176,"{'classifier__ccp_alpha': np.float64(0.0006316786329837043), 'classifier__max_depth': 5, 'classifier__max_features': 'sqrt', 'classifier__max_leaf_nodes': 18, 'classifier__min_impurity_decrease': np.float64(0.06574456231561468), 'classifier__min_samples_leaf': 2, 'classifier__min_samples_split': 3, 'classifier__n_estimators': 308, 'feature_selection_filter__k': 22}",84.2857415676117,"[1, 2, 3, 4, 5, 6, 7, 8, 9, 10, 11, 12, 14, 16, 17, 18, 19, 20, 21, 27, 28, 29]","['V1', 'V2', 'V3', 'V4', 'V5', 'V6', 'V7', 'V8', 'V9', 'V10', 'V11', 'V12', 'V14', 'V16', 'V17', 'V18', 'V19', 'V20', 'V21', 'V27', 'V28', 'Time_sin']"
CostSensitiveLearning_ClusterCentroids___RandomizedSearchCV__niter_30__cv_5,10,7,ExtraTreesClassifier,resubstitution,350,22124,11,75,0.9961879432624113,0.9695290858725761,0.8235294117647058,0.8905852417302799,0.9995030494691665,0.0004969505308335398,0.9115162306169362,0.9072596973228626,0.891724884399739,0.8886585088012782,0.9769462257005808,0.8793504325852838,22560,0.887261366180909,0.00492058274913946,0.8881751928329018,0.016355454831497567,"{'classifier__ccp_alpha': np.float64(0.009129064096379303), 'classifier__max_depth': 4, 'classifier__max_features': 'log2', 'classifier__max_leaf_nodes': 4, 'classifier__min_impurity_decrease': np.float64(0.06011016924602778), 'classifier__min_samples_leaf': 6, 'classifier__min_samples_split': 6, 'classifier__n_estimators': 683, 'feature_selection_filter__k': 26}",86.10600686073303,"[0, 1, 2, 3, 4, 5, 6, 7, 8, 9, 10, 11, 12, 14, 16, 17, 18, 19, 20, 21, 22, 23, 24, 27, 28, 29]","['Amount_log1p', 'V1', 'V2', 'V3', 'V4', 'V5', 'V6', 'V7', 'V8', 'V9', 'V10', 'V11', 'V12', 'V14', 'V16', 'V17', 'V18', 'V19', 'V20', 'V21', 'V22', 'V23', 'V24', 'V27', 'V28', 'Time_sin']"
CostSensitiveLearning_ClusterCentroids___RandomizedSearchCV__niter_30__cv_5,10,8,ExtraTreesClassifier,resubstitution,349,22119,16,77,0.9958778422942246,0.9561643835616438,0.8192488262910798,0.8824273072060683,0.9992771628642422,0.0007228371357578256,0.9092629945776609,0.9047964648560529,0.8830661666242616,0.8803421498917778,0.974351371386212,0.8739991928068315,22561,0.8816561918523688,0.010304023968067653,0.8868346299515366,0.023657679744512047,"{'classifier__ccp_alpha': np.float64(0.008136190279770408), 'classifier__max_depth': 10, 'classifier__max_features': 'sqrt', 'classifier__max_leaf_nodes': 4, 'classifier__min_impurity_decrease': np.float64(0.01108843551052673), 'classifier__min_samples_leaf': 9, 'classifier__min_samples_split': 5, 'classifier__n_estimators': 575, 'feature_selection_filter__k': 22}",83.41019749641418,"[1, 2, 3, 4, 5, 6, 7, 8, 9, 10, 11, 12, 14, 16, 17, 18, 19, 20, 21, 27, 28, 29]","['V1', 'V2', 'V3', 'V4', 'V5', 'V6', 'V7', 'V8', 'V9', 'V10', 'V11', 'V12', 'V14', 'V16', 'V17', 'V18', 'V19', 'V20', 'V21', 'V27', 'V28', 'Time_sin']"
CostSensitiveLearning_ClusterCentroids___RandomizedSearchCV__niter_30__cv_5,10,9,ExtraTreesClassifier,resubstitution,347,22125,10,79,0.9960551393998492,0.9719887955182073,0.8145539906103286,0.8863346104725415,0.9995482267901513,0.00045177320984868263,0.90705110870024,0.9023225570378895,0.8879198867014689,0.8843432089178225,0.9802541171280374,0.8795519507149776,22561,0.8834112155282291,0.006579339080682181,0.8832156538862611,0.02932555034415999,"{'classifier__ccp_alpha': np.float64(0.001877532617156481), 'classifier__max_depth': 3, 'classifier__max_features': 'log2', 'classifier__max_leaf_nodes': 18, 'classifier__min_impurity_decrease': np.float64(0.0034048509800781225), 'classifier__min_samples_leaf': 1, 'classifier__min_samples_split': 4, 'classifier__n_estimators': 621, 'feature_selection_filter__k': 26}",84.94106864929199,"[0, 1, 2, 3, 4, 5, 6, 7, 8, 9, 10, 11, 12, 14, 16, 17, 18, 19, 20, 21, 22, 23, 24, 27, 28, 29]","['Amount_log1p', 'V1', 'V2', 'V3', 'V4', 'V5', 'V6', 'V7', 'V8', 'V9', 'V10', 'V11', 'V12', 'V14', 'V16', 'V17', 'V18', 'V19', 'V20', 'V21', 'V22', 'V23', 'V24', 'V27', 'V28', 'Time_sin']"
CostSensitiveLearning_ClusterCentroids___RandomizedSearchCV__niter_30__cv_5,10,10,ExtraTreesClassifier,resubstitution,349,22122,13,77,0.9960108151234431,0.9640883977900553,0.8192488262910798,0.8857868020304569,0.9994126948271967,0.0005873051728032541,0.9093307605591383,0.9048578215485492,0.8868046259710755,0.8837703847886081,0.9740223511083821,0.8660995432092137,22561,0.8852158608254251,0.00556186083993098,0.8855802486123341,0.017651268125415613,"{'classifier__ccp_alpha': np.float64(0.008911423067106024), 'classifier__max_depth': 12, 'classifier__max_features': 'log2', 'classifier__max_leaf_nodes': 12, 'classifier__min_impurity_decrease': np.float64(0.03637469979808568), 'classifier__min_samples_leaf': 2, 'classifier__min_samples_split': 9, 'classifier__n_estimators': 317, 'feature_selection_filter__k': 22}",85.21274995803833,"[1, 2, 3, 4, 5, 6, 7, 8, 9, 10, 11, 12, 14, 16, 17, 18, 19, 20, 21, 27, 28, 29]","['V1', 'V2', 'V3', 'V4', 'V5', 'V6', 'V7', 'V8', 'V9', 'V10', 'V11', 'V12', 'V14', 'V16', 'V17', 'V18', 'V19', 'V20', 'V21', 'V27', 'V28', 'Time_sin']"
