experiment_name,iteration,fold,model,split,tp,tn,fp,fn,accuracy,precision,recall,f1,specificity,fpr,balanced_accuracy,geometric_mean,mcc,kappa,roc_auc,average_precision,fold_size,cv_tuning_mean_train_score,cv_tuning_std_train_score,cv_tuning_mean_val_score,cv_tuning_std_val_score,best_params,tuning_time,selected_features_indices,selected_features_names
CostSensitiveLearning_with_RandomUnderSampler___RandomizedSearchCV__niter_30__cv_5,1,1,DESKL,resubstitution,283,17682,25,58,0.9954011524822695,0.9188311688311688,0.8299120234604106,0.8721109399075501,0.9985881289885357,0.0014118710114643385,0.9142500762244732,0.9103517423130585,0.870943755724929,0.8697755804176546,0.9646666237170813,0.8555111935935421,22560,0.8684451620129513,0.005462078767276205,0.8688099844530874,0.024230648571878226,"{'classifier__estimator__ccp_alpha': np.float64(0.006075448519014384), 'classifier__estimator__max_depth': 11, 'classifier__estimator__max_features': 'sqrt', 'classifier__estimator__max_leaf_nodes': 19, 'classifier__estimator__min_impurity_decrease': np.float64(0.09488855372533334), 'classifier__estimator__min_samples_leaf': 2, 'classifier__estimator__min_samples_split': 3, 'classifier__max_features': np.float64(0.6523068845866853), 'classifier__max_samples': np.float64(0.5488360570031919), 'classifier__n_estimators': 439, 'feature_selection_filter__k': 26}",68.94990706443787,"[0, 1, 2, 3, 4, 5, 6, 7, 8, 9, 10, 11, 12, 14, 16, 17, 18, 19, 20, 21, 22, 23, 24, 27, 28, 29]","['Amount_log1p', 'V1', 'V2', 'V3', 'V4', 'V5', 'V6', 'V7', 'V8', 'V9', 'V10', 'V11', 'V12', 'V14', 'V16', 'V17', 'V18', 'V19', 'V20', 'V21', 'V22', 'V23', 'V24', 'V27', 'V28', 'Time_sin']"
CostSensitiveLearning_with_RandomUnderSampler___RandomizedSearchCV__niter_30__cv_5,1,2,DESKL,resubstitution,284,17682,25,57,0.9954565602836879,0.919093851132686,0.8328445747800587,0.8738461538461538,0.9985881289885357,0.0014118710114643385,0.9157163518842972,0.9119587192783846,0.8726357069887328,0.871538485175334,0.9652155558540312,0.857750151354527,22560,0.8783204507152339,0.011005012749282552,0.8768239508522973,0.03047618497308064,"{'classifier__estimator__ccp_alpha': np.float64(0.001396923220343891), 'classifier__estimator__max_depth': 11, 'classifier__estimator__max_features': 'log2', 'classifier__estimator__max_leaf_nodes': 2, 'classifier__estimator__min_impurity_decrease': np.float64(0.02980035006887627), 'classifier__estimator__min_samples_leaf': 1, 'classifier__estimator__min_samples_split': 8, 'classifier__max_features': np.float64(0.7377981835036266), 'classifier__max_samples': np.float64(0.8181868387857614), 'classifier__n_estimators': 633, 'feature_selection_filter__k': 20}",63.443233489990234,"[1, 2, 3, 4, 5, 6, 7, 8, 9, 10, 11, 12, 14, 16, 17, 18, 19, 20, 21, 27]","['V1', 'V2', 'V3', 'V4', 'V5', 'V6', 'V7', 'V8', 'V9', 'V10', 'V11', 'V12', 'V14', 'V16', 'V17', 'V18', 'V19', 'V20', 'V21', 'V27']"
CostSensitiveLearning_with_RandomUnderSampler___RandomizedSearchCV__niter_30__cv_5,1,3,DESKL,resubstitution,288,17680,27,53,0.9955673758865248,0.9142857142857143,0.844574780058651,0.8780487804878049,0.9984751793076184,0.0015248206923815788,0.9215249796831347,0.918306569157465,0.8765094666455712,0.8757950556480887,0.9622493846146967,0.860320389381874,22560,0.871809348716204,0.006182360407867394,0.8722910875014241,0.02635799284977438,"{'classifier__estimator__ccp_alpha': np.float64(0.006324318250021736), 'classifier__estimator__max_depth': 9, 'classifier__estimator__max_features': 'sqrt', 'classifier__estimator__max_leaf_nodes': 2, 'classifier__estimator__min_impurity_decrease': np.float64(0.049363527259971944), 'classifier__estimator__min_samples_leaf': 8, 'classifier__estimator__min_samples_split': 9, 'classifier__max_features': np.float64(0.5091275538414759), 'classifier__max_samples': np.float64(0.5914518603702831), 'classifier__n_estimators': 789, 'feature_selection_filter__k': 22}",71.93377733230591,"[1, 2, 3, 4, 5, 6, 7, 8, 9, 10, 11, 12, 14, 16, 17, 18, 19, 20, 21, 27, 28, 29]","['V1', 'V2', 'V3', 'V4', 'V5', 'V6', 'V7', 'V8', 'V9', 'V10', 'V11', 'V12', 'V14', 'V16', 'V17', 'V18', 'V19', 'V20', 'V21', 'V27', 'V28', 'Time_sin']"
CostSensitiveLearning_with_RandomUnderSampler___RandomizedSearchCV__niter_30__cv_5,1,4,DESKL,resubstitution,281,17679,28,60,0.9951241134751773,0.9093851132686084,0.8240469208211144,0.8646153846153846,0.9984187044671599,0.0015812955328401435,0.9112328126441371,0.9070522912745269,0.8632242503142125,0.862138862139383,0.9641803769968864,0.8620191942403591,22560,0.8669953594370504,0.010021941125567861,0.8655561351730707,0.02560783251540761,"{'classifier__estimator__ccp_alpha': np.float64(0.009890115134756001), 'classifier__estimator__max_depth': 6, 'classifier__estimator__max_features': 'sqrt', 'classifier__estimator__max_leaf_nodes': 2, 'classifier__estimator__min_impurity_decrease': np.float64(0.0420138493756127), 'classifier__estimator__min_samples_leaf': 6, 'classifier__estimator__min_samples_split': 5, 'classifier__max_features': np.float64(0.9573202821344433), 'classifier__max_samples': np.float64(0.740436982544221), 'classifier__n_estimators': 677, 'feature_selection_filter__k': 'all'}",71.82165789604187,"[0, 1, 2, 3, 4, 5, 6, 7, 8, 9, 10, 11, 12, 13, 14, 15, 16, 17, 18, 19, 20, 21, 22, 23, 24, 25, 26, 27, 28, 29, 30]","['Amount_log1p', 'V1', 'V2', 'V3', 'V4', 'V5', 'V6', 'V7', 'V8', 'V9', 'V10', 'V11', 'V12', 'V13', 'V14', 'V15', 'V16', 'V17', 'V18', 'V19', 'V20', 'V21', 'V22', 'V23', 'V24', 'V25', 'V26', 'V27', 'V28', 'Time_sin', 'Time_cos']"
CostSensitiveLearning_with_RandomUnderSampler___RandomizedSearchCV__niter_30__cv_5,1,5,DESKL,resubstitution,285,17680,28,55,0.9954011524822695,0.9105431309904153,0.8382352941176471,0.8728943338437979,0.9984187937655297,0.0015812062344703337,0.9183270439415884,0.9148277822872648,0.8713294387288412,0.8705566228363368,0.9653170218844258,0.8527748965162403,22560,0.8662987960319157,0.007808209966900294,0.8631028071777811,0.01821650607098194,"{'classifier__estimator__ccp_alpha': np.float64(0.0019512729674487105), 'classifier__estimator__max_depth': 5, 'classifier__estimator__max_features': 'log2', 'classifier__estimator__max_leaf_nodes': 2, 'classifier__estimator__min_impurity_decrease': np.float64(0.0006246276335343693), 'classifier__estimator__min_samples_leaf': 5, 'classifier__estimator__min_samples_split': 7, 'classifier__max_features': np.float64(0.5693554620065604), 'classifier__max_samples': np.float64(0.553572597574249), 'classifier__n_estimators': 999, 'feature_selection_filter__k': 20}",80.48945593833923,"[1, 2, 3, 4, 5, 6, 7, 8, 9, 10, 11, 12, 14, 16, 17, 18, 19, 20, 21, 27]","['V1', 'V2', 'V3', 'V4', 'V5', 'V6', 'V7', 'V8', 'V9', 'V10', 'V11', 'V12', 'V14', 'V16', 'V17', 'V18', 'V19', 'V20', 'V21', 'V27']"
CostSensitiveLearning_with_RandomUnderSampler___RandomizedSearchCV__niter_30__cv_5,1,6,DESKL,resubstitution,289,17694,14,51,0.9963984929078015,0.9537953795379538,0.85,0.8989113530326595,0.9992093968827649,0.0007906031172351113,0.9246046984413825,0.9215899236375961,0.8986274698479917,0.897084120256616,0.9642284477604007,0.8718871216660311,22560,0.8917698950935644,0.004355591641594101,0.8906013197784024,0.03493475633847851,"{'classifier__estimator__ccp_alpha': np.float64(0.009860829621538092), 'classifier__estimator__max_depth': 13, 'classifier__estimator__max_features': 'sqrt', 'classifier__estimator__max_leaf_nodes': 2, 'classifier__estimator__min_impurity_decrease': np.float64(0.0038753075676337123), 'classifier__estimator__min_samples_leaf': 8, 'classifier__estimator__min_samples_split': 8, 'classifier__max_features': np.float64(0.8980274144547371), 'classifier__max_samples': np.float64(0.6399596333467363), 'classifier__n_estimators': 298, 'feature_selection_filter__k': 28}",56.49908494949341,"[0, 1, 2, 3, 4, 5, 6, 7, 8, 9, 10, 11, 12, 13, 14, 16, 17, 18, 19, 20, 21, 23, 24, 25, 27, 28, 29, 30]","['Amount_log1p', 'V1', 'V2', 'V3', 'V4', 'V5', 'V6', 'V7', 'V8', 'V9', 'V10', 'V11', 'V12', 'V13', 'V14', 'V16', 'V17', 'V18', 'V19', 'V20', 'V21', 'V23', 'V24', 'V25', 'V27', 'V28', 'Time_sin', 'Time_cos']"
CostSensitiveLearning_with_RandomUnderSampler___RandomizedSearchCV__niter_30__cv_5,1,7,DESKL,resubstitution,281,17693,15,59,0.9958998226950354,0.9493243243243243,0.8264705882352941,0.8836477987421384,0.9991529252315338,0.0008470747684662383,0.912811756733414,0.9087191567547811,0.8837649388883937,0.881571106709722,0.9625319729201823,0.8481747159383204,22560,0.8792353053777843,0.009833575673316195,0.8796724600325522,0.030094601108625833,"{'classifier__estimator__ccp_alpha': np.float64(0.004401864942317294), 'classifier__estimator__max_depth': 18, 'classifier__estimator__max_features': 'log2', 'classifier__estimator__max_leaf_nodes': 2, 'classifier__estimator__min_impurity_decrease': np.float64(0.0771969229798149), 'classifier__estimator__min_samples_leaf': 7, 'classifier__estimator__min_samples_split': 8, 'classifier__max_features': np.float64(0.9815389586634518), 'classifier__max_samples': np.float64(0.5897327062430766), 'classifier__n_estimators': 701, 'feature_selection_filter__k': 28}",64.59520411491394,"[0, 1, 2, 3, 4, 5, 6, 7, 8, 9, 10, 11, 12, 13, 14, 16, 17, 18, 19, 20, 21, 22, 24, 25, 27, 28, 29, 30]","['Amount_log1p', 'V1', 'V2', 'V3', 'V4', 'V5', 'V6', 'V7', 'V8', 'V9', 'V10', 'V11', 'V12', 'V13', 'V14', 'V16', 'V17', 'V18', 'V19', 'V20', 'V21', 'V22', 'V24', 'V25', 'V27', 'V28', 'Time_sin', 'Time_cos']"
CostSensitiveLearning_with_RandomUnderSampler___RandomizedSearchCV__niter_30__cv_5,1,8,DESKL,resubstitution,291,17683,24,50,0.9958998226950354,0.9238095238095239,0.8533724340175953,0.8871951219512195,0.9986446038289942,0.0013553961710057738,0.9260085189232947,0.9231553370306028,0.8858324362855466,0.8851104264744821,0.97631932100349,0.8722562889079699,22561,0.8804521869464128,0.0069337546918731,0.877934660210458,0.0173751605431966,"{'classifier__estimator__ccp_alpha': np.float64(0.006340266857304928), 'classifier__estimator__max_depth': 4, 'classifier__estimator__max_features': 'log2', 'classifier__estimator__max_leaf_nodes': 2, 'classifier__estimator__min_impurity_decrease': np.float64(0.05686217582112443), 'classifier__estimator__min_samples_leaf': 7, 'classifier__estimator__min_samples_split': 9, 'classifier__max_features': np.float64(0.9585578427750815), 'classifier__max_samples': np.float64(0.8538104564650183), 'classifier__n_estimators': 450, 'feature_selection_filter__k': 24}",77.05719566345215,"[0, 1, 2, 3, 4, 5, 6, 7, 8, 9, 10, 11, 12, 14, 16, 17, 18, 19, 20, 21, 23, 27, 28, 29]","['Amount_log1p', 'V1', 'V2', 'V3', 'V4', 'V5', 'V6', 'V7', 'V8', 'V9', 'V10', 'V11', 'V12', 'V14', 'V16', 'V17', 'V18', 'V19', 'V20', 'V21', 'V23', 'V27', 'V28', 'Time_sin']"
CostSensitiveLearning_with_RandomUnderSampler___RandomizedSearchCV__niter_30__cv_5,1,9,DESKL,resubstitution,280,17680,27,61,0.9951241134751773,0.9120521172638436,0.8211143695014663,0.8641975308641975,0.9984751793076184,0.0015248206923815788,0.9097947744045424,0.9054624880800081,0.8629544233652504,0.8617219802311216,0.9632660145506349,0.8413828718462983,22561,0.8720223863665879,0.005678243706752778,0.8708053332326587,0.017561362016700388,"{'classifier__estimator__ccp_alpha': np.float64(0.00037129705130237503), 'classifier__estimator__max_depth': 10, 'classifier__estimator__max_features': 'sqrt', 'classifier__estimator__max_leaf_nodes': 2, 'classifier__estimator__min_impurity_decrease': np.float64(0.07336898279035418), 'classifier__estimator__min_samples_leaf': 8, 'classifier__estimator__min_samples_split': 4, 'classifier__max_features': np.float64(0.6634931943278398), 'classifier__max_samples': np.float64(0.8757508038024531), 'classifier__n_estimators': 735, 'feature_selection_filter__k': 24}",71.69621801376343,"[0, 1, 2, 3, 4, 5, 6, 7, 8, 9, 10, 11, 12, 14, 16, 17, 18, 19, 20, 21, 23, 27, 28, 29]","['Amount_log1p', 'V1', 'V2', 'V3', 'V4', 'V5', 'V6', 'V7', 'V8', 'V9', 'V10', 'V11', 'V12', 'V14', 'V16', 'V17', 'V18', 'V19', 'V20', 'V21', 'V23', 'V27', 'V28', 'Time_sin']"
CostSensitiveLearning_with_RandomUnderSampler___RandomizedSearchCV__niter_30__cv_5,1,10,DESKL,resubstitution,282,17683,24,59,0.9954011524822695,0.9215686274509803,0.8269794721407625,0.8717156105100463,0.9986446038289942,0.0013553961710057738,0.9128120379848783,0.9087676200936753,0.8707029810041632,0.8693811950858902,0.9632931754709728,0.8631213402892557,22561,0.8686265500438797,0.00704768224508711,0.8704786701946297,0.018870918876034683,"{'classifier__estimator__ccp_alpha': np.float64(0.0011543532744378304), 'classifier__estimator__max_depth': 12, 'classifier__estimator__max_features': 'sqrt', 'classifier__estimator__max_leaf_nodes': 2, 'classifier__estimator__min_impurity_decrease': np.float64(0.08018178091594402), 'classifier__estimator__min_samples_leaf': 2, 'classifier__estimator__min_samples_split': 5, 'classifier__max_features': np.float64(0.6307199202088676), 'classifier__max_samples': np.float64(0.9804222245767851), 'classifier__n_estimators': 426, 'feature_selection_filter__k': 22}",72.48202180862427,"[1, 2, 3, 4, 5, 6, 7, 8, 9, 10, 11, 12, 14, 16, 17, 18, 19, 20, 21, 23, 27, 28]","['V1', 'V2', 'V3', 'V4', 'V5', 'V6', 'V7', 'V8', 'V9', 'V10', 'V11', 'V12', 'V14', 'V16', 'V17', 'V18', 'V19', 'V20', 'V21', 'V23', 'V27', 'V28']"
CostSensitiveLearning_with_RandomUnderSampler___RandomizedSearchCV__niter_30__cv_5,2,1,DESKL,resubstitution,280,17689,18,61,0.9956227836879432,0.9395973154362416,0.8211143695014663,0.8763693270735524,0.9989834528717456,0.0010165471282543859,0.9100489111866059,0.9056929214955702,0.876209648400237,0.8741515464670968,0.9627131076448551,0.8704162408900604,22560,0.8787256823291489,0.014967224227170568,0.8738916445220977,0.03572441122862916,"{'classifier__estimator__ccp_alpha': np.float64(0.0037953303903767856), 'classifier__estimator__max_depth': 18, 'classifier__estimator__max_features': 'log2', 'classifier__estimator__max_leaf_nodes': 2, 'classifier__estimator__min_impurity_decrease': np.float64(0.02774982134389439), 'classifier__estimator__min_samples_leaf': 3, 'classifier__estimator__min_samples_split': 8, 'classifier__max_features': np.float64(0.707333126393286), 'classifier__max_samples': np.float64(0.6105927801942317), 'classifier__n_estimators': 471, 'feature_selection_filter__k': 20}",67.80893063545227,"[1, 2, 3, 4, 5, 6, 7, 8, 9, 10, 11, 12, 14, 16, 17, 18, 19, 20, 21, 27]","['V1', 'V2', 'V3', 'V4', 'V5', 'V6', 'V7', 'V8', 'V9', 'V10', 'V11', 'V12', 'V14', 'V16', 'V17', 'V18', 'V19', 'V20', 'V21', 'V27']"
CostSensitiveLearning_with_RandomUnderSampler___RandomizedSearchCV__niter_30__cv_5,2,2,DESKL,resubstitution,283,17684,23,58,0.9955119680851063,0.9248366013071896,0.8299120234604106,0.874806800618238,0.9987010786694528,0.0012989213305472092,0.9143065510649317,0.9104032255163974,0.8738552073789179,0.8725286361681579,0.9647866120511348,0.8661531062168658,22560,0.8678399885096514,0.0091388649361481,0.8651338228866985,0.02095224862349123,"{'classifier__estimator__ccp_alpha': np.float64(0.0017687895631620888), 'classifier__estimator__max_depth': 8, 'classifier__estimator__max_features': 'sqrt', 'classifier__estimator__max_leaf_nodes': 2, 'classifier__estimator__min_impurity_decrease': np.float64(0.04803251208243978), 'classifier__estimator__min_samples_leaf': 8, 'classifier__estimator__min_samples_split': 6, 'classifier__max_features': np.float64(0.7037415941060662), 'classifier__max_samples': np.float64(0.9833510790062634), 'classifier__n_estimators': 814, 'feature_selection_filter__k': 'all'}",66.06660294532776,"[0, 1, 2, 3, 4, 5, 6, 7, 8, 9, 10, 11, 12, 13, 14, 15, 16, 17, 18, 19, 20, 21, 22, 23, 24, 25, 26, 27, 28, 29, 30]","['Amount_log1p', 'V1', 'V2', 'V3', 'V4', 'V5', 'V6', 'V7', 'V8', 'V9', 'V10', 'V11', 'V12', 'V13', 'V14', 'V15', 'V16', 'V17', 'V18', 'V19', 'V20', 'V21', 'V22', 'V23', 'V24', 'V25', 'V26', 'V27', 'V28', 'Time_sin', 'Time_cos']"
CostSensitiveLearning_with_RandomUnderSampler___RandomizedSearchCV__niter_30__cv_5,2,3,DESKL,resubstitution,281,17685,22,60,0.9954565602836879,0.9273927392739274,0.8240469208211144,0.8726708074534162,0.9987575535099114,0.0012424464900886445,0.9114022371655128,0.9072061985109404,0.8719408241096012,0.8703660198527259,0.9634670716072823,0.8553014376152028,22560,0.8655555710545503,0.0033727489428090917,0.8699192753763649,0.020993695749955566,"{'classifier__estimator__ccp_alpha': np.float64(0.006121211665778828), 'classifier__estimator__max_depth': 17, 'classifier__estimator__max_features': 'log2', 'classifier__estimator__max_leaf_nodes': 5, 'classifier__estimator__min_impurity_decrease': np.float64(0.09231411192381632), 'classifier__estimator__min_samples_leaf': 8, 'classifier__estimator__min_samples_split': 4, 'classifier__max_features': np.float64(0.5551389011581598), 'classifier__max_samples': np.float64(0.6465009318875747), 'classifier__n_estimators': 476, 'feature_selection_filter__k': 20}",67.4752836227417,"[1, 2, 3, 4, 5, 6, 7, 8, 9, 10, 11, 12, 14, 16, 17, 18, 19, 20, 21, 27]","['V1', 'V2', 'V3', 'V4', 'V5', 'V6', 'V7', 'V8', 'V9', 'V10', 'V11', 'V12', 'V14', 'V16', 'V17', 'V18', 'V19', 'V20', 'V21', 'V27']"
CostSensitiveLearning_with_RandomUnderSampler___RandomizedSearchCV__niter_30__cv_5,2,4,DESKL,resubstitution,285,17672,35,56,0.994957890070922,0.890625,0.8357771260997068,0.8623298033282905,0.9980233805839499,0.001976619416050096,0.9169002533418283,0.9133045016886578,0.860214932385653,0.8597643612835534,0.9691115745765174,0.8544167034283147,22560,0.8727741171534088,0.009450145448844717,0.8699126898327556,0.02580578148554262,"{'classifier__estimator__ccp_alpha': np.float64(0.007808627946833988), 'classifier__estimator__max_depth': 7, 'classifier__estimator__max_features': 'sqrt', 'classifier__estimator__max_leaf_nodes': 2, 'classifier__estimator__min_impurity_decrease': np.float64(0.09093556447063052), 'classifier__estimator__min_samples_leaf': 8, 'classifier__estimator__min_samples_split': 6, 'classifier__max_features': np.float64(0.8775079249889064), 'classifier__max_samples': np.float64(0.5340916488488978), 'classifier__n_estimators': 329, 'feature_selection_filter__k': 28}",76.35525584220886,"[0, 1, 2, 3, 4, 5, 6, 7, 8, 9, 10, 11, 12, 13, 14, 16, 17, 18, 19, 20, 21, 22, 23, 24, 26, 27, 28, 29]","['Amount_log1p', 'V1', 'V2', 'V3', 'V4', 'V5', 'V6', 'V7', 'V8', 'V9', 'V10', 'V11', 'V12', 'V13', 'V14', 'V16', 'V17', 'V18', 'V19', 'V20', 'V21', 'V22', 'V23', 'V24', 'V26', 'V27', 'V28', 'Time_sin']"
CostSensitiveLearning_with_RandomUnderSampler___RandomizedSearchCV__niter_30__cv_5,2,5,DESKL,resubstitution,286,17691,17,54,0.9960660460992907,0.9438943894389439,0.8411764705882353,0.8895800933125972,0.9990399819290716,0.0009600180709283812,0.9201082262586535,0.9167163825173142,0.8891111987477429,0.8875841928956882,0.9652623772572051,0.8694689461395101,22560,0.8804221279739239,0.012578292338848057,0.8774660401795126,0.019418710940113663,"{'classifier__estimator__ccp_alpha': np.float64(0.004348124973151565), 'classifier__estimator__max_depth': 5, 'classifier__estimator__max_features': 'sqrt', 'classifier__estimator__max_leaf_nodes': 2, 'classifier__estimator__min_impurity_decrease': np.float64(0.05276519550888901), 'classifier__estimator__min_samples_leaf': 1, 'classifier__estimator__min_samples_split': 7, 'classifier__max_features': np.float64(0.8460372908363902), 'classifier__max_samples': np.float64(0.5551033336171847), 'classifier__n_estimators': 260, 'feature_selection_filter__k': 24}",75.06696248054504,"[0, 1, 2, 3, 4, 5, 6, 7, 8, 9, 10, 11, 12, 14, 16, 17, 18, 19, 20, 21, 22, 27, 28, 29]","['Amount_log1p', 'V1', 'V2', 'V3', 'V4', 'V5', 'V6', 'V7', 'V8', 'V9', 'V10', 'V11', 'V12', 'V14', 'V16', 'V17', 'V18', 'V19', 'V20', 'V21', 'V22', 'V27', 'V28', 'Time_sin']"
CostSensitiveLearning_with_RandomUnderSampler___RandomizedSearchCV__niter_30__cv_5,2,6,DESKL,resubstitution,284,17683,25,56,0.9955119680851063,0.919093851132686,0.8352941176470589,0.8751926040061633,0.9985882087192229,0.0014117912807770638,0.9169411631831409,0.9132988868354546,0.8739471650650059,0.8729128111614399,0.961970163036979,0.8627696725964854,22560,0.8742367048793044,0.010431618483202593,0.874374230356605,0.028803256014129953,"{'classifier__estimator__ccp_alpha': np.float64(0.008663932160012424), 'classifier__estimator__max_depth': 8, 'classifier__estimator__max_features': 'sqrt', 'classifier__estimator__max_leaf_nodes': 2, 'classifier__estimator__min_impurity_decrease': np.float64(0.03335692813508847), 'classifier__estimator__min_samples_leaf': 1, 'classifier__estimator__min_samples_split': 8, 'classifier__max_features': np.float64(0.9971079075381862), 'classifier__max_samples': np.float64(0.9066487904281555), 'classifier__n_estimators': 324, 'feature_selection_filter__k': 28}",90.6395480632782,"[0, 1, 2, 3, 4, 5, 6, 7, 8, 9, 10, 11, 12, 13, 14, 16, 17, 18, 19, 20, 21, 22, 23, 24, 25, 27, 28, 29]","['Amount_log1p', 'V1', 'V2', 'V3', 'V4', 'V5', 'V6', 'V7', 'V8', 'V9', 'V10', 'V11', 'V12', 'V13', 'V14', 'V16', 'V17', 'V18', 'V19', 'V20', 'V21', 'V22', 'V23', 'V24', 'V25', 'V27', 'V28', 'Time_sin']"
CostSensitiveLearning_with_RandomUnderSampler___RandomizedSearchCV__niter_30__cv_5,2,7,DESKL,resubstitution,286,17686,22,54,0.9957890070921985,0.9285714285714286,0.8411764705882353,0.8827160493827161,0.9987576236729162,0.001242376327083794,0.9199670471305758,0.9165868277769852,0.8816927293253938,0.8805773876024929,0.9649636588315018,0.8631014406340529,22560,0.8769119085385905,0.007522026749288018,0.8796187471051413,0.015388351544416418,"{'classifier__estimator__ccp_alpha': np.float64(0.003974375696856146), 'classifier__estimator__max_depth': 13, 'classifier__estimator__max_features': 'sqrt', 'classifier__estimator__max_leaf_nodes': 2, 'classifier__estimator__min_impurity_decrease': np.float64(0.09412539220290125), 'classifier__estimator__min_samples_leaf': 8, 'classifier__estimator__min_samples_split': 9, 'classifier__max_features': np.float64(0.550669897308796), 'classifier__max_samples': np.float64(0.9205805632004045), 'classifier__n_estimators': 615, 'feature_selection_filter__k': 22}",62.92707133293152,"[1, 2, 3, 4, 5, 6, 7, 8, 9, 10, 11, 12, 14, 16, 17, 18, 19, 20, 21, 27, 28, 29]","['V1', 'V2', 'V3', 'V4', 'V5', 'V6', 'V7', 'V8', 'V9', 'V10', 'V11', 'V12', 'V14', 'V16', 'V17', 'V18', 'V19', 'V20', 'V21', 'V27', 'V28', 'Time_sin']"
CostSensitiveLearning_with_RandomUnderSampler___RandomizedSearchCV__niter_30__cv_5,2,8,DESKL,resubstitution,282,17685,22,59,0.9955119680851063,0.9276315789473685,0.8269794721407625,0.8744186046511628,0.9987575535099114,0.0012424464900886445,0.9128685128253369,0.9088190108037055,0.8736327085486201,0.8721414157810922,0.9696351675621765,0.8520143367183103,22561,0.8715903930467818,0.007455491294845548,0.8749742743709682,0.03455776860585348,"{'classifier__estimator__ccp_alpha': np.float64(0.009240351155744253), 'classifier__estimator__max_depth': 16, 'classifier__estimator__max_features': 'log2', 'classifier__estimator__max_leaf_nodes': 13, 'classifier__estimator__min_impurity_decrease': np.float64(0.09791617846798668), 'classifier__estimator__min_samples_leaf': 1, 'classifier__estimator__min_samples_split': 9, 'classifier__max_features': np.float64(0.6409698834314563), 'classifier__max_samples': np.float64(0.6281402789050028), 'classifier__n_estimators': 401, 'feature_selection_filter__k': 22}",69.25482845306396,"[0, 1, 2, 3, 4, 5, 6, 7, 8, 9, 10, 11, 12, 14, 16, 17, 18, 19, 20, 21, 27, 29]","['Amount_log1p', 'V1', 'V2', 'V3', 'V4', 'V5', 'V6', 'V7', 'V8', 'V9', 'V10', 'V11', 'V12', 'V14', 'V16', 'V17', 'V18', 'V19', 'V20', 'V21', 'V27', 'Time_sin']"
CostSensitiveLearning_with_RandomUnderSampler___RandomizedSearchCV__niter_30__cv_5,2,9,DESKL,resubstitution,286,17675,32,55,0.9951795212765957,0.89937106918239,0.8387096774193549,0.8679817905918058,0.9981928051053256,0.001807194894674402,0.9184512412623402,0.9149830411391288,0.8660772115214609,0.8655297755643776,0.9667802070423961,0.8662571864071424,22561,0.8719696969696968,0.00824936145471365,0.8750237277812916,0.02908528997583161,"{'classifier__estimator__ccp_alpha': np.float64(0.0024888675110213056), 'classifier__estimator__max_depth': 11, 'classifier__estimator__max_features': 'log2', 'classifier__estimator__max_leaf_nodes': 8, 'classifier__estimator__min_impurity_decrease': np.float64(0.0930632029331249), 'classifier__estimator__min_samples_leaf': 4, 'classifier__estimator__min_samples_split': 8, 'classifier__max_features': np.float64(0.9655046247156349), 'classifier__max_samples': np.float64(0.6200695142809088), 'classifier__n_estimators': 636, 'feature_selection_filter__k': 24}",78.4420976638794,"[1, 2, 3, 4, 5, 6, 7, 8, 9, 10, 11, 12, 14, 16, 17, 18, 19, 20, 21, 23, 24, 27, 28, 29]","['V1', 'V2', 'V3', 'V4', 'V5', 'V6', 'V7', 'V8', 'V9', 'V10', 'V11', 'V12', 'V14', 'V16', 'V17', 'V18', 'V19', 'V20', 'V21', 'V23', 'V24', 'V27', 'V28', 'Time_sin']"
CostSensitiveLearning_with_RandomUnderSampler___RandomizedSearchCV__niter_30__cv_5,2,10,DESKL,resubstitution,285,17681,26,56,0.9954565602836879,0.9163987138263665,0.8357771260997068,0.8742331288343558,0.998531654148077,0.0014683458519230141,0.9171543901238919,0.9135370360436769,0.8728833704996537,0.8719246081026419,0.963302615546944,0.8561471522177084,22561,0.8734205708304348,0.01539018081959961,0.8706789322231263,0.04116993476251578,"{'classifier__estimator__ccp_alpha': np.float64(0.003694261564724788), 'classifier__estimator__max_depth': 16, 'classifier__estimator__max_features': 'sqrt', 'classifier__estimator__max_leaf_nodes': 2, 'classifier__estimator__min_impurity_decrease': np.float64(0.09138105642606548), 'classifier__estimator__min_samples_leaf': 1, 'classifier__estimator__min_samples_split': 2, 'classifier__max_features': np.float64(0.8655499567161091), 'classifier__max_samples': np.float64(0.9471783124305422), 'classifier__n_estimators': 475, 'feature_selection_filter__k': 'all'}",80.61726593971252,"[0, 1, 2, 3, 4, 5, 6, 7, 8, 9, 10, 11, 12, 13, 14, 15, 16, 17, 18, 19, 20, 21, 22, 23, 24, 25, 26, 27, 28, 29, 30]","['Amount_log1p', 'V1', 'V2', 'V3', 'V4', 'V5', 'V6', 'V7', 'V8', 'V9', 'V10', 'V11', 'V12', 'V13', 'V14', 'V15', 'V16', 'V17', 'V18', 'V19', 'V20', 'V21', 'V22', 'V23', 'V24', 'V25', 'V26', 'V27', 'V28', 'Time_sin', 'Time_cos']"
CostSensitiveLearning_with_RandomUnderSampler___RandomizedSearchCV__niter_30__cv_5,3,1,DESKL,resubstitution,289,17679,28,52,0.9955673758865248,0.9116719242902208,0.8475073313782991,0.878419452887538,0.9984187044671599,0.0015812955328401435,0.9229630179227295,0.9198734542431047,0.8767702980170831,0.876165048085706,0.9631471855241569,0.8661996563512393,22560,0.8790340744975303,0.007585266786274424,0.883073673614453,0.013875671636239057,"{'classifier__estimator__ccp_alpha': np.float64(0.002227386552670807), 'classifier__estimator__max_depth': 4, 'classifier__estimator__max_features': 'log2', 'classifier__estimator__max_leaf_nodes': 2, 'classifier__estimator__min_impurity_decrease': np.float64(0.027416303014425415), 'classifier__estimator__min_samples_leaf': 4, 'classifier__estimator__min_samples_split': 3, 'classifier__max_features': np.float64(0.6678143878909013), 'classifier__max_samples': np.float64(0.579340920150065), 'classifier__n_estimators': 416, 'feature_selection_filter__k': 28}",74.35842251777649,"[0, 1, 2, 3, 4, 5, 6, 7, 8, 9, 10, 11, 12, 14, 16, 17, 18, 19, 20, 21, 22, 23, 24, 25, 27, 28, 29, 30]","['Amount_log1p', 'V1', 'V2', 'V3', 'V4', 'V5', 'V6', 'V7', 'V8', 'V9', 'V10', 'V11', 'V12', 'V14', 'V16', 'V17', 'V18', 'V19', 'V20', 'V21', 'V22', 'V23', 'V24', 'V25', 'V27', 'V28', 'Time_sin', 'Time_cos']"
CostSensitiveLearning_with_RandomUnderSampler___RandomizedSearchCV__niter_30__cv_5,3,2,DESKL,resubstitution,286,17684,23,55,0.9956781914893617,0.9255663430420712,0.8387096774193549,0.88,0.9987010786694528,0.0012989213305472092,0.9187053780444039,0.915215963327355,0.8789100114384132,0.8778049005326349,0.9622257844247689,0.8699687326938459,22560,0.8791498148355036,0.01054758676913501,0.8824096515299887,0.021030539238516926,"{'classifier__estimator__ccp_alpha': np.float64(0.007601812824949439), 'classifier__estimator__max_depth': 4, 'classifier__estimator__max_features': 'sqrt', 'classifier__estimator__max_leaf_nodes': 11, 'classifier__estimator__min_impurity_decrease': np.float64(0.09621759691695131), 'classifier__estimator__min_samples_leaf': 5, 'classifier__estimator__min_samples_split': 7, 'classifier__max_features': np.float64(0.5171879353796305), 'classifier__max_samples': np.float64(0.5763967024548912), 'classifier__n_estimators': 601, 'feature_selection_filter__k': 26}",69.77070307731628,"[0, 1, 2, 3, 4, 5, 6, 7, 8, 9, 10, 11, 12, 14, 16, 17, 18, 19, 20, 21, 22, 23, 24, 27, 28, 29]","['Amount_log1p', 'V1', 'V2', 'V3', 'V4', 'V5', 'V6', 'V7', 'V8', 'V9', 'V10', 'V11', 'V12', 'V14', 'V16', 'V17', 'V18', 'V19', 'V20', 'V21', 'V22', 'V23', 'V24', 'V27', 'V28', 'Time_sin']"
CostSensitiveLearning_with_RandomUnderSampler___RandomizedSearchCV__niter_30__cv_5,3,3,DESKL,resubstitution,282,17692,15,59,0.9958998226950354,0.9494949494949495,0.8269794721407625,0.8840125391849529,0.9991528773931214,0.0008471226068785809,0.913066174766942,0.9089988554087886,0.8841168649031221,0.8819356669468983,0.9675611663097932,0.8568112453140148,22560,0.8784428653802923,0.010650384570352004,0.8733474328894175,0.014811532509114506,"{'classifier__estimator__ccp_alpha': np.float64(0.0032538188176461937), 'classifier__estimator__max_depth': 18, 'classifier__estimator__max_features': 'log2', 'classifier__estimator__max_leaf_nodes': 2, 'classifier__estimator__min_impurity_decrease': np.float64(0.08125945489088435), 'classifier__estimator__min_samples_leaf': 3, 'classifier__estimator__min_samples_split': 7, 'classifier__max_features': np.float64(0.8475354277522709), 'classifier__max_samples': np.float64(0.665935823882553), 'classifier__n_estimators': 485, 'feature_selection_filter__k': 'all'}",75.70059061050415,"[0, 1, 2, 3, 4, 5, 6, 7, 8, 9, 10, 11, 12, 13, 14, 15, 16, 17, 18, 19, 20, 21, 22, 23, 24, 25, 26, 27, 28, 29, 30]","['Amount_log1p', 'V1', 'V2', 'V3', 'V4', 'V5', 'V6', 'V7', 'V8', 'V9', 'V10', 'V11', 'V12', 'V13', 'V14', 'V15', 'V16', 'V17', 'V18', 'V19', 'V20', 'V21', 'V22', 'V23', 'V24', 'V25', 'V26', 'V27', 'V28', 'Time_sin', 'Time_cos']"
CostSensitiveLearning_with_RandomUnderSampler___RandomizedSearchCV__niter_30__cv_5,3,4,DESKL,resubstitution,283,17664,43,58,0.9944038120567376,0.8680981595092024,0.8299120234604106,0.848575712143928,0.9975715818602813,0.0024284181397187243,0.9137418026603459,0.90988826239724,0.8459484811038543,0.8457264090678119,0.9662820360157116,0.8538101159632272,22560,0.8652153432462232,0.012750520353740967,0.8703520937890632,0.0212883818001119,"{'classifier__estimator__ccp_alpha': np.float64(0.0029825318288360728), 'classifier__estimator__max_depth': 9, 'classifier__estimator__max_features': 'log2', 'classifier__estimator__max_leaf_nodes': 19, 'classifier__estimator__min_impurity_decrease': np.float64(0.09692225049398268), 'classifier__estimator__min_samples_leaf': 9, 'classifier__estimator__min_samples_split': 5, 'classifier__max_features': np.float64(0.5574533354302138), 'classifier__max_samples': np.float64(0.6135522700964009), 'classifier__n_estimators': 426, 'feature_selection_filter__k': 'all'}",73.71703624725342,"[0, 1, 2, 3, 4, 5, 6, 7, 8, 9, 10, 11, 12, 13, 14, 15, 16, 17, 18, 19, 20, 21, 22, 23, 24, 25, 26, 27, 28, 29, 30]","['Amount_log1p', 'V1', 'V2', 'V3', 'V4', 'V5', 'V6', 'V7', 'V8', 'V9', 'V10', 'V11', 'V12', 'V13', 'V14', 'V15', 'V16', 'V17', 'V18', 'V19', 'V20', 'V21', 'V22', 'V23', 'V24', 'V25', 'V26', 'V27', 'V28', 'Time_sin', 'Time_cos']"
CostSensitiveLearning_with_RandomUnderSampler___RandomizedSearchCV__niter_30__cv_5,3,5,DESKL,resubstitution,280,17684,24,60,0.995345744680851,0.9210526315789473,0.8235294117647058,0.8695652173913043,0.9986446803704541,0.0013553196295459369,0.91108704606758,0.9068700382014132,0.8686112429554239,0.8672033546737826,0.9651427071845229,0.8523516682615564,22560,0.8664723266409233,0.010944937845072094,0.8707556443556443,0.032432440560132655,"{'classifier__estimator__ccp_alpha': np.float64(0.005576741270619672), 'classifier__estimator__max_depth': 5, 'classifier__estimator__max_features': 'sqrt', 'classifier__estimator__max_leaf_nodes': 2, 'classifier__estimator__min_impurity_decrease': np.float64(0.0903489032968205), 'classifier__estimator__min_samples_leaf': 9, 'classifier__estimator__min_samples_split': 2, 'classifier__max_features': np.float64(0.7695527371595337), 'classifier__max_samples': np.float64(0.8321637581704533), 'classifier__n_estimators': 925, 'feature_selection_filter__k': 20}",77.03509259223938,"[1, 2, 3, 4, 5, 6, 7, 8, 9, 10, 11, 12, 14, 16, 17, 18, 19, 20, 21, 27]","['V1', 'V2', 'V3', 'V4', 'V5', 'V6', 'V7', 'V8', 'V9', 'V10', 'V11', 'V12', 'V14', 'V16', 'V17', 'V18', 'V19', 'V20', 'V21', 'V27']"
CostSensitiveLearning_with_RandomUnderSampler___RandomizedSearchCV__niter_30__cv_5,3,6,DESKL,resubstitution,276,17669,39,64,0.9942929964539007,0.8761904761904762,0.8117647058823529,0.8427480916030534,0.9977976056019878,0.002202394398012175,0.9047811557421703,0.8999871553759051,0.840481411835879,0.8398461649797885,0.9610022555441874,0.8379549703350673,22560,0.8549215973546446,0.004554082905195717,0.8568912308449985,0.016412333566303422,"{'classifier__estimator__ccp_alpha': np.float64(0.007299405570626448), 'classifier__estimator__max_depth': 17, 'classifier__estimator__max_features': 'sqrt', 'classifier__estimator__max_leaf_nodes': 2, 'classifier__estimator__min_impurity_decrease': np.float64(0.025214679641823903), 'classifier__estimator__min_samples_leaf': 1, 'classifier__estimator__min_samples_split': 6, 'classifier__max_features': np.float64(0.7649047412255986), 'classifier__max_samples': np.float64(0.6740374725957935), 'classifier__n_estimators': 967, 'feature_selection_filter__k': 26}",87.31847190856934,"[0, 1, 2, 3, 4, 5, 6, 7, 8, 9, 10, 11, 12, 14, 16, 17, 18, 19, 20, 21, 22, 24, 25, 27, 28, 29]","['Amount_log1p', 'V1', 'V2', 'V3', 'V4', 'V5', 'V6', 'V7', 'V8', 'V9', 'V10', 'V11', 'V12', 'V14', 'V16', 'V17', 'V18', 'V19', 'V20', 'V21', 'V22', 'V24', 'V25', 'V27', 'V28', 'Time_sin']"
CostSensitiveLearning_with_RandomUnderSampler___RandomizedSearchCV__niter_30__cv_5,3,7,DESKL,resubstitution,278,17694,14,62,0.9957890070921985,0.952054794520548,0.8176470588235294,0.879746835443038,0.9992093968827649,0.0007906031172351113,0.9084282278531471,0.9038808685385621,0.8802498646161895,0.8776163977581279,0.9678011932127719,0.8474479754007289,22560,0.8746484798836915,0.0100025956169096,0.8730975685910366,0.04050557620480346,"{'classifier__estimator__ccp_alpha': np.float64(0.005066666538709547), 'classifier__estimator__max_depth': 13, 'classifier__estimator__max_features': 'log2', 'classifier__estimator__max_leaf_nodes': 2, 'classifier__estimator__min_impurity_decrease': np.float64(0.07024594309957466), 'classifier__estimator__min_samples_leaf': 4, 'classifier__estimator__min_samples_split': 6, 'classifier__max_features': np.float64(0.540499580857753), 'classifier__max_samples': np.float64(0.7402563940822945), 'classifier__n_estimators': 662, 'feature_selection_filter__k': 'all'}",79.14846444129944,"[0, 1, 2, 3, 4, 5, 6, 7, 8, 9, 10, 11, 12, 13, 14, 15, 16, 17, 18, 19, 20, 21, 22, 23, 24, 25, 26, 27, 28, 29, 30]","['Amount_log1p', 'V1', 'V2', 'V3', 'V4', 'V5', 'V6', 'V7', 'V8', 'V9', 'V10', 'V11', 'V12', 'V13', 'V14', 'V15', 'V16', 'V17', 'V18', 'V19', 'V20', 'V21', 'V22', 'V23', 'V24', 'V25', 'V26', 'V27', 'V28', 'Time_sin', 'Time_cos']"
CostSensitiveLearning_with_RandomUnderSampler___RandomizedSearchCV__niter_30__cv_5,3,8,DESKL,resubstitution,286,17671,36,55,0.994957890070922,0.8881987577639752,0.8387096774193549,0.8627450980392157,0.9979669057434912,0.0020330942565087717,0.9183382915814231,0.9148795011318787,0.8605457993050066,0.8601790192930151,0.9692827380592561,0.8774229119423717,22561,0.8651787413310036,0.018920357292767663,0.8704217973352563,0.01930465302415873,"{'classifier__estimator__ccp_alpha': np.float64(0.008665055933413454), 'classifier__estimator__max_depth': 12, 'classifier__estimator__max_features': 'sqrt', 'classifier__estimator__max_leaf_nodes': 3, 'classifier__estimator__min_impurity_decrease': np.float64(0.09734121155690717), 'classifier__estimator__min_samples_leaf': 3, 'classifier__estimator__min_samples_split': 6, 'classifier__max_features': np.float64(0.7123777028191858), 'classifier__max_samples': np.float64(0.5212563986511253), 'classifier__n_estimators': 289, 'feature_selection_filter__k': 'all'}",78.62598085403442,"[0, 1, 2, 3, 4, 5, 6, 7, 8, 9, 10, 11, 12, 13, 14, 15, 16, 17, 18, 19, 20, 21, 22, 23, 24, 25, 26, 27, 28, 29, 30]","['Amount_log1p', 'V1', 'V2', 'V3', 'V4', 'V5', 'V6', 'V7', 'V8', 'V9', 'V10', 'V11', 'V12', 'V13', 'V14', 'V15', 'V16', 'V17', 'V18', 'V19', 'V20', 'V21', 'V22', 'V23', 'V24', 'V25', 'V26', 'V27', 'V28', 'Time_sin', 'Time_cos']"
CostSensitiveLearning_with_RandomUnderSampler___RandomizedSearchCV__niter_30__cv_5,3,9,DESKL,resubstitution,291,17677,30,50,0.9955673758865248,0.9065420560747663,0.8533724340175953,0.879154078549849,0.9983057547862427,0.0016942452137572728,0.925839094401919,0.9229987063131284,0.8773140202828024,0.8768984591333475,0.9701607479322506,0.8728804217796368,22561,0.883050377496513,0.0068088054680153715,0.8834059481236227,0.019812495352546575,"{'classifier__estimator__ccp_alpha': np.float64(0.001259461988336218), 'classifier__estimator__max_depth': 6, 'classifier__estimator__max_features': 'sqrt', 'classifier__estimator__max_leaf_nodes': 4, 'classifier__estimator__min_impurity_decrease': np.float64(0.09857246143532093), 'classifier__estimator__min_samples_leaf': 5, 'classifier__estimator__min_samples_split': 4, 'classifier__max_features': np.float64(0.5656136350112858), 'classifier__max_samples': np.float64(0.5024467188856406), 'classifier__n_estimators': 692, 'feature_selection_filter__k': 20}",70.57149982452393,"[1, 2, 3, 4, 5, 6, 7, 8, 9, 10, 11, 12, 14, 16, 17, 18, 19, 20, 21, 27]","['V1', 'V2', 'V3', 'V4', 'V5', 'V6', 'V7', 'V8', 'V9', 'V10', 'V11', 'V12', 'V14', 'V16', 'V17', 'V18', 'V19', 'V20', 'V21', 'V27']"
CostSensitiveLearning_with_RandomUnderSampler___RandomizedSearchCV__niter_30__cv_5,3,10,DESKL,resubstitution,283,17683,24,58,0.9954565602836879,0.9218241042345277,0.8299120234604106,0.8734567901234568,0.9986446038289942,0.0013553961710057738,0.9142783136447024,0.9103774842786594,0.8723959542516551,0.871150027033545,0.9716889637396746,0.855648374184891,22561,0.8800180358757232,0.006306185860738447,0.8813439153439153,0.015098968883637919,"{'classifier__estimator__ccp_alpha': np.float64(0.004028608814188221), 'classifier__estimator__max_depth': 13, 'classifier__estimator__max_features': 'sqrt', 'classifier__estimator__max_leaf_nodes': 2, 'classifier__estimator__min_impurity_decrease': np.float64(0.053041128582976986), 'classifier__estimator__min_samples_leaf': 6, 'classifier__estimator__min_samples_split': 4, 'classifier__max_features': np.float64(0.5307875495168753), 'classifier__max_samples': np.float64(0.5750744076471939), 'classifier__n_estimators': 613, 'feature_selection_filter__k': 28}",78.22256135940552,"[0, 1, 2, 3, 4, 5, 6, 7, 8, 9, 10, 11, 12, 14, 16, 17, 18, 19, 20, 21, 22, 24, 25, 26, 27, 28, 29, 30]","['Amount_log1p', 'V1', 'V2', 'V3', 'V4', 'V5', 'V6', 'V7', 'V8', 'V9', 'V10', 'V11', 'V12', 'V14', 'V16', 'V17', 'V18', 'V19', 'V20', 'V21', 'V22', 'V24', 'V25', 'V26', 'V27', 'V28', 'Time_sin', 'Time_cos']"
CostSensitiveLearning_with_RandomUnderSampler___RandomizedSearchCV__niter_30__cv_5,4,1,DESKL,resubstitution,282,17684,23,59,0.9954565602836879,0.9245901639344263,0.8269794721407625,0.8730650154798761,0.9987010786694528,0.0012989213305472092,0.9128402754051077,0.9087933158119476,0.8721642720418002,0.8707592124284713,0.965357985070437,0.8441310049766506,22560,0.8664518908669215,0.009998938555754695,0.8626608094534085,0.014423316869963254,"{'classifier__estimator__ccp_alpha': np.float64(0.002274217585379018), 'classifier__estimator__max_depth': 16, 'classifier__estimator__max_features': 'sqrt', 'classifier__estimator__max_leaf_nodes': 2, 'classifier__estimator__min_impurity_decrease': np.float64(0.09469742025858337), 'classifier__estimator__min_samples_leaf': 5, 'classifier__estimator__min_samples_split': 9, 'classifier__max_features': np.float64(0.6510345171557794), 'classifier__max_samples': np.float64(0.8498760424926937), 'classifier__n_estimators': 922, 'feature_selection_filter__k': 26}",77.51884293556213,"[0, 1, 2, 3, 4, 5, 6, 7, 8, 9, 10, 11, 12, 14, 16, 17, 18, 19, 20, 21, 23, 24, 26, 27, 28, 29]","['Amount_log1p', 'V1', 'V2', 'V3', 'V4', 'V5', 'V6', 'V7', 'V8', 'V9', 'V10', 'V11', 'V12', 'V14', 'V16', 'V17', 'V18', 'V19', 'V20', 'V21', 'V23', 'V24', 'V26', 'V27', 'V28', 'Time_sin']"
CostSensitiveLearning_with_RandomUnderSampler___RandomizedSearchCV__niter_30__cv_5,4,2,DESKL,resubstitution,279,17681,26,62,0.9951241134751773,0.9147540983606557,0.8181818181818182,0.8637770897832817,0.998531654148077,0.0014683458519230141,0.9083567361649476,0.9038697053795819,0.8626923697819544,0.8613025694354326,0.9688059314150326,0.8471979246546857,22560,0.8602575910181702,0.012851736518264474,0.8572771180432472,0.033626111375316334,"{'classifier__estimator__ccp_alpha': np.float64(0.004397309115540877), 'classifier__estimator__max_depth': 6, 'classifier__estimator__max_features': 'sqrt', 'classifier__estimator__max_leaf_nodes': 2, 'classifier__estimator__min_impurity_decrease': np.float64(0.05251967476059836), 'classifier__estimator__min_samples_leaf': 7, 'classifier__estimator__min_samples_split': 3, 'classifier__max_features': np.float64(0.9132623753843158), 'classifier__max_samples': np.float64(0.6481874855488698), 'classifier__n_estimators': 468, 'feature_selection_filter__k': 22}",85.31874465942383,"[1, 2, 3, 4, 5, 6, 7, 8, 9, 10, 11, 12, 14, 16, 17, 18, 19, 20, 21, 27, 28, 29]","['V1', 'V2', 'V3', 'V4', 'V5', 'V6', 'V7', 'V8', 'V9', 'V10', 'V11', 'V12', 'V14', 'V16', 'V17', 'V18', 'V19', 'V20', 'V21', 'V27', 'V28', 'Time_sin']"
CostSensitiveLearning_with_RandomUnderSampler___RandomizedSearchCV__niter_30__cv_5,4,3,DESKL,resubstitution,277,17679,28,64,0.9949024822695035,0.9081967213114754,0.8123167155425219,0.8575851393188855,0.9984187044671599,0.0015812955328401435,0.905367710004841,0.9005732633989214,0.8563777682753906,0.8549981407734069,0.9622205675406796,0.8439812354666363,22560,0.8468965568138884,0.015371805725001393,0.844782584035524,0.03616754396756292,"{'classifier__estimator__ccp_alpha': np.float64(0.0038362868625784474), 'classifier__estimator__max_depth': 6, 'classifier__estimator__max_features': 'sqrt', 'classifier__estimator__max_leaf_nodes': 2, 'classifier__estimator__min_impurity_decrease': np.float64(0.09028293024632154), 'classifier__estimator__min_samples_leaf': 6, 'classifier__estimator__min_samples_split': 7, 'classifier__max_features': np.float64(0.8325784953986948), 'classifier__max_samples': np.float64(0.6522775757615865), 'classifier__n_estimators': 730, 'feature_selection_filter__k': 28}",75.70697069168091,"[0, 1, 2, 3, 4, 5, 6, 7, 8, 9, 10, 11, 12, 14, 16, 17, 18, 19, 20, 21, 23, 24, 25, 26, 27, 28, 29, 30]","['Amount_log1p', 'V1', 'V2', 'V3', 'V4', 'V5', 'V6', 'V7', 'V8', 'V9', 'V10', 'V11', 'V12', 'V14', 'V16', 'V17', 'V18', 'V19', 'V20', 'V21', 'V23', 'V24', 'V25', 'V26', 'V27', 'V28', 'Time_sin', 'Time_cos']"
CostSensitiveLearning_with_RandomUnderSampler___RandomizedSearchCV__niter_30__cv_5,4,4,DESKL,resubstitution,285,17691,16,56,0.9960106382978723,0.946843853820598,0.8357771260997068,0.8878504672897196,0.9990964025526627,0.0009035974473372566,0.9174367643261847,0.9137953381485486,0.8876150386739828,0.8858276924709797,0.9656034270456851,0.8736947816035551,22560,0.8802842434006614,0.010708335087896417,0.8855117328868924,0.02860117463919453,"{'classifier__estimator__ccp_alpha': np.float64(0.0033529270527529187), 'classifier__estimator__max_depth': 9, 'classifier__estimator__max_features': 'log2', 'classifier__estimator__max_leaf_nodes': 14, 'classifier__estimator__min_impurity_decrease': np.float64(0.0908505010614647), 'classifier__estimator__min_samples_leaf': 8, 'classifier__estimator__min_samples_split': 8, 'classifier__max_features': np.float64(0.7733319432375388), 'classifier__max_samples': np.float64(0.7441022331942475), 'classifier__n_estimators': 538, 'feature_selection_filter__k': 20}",68.83885049819946,"[1, 2, 3, 4, 5, 6, 7, 8, 9, 10, 11, 12, 14, 16, 17, 18, 19, 20, 21, 27]","['V1', 'V2', 'V3', 'V4', 'V5', 'V6', 'V7', 'V8', 'V9', 'V10', 'V11', 'V12', 'V14', 'V16', 'V17', 'V18', 'V19', 'V20', 'V21', 'V27']"
CostSensitiveLearning_with_RandomUnderSampler___RandomizedSearchCV__niter_30__cv_5,4,5,DESKL,resubstitution,287,17675,33,53,0.9952349290780141,0.896875,0.8441176470588235,0.8696969696969697,0.9981364355093743,0.0018635644906257465,0.9211270412840988,0.9179022711519207,0.8676857782990692,0.8672723292469352,0.9749646221714348,0.8630332490763502,22560,0.8755576796909281,0.011988862234417043,0.875845568345575,0.012195342106182883,"{'classifier__estimator__ccp_alpha': np.float64(0.008856724552677404), 'classifier__estimator__max_depth': 9, 'classifier__estimator__max_features': 'sqrt', 'classifier__estimator__max_leaf_nodes': 2, 'classifier__estimator__min_impurity_decrease': np.float64(0.011030124455478442), 'classifier__estimator__min_samples_leaf': 4, 'classifier__estimator__min_samples_split': 7, 'classifier__max_features': np.float64(0.7333843260487267), 'classifier__max_samples': np.float64(0.6471215387286449), 'classifier__n_estimators': 522, 'feature_selection_filter__k': 26}",71.56998991966248,"[0, 1, 2, 3, 4, 5, 6, 7, 8, 9, 10, 11, 12, 14, 16, 17, 18, 19, 20, 21, 22, 23, 24, 27, 28, 29]","['Amount_log1p', 'V1', 'V2', 'V3', 'V4', 'V5', 'V6', 'V7', 'V8', 'V9', 'V10', 'V11', 'V12', 'V14', 'V16', 'V17', 'V18', 'V19', 'V20', 'V21', 'V22', 'V23', 'V24', 'V27', 'V28', 'Time_sin']"
CostSensitiveLearning_with_RandomUnderSampler___RandomizedSearchCV__niter_30__cv_5,4,6,DESKL,resubstitution,287,17681,27,53,0.9955673758865248,0.9140127388535032,0.8441176470588235,0.8776758409785933,0.9984752654167608,0.0015247345832392067,0.9212964562377921,0.9180580546403535,0.8761406705141478,0.8754222652329551,0.9690282889754049,0.8668049360948434,22560,0.8809954143257922,0.006048172061624552,0.8806843867235736,0.019571517063453288,"{'classifier__estimator__ccp_alpha': np.float64(0.007918999909158612), 'classifier__estimator__max_depth': 15, 'classifier__estimator__max_features': 'sqrt', 'classifier__estimator__max_leaf_nodes': 2, 'classifier__estimator__min_impurity_decrease': np.float64(0.02335259915004384), 'classifier__estimator__min_samples_leaf': 2, 'classifier__estimator__min_samples_split': 6, 'classifier__max_features': np.float64(0.552675459894141), 'classifier__max_samples': np.float64(0.9819414536271661), 'classifier__n_estimators': 984, 'feature_selection_filter__k': 26}",65.20124435424805,"[0, 1, 2, 3, 4, 5, 6, 7, 8, 9, 10, 11, 12, 14, 16, 17, 18, 19, 20, 21, 22, 24, 25, 27, 28, 29]","['Amount_log1p', 'V1', 'V2', 'V3', 'V4', 'V5', 'V6', 'V7', 'V8', 'V9', 'V10', 'V11', 'V12', 'V14', 'V16', 'V17', 'V18', 'V19', 'V20', 'V21', 'V22', 'V24', 'V25', 'V27', 'V28', 'Time_sin']"
CostSensitiveLearning_with_RandomUnderSampler___RandomizedSearchCV__niter_30__cv_5,4,7,DESKL,resubstitution,285,17686,22,55,0.9957335992907801,0.9283387622149837,0.8382352941176471,0.8809891808346213,0.9987576236729162,0.001242376327083794,0.9184964588952816,0.9149830000779846,0.8800103149518973,0.8788227998300706,0.9646510716326288,0.8702164547960011,22560,0.8783381537516007,0.009447543769202734,0.8750837227388425,0.02990357502895315,"{'classifier__estimator__ccp_alpha': np.float64(0.007236284236118264), 'classifier__estimator__max_depth': 12, 'classifier__estimator__max_features': 'sqrt', 'classifier__estimator__max_leaf_nodes': 2, 'classifier__estimator__min_impurity_decrease': np.float64(0.015067912681151997), 'classifier__estimator__min_samples_leaf': 9, 'classifier__estimator__min_samples_split': 6, 'classifier__max_features': np.float64(0.9388573240442311), 'classifier__max_samples': np.float64(0.9508551434089276), 'classifier__n_estimators': 354, 'feature_selection_filter__k': 28}",71.66130948066711,"[0, 1, 2, 3, 4, 5, 6, 7, 8, 9, 10, 11, 12, 14, 15, 16, 17, 18, 19, 20, 21, 23, 24, 25, 27, 28, 29, 30]","['Amount_log1p', 'V1', 'V2', 'V3', 'V4', 'V5', 'V6', 'V7', 'V8', 'V9', 'V10', 'V11', 'V12', 'V14', 'V15', 'V16', 'V17', 'V18', 'V19', 'V20', 'V21', 'V23', 'V24', 'V25', 'V27', 'V28', 'Time_sin', 'Time_cos']"
CostSensitiveLearning_with_RandomUnderSampler___RandomizedSearchCV__niter_30__cv_5,4,8,DESKL,resubstitution,282,17683,24,59,0.9954011524822695,0.9215686274509803,0.8269794721407625,0.8717156105100463,0.9986446038289942,0.0013553961710057738,0.9128120379848783,0.9087676200936753,0.8707029810041632,0.8693811950858902,0.9653858084522465,0.8710733906953037,22561,0.8564266061563615,0.016269618586388666,0.8628151661739448,0.022951577737229258,"{'classifier__estimator__ccp_alpha': np.float64(0.0011438552375328292), 'classifier__estimator__max_depth': 9, 'classifier__estimator__max_features': 'sqrt', 'classifier__estimator__max_leaf_nodes': 10, 'classifier__estimator__min_impurity_decrease': np.float64(0.08538819472443099), 'classifier__estimator__min_samples_leaf': 3, 'classifier__estimator__min_samples_split': 3, 'classifier__max_features': np.float64(0.6210258714365888), 'classifier__max_samples': np.float64(0.6770161014405087), 'classifier__n_estimators': 122, 'feature_selection_filter__k': 20}",76.16656994819641,"[1, 2, 3, 4, 5, 6, 7, 8, 9, 10, 11, 12, 14, 16, 17, 18, 19, 20, 21, 27]","['V1', 'V2', 'V3', 'V4', 'V5', 'V6', 'V7', 'V8', 'V9', 'V10', 'V11', 'V12', 'V14', 'V16', 'V17', 'V18', 'V19', 'V20', 'V21', 'V27']"
CostSensitiveLearning_with_RandomUnderSampler___RandomizedSearchCV__niter_30__cv_5,4,9,DESKL,resubstitution,282,17680,27,59,0.9952349290780141,0.912621359223301,0.8269794721407625,0.8676923076923077,0.9984751793076184,0.0015248206923815788,0.9127273257241905,0.9086905285791569,0.8663614025390526,0.8652720698180334,0.9680436866842097,0.8513029733365557,22561,0.8680108848432748,0.006625444576552379,0.8702670407910741,0.024515221081190853,"{'classifier__estimator__ccp_alpha': np.float64(0.0019181907158547008), 'classifier__estimator__max_depth': 17, 'classifier__estimator__max_features': 'sqrt', 'classifier__estimator__max_leaf_nodes': 2, 'classifier__estimator__min_impurity_decrease': np.float64(0.015143286775375698), 'classifier__estimator__min_samples_leaf': 6, 'classifier__estimator__min_samples_split': 7, 'classifier__max_features': np.float64(0.7502082689557178), 'classifier__max_samples': np.float64(0.674029420719344), 'classifier__n_estimators': 826, 'feature_selection_filter__k': 'all'}",76.02670073509216,"[0, 1, 2, 3, 4, 5, 6, 7, 8, 9, 10, 11, 12, 13, 14, 15, 16, 17, 18, 19, 20, 21, 22, 23, 24, 25, 26, 27, 28, 29, 30]","['Amount_log1p', 'V1', 'V2', 'V3', 'V4', 'V5', 'V6', 'V7', 'V8', 'V9', 'V10', 'V11', 'V12', 'V13', 'V14', 'V15', 'V16', 'V17', 'V18', 'V19', 'V20', 'V21', 'V22', 'V23', 'V24', 'V25', 'V26', 'V27', 'V28', 'Time_sin', 'Time_cos']"
CostSensitiveLearning_with_RandomUnderSampler___RandomizedSearchCV__niter_30__cv_5,4,10,DESKL,resubstitution,279,17666,41,62,0.9942929964539007,0.871875,0.8181818181818182,0.8441754916792739,0.9976845315411984,0.002315468458801595,0.9079331748615083,0.903486216822511,0.8417126293843624,0.8412717495846813,0.9643730704774541,0.8433652008417258,22561,0.8533418789264463,0.014971225781751087,0.859217781662092,0.023268676526837097,"{'classifier__estimator__ccp_alpha': np.float64(0.002679841468862566), 'classifier__estimator__max_depth': 13, 'classifier__estimator__max_features': 'log2', 'classifier__estimator__max_leaf_nodes': 2, 'classifier__estimator__min_impurity_decrease': np.float64(0.07571945692251451), 'classifier__estimator__min_samples_leaf': 8, 'classifier__estimator__min_samples_split': 8, 'classifier__max_features': np.float64(0.828537278664976), 'classifier__max_samples': np.float64(0.627091016606613), 'classifier__n_estimators': 213, 'feature_selection_filter__k': 28}",69.99996328353882,"[0, 1, 2, 3, 4, 5, 6, 7, 8, 9, 10, 11, 12, 13, 14, 16, 17, 18, 19, 20, 21, 23, 24, 25, 27, 28, 29, 30]","['Amount_log1p', 'V1', 'V2', 'V3', 'V4', 'V5', 'V6', 'V7', 'V8', 'V9', 'V10', 'V11', 'V12', 'V13', 'V14', 'V16', 'V17', 'V18', 'V19', 'V20', 'V21', 'V23', 'V24', 'V25', 'V27', 'V28', 'Time_sin', 'Time_cos']"
CostSensitiveLearning_with_RandomUnderSampler___RandomizedSearchCV__niter_30__cv_5,5,1,DESKL,resubstitution,292,17679,28,49,0.9957335992907801,0.9125,0.8563049853372434,0.8835098335854765,0.9984187044671599,0.0015812955328401435,0.9273618449022016,0.9246355574436779,0.8818009525538254,0.8813390749322375,0.9714551148401804,0.8753354434455881,22560,0.8919410695437968,0.006471920109192331,0.8899742253360674,0.023412037304604456,"{'classifier__estimator__ccp_alpha': np.float64(0.0068769665477755905), 'classifier__estimator__max_depth': 8, 'classifier__estimator__max_features': 'sqrt', 'classifier__estimator__max_leaf_nodes': 2, 'classifier__estimator__min_impurity_decrease': np.float64(0.008090862603670469), 'classifier__estimator__min_samples_leaf': 7, 'classifier__estimator__min_samples_split': 2, 'classifier__max_features': np.float64(0.7479139531184098), 'classifier__max_samples': np.float64(0.6385874241659976), 'classifier__n_estimators': 755, 'feature_selection_filter__k': 26}",70.9589433670044,"[0, 1, 2, 3, 4, 5, 6, 7, 8, 9, 10, 11, 12, 14, 16, 17, 18, 19, 20, 21, 22, 24, 26, 27, 28, 29]","['Amount_log1p', 'V1', 'V2', 'V3', 'V4', 'V5', 'V6', 'V7', 'V8', 'V9', 'V10', 'V11', 'V12', 'V14', 'V16', 'V17', 'V18', 'V19', 'V20', 'V21', 'V22', 'V24', 'V26', 'V27', 'V28', 'Time_sin']"
CostSensitiveLearning_with_RandomUnderSampler___RandomizedSearchCV__niter_30__cv_5,5,2,DESKL,resubstitution,280,17670,37,61,0.9945700354609929,0.8832807570977917,0.8211143695014663,0.851063829787234,0.9979104309030327,0.0020895690969673364,0.9095124002022494,0.9052063821526449,0.8488881863251015,0.8483021839049899,0.9647411506326425,0.8517181228762215,22560,0.8422409055280518,0.023763885360213524,0.8492926425889504,0.02026208487343137,"{'classifier__estimator__ccp_alpha': np.float64(0.0021418451525756057), 'classifier__estimator__max_depth': 19, 'classifier__estimator__max_features': 'log2', 'classifier__estimator__max_leaf_nodes': 18, 'classifier__estimator__min_impurity_decrease': np.float64(0.09547304205003476), 'classifier__estimator__min_samples_leaf': 6, 'classifier__estimator__min_samples_split': 2, 'classifier__max_features': np.float64(0.7519202147872869), 'classifier__max_samples': np.float64(0.6264951961307623), 'classifier__n_estimators': 255, 'feature_selection_filter__k': 'all'}",69.50405287742615,"[0, 1, 2, 3, 4, 5, 6, 7, 8, 9, 10, 11, 12, 13, 14, 15, 16, 17, 18, 19, 20, 21, 22, 23, 24, 25, 26, 27, 28, 29, 30]","['Amount_log1p', 'V1', 'V2', 'V3', 'V4', 'V5', 'V6', 'V7', 'V8', 'V9', 'V10', 'V11', 'V12', 'V13', 'V14', 'V15', 'V16', 'V17', 'V18', 'V19', 'V20', 'V21', 'V22', 'V23', 'V24', 'V25', 'V26', 'V27', 'V28', 'Time_sin', 'Time_cos']"
CostSensitiveLearning_with_RandomUnderSampler___RandomizedSearchCV__niter_30__cv_5,5,3,DESKL,resubstitution,290,17671,36,51,0.9951795212765957,0.8895705521472392,0.8504398826979472,0.8695652173913043,0.9979669057434912,0.0020330942565087717,0.9242033942207193,0.9212550451731204,0.8673385544141212,0.8671108672168281,0.9729925223005234,0.8711921049019683,22560,0.8777181581474653,0.0067724837938051225,0.8742995930457489,0.029013098555116183,"{'classifier__estimator__ccp_alpha': np.float64(0.0063214543404137525), 'classifier__estimator__max_depth': 8, 'classifier__estimator__max_features': 'log2', 'classifier__estimator__max_leaf_nodes': 2, 'classifier__estimator__min_impurity_decrease': np.float64(0.07576786922691858), 'classifier__estimator__min_samples_leaf': 9, 'classifier__estimator__min_samples_split': 8, 'classifier__max_features': np.float64(0.9800441864074443), 'classifier__max_samples': np.float64(0.515691710604791), 'classifier__n_estimators': 196, 'feature_selection_filter__k': 24}",69.70830273628235,"[0, 1, 2, 3, 4, 5, 6, 7, 8, 9, 10, 11, 12, 14, 16, 17, 18, 19, 20, 21, 24, 27, 28, 29]","['Amount_log1p', 'V1', 'V2', 'V3', 'V4', 'V5', 'V6', 'V7', 'V8', 'V9', 'V10', 'V11', 'V12', 'V14', 'V16', 'V17', 'V18', 'V19', 'V20', 'V21', 'V24', 'V27', 'V28', 'Time_sin']"
CostSensitiveLearning_with_RandomUnderSampler___RandomizedSearchCV__niter_30__cv_5,5,4,DESKL,resubstitution,286,17680,27,55,0.9954565602836879,0.9137380191693291,0.8387096774193549,0.8746177370030581,0.9984751793076184,0.0015248206923815788,0.9185924283634866,0.9151124496739869,0.8731387889080635,0.8723084168095637,0.9664320007313575,0.8662557472941474,22560,0.8761811947394872,0.009201240523971593,0.8676631715661038,0.02592534819189319,"{'classifier__estimator__ccp_alpha': np.float64(0.00734693601409504), 'classifier__estimator__max_depth': 14, 'classifier__estimator__max_features': 'sqrt', 'classifier__estimator__max_leaf_nodes': 2, 'classifier__estimator__min_impurity_decrease': np.float64(0.040555275370706245), 'classifier__estimator__min_samples_leaf': 8, 'classifier__estimator__min_samples_split': 3, 'classifier__max_features': np.float64(0.6068936313287305), 'classifier__max_samples': np.float64(0.6417201756888428), 'classifier__n_estimators': 213, 'feature_selection_filter__k': 28}",79.33841013908386,"[0, 1, 2, 3, 4, 5, 6, 7, 8, 9, 10, 11, 12, 13, 14, 15, 16, 17, 18, 19, 20, 21, 23, 24, 27, 28, 29, 30]","['Amount_log1p', 'V1', 'V2', 'V3', 'V4', 'V5', 'V6', 'V7', 'V8', 'V9', 'V10', 'V11', 'V12', 'V13', 'V14', 'V15', 'V16', 'V17', 'V18', 'V19', 'V20', 'V21', 'V23', 'V24', 'V27', 'V28', 'Time_sin', 'Time_cos']"
CostSensitiveLearning_with_RandomUnderSampler___RandomizedSearchCV__niter_30__cv_5,5,5,DESKL,resubstitution,279,17678,30,61,0.994957890070922,0.9029126213592233,0.8205882352941176,0.8597842835130971,0.9983058504630675,0.0016941495369324766,0.9094470428785926,0.905095595014848,0.8582387971389078,0.8572230347616177,0.9648515459944991,0.8506265790880848,22560,0.8656033737129605,0.012461775089962022,0.8718200490293512,0.022640044518993444,"{'classifier__estimator__ccp_alpha': np.float64(0.0050187323113852125), 'classifier__estimator__max_depth': 14, 'classifier__estimator__max_features': 'sqrt', 'classifier__estimator__max_leaf_nodes': 2, 'classifier__estimator__min_impurity_decrease': np.float64(0.06441625330319715), 'classifier__estimator__min_samples_leaf': 1, 'classifier__estimator__min_samples_split': 6, 'classifier__max_features': np.float64(0.6611879984454275), 'classifier__max_samples': np.float64(0.6606095433905118), 'classifier__n_estimators': 777, 'feature_selection_filter__k': 24}",66.73080062866211,"[0, 1, 2, 3, 4, 5, 6, 7, 8, 9, 10, 11, 12, 14, 16, 17, 18, 19, 20, 21, 23, 27, 28, 29]","['Amount_log1p', 'V1', 'V2', 'V3', 'V4', 'V5', 'V6', 'V7', 'V8', 'V9', 'V10', 'V11', 'V12', 'V14', 'V16', 'V17', 'V18', 'V19', 'V20', 'V21', 'V23', 'V27', 'V28', 'Time_sin']"
CostSensitiveLearning_with_RandomUnderSampler___RandomizedSearchCV__niter_30__cv_5,5,6,DESKL,resubstitution,278,17689,19,62,0.9955119680851063,0.936026936026936,0.8176470588235294,0.8728414442700158,0.9989270386266095,0.0010729613733905241,0.9082870487250694,0.9037531494342609,0.8726300776030682,0.8705677111997433,0.963391172484354,0.8557117069182084,22560,0.8724293553615716,0.008351818920644344,0.8723636887406812,0.027479251078688677,"{'classifier__estimator__ccp_alpha': np.float64(0.003392152224044128), 'classifier__estimator__max_depth': 9, 'classifier__estimator__max_features': 'sqrt', 'classifier__estimator__max_leaf_nodes': 2, 'classifier__estimator__min_impurity_decrease': np.float64(0.06071111255858011), 'classifier__estimator__min_samples_leaf': 4, 'classifier__estimator__min_samples_split': 5, 'classifier__max_features': np.float64(0.5966246265584918), 'classifier__max_samples': np.float64(0.8175698463609893), 'classifier__n_estimators': 942, 'feature_selection_filter__k': 26}",67.3469443321228,"[0, 1, 2, 3, 4, 5, 6, 7, 8, 9, 10, 11, 12, 14, 16, 17, 18, 19, 20, 21, 23, 24, 27, 28, 29, 30]","['Amount_log1p', 'V1', 'V2', 'V3', 'V4', 'V5', 'V6', 'V7', 'V8', 'V9', 'V10', 'V11', 'V12', 'V14', 'V16', 'V17', 'V18', 'V19', 'V20', 'V21', 'V23', 'V24', 'V27', 'V28', 'Time_sin', 'Time_cos']"
CostSensitiveLearning_with_RandomUnderSampler___RandomizedSearchCV__niter_30__cv_5,5,7,DESKL,resubstitution,279,17685,23,61,0.995345744680851,0.9238410596026491,0.8205882352941176,0.8691588785046729,0.9987011520216851,0.001298847978314921,0.9096446936579013,0.9052747737144103,0.8683760446916412,0.8667980616891195,0.9638754168936606,0.8405815457698382,22560,0.8692513540821812,0.00682313541589454,0.8669944718012392,0.007874026186845812,"{'classifier__estimator__ccp_alpha': np.float64(0.008349508308964805), 'classifier__estimator__max_depth': 13, 'classifier__estimator__max_features': 'log2', 'classifier__estimator__max_leaf_nodes': 2, 'classifier__estimator__min_impurity_decrease': np.float64(0.043791031370193724), 'classifier__estimator__min_samples_leaf': 9, 'classifier__estimator__min_samples_split': 3, 'classifier__max_features': np.float64(0.7775258083503064), 'classifier__max_samples': np.float64(0.7247301181214009), 'classifier__n_estimators': 945, 'feature_selection_filter__k': 20}",73.533047914505,"[1, 2, 3, 4, 5, 6, 7, 8, 9, 10, 11, 12, 14, 16, 17, 18, 19, 20, 21, 27]","['V1', 'V2', 'V3', 'V4', 'V5', 'V6', 'V7', 'V8', 'V9', 'V10', 'V11', 'V12', 'V14', 'V16', 'V17', 'V18', 'V19', 'V20', 'V21', 'V27']"
CostSensitiveLearning_with_RandomUnderSampler___RandomizedSearchCV__niter_30__cv_5,5,8,DESKL,resubstitution,286,17677,30,55,0.9952903368794326,0.9050632911392406,0.8387096774193549,0.8706240487062404,0.9983057547862427,0.0016942452137572728,0.9185077161027988,0.9150348067492597,0.8688818907616475,0.8682290983079918,0.9694298873136477,0.8659765057449746,22561,0.8682817353797752,0.007170399988836365,0.8681136485054182,0.042599257229852215,"{'classifier__estimator__ccp_alpha': np.float64(0.00955064241793899), 'classifier__estimator__max_depth': 17, 'classifier__estimator__max_features': 'log2', 'classifier__estimator__max_leaf_nodes': 2, 'classifier__estimator__min_impurity_decrease': np.float64(0.09633557495088738), 'classifier__estimator__min_samples_leaf': 2, 'classifier__estimator__min_samples_split': 8, 'classifier__max_features': np.float64(0.7989655182941376), 'classifier__max_samples': np.float64(0.8197361021191141), 'classifier__n_estimators': 912, 'feature_selection_filter__k': 22}",74.30455803871155,"[1, 2, 3, 4, 5, 6, 7, 8, 9, 10, 11, 12, 14, 16, 17, 18, 19, 20, 21, 23, 27, 29]","['V1', 'V2', 'V3', 'V4', 'V5', 'V6', 'V7', 'V8', 'V9', 'V10', 'V11', 'V12', 'V14', 'V16', 'V17', 'V18', 'V19', 'V20', 'V21', 'V23', 'V27', 'Time_sin']"
CostSensitiveLearning_with_RandomUnderSampler___RandomizedSearchCV__niter_30__cv_5,5,9,DESKL,resubstitution,283,17683,24,58,0.9954565602836879,0.9218241042345277,0.8299120234604106,0.8734567901234568,0.9986446038289942,0.0013553961710057738,0.9142783136447024,0.9103774842786594,0.8723959542516551,0.871150027033545,0.9622156818873262,0.8450169708072142,22561,0.8822286742988359,0.0035024085070345,0.8798673589598149,0.010234428418391391,"{'classifier__estimator__ccp_alpha': np.float64(0.003892499304680768), 'classifier__estimator__max_depth': 13, 'classifier__estimator__max_features': 'log2', 'classifier__estimator__max_leaf_nodes': 2, 'classifier__estimator__min_impurity_decrease': np.float64(0.08689875621296594), 'classifier__estimator__min_samples_leaf': 9, 'classifier__estimator__min_samples_split': 3, 'classifier__max_features': np.float64(0.5976492056122238), 'classifier__max_samples': np.float64(0.5367415844592991), 'classifier__n_estimators': 748, 'feature_selection_filter__k': 26}",75.11873698234558,"[0, 1, 2, 3, 4, 5, 6, 7, 8, 9, 10, 11, 12, 14, 16, 17, 18, 19, 20, 21, 22, 23, 24, 27, 28, 29]","['Amount_log1p', 'V1', 'V2', 'V3', 'V4', 'V5', 'V6', 'V7', 'V8', 'V9', 'V10', 'V11', 'V12', 'V14', 'V16', 'V17', 'V18', 'V19', 'V20', 'V21', 'V22', 'V23', 'V24', 'V27', 'V28', 'Time_sin']"
CostSensitiveLearning_with_RandomUnderSampler___RandomizedSearchCV__niter_30__cv_5,5,10,DESKL,resubstitution,282,17691,16,59,0.995844414893617,0.9463087248322147,0.8269794721407625,0.8826291079812206,0.9990964025526627,0.0009035974473372566,0.9130379373467126,0.9089731655009051,0.882596724403505,0.8805236200636996,0.9671205466234586,0.8580503029532491,22561,0.8797637873157791,0.01650005285221505,0.87903073850471,0.04027442713425752,"{'classifier__estimator__ccp_alpha': np.float64(0.0069124406377663325), 'classifier__estimator__max_depth': 15, 'classifier__estimator__max_features': 'log2', 'classifier__estimator__max_leaf_nodes': 2, 'classifier__estimator__min_impurity_decrease': np.float64(0.05696428472798679), 'classifier__estimator__min_samples_leaf': 7, 'classifier__estimator__min_samples_split': 8, 'classifier__max_features': np.float64(0.6247065344456518), 'classifier__max_samples': np.float64(0.5578012056857997), 'classifier__n_estimators': 314, 'feature_selection_filter__k': 28}",73.50102925300598,"[0, 1, 2, 3, 4, 5, 6, 7, 8, 9, 10, 11, 12, 14, 16, 17, 18, 19, 20, 21, 22, 23, 24, 25, 26, 27, 28, 29]","['Amount_log1p', 'V1', 'V2', 'V3', 'V4', 'V5', 'V6', 'V7', 'V8', 'V9', 'V10', 'V11', 'V12', 'V14', 'V16', 'V17', 'V18', 'V19', 'V20', 'V21', 'V22', 'V23', 'V24', 'V25', 'V26', 'V27', 'V28', 'Time_sin']"
CostSensitiveLearning_with_RandomUnderSampler___RandomizedSearchCV__niter_30__cv_5,6,1,DESKL,resubstitution,284,17674,33,57,0.9950132978723404,0.8958990536277602,0.8328445747800587,0.8632218844984803,0.998136330264867,0.0018636697351329667,0.9154904525224629,0.9117523937736448,0.8612802359659822,0.8606856790964192,0.9725527306910285,0.8610803341837157,22560,0.8639768641346663,0.012944413493981115,0.8720454093374685,0.01805839933760493,"{'classifier__estimator__ccp_alpha': np.float64(0.008858804994376258), 'classifier__estimator__max_depth': 6, 'classifier__estimator__max_features': 'sqrt', 'classifier__estimator__max_leaf_nodes': 13, 'classifier__estimator__min_impurity_decrease': np.float64(0.08242742305909817), 'classifier__estimator__min_samples_leaf': 8, 'classifier__estimator__min_samples_split': 4, 'classifier__max_features': np.float64(0.6766608466683238), 'classifier__max_samples': np.float64(0.743374522852879), 'classifier__n_estimators': 669, 'feature_selection_filter__k': 20}",68.08837032318115,"[1, 2, 3, 4, 5, 6, 7, 8, 9, 10, 11, 12, 14, 16, 17, 18, 19, 20, 21, 27]","['V1', 'V2', 'V3', 'V4', 'V5', 'V6', 'V7', 'V8', 'V9', 'V10', 'V11', 'V12', 'V14', 'V16', 'V17', 'V18', 'V19', 'V20', 'V21', 'V27']"
CostSensitiveLearning_with_RandomUnderSampler___RandomizedSearchCV__niter_30__cv_5,6,2,DESKL,resubstitution,279,17683,24,62,0.9952349290780141,0.9207920792079208,0.8181818181818182,0.8664596273291926,0.9986446038289942,0.0013553961710057738,0.9084132110054062,0.9039208248946741,0.8656057736458868,0.864042411065054,0.9683876698033667,0.8472182402992762,22560,0.8629709521390465,0.01171674426088196,0.859625477109866,0.03905827956769345,"{'classifier__estimator__ccp_alpha': np.float64(0.001456470130768669), 'classifier__estimator__max_depth': 17, 'classifier__estimator__max_features': 'log2', 'classifier__estimator__max_leaf_nodes': 2, 'classifier__estimator__min_impurity_decrease': np.float64(0.06222920053145284), 'classifier__estimator__min_samples_leaf': 6, 'classifier__estimator__min_samples_split': 8, 'classifier__max_features': np.float64(0.9347223062843282), 'classifier__max_samples': np.float64(0.526322889466911), 'classifier__n_estimators': 853, 'feature_selection_filter__k': 26}",80.00860714912415,"[0, 1, 2, 3, 4, 5, 6, 7, 8, 9, 10, 11, 12, 14, 16, 17, 18, 19, 20, 21, 23, 24, 27, 28, 29, 30]","['Amount_log1p', 'V1', 'V2', 'V3', 'V4', 'V5', 'V6', 'V7', 'V8', 'V9', 'V10', 'V11', 'V12', 'V14', 'V16', 'V17', 'V18', 'V19', 'V20', 'V21', 'V23', 'V24', 'V27', 'V28', 'Time_sin', 'Time_cos']"
CostSensitiveLearning_with_RandomUnderSampler___RandomizedSearchCV__niter_30__cv_5,6,3,DESKL,resubstitution,281,17677,30,60,0.9950132978723404,0.9035369774919614,0.8240469208211144,0.8619631901840491,0.9983057547862427,0.0016942452137572728,0.9111763378036786,0.9070009830587847,0.8603744707209858,0.859429447917534,0.9686097600117389,0.8592567788082134,22560,0.8753250799873534,0.006627745048495032,0.8740899692389472,0.024569575396985115,"{'classifier__estimator__ccp_alpha': np.float64(0.0006752563570269788), 'classifier__estimator__max_depth': 14, 'classifier__estimator__max_features': 'sqrt', 'classifier__estimator__max_leaf_nodes': 8, 'classifier__estimator__min_impurity_decrease': np.float64(0.09517977181105675), 'classifier__estimator__min_samples_leaf': 9, 'classifier__estimator__min_samples_split': 8, 'classifier__max_features': np.float64(0.5315022615174403), 'classifier__max_samples': np.float64(0.8693979683133896), 'classifier__n_estimators': 190, 'feature_selection_filter__k': 24}",82.98549175262451,"[1, 2, 3, 4, 5, 6, 7, 8, 9, 10, 11, 12, 14, 16, 17, 18, 19, 20, 21, 22, 23, 27, 28, 29]","['V1', 'V2', 'V3', 'V4', 'V5', 'V6', 'V7', 'V8', 'V9', 'V10', 'V11', 'V12', 'V14', 'V16', 'V17', 'V18', 'V19', 'V20', 'V21', 'V22', 'V23', 'V27', 'V28', 'Time_sin']"
CostSensitiveLearning_with_RandomUnderSampler___RandomizedSearchCV__niter_30__cv_5,6,4,DESKL,resubstitution,289,17690,17,52,0.9961768617021277,0.9444444444444444,0.8475073313782991,0.893353941267388,0.9990399277122042,0.0009600722877958212,0.9232736295452517,0.9201595856566072,0.8927685656274458,0.8914132826617641,0.9635613895593091,0.8641565633865195,22560,0.888183159099504,0.006505837598341484,0.8902958337638136,0.021307047065799823,"{'classifier__estimator__ccp_alpha': np.float64(0.005105569990898047), 'classifier__estimator__max_depth': 18, 'classifier__estimator__max_features': 'log2', 'classifier__estimator__max_leaf_nodes': 2, 'classifier__estimator__min_impurity_decrease': np.float64(0.05282883645440848), 'classifier__estimator__min_samples_leaf': 3, 'classifier__estimator__min_samples_split': 7, 'classifier__max_features': np.float64(0.6680728065713334), 'classifier__max_samples': np.float64(0.8547038935968967), 'classifier__n_estimators': 209, 'feature_selection_filter__k': 22}",74.58836889266968,"[1, 2, 3, 4, 5, 6, 7, 8, 9, 10, 11, 12, 14, 16, 17, 18, 19, 20, 21, 27, 28, 29]","['V1', 'V2', 'V3', 'V4', 'V5', 'V6', 'V7', 'V8', 'V9', 'V10', 'V11', 'V12', 'V14', 'V16', 'V17', 'V18', 'V19', 'V20', 'V21', 'V27', 'V28', 'Time_sin']"
CostSensitiveLearning_with_RandomUnderSampler___RandomizedSearchCV__niter_30__cv_5,6,5,DESKL,resubstitution,279,17689,19,61,0.9955673758865248,0.9362416107382551,0.8205882352941176,0.8746081504702194,0.9989270386266095,0.0010729613733905241,0.9097576369603635,0.9053771456217504,0.8743271342754563,0.8723619128174156,0.9662178277681075,0.8590940477884215,22560,0.8684530871651177,0.0089419730143032,0.8723428876678877,0.015107444481968125,"{'classifier__estimator__ccp_alpha': np.float64(0.0083014774541374), 'classifier__estimator__max_depth': 6, 'classifier__estimator__max_features': 'log2', 'classifier__estimator__max_leaf_nodes': 2, 'classifier__estimator__min_impurity_decrease': np.float64(0.01913151633012037), 'classifier__estimator__min_samples_leaf': 6, 'classifier__estimator__min_samples_split': 4, 'classifier__max_features': np.float64(0.6045543763926968), 'classifier__max_samples': np.float64(0.7488771336584789), 'classifier__n_estimators': 553, 'feature_selection_filter__k': 'all'}",85.09155750274658,"[0, 1, 2, 3, 4, 5, 6, 7, 8, 9, 10, 11, 12, 13, 14, 15, 16, 17, 18, 19, 20, 21, 22, 23, 24, 25, 26, 27, 28, 29, 30]","['Amount_log1p', 'V1', 'V2', 'V3', 'V4', 'V5', 'V6', 'V7', 'V8', 'V9', 'V10', 'V11', 'V12', 'V13', 'V14', 'V15', 'V16', 'V17', 'V18', 'V19', 'V20', 'V21', 'V22', 'V23', 'V24', 'V25', 'V26', 'V27', 'V28', 'Time_sin', 'Time_cos']"
CostSensitiveLearning_with_RandomUnderSampler___RandomizedSearchCV__niter_30__cv_5,6,6,DESKL,resubstitution,281,17676,32,59,0.994957890070922,0.8977635782747604,0.8264705882352941,0.8606431852986217,0.9981929071606054,0.0018070928393946195,0.9123317476979498,0.9082824886307804,0.8588418929518289,0.858080152748273,0.9683093550273058,0.8529806929037503,22560,0.8698698066381002,0.012420296452380986,0.870851399200985,0.02794757940844363,"{'classifier__estimator__ccp_alpha': np.float64(0.00026273757540205334), 'classifier__estimator__max_depth': 9, 'classifier__estimator__max_features': 'log2', 'classifier__estimator__max_leaf_nodes': 2, 'classifier__estimator__min_impurity_decrease': np.float64(0.0415633001536889), 'classifier__estimator__min_samples_leaf': 5, 'classifier__estimator__min_samples_split': 9, 'classifier__max_features': np.float64(0.9992097699716597), 'classifier__max_samples': np.float64(0.7149394870783857), 'classifier__n_estimators': 432, 'feature_selection_filter__k': 24}",80.00786280632019,"[0, 1, 2, 3, 4, 5, 6, 7, 8, 9, 10, 11, 12, 14, 16, 17, 18, 19, 20, 21, 23, 27, 28, 29]","['Amount_log1p', 'V1', 'V2', 'V3', 'V4', 'V5', 'V6', 'V7', 'V8', 'V9', 'V10', 'V11', 'V12', 'V14', 'V16', 'V17', 'V18', 'V19', 'V20', 'V21', 'V23', 'V27', 'V28', 'Time_sin']"
CostSensitiveLearning_with_RandomUnderSampler___RandomizedSearchCV__niter_30__cv_5,6,7,DESKL,resubstitution,275,17670,38,65,0.9942929964539007,0.8785942492012779,0.8088235294117647,0.8422664624808576,0.9978540772532188,0.0021459227467811592,0.9033388033324918,0.8983806857907556,0.8401105742863106,0.8393654476161772,0.9579825170411511,0.836456253133141,22560,0.8549844014358425,0.015443003534147907,0.8521529202409626,0.00814412227241529,"{'classifier__estimator__ccp_alpha': np.float64(0.0001448435724406838), 'classifier__estimator__max_depth': 18, 'classifier__estimator__max_features': 'log2', 'classifier__estimator__max_leaf_nodes': 2, 'classifier__estimator__min_impurity_decrease': np.float64(0.09545870931388203), 'classifier__estimator__min_samples_leaf': 3, 'classifier__estimator__min_samples_split': 6, 'classifier__max_features': np.float64(0.7860428431519566), 'classifier__max_samples': np.float64(0.5517683919373746), 'classifier__n_estimators': 224, 'feature_selection_filter__k': 28}",65.74547219276428,"[0, 1, 2, 3, 4, 5, 6, 7, 8, 9, 10, 11, 12, 13, 14, 15, 16, 17, 18, 19, 20, 21, 22, 23, 24, 27, 28, 29]","['Amount_log1p', 'V1', 'V2', 'V3', 'V4', 'V5', 'V6', 'V7', 'V8', 'V9', 'V10', 'V11', 'V12', 'V13', 'V14', 'V15', 'V16', 'V17', 'V18', 'V19', 'V20', 'V21', 'V22', 'V23', 'V24', 'V27', 'V28', 'Time_sin']"
CostSensitiveLearning_with_RandomUnderSampler___RandomizedSearchCV__niter_30__cv_5,6,8,DESKL,resubstitution,282,17686,21,59,0.9955673758865248,0.9306930693069307,0.8269794721407625,0.8757763975155279,0.9988140283503699,0.0011859716496300798,0.9128967502455663,0.9088447050690109,0.8751083493414584,0.8735278242465618,0.96403206843492,0.8552986596099181,22561,0.8706890065318801,0.008160002653396479,0.8726501342414561,0.02465466671880729,"{'classifier__estimator__ccp_alpha': np.float64(0.005318311145987473), 'classifier__estimator__max_depth': 12, 'classifier__estimator__max_features': 'sqrt', 'classifier__estimator__max_leaf_nodes': 6, 'classifier__estimator__min_impurity_decrease': np.float64(0.09821173481749831), 'classifier__estimator__min_samples_leaf': 5, 'classifier__estimator__min_samples_split': 7, 'classifier__max_features': np.float64(0.7591905253289877), 'classifier__max_samples': np.float64(0.5519648255939491), 'classifier__n_estimators': 733, 'feature_selection_filter__k': 20}",68.15703320503235,"[1, 2, 3, 4, 5, 6, 7, 8, 9, 10, 11, 12, 14, 16, 17, 18, 19, 20, 21, 27]","['V1', 'V2', 'V3', 'V4', 'V5', 'V6', 'V7', 'V8', 'V9', 'V10', 'V11', 'V12', 'V14', 'V16', 'V17', 'V18', 'V19', 'V20', 'V21', 'V27']"
CostSensitiveLearning_with_RandomUnderSampler___RandomizedSearchCV__niter_30__cv_5,6,9,DESKL,resubstitution,284,17681,26,57,0.9954011524822695,0.9161290322580645,0.8328445747800587,0.8725038402457758,0.998531654148077,0.0014683458519230141,0.9156881144640678,0.9119329311431755,0.8711924714787266,0.8701675913352149,0.9625103944345287,0.8683506219427439,22561,0.8710565397713103,0.009352150135094741,0.8633067297665837,0.02981712918672456,"{'classifier__estimator__ccp_alpha': np.float64(0.0011140631670405322), 'classifier__estimator__max_depth': 8, 'classifier__estimator__max_features': 'sqrt', 'classifier__estimator__max_leaf_nodes': 2, 'classifier__estimator__min_impurity_decrease': np.float64(0.033140445827240565), 'classifier__estimator__min_samples_leaf': 4, 'classifier__estimator__min_samples_split': 8, 'classifier__max_features': np.float64(0.5950263539598686), 'classifier__max_samples': np.float64(0.8559498292914578), 'classifier__n_estimators': 947, 'feature_selection_filter__k': 'all'}",84.46182227134705,"[0, 1, 2, 3, 4, 5, 6, 7, 8, 9, 10, 11, 12, 13, 14, 15, 16, 17, 18, 19, 20, 21, 22, 23, 24, 25, 26, 27, 28, 29, 30]","['Amount_log1p', 'V1', 'V2', 'V3', 'V4', 'V5', 'V6', 'V7', 'V8', 'V9', 'V10', 'V11', 'V12', 'V13', 'V14', 'V15', 'V16', 'V17', 'V18', 'V19', 'V20', 'V21', 'V22', 'V23', 'V24', 'V25', 'V26', 'V27', 'V28', 'Time_sin', 'Time_cos']"
CostSensitiveLearning_with_RandomUnderSampler___RandomizedSearchCV__niter_30__cv_5,6,10,DESKL,resubstitution,288,17678,29,53,0.9954565602836879,0.9085173501577287,0.844574780058651,0.8753799392097265,0.9983622296267013,0.0016377703732987081,0.9214685048426762,0.9182546272716712,0.8736722856068629,0.8730691742878487,0.9638566817602993,0.8638532230993715,22561,0.8780304531790486,0.005422501963668706,0.8795410885714677,0.01650216778715457,"{'classifier__estimator__ccp_alpha': np.float64(0.006089955098753504), 'classifier__estimator__max_depth': 19, 'classifier__estimator__max_features': 'log2', 'classifier__estimator__max_leaf_nodes': 2, 'classifier__estimator__min_impurity_decrease': np.float64(0.09534903476062169), 'classifier__estimator__min_samples_leaf': 8, 'classifier__estimator__min_samples_split': 3, 'classifier__max_features': np.float64(0.5850589515185862), 'classifier__max_samples': np.float64(0.8814606913205086), 'classifier__n_estimators': 989, 'feature_selection_filter__k': 20}",85.76132535934448,"[1, 2, 3, 4, 5, 6, 7, 8, 9, 10, 11, 12, 14, 16, 17, 18, 19, 20, 21, 27]","['V1', 'V2', 'V3', 'V4', 'V5', 'V6', 'V7', 'V8', 'V9', 'V10', 'V11', 'V12', 'V14', 'V16', 'V17', 'V18', 'V19', 'V20', 'V21', 'V27']"
CostSensitiveLearning_with_RandomUnderSampler___RandomizedSearchCV__niter_30__cv_5,7,1,DESKL,resubstitution,276,17677,30,65,0.9947362588652482,0.9019607843137255,0.8093841642228738,0.8531684698608965,0.9983057547862427,0.0016942452137572728,0.9038449595045583,0.8988953604155204,0.8517896227556353,0.850496548592284,0.9619438242608958,0.8426463406540201,22560,0.8412747041833404,0.008339699663676026,0.84773712036627,0.020655265720539526,"{'classifier__estimator__ccp_alpha': np.float64(0.00357502949043781), 'classifier__estimator__max_depth': 15, 'classifier__estimator__max_features': 'log2', 'classifier__estimator__max_leaf_nodes': 2, 'classifier__estimator__min_impurity_decrease': np.float64(0.05162164373002476), 'classifier__estimator__min_samples_leaf': 2, 'classifier__estimator__min_samples_split': 3, 'classifier__max_features': np.float64(0.7587448749028303), 'classifier__max_samples': np.float64(0.9686955366056805), 'classifier__n_estimators': 708, 'feature_selection_filter__k': 22}",76.05953741073608,"[1, 2, 3, 4, 5, 6, 7, 8, 9, 10, 11, 12, 14, 16, 17, 18, 19, 20, 21, 27, 28, 29]","['V1', 'V2', 'V3', 'V4', 'V5', 'V6', 'V7', 'V8', 'V9', 'V10', 'V11', 'V12', 'V14', 'V16', 'V17', 'V18', 'V19', 'V20', 'V21', 'V27', 'V28', 'Time_sin']"
CostSensitiveLearning_with_RandomUnderSampler___RandomizedSearchCV__niter_30__cv_5,7,2,DESKL,resubstitution,276,17678,29,65,0.9947916666666666,0.9049180327868852,0.8093841642228738,0.8544891640866873,0.9983622296267013,0.0016377703732987081,0.9038731969247875,0.8989207856191181,0.8532204675221087,0.8518459264423939,0.9634030612675836,0.8434962318453166,22560,0.866112000591676,0.007589591466818386,0.8676867768350608,0.01571971556891096,"{'classifier__estimator__ccp_alpha': np.float64(0.008572699717278604), 'classifier__estimator__max_depth': 19, 'classifier__estimator__max_features': 'sqrt', 'classifier__estimator__max_leaf_nodes': 2, 'classifier__estimator__min_impurity_decrease': np.float64(0.07782573650932988), 'classifier__estimator__min_samples_leaf': 3, 'classifier__estimator__min_samples_split': 9, 'classifier__max_features': np.float64(0.9228969038336429), 'classifier__max_samples': np.float64(0.5382196164744923), 'classifier__n_estimators': 627, 'feature_selection_filter__k': 24}",73.65825343132019,"[0, 1, 2, 3, 4, 5, 6, 7, 8, 9, 10, 11, 12, 14, 16, 17, 18, 19, 20, 21, 24, 27, 28, 29]","['Amount_log1p', 'V1', 'V2', 'V3', 'V4', 'V5', 'V6', 'V7', 'V8', 'V9', 'V10', 'V11', 'V12', 'V14', 'V16', 'V17', 'V18', 'V19', 'V20', 'V21', 'V24', 'V27', 'V28', 'Time_sin']"
CostSensitiveLearning_with_RandomUnderSampler___RandomizedSearchCV__niter_30__cv_5,7,3,DESKL,resubstitution,283,17683,24,58,0.9954565602836879,0.9218241042345277,0.8299120234604106,0.8734567901234568,0.9986446038289942,0.0013553961710057738,0.9142783136447024,0.9103774842786594,0.8723959542516551,0.871150027033545,0.9596156862264489,0.8590330569481461,22560,0.8785583894690141,0.006549011141539118,0.8799734105065224,0.029106159884663692,"{'classifier__estimator__ccp_alpha': np.float64(0.008894115720987437), 'classifier__estimator__max_depth': 16, 'classifier__estimator__max_features': 'sqrt', 'classifier__estimator__max_leaf_nodes': 2, 'classifier__estimator__min_impurity_decrease': np.float64(0.007799985093075524), 'classifier__estimator__min_samples_leaf': 7, 'classifier__estimator__min_samples_split': 3, 'classifier__max_features': np.float64(0.5042063559280332), 'classifier__max_samples': np.float64(0.5699015150042543), 'classifier__n_estimators': 352, 'feature_selection_filter__k': 24}",69.83904123306274,"[1, 2, 3, 4, 5, 6, 7, 8, 9, 10, 11, 12, 14, 16, 17, 18, 19, 20, 21, 22, 24, 27, 28, 29]","['V1', 'V2', 'V3', 'V4', 'V5', 'V6', 'V7', 'V8', 'V9', 'V10', 'V11', 'V12', 'V14', 'V16', 'V17', 'V18', 'V19', 'V20', 'V21', 'V22', 'V24', 'V27', 'V28', 'Time_sin']"
CostSensitiveLearning_with_RandomUnderSampler___RandomizedSearchCV__niter_30__cv_5,7,4,DESKL,resubstitution,284,17686,21,57,0.9956781914893617,0.9311475409836065,0.8328445747800587,0.8792569659442725,0.9988140283503699,0.0011859716496300798,0.9158293015652144,0.9120618645277421,0.8784788735483641,0.8770636410904971,0.967638508686609,0.8573742481396973,22560,0.8800535551509621,0.007580480279914436,0.8761903873209999,0.020951202143885128,"{'classifier__estimator__ccp_alpha': np.float64(0.0008373992389638219), 'classifier__estimator__max_depth': 12, 'classifier__estimator__max_features': 'sqrt', 'classifier__estimator__max_leaf_nodes': 2, 'classifier__estimator__min_impurity_decrease': np.float64(0.010568683531908452), 'classifier__estimator__min_samples_leaf': 1, 'classifier__estimator__min_samples_split': 6, 'classifier__max_features': np.float64(0.531844784875128), 'classifier__max_samples': np.float64(0.6484172893350177), 'classifier__n_estimators': 301, 'feature_selection_filter__k': 'all'}",70.95132279396057,"[0, 1, 2, 3, 4, 5, 6, 7, 8, 9, 10, 11, 12, 13, 14, 15, 16, 17, 18, 19, 20, 21, 22, 23, 24, 25, 26, 27, 28, 29, 30]","['Amount_log1p', 'V1', 'V2', 'V3', 'V4', 'V5', 'V6', 'V7', 'V8', 'V9', 'V10', 'V11', 'V12', 'V13', 'V14', 'V15', 'V16', 'V17', 'V18', 'V19', 'V20', 'V21', 'V22', 'V23', 'V24', 'V25', 'V26', 'V27', 'V28', 'Time_sin', 'Time_cos']"
CostSensitiveLearning_with_RandomUnderSampler___RandomizedSearchCV__niter_30__cv_5,7,5,DESKL,resubstitution,277,17678,30,63,0.9948470744680851,0.9022801302931596,0.8147058823529412,0.8562596599690881,0.9983058504630675,0.0016941495369324766,0.9065058664080043,0.9018456901042532,0.8547966127881018,0.8536431218726828,0.96169195710812,0.8439355275622974,22560,0.8659378109296842,0.010961606150628623,0.864881113895495,0.023409078975863667,"{'classifier__estimator__ccp_alpha': np.float64(0.0005302943568602026), 'classifier__estimator__max_depth': 19, 'classifier__estimator__max_features': 'log2', 'classifier__estimator__max_leaf_nodes': 2, 'classifier__estimator__min_impurity_decrease': np.float64(0.044650844266799376), 'classifier__estimator__min_samples_leaf': 1, 'classifier__estimator__min_samples_split': 7, 'classifier__max_features': np.float64(0.6541004085334552), 'classifier__max_samples': np.float64(0.7316828752871178), 'classifier__n_estimators': 310, 'feature_selection_filter__k': 24}",67.77037978172302,"[1, 2, 3, 4, 5, 6, 7, 8, 9, 10, 11, 12, 14, 16, 17, 18, 19, 20, 21, 23, 24, 27, 28, 29]","['V1', 'V2', 'V3', 'V4', 'V5', 'V6', 'V7', 'V8', 'V9', 'V10', 'V11', 'V12', 'V14', 'V16', 'V17', 'V18', 'V19', 'V20', 'V21', 'V23', 'V24', 'V27', 'V28', 'Time_sin']"
CostSensitiveLearning_with_RandomUnderSampler___RandomizedSearchCV__niter_30__cv_5,7,6,DESKL,resubstitution,291,17682,26,49,0.995844414893617,0.917981072555205,0.8558823529411764,0.8858447488584474,0.9985317370679919,0.0014682629320080798,0.9272070450045842,0.9244596760314605,0.8842933738480638,0.883731077954464,0.963197175753066,0.8663987666421819,22560,0.8800542734192687,0.01144462113264112,0.8932548917687331,0.022416762855916313,"{'classifier__estimator__ccp_alpha': np.float64(0.006595722383615642), 'classifier__estimator__max_depth': 7, 'classifier__estimator__max_features': 'log2', 'classifier__estimator__max_leaf_nodes': 2, 'classifier__estimator__min_impurity_decrease': np.float64(0.03348624394299832), 'classifier__estimator__min_samples_leaf': 7, 'classifier__estimator__min_samples_split': 4, 'classifier__max_features': np.float64(0.5541889782123466), 'classifier__max_samples': np.float64(0.500041511213468), 'classifier__n_estimators': 152, 'feature_selection_filter__k': 20}",75.58268570899963,"[1, 2, 3, 4, 5, 6, 7, 8, 9, 10, 11, 12, 14, 16, 17, 18, 19, 20, 21, 27]","['V1', 'V2', 'V3', 'V4', 'V5', 'V6', 'V7', 'V8', 'V9', 'V10', 'V11', 'V12', 'V14', 'V16', 'V17', 'V18', 'V19', 'V20', 'V21', 'V27']"
CostSensitiveLearning_with_RandomUnderSampler___RandomizedSearchCV__niter_30__cv_5,7,7,DESKL,resubstitution,280,17680,28,60,0.9951241134751773,0.9090909090909091,0.8235294117647058,0.8641975308641975,0.9984187937655297,0.0015812062344703337,0.9109741027651177,0.9067674684970529,0.8628126440510204,0.8617211856449919,0.9656869111999894,0.8494753636814665,22560,0.8647040670859892,0.011914078726018075,0.862530449533503,0.03289134672202257,"{'classifier__estimator__ccp_alpha': np.float64(0.006975375946006925), 'classifier__estimator__max_depth': 10, 'classifier__estimator__max_features': 'log2', 'classifier__estimator__max_leaf_nodes': 2, 'classifier__estimator__min_impurity_decrease': np.float64(0.046354327012104124), 'classifier__estimator__min_samples_leaf': 8, 'classifier__estimator__min_samples_split': 6, 'classifier__max_features': np.float64(0.6577773672449303), 'classifier__max_samples': np.float64(0.5692653536961851), 'classifier__n_estimators': 934, 'feature_selection_filter__k': 28}",72.75705575942993,"[0, 1, 2, 3, 4, 5, 6, 7, 8, 9, 10, 11, 12, 13, 14, 16, 17, 18, 19, 20, 21, 22, 23, 24, 26, 27, 28, 29]","['Amount_log1p', 'V1', 'V2', 'V3', 'V4', 'V5', 'V6', 'V7', 'V8', 'V9', 'V10', 'V11', 'V12', 'V13', 'V14', 'V16', 'V17', 'V18', 'V19', 'V20', 'V21', 'V22', 'V23', 'V24', 'V26', 'V27', 'V28', 'Time_sin']"
CostSensitiveLearning_with_RandomUnderSampler___RandomizedSearchCV__niter_30__cv_5,7,8,DESKL,resubstitution,291,17679,28,50,0.9956781914893617,0.9122257053291536,0.8533724340175953,0.8818181818181818,0.9984187044671599,0.0015812955328401435,0.9258955692423776,0.9230509195054378,0.8801269898921599,0.8796195216708018,0.9701972661208756,0.8742391470014729,22561,0.8808166409861325,0.01233538735905243,0.8804484238663403,0.029498140806493323,"{'classifier__estimator__ccp_alpha': np.float64(0.00034954303403878173), 'classifier__estimator__max_depth': 11, 'classifier__estimator__max_features': 'log2', 'classifier__estimator__max_leaf_nodes': 2, 'classifier__estimator__min_impurity_decrease': np.float64(0.05015464242898121), 'classifier__estimator__min_samples_leaf': 4, 'classifier__estimator__min_samples_split': 6, 'classifier__max_features': np.float64(0.7687064884056192), 'classifier__max_samples': np.float64(0.6187345314471284), 'classifier__n_estimators': 861, 'feature_selection_filter__k': 24}",71.00611567497253,"[0, 1, 2, 3, 4, 5, 6, 7, 8, 9, 10, 11, 12, 14, 16, 17, 18, 19, 20, 21, 22, 24, 27, 29]","['Amount_log1p', 'V1', 'V2', 'V3', 'V4', 'V5', 'V6', 'V7', 'V8', 'V9', 'V10', 'V11', 'V12', 'V14', 'V16', 'V17', 'V18', 'V19', 'V20', 'V21', 'V22', 'V24', 'V27', 'Time_sin']"
CostSensitiveLearning_with_RandomUnderSampler___RandomizedSearchCV__niter_30__cv_5,7,9,DESKL,resubstitution,277,17685,22,64,0.9952349290780141,0.9264214046822743,0.8123167155425219,0.865625,0.9987575535099114,0.0012424464900886445,0.9055371345262166,0.9007260712838592,0.8651427408640889,0.8632100921475496,0.9620872471695092,0.8518574401108857,22561,0.8693920010633465,0.008337044839580724,0.8677504043185593,0.025831688418560497,"{'classifier__estimator__ccp_alpha': np.float64(0.0008622788752818134), 'classifier__estimator__max_depth': 3, 'classifier__estimator__max_features': 'log2', 'classifier__estimator__max_leaf_nodes': 2, 'classifier__estimator__min_impurity_decrease': np.float64(0.03272420785476239), 'classifier__estimator__min_samples_leaf': 8, 'classifier__estimator__min_samples_split': 8, 'classifier__max_features': np.float64(0.7138412572955241), 'classifier__max_samples': np.float64(0.5456795695411167), 'classifier__n_estimators': 867, 'feature_selection_filter__k': 'all'}",78.80029702186584,"[0, 1, 2, 3, 4, 5, 6, 7, 8, 9, 10, 11, 12, 13, 14, 15, 16, 17, 18, 19, 20, 21, 22, 23, 24, 25, 26, 27, 28, 29, 30]","['Amount_log1p', 'V1', 'V2', 'V3', 'V4', 'V5', 'V6', 'V7', 'V8', 'V9', 'V10', 'V11', 'V12', 'V13', 'V14', 'V15', 'V16', 'V17', 'V18', 'V19', 'V20', 'V21', 'V22', 'V23', 'V24', 'V25', 'V26', 'V27', 'V28', 'Time_sin', 'Time_cos']"
CostSensitiveLearning_with_RandomUnderSampler___RandomizedSearchCV__niter_30__cv_5,7,10,DESKL,resubstitution,289,17685,22,52,0.9958998226950354,0.9292604501607717,0.8475073313782991,0.8865030674846626,0.9987575535099114,0.0012424464900886445,0.9231324424441052,0.9200295369547131,0.8853922702783216,0.88441976828775,0.9763770379592078,0.8806064088264111,22561,0.8819643561620936,0.012021205043836749,0.8760485719917422,0.010715759110243216,"{'classifier__estimator__ccp_alpha': np.float64(0.0013804205305593597), 'classifier__estimator__max_depth': 11, 'classifier__estimator__max_features': 'log2', 'classifier__estimator__max_leaf_nodes': 2, 'classifier__estimator__min_impurity_decrease': np.float64(0.04050270358933068), 'classifier__estimator__min_samples_leaf': 4, 'classifier__estimator__min_samples_split': 6, 'classifier__max_features': np.float64(0.8226380549391565), 'classifier__max_samples': np.float64(0.8351707395872712), 'classifier__n_estimators': 389, 'feature_selection_filter__k': 28}",80.14825439453125,"[0, 1, 2, 3, 4, 5, 6, 7, 8, 9, 10, 11, 12, 14, 16, 17, 18, 19, 20, 21, 22, 23, 24, 26, 27, 28, 29, 30]","['Amount_log1p', 'V1', 'V2', 'V3', 'V4', 'V5', 'V6', 'V7', 'V8', 'V9', 'V10', 'V11', 'V12', 'V14', 'V16', 'V17', 'V18', 'V19', 'V20', 'V21', 'V22', 'V23', 'V24', 'V26', 'V27', 'V28', 'Time_sin', 'Time_cos']"
CostSensitiveLearning_with_RandomUnderSampler___RandomizedSearchCV__niter_30__cv_5,8,1,DESKL,resubstitution,284,17686,21,57,0.9956781914893617,0.9311475409836065,0.8328445747800587,0.8792569659442725,0.9988140283503699,0.0011859716496300798,0.9158293015652144,0.9120618645277421,0.8784788735483641,0.8770636410904971,0.9621223576275068,0.856785014697895,22560,0.8762567752750862,0.008163994878299885,0.8727416678074063,0.016259830730148656,"{'classifier__estimator__ccp_alpha': np.float64(0.008073165201331929), 'classifier__estimator__max_depth': 10, 'classifier__estimator__max_features': 'log2', 'classifier__estimator__max_leaf_nodes': 2, 'classifier__estimator__min_impurity_decrease': np.float64(0.04961713392730575), 'classifier__estimator__min_samples_leaf': 6, 'classifier__estimator__min_samples_split': 4, 'classifier__max_features': np.float64(0.8418621633696518), 'classifier__max_samples': np.float64(0.9932774233124804), 'classifier__n_estimators': 980, 'feature_selection_filter__k': 26}",77.54272317886353,"[0, 1, 2, 3, 4, 5, 6, 7, 8, 9, 10, 11, 12, 13, 14, 16, 17, 18, 19, 20, 21, 22, 23, 27, 28, 29]","['Amount_log1p', 'V1', 'V2', 'V3', 'V4', 'V5', 'V6', 'V7', 'V8', 'V9', 'V10', 'V11', 'V12', 'V13', 'V14', 'V16', 'V17', 'V18', 'V19', 'V20', 'V21', 'V22', 'V23', 'V27', 'V28', 'Time_sin']"
CostSensitiveLearning_with_RandomUnderSampler___RandomizedSearchCV__niter_30__cv_5,8,2,DESKL,resubstitution,285,17690,17,56,0.9959552304964538,0.9437086092715232,0.8357771260997068,0.8864696734059098,0.9990399277122042,0.0009600722877958212,0.9174085269059555,0.9137695112237905,0.8861092811670824,0.8844183210660678,0.9642414062599629,0.8637467498237897,22560,0.8732202019377944,0.00917778363596121,0.8768696061371333,0.016409593433623828,"{'classifier__estimator__ccp_alpha': np.float64(0.007017460915864763), 'classifier__estimator__max_depth': 17, 'classifier__estimator__max_features': 'sqrt', 'classifier__estimator__max_leaf_nodes': 2, 'classifier__estimator__min_impurity_decrease': np.float64(0.023930482237732843), 'classifier__estimator__min_samples_leaf': 2, 'classifier__estimator__min_samples_split': 5, 'classifier__max_features': np.float64(0.6410484369030456), 'classifier__max_samples': np.float64(0.5856668974897681), 'classifier__n_estimators': 632, 'feature_selection_filter__k': 26}",79.13006496429443,"[0, 1, 2, 3, 4, 5, 6, 7, 8, 9, 10, 11, 12, 14, 16, 17, 18, 19, 20, 21, 23, 24, 25, 27, 28, 29]","['Amount_log1p', 'V1', 'V2', 'V3', 'V4', 'V5', 'V6', 'V7', 'V8', 'V9', 'V10', 'V11', 'V12', 'V14', 'V16', 'V17', 'V18', 'V19', 'V20', 'V21', 'V23', 'V24', 'V25', 'V27', 'V28', 'Time_sin']"
CostSensitiveLearning_with_RandomUnderSampler___RandomizedSearchCV__niter_30__cv_5,8,3,DESKL,resubstitution,280,17680,27,61,0.9951241134751773,0.9120521172638436,0.8211143695014663,0.8641975308641975,0.9984751793076184,0.0015248206923815788,0.9097947744045424,0.9054624880800081,0.8629544233652504,0.8617219802311216,0.9642845490633044,0.8515766128824285,22560,0.8747360077835691,0.009461836419946506,0.8727849860872654,0.029467761924759486,"{'classifier__estimator__ccp_alpha': np.float64(0.008765473629265415), 'classifier__estimator__max_depth': 8, 'classifier__estimator__max_features': 'sqrt', 'classifier__estimator__max_leaf_nodes': 2, 'classifier__estimator__min_impurity_decrease': np.float64(0.07172290934385535), 'classifier__estimator__min_samples_leaf': 5, 'classifier__estimator__min_samples_split': 6, 'classifier__max_features': np.float64(0.7675795920610042), 'classifier__max_samples': np.float64(0.5270707236719104), 'classifier__n_estimators': 737, 'feature_selection_filter__k': 20}",83.38662314414978,"[1, 2, 3, 4, 5, 6, 7, 8, 9, 10, 11, 12, 14, 16, 17, 18, 19, 20, 21, 27]","['V1', 'V2', 'V3', 'V4', 'V5', 'V6', 'V7', 'V8', 'V9', 'V10', 'V11', 'V12', 'V14', 'V16', 'V17', 'V18', 'V19', 'V20', 'V21', 'V27']"
CostSensitiveLearning_with_RandomUnderSampler___RandomizedSearchCV__niter_30__cv_5,8,4,DESKL,resubstitution,281,17680,27,60,0.9951795212765957,0.9123376623376623,0.8240469208211144,0.8659476117103235,0.9984751793076184,0.0015248206923815788,0.9112610500643664,0.9070779442940684,0.8646594511001238,0.8634997047751318,0.9686620116603156,0.8537751289204821,22560,0.8745863658205011,0.009084392886718995,0.8749361033098909,0.03560352035641178,"{'classifier__estimator__ccp_alpha': np.float64(0.0012861348880371826), 'classifier__estimator__max_depth': 17, 'classifier__estimator__max_features': 'sqrt', 'classifier__estimator__max_leaf_nodes': 2, 'classifier__estimator__min_impurity_decrease': np.float64(0.03127691570526682), 'classifier__estimator__min_samples_leaf': 7, 'classifier__estimator__min_samples_split': 4, 'classifier__max_features': np.float64(0.6518523924340462), 'classifier__max_samples': np.float64(0.5443669000329865), 'classifier__n_estimators': 318, 'feature_selection_filter__k': 24}",69.82196354866028,"[0, 1, 2, 3, 4, 5, 6, 7, 8, 9, 10, 11, 12, 14, 16, 17, 18, 19, 20, 21, 22, 24, 27, 29]","['Amount_log1p', 'V1', 'V2', 'V3', 'V4', 'V5', 'V6', 'V7', 'V8', 'V9', 'V10', 'V11', 'V12', 'V14', 'V16', 'V17', 'V18', 'V19', 'V20', 'V21', 'V22', 'V24', 'V27', 'Time_sin']"
CostSensitiveLearning_with_RandomUnderSampler___RandomizedSearchCV__niter_30__cv_5,8,5,DESKL,resubstitution,284,17686,22,56,0.9956781914893617,0.9281045751633987,0.8352941176470589,0.8792569659442725,0.9987576236729162,0.001242376327083794,0.9170258706599875,0.9133763561693186,0.8783249262248393,0.8770628895754126,0.9683365942943702,0.8549986399971921,22560,0.877338037610385,0.012437831173064852,0.8717081900183645,0.02891354729167724,"{'classifier__estimator__ccp_alpha': np.float64(0.007191106082822601), 'classifier__estimator__max_depth': 9, 'classifier__estimator__max_features': 'log2', 'classifier__estimator__max_leaf_nodes': 2, 'classifier__estimator__min_impurity_decrease': np.float64(0.09342695149838981), 'classifier__estimator__min_samples_leaf': 3, 'classifier__estimator__min_samples_split': 3, 'classifier__max_features': np.float64(0.6165152443885589), 'classifier__max_samples': np.float64(0.6484763638131765), 'classifier__n_estimators': 756, 'feature_selection_filter__k': 26}",60.06868124008179,"[0, 1, 2, 3, 4, 5, 6, 7, 8, 9, 10, 11, 12, 14, 16, 17, 18, 19, 20, 21, 23, 24, 26, 27, 28, 29]","['Amount_log1p', 'V1', 'V2', 'V3', 'V4', 'V5', 'V6', 'V7', 'V8', 'V9', 'V10', 'V11', 'V12', 'V14', 'V16', 'V17', 'V18', 'V19', 'V20', 'V21', 'V23', 'V24', 'V26', 'V27', 'V28', 'Time_sin']"
CostSensitiveLearning_with_RandomUnderSampler___RandomizedSearchCV__niter_30__cv_5,8,6,DESKL,resubstitution,282,17681,27,58,0.9952903368794326,0.912621359223301,0.8294117647058824,0.8690292758089369,0.9984752654167608,0.0015247345832392067,0.9139435150613215,0.9100258962823475,0.8676638178945667,0.866636900601511,0.963084066357512,0.8569625112730402,22560,0.8711019551890292,0.005039438127011986,0.8720391488282709,0.023853909528443257,"{'classifier__estimator__ccp_alpha': np.float64(0.00632007574110103), 'classifier__estimator__max_depth': 4, 'classifier__estimator__max_features': 'sqrt', 'classifier__estimator__max_leaf_nodes': 18, 'classifier__estimator__min_impurity_decrease': np.float64(0.09336961966074464), 'classifier__estimator__min_samples_leaf': 8, 'classifier__estimator__min_samples_split': 7, 'classifier__max_features': np.float64(0.8669299356033805), 'classifier__max_samples': np.float64(0.5193016269333433), 'classifier__n_estimators': 809, 'feature_selection_filter__k': 28}",74.43609595298767,"[0, 1, 2, 3, 4, 5, 6, 7, 8, 9, 10, 11, 12, 14, 16, 17, 18, 19, 20, 21, 23, 24, 25, 26, 27, 28, 29, 30]","['Amount_log1p', 'V1', 'V2', 'V3', 'V4', 'V5', 'V6', 'V7', 'V8', 'V9', 'V10', 'V11', 'V12', 'V14', 'V16', 'V17', 'V18', 'V19', 'V20', 'V21', 'V23', 'V24', 'V25', 'V26', 'V27', 'V28', 'Time_sin', 'Time_cos']"
CostSensitiveLearning_with_RandomUnderSampler___RandomizedSearchCV__niter_30__cv_5,8,7,DESKL,resubstitution,286,17677,31,54,0.9952903368794326,0.9022082018927445,0.8411764705882353,0.8706240487062404,0.9982493788118365,0.0017506211881634925,0.919712924700036,0.9163535830867029,0.8687809870425953,0.8682285550150592,0.9638941854130403,0.8485145671630417,22560,0.876984385883685,0.0065424440620493645,0.8799002756422121,0.015095035189940853,"{'classifier__estimator__ccp_alpha': np.float64(0.004084961693700115), 'classifier__estimator__max_depth': 19, 'classifier__estimator__max_features': 'sqrt', 'classifier__estimator__max_leaf_nodes': 2, 'classifier__estimator__min_impurity_decrease': np.float64(0.03516149073561258), 'classifier__estimator__min_samples_leaf': 9, 'classifier__estimator__min_samples_split': 3, 'classifier__max_features': np.float64(0.9555574148932439), 'classifier__max_samples': np.float64(0.6010126874720348), 'classifier__n_estimators': 778, 'feature_selection_filter__k': 28}",71.48569536209106,"[0, 1, 2, 3, 4, 5, 6, 7, 8, 9, 10, 11, 12, 14, 15, 16, 17, 18, 19, 20, 21, 22, 23, 24, 27, 28, 29, 30]","['Amount_log1p', 'V1', 'V2', 'V3', 'V4', 'V5', 'V6', 'V7', 'V8', 'V9', 'V10', 'V11', 'V12', 'V14', 'V15', 'V16', 'V17', 'V18', 'V19', 'V20', 'V21', 'V22', 'V23', 'V24', 'V27', 'V28', 'Time_sin', 'Time_cos']"
CostSensitiveLearning_with_RandomUnderSampler___RandomizedSearchCV__niter_30__cv_5,8,8,DESKL,resubstitution,286,17667,40,55,0.9947362588652482,0.8773006134969326,0.8387096774193549,0.8575712143928036,0.997741006381657,0.0022589936183430304,0.918225341900506,0.9147759494053295,0.855115655379683,0.8548911768459617,0.9673360122171145,0.8689584478760322,22561,0.8757226609572513,0.011353498641853355,0.8706560024552561,0.026628304092214457,"{'classifier__estimator__ccp_alpha': np.float64(0.005420132189139421), 'classifier__estimator__max_depth': 7, 'classifier__estimator__max_features': 'log2', 'classifier__estimator__max_leaf_nodes': 3, 'classifier__estimator__min_impurity_decrease': np.float64(0.0918215240628901), 'classifier__estimator__min_samples_leaf': 3, 'classifier__estimator__min_samples_split': 2, 'classifier__max_features': np.float64(0.56333678167105), 'classifier__max_samples': np.float64(0.5196621038381504), 'classifier__n_estimators': 276, 'feature_selection_filter__k': 28}",68.18525099754333,"[0, 1, 2, 3, 4, 5, 6, 7, 8, 9, 10, 11, 12, 14, 16, 17, 18, 19, 20, 21, 22, 23, 24, 25, 27, 28, 29, 30]","['Amount_log1p', 'V1', 'V2', 'V3', 'V4', 'V5', 'V6', 'V7', 'V8', 'V9', 'V10', 'V11', 'V12', 'V14', 'V16', 'V17', 'V18', 'V19', 'V20', 'V21', 'V22', 'V23', 'V24', 'V25', 'V27', 'V28', 'Time_sin', 'Time_cos']"
CostSensitiveLearning_with_RandomUnderSampler___RandomizedSearchCV__niter_30__cv_5,8,9,DESKL,resubstitution,285,17666,41,56,0.9946254432624113,0.8742331288343558,0.8357771260997068,0.8545727136431784,0.9976845315411984,0.002315468458801595,0.9167308288204525,0.9131494458880403,0.8520599306210734,0.8518362542532452,0.9661598118741912,0.8647436214053602,22561,0.865233210489829,0.00867023470376656,0.8667139827060939,0.02309113616808801,"{'classifier__estimator__ccp_alpha': np.float64(0.006469350064698666), 'classifier__estimator__max_depth': 7, 'classifier__estimator__max_features': 'log2', 'classifier__estimator__max_leaf_nodes': 9, 'classifier__estimator__min_impurity_decrease': np.float64(0.09525434777307835), 'classifier__estimator__min_samples_leaf': 3, 'classifier__estimator__min_samples_split': 4, 'classifier__max_features': np.float64(0.9972531026196652), 'classifier__max_samples': np.float64(0.7718367724611827), 'classifier__n_estimators': 691, 'feature_selection_filter__k': 'all'}",80.46919846534729,"[0, 1, 2, 3, 4, 5, 6, 7, 8, 9, 10, 11, 12, 13, 14, 15, 16, 17, 18, 19, 20, 21, 22, 23, 24, 25, 26, 27, 28, 29, 30]","['Amount_log1p', 'V1', 'V2', 'V3', 'V4', 'V5', 'V6', 'V7', 'V8', 'V9', 'V10', 'V11', 'V12', 'V13', 'V14', 'V15', 'V16', 'V17', 'V18', 'V19', 'V20', 'V21', 'V22', 'V23', 'V24', 'V25', 'V26', 'V27', 'V28', 'Time_sin', 'Time_cos']"
CostSensitiveLearning_with_RandomUnderSampler___RandomizedSearchCV__niter_30__cv_5,8,10,DESKL,resubstitution,281,17664,43,60,0.9942929964539007,0.8672839506172839,0.8240469208211144,0.8451127819548873,0.9975715818602813,0.0024284181397187243,0.9108092513406978,0.906667408883,0.8424934212185268,0.842207658600086,0.9669523642173423,0.8519606641319593,22561,0.8529015204937067,0.014339985344019451,0.8617126488125765,0.029181859907745734,"{'classifier__estimator__ccp_alpha': np.float64(0.0024358809173762454), 'classifier__estimator__max_depth': 18, 'classifier__estimator__max_features': 'sqrt', 'classifier__estimator__max_leaf_nodes': 2, 'classifier__estimator__min_impurity_decrease': np.float64(0.06773634869256275), 'classifier__estimator__min_samples_leaf': 8, 'classifier__estimator__min_samples_split': 8, 'classifier__max_features': np.float64(0.7875088592659909), 'classifier__max_samples': np.float64(0.5517157451630026), 'classifier__n_estimators': 380, 'feature_selection_filter__k': 26}",74.96581840515137,"[0, 1, 2, 3, 4, 5, 6, 7, 8, 9, 10, 11, 12, 14, 16, 17, 18, 19, 20, 21, 23, 24, 27, 28, 29, 30]","['Amount_log1p', 'V1', 'V2', 'V3', 'V4', 'V5', 'V6', 'V7', 'V8', 'V9', 'V10', 'V11', 'V12', 'V14', 'V16', 'V17', 'V18', 'V19', 'V20', 'V21', 'V23', 'V24', 'V27', 'V28', 'Time_sin', 'Time_cos']"
CostSensitiveLearning_with_RandomUnderSampler___RandomizedSearchCV__niter_30__cv_5,9,1,DESKL,resubstitution,280,17677,30,61,0.994957890070922,0.9032258064516129,0.8211143695014663,0.8602150537634409,0.9983057547862427,0.0016942452137572728,0.9097100621438545,0.9053856639084756,0.8586637654747304,0.8576536242349947,0.9609778726275392,0.8556247419470566,22560,0.8665645454604587,0.01882825802442267,0.8623748715455118,0.03141058030983356,"{'classifier__estimator__ccp_alpha': np.float64(0.007890569890504323), 'classifier__estimator__max_depth': 13, 'classifier__estimator__max_features': 'log2', 'classifier__estimator__max_leaf_nodes': 3, 'classifier__estimator__min_impurity_decrease': np.float64(0.08218384659499815), 'classifier__estimator__min_samples_leaf': 2, 'classifier__estimator__min_samples_split': 3, 'classifier__max_features': np.float64(0.5808233111696142), 'classifier__max_samples': np.float64(0.5493601401794845), 'classifier__n_estimators': 484, 'feature_selection_filter__k': 22}",74.8155665397644,"[1, 2, 3, 4, 5, 6, 7, 8, 9, 10, 11, 12, 14, 16, 17, 18, 19, 20, 21, 27, 28, 29]","['V1', 'V2', 'V3', 'V4', 'V5', 'V6', 'V7', 'V8', 'V9', 'V10', 'V11', 'V12', 'V14', 'V16', 'V17', 'V18', 'V19', 'V20', 'V21', 'V27', 'V28', 'Time_sin']"
CostSensitiveLearning_with_RandomUnderSampler___RandomizedSearchCV__niter_30__cv_5,9,2,DESKL,resubstitution,291,17690,17,50,0.9962876773049646,0.9448051948051948,0.8533724340175953,0.8967642526964561,0.9990399277122042,0.0009600722877958212,0.9262061808648998,0.9233380392860061,0.8960809742241498,0.8948790829877452,0.9715412348314955,0.8743363768141161,22560,0.8943341317201969,0.006466613882883375,0.8974491296410358,0.03787882191345398,"{'classifier__estimator__ccp_alpha': np.float64(0.003725193910445782), 'classifier__estimator__max_depth': 17, 'classifier__estimator__max_features': 'sqrt', 'classifier__estimator__max_leaf_nodes': 2, 'classifier__estimator__min_impurity_decrease': np.float64(0.05282055260711115), 'classifier__estimator__min_samples_leaf': 4, 'classifier__estimator__min_samples_split': 2, 'classifier__max_features': np.float64(0.5586034189347528), 'classifier__max_samples': np.float64(0.8923024087709506), 'classifier__n_estimators': 706, 'feature_selection_filter__k': 'all'}",80.3827977180481,"[0, 1, 2, 3, 4, 5, 6, 7, 8, 9, 10, 11, 12, 13, 14, 15, 16, 17, 18, 19, 20, 21, 22, 23, 24, 25, 26, 27, 28, 29, 30]","['Amount_log1p', 'V1', 'V2', 'V3', 'V4', 'V5', 'V6', 'V7', 'V8', 'V9', 'V10', 'V11', 'V12', 'V13', 'V14', 'V15', 'V16', 'V17', 'V18', 'V19', 'V20', 'V21', 'V22', 'V23', 'V24', 'V25', 'V26', 'V27', 'V28', 'Time_sin', 'Time_cos']"
CostSensitiveLearning_with_RandomUnderSampler___RandomizedSearchCV__niter_30__cv_5,9,3,DESKL,resubstitution,285,17676,31,56,0.9951795212765957,0.9018987341772152,0.8357771260997068,0.867579908675799,0.9982492799457842,0.0017507200542158374,0.9170132030227455,0.9134078575993252,0.8657790678009215,0.865128606503474,0.9617099753614017,0.852306254679176,22560,0.8693780870268712,0.00373366445458945,0.8741955556213057,0.02824233053998123,"{'classifier__estimator__ccp_alpha': np.float64(0.005777463558719791), 'classifier__estimator__max_depth': 12, 'classifier__estimator__max_features': 'sqrt', 'classifier__estimator__max_leaf_nodes': 5, 'classifier__estimator__min_impurity_decrease': np.float64(0.09588787878016947), 'classifier__estimator__min_samples_leaf': 3, 'classifier__estimator__min_samples_split': 9, 'classifier__max_features': np.float64(0.6154780601927867), 'classifier__max_samples': np.float64(0.5485396241763574), 'classifier__n_estimators': 730, 'feature_selection_filter__k': 20}",64.8245620727539,"[1, 2, 3, 4, 5, 6, 7, 8, 9, 10, 11, 12, 14, 16, 17, 18, 19, 20, 21, 27]","['V1', 'V2', 'V3', 'V4', 'V5', 'V6', 'V7', 'V8', 'V9', 'V10', 'V11', 'V12', 'V14', 'V16', 'V17', 'V18', 'V19', 'V20', 'V21', 'V27']"
CostSensitiveLearning_with_RandomUnderSampler___RandomizedSearchCV__niter_30__cv_5,9,4,DESKL,resubstitution,285,17684,23,56,0.9956227836879432,0.9253246753246753,0.8357771260997068,0.8782742681047766,0.9987010786694528,0.0012989213305472092,0.9172391023845798,0.9136145343431399,0.8772280603497342,0.8760514560601772,0.9670903218188145,0.8687893437905696,22560,0.8843163338830676,0.004529472119160993,0.8775166236238269,0.008892142548217062,"{'classifier__estimator__ccp_alpha': np.float64(0.009587159925023316), 'classifier__estimator__max_depth': 5, 'classifier__estimator__max_features': 'log2', 'classifier__estimator__max_leaf_nodes': 2, 'classifier__estimator__min_impurity_decrease': np.float64(0.009324699729944775), 'classifier__estimator__min_samples_leaf': 9, 'classifier__estimator__min_samples_split': 8, 'classifier__max_features': np.float64(0.7199586401092226), 'classifier__max_samples': np.float64(0.5238676068762245), 'classifier__n_estimators': 886, 'feature_selection_filter__k': 22}",84.38339495658875,"[1, 2, 3, 4, 5, 6, 7, 8, 9, 10, 11, 12, 14, 16, 17, 18, 19, 20, 21, 27, 28, 29]","['V1', 'V2', 'V3', 'V4', 'V5', 'V6', 'V7', 'V8', 'V9', 'V10', 'V11', 'V12', 'V14', 'V16', 'V17', 'V18', 'V19', 'V20', 'V21', 'V27', 'V28', 'Time_sin']"
CostSensitiveLearning_with_RandomUnderSampler___RandomizedSearchCV__niter_30__cv_5,9,5,DESKL,resubstitution,282,17662,46,58,0.9942375886524822,0.8597560975609756,0.8294117647058824,0.844311377245509,0.9974023040433703,0.002597695956629731,0.9134070343746263,0.9095368080063196,0.8415177721587994,0.8413768112022759,0.9699666318978462,0.8627823817440957,22560,0.8606128509674402,0.007843116997400775,0.8585181702828762,0.023232190572174682,"{'classifier__estimator__ccp_alpha': np.float64(1.530729590623059e-05), 'classifier__estimator__max_depth': 17, 'classifier__estimator__max_features': 'sqrt', 'classifier__estimator__max_leaf_nodes': 12, 'classifier__estimator__min_impurity_decrease': np.float64(0.08783699163391069), 'classifier__estimator__min_samples_leaf': 3, 'classifier__estimator__min_samples_split': 2, 'classifier__max_features': np.float64(0.6768004701597452), 'classifier__max_samples': np.float64(0.7232885999352094), 'classifier__n_estimators': 413, 'feature_selection_filter__k': 22}",68.74388122558594,"[1, 2, 3, 4, 5, 6, 7, 8, 9, 10, 11, 12, 14, 16, 17, 18, 19, 20, 21, 27, 28, 29]","['V1', 'V2', 'V3', 'V4', 'V5', 'V6', 'V7', 'V8', 'V9', 'V10', 'V11', 'V12', 'V14', 'V16', 'V17', 'V18', 'V19', 'V20', 'V21', 'V27', 'V28', 'Time_sin']"
CostSensitiveLearning_with_RandomUnderSampler___RandomizedSearchCV__niter_30__cv_5,9,6,DESKL,resubstitution,280,17695,13,60,0.9959552304964538,0.9556313993174061,0.8235294117647058,0.8846761453396524,0.9992658685339959,0.0007341314660040954,0.9113976401493509,0.9071520450896584,0.8851601597910695,0.8826292117054356,0.961090450975963,0.8628269399020013,22560,0.8770682835111441,0.0031261952637570666,0.8725184108527131,0.012816844809731857,"{'classifier__estimator__ccp_alpha': np.float64(0.008814546781585537), 'classifier__estimator__max_depth': 6, 'classifier__estimator__max_features': 'log2', 'classifier__estimator__max_leaf_nodes': 2, 'classifier__estimator__min_impurity_decrease': np.float64(0.024214362502813603), 'classifier__estimator__min_samples_leaf': 8, 'classifier__estimator__min_samples_split': 5, 'classifier__max_features': np.float64(0.743553220207448), 'classifier__max_samples': np.float64(0.517590449598144), 'classifier__n_estimators': 396, 'feature_selection_filter__k': 26}",74.52774286270142,"[0, 1, 2, 3, 4, 5, 6, 7, 8, 9, 10, 11, 12, 14, 16, 17, 18, 19, 20, 21, 22, 23, 24, 27, 28, 29]","['Amount_log1p', 'V1', 'V2', 'V3', 'V4', 'V5', 'V6', 'V7', 'V8', 'V9', 'V10', 'V11', 'V12', 'V14', 'V16', 'V17', 'V18', 'V19', 'V20', 'V21', 'V22', 'V23', 'V24', 'V27', 'V28', 'Time_sin']"
CostSensitiveLearning_with_RandomUnderSampler___RandomizedSearchCV__niter_30__cv_5,9,7,DESKL,resubstitution,282,17690,18,58,0.9957890070921985,0.94,0.8294117647058824,0.88125,0.9989835102778405,0.0010164897221595082,0.9141976374918614,0.9102574779542438,0.88089975841945,0.8791150217860315,0.9746080203032196,0.8621615361122273,22560,0.8803305692411214,0.013459184920309316,0.8814993945229862,0.03896821065489858,"{'classifier__estimator__ccp_alpha': np.float64(0.00919205333014479), 'classifier__estimator__max_depth': 12, 'classifier__estimator__max_features': 'sqrt', 'classifier__estimator__max_leaf_nodes': 2, 'classifier__estimator__min_impurity_decrease': np.float64(0.04987544715227104), 'classifier__estimator__min_samples_leaf': 2, 'classifier__estimator__min_samples_split': 3, 'classifier__max_features': np.float64(0.5856798158415657), 'classifier__max_samples': np.float64(0.524573469766265), 'classifier__n_estimators': 661, 'feature_selection_filter__k': 20}",71.15818500518799,"[1, 2, 3, 4, 5, 6, 7, 8, 9, 10, 11, 12, 14, 16, 17, 18, 19, 20, 21, 27]","['V1', 'V2', 'V3', 'V4', 'V5', 'V6', 'V7', 'V8', 'V9', 'V10', 'V11', 'V12', 'V14', 'V16', 'V17', 'V18', 'V19', 'V20', 'V21', 'V27']"
CostSensitiveLearning_with_RandomUnderSampler___RandomizedSearchCV__niter_30__cv_5,9,8,DESKL,resubstitution,279,17686,21,62,0.9954011524822695,0.93,0.8181818181818182,0.8705148205928237,0.9988140283503699,0.0011859716496300798,0.9084979232660941,0.9039974987472099,0.8700299326577506,0.8681835748996318,0.9615023764977219,0.8484300953031195,22561,0.8672169781829039,0.008416068680720094,0.8650741004287019,0.019074236268734907,"{'classifier__estimator__ccp_alpha': np.float64(0.005053472227917921), 'classifier__estimator__max_depth': 8, 'classifier__estimator__max_features': 'log2', 'classifier__estimator__max_leaf_nodes': 2, 'classifier__estimator__min_impurity_decrease': np.float64(0.0889574331067518), 'classifier__estimator__min_samples_leaf': 6, 'classifier__estimator__min_samples_split': 7, 'classifier__max_features': np.float64(0.574985511027039), 'classifier__max_samples': np.float64(0.9580868244505263), 'classifier__n_estimators': 683, 'feature_selection_filter__k': 26}",67.36524748802185,"[0, 1, 2, 3, 4, 5, 6, 7, 8, 9, 10, 11, 12, 14, 16, 17, 18, 19, 20, 21, 22, 24, 27, 28, 29, 30]","['Amount_log1p', 'V1', 'V2', 'V3', 'V4', 'V5', 'V6', 'V7', 'V8', 'V9', 'V10', 'V11', 'V12', 'V14', 'V16', 'V17', 'V18', 'V19', 'V20', 'V21', 'V22', 'V24', 'V27', 'V28', 'Time_sin', 'Time_cos']"
CostSensitiveLearning_with_RandomUnderSampler___RandomizedSearchCV__niter_30__cv_5,9,9,DESKL,resubstitution,277,17684,23,64,0.9951795212765957,0.9233333333333333,0.8123167155425219,0.8642745709828393,0.9987010786694528,0.0012989213305472092,0.9055088971059874,0.9007006051033516,0.8636638238462356,0.8618309760996141,0.9645716433035828,0.870689225918399,22561,0.8657605148895049,0.008651544750270315,0.8610833938603216,0.036974299268185476,"{'classifier__estimator__ccp_alpha': np.float64(0.0014330589448612852), 'classifier__estimator__max_depth': 15, 'classifier__estimator__max_features': 'log2', 'classifier__estimator__max_leaf_nodes': 2, 'classifier__estimator__min_impurity_decrease': np.float64(0.014884468727084089), 'classifier__estimator__min_samples_leaf': 9, 'classifier__estimator__min_samples_split': 3, 'classifier__max_features': np.float64(0.5321904313330192), 'classifier__max_samples': np.float64(0.5365308109782889), 'classifier__n_estimators': 354, 'feature_selection_filter__k': 'all'}",81.2959475517273,"[0, 1, 2, 3, 4, 5, 6, 7, 8, 9, 10, 11, 12, 13, 14, 15, 16, 17, 18, 19, 20, 21, 22, 23, 24, 25, 26, 27, 28, 29, 30]","['Amount_log1p', 'V1', 'V2', 'V3', 'V4', 'V5', 'V6', 'V7', 'V8', 'V9', 'V10', 'V11', 'V12', 'V13', 'V14', 'V15', 'V16', 'V17', 'V18', 'V19', 'V20', 'V21', 'V22', 'V23', 'V24', 'V25', 'V26', 'V27', 'V28', 'Time_sin', 'Time_cos']"
CostSensitiveLearning_with_RandomUnderSampler___RandomizedSearchCV__niter_30__cv_5,9,10,DESKL,resubstitution,275,17680,27,66,0.9948470744680851,0.9105960264900662,0.8064516129032258,0.8553654743390358,0.9984751793076184,0.0015248206923815788,0.902463396105422,0.8973415842344912,0.8543825236694035,0.852752107659511,0.9672303496123855,0.8369618182289205,22561,0.8560261094682152,0.01581580682158658,0.8595281670791008,0.03996697039946367,"{'classifier__estimator__ccp_alpha': np.float64(0.003139289401389921), 'classifier__estimator__max_depth': 10, 'classifier__estimator__max_features': 'log2', 'classifier__estimator__max_leaf_nodes': 2, 'classifier__estimator__min_impurity_decrease': np.float64(0.05842624041792123), 'classifier__estimator__min_samples_leaf': 1, 'classifier__estimator__min_samples_split': 9, 'classifier__max_features': np.float64(0.6049419117348549), 'classifier__max_samples': np.float64(0.8306687301214035), 'classifier__n_estimators': 636, 'feature_selection_filter__k': 24}",67.7864637374878,"[0, 1, 2, 3, 4, 5, 6, 7, 8, 9, 10, 11, 12, 14, 16, 17, 18, 19, 20, 21, 23, 27, 28, 29]","['Amount_log1p', 'V1', 'V2', 'V3', 'V4', 'V5', 'V6', 'V7', 'V8', 'V9', 'V10', 'V11', 'V12', 'V14', 'V16', 'V17', 'V18', 'V19', 'V20', 'V21', 'V23', 'V27', 'V28', 'Time_sin']"
CostSensitiveLearning_with_RandomUnderSampler___RandomizedSearchCV__niter_30__cv_5,10,1,DESKL,resubstitution,285,17683,24,56,0.9955673758865248,0.9223300970873787,0.8357771260997068,0.8769230769230769,0.9986446038289942,0.0013553961710057738,0.9172108649643504,0.9135887023071033,0.875772859213573,0.8746716928539845,0.9694569654263014,0.8606851965671871,22560,0.8749089861365726,0.01050126236864187,0.8725636175330177,0.04244559117175982,"{'classifier__estimator__ccp_alpha': np.float64(0.008248226204894193), 'classifier__estimator__max_depth': 9, 'classifier__estimator__max_features': 'sqrt', 'classifier__estimator__max_leaf_nodes': 2, 'classifier__estimator__min_impurity_decrease': np.float64(0.08615461677346153), 'classifier__estimator__min_samples_leaf': 4, 'classifier__estimator__min_samples_split': 7, 'classifier__max_features': np.float64(0.5532556233852026), 'classifier__max_samples': np.float64(0.6001168400726526), 'classifier__n_estimators': 986, 'feature_selection_filter__k': 'all'}",77.02951145172119,"[0, 1, 2, 3, 4, 5, 6, 7, 8, 9, 10, 11, 12, 13, 14, 15, 16, 17, 18, 19, 20, 21, 22, 23, 24, 25, 26, 27, 28, 29, 30]","['Amount_log1p', 'V1', 'V2', 'V3', 'V4', 'V5', 'V6', 'V7', 'V8', 'V9', 'V10', 'V11', 'V12', 'V13', 'V14', 'V15', 'V16', 'V17', 'V18', 'V19', 'V20', 'V21', 'V22', 'V23', 'V24', 'V25', 'V26', 'V27', 'V28', 'Time_sin', 'Time_cos']"
CostSensitiveLearning_with_RandomUnderSampler___RandomizedSearchCV__niter_30__cv_5,10,2,DESKL,resubstitution,277,17667,40,64,0.9942375886524822,0.8738170347003155,0.8123167155425219,0.8419452887537994,0.997741006381657,0.0022589936183430304,0.9050288609620895,0.9002675698180169,0.8395941490944411,0.8390145625114178,0.9673049593356308,0.8647328194773293,22560,0.8416994302401847,0.014307170613262508,0.8440230067854113,0.031174291817716172,"{'classifier__estimator__ccp_alpha': np.float64(0.0034372672029863494), 'classifier__estimator__max_depth': 12, 'classifier__estimator__max_features': 'sqrt', 'classifier__estimator__max_leaf_nodes': 4, 'classifier__estimator__min_impurity_decrease': np.float64(0.07502454360610183), 'classifier__estimator__min_samples_leaf': 3, 'classifier__estimator__min_samples_split': 7, 'classifier__max_features': np.float64(0.6449620065388821), 'classifier__max_samples': np.float64(0.5305754173977066), 'classifier__n_estimators': 432, 'feature_selection_filter__k': 22}",79.21381425857544,"[0, 1, 2, 3, 4, 5, 6, 7, 8, 9, 10, 11, 12, 14, 16, 17, 18, 19, 20, 21, 27, 29]","['Amount_log1p', 'V1', 'V2', 'V3', 'V4', 'V5', 'V6', 'V7', 'V8', 'V9', 'V10', 'V11', 'V12', 'V14', 'V16', 'V17', 'V18', 'V19', 'V20', 'V21', 'V27', 'Time_sin']"
CostSensitiveLearning_with_RandomUnderSampler___RandomizedSearchCV__niter_30__cv_5,10,3,DESKL,resubstitution,282,17677,30,59,0.9950687056737588,0.9038461538461539,0.8269794721407625,0.8637059724349158,0.9983057547862427,0.0016942452137572728,0.9126426134635026,0.9086134305237913,0.8620820791692667,0.8611999419316038,0.9636681286639295,0.8608502969836367,22560,0.8495425534912787,0.018227557255583154,0.8552865786262371,0.04509787097539845,"{'classifier__estimator__ccp_alpha': np.float64(0.008114036263085848), 'classifier__estimator__max_depth': 18, 'classifier__estimator__max_features': 'sqrt', 'classifier__estimator__max_leaf_nodes': 7, 'classifier__estimator__min_impurity_decrease': np.float64(0.08747629125809048), 'classifier__estimator__min_samples_leaf': 4, 'classifier__estimator__min_samples_split': 8, 'classifier__max_features': np.float64(0.5280109794384367), 'classifier__max_samples': np.float64(0.5952547200333038), 'classifier__n_estimators': 443, 'feature_selection_filter__k': 28}",63.1627516746521,"[0, 1, 2, 3, 4, 5, 6, 7, 8, 9, 10, 11, 12, 14, 15, 16, 17, 18, 19, 20, 21, 22, 23, 24, 26, 27, 28, 29]","['Amount_log1p', 'V1', 'V2', 'V3', 'V4', 'V5', 'V6', 'V7', 'V8', 'V9', 'V10', 'V11', 'V12', 'V14', 'V15', 'V16', 'V17', 'V18', 'V19', 'V20', 'V21', 'V22', 'V23', 'V24', 'V26', 'V27', 'V28', 'Time_sin']"
CostSensitiveLearning_with_RandomUnderSampler___RandomizedSearchCV__niter_30__cv_5,10,4,DESKL,resubstitution,282,17662,45,59,0.9942375886524822,0.8623853211009175,0.8269794721407625,0.844311377245509,0.9974586321793641,0.0025413678206358536,0.9122190521600633,0.9082278420759504,0.841569039909043,0.8413771597348105,0.9727007908299433,0.858059531198485,22560,0.876574935152951,0.005513384572365631,0.8784825142785355,0.03122511190057802,"{'classifier__estimator__ccp_alpha': np.float64(0.008734067299483401), 'classifier__estimator__max_depth': 7, 'classifier__estimator__max_features': 'sqrt', 'classifier__estimator__max_leaf_nodes': 2, 'classifier__estimator__min_impurity_decrease': np.float64(0.009131897479203134), 'classifier__estimator__min_samples_leaf': 8, 'classifier__estimator__min_samples_split': 6, 'classifier__max_features': np.float64(0.6845442876013774), 'classifier__max_samples': np.float64(0.9473492844639488), 'classifier__n_estimators': 249, 'feature_selection_filter__k': 24}",60.96836233139038,"[0, 1, 2, 3, 4, 5, 6, 7, 8, 9, 10, 11, 12, 14, 16, 17, 18, 19, 20, 21, 24, 27, 28, 29]","['Amount_log1p', 'V1', 'V2', 'V3', 'V4', 'V5', 'V6', 'V7', 'V8', 'V9', 'V10', 'V11', 'V12', 'V14', 'V16', 'V17', 'V18', 'V19', 'V20', 'V21', 'V24', 'V27', 'V28', 'Time_sin']"
CostSensitiveLearning_with_RandomUnderSampler___RandomizedSearchCV__niter_30__cv_5,10,5,DESKL,resubstitution,288,17666,42,52,0.9947916666666666,0.8727272727272727,0.8470588235294118,0.8597014925373134,0.9976281906482946,0.002371809351705445,0.9223435070888532,0.9192658818265367,0.8571477987401825,0.8570486764140832,0.9718153310567508,0.8693427216497183,22560,0.871775922195537,0.01121678691294272,0.8751423532280759,0.02490444278577207,"{'classifier__estimator__ccp_alpha': np.float64(0.008849643796025848), 'classifier__estimator__max_depth': 9, 'classifier__estimator__max_features': 'sqrt', 'classifier__estimator__max_leaf_nodes': 5, 'classifier__estimator__min_impurity_decrease': np.float64(0.06553713988686738), 'classifier__estimator__min_samples_leaf': 7, 'classifier__estimator__min_samples_split': 3, 'classifier__max_features': np.float64(0.7732308855648231), 'classifier__max_samples': np.float64(0.50509254979403), 'classifier__n_estimators': 748, 'feature_selection_filter__k': 26}",75.73381090164185,"[0, 1, 2, 3, 4, 5, 6, 7, 8, 9, 10, 11, 12, 14, 15, 16, 17, 18, 19, 20, 21, 23, 24, 27, 28, 29]","['Amount_log1p', 'V1', 'V2', 'V3', 'V4', 'V5', 'V6', 'V7', 'V8', 'V9', 'V10', 'V11', 'V12', 'V14', 'V15', 'V16', 'V17', 'V18', 'V19', 'V20', 'V21', 'V23', 'V24', 'V27', 'V28', 'Time_sin']"
CostSensitiveLearning_with_RandomUnderSampler___RandomizedSearchCV__niter_30__cv_5,10,6,DESKL,resubstitution,284,17679,29,56,0.9952903368794326,0.9073482428115016,0.8352941176470589,0.8698315467075038,0.9983623221142987,0.0016376778857013496,0.9168282198806788,0.9131955841672319,0.8682075522845881,0.8674375053143208,0.9631746701391195,0.8526610730841631,22560,0.8693433444773438,0.001761873285164515,0.8640976761293977,0.01300042292405526,"{'classifier__estimator__ccp_alpha': np.float64(0.005152939653881044), 'classifier__estimator__max_depth': 18, 'classifier__estimator__max_features': 'sqrt', 'classifier__estimator__max_leaf_nodes': 2, 'classifier__estimator__min_impurity_decrease': np.float64(0.05960903685940373), 'classifier__estimator__min_samples_leaf': 5, 'classifier__estimator__min_samples_split': 8, 'classifier__max_features': np.float64(0.7179814247477689), 'classifier__max_samples': np.float64(0.8606422906208935), 'classifier__n_estimators': 355, 'feature_selection_filter__k': 24}",67.51662874221802,"[0, 1, 2, 3, 4, 5, 6, 7, 8, 9, 10, 11, 12, 14, 16, 17, 18, 19, 20, 21, 24, 27, 28, 29]","['Amount_log1p', 'V1', 'V2', 'V3', 'V4', 'V5', 'V6', 'V7', 'V8', 'V9', 'V10', 'V11', 'V12', 'V14', 'V16', 'V17', 'V18', 'V19', 'V20', 'V21', 'V24', 'V27', 'V28', 'Time_sin']"
CostSensitiveLearning_with_RandomUnderSampler___RandomizedSearchCV__niter_30__cv_5,10,7,DESKL,resubstitution,283,17688,20,57,0.9957335992907801,0.933993399339934,0.8323529411764706,0.880248833592535,0.9988705669753783,0.001129433024621651,0.9156117540759245,0.9118184327356872,0.879594927647494,0.8780842655347604,0.9668376871869144,0.8602274248103741,22560,0.8752111044301797,0.00802638991036142,0.8786187990493726,0.019203865623990363,"{'classifier__estimator__ccp_alpha': np.float64(0.006894250047312968), 'classifier__estimator__max_depth': 16, 'classifier__estimator__max_features': 'log2', 'classifier__estimator__max_leaf_nodes': 2, 'classifier__estimator__min_impurity_decrease': np.float64(0.01127773036409021), 'classifier__estimator__min_samples_leaf': 7, 'classifier__estimator__min_samples_split': 2, 'classifier__max_features': np.float64(0.9596347518220645), 'classifier__max_samples': np.float64(0.8692179930740551), 'classifier__n_estimators': 312, 'feature_selection_filter__k': 'all'}",74.86626386642456,"[0, 1, 2, 3, 4, 5, 6, 7, 8, 9, 10, 11, 12, 13, 14, 15, 16, 17, 18, 19, 20, 21, 22, 23, 24, 25, 26, 27, 28, 29, 30]","['Amount_log1p', 'V1', 'V2', 'V3', 'V4', 'V5', 'V6', 'V7', 'V8', 'V9', 'V10', 'V11', 'V12', 'V13', 'V14', 'V15', 'V16', 'V17', 'V18', 'V19', 'V20', 'V21', 'V22', 'V23', 'V24', 'V25', 'V26', 'V27', 'V28', 'Time_sin', 'Time_cos']"
CostSensitiveLearning_with_RandomUnderSampler___RandomizedSearchCV__niter_30__cv_5,10,8,DESKL,resubstitution,293,17688,19,48,0.9962876773049646,0.9391025641025641,0.8592375366568915,0.8973966309341501,0.998926978031287,0.0010730219687129505,0.9290822573440893,0.9264532130138661,0.8964273501494584,0.8955100686451399,0.9634176354199601,0.8724315330352123,22561,0.8946497957918691,0.00896627324111512,0.8963923299061302,0.01818460110626501,"{'classifier__estimator__ccp_alpha': np.float64(0.00982606241605021), 'classifier__estimator__max_depth': 3, 'classifier__estimator__max_features': 'sqrt', 'classifier__estimator__max_leaf_nodes': 2, 'classifier__estimator__min_impurity_decrease': np.float64(0.02856612332236577), 'classifier__estimator__min_samples_leaf': 1, 'classifier__estimator__min_samples_split': 5, 'classifier__max_features': np.float64(0.6500695726852825), 'classifier__max_samples': np.float64(0.5590969378626791), 'classifier__n_estimators': 161, 'feature_selection_filter__k': 22}",69.648366689682,"[1, 2, 3, 4, 5, 6, 7, 8, 9, 10, 11, 12, 14, 16, 17, 18, 19, 20, 21, 27, 28, 29]","['V1', 'V2', 'V3', 'V4', 'V5', 'V6', 'V7', 'V8', 'V9', 'V10', 'V11', 'V12', 'V14', 'V16', 'V17', 'V18', 'V19', 'V20', 'V21', 'V27', 'V28', 'Time_sin']"
CostSensitiveLearning_with_RandomUnderSampler___RandomizedSearchCV__niter_30__cv_5,10,9,DESKL,resubstitution,284,17686,21,57,0.9956781914893617,0.9311475409836065,0.8328445747800587,0.8792569659442725,0.9988140283503699,0.0011859716496300798,0.9158293015652144,0.9120618645277421,0.8784788735483641,0.8770636410904971,0.9709005517807212,0.8764407767346019,22561,0.8790970135479951,0.0084210671366777,0.8815577457777387,0.024430530746201957,"{'classifier__estimator__ccp_alpha': np.float64(0.007479055164963538), 'classifier__estimator__max_depth': 16, 'classifier__estimator__max_features': 'sqrt', 'classifier__estimator__max_leaf_nodes': 2, 'classifier__estimator__min_impurity_decrease': np.float64(0.052038130910671124), 'classifier__estimator__min_samples_leaf': 4, 'classifier__estimator__min_samples_split': 9, 'classifier__max_features': np.float64(0.5462389153111695), 'classifier__max_samples': np.float64(0.7956390548047023), 'classifier__n_estimators': 632, 'feature_selection_filter__k': 'all'}",75.11185479164124,"[0, 1, 2, 3, 4, 5, 6, 7, 8, 9, 10, 11, 12, 13, 14, 15, 16, 17, 18, 19, 20, 21, 22, 23, 24, 25, 26, 27, 28, 29, 30]","['Amount_log1p', 'V1', 'V2', 'V3', 'V4', 'V5', 'V6', 'V7', 'V8', 'V9', 'V10', 'V11', 'V12', 'V13', 'V14', 'V15', 'V16', 'V17', 'V18', 'V19', 'V20', 'V21', 'V22', 'V23', 'V24', 'V25', 'V26', 'V27', 'V28', 'Time_sin', 'Time_cos']"
CostSensitiveLearning_with_RandomUnderSampler___RandomizedSearchCV__niter_30__cv_5,10,10,DESKL,resubstitution,285,17679,28,56,0.995345744680851,0.9105431309904153,0.8357771260997068,0.8715596330275229,0.9984187044671599,0.0015812955328401435,0.9170979152834333,0.913485366858033,0.8700213953473948,0.8691939879512605,0.9693740749346605,0.8587865479189292,22561,0.8725925210431711,0.009593066278902032,0.8719719986195338,0.04410706526028263,"{'classifier__estimator__ccp_alpha': np.float64(0.003902205352738295), 'classifier__estimator__max_depth': 10, 'classifier__estimator__max_features': 'log2', 'classifier__estimator__max_leaf_nodes': 19, 'classifier__estimator__min_impurity_decrease': np.float64(0.0949849654775117), 'classifier__estimator__min_samples_leaf': 6, 'classifier__estimator__min_samples_split': 4, 'classifier__max_features': np.float64(0.6641709631269882), 'classifier__max_samples': np.float64(0.6061591362539456), 'classifier__n_estimators': 572, 'feature_selection_filter__k': 24}",73.42706775665283,"[0, 1, 2, 3, 4, 5, 6, 7, 8, 9, 10, 11, 12, 14, 16, 17, 18, 19, 20, 21, 24, 27, 28, 29]","['Amount_log1p', 'V1', 'V2', 'V3', 'V4', 'V5', 'V6', 'V7', 'V8', 'V9', 'V10', 'V11', 'V12', 'V14', 'V16', 'V17', 'V18', 'V19', 'V20', 'V21', 'V24', 'V27', 'V28', 'Time_sin']"
