experiment_name,iteration,fold,model,split,tp,tn,fp,fn,accuracy,precision,recall,f1,specificity,fpr,balanced_accuracy,geometric_mean,mcc,kappa,roc_auc,average_precision,fold_size,cv_tuning_mean_train_score,cv_tuning_std_train_score,cv_tuning_mean_val_score,cv_tuning_std_val_score,best_params,tuning_time,selected_features_indices,selected_features_names
CostSensitiveLearning_with_RandomUnderSampler___RandomizedSearchCV__niter_30__cv_5,1,1,RandomForestClassifier,resubstitution,351,22094,40,75,0.9949024822695035,0.8976982097186701,0.823943661971831,0.8592411260709915,0.9981928255173037,0.0018071744826962943,0.9110682437445674,0.9068928558604573,0.8574666646185736,0.8566502165828249,0.9637920820304497,0.8577739416598577,22560,0.8638394335321525,0.004182645230961547,0.8628775305785519,0.02149301717444224,"{'classifier__ccp_alpha': np.float64(0.008661761457749353), 'classifier__max_depth': 6, 'classifier__max_features': 'log2', 'classifier__max_leaf_nodes': 4, 'classifier__max_samples': np.float64(0.508233797718321), 'classifier__min_impurity_decrease': np.float64(0.09699098521619944), 'classifier__min_samples_leaf': 6, 'classifier__min_samples_split': 3, 'classifier__n_estimators': 291, 'feature_selection_filter__k': 26}",26.126128673553467,"[0, 1, 2, 3, 4, 5, 6, 7, 8, 9, 10, 11, 12, 14, 16, 17, 18, 19, 20, 21, 22, 23, 24, 27, 28, 29]","['Amount_log1p', 'V1', 'V2', 'V3', 'V4', 'V5', 'V6', 'V7', 'V8', 'V9', 'V10', 'V11', 'V12', 'V14', 'V16', 'V17', 'V18', 'V19', 'V20', 'V21', 'V22', 'V23', 'V24', 'V27', 'V28', 'Time_sin']"
CostSensitiveLearning_with_RandomUnderSampler___RandomizedSearchCV__niter_30__cv_5,1,2,RandomForestClassifier,resubstitution,357,22105,29,69,0.9956560283687943,0.9248704663212435,0.8380281690140845,0.8793103448275862,0.9986897985000451,0.0013102014999548661,0.9183589837570648,0.9148388837659,0.8782095863542463,0.8771040200006137,0.9655152610794431,0.8666962384259631,22560,0.8797801755652627,0.002979382416438278,0.8793172032022392,0.008991342693299573,"{'classifier__ccp_alpha': np.float64(0.0008164113622514768), 'classifier__max_depth': 5, 'classifier__max_features': 'log2', 'classifier__max_leaf_nodes': 18, 'classifier__max_samples': np.float64(0.627762024114255), 'classifier__min_impurity_decrease': np.float64(0.09626579377157113), 'classifier__min_samples_leaf': 1, 'classifier__min_samples_split': 3, 'classifier__n_estimators': 967, 'feature_selection_filter__k': 'all'}",26.036118268966675,"[0, 1, 2, 3, 4, 5, 6, 7, 8, 9, 10, 11, 12, 13, 14, 15, 16, 17, 18, 19, 20, 21, 22, 23, 24, 25, 26, 27, 28, 29, 30]","['Amount_log1p', 'V1', 'V2', 'V3', 'V4', 'V5', 'V6', 'V7', 'V8', 'V9', 'V10', 'V11', 'V12', 'V13', 'V14', 'V15', 'V16', 'V17', 'V18', 'V19', 'V20', 'V21', 'V22', 'V23', 'V24', 'V25', 'V26', 'V27', 'V28', 'Time_sin', 'Time_cos']"
CostSensitiveLearning_with_RandomUnderSampler___RandomizedSearchCV__niter_30__cv_5,1,3,RandomForestClassifier,resubstitution,356,22097,37,70,0.9952570921985816,0.905852417302799,0.8356807511737089,0.8693528693528694,0.998328363603506,0.0016716363964940362,0.9170045573886074,0.9133913711078058,0.8676724608304596,0.866941567663282,0.965192005925496,0.863094362440848,22560,0.8674373147200549,0.009897239666387987,0.8694940165616465,0.027611631030000396,"{'classifier__ccp_alpha': np.float64(0.004854212527098192), 'classifier__max_depth': 14, 'classifier__max_features': 'sqrt', 'classifier__max_leaf_nodes': 2, 'classifier__max_samples': np.float64(0.6870300761046226), 'classifier__min_impurity_decrease': np.float64(0.03380236483338096), 'classifier__min_samples_leaf': 4, 'classifier__min_samples_split': 6, 'classifier__n_estimators': 651, 'feature_selection_filter__k': 20}",26.505102157592773,"[1, 2, 3, 4, 5, 6, 7, 8, 9, 10, 11, 12, 14, 16, 17, 18, 19, 20, 21, 27]","['V1', 'V2', 'V3', 'V4', 'V5', 'V6', 'V7', 'V8', 'V9', 'V10', 'V11', 'V12', 'V14', 'V16', 'V17', 'V18', 'V19', 'V20', 'V21', 'V27']"
CostSensitiveLearning_with_RandomUnderSampler___RandomizedSearchCV__niter_30__cv_5,1,4,RandomForestClassifier,resubstitution,357,22103,31,69,0.9955673758865248,0.9201030927835051,0.8380281690140845,0.8771498771498771,0.9985994397759104,0.0014005602240896309,0.9183138043949974,0.9147974967684906,0.8758881420965337,0.8748978554298323,0.9680001259931506,0.8708083204737528,22560,0.8712677665971083,0.002065367790722552,0.8771268288270784,0.010446414644153865,"{'classifier__ccp_alpha': np.float64(0.009890115134756001), 'classifier__max_depth': 6, 'classifier__max_features': 'sqrt', 'classifier__max_leaf_nodes': 2, 'classifier__max_samples': np.float64(0.6680553975024508), 'classifier__min_impurity_decrease': np.float64(0.0957252431247156), 'classifier__min_samples_leaf': 5, 'classifier__min_samples_split': 3, 'classifier__n_estimators': 732, 'feature_selection_filter__k': 22}",23.588809728622437,"[0, 1, 2, 3, 4, 5, 6, 7, 8, 9, 10, 11, 12, 14, 16, 17, 18, 19, 20, 21, 27, 29]","['Amount_log1p', 'V1', 'V2', 'V3', 'V4', 'V5', 'V6', 'V7', 'V8', 'V9', 'V10', 'V11', 'V12', 'V14', 'V16', 'V17', 'V18', 'V19', 'V20', 'V21', 'V27', 'Time_sin']"
CostSensitiveLearning_with_RandomUnderSampler___RandomizedSearchCV__niter_30__cv_5,1,5,RandomForestClassifier,resubstitution,354,22098,37,71,0.9952127659574468,0.9053708439897699,0.8329411764705882,0.8676470588235294,0.99832843912356,0.001671560876440048,0.9156348077970741,0.9118930115905177,0.8659936436631059,0.8652136656154003,0.9634590945933377,0.851836752552303,22560,0.8681726257066437,0.005858541276896329,0.8666541586654649,0.014135679804851128,"{'classifier__ccp_alpha': np.float64(0.005183111254235888), 'classifier__max_depth': 10, 'classifier__max_features': 'sqrt', 'classifier__max_leaf_nodes': 2, 'classifier__max_samples': np.float64(0.7196891330321226), 'classifier__min_impurity_decrease': np.float64(0.08386831734362221), 'classifier__min_samples_leaf': 1, 'classifier__min_samples_split': 5, 'classifier__n_estimators': 812, 'feature_selection_filter__k': 24}",25.893209218978882,"[0, 1, 2, 3, 4, 5, 6, 7, 8, 9, 10, 11, 12, 14, 16, 17, 18, 19, 20, 21, 23, 27, 28, 29]","['Amount_log1p', 'V1', 'V2', 'V3', 'V4', 'V5', 'V6', 'V7', 'V8', 'V9', 'V10', 'V11', 'V12', 'V14', 'V16', 'V17', 'V18', 'V19', 'V20', 'V21', 'V23', 'V27', 'V28', 'Time_sin']"
CostSensitiveLearning_with_RandomUnderSampler___RandomizedSearchCV__niter_30__cv_5,1,6,RandomForestClassifier,resubstitution,359,22104,31,66,0.9957003546099291,0.9205128205128205,0.8447058823529412,0.8809815950920246,0.9985995030494692,0.001400496950530794,0.9216526927012052,0.9184350136730473,0.8796379381094888,0.8787963378362661,0.9631347214286663,0.8723835538125831,22560,0.8855009190046192,0.003730669645675982,0.8849711737501403,0.015906137264364073,"{'classifier__ccp_alpha': np.float64(0.009894174828895295), 'classifier__max_depth': 15, 'classifier__max_features': 'log2', 'classifier__max_leaf_nodes': 2, 'classifier__max_samples': np.float64(0.8928213935682368), 'classifier__min_impurity_decrease': np.float64(0.07411172992342863), 'classifier__min_samples_leaf': 5, 'classifier__min_samples_split': 7, 'classifier__n_estimators': 330, 'feature_selection_filter__k': 26}",22.60273027420044,"[0, 1, 2, 3, 4, 5, 6, 7, 8, 9, 10, 11, 12, 13, 14, 16, 17, 18, 19, 20, 21, 23, 24, 27, 28, 29]","['Amount_log1p', 'V1', 'V2', 'V3', 'V4', 'V5', 'V6', 'V7', 'V8', 'V9', 'V10', 'V11', 'V12', 'V13', 'V14', 'V16', 'V17', 'V18', 'V19', 'V20', 'V21', 'V23', 'V24', 'V27', 'V28', 'Time_sin']"
CostSensitiveLearning_with_RandomUnderSampler___RandomizedSearchCV__niter_30__cv_5,1,7,RandomForestClassifier,resubstitution,353,22094,41,72,0.994991134751773,0.8959390862944162,0.8305882352941176,0.8620268620268621,0.9981477298396205,0.0018522701603794767,0.9143679825668691,0.9105216974297318,0.8601191942452375,0.8594798514365215,0.9648089929443655,0.8530120646594955,22560,0.8671063547045641,0.008203421241900103,0.8662210380451256,0.016373243713567045,"{'classifier__ccp_alpha': np.float64(0.007456506172426113), 'classifier__max_depth': 10, 'classifier__max_features': 'sqrt', 'classifier__max_leaf_nodes': 2, 'classifier__max_samples': np.float64(0.8486608010310999), 'classifier__min_impurity_decrease': np.float64(0.0853869588245939), 'classifier__min_samples_leaf': 1, 'classifier__min_samples_split': 8, 'classifier__n_estimators': 457, 'feature_selection_filter__k': 24}",27.218804121017456,"[0, 1, 2, 3, 4, 5, 6, 7, 8, 9, 10, 11, 12, 14, 16, 17, 18, 19, 20, 21, 24, 27, 28, 29]","['Amount_log1p', 'V1', 'V2', 'V3', 'V4', 'V5', 'V6', 'V7', 'V8', 'V9', 'V10', 'V11', 'V12', 'V14', 'V16', 'V17', 'V18', 'V19', 'V20', 'V21', 'V24', 'V27', 'V28', 'Time_sin']"
CostSensitiveLearning_with_RandomUnderSampler___RandomizedSearchCV__niter_30__cv_5,1,8,RandomForestClassifier,resubstitution,360,22090,45,66,0.9950800053189132,0.8888888888888888,0.8450704225352113,0.8664259927797834,0.9979670205556811,0.0020329794443189053,0.9215187215454461,0.918342208404468,0.8642079096989493,0.8639214707540799,0.9721121245960818,0.8660046199694477,22561,0.868837916998505,0.00772038155849643,0.8692515597041244,0.017935273049643253,"{'classifier__ccp_alpha': np.float64(0.005966673825244112), 'classifier__max_depth': 3, 'classifier__max_features': 'sqrt', 'classifier__max_leaf_nodes': 2, 'classifier__max_samples': np.float64(0.6960568073164459), 'classifier__min_impurity_decrease': np.float64(0.0606672638994074), 'classifier__min_samples_leaf': 8, 'classifier__min_samples_split': 4, 'classifier__n_estimators': 700, 'feature_selection_filter__k': 26}",28.324764728546143,"[0, 1, 2, 3, 4, 5, 6, 7, 8, 9, 10, 11, 12, 13, 14, 16, 17, 18, 19, 20, 21, 23, 24, 27, 28, 29]","['Amount_log1p', 'V1', 'V2', 'V3', 'V4', 'V5', 'V6', 'V7', 'V8', 'V9', 'V10', 'V11', 'V12', 'V13', 'V14', 'V16', 'V17', 'V18', 'V19', 'V20', 'V21', 'V23', 'V24', 'V27', 'V28', 'Time_sin']"
CostSensitiveLearning_with_RandomUnderSampler___RandomizedSearchCV__niter_30__cv_5,1,9,RandomForestClassifier,resubstitution,352,22094,41,74,0.9949027082132884,0.8956743002544529,0.8262910798122066,0.8595848595848596,0.9981477298396205,0.0018522701603794767,0.9122194048259136,0.9081632923110704,0.8577158956124555,0.8569933906469864,0.9668703357862709,0.8582912080437675,22561,0.8602343644559639,0.014525603955991397,0.8584961993676252,0.027282450308870936,"{'classifier__ccp_alpha': np.float64(0.004769158688567358), 'classifier__max_depth': 13, 'classifier__max_features': 'log2', 'classifier__max_leaf_nodes': 2, 'classifier__max_samples': np.float64(0.5233011185500767), 'classifier__min_impurity_decrease': np.float64(0.051175047289631716), 'classifier__min_samples_leaf': 5, 'classifier__min_samples_split': 3, 'classifier__n_estimators': 478, 'feature_selection_filter__k': 20}",23.009878873825073,"[1, 2, 3, 4, 5, 6, 7, 8, 9, 10, 11, 12, 14, 16, 17, 18, 19, 20, 21, 27]","['V1', 'V2', 'V3', 'V4', 'V5', 'V6', 'V7', 'V8', 'V9', 'V10', 'V11', 'V12', 'V14', 'V16', 'V17', 'V18', 'V19', 'V20', 'V21', 'V27']"
CostSensitiveLearning_with_RandomUnderSampler___RandomizedSearchCV__niter_30__cv_5,1,10,RandomForestClassifier,resubstitution,355,22105,30,71,0.9955232480829751,0.922077922077922,0.8333333333333334,0.8754623921085081,0.9986446803704541,0.0013553196295459369,0.9159890068518937,0.9122521034827553,0.8743482417317243,0.8731889802582243,0.9647559629291448,0.8580271174208237,22561,0.8746838814580666,0.015630343219913273,0.8715525840737598,0.03892785801346704,"{'classifier__ccp_alpha': np.float64(0.005044463711096328), 'classifier__max_depth': 11, 'classifier__max_features': 'log2', 'classifier__max_leaf_nodes': 2, 'classifier__max_samples': np.float64(0.7837430386980397), 'classifier__min_impurity_decrease': np.float64(0.09608867240211177), 'classifier__min_samples_leaf': 4, 'classifier__min_samples_split': 4, 'classifier__n_estimators': 558, 'feature_selection_filter__k': 'all'}",23.349453926086426,"[0, 1, 2, 3, 4, 5, 6, 7, 8, 9, 10, 11, 12, 13, 14, 15, 16, 17, 18, 19, 20, 21, 22, 23, 24, 25, 26, 27, 28, 29, 30]","['Amount_log1p', 'V1', 'V2', 'V3', 'V4', 'V5', 'V6', 'V7', 'V8', 'V9', 'V10', 'V11', 'V12', 'V13', 'V14', 'V15', 'V16', 'V17', 'V18', 'V19', 'V20', 'V21', 'V22', 'V23', 'V24', 'V25', 'V26', 'V27', 'V28', 'Time_sin', 'Time_cos']"
CostSensitiveLearning_with_RandomUnderSampler___RandomizedSearchCV__niter_30__cv_5,2,1,RandomForestClassifier,resubstitution,358,22102,32,68,0.9955673758865248,0.9179487179487179,0.8403755868544601,0.8774509803921569,0.998554260413843,0.0014457395861570133,0.9194649236341516,0.9160571066267128,0.8760829900536454,0.8751983218157317,0.9644935817731605,0.8642589452464202,22560,0.8817971222797489,0.010460446941344412,0.8825697025121411,0.022564664160194644,"{'classifier__ccp_alpha': np.float64(0.0072889950276750215), 'classifier__max_depth': 6, 'classifier__max_features': 'log2', 'classifier__max_leaf_nodes': 10, 'classifier__max_samples': np.float64(0.618152450976484), 'classifier__min_impurity_decrease': np.float64(0.09584469204806051), 'classifier__min_samples_leaf': 7, 'classifier__min_samples_split': 6, 'classifier__n_estimators': 979, 'feature_selection_filter__k': 'all'}",26.639046907424927,"[0, 1, 2, 3, 4, 5, 6, 7, 8, 9, 10, 11, 12, 13, 14, 15, 16, 17, 18, 19, 20, 21, 22, 23, 24, 25, 26, 27, 28, 29, 30]","['Amount_log1p', 'V1', 'V2', 'V3', 'V4', 'V5', 'V6', 'V7', 'V8', 'V9', 'V10', 'V11', 'V12', 'V13', 'V14', 'V15', 'V16', 'V17', 'V18', 'V19', 'V20', 'V21', 'V22', 'V23', 'V24', 'V25', 'V26', 'V27', 'V28', 'Time_sin', 'Time_cos']"
CostSensitiveLearning_with_RandomUnderSampler___RandomizedSearchCV__niter_30__cv_5,2,2,RandomForestClassifier,resubstitution,355,22094,40,71,0.9950797872340426,0.8987341772151899,0.8333333333333334,0.8647990255785627,0.9981928255173037,0.0018071744826962943,0.9157630794253185,0.9120456976477402,0.8629353355837998,0.8622969642379911,0.9689395067431787,0.8622412934154003,22560,0.8627113378593714,0.007088666566969171,0.8601634739050971,0.01593410814250663,"{'classifier__ccp_alpha': np.float64(0.007315551207465713), 'classifier__max_depth': 3, 'classifier__max_features': 'log2', 'classifier__max_leaf_nodes': 13, 'classifier__max_samples': np.float64(0.5170957626891324), 'classifier__min_impurity_decrease': np.float64(0.06335778317051943), 'classifier__min_samples_leaf': 5, 'classifier__min_samples_split': 2, 'classifier__n_estimators': 907, 'feature_selection_filter__k': 'all'}",22.45720934867859,"[0, 1, 2, 3, 4, 5, 6, 7, 8, 9, 10, 11, 12, 13, 14, 15, 16, 17, 18, 19, 20, 21, 22, 23, 24, 25, 26, 27, 28, 29, 30]","['Amount_log1p', 'V1', 'V2', 'V3', 'V4', 'V5', 'V6', 'V7', 'V8', 'V9', 'V10', 'V11', 'V12', 'V13', 'V14', 'V15', 'V16', 'V17', 'V18', 'V19', 'V20', 'V21', 'V22', 'V23', 'V24', 'V25', 'V26', 'V27', 'V28', 'Time_sin', 'Time_cos']"
CostSensitiveLearning_with_RandomUnderSampler___RandomizedSearchCV__niter_30__cv_5,2,3,RandomForestClassifier,resubstitution,355,22105,29,71,0.9955673758865248,0.9244791666666666,0.8333333333333334,0.8765432098765432,0.9986897985000451,0.0013102014999548661,0.9160115659166892,0.9122727107340423,0.8755136759872334,0.8742925613291823,0.9655648947448131,0.8595755128550769,22560,0.8770895595675574,0.005404332157281372,0.8755966058363887,0.03250581706412839,"{'classifier__ccp_alpha': np.float64(0.006951988980712956), 'classifier__max_depth': 5, 'classifier__max_features': 'log2', 'classifier__max_leaf_nodes': 2, 'classifier__max_samples': np.float64(0.7070471352395099), 'classifier__min_impurity_decrease': np.float64(0.03948470411018892), 'classifier__min_samples_leaf': 6, 'classifier__min_samples_split': 9, 'classifier__n_estimators': 407, 'feature_selection_filter__k': 'all'}",20.245759963989258,"[0, 1, 2, 3, 4, 5, 6, 7, 8, 9, 10, 11, 12, 13, 14, 15, 16, 17, 18, 19, 20, 21, 22, 23, 24, 25, 26, 27, 28, 29, 30]","['Amount_log1p', 'V1', 'V2', 'V3', 'V4', 'V5', 'V6', 'V7', 'V8', 'V9', 'V10', 'V11', 'V12', 'V13', 'V14', 'V15', 'V16', 'V17', 'V18', 'V19', 'V20', 'V21', 'V22', 'V23', 'V24', 'V25', 'V26', 'V27', 'V28', 'Time_sin', 'Time_cos']"
CostSensitiveLearning_with_RandomUnderSampler___RandomizedSearchCV__niter_30__cv_5,2,4,RandomForestClassifier,resubstitution,356,22098,36,70,0.9953014184397163,0.9081632653061225,0.8356807511737089,0.8704156479217604,0.9983735429655733,0.0016264570344266538,0.9170271470696412,0.9134120386427077,0.8688059472404066,0.8680271892599245,0.9697402207892092,0.8616682909972352,22560,0.8651746042740618,0.00664665775202121,0.8671763153663082,0.014226948374936276,"{'classifier__ccp_alpha': np.float64(0.009987878754602601), 'classifier__max_depth': 9, 'classifier__max_features': 'log2', 'classifier__max_leaf_nodes': 2, 'classifier__max_samples': np.float64(0.5121756145877138), 'classifier__min_impurity_decrease': np.float64(0.08266767174449603), 'classifier__min_samples_leaf': 8, 'classifier__min_samples_split': 4, 'classifier__n_estimators': 909, 'feature_selection_filter__k': 22}",24.3807692527771,"[1, 2, 3, 4, 5, 6, 7, 8, 9, 10, 11, 12, 14, 16, 17, 18, 19, 20, 21, 27, 28, 29]","['V1', 'V2', 'V3', 'V4', 'V5', 'V6', 'V7', 'V8', 'V9', 'V10', 'V11', 'V12', 'V14', 'V16', 'V17', 'V18', 'V19', 'V20', 'V21', 'V27', 'V28', 'Time_sin']"
CostSensitiveLearning_with_RandomUnderSampler___RandomizedSearchCV__niter_30__cv_5,2,5,RandomForestClassifier,resubstitution,356,22105,30,69,0.9956117021276596,0.9222797927461139,0.8376470588235294,0.8779284833538841,0.9986446803704541,0.0013553196295459369,0.9181458695969917,0.9146101788861057,0.8767511841945219,0.8756994355539774,0.9653923650327536,0.8644407677205689,22560,0.875310406446566,0.010490619259995865,0.8769399995117032,0.017673221589174278,"{'classifier__ccp_alpha': np.float64(0.00022796988924117967), 'classifier__max_depth': 17, 'classifier__max_features': 'log2', 'classifier__max_leaf_nodes': 10, 'classifier__max_samples': np.float64(0.5348636521571732), 'classifier__min_impurity_decrease': np.float64(0.08442771501480788), 'classifier__min_samples_leaf': 4, 'classifier__min_samples_split': 3, 'classifier__n_estimators': 365, 'feature_selection_filter__k': 'all'}",24.111448049545288,"[0, 1, 2, 3, 4, 5, 6, 7, 8, 9, 10, 11, 12, 13, 14, 15, 16, 17, 18, 19, 20, 21, 22, 23, 24, 25, 26, 27, 28, 29, 30]","['Amount_log1p', 'V1', 'V2', 'V3', 'V4', 'V5', 'V6', 'V7', 'V8', 'V9', 'V10', 'V11', 'V12', 'V13', 'V14', 'V15', 'V16', 'V17', 'V18', 'V19', 'V20', 'V21', 'V22', 'V23', 'V24', 'V25', 'V26', 'V27', 'V28', 'Time_sin', 'Time_cos']"
CostSensitiveLearning_with_RandomUnderSampler___RandomizedSearchCV__niter_30__cv_5,2,6,RandomForestClassifier,resubstitution,353,22103,32,72,0.9953900709219858,0.9168831168831169,0.8305882352941176,0.8716049382716049,0.9985543257284843,0.0014456742715156512,0.914571280511301,0.9107071292419585,0.8703646781607698,0.8692636664279924,0.9629340278239149,0.8582900876438794,22560,0.8727107489650583,0.010253645568250277,0.8713534572857012,0.021748686799682827,"{'classifier__ccp_alpha': np.float64(0.004791330325667194), 'classifier__max_depth': 12, 'classifier__max_features': 'sqrt', 'classifier__max_leaf_nodes': 2, 'classifier__max_samples': np.float64(0.6890364167521417), 'classifier__min_impurity_decrease': np.float64(0.08452947376114855), 'classifier__min_samples_leaf': 9, 'classifier__min_samples_split': 9, 'classifier__n_estimators': 781, 'feature_selection_filter__k': 'all'}",25.81332302093506,"[0, 1, 2, 3, 4, 5, 6, 7, 8, 9, 10, 11, 12, 13, 14, 15, 16, 17, 18, 19, 20, 21, 22, 23, 24, 25, 26, 27, 28, 29, 30]","['Amount_log1p', 'V1', 'V2', 'V3', 'V4', 'V5', 'V6', 'V7', 'V8', 'V9', 'V10', 'V11', 'V12', 'V13', 'V14', 'V15', 'V16', 'V17', 'V18', 'V19', 'V20', 'V21', 'V22', 'V23', 'V24', 'V25', 'V26', 'V27', 'V28', 'Time_sin', 'Time_cos']"
CostSensitiveLearning_with_RandomUnderSampler___RandomizedSearchCV__niter_30__cv_5,2,7,RandomForestClassifier,resubstitution,354,22092,43,71,0.9949468085106383,0.8916876574307305,0.8329411764705882,0.8613138686131386,0.9980573751976508,0.001942624802349191,0.9154992758341195,0.9117692056009999,0.8592607386021588,0.8587434303644723,0.9703102087457978,0.855784289426964,22560,0.8632412407372987,0.00656501453108572,0.8609819266604504,0.01628478163478411,"{'classifier__ccp_alpha': np.float64(0.0077203345145802705), 'classifier__max_depth': 5, 'classifier__max_features': 'log2', 'classifier__max_leaf_nodes': 2, 'classifier__max_samples': np.float64(0.8234736739176853), 'classifier__min_impurity_decrease': np.float64(0.01820594394625077), 'classifier__min_samples_leaf': 9, 'classifier__min_samples_split': 5, 'classifier__n_estimators': 786, 'feature_selection_filter__k': 24}",27.786181449890137,"[0, 1, 2, 3, 4, 5, 6, 7, 8, 9, 10, 11, 12, 14, 16, 17, 18, 19, 20, 21, 23, 27, 28, 29]","['Amount_log1p', 'V1', 'V2', 'V3', 'V4', 'V5', 'V6', 'V7', 'V8', 'V9', 'V10', 'V11', 'V12', 'V14', 'V16', 'V17', 'V18', 'V19', 'V20', 'V21', 'V23', 'V27', 'V28', 'Time_sin']"
CostSensitiveLearning_with_RandomUnderSampler___RandomizedSearchCV__niter_30__cv_5,2,8,RandomForestClassifier,resubstitution,360,22095,40,66,0.9953016267009441,0.9,0.8450704225352113,0.8716707021791767,0.9981929071606054,0.0018070928393946195,0.9216316648479084,0.9184461344171816,0.8697273053662625,0.8692801247319836,0.9715789579734261,0.8767716540993147,22561,0.8699512216826732,0.009621528382976263,0.8679000712959134,0.023806968120103942,"{'classifier__ccp_alpha': np.float64(0.008753952607224369), 'classifier__max_depth': 6, 'classifier__max_features': 'log2', 'classifier__max_leaf_nodes': 9, 'classifier__max_samples': np.float64(0.87406665656801), 'classifier__min_impurity_decrease': np.float64(0.07898720466365737), 'classifier__min_samples_leaf': 8, 'classifier__min_samples_split': 2, 'classifier__n_estimators': 675, 'feature_selection_filter__k': 'all'}",26.23690152168274,"[0, 1, 2, 3, 4, 5, 6, 7, 8, 9, 10, 11, 12, 13, 14, 15, 16, 17, 18, 19, 20, 21, 22, 23, 24, 25, 26, 27, 28, 29, 30]","['Amount_log1p', 'V1', 'V2', 'V3', 'V4', 'V5', 'V6', 'V7', 'V8', 'V9', 'V10', 'V11', 'V12', 'V13', 'V14', 'V15', 'V16', 'V17', 'V18', 'V19', 'V20', 'V21', 'V22', 'V23', 'V24', 'V25', 'V26', 'V27', 'V28', 'Time_sin', 'Time_cos']"
CostSensitiveLearning_with_RandomUnderSampler___RandomizedSearchCV__niter_30__cv_5,2,9,RandomForestClassifier,resubstitution,355,22084,51,71,0.9945924382784451,0.874384236453202,0.8333333333333334,0.8533653846153846,0.9976959566297718,0.0023040433702281593,0.9155146449815526,0.9118186756101657,0.8508676256792821,0.8506124340835525,0.963870391992797,0.8676007512168608,22561,0.8655947697725825,0.004767389180790385,0.8658032564153135,0.004484565266082319,"{'classifier__ccp_alpha': np.float64(0.000804330886428396), 'classifier__max_depth': 10, 'classifier__max_features': 'sqrt', 'classifier__max_leaf_nodes': 12, 'classifier__max_samples': np.float64(0.6172073008350536), 'classifier__min_impurity_decrease': np.float64(0.09879297610381937), 'classifier__min_samples_leaf': 5, 'classifier__min_samples_split': 9, 'classifier__n_estimators': 436, 'feature_selection_filter__k': 20}",20.755970001220703,"[1, 2, 3, 4, 5, 6, 7, 8, 9, 10, 11, 12, 14, 16, 17, 18, 19, 20, 21, 27]","['V1', 'V2', 'V3', 'V4', 'V5', 'V6', 'V7', 'V8', 'V9', 'V10', 'V11', 'V12', 'V14', 'V16', 'V17', 'V18', 'V19', 'V20', 'V21', 'V27']"
CostSensitiveLearning_with_RandomUnderSampler___RandomizedSearchCV__niter_30__cv_5,2,10,RandomForestClassifier,resubstitution,350,22094,41,76,0.9948140596604761,0.8951406649616368,0.8215962441314554,0.8567931456548348,0.9981477298396205,0.0018522701603794767,0.909871986985538,0.9055796077234572,0.8549713666354744,0.8541572958591275,0.9642696174032372,0.8575539890281882,22561,0.8601927421951465,0.006790516258256807,0.8605694185368982,0.022975888560245385,"{'classifier__ccp_alpha': np.float64(0.003694261564724788), 'classifier__max_depth': 16, 'classifier__max_features': 'sqrt', 'classifier__max_leaf_nodes': 2, 'classifier__max_samples': np.float64(0.8655242257042619), 'classifier__min_impurity_decrease': np.float64(0.06884259713981154), 'classifier__min_samples_leaf': 1, 'classifier__min_samples_split': 4, 'classifier__n_estimators': 695, 'feature_selection_filter__k': 22}",21.45784091949463,"[1, 2, 3, 4, 5, 6, 7, 8, 9, 10, 11, 12, 14, 16, 17, 18, 19, 20, 21, 27, 28, 29]","['V1', 'V2', 'V3', 'V4', 'V5', 'V6', 'V7', 'V8', 'V9', 'V10', 'V11', 'V12', 'V14', 'V16', 'V17', 'V18', 'V19', 'V20', 'V21', 'V27', 'V28', 'Time_sin']"
CostSensitiveLearning_with_RandomUnderSampler___RandomizedSearchCV__niter_30__cv_5,3,1,RandomForestClassifier,resubstitution,359,22095,39,67,0.9953014184397163,0.9020100502512562,0.8427230046948356,0.8713592233009708,0.9982380048793711,0.001761995120628912,0.9204805047871034,0.9171903460419335,0.869490020179583,0.8689690451862168,0.9630778557068747,0.8699114465342146,22560,0.878825203344686,0.015871754931196042,0.8759614803434068,0.03623226422492768,"{'classifier__ccp_alpha': np.float64(0.002402763294204019), 'classifier__max_depth': 4, 'classifier__max_features': 'sqrt', 'classifier__max_leaf_nodes': 12, 'classifier__max_samples': np.float64(0.507142861396566), 'classifier__min_impurity_decrease': np.float64(0.09961258185466165), 'classifier__min_samples_leaf': 9, 'classifier__min_samples_split': 8, 'classifier__n_estimators': 228, 'feature_selection_filter__k': 'all'}",19.33350443840027,"[0, 1, 2, 3, 4, 5, 6, 7, 8, 9, 10, 11, 12, 13, 14, 15, 16, 17, 18, 19, 20, 21, 22, 23, 24, 25, 26, 27, 28, 29, 30]","['Amount_log1p', 'V1', 'V2', 'V3', 'V4', 'V5', 'V6', 'V7', 'V8', 'V9', 'V10', 'V11', 'V12', 'V13', 'V14', 'V15', 'V16', 'V17', 'V18', 'V19', 'V20', 'V21', 'V22', 'V23', 'V24', 'V25', 'V26', 'V27', 'V28', 'Time_sin', 'Time_cos']"
CostSensitiveLearning_with_RandomUnderSampler___RandomizedSearchCV__niter_30__cv_5,3,2,RandomForestClassifier,resubstitution,356,22093,41,70,0.9950797872340426,0.8967254408060453,0.8356807511737089,0.8651275820170109,0.9981476461552363,0.0018523538447636767,0.9169141986644727,0.9133086962912799,0.8631810697730858,0.8626249380370533,0.9653967978225668,0.8718673942166797,22560,0.8686333778258813,0.01211395733913762,0.8691324707744773,0.01249939260448028,"{'classifier__ccp_alpha': np.float64(0.0055037095575447325), 'classifier__max_depth': 14, 'classifier__max_features': 'log2', 'classifier__max_leaf_nodes': 9, 'classifier__max_samples': np.float64(0.5250891556322679), 'classifier__min_impurity_decrease': np.float64(0.07821758325490355), 'classifier__min_samples_leaf': 5, 'classifier__min_samples_split': 7, 'classifier__n_estimators': 615, 'feature_selection_filter__k': 26}",21.92517375946045,"[0, 1, 2, 3, 4, 5, 6, 7, 8, 9, 10, 11, 12, 14, 16, 17, 18, 19, 20, 21, 22, 23, 24, 27, 28, 29]","['Amount_log1p', 'V1', 'V2', 'V3', 'V4', 'V5', 'V6', 'V7', 'V8', 'V9', 'V10', 'V11', 'V12', 'V14', 'V16', 'V17', 'V18', 'V19', 'V20', 'V21', 'V22', 'V23', 'V24', 'V27', 'V28', 'Time_sin']"
CostSensitiveLearning_with_RandomUnderSampler___RandomizedSearchCV__niter_30__cv_5,3,3,RandomForestClassifier,resubstitution,355,22100,34,71,0.995345744680851,0.9125964010282777,0.8333333333333334,0.8711656441717791,0.9984639016897081,0.001536098310291889,0.9158986175115207,0.9121695299713153,0.8697306657804956,0.8688006827149884,0.9685963663066316,0.8618229236851895,22560,0.8708007233151797,0.00978004086228652,0.8626126309563633,0.02855824158565773,"{'classifier__ccp_alpha': np.float64(0.002468034257921553), 'classifier__max_depth': 11, 'classifier__max_features': 'sqrt', 'classifier__max_leaf_nodes': 7, 'classifier__max_samples': np.float64(0.5985434969592097), 'classifier__min_impurity_decrease': np.float64(0.09323630404524863), 'classifier__min_samples_leaf': 8, 'classifier__min_samples_split': 5, 'classifier__n_estimators': 550, 'feature_selection_filter__k': 'all'}",21.6729416847229,"[0, 1, 2, 3, 4, 5, 6, 7, 8, 9, 10, 11, 12, 13, 14, 15, 16, 17, 18, 19, 20, 21, 22, 23, 24, 25, 26, 27, 28, 29, 30]","['Amount_log1p', 'V1', 'V2', 'V3', 'V4', 'V5', 'V6', 'V7', 'V8', 'V9', 'V10', 'V11', 'V12', 'V13', 'V14', 'V15', 'V16', 'V17', 'V18', 'V19', 'V20', 'V21', 'V22', 'V23', 'V24', 'V25', 'V26', 'V27', 'V28', 'Time_sin', 'Time_cos']"
CostSensitiveLearning_with_RandomUnderSampler___RandomizedSearchCV__niter_30__cv_5,3,4,RandomForestClassifier,resubstitution,357,22106,28,69,0.9957003546099291,0.9272727272727272,0.8380281690140845,0.8803945745992602,0.9987349778621126,0.0012650221378873727,0.9183815734380986,0.9148595765624955,0.8793770311357118,0.8782111003142229,0.9653327937263049,0.8649717304755221,22560,0.8807118816712428,0.012411687525834948,0.8800539185854737,0.02691249328099345,"{'classifier__ccp_alpha': np.float64(0.008180433640103806), 'classifier__max_depth': 10, 'classifier__max_features': 'log2', 'classifier__max_leaf_nodes': 16, 'classifier__max_samples': np.float64(0.6381051168220484), 'classifier__min_impurity_decrease': np.float64(0.09692022438307624), 'classifier__min_samples_leaf': 7, 'classifier__min_samples_split': 3, 'classifier__n_estimators': 701, 'feature_selection_filter__k': 'all'}",24.7753849029541,"[0, 1, 2, 3, 4, 5, 6, 7, 8, 9, 10, 11, 12, 13, 14, 15, 16, 17, 18, 19, 20, 21, 22, 23, 24, 25, 26, 27, 28, 29, 30]","['Amount_log1p', 'V1', 'V2', 'V3', 'V4', 'V5', 'V6', 'V7', 'V8', 'V9', 'V10', 'V11', 'V12', 'V13', 'V14', 'V15', 'V16', 'V17', 'V18', 'V19', 'V20', 'V21', 'V22', 'V23', 'V24', 'V25', 'V26', 'V27', 'V28', 'Time_sin', 'Time_cos']"
CostSensitiveLearning_with_RandomUnderSampler___RandomizedSearchCV__niter_30__cv_5,3,5,RandomForestClassifier,resubstitution,355,22099,36,70,0.9953014184397163,0.907928388746803,0.8352941176470589,0.8700980392156863,0.9983736164445448,0.0016263835554551909,0.9168338670458018,0.9132007495781796,0.8684919370405957,0.8677097088447447,0.9656269682031384,0.8601738465471793,22560,0.8734078898159024,0.012352998971289502,0.8689205851122839,0.038303035041773716,"{'classifier__ccp_alpha': np.float64(0.004961426103974031), 'classifier__max_depth': 11, 'classifier__max_features': 'sqrt', 'classifier__max_leaf_nodes': 12, 'classifier__max_samples': np.float64(0.7827975277290263), 'classifier__min_impurity_decrease': np.float64(0.09957524268730283), 'classifier__min_samples_leaf': 6, 'classifier__min_samples_split': 5, 'classifier__n_estimators': 977, 'feature_selection_filter__k': 'all'}",28.772275924682617,"[0, 1, 2, 3, 4, 5, 6, 7, 8, 9, 10, 11, 12, 13, 14, 15, 16, 17, 18, 19, 20, 21, 22, 23, 24, 25, 26, 27, 28, 29, 30]","['Amount_log1p', 'V1', 'V2', 'V3', 'V4', 'V5', 'V6', 'V7', 'V8', 'V9', 'V10', 'V11', 'V12', 'V13', 'V14', 'V15', 'V16', 'V17', 'V18', 'V19', 'V20', 'V21', 'V22', 'V23', 'V24', 'V25', 'V26', 'V27', 'V28', 'Time_sin', 'Time_cos']"
CostSensitiveLearning_with_RandomUnderSampler___RandomizedSearchCV__niter_30__cv_5,3,6,RandomForestClassifier,resubstitution,352,22097,38,73,0.9950797872340426,0.9025641025641026,0.8282352941176471,0.8638036809815951,0.9982832618025751,0.0017167381974249052,0.9132592779601111,0.9092928191467146,0.8621278731570856,0.8613030257713972,0.9660617334803813,0.8633250854912644,22560,0.8586582664223243,0.0083555351285346,0.860482037538214,0.02299502402314292,"{'classifier__ccp_alpha': np.float64(0.0033061173826215485), 'classifier__max_depth': 5, 'classifier__max_features': 'log2', 'classifier__max_leaf_nodes': 12, 'classifier__max_samples': np.float64(0.8791716779676444), 'classifier__min_impurity_decrease': np.float64(0.08767588593052647), 'classifier__min_samples_leaf': 9, 'classifier__min_samples_split': 4, 'classifier__n_estimators': 350, 'feature_selection_filter__k': 'all'}",23.897430658340454,"[0, 1, 2, 3, 4, 5, 6, 7, 8, 9, 10, 11, 12, 13, 14, 15, 16, 17, 18, 19, 20, 21, 22, 23, 24, 25, 26, 27, 28, 29, 30]","['Amount_log1p', 'V1', 'V2', 'V3', 'V4', 'V5', 'V6', 'V7', 'V8', 'V9', 'V10', 'V11', 'V12', 'V13', 'V14', 'V15', 'V16', 'V17', 'V18', 'V19', 'V20', 'V21', 'V22', 'V23', 'V24', 'V25', 'V26', 'V27', 'V28', 'Time_sin', 'Time_cos']"
CostSensitiveLearning_with_RandomUnderSampler___RandomizedSearchCV__niter_30__cv_5,3,7,RandomForestClassifier,resubstitution,352,22103,32,73,0.995345744680851,0.9166666666666666,0.8282352941176471,0.8702101359703337,0.9985543257284843,0.0014456742715156512,0.9133948099230658,0.9094162609400493,0.8690044993523529,0.8678467182604505,0.964435084175979,0.8538107296035379,22560,0.8718920354949388,0.008803572761283003,0.8718518194694598,0.025025873888542244,"{'classifier__ccp_alpha': np.float64(0.004422101024349114), 'classifier__max_depth': 3, 'classifier__max_features': 'sqrt', 'classifier__max_leaf_nodes': 2, 'classifier__max_samples': np.float64(0.7205179111926088), 'classifier__min_impurity_decrease': np.float64(0.07722549717620839), 'classifier__min_samples_leaf': 4, 'classifier__min_samples_split': 9, 'classifier__n_estimators': 729, 'feature_selection_filter__k': 'all'}",22.421610116958618,"[0, 1, 2, 3, 4, 5, 6, 7, 8, 9, 10, 11, 12, 13, 14, 15, 16, 17, 18, 19, 20, 21, 22, 23, 24, 25, 26, 27, 28, 29, 30]","['Amount_log1p', 'V1', 'V2', 'V3', 'V4', 'V5', 'V6', 'V7', 'V8', 'V9', 'V10', 'V11', 'V12', 'V13', 'V14', 'V15', 'V16', 'V17', 'V18', 'V19', 'V20', 'V21', 'V22', 'V23', 'V24', 'V25', 'V26', 'V27', 'V28', 'Time_sin', 'Time_cos']"
CostSensitiveLearning_with_RandomUnderSampler___RandomizedSearchCV__niter_30__cv_5,3,8,RandomForestClassifier,resubstitution,358,22091,44,68,0.995035681042507,0.8905472636815921,0.8403755868544601,0.8647342995169082,0.998012197876666,0.001987802123334048,0.919193892365563,0.9158084332864121,0.8625840025170681,0.8622079044153333,0.9671634050974016,0.8640911919034427,22561,0.8588000379263676,0.01642306702062892,0.8582340572066436,0.027115306635747193,"{'classifier__ccp_alpha': np.float64(0.004086242355952954), 'classifier__max_depth': 4, 'classifier__max_features': 'log2', 'classifier__max_leaf_nodes': 11, 'classifier__max_samples': np.float64(0.6611414717503116), 'classifier__min_impurity_decrease': np.float64(0.09333605764315435), 'classifier__min_samples_leaf': 5, 'classifier__min_samples_split': 6, 'classifier__n_estimators': 182, 'feature_selection_filter__k': 28}",23.133450269699097,"[0, 1, 2, 3, 4, 5, 6, 7, 8, 9, 10, 11, 12, 13, 14, 16, 17, 18, 19, 20, 21, 23, 24, 26, 27, 28, 29, 30]","['Amount_log1p', 'V1', 'V2', 'V3', 'V4', 'V5', 'V6', 'V7', 'V8', 'V9', 'V10', 'V11', 'V12', 'V13', 'V14', 'V16', 'V17', 'V18', 'V19', 'V20', 'V21', 'V23', 'V24', 'V26', 'V27', 'V28', 'Time_sin', 'Time_cos']"
CostSensitiveLearning_with_RandomUnderSampler___RandomizedSearchCV__niter_30__cv_5,3,9,RandomForestClassifier,resubstitution,353,22103,32,73,0.9953459509773503,0.9168831168831169,0.8286384976525821,0.8705302096177558,0.9985543257284843,0.0014456742715156512,0.9135964116905333,0.9096375961316344,0.8693193555398924,0.8681667616545896,0.9670200784558265,0.8588026300968475,22561,0.8691884424972744,0.00601874990165647,0.8709490736453999,0.029591185929097628,"{'classifier__ccp_alpha': np.float64(0.002690727727503318), 'classifier__max_depth': 14, 'classifier__max_features': 'log2', 'classifier__max_leaf_nodes': 2, 'classifier__max_samples': np.float64(0.6909632216363978), 'classifier__min_impurity_decrease': np.float64(0.07749386230541704), 'classifier__min_samples_leaf': 1, 'classifier__min_samples_split': 5, 'classifier__n_estimators': 602, 'feature_selection_filter__k': 'all'}",24.70785427093506,"[0, 1, 2, 3, 4, 5, 6, 7, 8, 9, 10, 11, 12, 13, 14, 15, 16, 17, 18, 19, 20, 21, 22, 23, 24, 25, 26, 27, 28, 29, 30]","['Amount_log1p', 'V1', 'V2', 'V3', 'V4', 'V5', 'V6', 'V7', 'V8', 'V9', 'V10', 'V11', 'V12', 'V13', 'V14', 'V15', 'V16', 'V17', 'V18', 'V19', 'V20', 'V21', 'V22', 'V23', 'V24', 'V25', 'V26', 'V27', 'V28', 'Time_sin', 'Time_cos']"
CostSensitiveLearning_with_RandomUnderSampler___RandomizedSearchCV__niter_30__cv_5,3,10,RandomForestClassifier,resubstitution,354,22097,38,72,0.9951243295953194,0.9030612244897959,0.8309859154929577,0.8655256723716381,0.9982832618025751,0.0017167381974249052,0.9146345886477665,0.9108014768489942,0.8638214839502512,0.8630471950807779,0.9655302343387938,0.8593336785488909,22561,0.8653036540807056,0.007136002846798475,0.8616746020623995,0.03851987575523504,"{'classifier__ccp_alpha': np.float64(0.0014035695943246929), 'classifier__max_depth': 10, 'classifier__max_features': 'sqrt', 'classifier__max_leaf_nodes': 2, 'classifier__max_samples': np.float64(0.8224035306928716), 'classifier__min_impurity_decrease': np.float64(0.08034559622769072), 'classifier__min_samples_leaf': 1, 'classifier__min_samples_split': 8, 'classifier__n_estimators': 339, 'feature_selection_filter__k': 26}",24.120638370513916,"[0, 1, 2, 3, 4, 5, 6, 7, 8, 9, 10, 11, 12, 14, 16, 17, 18, 19, 20, 21, 22, 23, 24, 27, 28, 29]","['Amount_log1p', 'V1', 'V2', 'V3', 'V4', 'V5', 'V6', 'V7', 'V8', 'V9', 'V10', 'V11', 'V12', 'V14', 'V16', 'V17', 'V18', 'V19', 'V20', 'V21', 'V22', 'V23', 'V24', 'V27', 'V28', 'Time_sin']"
CostSensitiveLearning_with_RandomUnderSampler___RandomizedSearchCV__niter_30__cv_5,4,1,RandomForestClassifier,resubstitution,357,22099,35,69,0.9953900709219858,0.9107142857142857,0.8380281690140845,0.8728606356968215,0.9984187223276407,0.0015812776723592714,0.9182234456708627,0.9147147171559089,0.871298234245509,0.8705172422927561,0.9707209098996255,0.8631796207786111,22560,0.8661756690127227,0.011292582561403192,0.8686564109052883,0.020370929447499565,"{'classifier__ccp_alpha': np.float64(0.0016217975941154907), 'classifier__max_depth': 16, 'classifier__max_features': 'log2', 'classifier__max_leaf_nodes': 11, 'classifier__max_samples': np.float64(0.6332225184276689), 'classifier__min_impurity_decrease': np.float64(0.08811649164361832), 'classifier__min_samples_leaf': 9, 'classifier__min_samples_split': 7, 'classifier__n_estimators': 210, 'feature_selection_filter__k': 'all'}",20.81450867652893,"[0, 1, 2, 3, 4, 5, 6, 7, 8, 9, 10, 11, 12, 13, 14, 15, 16, 17, 18, 19, 20, 21, 22, 23, 24, 25, 26, 27, 28, 29, 30]","['Amount_log1p', 'V1', 'V2', 'V3', 'V4', 'V5', 'V6', 'V7', 'V8', 'V9', 'V10', 'V11', 'V12', 'V13', 'V14', 'V15', 'V16', 'V17', 'V18', 'V19', 'V20', 'V21', 'V22', 'V23', 'V24', 'V25', 'V26', 'V27', 'V28', 'Time_sin', 'Time_cos']"
CostSensitiveLearning_with_RandomUnderSampler___RandomizedSearchCV__niter_30__cv_5,4,2,RandomForestClassifier,resubstitution,357,22084,50,69,0.9947251773049646,0.8771498771498771,0.8380281690140845,0.8571428571428571,0.9977410318966297,0.00225896810337034,0.9178846004553571,0.9144042268660812,0.8546880598523043,0.8544572625969087,0.968714829563508,0.8677292997896974,22560,0.8585810423802801,0.010295615065771622,0.8593329335293027,0.020118639425399182,"{'classifier__ccp_alpha': np.float64(0.008293366518253178), 'classifier__max_depth': 15, 'classifier__max_features': 'sqrt', 'classifier__max_leaf_nodes': 10, 'classifier__max_samples': np.float64(0.6635532113771536), 'classifier__min_impurity_decrease': np.float64(0.09194505028864744), 'classifier__min_samples_leaf': 7, 'classifier__min_samples_split': 7, 'classifier__n_estimators': 377, 'feature_selection_filter__k': 22}",24.00992703437805,"[1, 2, 3, 4, 5, 6, 7, 8, 9, 10, 11, 12, 14, 16, 17, 18, 19, 20, 21, 27, 28, 29]","['V1', 'V2', 'V3', 'V4', 'V5', 'V6', 'V7', 'V8', 'V9', 'V10', 'V11', 'V12', 'V14', 'V16', 'V17', 'V18', 'V19', 'V20', 'V21', 'V27', 'V28', 'Time_sin']"
CostSensitiveLearning_with_RandomUnderSampler___RandomizedSearchCV__niter_30__cv_5,4,3,RandomForestClassifier,resubstitution,351,22102,32,75,0.9952570921985816,0.9164490861618799,0.823943661971831,0.8677379480840544,0.998554260413843,0.0014457395861570133,0.9112489611928369,0.907057029079735,0.8666001836571503,0.8653301439955225,0.9626824302339443,0.8520901595683125,22560,0.8633935649453152,0.01182417483827167,0.8605833302676917,0.024340826530464668,"{'classifier__ccp_alpha': np.float64(0.0013318248968069958), 'classifier__max_depth': 7, 'classifier__max_features': 'sqrt', 'classifier__max_leaf_nodes': 2, 'classifier__max_samples': np.float64(0.8884195627367959), 'classifier__min_impurity_decrease': np.float64(0.04895453902627366), 'classifier__min_samples_leaf': 2, 'classifier__min_samples_split': 2, 'classifier__n_estimators': 499, 'feature_selection_filter__k': 'all'}",20.540088891983032,"[0, 1, 2, 3, 4, 5, 6, 7, 8, 9, 10, 11, 12, 13, 14, 15, 16, 17, 18, 19, 20, 21, 22, 23, 24, 25, 26, 27, 28, 29, 30]","['Amount_log1p', 'V1', 'V2', 'V3', 'V4', 'V5', 'V6', 'V7', 'V8', 'V9', 'V10', 'V11', 'V12', 'V13', 'V14', 'V15', 'V16', 'V17', 'V18', 'V19', 'V20', 'V21', 'V22', 'V23', 'V24', 'V25', 'V26', 'V27', 'V28', 'Time_sin', 'Time_cos']"
CostSensitiveLearning_with_RandomUnderSampler___RandomizedSearchCV__niter_30__cv_5,4,4,RandomForestClassifier,resubstitution,352,22108,26,74,0.9955673758865248,0.9312169312169312,0.8262910798122066,0.8756218905472637,0.9988253365862474,0.001174663413752608,0.912558208199227,0.9084714997795149,0.8749912898232978,0.8733735574351948,0.9630233965462605,0.8606694500027685,22560,0.8766042416151283,0.005659007268539387,0.8738916188379589,0.010848322211484445,"{'classifier__ccp_alpha': np.float64(0.005771559598492157), 'classifier__max_depth': 12, 'classifier__max_features': 'log2', 'classifier__max_leaf_nodes': 2, 'classifier__max_samples': np.float64(0.7411102083609585), 'classifier__min_impurity_decrease': np.float64(0.022941295115025653), 'classifier__min_samples_leaf': 3, 'classifier__min_samples_split': 3, 'classifier__n_estimators': 705, 'feature_selection_filter__k': 'all'}",23.599169969558716,"[0, 1, 2, 3, 4, 5, 6, 7, 8, 9, 10, 11, 12, 13, 14, 15, 16, 17, 18, 19, 20, 21, 22, 23, 24, 25, 26, 27, 28, 29, 30]","['Amount_log1p', 'V1', 'V2', 'V3', 'V4', 'V5', 'V6', 'V7', 'V8', 'V9', 'V10', 'V11', 'V12', 'V13', 'V14', 'V15', 'V16', 'V17', 'V18', 'V19', 'V20', 'V21', 'V22', 'V23', 'V24', 'V25', 'V26', 'V27', 'V28', 'Time_sin', 'Time_cos']"
CostSensitiveLearning_with_RandomUnderSampler___RandomizedSearchCV__niter_30__cv_5,4,5,RandomForestClassifier,resubstitution,355,22099,36,70,0.9953014184397163,0.907928388746803,0.8352941176470589,0.8700980392156863,0.9983736164445448,0.0016263835554551909,0.9168338670458018,0.9132007495781796,0.8684919370405957,0.8677097088447447,0.9673837281919772,0.8661453505890885,22560,0.8666999578228058,0.007442423940120242,0.8658880663033554,0.01883052088078115,"{'classifier__ccp_alpha': np.float64(0.0034346919781594264), 'classifier__max_depth': 5, 'classifier__max_features': 'log2', 'classifier__max_leaf_nodes': 3, 'classifier__max_samples': np.float64(0.6281131896571782), 'classifier__min_impurity_decrease': np.float64(0.08496304674579415), 'classifier__min_samples_leaf': 3, 'classifier__min_samples_split': 3, 'classifier__n_estimators': 470, 'feature_selection_filter__k': 'all'}",25.279974699020386,"[0, 1, 2, 3, 4, 5, 6, 7, 8, 9, 10, 11, 12, 13, 14, 15, 16, 17, 18, 19, 20, 21, 22, 23, 24, 25, 26, 27, 28, 29, 30]","['Amount_log1p', 'V1', 'V2', 'V3', 'V4', 'V5', 'V6', 'V7', 'V8', 'V9', 'V10', 'V11', 'V12', 'V13', 'V14', 'V15', 'V16', 'V17', 'V18', 'V19', 'V20', 'V21', 'V22', 'V23', 'V24', 'V25', 'V26', 'V27', 'V28', 'Time_sin', 'Time_cos']"
CostSensitiveLearning_with_RandomUnderSampler___RandomizedSearchCV__niter_30__cv_5,4,6,RandomForestClassifier,resubstitution,359,22101,34,66,0.9955673758865248,0.9134860050890585,0.8447058823529412,0.8777506112469438,0.9984639710865145,0.0015360289134854765,0.9215849267197278,0.9183726856207428,0.8761925633613102,0.8754968948726907,0.9660797512589856,0.8619735001977531,22560,0.8797596511603446,0.00834564561325,0.882324601023788,0.020013015029547422,"{'classifier__ccp_alpha': np.float64(0.0005972078070924791), 'classifier__max_depth': 10, 'classifier__max_features': 'sqrt', 'classifier__max_leaf_nodes': 2, 'classifier__max_samples': np.float64(0.5212612449268677), 'classifier__min_impurity_decrease': np.float64(0.02596390482071086), 'classifier__min_samples_leaf': 7, 'classifier__min_samples_split': 6, 'classifier__n_estimators': 834, 'feature_selection_filter__k': 24}",26.642659664154053,"[0, 1, 2, 3, 4, 5, 6, 7, 8, 9, 10, 11, 12, 14, 16, 17, 18, 19, 20, 21, 24, 27, 28, 29]","['Amount_log1p', 'V1', 'V2', 'V3', 'V4', 'V5', 'V6', 'V7', 'V8', 'V9', 'V10', 'V11', 'V12', 'V14', 'V16', 'V17', 'V18', 'V19', 'V20', 'V21', 'V24', 'V27', 'V28', 'Time_sin']"
CostSensitiveLearning_with_RandomUnderSampler___RandomizedSearchCV__niter_30__cv_5,4,7,RandomForestClassifier,resubstitution,354,22096,39,71,0.9951241134751773,0.9007633587786259,0.8329411764705882,0.8655256723716381,0.9982380844815902,0.0017619155184097623,0.9155896304760892,0.9118517447950858,0.8637323598509593,0.8630465843599597,0.9665778710851859,0.8685268493914782,22560,0.8663095704060664,0.009879217589899996,0.8623927991638883,0.025540013599373128,"{'classifier__ccp_alpha': np.float64(0.0029849240796444953), 'classifier__max_depth': 11, 'classifier__max_features': 'sqrt', 'classifier__max_leaf_nodes': 2, 'classifier__max_samples': np.float64(0.8704726128724606), 'classifier__min_impurity_decrease': np.float64(0.08306291335959387), 'classifier__min_samples_leaf': 3, 'classifier__min_samples_split': 9, 'classifier__n_estimators': 673, 'feature_selection_filter__k': 20}",23.48296046257019,"[1, 2, 3, 4, 5, 6, 7, 8, 9, 10, 11, 12, 14, 16, 17, 18, 19, 20, 21, 27]","['V1', 'V2', 'V3', 'V4', 'V5', 'V6', 'V7', 'V8', 'V9', 'V10', 'V11', 'V12', 'V14', 'V16', 'V17', 'V18', 'V19', 'V20', 'V21', 'V27']"
CostSensitiveLearning_with_RandomUnderSampler___RandomizedSearchCV__niter_30__cv_5,4,8,RandomForestClassifier,resubstitution,356,22106,29,70,0.9956118966357874,0.9246753246753247,0.8356807511737089,0.8779284833538841,0.9986898576914389,0.0013101423085610797,0.917185304432574,0.9135567253680233,0.8768626848276402,0.8757000895600416,0.9682238525649796,0.8637117273147628,22561,0.8854014171848176,0.009504747363635276,0.8790698371262617,0.024617208775692574,"{'classifier__ccp_alpha': np.float64(0.006552255870078655), 'classifier__max_depth': 6, 'classifier__max_features': 'log2', 'classifier__max_leaf_nodes': 2, 'classifier__max_samples': np.float64(0.7396708252266753), 'classifier__min_impurity_decrease': np.float64(0.014444132476186056), 'classifier__min_samples_leaf': 2, 'classifier__min_samples_split': 2, 'classifier__n_estimators': 197, 'feature_selection_filter__k': 28}",22.605395793914795,"[0, 1, 2, 3, 4, 5, 6, 7, 8, 9, 10, 11, 12, 13, 14, 16, 17, 18, 19, 20, 21, 22, 23, 24, 27, 28, 29, 30]","['Amount_log1p', 'V1', 'V2', 'V3', 'V4', 'V5', 'V6', 'V7', 'V8', 'V9', 'V10', 'V11', 'V12', 'V13', 'V14', 'V16', 'V17', 'V18', 'V19', 'V20', 'V21', 'V22', 'V23', 'V24', 'V27', 'V28', 'Time_sin', 'Time_cos']"
CostSensitiveLearning_with_RandomUnderSampler___RandomizedSearchCV__niter_30__cv_5,4,9,RandomForestClassifier,resubstitution,355,22097,38,71,0.9951686538717256,0.9033078880407125,0.8333333333333334,0.8669108669108669,0.9982832618025751,0.0017167381974249052,0.9158082975679542,0.9120870123890662,0.8651834003355688,0.8644546050480132,0.9636266359545724,0.8623259577985715,22561,0.8656525915749563,0.013733704496789848,0.8697463658541503,0.02867959645389042,"{'classifier__ccp_alpha': np.float64(0.002633786286009391), 'classifier__max_depth': 17, 'classifier__max_features': 'sqrt', 'classifier__max_leaf_nodes': 2, 'classifier__max_samples': np.float64(0.663383467484894), 'classifier__min_impurity_decrease': np.float64(0.05613741362138627), 'classifier__min_samples_leaf': 9, 'classifier__min_samples_split': 6, 'classifier__n_estimators': 348, 'feature_selection_filter__k': 26}",24.36026430130005,"[0, 1, 2, 3, 4, 5, 6, 7, 8, 9, 10, 11, 12, 14, 16, 17, 18, 19, 20, 21, 22, 23, 24, 27, 28, 29]","['Amount_log1p', 'V1', 'V2', 'V3', 'V4', 'V5', 'V6', 'V7', 'V8', 'V9', 'V10', 'V11', 'V12', 'V14', 'V16', 'V17', 'V18', 'V19', 'V20', 'V21', 'V22', 'V23', 'V24', 'V27', 'V28', 'Time_sin']"
CostSensitiveLearning_with_RandomUnderSampler___RandomizedSearchCV__niter_30__cv_5,4,10,RandomForestClassifier,resubstitution,355,22092,43,71,0.9949470324896946,0.8919597989949749,0.8333333333333334,0.8616504854368932,0.9980573751976508,0.001942624802349191,0.9156953542654921,0.9119838152792931,0.8595950779385284,0.8590800325765452,0.9669542744002605,0.8537934559277286,22561,0.8609272642094729,0.00924361371280797,0.8679106010134987,0.01017109294932857,"{'classifier__ccp_alpha': np.float64(0.003104285573117448), 'classifier__max_depth': 6, 'classifier__max_features': 'log2', 'classifier__max_leaf_nodes': 12, 'classifier__max_samples': np.float64(0.5744149114526729), 'classifier__min_impurity_decrease': np.float64(0.07172979317803128), 'classifier__min_samples_leaf': 4, 'classifier__min_samples_split': 7, 'classifier__n_estimators': 250, 'feature_selection_filter__k': 'all'}",21.353228330612183,"[0, 1, 2, 3, 4, 5, 6, 7, 8, 9, 10, 11, 12, 13, 14, 15, 16, 17, 18, 19, 20, 21, 22, 23, 24, 25, 26, 27, 28, 29, 30]","['Amount_log1p', 'V1', 'V2', 'V3', 'V4', 'V5', 'V6', 'V7', 'V8', 'V9', 'V10', 'V11', 'V12', 'V13', 'V14', 'V15', 'V16', 'V17', 'V18', 'V19', 'V20', 'V21', 'V22', 'V23', 'V24', 'V25', 'V26', 'V27', 'V28', 'Time_sin', 'Time_cos']"
CostSensitiveLearning_with_RandomUnderSampler___RandomizedSearchCV__niter_30__cv_5,5,1,RandomForestClassifier,resubstitution,362,22110,24,64,0.9960992907801418,0.9378238341968912,0.8497652582159625,0.8916256157635468,0.9989156953103823,0.0010843046896177322,0.9243404767631724,0.9213272240422534,0.8907657993259386,0.8896444261230001,0.9703815874373375,0.8736036800925542,22560,0.8805417671584863,0.006980030187742933,0.8756805239632695,0.03237610693217428,"{'classifier__ccp_alpha': np.float64(0.006709149208249464), 'classifier__max_depth': 12, 'classifier__max_features': 'log2', 'classifier__max_leaf_nodes': 6, 'classifier__max_samples': np.float64(0.5358004929294915), 'classifier__min_impurity_decrease': np.float64(0.08717922930982072), 'classifier__min_samples_leaf': 2, 'classifier__min_samples_split': 8, 'classifier__n_estimators': 143, 'feature_selection_filter__k': 26}",23.377886056900024,"[0, 1, 2, 3, 4, 5, 6, 7, 8, 9, 10, 11, 12, 14, 16, 17, 18, 19, 20, 21, 22, 24, 25, 27, 28, 29]","['Amount_log1p', 'V1', 'V2', 'V3', 'V4', 'V5', 'V6', 'V7', 'V8', 'V9', 'V10', 'V11', 'V12', 'V14', 'V16', 'V17', 'V18', 'V19', 'V20', 'V21', 'V22', 'V24', 'V25', 'V27', 'V28', 'Time_sin']"
CostSensitiveLearning_with_RandomUnderSampler___RandomizedSearchCV__niter_30__cv_5,5,2,RandomForestClassifier,resubstitution,354,22083,51,72,0.9945478723404255,0.8740740740740741,0.8309859154929577,0.851985559566787,0.9976958525345622,0.0023041474654378336,0.9143408840137599,0.9105334707752154,0.8494917148559953,0.8492101530786913,0.9657535132787024,0.8672011508795041,22560,0.8632294039458278,0.007874925673777348,0.8616696806419464,0.016011629205810268,"{'classifier__ccp_alpha': np.float64(0.0012638437018545267), 'classifier__max_depth': 9, 'classifier__max_features': 'log2', 'classifier__max_leaf_nodes': 19, 'classifier__max_samples': np.float64(0.5042604490631156), 'classifier__min_impurity_decrease': np.float64(0.07101827075068019), 'classifier__min_samples_leaf': 1, 'classifier__min_samples_split': 3, 'classifier__n_estimators': 373, 'feature_selection_filter__k': 'all'}",21.342145681381226,"[0, 1, 2, 3, 4, 5, 6, 7, 8, 9, 10, 11, 12, 13, 14, 15, 16, 17, 18, 19, 20, 21, 22, 23, 24, 25, 26, 27, 28, 29, 30]","['Amount_log1p', 'V1', 'V2', 'V3', 'V4', 'V5', 'V6', 'V7', 'V8', 'V9', 'V10', 'V11', 'V12', 'V13', 'V14', 'V15', 'V16', 'V17', 'V18', 'V19', 'V20', 'V21', 'V22', 'V23', 'V24', 'V25', 'V26', 'V27', 'V28', 'Time_sin', 'Time_cos']"
CostSensitiveLearning_with_RandomUnderSampler___RandomizedSearchCV__niter_30__cv_5,5,3,RandomForestClassifier,resubstitution,350,22106,28,76,0.9953900709219858,0.9259259259259259,0.8215962441314554,0.8706467661691543,0.9987349778621126,0.0012650221378873727,0.910165610996784,0.9058459619020355,0.8699168502155364,0.8683084997326027,0.9658089799603016,0.8493180242467715,22560,0.8688713861053097,0.007987071039882674,0.8629139420846904,0.014283810535653722,"{'classifier__ccp_alpha': np.float64(0.0004604099363148551), 'classifier__max_depth': 17, 'classifier__max_features': 'log2', 'classifier__max_leaf_nodes': 2, 'classifier__max_samples': np.float64(0.7907025549727322), 'classifier__min_impurity_decrease': np.float64(0.027540199587933092), 'classifier__min_samples_leaf': 5, 'classifier__min_samples_split': 3, 'classifier__n_estimators': 989, 'feature_selection_filter__k': 'all'}",24.958381414413452,"[0, 1, 2, 3, 4, 5, 6, 7, 8, 9, 10, 11, 12, 13, 14, 15, 16, 17, 18, 19, 20, 21, 22, 23, 24, 25, 26, 27, 28, 29, 30]","['Amount_log1p', 'V1', 'V2', 'V3', 'V4', 'V5', 'V6', 'V7', 'V8', 'V9', 'V10', 'V11', 'V12', 'V13', 'V14', 'V15', 'V16', 'V17', 'V18', 'V19', 'V20', 'V21', 'V22', 'V23', 'V24', 'V25', 'V26', 'V27', 'V28', 'Time_sin', 'Time_cos']"
CostSensitiveLearning_with_RandomUnderSampler___RandomizedSearchCV__niter_30__cv_5,5,4,RandomForestClassifier,resubstitution,355,22102,32,71,0.9954343971631205,0.917312661498708,0.8333333333333334,0.8733087330873309,0.998554260413843,0.0014457395861570133,0.9159437968735882,0.9122108036769073,0.872030527877744,0.8709894914131794,0.9669651368043809,0.8622611766763861,22560,0.873079137085306,0.006458380505466077,0.8765264332986383,0.017194079236087335,"{'classifier__ccp_alpha': np.float64(0.008521411945830268), 'classifier__max_depth': 9, 'classifier__max_features': 'log2', 'classifier__max_leaf_nodes': 7, 'classifier__max_samples': np.float64(0.7307090652623709), 'classifier__min_impurity_decrease': np.float64(0.09732599323652671), 'classifier__min_samples_leaf': 4, 'classifier__min_samples_split': 2, 'classifier__n_estimators': 946, 'feature_selection_filter__k': 'all'}",28.589228630065918,"[0, 1, 2, 3, 4, 5, 6, 7, 8, 9, 10, 11, 12, 13, 14, 15, 16, 17, 18, 19, 20, 21, 22, 23, 24, 25, 26, 27, 28, 29, 30]","['Amount_log1p', 'V1', 'V2', 'V3', 'V4', 'V5', 'V6', 'V7', 'V8', 'V9', 'V10', 'V11', 'V12', 'V13', 'V14', 'V15', 'V16', 'V17', 'V18', 'V19', 'V20', 'V21', 'V22', 'V23', 'V24', 'V25', 'V26', 'V27', 'V28', 'Time_sin', 'Time_cos']"
CostSensitiveLearning_with_RandomUnderSampler___RandomizedSearchCV__niter_30__cv_5,5,5,RandomForestClassifier,resubstitution,356,22097,38,69,0.9952570921985816,0.9035532994923858,0.8376470588235294,0.8693528693528694,0.9982832618025751,0.0017167381974249052,0.9179651603130523,0.9144446610493642,0.86758599128259,0.8669410982629009,0.9656574761822506,0.8621234200134079,22560,0.8720225539966637,0.008904001610455636,0.8680353775808849,0.022668432005670928,"{'classifier__ccp_alpha': np.float64(0.0063437340935191145), 'classifier__max_depth': 14, 'classifier__max_features': 'sqrt', 'classifier__max_leaf_nodes': 2, 'classifier__max_samples': np.float64(0.7441565091987304), 'classifier__min_impurity_decrease': np.float64(0.017493951370659077), 'classifier__min_samples_leaf': 5, 'classifier__min_samples_split': 9, 'classifier__n_estimators': 501, 'feature_selection_filter__k': 26}",23.04422616958618,"[0, 1, 2, 3, 4, 5, 6, 7, 8, 9, 10, 11, 12, 14, 16, 17, 18, 19, 20, 21, 23, 24, 27, 28, 29, 30]","['Amount_log1p', 'V1', 'V2', 'V3', 'V4', 'V5', 'V6', 'V7', 'V8', 'V9', 'V10', 'V11', 'V12', 'V14', 'V16', 'V17', 'V18', 'V19', 'V20', 'V21', 'V23', 'V24', 'V27', 'V28', 'Time_sin', 'Time_cos']"
CostSensitiveLearning_with_RandomUnderSampler___RandomizedSearchCV__niter_30__cv_5,5,6,RandomForestClassifier,resubstitution,352,22101,34,73,0.9952570921985816,0.9119170984455959,0.8282352941176471,0.8680641183723797,0.9984639710865145,0.0015360289134854765,0.9133496326020808,0.9093751155374296,0.8666946303201082,0.8656549454977331,0.962248023492207,0.8601363799421647,22560,0.8633346305886404,0.013377249251515426,0.8644777781040434,0.02339513522002465,"{'classifier__ccp_alpha': np.float64(0.008469102492325934), 'classifier__max_depth': 5, 'classifier__max_features': 'sqrt', 'classifier__max_leaf_nodes': 2, 'classifier__max_samples': np.float64(0.5703191246373471), 'classifier__min_impurity_decrease': np.float64(0.06446954280770463), 'classifier__min_samples_leaf': 5, 'classifier__min_samples_split': 3, 'classifier__n_estimators': 467, 'feature_selection_filter__k': 20}",18.9395694732666,"[1, 2, 3, 4, 5, 6, 7, 8, 9, 10, 11, 12, 14, 16, 17, 18, 19, 20, 21, 27]","['V1', 'V2', 'V3', 'V4', 'V5', 'V6', 'V7', 'V8', 'V9', 'V10', 'V11', 'V12', 'V14', 'V16', 'V17', 'V18', 'V19', 'V20', 'V21', 'V27']"
CostSensitiveLearning_with_RandomUnderSampler___RandomizedSearchCV__niter_30__cv_5,5,7,RandomForestClassifier,resubstitution,356,22098,37,69,0.9953014184397163,0.905852417302799,0.8376470588235294,0.8704156479217604,0.99832843912356,0.001671560876440048,0.9179877489735446,0.9144653524173209,0.8687164412550997,0.868026708565052,0.9698483902257536,0.8653858670814137,22560,0.8754646607454862,0.005792294047402908,0.8731703556354514,0.014702427652491464,"{'classifier__ccp_alpha': np.float64(0.009338417600142148), 'classifier__max_depth': 6, 'classifier__max_features': 'log2', 'classifier__max_leaf_nodes': 19, 'classifier__max_samples': np.float64(0.7618942440920244), 'classifier__min_impurity_decrease': np.float64(0.09360024333323519), 'classifier__min_samples_leaf': 2, 'classifier__min_samples_split': 7, 'classifier__n_estimators': 375, 'feature_selection_filter__k': 'all'}",24.60083556175232,"[0, 1, 2, 3, 4, 5, 6, 7, 8, 9, 10, 11, 12, 13, 14, 15, 16, 17, 18, 19, 20, 21, 22, 23, 24, 25, 26, 27, 28, 29, 30]","['Amount_log1p', 'V1', 'V2', 'V3', 'V4', 'V5', 'V6', 'V7', 'V8', 'V9', 'V10', 'V11', 'V12', 'V13', 'V14', 'V15', 'V16', 'V17', 'V18', 'V19', 'V20', 'V21', 'V22', 'V23', 'V24', 'V25', 'V26', 'V27', 'V28', 'Time_sin', 'Time_cos']"
CostSensitiveLearning_with_RandomUnderSampler___RandomizedSearchCV__niter_30__cv_5,5,8,RandomForestClassifier,resubstitution,357,22098,37,69,0.9953016267009441,0.9060913705583756,0.8380281690140845,0.8707317073170732,0.99832843912356,0.001671560876440048,0.9181783040688223,0.9146733591361487,0.8690294291527477,0.868342749956343,0.9689804136164022,0.8595943018606289,22561,0.8745263765985385,0.008255763153489342,0.8736903794070117,0.01922817850224645,"{'classifier__ccp_alpha': np.float64(0.00012343959188117592), 'classifier__max_depth': 11, 'classifier__max_features': 'log2', 'classifier__max_leaf_nodes': 17, 'classifier__max_samples': np.float64(0.5186952550137274), 'classifier__min_impurity_decrease': np.float64(0.08801444775086942), 'classifier__min_samples_leaf': 4, 'classifier__min_samples_split': 6, 'classifier__n_estimators': 890, 'feature_selection_filter__k': 'all'}",26.021686792373657,"[0, 1, 2, 3, 4, 5, 6, 7, 8, 9, 10, 11, 12, 13, 14, 15, 16, 17, 18, 19, 20, 21, 22, 23, 24, 25, 26, 27, 28, 29, 30]","['Amount_log1p', 'V1', 'V2', 'V3', 'V4', 'V5', 'V6', 'V7', 'V8', 'V9', 'V10', 'V11', 'V12', 'V13', 'V14', 'V15', 'V16', 'V17', 'V18', 'V19', 'V20', 'V21', 'V22', 'V23', 'V24', 'V25', 'V26', 'V27', 'V28', 'Time_sin', 'Time_cos']"
CostSensitiveLearning_with_RandomUnderSampler___RandomizedSearchCV__niter_30__cv_5,5,9,RandomForestClassifier,resubstitution,355,22106,29,71,0.9955675723593812,0.9244791666666666,0.8333333333333334,0.8765432098765432,0.9986898576914389,0.0013101423085610797,0.9160115955123862,0.9122727377688096,0.8755137757284512,0.8742926629060889,0.9619737398868021,0.8537951430580375,22561,0.8784495499627903,0.007655270882741609,0.8773041334748196,0.0177995961120854,"{'classifier__ccp_alpha': np.float64(0.008114740145389477), 'classifier__max_depth': 4, 'classifier__max_features': 'sqrt', 'classifier__max_leaf_nodes': 2, 'classifier__max_samples': np.float64(0.8944869000890184), 'classifier__min_impurity_decrease': np.float64(0.08197979088415523), 'classifier__min_samples_leaf': 3, 'classifier__min_samples_split': 5, 'classifier__n_estimators': 741, 'feature_selection_filter__k': 'all'}",23.984965562820435,"[0, 1, 2, 3, 4, 5, 6, 7, 8, 9, 10, 11, 12, 13, 14, 15, 16, 17, 18, 19, 20, 21, 22, 23, 24, 25, 26, 27, 28, 29, 30]","['Amount_log1p', 'V1', 'V2', 'V3', 'V4', 'V5', 'V6', 'V7', 'V8', 'V9', 'V10', 'V11', 'V12', 'V13', 'V14', 'V15', 'V16', 'V17', 'V18', 'V19', 'V20', 'V21', 'V22', 'V23', 'V24', 'V25', 'V26', 'V27', 'V28', 'Time_sin', 'Time_cos']"
CostSensitiveLearning_with_RandomUnderSampler___RandomizedSearchCV__niter_30__cv_5,5,10,RandomForestClassifier,resubstitution,355,22102,33,71,0.9953902752537565,0.9149484536082474,0.8333333333333334,0.8722358722358723,0.9985091484074994,0.0014908515925006194,0.9159212408704164,0.9121901978240335,0.8708784964792756,0.8698938753619675,0.9653273075695344,0.8586052735810811,22561,0.8707029488849379,0.00933805559372832,0.8690999705949183,0.009317836224029626,"{'classifier__ccp_alpha': np.float64(0.00522989195301144), 'classifier__max_depth': 10, 'classifier__max_features': 'log2', 'classifier__max_leaf_nodes': 15, 'classifier__max_samples': np.float64(0.8580530872489741), 'classifier__min_impurity_decrease': np.float64(0.09859564346819984), 'classifier__min_samples_leaf': 3, 'classifier__min_samples_split': 2, 'classifier__n_estimators': 802, 'feature_selection_filter__k': 'all'}",23.026426076889038,"[0, 1, 2, 3, 4, 5, 6, 7, 8, 9, 10, 11, 12, 13, 14, 15, 16, 17, 18, 19, 20, 21, 22, 23, 24, 25, 26, 27, 28, 29, 30]","['Amount_log1p', 'V1', 'V2', 'V3', 'V4', 'V5', 'V6', 'V7', 'V8', 'V9', 'V10', 'V11', 'V12', 'V13', 'V14', 'V15', 'V16', 'V17', 'V18', 'V19', 'V20', 'V21', 'V22', 'V23', 'V24', 'V25', 'V26', 'V27', 'V28', 'Time_sin', 'Time_cos']"
CostSensitiveLearning_with_RandomUnderSampler___RandomizedSearchCV__niter_30__cv_5,6,1,RandomForestClassifier,resubstitution,354,22097,37,72,0.9951684397163121,0.9053708439897699,0.8309859154929577,0.8665850673194615,0.998328363603506,0.0016716363964940362,0.9146571395482319,0.9108220513314583,0.8649529118810695,0.8641293357176341,0.96610869093965,0.8640419343718985,22560,0.8651616596480087,0.010196214967014774,0.8654767851895386,0.017525650092529772,"{'classifier__ccp_alpha': np.float64(0.0005257465618112822), 'classifier__max_depth': 3, 'classifier__max_features': 'sqrt', 'classifier__max_leaf_nodes': 16, 'classifier__max_samples': np.float64(0.7290970787194649), 'classifier__min_impurity_decrease': np.float64(0.0981650481096662), 'classifier__min_samples_leaf': 7, 'classifier__min_samples_split': 3, 'classifier__n_estimators': 731, 'feature_selection_filter__k': 'all'}",23.536951541900635,"[0, 1, 2, 3, 4, 5, 6, 7, 8, 9, 10, 11, 12, 13, 14, 15, 16, 17, 18, 19, 20, 21, 22, 23, 24, 25, 26, 27, 28, 29, 30]","['Amount_log1p', 'V1', 'V2', 'V3', 'V4', 'V5', 'V6', 'V7', 'V8', 'V9', 'V10', 'V11', 'V12', 'V13', 'V14', 'V15', 'V16', 'V17', 'V18', 'V19', 'V20', 'V21', 'V22', 'V23', 'V24', 'V25', 'V26', 'V27', 'V28', 'Time_sin', 'Time_cos']"
CostSensitiveLearning_with_RandomUnderSampler___RandomizedSearchCV__niter_30__cv_5,6,2,RandomForestClassifier,resubstitution,342,22110,24,84,0.9952127659574468,0.9344262295081968,0.8028169014084507,0.8636363636363636,0.9989156953103823,0.0010843046896177322,0.9008662983594165,0.8955146024925273,0.8637856010136459,0.8612142115991125,0.9647514010904983,0.8488835231732853,22560,0.8571461969372599,0.008626664412972109,0.8567247463713483,0.017761637222208755,"{'classifier__ccp_alpha': np.float64(1.1560518996178715e-05), 'classifier__max_depth': 3, 'classifier__max_features': 'log2', 'classifier__max_leaf_nodes': 2, 'classifier__max_samples': np.float64(0.5388973551468338), 'classifier__min_impurity_decrease': np.float64(0.009072475269351288), 'classifier__min_samples_leaf': 8, 'classifier__min_samples_split': 7, 'classifier__n_estimators': 100, 'feature_selection_filter__k': 28}",19.838457584381104,"[0, 1, 2, 3, 4, 5, 6, 7, 8, 9, 10, 11, 12, 13, 14, 16, 17, 18, 19, 20, 21, 22, 23, 24, 27, 28, 29, 30]","['Amount_log1p', 'V1', 'V2', 'V3', 'V4', 'V5', 'V6', 'V7', 'V8', 'V9', 'V10', 'V11', 'V12', 'V13', 'V14', 'V16', 'V17', 'V18', 'V19', 'V20', 'V21', 'V22', 'V23', 'V24', 'V27', 'V28', 'Time_sin', 'Time_cos']"
CostSensitiveLearning_with_RandomUnderSampler___RandomizedSearchCV__niter_30__cv_5,6,3,RandomForestClassifier,resubstitution,358,22101,33,68,0.9955230496453901,0.9156010230179028,0.8403755868544601,0.8763769889840881,0.9985090810517756,0.0014909189482243956,0.9194423339531179,0.9160363829938162,0.8749345748977307,0.8741014945640463,0.9692925102798957,0.8652265310508597,22560,0.8820635778241854,0.004897070292537923,0.8827640425376698,0.011114434904195175,"{'classifier__ccp_alpha': np.float64(0.005090980347943435), 'classifier__max_depth': 7, 'classifier__max_features': 'log2', 'classifier__max_leaf_nodes': 6, 'classifier__max_samples': np.float64(0.6072437205391934), 'classifier__min_impurity_decrease': np.float64(0.09396670794792612), 'classifier__min_samples_leaf': 4, 'classifier__min_samples_split': 4, 'classifier__n_estimators': 874, 'feature_selection_filter__k': 'all'}",23.73846936225891,"[0, 1, 2, 3, 4, 5, 6, 7, 8, 9, 10, 11, 12, 13, 14, 15, 16, 17, 18, 19, 20, 21, 22, 23, 24, 25, 26, 27, 28, 29, 30]","['Amount_log1p', 'V1', 'V2', 'V3', 'V4', 'V5', 'V6', 'V7', 'V8', 'V9', 'V10', 'V11', 'V12', 'V13', 'V14', 'V15', 'V16', 'V17', 'V18', 'V19', 'V20', 'V21', 'V22', 'V23', 'V24', 'V25', 'V26', 'V27', 'V28', 'Time_sin', 'Time_cos']"
CostSensitiveLearning_with_RandomUnderSampler___RandomizedSearchCV__niter_30__cv_5,6,4,RandomForestClassifier,resubstitution,360,22108,26,66,0.9959219858156029,0.9326424870466321,0.8450704225352113,0.8866995073891626,0.9988253365862474,0.001174663413752608,0.9219478795607293,0.9187370403046863,0.8857433141372617,0.8846282636740455,0.9673072697199432,0.8715136766128212,22560,0.8869767393904517,0.003424063806249086,0.8876616213601078,0.018320364935773697,"{'classifier__ccp_alpha': np.float64(0.004813621412114959), 'classifier__max_depth': 13, 'classifier__max_features': 'log2', 'classifier__max_leaf_nodes': 2, 'classifier__max_samples': np.float64(0.8517315910205872), 'classifier__min_impurity_decrease': np.float64(0.030732587048174567), 'classifier__min_samples_leaf': 9, 'classifier__min_samples_split': 3, 'classifier__n_estimators': 344, 'feature_selection_filter__k': 'all'}",23.093135356903076,"[0, 1, 2, 3, 4, 5, 6, 7, 8, 9, 10, 11, 12, 13, 14, 15, 16, 17, 18, 19, 20, 21, 22, 23, 24, 25, 26, 27, 28, 29, 30]","['Amount_log1p', 'V1', 'V2', 'V3', 'V4', 'V5', 'V6', 'V7', 'V8', 'V9', 'V10', 'V11', 'V12', 'V13', 'V14', 'V15', 'V16', 'V17', 'V18', 'V19', 'V20', 'V21', 'V22', 'V23', 'V24', 'V25', 'V26', 'V27', 'V28', 'Time_sin', 'Time_cos']"
CostSensitiveLearning_with_RandomUnderSampler___RandomizedSearchCV__niter_30__cv_5,6,5,RandomForestClassifier,resubstitution,357,22094,41,68,0.9951684397163121,0.8969849246231156,0.84,0.8675577156743621,0.9981477298396205,0.0018522701603794767,0.9190738649198102,0.9156659287454575,0.8655831426900722,0.8650997499530957,0.9696980826213477,0.8666044381412532,22560,0.8706005014055789,0.0037036545055748925,0.8713750017758457,0.025315537461312626,"{'classifier__ccp_alpha': np.float64(0.007864395856814737), 'classifier__max_depth': 19, 'classifier__max_features': 'log2', 'classifier__max_leaf_nodes': 2, 'classifier__max_samples': np.float64(0.5762092837597568), 'classifier__min_impurity_decrease': np.float64(0.02684868566729939), 'classifier__min_samples_leaf': 5, 'classifier__min_samples_split': 7, 'classifier__n_estimators': 558, 'feature_selection_filter__k': 28}",23.083188772201538,"[0, 1, 2, 3, 4, 5, 6, 7, 8, 9, 10, 11, 12, 14, 15, 16, 17, 18, 19, 20, 21, 22, 24, 25, 26, 27, 28, 29]","['Amount_log1p', 'V1', 'V2', 'V3', 'V4', 'V5', 'V6', 'V7', 'V8', 'V9', 'V10', 'V11', 'V12', 'V14', 'V15', 'V16', 'V17', 'V18', 'V19', 'V20', 'V21', 'V22', 'V24', 'V25', 'V26', 'V27', 'V28', 'Time_sin']"
CostSensitiveLearning_with_RandomUnderSampler___RandomizedSearchCV__niter_30__cv_5,6,6,RandomForestClassifier,resubstitution,352,22104,31,73,0.9953900709219858,0.9190600522193212,0.8282352941176471,0.8712871287128713,0.9985995030494692,0.001400496950530794,0.9134173985835581,0.9094368329432855,0.8701661570708119,0.8689465914238619,0.9658936738463174,0.8551971418897022,22560,0.8744641267848717,0.002092941250491116,0.8735453815873411,0.01668375475361682,"{'classifier__ccp_alpha': np.float64(0.0034907969368337933), 'classifier__max_depth': 14, 'classifier__max_features': 'log2', 'classifier__max_leaf_nodes': 2, 'classifier__max_samples': np.float64(0.5736152117740436), 'classifier__min_impurity_decrease': np.float64(0.0652674375463989), 'classifier__min_samples_leaf': 2, 'classifier__min_samples_split': 4, 'classifier__n_estimators': 586, 'feature_selection_filter__k': 'all'}",23.490238666534424,"[0, 1, 2, 3, 4, 5, 6, 7, 8, 9, 10, 11, 12, 13, 14, 15, 16, 17, 18, 19, 20, 21, 22, 23, 24, 25, 26, 27, 28, 29, 30]","['Amount_log1p', 'V1', 'V2', 'V3', 'V4', 'V5', 'V6', 'V7', 'V8', 'V9', 'V10', 'V11', 'V12', 'V13', 'V14', 'V15', 'V16', 'V17', 'V18', 'V19', 'V20', 'V21', 'V22', 'V23', 'V24', 'V25', 'V26', 'V27', 'V28', 'Time_sin', 'Time_cos']"
CostSensitiveLearning_with_RandomUnderSampler___RandomizedSearchCV__niter_30__cv_5,6,7,RandomForestClassifier,resubstitution,348,22106,29,77,0.9953014184397163,0.9230769230769231,0.8188235294117647,0.8678304239401496,0.9986898576914389,0.0013101423085610797,0.9087566935516018,0.9042957226829269,0.8670582734326434,0.8654473413392585,0.9642355067168047,0.8503353727208159,22560,0.8692615204353012,0.010957072894285519,0.8671683976746329,0.021920569075317992,"{'classifier__ccp_alpha': np.float64(0.003866684394740194), 'classifier__max_depth': 7, 'classifier__max_features': 'log2', 'classifier__max_leaf_nodes': 2, 'classifier__max_samples': np.float64(0.6311615828799539), 'classifier__min_impurity_decrease': np.float64(0.03700100562944273), 'classifier__min_samples_leaf': 9, 'classifier__min_samples_split': 6, 'classifier__n_estimators': 645, 'feature_selection_filter__k': 'all'}",26.971173524856567,"[0, 1, 2, 3, 4, 5, 6, 7, 8, 9, 10, 11, 12, 13, 14, 15, 16, 17, 18, 19, 20, 21, 22, 23, 24, 25, 26, 27, 28, 29, 30]","['Amount_log1p', 'V1', 'V2', 'V3', 'V4', 'V5', 'V6', 'V7', 'V8', 'V9', 'V10', 'V11', 'V12', 'V13', 'V14', 'V15', 'V16', 'V17', 'V18', 'V19', 'V20', 'V21', 'V22', 'V23', 'V24', 'V25', 'V26', 'V27', 'V28', 'Time_sin', 'Time_cos']"
CostSensitiveLearning_with_RandomUnderSampler___RandomizedSearchCV__niter_30__cv_5,6,8,RandomForestClassifier,resubstitution,352,22099,36,74,0.9951243295953194,0.9072164948453608,0.8262910798122066,0.8648648648648649,0.9983736164445448,0.0016263835554551909,0.9123323481283757,0.9082660478009628,0.8633638778253379,0.8623877527866963,0.962739580317535,0.8619762427099739,22561,0.8614582633468482,0.006825486584133647,0.865908225817642,0.004964090301937781,"{'classifier__ccp_alpha': np.float64(0.009743338488569819), 'classifier__max_depth': 8, 'classifier__max_features': 'sqrt', 'classifier__max_leaf_nodes': 3, 'classifier__max_samples': np.float64(0.5221525202146275), 'classifier__min_impurity_decrease': np.float64(0.09546692600604026), 'classifier__min_samples_leaf': 1, 'classifier__min_samples_split': 8, 'classifier__n_estimators': 374, 'feature_selection_filter__k': 20}",23.2896249294281,"[1, 2, 3, 4, 5, 6, 7, 8, 9, 10, 11, 12, 14, 16, 17, 18, 19, 20, 21, 27]","['V1', 'V2', 'V3', 'V4', 'V5', 'V6', 'V7', 'V8', 'V9', 'V10', 'V11', 'V12', 'V14', 'V16', 'V17', 'V18', 'V19', 'V20', 'V21', 'V27']"
CostSensitiveLearning_with_RandomUnderSampler___RandomizedSearchCV__niter_30__cv_5,6,9,RandomForestClassifier,resubstitution,353,22104,31,73,0.9953902752537565,0.9192708333333334,0.8286384976525821,0.8716049382716049,0.9985995030494692,0.001400496950530794,0.9136190003510256,0.9096581731417177,0.8704784592947055,0.8692643694223324,0.967864236847938,0.8547995796227276,22561,0.8745765167419679,0.0010680694500105011,0.8712842921634449,0.008077617457325267,"{'classifier__ccp_alpha': np.float64(0.0038149611848120224), 'classifier__max_depth': 11, 'classifier__max_features': 'log2', 'classifier__max_leaf_nodes': 2, 'classifier__max_samples': np.float64(0.5329058095728096), 'classifier__min_impurity_decrease': np.float64(0.06356367098253986), 'classifier__min_samples_leaf': 3, 'classifier__min_samples_split': 5, 'classifier__n_estimators': 846, 'feature_selection_filter__k': 'all'}",27.626654624938965,"[0, 1, 2, 3, 4, 5, 6, 7, 8, 9, 10, 11, 12, 13, 14, 15, 16, 17, 18, 19, 20, 21, 22, 23, 24, 25, 26, 27, 28, 29, 30]","['Amount_log1p', 'V1', 'V2', 'V3', 'V4', 'V5', 'V6', 'V7', 'V8', 'V9', 'V10', 'V11', 'V12', 'V13', 'V14', 'V15', 'V16', 'V17', 'V18', 'V19', 'V20', 'V21', 'V22', 'V23', 'V24', 'V25', 'V26', 'V27', 'V28', 'Time_sin', 'Time_cos']"
CostSensitiveLearning_with_RandomUnderSampler___RandomizedSearchCV__niter_30__cv_5,6,10,RandomForestClassifier,resubstitution,357,22097,38,69,0.9952573024245379,0.9037974683544304,0.8380281690140845,0.8696711327649208,0.9982832618025751,0.0017167381974249052,0.9181557154083297,0.9146526630616783,0.8679013886967311,0.8672593446809012,0.9661999403998724,0.8654732392874577,22561,0.8683640733769096,0.005590271081925532,0.8645461925656784,0.013862387905380344,"{'classifier__ccp_alpha': np.float64(0.007809360890062031), 'classifier__max_depth': 6, 'classifier__max_features': 'log2', 'classifier__max_leaf_nodes': 13, 'classifier__max_samples': np.float64(0.5984716850410976), 'classifier__min_impurity_decrease': np.float64(0.07804441054907696), 'classifier__min_samples_leaf': 2, 'classifier__min_samples_split': 5, 'classifier__n_estimators': 918, 'feature_selection_filter__k': 'all'}",27.5398530960083,"[0, 1, 2, 3, 4, 5, 6, 7, 8, 9, 10, 11, 12, 13, 14, 15, 16, 17, 18, 19, 20, 21, 22, 23, 24, 25, 26, 27, 28, 29, 30]","['Amount_log1p', 'V1', 'V2', 'V3', 'V4', 'V5', 'V6', 'V7', 'V8', 'V9', 'V10', 'V11', 'V12', 'V13', 'V14', 'V15', 'V16', 'V17', 'V18', 'V19', 'V20', 'V21', 'V22', 'V23', 'V24', 'V25', 'V26', 'V27', 'V28', 'Time_sin', 'Time_cos']"
CostSensitiveLearning_with_RandomUnderSampler___RandomizedSearchCV__niter_30__cv_5,7,1,RandomForestClassifier,resubstitution,353,22095,39,73,0.9950354609929078,0.9005102040816326,0.8286384976525821,0.863080684596577,0.9982380048793711,0.001761995120628912,0.9134382512659767,0.9094935077629488,0.8613290862250992,0.8605570301614296,0.9633779378781651,0.851745670859686,22560,0.8617420733843579,0.015635784844930136,0.8682356490904374,0.03190549179226368,"{'classifier__ccp_alpha': np.float64(0.008198369175218495), 'classifier__max_depth': 8, 'classifier__max_features': 'log2', 'classifier__max_leaf_nodes': 2, 'classifier__max_samples': np.float64(0.5251392852485331), 'classifier__min_impurity_decrease': np.float64(0.08057856289057647), 'classifier__min_samples_leaf': 4, 'classifier__min_samples_split': 7, 'classifier__n_estimators': 202, 'feature_selection_filter__k': 26}",19.40717577934265,"[0, 1, 2, 3, 4, 5, 6, 7, 8, 9, 10, 11, 12, 13, 14, 16, 17, 18, 19, 20, 21, 23, 24, 27, 28, 29]","['Amount_log1p', 'V1', 'V2', 'V3', 'V4', 'V5', 'V6', 'V7', 'V8', 'V9', 'V10', 'V11', 'V12', 'V13', 'V14', 'V16', 'V17', 'V18', 'V19', 'V20', 'V21', 'V23', 'V24', 'V27', 'V28', 'Time_sin']"
CostSensitiveLearning_with_RandomUnderSampler___RandomizedSearchCV__niter_30__cv_5,7,2,RandomForestClassifier,resubstitution,353,22101,33,73,0.9953014184397163,0.9145077720207254,0.8286384976525821,0.8694581280788177,0.9985090810517756,0.0014909189482243956,0.9135737893521789,0.90961698797637,0.8681646159768924,0.8670716951027047,0.9657090232730983,0.8525891288045122,22560,0.866754795703341,0.006175398854045525,0.868926649198532,0.01779594083088921,"{'classifier__ccp_alpha': np.float64(0.0018827309182394847), 'classifier__max_depth': 15, 'classifier__max_features': 'sqrt', 'classifier__max_leaf_nodes': 2, 'classifier__max_samples': np.float64(0.653022071599387), 'classifier__min_impurity_decrease': np.float64(0.05891815185708169), 'classifier__min_samples_leaf': 9, 'classifier__min_samples_split': 6, 'classifier__n_estimators': 682, 'feature_selection_filter__k': 28}",24.296045780181885,"[0, 1, 2, 3, 4, 5, 6, 7, 8, 9, 10, 11, 12, 13, 14, 15, 16, 17, 18, 19, 20, 21, 23, 24, 25, 27, 28, 29]","['Amount_log1p', 'V1', 'V2', 'V3', 'V4', 'V5', 'V6', 'V7', 'V8', 'V9', 'V10', 'V11', 'V12', 'V13', 'V14', 'V15', 'V16', 'V17', 'V18', 'V19', 'V20', 'V21', 'V23', 'V24', 'V25', 'V27', 'V28', 'Time_sin']"
CostSensitiveLearning_with_RandomUnderSampler___RandomizedSearchCV__niter_30__cv_5,7,3,RandomForestClassifier,resubstitution,361,22103,31,65,0.9957446808510638,0.9209183673469388,0.8474178403755869,0.882640586797066,0.9985994397759104,0.0014005602240896309,0.9230086400757487,0.9199081370741172,0.8812673822659188,0.8804774544240825,0.9643927766472331,0.8621103223547945,22560,0.8845078986053171,0.004153368643111643,0.8806246670207656,0.026141725806793373,"{'classifier__ccp_alpha': np.float64(0.004608727584289144), 'classifier__max_depth': 18, 'classifier__max_features': 'log2', 'classifier__max_leaf_nodes': 2, 'classifier__max_samples': np.float64(0.7088210406821056), 'classifier__min_impurity_decrease': np.float64(0.09399634590927909), 'classifier__min_samples_leaf': 6, 'classifier__min_samples_split': 3, 'classifier__n_estimators': 800, 'feature_selection_filter__k': 26}",26.012137174606323,"[0, 1, 2, 3, 4, 5, 6, 7, 8, 9, 10, 11, 12, 14, 16, 17, 18, 19, 20, 21, 22, 24, 27, 28, 29, 30]","['Amount_log1p', 'V1', 'V2', 'V3', 'V4', 'V5', 'V6', 'V7', 'V8', 'V9', 'V10', 'V11', 'V12', 'V14', 'V16', 'V17', 'V18', 'V19', 'V20', 'V21', 'V22', 'V24', 'V27', 'V28', 'Time_sin', 'Time_cos']"
CostSensitiveLearning_with_RandomUnderSampler___RandomizedSearchCV__niter_30__cv_5,7,4,RandomForestClassifier,resubstitution,355,22100,34,71,0.995345744680851,0.9125964010282777,0.8333333333333334,0.8711656441717791,0.9984639016897081,0.001536098310291889,0.9158986175115207,0.9121695299713153,0.8697306657804956,0.8688006827149884,0.9666981437433371,0.8615666374987861,22560,0.8680118110770231,0.010363967640754077,0.8688089745827983,0.01476666777335609,"{'classifier__ccp_alpha': np.float64(0.0008373992389638219), 'classifier__max_depth': 12, 'classifier__max_features': 'sqrt', 'classifier__max_leaf_nodes': 2, 'classifier__max_samples': np.float64(0.5422747341276338), 'classifier__min_impurity_decrease': np.float64(0.053564004402175396), 'classifier__min_samples_leaf': 2, 'classifier__min_samples_split': 8, 'classifier__n_estimators': 403, 'feature_selection_filter__k': 22}",22.445563077926636,"[1, 2, 3, 4, 5, 6, 7, 8, 9, 10, 11, 12, 14, 16, 17, 18, 19, 20, 21, 23, 27, 29]","['V1', 'V2', 'V3', 'V4', 'V5', 'V6', 'V7', 'V8', 'V9', 'V10', 'V11', 'V12', 'V14', 'V16', 'V17', 'V18', 'V19', 'V20', 'V21', 'V23', 'V27', 'Time_sin']"
CostSensitiveLearning_with_RandomUnderSampler___RandomizedSearchCV__niter_30__cv_5,7,5,RandomForestClassifier,resubstitution,353,22096,39,72,0.9950797872340426,0.9005102040816326,0.8305882352941176,0.8641370869033048,0.9982380844815902,0.0017619155184097623,0.914413159887854,0.9105629077625249,0.8623656954547402,0.8616357761383378,0.9671829814374361,0.8677038163846201,22560,0.8665092853430598,0.005998935559125144,0.8628937339948901,0.017233783265238722,"{'classifier__ccp_alpha': np.float64(0.009276600879872697), 'classifier__max_depth': 13, 'classifier__max_features': 'log2', 'classifier__max_leaf_nodes': 16, 'classifier__max_samples': np.float64(0.7538488798379986), 'classifier__min_impurity_decrease': np.float64(0.0821962452975457), 'classifier__min_samples_leaf': 9, 'classifier__min_samples_split': 5, 'classifier__n_estimators': 737, 'feature_selection_filter__k': 'all'}",22.98182702064514,"[0, 1, 2, 3, 4, 5, 6, 7, 8, 9, 10, 11, 12, 13, 14, 15, 16, 17, 18, 19, 20, 21, 22, 23, 24, 25, 26, 27, 28, 29, 30]","['Amount_log1p', 'V1', 'V2', 'V3', 'V4', 'V5', 'V6', 'V7', 'V8', 'V9', 'V10', 'V11', 'V12', 'V13', 'V14', 'V15', 'V16', 'V17', 'V18', 'V19', 'V20', 'V21', 'V22', 'V23', 'V24', 'V25', 'V26', 'V27', 'V28', 'Time_sin', 'Time_cos']"
CostSensitiveLearning_with_RandomUnderSampler___RandomizedSearchCV__niter_30__cv_5,7,6,RandomForestClassifier,resubstitution,355,22095,40,70,0.9951241134751773,0.8987341772151899,0.8352941176470589,0.8658536585365854,0.9981929071606054,0.0018070928393946195,0.9167435124038321,0.9131180994965933,0.8639739656128158,0.8633739735567858,0.9678753637438712,0.8579160282528925,22560,0.8714315036056183,0.0067127124193702,0.8762708348053387,0.022002547453837923,"{'classifier__ccp_alpha': np.float64(0.0075770137226231354), 'classifier__max_depth': 18, 'classifier__max_features': 'sqrt', 'classifier__max_leaf_nodes': 2, 'classifier__max_samples': np.float64(0.5188118687127857), 'classifier__min_impurity_decrease': np.float64(0.054493347506475776), 'classifier__min_samples_leaf': 5, 'classifier__min_samples_split': 5, 'classifier__n_estimators': 322, 'feature_selection_filter__k': 24}",22.82552194595337,"[0, 1, 2, 3, 4, 5, 6, 7, 8, 9, 10, 11, 12, 14, 16, 17, 18, 19, 20, 21, 23, 27, 28, 29]","['Amount_log1p', 'V1', 'V2', 'V3', 'V4', 'V5', 'V6', 'V7', 'V8', 'V9', 'V10', 'V11', 'V12', 'V14', 'V16', 'V17', 'V18', 'V19', 'V20', 'V21', 'V23', 'V27', 'V28', 'Time_sin']"
CostSensitiveLearning_with_RandomUnderSampler___RandomizedSearchCV__niter_30__cv_5,7,7,RandomForestClassifier,resubstitution,352,22102,33,73,0.9953014184397163,0.9142857142857143,0.8282352941176471,0.8691358024691358,0.9985091484074994,0.0014908515925006194,0.9133722212625732,0.9093956884714411,0.8678473334575201,0.8667495061669922,0.9635441874061574,0.8528101293053774,22560,0.8669776208761716,0.006588197141807887,0.8668260280052815,0.015514300269495396,"{'classifier__ccp_alpha': np.float64(0.0073268932084952455), 'classifier__max_depth': 11, 'classifier__max_features': 'log2', 'classifier__max_leaf_nodes': 2, 'classifier__max_samples': np.float64(0.6888162881822226), 'classifier__min_impurity_decrease': np.float64(0.0663396097957415), 'classifier__min_samples_leaf': 9, 'classifier__min_samples_split': 6, 'classifier__n_estimators': 313, 'feature_selection_filter__k': 'all'}",20.377707719802856,"[0, 1, 2, 3, 4, 5, 6, 7, 8, 9, 10, 11, 12, 13, 14, 15, 16, 17, 18, 19, 20, 21, 22, 23, 24, 25, 26, 27, 28, 29, 30]","['Amount_log1p', 'V1', 'V2', 'V3', 'V4', 'V5', 'V6', 'V7', 'V8', 'V9', 'V10', 'V11', 'V12', 'V13', 'V14', 'V15', 'V16', 'V17', 'V18', 'V19', 'V20', 'V21', 'V22', 'V23', 'V24', 'V25', 'V26', 'V27', 'V28', 'Time_sin', 'Time_cos']"
CostSensitiveLearning_with_RandomUnderSampler___RandomizedSearchCV__niter_30__cv_5,7,8,RandomForestClassifier,resubstitution,357,22108,27,69,0.995744869465006,0.9296875,0.8380281690140845,0.8814814814814815,0.9987802123334086,0.0012197876665913654,0.9184041906737466,0.9148802941310218,0.880549092162197,0.8793209563898453,0.9695633707371858,0.877709097189206,22561,0.8842563720121148,0.005804570352429324,0.8847364077462384,0.029441267139724232,"{'classifier__ccp_alpha': np.float64(0.009281707160232293), 'classifier__max_depth': 15, 'classifier__max_features': 'sqrt', 'classifier__max_leaf_nodes': 2, 'classifier__max_samples': np.float64(0.6539425048631274), 'classifier__min_impurity_decrease': np.float64(0.09313268052673629), 'classifier__min_samples_leaf': 9, 'classifier__min_samples_split': 9, 'classifier__n_estimators': 160, 'feature_selection_filter__k': 20}",22.738084077835083,"[1, 2, 3, 4, 5, 6, 7, 8, 9, 10, 11, 12, 14, 16, 17, 18, 19, 20, 21, 27]","['V1', 'V2', 'V3', 'V4', 'V5', 'V6', 'V7', 'V8', 'V9', 'V10', 'V11', 'V12', 'V14', 'V16', 'V17', 'V18', 'V19', 'V20', 'V21', 'V27']"
CostSensitiveLearning_with_RandomUnderSampler___RandomizedSearchCV__niter_30__cv_5,7,9,RandomForestClassifier,resubstitution,355,22108,27,71,0.9956562209121936,0.9293193717277487,0.8333333333333334,0.8787128712871287,0.9987802123334086,0.0012197876665913654,0.9160567728333711,0.9123140049408284,0.8778584473747438,0.8765080577199598,0.9655608297780054,0.8594112094143559,22561,0.87601304722151,0.011490260724215173,0.8691692400918276,0.030430396309594404,"{'classifier__ccp_alpha': np.float64(0.004450608441291802), 'classifier__max_depth': 11, 'classifier__max_features': 'log2', 'classifier__max_leaf_nodes': 12, 'classifier__max_samples': np.float64(0.7418900972745881), 'classifier__min_impurity_decrease': np.float64(0.09978983618323697), 'classifier__min_samples_leaf': 5, 'classifier__min_samples_split': 7, 'classifier__n_estimators': 943, 'feature_selection_filter__k': 'all'}",26.665382385253906,"[0, 1, 2, 3, 4, 5, 6, 7, 8, 9, 10, 11, 12, 13, 14, 15, 16, 17, 18, 19, 20, 21, 22, 23, 24, 25, 26, 27, 28, 29, 30]","['Amount_log1p', 'V1', 'V2', 'V3', 'V4', 'V5', 'V6', 'V7', 'V8', 'V9', 'V10', 'V11', 'V12', 'V13', 'V14', 'V15', 'V16', 'V17', 'V18', 'V19', 'V20', 'V21', 'V22', 'V23', 'V24', 'V25', 'V26', 'V27', 'V28', 'Time_sin', 'Time_cos']"
CostSensitiveLearning_with_RandomUnderSampler___RandomizedSearchCV__niter_30__cv_5,7,10,RandomForestClassifier,resubstitution,355,22096,39,71,0.9951243295953194,0.9010152284263959,0.8333333333333334,0.8658536585365854,0.9982380844815902,0.0017619155184097623,0.9157857089074618,0.9120663739012228,0.8640573022225843,0.863374551841488,0.9666983756313954,0.8622279082832904,22561,0.8671906335412526,0.0071253576852701095,0.8647123002401983,0.013116911567178037,"{'classifier__ccp_alpha': np.float64(0.0021609865570439745), 'classifier__max_depth': 16, 'classifier__max_features': 'log2', 'classifier__max_leaf_nodes': 8, 'classifier__max_samples': np.float64(0.5709802656047287), 'classifier__min_impurity_decrease': np.float64(0.08646854870467618), 'classifier__min_samples_leaf': 5, 'classifier__min_samples_split': 6, 'classifier__n_estimators': 698, 'feature_selection_filter__k': 'all'}",24.026334762573242,"[0, 1, 2, 3, 4, 5, 6, 7, 8, 9, 10, 11, 12, 13, 14, 15, 16, 17, 18, 19, 20, 21, 22, 23, 24, 25, 26, 27, 28, 29, 30]","['Amount_log1p', 'V1', 'V2', 'V3', 'V4', 'V5', 'V6', 'V7', 'V8', 'V9', 'V10', 'V11', 'V12', 'V13', 'V14', 'V15', 'V16', 'V17', 'V18', 'V19', 'V20', 'V21', 'V22', 'V23', 'V24', 'V25', 'V26', 'V27', 'V28', 'Time_sin', 'Time_cos']"
CostSensitiveLearning_with_RandomUnderSampler___RandomizedSearchCV__niter_30__cv_5,8,1,RandomForestClassifier,resubstitution,356,22107,27,70,0.9957003546099291,0.9295039164490861,0.8356807511737089,0.8800988875154512,0.99878015722418,0.0012198427758199903,0.9172304541989444,0.9135980254173592,0.8792046238546444,0.8779161118464084,0.9665551287908771,0.8657492684600934,22560,0.8792853012063727,0.005144877980340645,0.8737746876278919,0.026067898098283825,"{'classifier__ccp_alpha': np.float64(0.007847636149698817), 'classifier__max_depth': 19, 'classifier__max_features': 'log2', 'classifier__max_leaf_nodes': 2, 'classifier__max_samples': np.float64(0.6006567274398387), 'classifier__min_impurity_decrease': np.float64(0.08656487710034082), 'classifier__min_samples_leaf': 9, 'classifier__min_samples_split': 4, 'classifier__n_estimators': 741, 'feature_selection_filter__k': 26}",27.05724334716797,"[0, 1, 2, 3, 4, 5, 6, 7, 8, 9, 10, 11, 12, 14, 16, 17, 18, 19, 20, 21, 22, 23, 24, 27, 28, 29]","['Amount_log1p', 'V1', 'V2', 'V3', 'V4', 'V5', 'V6', 'V7', 'V8', 'V9', 'V10', 'V11', 'V12', 'V14', 'V16', 'V17', 'V18', 'V19', 'V20', 'V21', 'V22', 'V23', 'V24', 'V27', 'V28', 'Time_sin']"
CostSensitiveLearning_with_RandomUnderSampler___RandomizedSearchCV__niter_30__cv_5,8,2,RandomForestClassifier,resubstitution,360,22094,40,66,0.9953014184397163,0.9,0.8450704225352113,0.8716707021791767,0.9981928255173037,0.0018071744826962943,0.9216316240262574,0.9184460968568183,0.869727198110435,0.8692800167926112,0.9692415509290193,0.8780807988544268,22560,0.8712989158285467,0.00928434657234321,0.8707030601496115,0.022525154862693426,"{'classifier__ccp_alpha': np.float64(0.004351205511551321), 'classifier__max_depth': 10, 'classifier__max_features': 'log2', 'classifier__max_leaf_nodes': 17, 'classifier__max_samples': np.float64(0.8118777051292596), 'classifier__min_impurity_decrease': np.float64(0.06427493682648401), 'classifier__min_samples_leaf': 5, 'classifier__min_samples_split': 3, 'classifier__n_estimators': 825, 'feature_selection_filter__k': 'all'}",25.940064191818237,"[0, 1, 2, 3, 4, 5, 6, 7, 8, 9, 10, 11, 12, 13, 14, 15, 16, 17, 18, 19, 20, 21, 22, 23, 24, 25, 26, 27, 28, 29, 30]","['Amount_log1p', 'V1', 'V2', 'V3', 'V4', 'V5', 'V6', 'V7', 'V8', 'V9', 'V10', 'V11', 'V12', 'V13', 'V14', 'V15', 'V16', 'V17', 'V18', 'V19', 'V20', 'V21', 'V22', 'V23', 'V24', 'V25', 'V26', 'V27', 'V28', 'Time_sin', 'Time_cos']"
CostSensitiveLearning_with_RandomUnderSampler___RandomizedSearchCV__niter_30__cv_5,8,3,RandomForestClassifier,resubstitution,353,22105,29,73,0.9954787234042554,0.9240837696335078,0.8286384976525821,0.8737623762376238,0.9986897985000451,0.0013102014999548661,0.9136641480763137,0.9096992988070494,0.8728100927619017,0.8714674667106369,0.9637294036196941,0.8522243041582408,22560,0.873317202998874,0.007004608180196663,0.8691664508270531,0.024837029947003514,"{'classifier__ccp_alpha': np.float64(0.008765473629265415), 'classifier__max_depth': 8, 'classifier__max_features': 'sqrt', 'classifier__max_leaf_nodes': 2, 'classifier__max_samples': np.float64(0.7868916373754213), 'classifier__min_impurity_decrease': np.float64(0.059953077467432225), 'classifier__min_samples_leaf': 2, 'classifier__min_samples_split': 2, 'classifier__n_estimators': 540, 'feature_selection_filter__k': 'all'}",25.4569354057312,"[0, 1, 2, 3, 4, 5, 6, 7, 8, 9, 10, 11, 12, 13, 14, 15, 16, 17, 18, 19, 20, 21, 22, 23, 24, 25, 26, 27, 28, 29, 30]","['Amount_log1p', 'V1', 'V2', 'V3', 'V4', 'V5', 'V6', 'V7', 'V8', 'V9', 'V10', 'V11', 'V12', 'V13', 'V14', 'V15', 'V16', 'V17', 'V18', 'V19', 'V20', 'V21', 'V22', 'V23', 'V24', 'V25', 'V26', 'V27', 'V28', 'Time_sin', 'Time_cos']"
CostSensitiveLearning_with_RandomUnderSampler___RandomizedSearchCV__niter_30__cv_5,8,4,RandomForestClassifier,resubstitution,356,22101,33,70,0.9954343971631205,0.9151670951156813,0.8356807511737089,0.8736196319018404,0.9985090810517756,0.0014909189482243956,0.9170949161127422,0.9134740384417707,0.8722323754162191,0.871299717329941,0.9675339619415841,0.8590328151109213,22560,0.8762860385862279,0.009486955586588004,0.8745639344912577,0.026979884218048384,"{'classifier__ccp_alpha': np.float64(0.007292847942004195), 'classifier__max_depth': 8, 'classifier__max_features': 'log2', 'classifier__max_leaf_nodes': 2, 'classifier__max_samples': np.float64(0.599890643168536), 'classifier__min_impurity_decrease': np.float64(0.09430270776303912), 'classifier__min_samples_leaf': 3, 'classifier__min_samples_split': 2, 'classifier__n_estimators': 757, 'feature_selection_filter__k': 26}",21.240232944488525,"[0, 1, 2, 3, 4, 5, 6, 7, 8, 9, 10, 11, 12, 14, 16, 17, 18, 19, 20, 21, 22, 23, 24, 27, 28, 29]","['Amount_log1p', 'V1', 'V2', 'V3', 'V4', 'V5', 'V6', 'V7', 'V8', 'V9', 'V10', 'V11', 'V12', 'V14', 'V16', 'V17', 'V18', 'V19', 'V20', 'V21', 'V22', 'V23', 'V24', 'V27', 'V28', 'Time_sin']"
CostSensitiveLearning_with_RandomUnderSampler___RandomizedSearchCV__niter_30__cv_5,8,5,RandomForestClassifier,resubstitution,355,22109,26,70,0.9957446808510638,0.931758530183727,0.8352941176470589,0.8808933002481389,0.9988253896543935,0.0011746103456065082,0.9170597536507261,0.913407342063138,0.8800939547979553,0.8787335150852403,0.9672774817629786,0.8600804454942343,22560,0.8799455934666132,0.010429878557045172,0.8765134136827125,0.03338395805369125,"{'classifier__ccp_alpha': np.float64(0.004342403154323936), 'classifier__max_depth': 4, 'classifier__max_features': 'sqrt', 'classifier__max_leaf_nodes': 2, 'classifier__max_samples': np.float64(0.6109958798333301), 'classifier__min_impurity_decrease': np.float64(0.04280293236640345), 'classifier__min_samples_leaf': 1, 'classifier__min_samples_split': 5, 'classifier__n_estimators': 547, 'feature_selection_filter__k': 'all'}",24.644423484802246,"[0, 1, 2, 3, 4, 5, 6, 7, 8, 9, 10, 11, 12, 13, 14, 15, 16, 17, 18, 19, 20, 21, 22, 23, 24, 25, 26, 27, 28, 29, 30]","['Amount_log1p', 'V1', 'V2', 'V3', 'V4', 'V5', 'V6', 'V7', 'V8', 'V9', 'V10', 'V11', 'V12', 'V13', 'V14', 'V15', 'V16', 'V17', 'V18', 'V19', 'V20', 'V21', 'V22', 'V23', 'V24', 'V25', 'V26', 'V27', 'V28', 'Time_sin', 'Time_cos']"
CostSensitiveLearning_with_RandomUnderSampler___RandomizedSearchCV__niter_30__cv_5,8,6,RandomForestClassifier,resubstitution,352,22095,40,73,0.994991134751773,0.8979591836734694,0.8282352941176471,0.8616891064871481,0.9981929071606054,0.0018070928393946195,0.9132141006391262,0.909251668158114,0.8598705344342736,0.8591427270597491,0.9650865942943702,0.8580392340002377,22560,0.8632816913878129,0.008140455680901576,0.8614678556230585,0.018714121419787136,"{'classifier__ccp_alpha': np.float64(0.006045306000892348), 'classifier__max_depth': 12, 'classifier__max_features': 'sqrt', 'classifier__max_leaf_nodes': 9, 'classifier__max_samples': np.float64(0.5086759934857188), 'classifier__min_impurity_decrease': np.float64(0.09792249605959215), 'classifier__min_samples_leaf': 3, 'classifier__min_samples_split': 7, 'classifier__n_estimators': 737, 'feature_selection_filter__k': 'all'}",25.434263706207275,"[0, 1, 2, 3, 4, 5, 6, 7, 8, 9, 10, 11, 12, 13, 14, 15, 16, 17, 18, 19, 20, 21, 22, 23, 24, 25, 26, 27, 28, 29, 30]","['Amount_log1p', 'V1', 'V2', 'V3', 'V4', 'V5', 'V6', 'V7', 'V8', 'V9', 'V10', 'V11', 'V12', 'V13', 'V14', 'V15', 'V16', 'V17', 'V18', 'V19', 'V20', 'V21', 'V22', 'V23', 'V24', 'V25', 'V26', 'V27', 'V28', 'Time_sin', 'Time_cos']"
CostSensitiveLearning_with_RandomUnderSampler___RandomizedSearchCV__niter_30__cv_5,8,7,RandomForestClassifier,resubstitution,356,22106,29,69,0.9956560283687943,0.9246753246753247,0.8376470588235294,0.8790123456790123,0.9986898576914389,0.0013101423085610797,0.9181684582574842,0.9146308665096116,0.8779167122705192,0.8768061472109927,0.9668663149922269,0.8670721871627148,22560,0.8773975332694981,0.01083179136377136,0.8764477430559603,0.02728140482012497,"{'classifier__ccp_alpha': np.float64(0.009426515706933784), 'classifier__max_depth': 14, 'classifier__max_features': 'log2', 'classifier__max_leaf_nodes': 4, 'classifier__max_samples': np.float64(0.6519211460394428), 'classifier__min_impurity_decrease': np.float64(0.09863839815389219), 'classifier__min_samples_leaf': 1, 'classifier__min_samples_split': 2, 'classifier__n_estimators': 765, 'feature_selection_filter__k': 'all'}",25.87741780281067,"[0, 1, 2, 3, 4, 5, 6, 7, 8, 9, 10, 11, 12, 13, 14, 15, 16, 17, 18, 19, 20, 21, 22, 23, 24, 25, 26, 27, 28, 29, 30]","['Amount_log1p', 'V1', 'V2', 'V3', 'V4', 'V5', 'V6', 'V7', 'V8', 'V9', 'V10', 'V11', 'V12', 'V13', 'V14', 'V15', 'V16', 'V17', 'V18', 'V19', 'V20', 'V21', 'V22', 'V23', 'V24', 'V25', 'V26', 'V27', 'V28', 'Time_sin', 'Time_cos']"
CostSensitiveLearning_with_RandomUnderSampler___RandomizedSearchCV__niter_30__cv_5,8,8,RandomForestClassifier,resubstitution,357,22097,38,69,0.9952573024245379,0.9037974683544304,0.8380281690140845,0.8696711327649208,0.9982832618025751,0.0017167381974249052,0.9181557154083297,0.9146526630616783,0.8679013886967311,0.8672593446809012,0.9653828777953467,0.8701347182980174,22561,0.8705801552045646,0.010596071549507062,0.8623407430523173,0.021926867486531738,"{'classifier__ccp_alpha': np.float64(0.008641503557333119), 'classifier__max_depth': 18, 'classifier__max_features': 'log2', 'classifier__max_leaf_nodes': 13, 'classifier__max_samples': np.float64(0.5572980510551406), 'classifier__min_impurity_decrease': np.float64(0.09771780158272708), 'classifier__min_samples_leaf': 8, 'classifier__min_samples_split': 7, 'classifier__n_estimators': 308, 'feature_selection_filter__k': 26}",22.01279306411743,"[0, 1, 2, 3, 4, 5, 6, 7, 8, 9, 10, 11, 12, 14, 16, 17, 18, 19, 20, 21, 23, 24, 27, 28, 29, 30]","['Amount_log1p', 'V1', 'V2', 'V3', 'V4', 'V5', 'V6', 'V7', 'V8', 'V9', 'V10', 'V11', 'V12', 'V14', 'V16', 'V17', 'V18', 'V19', 'V20', 'V21', 'V23', 'V24', 'V27', 'V28', 'Time_sin', 'Time_cos']"
CostSensitiveLearning_with_RandomUnderSampler___RandomizedSearchCV__niter_30__cv_5,8,9,RandomForestClassifier,resubstitution,354,22109,26,72,0.9956562209121936,0.9315789473684211,0.8309859154929577,0.8784119106699751,0.9988253896543935,0.0011746103456065082,0.9149056525736756,0.9110487532726043,0.8776908094165663,0.8762078532817227,0.9641995713457008,0.8527378782930957,22561,0.877794891277593,0.011919191884396767,0.8798755391418067,0.026102582854917285,"{'classifier__ccp_alpha': np.float64(0.0014715070011237208), 'classifier__max_depth': 10, 'classifier__max_features': 'sqrt', 'classifier__max_leaf_nodes': 2, 'classifier__max_samples': np.float64(0.5594116031739098), 'classifier__min_impurity_decrease': np.float64(0.07127781898782927), 'classifier__min_samples_leaf': 1, 'classifier__min_samples_split': 8, 'classifier__n_estimators': 584, 'feature_selection_filter__k': 'all'}",22.508487224578857,"[0, 1, 2, 3, 4, 5, 6, 7, 8, 9, 10, 11, 12, 13, 14, 15, 16, 17, 18, 19, 20, 21, 22, 23, 24, 25, 26, 27, 28, 29, 30]","['Amount_log1p', 'V1', 'V2', 'V3', 'V4', 'V5', 'V6', 'V7', 'V8', 'V9', 'V10', 'V11', 'V12', 'V13', 'V14', 'V15', 'V16', 'V17', 'V18', 'V19', 'V20', 'V21', 'V22', 'V23', 'V24', 'V25', 'V26', 'V27', 'V28', 'Time_sin', 'Time_cos']"
CostSensitiveLearning_with_RandomUnderSampler___RandomizedSearchCV__niter_30__cv_5,8,10,RandomForestClassifier,resubstitution,354,22094,41,72,0.9949913567661008,0.8962025316455696,0.8309859154929577,0.8623629719853837,0.9981477298396205,0.0018522701603794767,0.9145668226662891,0.9107396472527122,0.8604524770116209,0.8598159434480545,0.9657793459045061,0.8623004718643333,22561,0.8553556452533989,0.01620749504673295,0.8533284368226403,0.023012798112849654,"{'classifier__ccp_alpha': np.float64(0.001113308280052444), 'classifier__max_depth': 11, 'classifier__max_features': 'log2', 'classifier__max_leaf_nodes': 3, 'classifier__max_samples': np.float64(0.5607778228884572), 'classifier__min_impurity_decrease': np.float64(0.0830178138297634), 'classifier__min_samples_leaf': 3, 'classifier__min_samples_split': 8, 'classifier__n_estimators': 160, 'feature_selection_filter__k': 26}",19.038230419158936,"[0, 1, 2, 3, 4, 5, 6, 7, 8, 9, 10, 11, 12, 14, 16, 17, 18, 19, 20, 21, 23, 24, 26, 27, 28, 29]","['Amount_log1p', 'V1', 'V2', 'V3', 'V4', 'V5', 'V6', 'V7', 'V8', 'V9', 'V10', 'V11', 'V12', 'V14', 'V16', 'V17', 'V18', 'V19', 'V20', 'V21', 'V23', 'V24', 'V26', 'V27', 'V28', 'Time_sin']"
CostSensitiveLearning_with_RandomUnderSampler___RandomizedSearchCV__niter_30__cv_5,9,1,RandomForestClassifier,resubstitution,354,22099,35,72,0.9952570921985816,0.910025706940874,0.8309859154929577,0.8687116564417178,0.9984187223276407,0.0015812776723592714,0.9147023189102992,0.9108632696616675,0.8672289561447721,0.8663016481000358,0.9646842153490203,0.8691642246016187,22560,0.867109330733334,0.009624427616766101,0.868351994044809,0.026691810293379258,"{'classifier__ccp_alpha': np.float64(0.008843470813749752), 'classifier__max_depth': 3, 'classifier__max_features': 'log2', 'classifier__max_leaf_nodes': 14, 'classifier__max_samples': np.float64(0.8650443666471027), 'classifier__min_impurity_decrease': np.float64(0.09708743708913711), 'classifier__min_samples_leaf': 6, 'classifier__min_samples_split': 6, 'classifier__n_estimators': 231, 'feature_selection_filter__k': 20}",26.60552453994751,"[1, 2, 3, 4, 5, 6, 7, 8, 9, 10, 11, 12, 14, 16, 17, 18, 19, 20, 21, 27]","['V1', 'V2', 'V3', 'V4', 'V5', 'V6', 'V7', 'V8', 'V9', 'V10', 'V11', 'V12', 'V14', 'V16', 'V17', 'V18', 'V19', 'V20', 'V21', 'V27']"
CostSensitiveLearning_with_RandomUnderSampler___RandomizedSearchCV__niter_30__cv_5,9,2,RandomForestClassifier,resubstitution,356,22102,32,70,0.9954787234042554,0.9175257731958762,0.8356807511737089,0.8746928746928747,0.998554260413843,0.0014457395861570133,0.9171175057937759,0.9134947041063498,0.873383267171997,0.872395812538429,0.966940107862015,0.8561969913830529,22560,0.8767548170026235,0.007728938059886985,0.8751409988570149,0.025474214274331723,"{'classifier__ccp_alpha': np.float64(0.004626850480730246), 'classifier__max_depth': 7, 'classifier__max_features': 'log2', 'classifier__max_leaf_nodes': 2, 'classifier__max_samples': np.float64(0.787103024911823), 'classifier__min_impurity_decrease': np.float64(0.03789858496989177), 'classifier__min_samples_leaf': 3, 'classifier__min_samples_split': 9, 'classifier__n_estimators': 958, 'feature_selection_filter__k': 26}",26.641162157058716,"[0, 1, 2, 3, 4, 5, 6, 7, 8, 9, 10, 11, 12, 14, 16, 17, 18, 19, 20, 21, 23, 24, 27, 28, 29, 30]","['Amount_log1p', 'V1', 'V2', 'V3', 'V4', 'V5', 'V6', 'V7', 'V8', 'V9', 'V10', 'V11', 'V12', 'V14', 'V16', 'V17', 'V18', 'V19', 'V20', 'V21', 'V23', 'V24', 'V27', 'V28', 'Time_sin', 'Time_cos']"
CostSensitiveLearning_with_RandomUnderSampler___RandomizedSearchCV__niter_30__cv_5,9,3,RandomForestClassifier,resubstitution,357,22106,28,69,0.9957003546099291,0.9272727272727272,0.8380281690140845,0.8803945745992602,0.9987349778621126,0.0012650221378873727,0.9183815734380986,0.9148595765624955,0.8793770311357118,0.8782111003142229,0.9646570653098434,0.8585923917672205,22560,0.8800688859300438,0.007067033369494651,0.8778959937002506,0.03508594577871348,"{'classifier__ccp_alpha': np.float64(0.007599404884659741), 'classifier__max_depth': 9, 'classifier__max_features': 'log2', 'classifier__max_leaf_nodes': 2, 'classifier__max_samples': np.float64(0.5053827052790463), 'classifier__min_impurity_decrease': np.float64(0.03558449974930176), 'classifier__min_samples_leaf': 7, 'classifier__min_samples_split': 5, 'classifier__n_estimators': 661, 'feature_selection_filter__k': 26}",22.69292378425598,"[0, 1, 2, 3, 4, 5, 6, 7, 8, 9, 10, 11, 12, 14, 16, 17, 18, 19, 20, 21, 22, 23, 24, 27, 28, 29]","['Amount_log1p', 'V1', 'V2', 'V3', 'V4', 'V5', 'V6', 'V7', 'V8', 'V9', 'V10', 'V11', 'V12', 'V14', 'V16', 'V17', 'V18', 'V19', 'V20', 'V21', 'V22', 'V23', 'V24', 'V27', 'V28', 'Time_sin']"
CostSensitiveLearning_with_RandomUnderSampler___RandomizedSearchCV__niter_30__cv_5,9,4,RandomForestClassifier,resubstitution,354,22091,43,72,0.9949024822695035,0.8916876574307305,0.8309859154929577,0.8602673147023087,0.9980572874311014,0.0019427125688985525,0.9145216014620297,0.9106983851475481,0.8582274255475916,0.8576744853537039,0.9675812624004623,0.8627853442175523,22560,0.8615717838916499,0.011498308461302204,0.8615454759462935,0.028806084845482118,"{'classifier__ccp_alpha': np.float64(0.001501900826279291), 'classifier__max_depth': 3, 'classifier__max_features': 'sqrt', 'classifier__max_leaf_nodes': 2, 'classifier__max_samples': np.float64(0.6212405114334203), 'classifier__min_impurity_decrease': np.float64(0.014139534536259213), 'classifier__min_samples_leaf': 1, 'classifier__min_samples_split': 6, 'classifier__n_estimators': 647, 'feature_selection_filter__k': 20}",26.36727237701416,"[1, 2, 3, 4, 5, 6, 7, 8, 9, 10, 11, 12, 14, 16, 17, 18, 19, 20, 21, 27]","['V1', 'V2', 'V3', 'V4', 'V5', 'V6', 'V7', 'V8', 'V9', 'V10', 'V11', 'V12', 'V14', 'V16', 'V17', 'V18', 'V19', 'V20', 'V21', 'V27']"
CostSensitiveLearning_with_RandomUnderSampler___RandomizedSearchCV__niter_30__cv_5,9,5,RandomForestClassifier,resubstitution,355,22097,38,70,0.9952127659574468,0.9033078880407125,0.8352941176470589,0.8679706601466992,0.9982832618025751,0.0017167381974249052,0.916788689724817,0.9131594254724691,0.8662244005530295,0.8655366464625058,0.9674835434964589,0.8630884468370268,22560,0.8690299009676787,0.007006244287188397,0.8646830425376788,0.014377530569174596,"{'classifier__ccp_alpha': np.float64(0.0026460306686511914), 'classifier__max_depth': 13, 'classifier__max_features': 'sqrt', 'classifier__max_leaf_nodes': 17, 'classifier__max_samples': np.float64(0.5259808178021593), 'classifier__min_impurity_decrease': np.float64(0.09790267202760516), 'classifier__min_samples_leaf': 7, 'classifier__min_samples_split': 8, 'classifier__n_estimators': 713, 'feature_selection_filter__k': 'all'}",20.43826937675476,"[0, 1, 2, 3, 4, 5, 6, 7, 8, 9, 10, 11, 12, 13, 14, 15, 16, 17, 18, 19, 20, 21, 22, 23, 24, 25, 26, 27, 28, 29, 30]","['Amount_log1p', 'V1', 'V2', 'V3', 'V4', 'V5', 'V6', 'V7', 'V8', 'V9', 'V10', 'V11', 'V12', 'V13', 'V14', 'V15', 'V16', 'V17', 'V18', 'V19', 'V20', 'V21', 'V22', 'V23', 'V24', 'V25', 'V26', 'V27', 'V28', 'Time_sin', 'Time_cos']"
CostSensitiveLearning_with_RandomUnderSampler___RandomizedSearchCV__niter_30__cv_5,9,6,RandomForestClassifier,resubstitution,354,22105,30,71,0.9955230496453901,0.921875,0.8329411764705882,0.8751545117428925,0.9986446803704541,0.0013553196295459369,0.9157929284205211,0.9120374306703978,0.8740456264159866,0.8728811289933857,0.9645062517439774,0.8564416371571143,22560,0.8758031413336044,0.010154362931485092,0.8784531722159888,0.022106569390217035,"{'classifier__ccp_alpha': np.float64(0.002476692150054035), 'classifier__max_depth': 15, 'classifier__max_features': 'log2', 'classifier__max_leaf_nodes': 2, 'classifier__max_samples': np.float64(0.8726205806758656), 'classifier__min_impurity_decrease': np.float64(0.09449667321392892), 'classifier__min_samples_leaf': 3, 'classifier__min_samples_split': 2, 'classifier__n_estimators': 584, 'feature_selection_filter__k': 26}",24.244207620620728,"[0, 1, 2, 3, 4, 5, 6, 7, 8, 9, 10, 11, 12, 14, 16, 17, 18, 19, 20, 21, 22, 23, 24, 27, 28, 29]","['Amount_log1p', 'V1', 'V2', 'V3', 'V4', 'V5', 'V6', 'V7', 'V8', 'V9', 'V10', 'V11', 'V12', 'V14', 'V16', 'V17', 'V18', 'V19', 'V20', 'V21', 'V22', 'V23', 'V24', 'V27', 'V28', 'Time_sin']"
CostSensitiveLearning_with_RandomUnderSampler___RandomizedSearchCV__niter_30__cv_5,9,7,RandomForestClassifier,resubstitution,355,22099,36,70,0.9953014184397163,0.907928388746803,0.8352941176470589,0.8700980392156863,0.9983736164445448,0.0016263835554551909,0.9168338670458018,0.9132007495781796,0.8684919370405957,0.8677097088447447,0.9668280471438631,0.8649195676745332,22560,0.8674400242342042,0.001497559374490578,0.8690843195513918,0.0045890202251919025,"{'classifier__ccp_alpha': np.float64(0.006217096267021695), 'classifier__max_depth': 13, 'classifier__max_features': 'log2', 'classifier__max_leaf_nodes': 5, 'classifier__max_samples': np.float64(0.7383944806910708), 'classifier__min_impurity_decrease': np.float64(0.08157575251069381), 'classifier__min_samples_leaf': 9, 'classifier__min_samples_split': 6, 'classifier__n_estimators': 466, 'feature_selection_filter__k': 'all'}",21.000587701797485,"[0, 1, 2, 3, 4, 5, 6, 7, 8, 9, 10, 11, 12, 13, 14, 15, 16, 17, 18, 19, 20, 21, 22, 23, 24, 25, 26, 27, 28, 29, 30]","['Amount_log1p', 'V1', 'V2', 'V3', 'V4', 'V5', 'V6', 'V7', 'V8', 'V9', 'V10', 'V11', 'V12', 'V13', 'V14', 'V15', 'V16', 'V17', 'V18', 'V19', 'V20', 'V21', 'V22', 'V23', 'V24', 'V25', 'V26', 'V27', 'V28', 'Time_sin', 'Time_cos']"
CostSensitiveLearning_with_RandomUnderSampler___RandomizedSearchCV__niter_30__cv_5,9,8,RandomForestClassifier,resubstitution,358,22099,36,68,0.9953902752537565,0.9086294416243654,0.8403755868544601,0.8731707317073171,0.9983736164445448,0.0016263835554551909,0.9193746016495025,0.915974242989176,0.8715154926178295,0.8708268490137705,0.9669455252711966,0.8661629571310613,22561,0.8806896836096797,0.00569412595803842,0.8784953871071112,0.019466577197680367,"{'classifier__ccp_alpha': np.float64(0.00573245726210216), 'classifier__max_depth': 8, 'classifier__max_features': 'sqrt', 'classifier__max_leaf_nodes': 2, 'classifier__max_samples': np.float64(0.7289017146284207), 'classifier__min_impurity_decrease': np.float64(0.000983719888329937), 'classifier__min_samples_leaf': 4, 'classifier__min_samples_split': 4, 'classifier__n_estimators': 708, 'feature_selection_filter__k': 'all'}",25.60918140411377,"[0, 1, 2, 3, 4, 5, 6, 7, 8, 9, 10, 11, 12, 13, 14, 15, 16, 17, 18, 19, 20, 21, 22, 23, 24, 25, 26, 27, 28, 29, 30]","['Amount_log1p', 'V1', 'V2', 'V3', 'V4', 'V5', 'V6', 'V7', 'V8', 'V9', 'V10', 'V11', 'V12', 'V13', 'V14', 'V15', 'V16', 'V17', 'V18', 'V19', 'V20', 'V21', 'V22', 'V23', 'V24', 'V25', 'V26', 'V27', 'V28', 'Time_sin', 'Time_cos']"
CostSensitiveLearning_with_RandomUnderSampler___RandomizedSearchCV__niter_30__cv_5,9,9,RandomForestClassifier,resubstitution,358,22094,41,68,0.9951686538717256,0.8972431077694235,0.8403755868544601,0.8678787878787879,0.9981477298396205,0.0018522701603794767,0.9192616583470403,0.9158706154427153,0.8659020803906675,0.8654208092135682,0.9657708088755406,0.8734121711237101,22561,0.8666418589875102,0.017148380243788876,0.8681366796526021,0.027098071528206525,"{'classifier__ccp_alpha': np.float64(0.006909710054340796), 'classifier__max_depth': 10, 'classifier__max_features': 'sqrt', 'classifier__max_leaf_nodes': 9, 'classifier__max_samples': np.float64(0.6945579160395385), 'classifier__min_impurity_decrease': np.float64(0.07494632837290398), 'classifier__min_samples_leaf': 1, 'classifier__min_samples_split': 9, 'classifier__n_estimators': 947, 'feature_selection_filter__k': 'all'}",25.389709949493408,"[0, 1, 2, 3, 4, 5, 6, 7, 8, 9, 10, 11, 12, 13, 14, 15, 16, 17, 18, 19, 20, 21, 22, 23, 24, 25, 26, 27, 28, 29, 30]","['Amount_log1p', 'V1', 'V2', 'V3', 'V4', 'V5', 'V6', 'V7', 'V8', 'V9', 'V10', 'V11', 'V12', 'V13', 'V14', 'V15', 'V16', 'V17', 'V18', 'V19', 'V20', 'V21', 'V22', 'V23', 'V24', 'V25', 'V26', 'V27', 'V28', 'Time_sin', 'Time_cos']"
CostSensitiveLearning_with_RandomUnderSampler___RandomizedSearchCV__niter_30__cv_5,9,10,RandomForestClassifier,resubstitution,353,22101,34,73,0.9952573024245379,0.9121447028423773,0.8286384976525821,0.8683886838868389,0.9984639710865145,0.0015360289134854765,0.9135512343695483,0.9095964407149802,0.86701452996923,0.8659794833206005,0.9676922236680379,0.8558235456976114,22561,0.8626510578171713,0.009494770467975304,0.8621590518184945,0.021797007107099142,"{'classifier__ccp_alpha': np.float64(0.0009352084038981013), 'classifier__max_depth': 7, 'classifier__max_features': 'log2', 'classifier__max_leaf_nodes': 2, 'classifier__max_samples': np.float64(0.6240537483162094), 'classifier__min_impurity_decrease': np.float64(0.034993250490837895), 'classifier__min_samples_leaf': 3, 'classifier__min_samples_split': 2, 'classifier__n_estimators': 630, 'feature_selection_filter__k': 'all'}",26.020873308181763,"[0, 1, 2, 3, 4, 5, 6, 7, 8, 9, 10, 11, 12, 13, 14, 15, 16, 17, 18, 19, 20, 21, 22, 23, 24, 25, 26, 27, 28, 29, 30]","['Amount_log1p', 'V1', 'V2', 'V3', 'V4', 'V5', 'V6', 'V7', 'V8', 'V9', 'V10', 'V11', 'V12', 'V13', 'V14', 'V15', 'V16', 'V17', 'V18', 'V19', 'V20', 'V21', 'V22', 'V23', 'V24', 'V25', 'V26', 'V27', 'V28', 'Time_sin', 'Time_cos']"
CostSensitiveLearning_with_RandomUnderSampler___RandomizedSearchCV__niter_30__cv_5,10,1,RandomForestClassifier,resubstitution,356,22105,29,70,0.9956117021276596,0.9246753246753247,0.8356807511737089,0.8779284833538841,0.9986897985000451,0.0013102014999548661,0.917185274836877,0.9135566982952058,0.8768625859997823,0.8756999889804955,0.9688703589871508,0.8597491836566746,22560,0.8751175700372855,0.005473716766545588,0.8706550801354179,0.024070239415837035,"{'classifier__ccp_alpha': np.float64(0.0032553374160700834), 'classifier__max_depth': 11, 'classifier__max_features': 'log2', 'classifier__max_leaf_nodes': 2, 'classifier__max_samples': np.float64(0.8031156699448507), 'classifier__min_impurity_decrease': np.float64(0.0072551974771251195), 'classifier__min_samples_leaf': 9, 'classifier__min_samples_split': 8, 'classifier__n_estimators': 624, 'feature_selection_filter__k': 26}",23.812092304229736,"[0, 1, 2, 3, 4, 5, 6, 7, 8, 9, 10, 11, 12, 14, 16, 17, 18, 19, 20, 21, 23, 24, 25, 27, 28, 29]","['Amount_log1p', 'V1', 'V2', 'V3', 'V4', 'V5', 'V6', 'V7', 'V8', 'V9', 'V10', 'V11', 'V12', 'V14', 'V16', 'V17', 'V18', 'V19', 'V20', 'V21', 'V23', 'V24', 'V25', 'V27', 'V28', 'Time_sin']"
CostSensitiveLearning_with_RandomUnderSampler___RandomizedSearchCV__niter_30__cv_5,10,2,RandomForestClassifier,resubstitution,353,22096,38,73,0.9950797872340426,0.9028132992327366,0.8286384976525821,0.8641370869033048,0.9982831842414385,0.0017168157585615296,0.9134608409470103,0.9095140889627061,0.8624574961269041,0.8616362960060311,0.966527289395237,0.8621768792833829,22560,0.861776699617087,0.00783071787934152,0.8647168955636001,0.037508427666696174,"{'classifier__ccp_alpha': np.float64(0.005090596616482258), 'classifier__max_depth': 3, 'classifier__max_features': 'log2', 'classifier__max_leaf_nodes': 3, 'classifier__max_samples': np.float64(0.666119100936598), 'classifier__min_impurity_decrease': np.float64(0.09126523698810718), 'classifier__min_samples_leaf': 4, 'classifier__min_samples_split': 6, 'classifier__n_estimators': 349, 'feature_selection_filter__k': 'all'}",21.647552967071533,"[0, 1, 2, 3, 4, 5, 6, 7, 8, 9, 10, 11, 12, 13, 14, 15, 16, 17, 18, 19, 20, 21, 22, 23, 24, 25, 26, 27, 28, 29, 30]","['Amount_log1p', 'V1', 'V2', 'V3', 'V4', 'V5', 'V6', 'V7', 'V8', 'V9', 'V10', 'V11', 'V12', 'V13', 'V14', 'V15', 'V16', 'V17', 'V18', 'V19', 'V20', 'V21', 'V22', 'V23', 'V24', 'V25', 'V26', 'V27', 'V28', 'Time_sin', 'Time_cos']"
CostSensitiveLearning_with_RandomUnderSampler___RandomizedSearchCV__niter_30__cv_5,10,3,RandomForestClassifier,resubstitution,354,22101,33,72,0.995345744680851,0.9147286821705426,0.8309859154929577,0.8708487084870848,0.9985090810517756,0.0014909189482243956,0.9147474982723667,0.9109044861267518,0.8695224753269817,0.8684844329940178,0.9641868181469164,0.8638938757064599,22560,0.8700537851790402,0.00484129004865357,0.8707449983129045,0.02142587993974528,"{'classifier__ccp_alpha': np.float64(0.00762811621283998), 'classifier__max_depth': 13, 'classifier__max_features': 'log2', 'classifier__max_leaf_nodes': 7, 'classifier__max_samples': np.float64(0.7552289217277348), 'classifier__min_impurity_decrease': np.float64(0.09383493516373191), 'classifier__min_samples_leaf': 2, 'classifier__min_samples_split': 9, 'classifier__n_estimators': 467, 'feature_selection_filter__k': 'all'}",29.275184154510498,"[0, 1, 2, 3, 4, 5, 6, 7, 8, 9, 10, 11, 12, 13, 14, 15, 16, 17, 18, 19, 20, 21, 22, 23, 24, 25, 26, 27, 28, 29, 30]","['Amount_log1p', 'V1', 'V2', 'V3', 'V4', 'V5', 'V6', 'V7', 'V8', 'V9', 'V10', 'V11', 'V12', 'V13', 'V14', 'V15', 'V16', 'V17', 'V18', 'V19', 'V20', 'V21', 'V22', 'V23', 'V24', 'V25', 'V26', 'V27', 'V28', 'Time_sin', 'Time_cos']"
CostSensitiveLearning_with_RandomUnderSampler___RandomizedSearchCV__niter_30__cv_5,10,4,RandomForestClassifier,resubstitution,356,22103,31,70,0.9955230496453901,0.9198966408268734,0.8356807511737089,0.8757687576875769,0.9985994397759104,0.0014005602240896309,0.9171400954748097,0.9135153693034276,0.8745385804285064,0.873494549832341,0.967566096558266,0.8576370549525827,22560,0.8733500716426528,0.013971978774128995,0.8729543449053416,0.022608231651633413,"{'classifier__ccp_alpha': np.float64(0.005112109335166547), 'classifier__max_depth': 4, 'classifier__max_features': 'log2', 'classifier__max_leaf_nodes': 2, 'classifier__max_samples': np.float64(0.6713895618348189), 'classifier__min_impurity_decrease': np.float64(0.09738353480019946), 'classifier__min_samples_leaf': 6, 'classifier__min_samples_split': 9, 'classifier__n_estimators': 517, 'feature_selection_filter__k': 22}",22.33898687362671,"[1, 2, 3, 4, 5, 6, 7, 8, 9, 10, 11, 12, 14, 16, 17, 18, 19, 20, 21, 27, 28, 29]","['V1', 'V2', 'V3', 'V4', 'V5', 'V6', 'V7', 'V8', 'V9', 'V10', 'V11', 'V12', 'V14', 'V16', 'V17', 'V18', 'V19', 'V20', 'V21', 'V27', 'V28', 'Time_sin']"
CostSensitiveLearning_with_RandomUnderSampler___RandomizedSearchCV__niter_30__cv_5,10,5,RandomForestClassifier,resubstitution,356,22092,43,69,0.9950354609929078,0.8922305764411027,0.8376470588235294,0.8640776699029126,0.9980573751976508,0.001942624802349191,0.91785221701059,0.9143411971859542,0.8619971102262703,0.8615517890400646,0.9642574044300349,0.8587570256275212,22560,0.8680778870423099,0.009520109653997183,0.8661510713578293,0.016756841182442115,"{'classifier__ccp_alpha': np.float64(0.006429007790856073), 'classifier__max_depth': 8, 'classifier__max_features': 'log2', 'classifier__max_leaf_nodes': 2, 'classifier__max_samples': np.float64(0.7094480871313429), 'classifier__min_impurity_decrease': np.float64(0.05575255175891794), 'classifier__min_samples_leaf': 5, 'classifier__min_samples_split': 5, 'classifier__n_estimators': 500, 'feature_selection_filter__k': 24}",20.371143102645874,"[1, 2, 3, 4, 5, 6, 7, 8, 9, 10, 11, 12, 14, 16, 17, 18, 19, 20, 21, 23, 24, 27, 28, 29]","['V1', 'V2', 'V3', 'V4', 'V5', 'V6', 'V7', 'V8', 'V9', 'V10', 'V11', 'V12', 'V14', 'V16', 'V17', 'V18', 'V19', 'V20', 'V21', 'V23', 'V24', 'V27', 'V28', 'Time_sin']"
CostSensitiveLearning_with_RandomUnderSampler___RandomizedSearchCV__niter_30__cv_5,10,6,RandomForestClassifier,resubstitution,354,22096,39,71,0.9951241134751773,0.9007633587786259,0.8329411764705882,0.8655256723716381,0.9982380844815902,0.0017619155184097623,0.9155896304760892,0.9118517447950858,0.8637323598509593,0.8630465843599597,0.9642535776451986,0.8582288904130568,22560,0.8616335164146788,0.011786285925160567,0.8589699996636734,0.01866572858678216,"{'classifier__ccp_alpha': np.float64(0.002865020265950301), 'classifier__max_depth': 18, 'classifier__max_features': 'sqrt', 'classifier__max_leaf_nodes': 2, 'classifier__max_samples': np.float64(0.7384361474376149), 'classifier__min_impurity_decrease': np.float64(0.04825345508428244), 'classifier__min_samples_leaf': 7, 'classifier__min_samples_split': 6, 'classifier__n_estimators': 738, 'feature_selection_filter__k': 22}",25.616835832595825,"[1, 2, 3, 4, 5, 6, 7, 8, 9, 10, 11, 12, 14, 16, 17, 18, 19, 20, 21, 27, 28, 29]","['V1', 'V2', 'V3', 'V4', 'V5', 'V6', 'V7', 'V8', 'V9', 'V10', 'V11', 'V12', 'V14', 'V16', 'V17', 'V18', 'V19', 'V20', 'V21', 'V27', 'V28', 'Time_sin']"
CostSensitiveLearning_with_RandomUnderSampler___RandomizedSearchCV__niter_30__cv_5,10,7,RandomForestClassifier,resubstitution,346,22109,26,79,0.995345744680851,0.9301075268817204,0.8141176470588235,0.8682559598494354,0.9988253896543935,0.0011746103456065082,0.9064715183566086,0.901754609662766,0.8678882228684536,0.8658976501518332,0.9659613866780052,0.8531713186206035,22560,0.871038481856381,0.0047778971784947,0.8697295590950945,0.01572008599232309,"{'classifier__ccp_alpha': np.float64(0.006894250047312968), 'classifier__max_depth': 16, 'classifier__max_features': 'log2', 'classifier__max_leaf_nodes': 2, 'classifier__max_samples': np.float64(0.5451109214563609), 'classifier__min_impurity_decrease': np.float64(0.00878750753925952), 'classifier__min_samples_leaf': 9, 'classifier__min_samples_split': 6, 'classifier__n_estimators': 108, 'feature_selection_filter__k': 28}",21.884687423706055,"[0, 1, 2, 3, 4, 5, 6, 7, 8, 9, 10, 11, 12, 13, 14, 16, 17, 18, 19, 20, 21, 22, 23, 24, 27, 28, 29, 30]","['Amount_log1p', 'V1', 'V2', 'V3', 'V4', 'V5', 'V6', 'V7', 'V8', 'V9', 'V10', 'V11', 'V12', 'V13', 'V14', 'V16', 'V17', 'V18', 'V19', 'V20', 'V21', 'V22', 'V23', 'V24', 'V27', 'V28', 'Time_sin', 'Time_cos']"
CostSensitiveLearning_with_RandomUnderSampler___RandomizedSearchCV__niter_30__cv_5,10,8,RandomForestClassifier,resubstitution,358,22099,36,68,0.9953902752537565,0.9086294416243654,0.8403755868544601,0.8731707317073171,0.9983736164445448,0.0016263835554551909,0.9193746016495025,0.915974242989176,0.8715154926178295,0.8708268490137705,0.9649724641047096,0.8630218699687667,22561,0.8759360381405195,0.011542070396653304,0.8726000571755289,0.016828756646750934,"{'classifier__ccp_alpha': np.float64(0.004078372225650654), 'classifier__max_depth': 6, 'classifier__max_features': 'log2', 'classifier__max_leaf_nodes': 2, 'classifier__max_samples': np.float64(0.8870991686619302), 'classifier__min_impurity_decrease': np.float64(0.028844450708153405), 'classifier__min_samples_leaf': 9, 'classifier__min_samples_split': 6, 'classifier__n_estimators': 341, 'feature_selection_filter__k': 24}",26.53481125831604,"[0, 1, 2, 3, 4, 5, 6, 7, 8, 9, 10, 11, 12, 14, 16, 17, 18, 19, 20, 21, 24, 27, 28, 29]","['Amount_log1p', 'V1', 'V2', 'V3', 'V4', 'V5', 'V6', 'V7', 'V8', 'V9', 'V10', 'V11', 'V12', 'V14', 'V16', 'V17', 'V18', 'V19', 'V20', 'V21', 'V24', 'V27', 'V28', 'Time_sin']"
CostSensitiveLearning_with_RandomUnderSampler___RandomizedSearchCV__niter_30__cv_5,10,9,RandomForestClassifier,resubstitution,355,22091,44,71,0.9949027082132884,0.8897243107769424,0.8333333333333334,0.8606060606060606,0.998012197876666,0.001987802123334048,0.9156727656049997,0.9119631744560129,0.8584899318439008,0.858012780362939,0.967841860287544,0.8712343120497745,22561,0.8661136845760395,0.00968791513428884,0.8674957372516954,0.02498369233255199,"{'classifier__ccp_alpha': np.float64(0.009578493076612245), 'classifier__max_depth': 6, 'classifier__max_features': 'log2', 'classifier__max_leaf_nodes': 14, 'classifier__max_samples': np.float64(0.5313195823630112), 'classifier__min_impurity_decrease': np.float64(0.09843037490019345), 'classifier__min_samples_leaf': 7, 'classifier__min_samples_split': 4, 'classifier__n_estimators': 651, 'feature_selection_filter__k': 'all'}",23.922271728515625,"[0, 1, 2, 3, 4, 5, 6, 7, 8, 9, 10, 11, 12, 13, 14, 15, 16, 17, 18, 19, 20, 21, 22, 23, 24, 25, 26, 27, 28, 29, 30]","['Amount_log1p', 'V1', 'V2', 'V3', 'V4', 'V5', 'V6', 'V7', 'V8', 'V9', 'V10', 'V11', 'V12', 'V13', 'V14', 'V15', 'V16', 'V17', 'V18', 'V19', 'V20', 'V21', 'V22', 'V23', 'V24', 'V25', 'V26', 'V27', 'V28', 'Time_sin', 'Time_cos']"
CostSensitiveLearning_with_RandomUnderSampler___RandomizedSearchCV__niter_30__cv_5,10,10,RandomForestClassifier,resubstitution,356,22098,37,70,0.9952573024245379,0.905852417302799,0.8356807511737089,0.8693528693528694,0.99832843912356,0.001671560876440048,0.9170045951486344,0.9133914056552387,0.8676725685766066,0.8669416765150222,0.9654792242650996,0.8636448014121029,22561,0.8715933163899694,0.014036814655299656,0.8744301360511176,0.01999106649355079,"{'classifier__ccp_alpha': np.float64(0.008237817201180345), 'classifier__max_depth': 10, 'classifier__max_features': 'log2', 'classifier__max_leaf_nodes': 14, 'classifier__max_samples': np.float64(0.5637333614507193), 'classifier__min_impurity_decrease': np.float64(0.08210328639742197), 'classifier__min_samples_leaf': 1, 'classifier__min_samples_split': 9, 'classifier__n_estimators': 716, 'feature_selection_filter__k': 'all'}",23.123602628707886,"[0, 1, 2, 3, 4, 5, 6, 7, 8, 9, 10, 11, 12, 13, 14, 15, 16, 17, 18, 19, 20, 21, 22, 23, 24, 25, 26, 27, 28, 29, 30]","['Amount_log1p', 'V1', 'V2', 'V3', 'V4', 'V5', 'V6', 'V7', 'V8', 'V9', 'V10', 'V11', 'V12', 'V13', 'V14', 'V15', 'V16', 'V17', 'V18', 'V19', 'V20', 'V21', 'V22', 'V23', 'V24', 'V25', 'V26', 'V27', 'V28', 'Time_sin', 'Time_cos']"
