experiment_name,iteration,fold,model,split,tp,tn,fp,fn,accuracy,precision,recall,f1,specificity,fpr,balanced_accuracy,geometric_mean,mcc,kappa,roc_auc,average_precision,fold_size,cv_tuning_mean_train_score,cv_tuning_std_train_score,cv_tuning_mean_val_score,cv_tuning_std_val_score,best_params,tuning_time,selected_features_indices,selected_features_names
CostSensitiveLearning___RandomizedSearchCV__niter_30__cv_5,1,1,LogitBoostClassifier,resubstitution,330,22122,12,96,0.9952127659574468,0.9649122807017544,0.7746478873239436,0.859375,0.9994578476551911,0.0005421523448089216,0.8870528674895674,0.8799022162464587,0.8623220732192708,0.8569695637656228,0.9535767207079713,0.8498821658559765,22560,0.8599139227717989,0.005644347620967913,0.8436618718697335,0.015733798630202207,"{'classifier__ccp_alpha': np.float64(6.952130531190704e-05), 'classifier__learning_rate': np.float64(0.05681142678077596), 'classifier__max_depth': 1, 'classifier__max_features': 'log2', 'classifier__max_leaf_nodes': 6, 'classifier__min_impurity_decrease': np.float64(0.06924360328902704), 'classifier__min_samples_leaf': 8, 'classifier__min_samples_split': 16, 'classifier__n_estimators': 364, 'feature_selection_filter__k': 'all'}",66.10814642906189,"[0, 1, 2, 3, 4, 5, 6, 7, 8, 9, 10, 11, 12, 13, 14, 15, 16, 17, 18, 19, 20, 21, 22, 23, 24, 25, 26, 27, 28, 29, 30]","['Amount_log1p', 'V1', 'V2', 'V3', 'V4', 'V5', 'V6', 'V7', 'V8', 'V9', 'V10', 'V11', 'V12', 'V13', 'V14', 'V15', 'V16', 'V17', 'V18', 'V19', 'V20', 'V21', 'V22', 'V23', 'V24', 'V25', 'V26', 'V27', 'V28', 'Time_sin', 'Time_cos']"
CostSensitiveLearning___RandomizedSearchCV__niter_30__cv_5,1,2,LogitBoostClassifier,resubstitution,346,22123,11,80,0.9959663120567376,0.969187675070028,0.812206572769953,0.8837803320561941,0.9995030270172586,0.0004969729827414282,0.9058547998936057,0.9010010699476896,0.8853102594223907,0.881744088068443,0.9632614896632588,0.8847687490861466,22560,0.8901571398143922,0.005641760794947977,0.8640833791307919,0.01246865601940437,"{'classifier__ccp_alpha': np.float64(5.129549064456951e-05), 'classifier__learning_rate': np.float64(0.06344187076859988), 'classifier__max_depth': 3, 'classifier__max_features': 'sqrt', 'classifier__max_leaf_nodes': 10, 'classifier__min_impurity_decrease': np.float64(0.09086627578310878), 'classifier__min_samples_leaf': 8, 'classifier__min_samples_split': 5, 'classifier__n_estimators': 168, 'feature_selection_filter__k': 26}",45.84929871559143,"[0, 1, 2, 3, 4, 5, 6, 7, 8, 9, 10, 11, 12, 14, 16, 17, 18, 19, 20, 21, 22, 23, 24, 27, 28, 29]","['Amount_log1p', 'V1', 'V2', 'V3', 'V4', 'V5', 'V6', 'V7', 'V8', 'V9', 'V10', 'V11', 'V12', 'V14', 'V16', 'V17', 'V18', 'V19', 'V20', 'V21', 'V22', 'V23', 'V24', 'V27', 'V28', 'Time_sin']"
CostSensitiveLearning___RandomizedSearchCV__niter_30__cv_5,1,3,LogitBoostClassifier,resubstitution,350,22087,47,76,0.9945478723404255,0.8816120906801007,0.8215962441314554,0.850546780072904,0.9978765699828318,0.002123430017168193,0.9097364070571436,0.9054565931090645,0.848320137096603,0.8477735799870051,0.9095913240352934,0.717140197802281,22560,0.8517617809094983,0.006183667547685513,0.8419569834422868,0.02367907596514898,"{'classifier__ccp_alpha': np.float64(0.000776011435903885), 'classifier__learning_rate': np.float64(0.17441638481425956), 'classifier__max_depth': 2, 'classifier__max_features': 'log2', 'classifier__max_leaf_nodes': 3, 'classifier__min_impurity_decrease': np.float64(0.00484541488022251), 'classifier__min_samples_leaf': 1, 'classifier__min_samples_split': 20, 'classifier__n_estimators': 248, 'feature_selection_filter__k': 22}",40.85040545463562,"[1, 2, 3, 4, 5, 6, 7, 8, 9, 10, 11, 12, 14, 16, 17, 18, 19, 20, 21, 27, 28, 29]","['V1', 'V2', 'V3', 'V4', 'V5', 'V6', 'V7', 'V8', 'V9', 'V10', 'V11', 'V12', 'V14', 'V16', 'V17', 'V18', 'V19', 'V20', 'V21', 'V27', 'V28', 'Time_sin']"
CostSensitiveLearning___RandomizedSearchCV__niter_30__cv_5,1,4,LogitBoostClassifier,resubstitution,306,22130,4,120,0.9945035460992908,0.9870967741935484,0.7183098591549296,0.8315217391304348,0.9998192825517304,0.00018071744826964053,0.85906457085333,0.8474550418931475,0.839636768601677,0.8287984607136825,0.9288990319738375,0.8437751758687676,22560,0.830931012047418,0.010232458098337139,0.8213089177997075,0.030149547346737686,"{'classifier__ccp_alpha': np.float64(0.0006085647078423318), 'classifier__learning_rate': np.float64(0.023926192447705347), 'classifier__max_depth': 2, 'classifier__max_features': 'log2', 'classifier__max_leaf_nodes': 13, 'classifier__min_impurity_decrease': np.float64(0.08277189129825646), 'classifier__min_samples_leaf': 7, 'classifier__min_samples_split': 18, 'classifier__n_estimators': 294, 'feature_selection_filter__k': 22}",39.36139893531799,"[0, 1, 2, 3, 4, 5, 6, 7, 8, 9, 10, 11, 12, 14, 16, 17, 18, 19, 20, 21, 27, 29]","['Amount_log1p', 'V1', 'V2', 'V3', 'V4', 'V5', 'V6', 'V7', 'V8', 'V9', 'V10', 'V11', 'V12', 'V14', 'V16', 'V17', 'V18', 'V19', 'V20', 'V21', 'V27', 'Time_sin']"
CostSensitiveLearning___RandomizedSearchCV__niter_30__cv_5,1,5,LogitBoostClassifier,resubstitution,348,22128,7,77,0.9962765957446809,0.9802816901408451,0.8188235294117647,0.8923076923076924,0.9996837587531059,0.00031624124689411115,0.9092536440824353,0.904745590560041,0.8941640679302588,0.8904287642996117,0.9605600393308442,0.876984663707792,22560,0.8947520846606094,0.007514496778715165,0.8818969798065301,0.009289443136114647,"{'classifier__ccp_alpha': np.float64(7.611268721885667e-05), 'classifier__learning_rate': np.float64(0.04160009092780548), 'classifier__max_depth': 3, 'classifier__max_features': 'sqrt', 'classifier__max_leaf_nodes': 16, 'classifier__min_impurity_decrease': np.float64(0.023985188369766652), 'classifier__min_samples_leaf': 2, 'classifier__min_samples_split': 7, 'classifier__n_estimators': 245, 'feature_selection_filter__k': 20}",73.67308712005615,"[1, 2, 3, 4, 5, 6, 7, 8, 9, 10, 11, 12, 14, 16, 17, 18, 19, 20, 21, 27]","['V1', 'V2', 'V3', 'V4', 'V5', 'V6', 'V7', 'V8', 'V9', 'V10', 'V11', 'V12', 'V14', 'V16', 'V17', 'V18', 'V19', 'V20', 'V21', 'V27']"
CostSensitiveLearning___RandomizedSearchCV__niter_30__cv_5,1,6,LogitBoostClassifier,resubstitution,298,22131,4,127,0.9941932624113475,0.9867549668874173,0.7011764705882353,0.8198074277854195,0.9998192907160606,0.00018070928393942864,0.8504978806521479,0.8372871439896352,0.8292836053230405,0.816942324344882,0.930560916302369,0.8467550959885232,22560,0.8278136807178301,0.008412064488809615,0.8190241020298548,0.012462729720270065,"{'classifier__ccp_alpha': np.float64(0.0007667126465563834), 'classifier__learning_rate': np.float64(0.048955652099896746), 'classifier__max_depth': 2, 'classifier__max_features': 'sqrt', 'classifier__max_leaf_nodes': 16, 'classifier__min_impurity_decrease': np.float64(0.08609630351903892), 'classifier__min_samples_leaf': 2, 'classifier__min_samples_split': 13, 'classifier__n_estimators': 66, 'feature_selection_filter__k': 22}",53.20171022415161,"[1, 2, 3, 4, 5, 6, 7, 8, 9, 10, 11, 12, 14, 16, 17, 18, 19, 20, 21, 27, 28, 29]","['V1', 'V2', 'V3', 'V4', 'V5', 'V6', 'V7', 'V8', 'V9', 'V10', 'V11', 'V12', 'V14', 'V16', 'V17', 'V18', 'V19', 'V20', 'V21', 'V27', 'V28', 'Time_sin']"
CostSensitiveLearning___RandomizedSearchCV__niter_30__cv_5,1,7,LogitBoostClassifier,resubstitution,305,22120,15,120,0.9940159574468085,0.953125,0.7176470588235294,0.8187919463087249,0.999322340185227,0.0006776598147729684,0.8584846995043782,0.8468534337478798,0.8243136044658682,0.8158111180995694,0.9247407486147836,0.8324853191799848,22560,0.839927791588214,0.020500572183696986,0.8213287058916618,0.026119808871935296,"{'classifier__ccp_alpha': np.float64(0.0001749027093115263), 'classifier__learning_rate': np.float64(0.2074731128995951), 'classifier__max_depth': 1, 'classifier__max_features': 'sqrt', 'classifier__max_leaf_nodes': 8, 'classifier__min_impurity_decrease': np.float64(0.07920342606554294), 'classifier__min_samples_leaf': 1, 'classifier__min_samples_split': 14, 'classifier__n_estimators': 207, 'feature_selection_filter__k': 20}",36.26442837715149,"[1, 2, 3, 4, 5, 6, 7, 8, 9, 10, 11, 12, 14, 16, 17, 18, 19, 20, 21, 27]","['V1', 'V2', 'V3', 'V4', 'V5', 'V6', 'V7', 'V8', 'V9', 'V10', 'V11', 'V12', 'V14', 'V16', 'V17', 'V18', 'V19', 'V20', 'V21', 'V27']"
CostSensitiveLearning___RandomizedSearchCV__niter_30__cv_5,1,8,LogitBoostClassifier,resubstitution,306,22116,19,120,0.9938389255795399,0.9415384615384615,0.7183098591549296,0.8149134487350199,0.9991416309012876,0.0008583690987123971,0.8587257450281086,0.847167801659465,0.819534218119633,0.811838373600651,0.8587257450281086,0.681635272865384,22561,0.8142978165746578,0.007517038481749258,0.8094465600003579,0.03305754557016603,"{'classifier__ccp_alpha': np.float64(0.0076975446818543574), 'classifier__learning_rate': np.float64(0.21078540240909513), 'classifier__max_depth': 3, 'classifier__max_features': 'log2', 'classifier__max_leaf_nodes': 3, 'classifier__min_impurity_decrease': np.float64(0.03357324484155534), 'classifier__min_samples_leaf': 9, 'classifier__min_samples_split': 5, 'classifier__n_estimators': 346, 'feature_selection_filter__k': 'all'}",43.26771140098572,"[0, 1, 2, 3, 4, 5, 6, 7, 8, 9, 10, 11, 12, 13, 14, 15, 16, 17, 18, 19, 20, 21, 22, 23, 24, 25, 26, 27, 28, 29, 30]","['Amount_log1p', 'V1', 'V2', 'V3', 'V4', 'V5', 'V6', 'V7', 'V8', 'V9', 'V10', 'V11', 'V12', 'V13', 'V14', 'V15', 'V16', 'V17', 'V18', 'V19', 'V20', 'V21', 'V22', 'V23', 'V24', 'V25', 'V26', 'V27', 'V28', 'Time_sin', 'Time_cos']"
CostSensitiveLearning___RandomizedSearchCV__niter_30__cv_5,1,9,LogitBoostClassifier,resubstitution,334,22117,18,92,0.9951243295953194,0.9488636363636364,0.784037558685446,0.8586118251928021,0.9991868082222725,0.0008131917777275399,0.8916121834538593,0.8850988565066014,0.8601910494352153,0.856154051162512,0.897429717981104,0.7743341536050105,22561,0.8522987030633573,0.0070553831273913676,0.8339734455575216,0.03311218434000772,"{'classifier__ccp_alpha': np.float64(0.0002283521761259677), 'classifier__learning_rate': np.float64(0.22326581419952574), 'classifier__max_depth': 3, 'classifier__max_features': 'sqrt', 'classifier__max_leaf_nodes': 7, 'classifier__min_impurity_decrease': np.float64(0.03343432715023714), 'classifier__min_samples_leaf': 8, 'classifier__min_samples_split': 13, 'classifier__n_estimators': 128, 'feature_selection_filter__k': 26}",48.29061317443848,"[0, 1, 2, 3, 4, 5, 6, 7, 8, 9, 10, 11, 12, 14, 16, 17, 18, 19, 20, 21, 22, 23, 24, 27, 28, 29]","['Amount_log1p', 'V1', 'V2', 'V3', 'V4', 'V5', 'V6', 'V7', 'V8', 'V9', 'V10', 'V11', 'V12', 'V14', 'V16', 'V17', 'V18', 'V19', 'V20', 'V21', 'V22', 'V23', 'V24', 'V27', 'V28', 'Time_sin']"
CostSensitiveLearning___RandomizedSearchCV__niter_30__cv_5,1,10,LogitBoostClassifier,resubstitution,326,22130,5,100,0.9953459509773503,0.9848942598187311,0.7652582159624414,0.8612945838837517,0.9997741133950757,0.0002258866049242858,0.8825161646787585,0.8746915767184151,0.8660453272099589,0.8589657530229959,0.9554796590703016,0.8545987256887504,22561,0.8630893769420951,0.011515821225008582,0.8513782486385226,0.0382649257568142,"{'classifier__ccp_alpha': np.float64(0.00030807536577887376), 'classifier__learning_rate': np.float64(0.012212025098462996), 'classifier__max_depth': 3, 'classifier__max_features': 'log2', 'classifier__max_leaf_nodes': 9, 'classifier__min_impurity_decrease': np.float64(0.06391391135990555), 'classifier__min_samples_leaf': 9, 'classifier__min_samples_split': 4, 'classifier__n_estimators': 208, 'feature_selection_filter__k': 22}",55.49214458465576,"[1, 2, 3, 4, 5, 6, 7, 8, 9, 10, 11, 12, 14, 16, 17, 18, 19, 20, 21, 27, 28, 29]","['V1', 'V2', 'V3', 'V4', 'V5', 'V6', 'V7', 'V8', 'V9', 'V10', 'V11', 'V12', 'V14', 'V16', 'V17', 'V18', 'V19', 'V20', 'V21', 'V27', 'V28', 'Time_sin']"
CostSensitiveLearning___RandomizedSearchCV__niter_30__cv_5,2,1,LogitBoostClassifier,resubstitution,327,22130,4,99,0.9954343971631205,0.9879154078549849,0.7676056338028169,0.8639365918097754,0.9998192825517304,0.00018071744826964053,0.8837124581772736,0.8760518900564045,0.8687537416759523,0.8616520166697745,0.9569516508708588,0.8610774105052909,22560,0.8642591981392123,0.007716478058827769,0.8549355843626024,0.041282276812952705,"{'classifier__ccp_alpha': np.float64(0.00017670713942223194), 'classifier__learning_rate': np.float64(0.017673995075606404), 'classifier__max_depth': 2, 'classifier__max_features': 'sqrt', 'classifier__max_leaf_nodes': 17, 'classifier__min_impurity_decrease': np.float64(0.029217693267069744), 'classifier__min_samples_leaf': 9, 'classifier__min_samples_split': 4, 'classifier__n_estimators': 168, 'feature_selection_filter__k': 'all'}",51.9461395740509,"[0, 1, 2, 3, 4, 5, 6, 7, 8, 9, 10, 11, 12, 13, 14, 15, 16, 17, 18, 19, 20, 21, 22, 23, 24, 25, 26, 27, 28, 29, 30]","['Amount_log1p', 'V1', 'V2', 'V3', 'V4', 'V5', 'V6', 'V7', 'V8', 'V9', 'V10', 'V11', 'V12', 'V13', 'V14', 'V15', 'V16', 'V17', 'V18', 'V19', 'V20', 'V21', 'V22', 'V23', 'V24', 'V25', 'V26', 'V27', 'V28', 'Time_sin', 'Time_cos']"
CostSensitiveLearning___RandomizedSearchCV__niter_30__cv_5,2,2,LogitBoostClassifier,resubstitution,341,22126,8,85,0.995877659574468,0.9770773638968482,0.8004694835680751,0.88,0.9996385651034607,0.00036143489653928107,0.900054024335768,0.8945279011652453,0.882442917957236,0.8779238678946895,0.9711383417519668,0.8740583700797803,22560,0.8846138311890936,0.006656406454794862,0.867604996581167,0.01893863192254905,"{'classifier__ccp_alpha': np.float64(2.6503364006161822e-05), 'classifier__learning_rate': np.float64(0.07297047216967711), 'classifier__max_depth': 2, 'classifier__max_features': 'sqrt', 'classifier__max_leaf_nodes': 7, 'classifier__min_impurity_decrease': np.float64(0.027750729548186318), 'classifier__min_samples_leaf': 8, 'classifier__min_samples_split': 2, 'classifier__n_estimators': 51, 'feature_selection_filter__k': 24}",52.84744071960449,"[0, 1, 2, 3, 4, 5, 6, 7, 8, 9, 10, 11, 12, 14, 16, 17, 18, 19, 20, 21, 23, 27, 28, 29]","['Amount_log1p', 'V1', 'V2', 'V3', 'V4', 'V5', 'V6', 'V7', 'V8', 'V9', 'V10', 'V11', 'V12', 'V14', 'V16', 'V17', 'V18', 'V19', 'V20', 'V21', 'V23', 'V27', 'V28', 'Time_sin']"
CostSensitiveLearning___RandomizedSearchCV__niter_30__cv_5,2,3,LogitBoostClassifier,resubstitution,310,22117,17,116,0.994104609929078,0.9480122324159022,0.7276995305164319,0.8233731739707836,0.999231950844854,0.0007680491551459445,0.863465740680643,0.8527254080340392,0.8278569886195858,0.8204281313939801,0.863465740680643,0.6950099004245177,22560,0.8235384586615669,0.00772804839205197,0.8151819274212929,0.0315069876227723,"{'classifier__ccp_alpha': np.float64(0.006029453355604614), 'classifier__learning_rate': np.float64(0.2491017877860459), 'classifier__max_depth': 1, 'classifier__max_features': 'sqrt', 'classifier__max_leaf_nodes': 18, 'classifier__min_impurity_decrease': np.float64(0.07740224484006808), 'classifier__min_samples_leaf': 7, 'classifier__min_samples_split': 17, 'classifier__n_estimators': 98, 'feature_selection_filter__k': 'all'}",45.71929311752319,"[0, 1, 2, 3, 4, 5, 6, 7, 8, 9, 10, 11, 12, 13, 14, 15, 16, 17, 18, 19, 20, 21, 22, 23, 24, 25, 26, 27, 28, 29, 30]","['Amount_log1p', 'V1', 'V2', 'V3', 'V4', 'V5', 'V6', 'V7', 'V8', 'V9', 'V10', 'V11', 'V12', 'V13', 'V14', 'V15', 'V16', 'V17', 'V18', 'V19', 'V20', 'V21', 'V22', 'V23', 'V24', 'V25', 'V26', 'V27', 'V28', 'Time_sin', 'Time_cos']"
CostSensitiveLearning___RandomizedSearchCV__niter_30__cv_5,2,4,LogitBoostClassifier,resubstitution,321,22125,9,105,0.9949468085106383,0.9727272727272728,0.7535211267605634,0.8492063492063492,0.9995933857413933,0.00040661425860666345,0.8765572562509784,0.8678794468854883,0.8538253947694174,0.8466788282004507,0.9228729429072856,0.8320242674444054,22560,0.856021192252572,0.006409997007115992,0.834950387988344,0.007183096592217808,"{'classifier__ccp_alpha': np.float64(0.00025780808123257893), 'classifier__learning_rate': np.float64(0.11295884758142559), 'classifier__max_depth': 3, 'classifier__max_features': 'sqrt', 'classifier__max_leaf_nodes': 18, 'classifier__min_impurity_decrease': np.float64(0.04166660032319013), 'classifier__min_samples_leaf': 2, 'classifier__min_samples_split': 11, 'classifier__n_estimators': 79, 'feature_selection_filter__k': 28}",57.38359618186951,"[0, 1, 2, 3, 4, 5, 6, 7, 8, 9, 10, 11, 12, 14, 16, 17, 18, 19, 20, 21, 22, 23, 24, 26, 27, 28, 29, 30]","['Amount_log1p', 'V1', 'V2', 'V3', 'V4', 'V5', 'V6', 'V7', 'V8', 'V9', 'V10', 'V11', 'V12', 'V14', 'V16', 'V17', 'V18', 'V19', 'V20', 'V21', 'V22', 'V23', 'V24', 'V26', 'V27', 'V28', 'Time_sin', 'Time_cos']"
CostSensitiveLearning___RandomizedSearchCV__niter_30__cv_5,2,5,LogitBoostClassifier,resubstitution,327,22122,13,98,0.9950797872340426,0.961764705882353,0.7694117647058824,0.8549019607843137,0.9994126948271967,0.0005873051728032541,0.8844122297665395,0.8769035780497505,0.8579262061774047,0.8524308461112355,0.9118924248262665,0.7960982388726145,22560,0.8772680356029268,0.007595534777517828,0.8392377853235239,0.02918205915102646,"{'classifier__ccp_alpha': np.float64(8.214398280637303e-05), 'classifier__learning_rate': np.float64(0.2654038852221953), 'classifier__max_depth': 3, 'classifier__max_features': 'log2', 'classifier__max_leaf_nodes': 8, 'classifier__min_impurity_decrease': np.float64(0.09754682688113384), 'classifier__min_samples_leaf': 4, 'classifier__min_samples_split': 20, 'classifier__n_estimators': 119, 'feature_selection_filter__k': 'all'}",48.482744455337524,"[0, 1, 2, 3, 4, 5, 6, 7, 8, 9, 10, 11, 12, 13, 14, 15, 16, 17, 18, 19, 20, 21, 22, 23, 24, 25, 26, 27, 28, 29, 30]","['Amount_log1p', 'V1', 'V2', 'V3', 'V4', 'V5', 'V6', 'V7', 'V8', 'V9', 'V10', 'V11', 'V12', 'V13', 'V14', 'V15', 'V16', 'V17', 'V18', 'V19', 'V20', 'V21', 'V22', 'V23', 'V24', 'V25', 'V26', 'V27', 'V28', 'Time_sin', 'Time_cos']"
CostSensitiveLearning___RandomizedSearchCV__niter_30__cv_5,2,6,LogitBoostClassifier,resubstitution,326,22103,32,99,0.9941932624113475,0.9106145251396648,0.7670588235294118,0.8326947637292464,0.9985543257284843,0.0014456742715156512,0.8828065746289481,0.8751856410633667,0.8329252914344535,0.8297621338027601,0.8828499448570936,0.7078085262989067,22560,0.8186175361373653,0.020034266854715592,0.8201058958825408,0.010755082374100321,"{'classifier__ccp_alpha': np.float64(0.0021555631013948718), 'classifier__learning_rate': np.float64(0.2279332111646338), 'classifier__max_depth': 3, 'classifier__max_features': 'sqrt', 'classifier__max_leaf_nodes': 14, 'classifier__min_impurity_decrease': np.float64(0.07203713741696212), 'classifier__min_samples_leaf': 4, 'classifier__min_samples_split': 3, 'classifier__n_estimators': 347, 'feature_selection_filter__k': 26}",41.94689679145813,"[0, 1, 2, 3, 4, 5, 6, 7, 8, 9, 10, 11, 12, 14, 16, 17, 18, 19, 20, 21, 23, 24, 25, 27, 28, 29]","['Amount_log1p', 'V1', 'V2', 'V3', 'V4', 'V5', 'V6', 'V7', 'V8', 'V9', 'V10', 'V11', 'V12', 'V14', 'V16', 'V17', 'V18', 'V19', 'V20', 'V21', 'V23', 'V24', 'V25', 'V27', 'V28', 'Time_sin']"
CostSensitiveLearning___RandomizedSearchCV__niter_30__cv_5,2,7,LogitBoostClassifier,resubstitution,310,22129,6,115,0.994636524822695,0.9810126582278481,0.7294117647058823,0.8367071524966262,0.9997289360740909,0.00027106392590914297,0.8645703503899866,0.8539403067482743,0.8435203899044009,0.8340405973604663,0.9628244329581844,0.8515508143665316,22560,0.8394939704727676,0.005520846783560582,0.8390772130624515,0.017074791367833724,"{'classifier__ccp_alpha': np.float64(0.00017440138610337776), 'classifier__learning_rate': np.float64(0.03197845427387606), 'classifier__max_depth': 1, 'classifier__max_features': 'log2', 'classifier__max_leaf_nodes': 16, 'classifier__min_impurity_decrease': np.float64(0.05722699220108516), 'classifier__min_samples_leaf': 7, 'classifier__min_samples_split': 20, 'classifier__n_estimators': 348, 'feature_selection_filter__k': 28}",55.566077709198,"[0, 1, 2, 3, 4, 5, 6, 7, 8, 9, 10, 11, 12, 13, 14, 16, 17, 18, 19, 20, 21, 23, 24, 25, 26, 27, 28, 29]","['Amount_log1p', 'V1', 'V2', 'V3', 'V4', 'V5', 'V6', 'V7', 'V8', 'V9', 'V10', 'V11', 'V12', 'V13', 'V14', 'V16', 'V17', 'V18', 'V19', 'V20', 'V21', 'V23', 'V24', 'V25', 'V26', 'V27', 'V28', 'Time_sin']"
CostSensitiveLearning___RandomizedSearchCV__niter_30__cv_5,2,8,LogitBoostClassifier,resubstitution,305,22122,13,121,0.9940605469615709,0.9591194968553459,0.715962441314554,0.8198924731182796,0.9994126948271967,0.0005873051728032541,0.8576875680708753,0.8458971290111093,0.825977397783477,0.8169376294018426,0.8576875680708754,0.6920567739260888,22561,0.8196219447724236,0.00631257385402859,0.8129838592443625,0.027839448066651118,"{'classifier__ccp_alpha': np.float64(0.006402280585323164), 'classifier__learning_rate': np.float64(0.22323321870494942), 'classifier__max_depth': 1, 'classifier__max_features': 'sqrt', 'classifier__max_leaf_nodes': 5, 'classifier__min_impurity_decrease': np.float64(0.04432594154793739), 'classifier__min_samples_leaf': 4, 'classifier__min_samples_split': 18, 'classifier__n_estimators': 256, 'feature_selection_filter__k': 20}",31.244593381881714,"[1, 2, 3, 4, 5, 6, 7, 8, 9, 10, 11, 12, 14, 16, 17, 18, 19, 20, 21, 27]","['V1', 'V2', 'V3', 'V4', 'V5', 'V6', 'V7', 'V8', 'V9', 'V10', 'V11', 'V12', 'V14', 'V16', 'V17', 'V18', 'V19', 'V20', 'V21', 'V27']"
CostSensitiveLearning___RandomizedSearchCV__niter_30__cv_5,2,9,LogitBoostClassifier,resubstitution,313,22130,5,113,0.9947697353840699,0.9842767295597484,0.7347417840375586,0.8413978494623656,0.9997741133950757,0.0002258866049242858,0.8672579487163172,0.8570739849688978,0.8480774616575254,0.8387958229061001,0.9334092651686036,0.8429531347144441,22561,0.8517073601151812,0.0046618036866111915,0.8401118083107603,0.010910680670468667,"{'classifier__ccp_alpha': np.float64(0.0002937152540713983), 'classifier__learning_rate': np.float64(0.016279605807104063), 'classifier__max_depth': 2, 'classifier__max_features': 'sqrt', 'classifier__max_leaf_nodes': 19, 'classifier__min_impurity_decrease': np.float64(0.0688342887942772), 'classifier__min_samples_leaf': 9, 'classifier__min_samples_split': 8, 'classifier__n_estimators': 313, 'feature_selection_filter__k': 26}",67.18249917030334,"[0, 1, 2, 3, 4, 5, 6, 7, 8, 9, 10, 11, 12, 14, 16, 17, 18, 19, 20, 21, 22, 23, 24, 27, 28, 29]","['Amount_log1p', 'V1', 'V2', 'V3', 'V4', 'V5', 'V6', 'V7', 'V8', 'V9', 'V10', 'V11', 'V12', 'V14', 'V16', 'V17', 'V18', 'V19', 'V20', 'V21', 'V22', 'V23', 'V24', 'V27', 'V28', 'Time_sin']"
CostSensitiveLearning___RandomizedSearchCV__niter_30__cv_5,2,10,LogitBoostClassifier,resubstitution,319,22115,20,107,0.9943708168964142,0.9410029498525073,0.7488262910798122,0.8339869281045752,0.9990964535803026,0.0009035464196973653,0.8739613723300574,0.8649564681332419,0.8367772851593026,0.831161455426607,0.9484992327278936,0.8383616883881572,22561,0.8473150825126148,0.004804202832531148,0.821279141688745,0.05116465222774456,"{'classifier__ccp_alpha': np.float64(0.00010345279282380383), 'classifier__learning_rate': np.float64(0.13651310843114844), 'classifier__max_depth': 2, 'classifier__max_features': 'sqrt', 'classifier__max_leaf_nodes': 8, 'classifier__min_impurity_decrease': np.float64(0.06886772102466854), 'classifier__min_samples_leaf': 9, 'classifier__min_samples_split': 12, 'classifier__n_estimators': 346, 'feature_selection_filter__k': 20}",50.636436223983765,"[1, 2, 3, 4, 5, 6, 7, 8, 9, 10, 11, 12, 14, 16, 17, 18, 19, 20, 21, 27]","['V1', 'V2', 'V3', 'V4', 'V5', 'V6', 'V7', 'V8', 'V9', 'V10', 'V11', 'V12', 'V14', 'V16', 'V17', 'V18', 'V19', 'V20', 'V21', 'V27']"
CostSensitiveLearning___RandomizedSearchCV__niter_30__cv_5,3,1,LogitBoostClassifier,resubstitution,310,22128,6,116,0.9945921985815603,0.9810126582278481,0.7276995305164319,0.8355795148247979,0.9997289238275956,0.0002710761724044053,0.8637142271720137,0.852937435286457,0.842509977819074,0.8328918109992977,0.9425136100176857,0.8566349768519521,22560,0.8484046487011815,0.01826725914222432,0.8231830240336482,0.04580055209741282,"{'classifier__ccp_alpha': np.float64(0.00033754710423208325), 'classifier__learning_rate': np.float64(0.05278020781441327), 'classifier__max_depth': 3, 'classifier__max_features': 'log2', 'classifier__max_leaf_nodes': 19, 'classifier__min_impurity_decrease': np.float64(0.08864141351799909), 'classifier__min_samples_leaf': 6, 'classifier__min_samples_split': 3, 'classifier__n_estimators': 143, 'feature_selection_filter__k': 22}",52.15574502944946,"[1, 2, 3, 4, 5, 6, 7, 8, 9, 10, 11, 12, 14, 16, 17, 18, 19, 20, 21, 27, 28, 29]","['V1', 'V2', 'V3', 'V4', 'V5', 'V6', 'V7', 'V8', 'V9', 'V10', 'V11', 'V12', 'V14', 'V16', 'V17', 'V18', 'V19', 'V20', 'V21', 'V27', 'V28', 'Time_sin']"
CostSensitiveLearning___RandomizedSearchCV__niter_30__cv_5,3,2,LogitBoostClassifier,resubstitution,310,22129,5,116,0.994636524822695,0.9841269841269841,0.7276995305164319,0.8367071524966262,0.999774103189663,0.0002258968103370229,0.8637368168530475,0.8529567078777237,0.8438796769476308,0.8340428170699233,0.926692667071372,0.8379790497850288,22560,0.8264104204010202,0.015291407624805872,0.828540645370391,0.030361853942682922,"{'classifier__ccp_alpha': np.float64(0.0005951217864379377), 'classifier__learning_rate': np.float64(0.07004701564146212), 'classifier__max_depth': 2, 'classifier__max_features': 'log2', 'classifier__max_leaf_nodes': 6, 'classifier__min_impurity_decrease': np.float64(0.0622534049239892), 'classifier__min_samples_leaf': 9, 'classifier__min_samples_split': 11, 'classifier__n_estimators': 116, 'feature_selection_filter__k': 22}",44.59854340553284,"[1, 2, 3, 4, 5, 6, 7, 8, 9, 10, 11, 12, 14, 16, 17, 18, 19, 20, 21, 27, 28, 29]","['V1', 'V2', 'V3', 'V4', 'V5', 'V6', 'V7', 'V8', 'V9', 'V10', 'V11', 'V12', 'V14', 'V16', 'V17', 'V18', 'V19', 'V20', 'V21', 'V27', 'V28', 'Time_sin']"
CostSensitiveLearning___RandomizedSearchCV__niter_30__cv_5,3,3,LogitBoostClassifier,resubstitution,354,22127,7,72,0.9964982269503546,0.9806094182825484,0.8309859154929577,0.8996188055908514,0.9996837444655281,0.0003162555344718987,0.915334829979243,0.9114401305615827,0.9010373504550937,0.8978492072171337,0.9706528757194228,0.9028218261840609,22560,0.9033556259973613,0.004322509302506748,0.8814636546250565,0.02650765872532545,"{'classifier__ccp_alpha': np.float64(2.6576994200686598e-05), 'classifier__learning_rate': np.float64(0.07973908972855985), 'classifier__max_depth': 3, 'classifier__max_features': 'sqrt', 'classifier__max_leaf_nodes': 18, 'classifier__min_impurity_decrease': np.float64(0.05023664025447751), 'classifier__min_samples_leaf': 3, 'classifier__min_samples_split': 4, 'classifier__n_estimators': 143, 'feature_selection_filter__k': 20}",48.80820322036743,"[1, 2, 3, 4, 5, 6, 7, 8, 9, 10, 11, 12, 14, 16, 17, 18, 19, 20, 21, 27]","['V1', 'V2', 'V3', 'V4', 'V5', 'V6', 'V7', 'V8', 'V9', 'V10', 'V11', 'V12', 'V14', 'V16', 'V17', 'V18', 'V19', 'V20', 'V21', 'V27']"
CostSensitiveLearning___RandomizedSearchCV__niter_30__cv_5,3,4,LogitBoostClassifier,resubstitution,321,22130,4,105,0.9951684397163121,0.9876923076923076,0.7535211267605634,0.8548601864181092,0.9998192825517304,0.00018071744826964053,0.8766702046561469,0.8679775068199164,0.860529511099449,0.8524486879007492,0.9614132189298558,0.8581498698381125,22560,0.8561155662580345,0.008552695623540786,0.85205463953241,0.04082544487860199,"{'classifier__ccp_alpha': np.float64(8.444157467248915e-05), 'classifier__learning_rate': np.float64(0.01801757483807611), 'classifier__max_depth': 1, 'classifier__max_features': 'sqrt', 'classifier__max_leaf_nodes': 16, 'classifier__min_impurity_decrease': np.float64(0.010579117354108004), 'classifier__min_samples_leaf': 1, 'classifier__min_samples_split': 15, 'classifier__n_estimators': 385, 'feature_selection_filter__k': 28}",73.27139592170715,"[0, 1, 2, 3, 4, 5, 6, 7, 8, 9, 10, 11, 12, 14, 16, 17, 18, 19, 20, 21, 22, 23, 24, 26, 27, 28, 29, 30]","['Amount_log1p', 'V1', 'V2', 'V3', 'V4', 'V5', 'V6', 'V7', 'V8', 'V9', 'V10', 'V11', 'V12', 'V14', 'V16', 'V17', 'V18', 'V19', 'V20', 'V21', 'V22', 'V23', 'V24', 'V26', 'V27', 'V28', 'Time_sin', 'Time_cos']"
CostSensitiveLearning___RandomizedSearchCV__niter_30__cv_5,3,5,LogitBoostClassifier,resubstitution,355,22125,10,70,0.9964539007092199,0.9726027397260274,0.8352941176470589,0.8987341772151899,0.9995482267901513,0.00045177320984868263,0.9174211722186051,0.913737792882817,0.899631576065971,0.8969401244278972,0.9829609747671375,0.9133905074092226,22560,0.8982078901819553,0.009343632412104327,0.8873751147689475,0.02880041342787618,"{'classifier__ccp_alpha': np.float64(5.133529399045101e-06), 'classifier__learning_rate': np.float64(0.06693046987361338), 'classifier__max_depth': 2, 'classifier__max_features': 'sqrt', 'classifier__max_leaf_nodes': 17, 'classifier__min_impurity_decrease': np.float64(0.021605432826126036), 'classifier__min_samples_leaf': 9, 'classifier__min_samples_split': 10, 'classifier__n_estimators': 101, 'feature_selection_filter__k': 'all'}",72.50964069366455,"[0, 1, 2, 3, 4, 5, 6, 7, 8, 9, 10, 11, 12, 13, 14, 15, 16, 17, 18, 19, 20, 21, 22, 23, 24, 25, 26, 27, 28, 29, 30]","['Amount_log1p', 'V1', 'V2', 'V3', 'V4', 'V5', 'V6', 'V7', 'V8', 'V9', 'V10', 'V11', 'V12', 'V13', 'V14', 'V15', 'V16', 'V17', 'V18', 'V19', 'V20', 'V21', 'V22', 'V23', 'V24', 'V25', 'V26', 'V27', 'V28', 'Time_sin', 'Time_cos']"
CostSensitiveLearning___RandomizedSearchCV__niter_30__cv_5,3,6,LogitBoostClassifier,resubstitution,325,22107,28,100,0.9943262411347518,0.9206798866855525,0.7647058823529411,0.8354755784061697,0.9987350350124238,0.0012649649875762226,0.8817204586826825,0.8739213672785275,0.8363293957784615,0.832614077626288,0.8818762407153962,0.7269775500114055,22560,0.8420448720374324,0.00928943068916888,0.8307210260188604,0.037224535060622614,"{'classifier__ccp_alpha': np.float64(0.0002583566345362043), 'classifier__learning_rate': np.float64(0.2180052881157295), 'classifier__max_depth': 3, 'classifier__max_features': 'log2', 'classifier__max_leaf_nodes': 11, 'classifier__min_impurity_decrease': np.float64(0.012985103713158752), 'classifier__min_samples_leaf': 1, 'classifier__min_samples_split': 13, 'classifier__n_estimators': 266, 'feature_selection_filter__k': 'all'}",47.80381751060486,"[0, 1, 2, 3, 4, 5, 6, 7, 8, 9, 10, 11, 12, 13, 14, 15, 16, 17, 18, 19, 20, 21, 22, 23, 24, 25, 26, 27, 28, 29, 30]","['Amount_log1p', 'V1', 'V2', 'V3', 'V4', 'V5', 'V6', 'V7', 'V8', 'V9', 'V10', 'V11', 'V12', 'V13', 'V14', 'V15', 'V16', 'V17', 'V18', 'V19', 'V20', 'V21', 'V22', 'V23', 'V24', 'V25', 'V26', 'V27', 'V28', 'Time_sin', 'Time_cos']"
CostSensitiveLearning___RandomizedSearchCV__niter_30__cv_5,3,7,LogitBoostClassifier,resubstitution,300,22116,19,125,0.9936170212765958,0.9404388714733543,0.7058823529411765,0.8064516129032258,0.9991416309012876,0.0008583690987123971,0.8525119919212321,0.8398073858582606,0.8118309849070824,0.8032735660360105,0.8525119919212322,0.6693799835348,22560,0.8064274679510305,0.006018409619673752,0.7964489072556272,0.02453762236151239,"{'classifier__ccp_alpha': np.float64(0.009092919597391957), 'classifier__learning_rate': np.float64(0.11672522661601725), 'classifier__max_depth': 1, 'classifier__max_features': 'sqrt', 'classifier__max_leaf_nodes': 16, 'classifier__min_impurity_decrease': np.float64(0.03586705689613373), 'classifier__min_samples_leaf': 9, 'classifier__min_samples_split': 16, 'classifier__n_estimators': 249, 'feature_selection_filter__k': 20}",64.6887879371643,"[1, 2, 3, 4, 5, 6, 7, 8, 9, 10, 11, 12, 14, 16, 17, 18, 19, 20, 21, 27]","['V1', 'V2', 'V3', 'V4', 'V5', 'V6', 'V7', 'V8', 'V9', 'V10', 'V11', 'V12', 'V14', 'V16', 'V17', 'V18', 'V19', 'V20', 'V21', 'V27']"
CostSensitiveLearning___RandomizedSearchCV__niter_30__cv_5,3,8,LogitBoostClassifier,resubstitution,327,22129,6,99,0.9953459509773503,0.9819819819819819,0.7676056338028169,0.8616600790513834,0.9997289360740909,0.00027106392590914297,0.8836672849384539,0.8760123079079245,0.8660780189075458,0.8593293750393035,0.9370350103027623,0.8449206167927809,22561,0.8455901588033534,0.013049926537730336,0.8331786020817595,0.04503463518024896,"{'classifier__ccp_alpha': np.float64(0.00032531917769453077), 'classifier__learning_rate': np.float64(0.03919752322145951), 'classifier__max_depth': 2, 'classifier__max_features': 'log2', 'classifier__max_leaf_nodes': 16, 'classifier__min_impurity_decrease': np.float64(0.04345371240025149), 'classifier__min_samples_leaf': 1, 'classifier__min_samples_split': 18, 'classifier__n_estimators': 121, 'feature_selection_filter__k': 24}",38.844417333602905,"[0, 1, 2, 3, 4, 5, 6, 7, 8, 9, 10, 11, 12, 14, 16, 17, 18, 19, 20, 21, 24, 27, 28, 29]","['Amount_log1p', 'V1', 'V2', 'V3', 'V4', 'V5', 'V6', 'V7', 'V8', 'V9', 'V10', 'V11', 'V12', 'V14', 'V16', 'V17', 'V18', 'V19', 'V20', 'V21', 'V24', 'V27', 'V28', 'Time_sin']"
CostSensitiveLearning___RandomizedSearchCV__niter_30__cv_5,3,9,LogitBoostClassifier,resubstitution,355,22044,91,71,0.9928194672221976,0.7959641255605381,0.8333333333333334,0.8142201834862385,0.9958888637903772,0.004111136209622779,0.9146110985618553,0.9109925282306003,0.8107829000080721,0.8105611303464433,0.921253543397271,0.8126501955573409,22561,0.8410174231981198,0.009098311724400617,0.8277572284814037,0.030319224943169226,"{'classifier__ccp_alpha': np.float64(0.000372598560904267), 'classifier__learning_rate': np.float64(0.20483079743074384), 'classifier__max_depth': 3, 'classifier__max_features': 'sqrt', 'classifier__max_leaf_nodes': 17, 'classifier__min_impurity_decrease': np.float64(0.007889483915027506), 'classifier__min_samples_leaf': 6, 'classifier__min_samples_split': 10, 'classifier__n_estimators': 329, 'feature_selection_filter__k': 22}",37.40418887138367,"[1, 2, 3, 4, 5, 6, 7, 8, 9, 10, 11, 12, 14, 16, 17, 18, 19, 20, 21, 27, 28, 29]","['V1', 'V2', 'V3', 'V4', 'V5', 'V6', 'V7', 'V8', 'V9', 'V10', 'V11', 'V12', 'V14', 'V16', 'V17', 'V18', 'V19', 'V20', 'V21', 'V27', 'V28', 'Time_sin']"
CostSensitiveLearning___RandomizedSearchCV__niter_30__cv_5,3,10,LogitBoostClassifier,resubstitution,337,22127,8,89,0.9957005451885999,0.9768115942028985,0.7910798122065728,0.874189364461738,0.999638581432121,0.0003614185678789683,0.8953591968193468,0.8892659339442657,0.8770491323348363,0.8720268205935104,0.973199932976369,0.8818700306592019,22561,0.8777548083959319,0.012602716099001453,0.8604371232849746,0.027024747683456515,"{'classifier__ccp_alpha': np.float64(5.4853469316853424e-05), 'classifier__learning_rate': np.float64(0.07491416211751711), 'classifier__max_depth': 2, 'classifier__max_features': 'log2', 'classifier__max_leaf_nodes': 9, 'classifier__min_impurity_decrease': np.float64(0.01946560772582593), 'classifier__min_samples_leaf': 7, 'classifier__min_samples_split': 9, 'classifier__n_estimators': 303, 'feature_selection_filter__k': 24}",37.80622839927673,"[0, 1, 2, 3, 4, 5, 6, 7, 8, 9, 10, 11, 12, 14, 16, 17, 18, 19, 20, 21, 23, 27, 28, 29]","['Amount_log1p', 'V1', 'V2', 'V3', 'V4', 'V5', 'V6', 'V7', 'V8', 'V9', 'V10', 'V11', 'V12', 'V14', 'V16', 'V17', 'V18', 'V19', 'V20', 'V21', 'V23', 'V27', 'V28', 'Time_sin']"
CostSensitiveLearning___RandomizedSearchCV__niter_30__cv_5,4,1,LogitBoostClassifier,resubstitution,320,22128,6,106,0.9950354609929078,0.9815950920245399,0.7511737089201878,0.851063829787234,0.9997289238275956,0.0002710761724044053,0.8754513163738917,0.8665853008367744,0.8564475644700453,0.8485848697050368,0.9559067455544992,0.8533812071005908,22560,0.8518318770142658,0.006664878373740148,0.8459218285635067,0.014011439439571264,"{'classifier__ccp_alpha': np.float64(0.0002285168415908978), 'classifier__learning_rate': np.float64(0.04354121736088184), 'classifier__max_depth': 2, 'classifier__max_features': 'sqrt', 'classifier__max_leaf_nodes': 8, 'classifier__min_impurity_decrease': np.float64(0.06204099674068069), 'classifier__min_samples_leaf': 5, 'classifier__min_samples_split': 9, 'classifier__n_estimators': 205, 'feature_selection_filter__k': 26}",55.65139031410217,"[0, 1, 2, 3, 4, 5, 6, 7, 8, 9, 10, 11, 12, 14, 16, 17, 18, 19, 20, 21, 22, 23, 24, 27, 28, 29]","['Amount_log1p', 'V1', 'V2', 'V3', 'V4', 'V5', 'V6', 'V7', 'V8', 'V9', 'V10', 'V11', 'V12', 'V14', 'V16', 'V17', 'V18', 'V19', 'V20', 'V21', 'V22', 'V23', 'V24', 'V27', 'V28', 'Time_sin']"
CostSensitiveLearning___RandomizedSearchCV__niter_30__cv_5,4,2,LogitBoostClassifier,resubstitution,314,22129,5,112,0.9948138297872341,0.9843260188087775,0.7370892018779343,0.8429530201342282,0.999774103189663,0.0002258968103370229,0.8684316525337986,0.8584420165499218,0.8494722290515845,0.8403716823022008,0.9521365490009421,0.8513369323180101,22560,0.8456481431191529,0.0054552881899459305,0.831391121317594,0.013909813023151104,"{'classifier__ccp_alpha': np.float64(0.00025660744281820745), 'classifier__learning_rate': np.float64(0.02404808179267067), 'classifier__max_depth': 2, 'classifier__max_features': 'sqrt', 'classifier__max_leaf_nodes': 16, 'classifier__min_impurity_decrease': np.float64(0.04166717385351903), 'classifier__min_samples_leaf': 1, 'classifier__min_samples_split': 4, 'classifier__n_estimators': 362, 'feature_selection_filter__k': 20}",56.01106357574463,"[1, 2, 3, 4, 5, 6, 7, 8, 9, 10, 11, 12, 14, 16, 17, 18, 19, 20, 21, 27]","['V1', 'V2', 'V3', 'V4', 'V5', 'V6', 'V7', 'V8', 'V9', 'V10', 'V11', 'V12', 'V14', 'V16', 'V17', 'V18', 'V19', 'V20', 'V21', 'V27']"
CostSensitiveLearning___RandomizedSearchCV__niter_30__cv_5,4,3,LogitBoostClassifier,resubstitution,321,22130,4,105,0.9951684397163121,0.9876923076923076,0.7535211267605634,0.8548601864181092,0.9998192825517304,0.00018071744826964053,0.8766702046561469,0.8679775068199164,0.860529511099449,0.8524486879007492,0.9299964874636815,0.8438338198483827,22560,0.8505598335785752,0.010543705815067125,0.8446468173325605,0.03245492395447168,"{'classifier__ccp_alpha': np.float64(0.0004067301648732324), 'classifier__learning_rate': np.float64(0.02834882706421768), 'classifier__max_depth': 3, 'classifier__max_features': 'sqrt', 'classifier__max_leaf_nodes': 13, 'classifier__min_impurity_decrease': np.float64(0.024641415912816902), 'classifier__min_samples_leaf': 9, 'classifier__min_samples_split': 15, 'classifier__n_estimators': 105, 'feature_selection_filter__k': 28}",60.332059383392334,"[0, 1, 2, 3, 4, 5, 6, 7, 8, 9, 10, 11, 12, 14, 16, 17, 18, 19, 20, 21, 22, 23, 24, 26, 27, 28, 29, 30]","['Amount_log1p', 'V1', 'V2', 'V3', 'V4', 'V5', 'V6', 'V7', 'V8', 'V9', 'V10', 'V11', 'V12', 'V14', 'V16', 'V17', 'V18', 'V19', 'V20', 'V21', 'V22', 'V23', 'V24', 'V26', 'V27', 'V28', 'Time_sin', 'Time_cos']"
CostSensitiveLearning___RandomizedSearchCV__niter_30__cv_5,4,4,LogitBoostClassifier,resubstitution,316,22130,4,110,0.9949468085106383,0.9875,0.7417840375586855,0.8471849865951743,0.9998192825517304,0.00018071744826964053,0.870801660055208,0.8611910265674223,0.8536189293684362,0.8446686380240042,0.9245552378152533,0.8411564617050287,22560,0.8419592506473872,0.008914268531235593,0.8405640722991482,0.022902346625792654,"{'classifier__ccp_alpha': np.float64(0.0005439625630961476), 'classifier__learning_rate': np.float64(0.05999360025032712), 'classifier__max_depth': 3, 'classifier__max_features': 'sqrt', 'classifier__max_leaf_nodes': 6, 'classifier__min_impurity_decrease': np.float64(0.07382356350868052), 'classifier__min_samples_leaf': 1, 'classifier__min_samples_split': 18, 'classifier__n_estimators': 110, 'feature_selection_filter__k': 20}",51.73690581321716,"[1, 2, 3, 4, 5, 6, 7, 8, 9, 10, 11, 12, 14, 16, 17, 18, 19, 20, 21, 27]","['V1', 'V2', 'V3', 'V4', 'V5', 'V6', 'V7', 'V8', 'V9', 'V10', 'V11', 'V12', 'V14', 'V16', 'V17', 'V18', 'V19', 'V20', 'V21', 'V27']"
CostSensitiveLearning___RandomizedSearchCV__niter_30__cv_5,4,5,LogitBoostClassifier,resubstitution,322,22129,6,103,0.9951684397163121,0.9817073170731707,0.7576470588235295,0.8552456839309429,0.9997289360740909,0.00027106392590914297,0.8786879974488102,0.870311259284465,0.8602398863941952,0.8528303512862622,0.9589573605814585,0.8624382407213601,22560,0.8525597486914899,0.00453817449320427,0.8299192677213817,0.031403454097195575,"{'classifier__ccp_alpha': np.float64(0.00035918057246693834), 'classifier__learning_rate': np.float64(0.022799682019338824), 'classifier__max_depth': 3, 'classifier__max_features': 'log2', 'classifier__max_leaf_nodes': 12, 'classifier__min_impurity_decrease': np.float64(0.05597365536142627), 'classifier__min_samples_leaf': 9, 'classifier__min_samples_split': 12, 'classifier__n_estimators': 212, 'feature_selection_filter__k': 'all'}",57.958823442459106,"[0, 1, 2, 3, 4, 5, 6, 7, 8, 9, 10, 11, 12, 13, 14, 15, 16, 17, 18, 19, 20, 21, 22, 23, 24, 25, 26, 27, 28, 29, 30]","['Amount_log1p', 'V1', 'V2', 'V3', 'V4', 'V5', 'V6', 'V7', 'V8', 'V9', 'V10', 'V11', 'V12', 'V13', 'V14', 'V15', 'V16', 'V17', 'V18', 'V19', 'V20', 'V21', 'V22', 'V23', 'V24', 'V25', 'V26', 'V27', 'V28', 'Time_sin', 'Time_cos']"
CostSensitiveLearning___RandomizedSearchCV__niter_30__cv_5,4,6,LogitBoostClassifier,resubstitution,329,22130,5,96,0.9955230496453901,0.9850299401197605,0.7741176470588236,0.8669301712779973,0.9997741133950757,0.0002258866049242858,0.8869458802269496,0.8797401799689027,0.8711853478470732,0.8646866763979633,0.9378390890126097,0.8549052542007605,22560,0.8661440582552858,0.007422686513732538,0.8574674091828637,0.02598758971561372,"{'classifier__ccp_alpha': np.float64(0.00034528781366751195), 'classifier__learning_rate': np.float64(0.018280050364216982), 'classifier__max_depth': 2, 'classifier__max_features': 'sqrt', 'classifier__max_leaf_nodes': 9, 'classifier__min_impurity_decrease': np.float64(0.059944530818555455), 'classifier__min_samples_leaf': 9, 'classifier__min_samples_split': 9, 'classifier__n_estimators': 252, 'feature_selection_filter__k': 24}",64.1417715549469,"[0, 1, 2, 3, 4, 5, 6, 7, 8, 9, 10, 11, 12, 14, 16, 17, 18, 19, 20, 21, 24, 27, 28, 29]","['Amount_log1p', 'V1', 'V2', 'V3', 'V4', 'V5', 'V6', 'V7', 'V8', 'V9', 'V10', 'V11', 'V12', 'V14', 'V16', 'V17', 'V18', 'V19', 'V20', 'V21', 'V24', 'V27', 'V28', 'Time_sin']"
CostSensitiveLearning___RandomizedSearchCV__niter_30__cv_5,4,7,LogitBoostClassifier,resubstitution,300,22120,15,125,0.9937943262411347,0.9523809523809523,0.7058823529411765,0.8108108108108109,0.999322340185227,0.0006776598147729684,0.8526023465632018,0.8398833281097029,0.8171051356140696,0.807727077645168,0.8526023465632018,0.6778096877048693,22560,0.8105311497847305,0.0036428644986137445,0.8095876216766303,0.014611486168614135,"{'classifier__ccp_alpha': np.float64(0.009734109302254709), 'classifier__learning_rate': np.float64(0.2910022257490222), 'classifier__max_depth': 3, 'classifier__max_features': 'sqrt', 'classifier__max_leaf_nodes': 18, 'classifier__min_impurity_decrease': np.float64(0.09134533793660421), 'classifier__min_samples_leaf': 7, 'classifier__min_samples_split': 2, 'classifier__n_estimators': 62, 'feature_selection_filter__k': 20}",41.48082375526428,"[1, 2, 3, 4, 5, 6, 7, 8, 9, 10, 11, 12, 14, 16, 17, 18, 19, 20, 21, 27]","['V1', 'V2', 'V3', 'V4', 'V5', 'V6', 'V7', 'V8', 'V9', 'V10', 'V11', 'V12', 'V14', 'V16', 'V17', 'V18', 'V19', 'V20', 'V21', 'V27']"
CostSensitiveLearning___RandomizedSearchCV__niter_30__cv_5,4,8,LogitBoostClassifier,resubstitution,316,22130,5,110,0.9949027082132884,0.9844236760124611,0.7417840375586855,0.8460508701472557,0.9997741133950757,0.0002258866049242858,0.8707790754768806,0.8611715731959888,0.852255608555663,0.8435113686569167,0.9426201891720778,0.8484039306298888,22561,0.8444525791612009,0.009257865549800275,0.8418000564913573,0.04108243415975238,"{'classifier__ccp_alpha': np.float64(0.00025677594647384173), 'classifier__learning_rate': np.float64(0.05880746806852145), 'classifier__max_depth': 1, 'classifier__max_features': 'sqrt', 'classifier__max_leaf_nodes': 19, 'classifier__min_impurity_decrease': np.float64(0.03326595067237682), 'classifier__min_samples_leaf': 1, 'classifier__min_samples_split': 7, 'classifier__n_estimators': 378, 'feature_selection_filter__k': 24}",47.85778474807739,"[0, 1, 2, 3, 4, 5, 6, 7, 8, 9, 10, 11, 12, 14, 16, 17, 18, 19, 20, 21, 23, 27, 28, 29]","['Amount_log1p', 'V1', 'V2', 'V3', 'V4', 'V5', 'V6', 'V7', 'V8', 'V9', 'V10', 'V11', 'V12', 'V14', 'V16', 'V17', 'V18', 'V19', 'V20', 'V21', 'V23', 'V27', 'V28', 'Time_sin']"
CostSensitiveLearning___RandomizedSearchCV__niter_30__cv_5,4,9,LogitBoostClassifier,resubstitution,301,22131,4,125,0.9942821683436018,0.9868852459016394,0.7065727699530516,0.8235294117647058,0.9998192907160606,0.00018070928393942864,0.853196030334556,0.8405028766719019,0.8325625968303639,0.8207043135352128,0.9257311885771372,0.8349813032542295,22561,0.8259857158670716,0.009247389521426421,0.8148229946602011,0.02838503604031586,"{'classifier__ccp_alpha': np.float64(0.000749392593861139), 'classifier__learning_rate': np.float64(0.030870234568817854), 'classifier__max_depth': 2, 'classifier__max_features': 'sqrt', 'classifier__max_leaf_nodes': 4, 'classifier__min_impurity_decrease': np.float64(0.06543631998117248), 'classifier__min_samples_leaf': 5, 'classifier__min_samples_split': 18, 'classifier__n_estimators': 194, 'feature_selection_filter__k': 22}",53.52080726623535,"[1, 2, 3, 4, 5, 6, 7, 8, 9, 10, 11, 12, 14, 16, 17, 18, 19, 20, 21, 27, 28, 29]","['V1', 'V2', 'V3', 'V4', 'V5', 'V6', 'V7', 'V8', 'V9', 'V10', 'V11', 'V12', 'V14', 'V16', 'V17', 'V18', 'V19', 'V20', 'V21', 'V27', 'V28', 'Time_sin']"
CostSensitiveLearning___RandomizedSearchCV__niter_30__cv_5,4,10,LogitBoostClassifier,resubstitution,301,22119,16,125,0.9937502770267276,0.9495268138801262,0.7065727699530516,0.8102288021534321,0.9992771628642422,0.0007228371357578256,0.8529249664086469,0.8402749745861853,0.8162456242465983,0.8071211216038767,0.8529249664086468,0.6764503255787498,22561,0.8102533140207457,0.00694201045306245,0.8001086356091086,0.03204519228555072,"{'classifier__ccp_alpha': np.float64(0.009962997538544106), 'classifier__learning_rate': np.float64(0.09486835442726281), 'classifier__max_depth': 3, 'classifier__max_features': 'log2', 'classifier__max_leaf_nodes': 17, 'classifier__min_impurity_decrease': np.float64(0.027587154538064974), 'classifier__min_samples_leaf': 9, 'classifier__min_samples_split': 14, 'classifier__n_estimators': 214, 'feature_selection_filter__k': 20}",41.778387784957886,"[1, 2, 3, 4, 5, 6, 7, 8, 9, 10, 11, 12, 14, 16, 17, 18, 19, 20, 21, 27]","['V1', 'V2', 'V3', 'V4', 'V5', 'V6', 'V7', 'V8', 'V9', 'V10', 'V11', 'V12', 'V14', 'V16', 'V17', 'V18', 'V19', 'V20', 'V21', 'V27']"
CostSensitiveLearning___RandomizedSearchCV__niter_30__cv_5,5,1,LogitBoostClassifier,resubstitution,308,22119,15,118,0.994104609929078,0.9535603715170279,0.7230046948356808,0.822429906542056,0.9993223095689889,0.0006776904310110687,0.8611635022023348,0.8500086596455442,0.8276166982567834,0.8194900760691517,0.8611635022023348,0.6946591218699678,22560,0.822051600832765,0.006958012990488173,0.8147977160806322,0.029835856236835927,"{'classifier__ccp_alpha': np.float64(0.0053149704638717245), 'classifier__learning_rate': np.float64(0.09735744932030412), 'classifier__max_depth': 3, 'classifier__max_features': 'sqrt', 'classifier__max_leaf_nodes': 8, 'classifier__min_impurity_decrease': np.float64(0.0908130781134659), 'classifier__min_samples_leaf': 7, 'classifier__min_samples_split': 19, 'classifier__n_estimators': 119, 'feature_selection_filter__k': 'all'}",55.929532527923584,"[0, 1, 2, 3, 4, 5, 6, 7, 8, 9, 10, 11, 12, 13, 14, 15, 16, 17, 18, 19, 20, 21, 22, 23, 24, 25, 26, 27, 28, 29, 30]","['Amount_log1p', 'V1', 'V2', 'V3', 'V4', 'V5', 'V6', 'V7', 'V8', 'V9', 'V10', 'V11', 'V12', 'V13', 'V14', 'V15', 'V16', 'V17', 'V18', 'V19', 'V20', 'V21', 'V22', 'V23', 'V24', 'V25', 'V26', 'V27', 'V28', 'Time_sin', 'Time_cos']"
CostSensitiveLearning___RandomizedSearchCV__niter_30__cv_5,5,2,LogitBoostClassifier,resubstitution,329,22124,10,97,0.9952570921985816,0.9705014749262537,0.7723004694835681,0.8601307189542484,0.999548206379326,0.0004517936206740458,0.885924337931447,0.8786077333248392,0.8635455827939311,0.8577500952882018,0.9508302715300871,0.8560743343533577,22560,0.8611708471127628,0.004627089132861609,0.8442547395760238,0.030314664781223286,"{'classifier__ccp_alpha': np.float64(0.00010651122657789003), 'classifier__learning_rate': np.float64(0.11195048309027472), 'classifier__max_depth': 3, 'classifier__max_features': 'log2', 'classifier__max_leaf_nodes': 18, 'classifier__min_impurity_decrease': np.float64(0.09547304205003476), 'classifier__min_samples_leaf': 6, 'classifier__min_samples_split': 10, 'classifier__n_estimators': 187, 'feature_selection_filter__k': 26}",42.384530544281006,"[0, 1, 2, 3, 4, 5, 6, 7, 8, 9, 10, 11, 12, 14, 16, 17, 18, 19, 20, 21, 22, 23, 24, 27, 28, 29]","['Amount_log1p', 'V1', 'V2', 'V3', 'V4', 'V5', 'V6', 'V7', 'V8', 'V9', 'V10', 'V11', 'V12', 'V14', 'V16', 'V17', 'V18', 'V19', 'V20', 'V21', 'V22', 'V23', 'V24', 'V27', 'V28', 'Time_sin']"
CostSensitiveLearning___RandomizedSearchCV__niter_30__cv_5,5,3,LogitBoostClassifier,resubstitution,305,22129,5,121,0.9944148936170213,0.9838709677419355,0.715962441314554,0.8288043478260869,0.999774103189663,0.0002258968103370229,0.8578682722521085,0.8460500621610638,0.836839343365806,0.8260371455639032,0.9235077871827211,0.8316590737335462,22560,0.8204203954892979,0.01903015390358134,0.806923731410282,0.026730196760336746,"{'classifier__ccp_alpha': np.float64(0.0004604099363148551), 'classifier__learning_rate': np.float64(0.035228389912839206), 'classifier__max_depth': 2, 'classifier__max_features': 'sqrt', 'classifier__max_leaf_nodes': 16, 'classifier__min_impurity_decrease': np.float64(0.0370512753651366), 'classifier__min_samples_leaf': 2, 'classifier__min_samples_split': 12, 'classifier__n_estimators': 300, 'feature_selection_filter__k': 28}",49.656057596206665,"[0, 1, 2, 3, 4, 5, 6, 7, 8, 9, 10, 11, 12, 13, 14, 16, 17, 18, 19, 20, 21, 23, 24, 26, 27, 28, 29, 30]","['Amount_log1p', 'V1', 'V2', 'V3', 'V4', 'V5', 'V6', 'V7', 'V8', 'V9', 'V10', 'V11', 'V12', 'V13', 'V14', 'V16', 'V17', 'V18', 'V19', 'V20', 'V21', 'V23', 'V24', 'V26', 'V27', 'V28', 'Time_sin', 'Time_cos']"
CostSensitiveLearning___RandomizedSearchCV__niter_30__cv_5,5,4,LogitBoostClassifier,resubstitution,300,22123,11,126,0.993927304964539,0.9646302250803859,0.704225352112676,0.8141112618724559,0.9995030270172586,0.0004969729827414282,0.8518641895649672,0.8389728071510508,0.8214939605241651,0.8111008677068,0.8518641895649672,0.6849021662987433,22560,0.8148488541036155,0.006679544803608005,0.8116423580926624,0.026591270076645437,"{'classifier__ccp_alpha': np.float64(0.008462783144494336), 'classifier__learning_rate': np.float64(0.08644172868459515), 'classifier__max_depth': 3, 'classifier__max_features': 'sqrt', 'classifier__max_leaf_nodes': 9, 'classifier__min_impurity_decrease': np.float64(0.052414947313622756), 'classifier__min_samples_leaf': 3, 'classifier__min_samples_split': 15, 'classifier__n_estimators': 80, 'feature_selection_filter__k': 20}",53.937012672424316,"[1, 2, 3, 4, 5, 6, 7, 8, 9, 10, 11, 12, 14, 16, 17, 18, 19, 20, 21, 27]","['V1', 'V2', 'V3', 'V4', 'V5', 'V6', 'V7', 'V8', 'V9', 'V10', 'V11', 'V12', 'V14', 'V16', 'V17', 'V18', 'V19', 'V20', 'V21', 'V27']"
CostSensitiveLearning___RandomizedSearchCV__niter_30__cv_5,5,5,LogitBoostClassifier,resubstitution,308,22130,5,117,0.9945921985815603,0.9840255591054313,0.7247058823529412,0.8346883468834688,0.9997741133950757,0.0002258866049242858,0.8622399978740085,0.8512004352686903,0.8420787932277315,0.8320038234218772,0.9280966263171183,0.8378551268103375,22560,0.8329011374422419,0.011643552034365559,0.8192591889290828,0.02595212239817252,"{'classifier__ccp_alpha': np.float64(0.0005688078318688894), 'classifier__learning_rate': np.float64(0.023316273874500613), 'classifier__max_depth': 2, 'classifier__max_features': 'sqrt', 'classifier__max_leaf_nodes': 18, 'classifier__min_impurity_decrease': np.float64(0.0820091575914844), 'classifier__min_samples_leaf': 8, 'classifier__min_samples_split': 9, 'classifier__n_estimators': 92, 'feature_selection_filter__k': 22}",53.86149978637695,"[1, 2, 3, 4, 5, 6, 7, 8, 9, 10, 11, 12, 14, 16, 17, 18, 19, 20, 21, 27, 28, 29]","['V1', 'V2', 'V3', 'V4', 'V5', 'V6', 'V7', 'V8', 'V9', 'V10', 'V11', 'V12', 'V14', 'V16', 'V17', 'V18', 'V19', 'V20', 'V21', 'V27', 'V28', 'Time_sin']"
CostSensitiveLearning___RandomizedSearchCV__niter_30__cv_5,5,6,LogitBoostClassifier,resubstitution,319,22128,7,106,0.994991134751773,0.9785276073619632,0.7505882352941177,0.8495339547270306,0.9996837587531059,0.00031624124689411115,0.8751359970236118,0.8662279540252001,0.8547426264975849,0.8470321251258591,0.9211321436638809,0.8296860551361265,22560,0.8484192015412042,0.008104963591078535,0.8400523523258538,0.03560243301142602,"{'classifier__ccp_alpha': np.float64(0.0006764551315445866), 'classifier__learning_rate': np.float64(0.08655218268884665), 'classifier__max_depth': 3, 'classifier__max_features': 'sqrt', 'classifier__max_leaf_nodes': 6, 'classifier__min_impurity_decrease': np.float64(0.06857652999488277), 'classifier__min_samples_leaf': 4, 'classifier__min_samples_split': 4, 'classifier__n_estimators': 219, 'feature_selection_filter__k': 26}",39.18110632896423,"[0, 1, 2, 3, 4, 5, 6, 7, 8, 9, 10, 11, 12, 14, 16, 17, 18, 19, 20, 21, 22, 23, 24, 27, 28, 29]","['Amount_log1p', 'V1', 'V2', 'V3', 'V4', 'V5', 'V6', 'V7', 'V8', 'V9', 'V10', 'V11', 'V12', 'V14', 'V16', 'V17', 'V18', 'V19', 'V20', 'V21', 'V22', 'V23', 'V24', 'V27', 'V28', 'Time_sin']"
CostSensitiveLearning___RandomizedSearchCV__niter_30__cv_5,5,7,LogitBoostClassifier,resubstitution,320,22130,5,105,0.9951241134751773,0.9846153846153847,0.7529411764705882,0.8533333333333334,0.9997741133950757,0.0002258866049242858,0.876357644932832,0.8676238223703447,0.8588250804153782,0.8508989861058955,0.9349019253511208,0.8459907687567474,22560,0.8532557735406062,0.008162045046111819,0.8394964009426072,0.034560306630897916,"{'classifier__ccp_alpha': np.float64(0.00035683973193038286), 'classifier__learning_rate': np.float64(0.015810326512743358), 'classifier__max_depth': 2, 'classifier__max_features': 'log2', 'classifier__max_leaf_nodes': 6, 'classifier__min_impurity_decrease': np.float64(0.09504225610598155), 'classifier__min_samples_leaf': 8, 'classifier__min_samples_split': 18, 'classifier__n_estimators': 361, 'feature_selection_filter__k': 22}",52.49773454666138,"[1, 2, 3, 4, 5, 6, 7, 8, 9, 10, 11, 12, 14, 16, 17, 18, 19, 20, 21, 27, 28, 29]","['V1', 'V2', 'V3', 'V4', 'V5', 'V6', 'V7', 'V8', 'V9', 'V10', 'V11', 'V12', 'V14', 'V16', 'V17', 'V18', 'V19', 'V20', 'V21', 'V27', 'V28', 'Time_sin']"
CostSensitiveLearning___RandomizedSearchCV__niter_30__cv_5,5,8,LogitBoostClassifier,resubstitution,334,22128,7,92,0.9956118966357874,0.9794721407624634,0.784037558685446,0.8709256844850065,0.9996837587531059,0.00031624124689411115,0.8918606587192759,0.885318933306114,0.8742930091253425,0.8687215726334369,0.96464699650353,0.8717759763893713,22561,0.8752861691814502,0.009358014942848438,0.8636315472224865,0.022341503488193602,"{'classifier__ccp_alpha': np.float64(6.375331637226256e-05), 'classifier__learning_rate': np.float64(0.01466517762632322), 'classifier__max_depth': 2, 'classifier__max_features': 'sqrt', 'classifier__max_leaf_nodes': 19, 'classifier__min_impurity_decrease': np.float64(0.0745913265587222), 'classifier__min_samples_leaf': 8, 'classifier__min_samples_split': 15, 'classifier__n_estimators': 321, 'feature_selection_filter__k': 26}",62.581955671310425,"[0, 1, 2, 3, 4, 5, 6, 7, 8, 9, 10, 11, 12, 14, 16, 17, 18, 19, 20, 21, 22, 23, 24, 27, 28, 29]","['Amount_log1p', 'V1', 'V2', 'V3', 'V4', 'V5', 'V6', 'V7', 'V8', 'V9', 'V10', 'V11', 'V12', 'V14', 'V16', 'V17', 'V18', 'V19', 'V20', 'V21', 'V22', 'V23', 'V24', 'V27', 'V28', 'Time_sin']"
CostSensitiveLearning___RandomizedSearchCV__niter_30__cv_5,5,9,LogitBoostClassifier,resubstitution,340,22127,8,86,0.9958335180178184,0.9770114942528736,0.7981220657276995,0.8785529715762274,0.999638581432121,0.0003614185678789683,0.8988803235799103,0.893215320957781,0.8810974443600567,0.8764552697417026,0.9636623748211731,0.8719593989092705,22561,0.8771979513461561,0.006535840512115293,0.8686711529295696,0.0299173455144885,"{'classifier__ccp_alpha': np.float64(7.943570534962863e-06), 'classifier__learning_rate': np.float64(0.05158394410586703), 'classifier__max_depth': 2, 'classifier__max_features': 'sqrt', 'classifier__max_leaf_nodes': 2, 'classifier__min_impurity_decrease': np.float64(0.017582925895277525), 'classifier__min_samples_leaf': 3, 'classifier__min_samples_split': 7, 'classifier__n_estimators': 108, 'feature_selection_filter__k': 'all'}",51.663657426834106,"[0, 1, 2, 3, 4, 5, 6, 7, 8, 9, 10, 11, 12, 13, 14, 15, 16, 17, 18, 19, 20, 21, 22, 23, 24, 25, 26, 27, 28, 29, 30]","['Amount_log1p', 'V1', 'V2', 'V3', 'V4', 'V5', 'V6', 'V7', 'V8', 'V9', 'V10', 'V11', 'V12', 'V13', 'V14', 'V15', 'V16', 'V17', 'V18', 'V19', 'V20', 'V21', 'V22', 'V23', 'V24', 'V25', 'V26', 'V27', 'V28', 'Time_sin', 'Time_cos']"
CostSensitiveLearning___RandomizedSearchCV__niter_30__cv_5,5,10,LogitBoostClassifier,resubstitution,304,22119,16,122,0.9938832498559461,0.95,0.7136150234741784,0.8150134048257373,0.9992771628642422,0.0007228371357578256,0.8564460931692103,0.8444520093140737,0.8205712054836085,0.8119674359002543,0.8564460931692103,0.6833418340220243,22561,0.8156079270759291,0.009199809551814446,0.8103936780184291,0.037047757177482585,"{'classifier__ccp_alpha': np.float64(0.003944303797828895), 'classifier__learning_rate': np.float64(0.1581309394707178), 'classifier__max_depth': 2, 'classifier__max_features': 'sqrt', 'classifier__max_leaf_nodes': 15, 'classifier__min_impurity_decrease': np.float64(0.08020444558641482), 'classifier__min_samples_leaf': 4, 'classifier__min_samples_split': 4, 'classifier__n_estimators': 399, 'feature_selection_filter__k': 'all'}",46.51850152015686,"[0, 1, 2, 3, 4, 5, 6, 7, 8, 9, 10, 11, 12, 13, 14, 15, 16, 17, 18, 19, 20, 21, 22, 23, 24, 25, 26, 27, 28, 29, 30]","['Amount_log1p', 'V1', 'V2', 'V3', 'V4', 'V5', 'V6', 'V7', 'V8', 'V9', 'V10', 'V11', 'V12', 'V13', 'V14', 'V15', 'V16', 'V17', 'V18', 'V19', 'V20', 'V21', 'V22', 'V23', 'V24', 'V25', 'V26', 'V27', 'V28', 'Time_sin', 'Time_cos']"
CostSensitiveLearning___RandomizedSearchCV__niter_30__cv_5,6,1,LogitBoostClassifier,resubstitution,321,22128,6,105,0.9950797872340426,0.981651376146789,0.7535211267605634,0.852589641434263,0.9997289238275956,0.0002710761724044053,0.8766250252940795,0.8679382841756061,0.8578295679115624,0.8501317487573818,0.953799382845672,0.8531999201156821,22560,0.8414950346958363,0.012877473836337998,0.8179105054331206,0.01618389997098626,"{'classifier__ccp_alpha': np.float64(0.0001973407449351694), 'classifier__learning_rate': np.float64(0.073397951458288), 'classifier__max_depth': 2, 'classifier__max_features': 'log2', 'classifier__max_leaf_nodes': 18, 'classifier__min_impurity_decrease': np.float64(0.03686569557595022), 'classifier__min_samples_leaf': 1, 'classifier__min_samples_split': 12, 'classifier__n_estimators': 141, 'feature_selection_filter__k': 28}",46.045746088027954,"[0, 1, 2, 3, 4, 5, 6, 7, 8, 9, 10, 11, 12, 13, 14, 16, 17, 18, 19, 20, 21, 22, 23, 24, 26, 27, 28, 29]","['Amount_log1p', 'V1', 'V2', 'V3', 'V4', 'V5', 'V6', 'V7', 'V8', 'V9', 'V10', 'V11', 'V12', 'V13', 'V14', 'V16', 'V17', 'V18', 'V19', 'V20', 'V21', 'V22', 'V23', 'V24', 'V26', 'V27', 'V28', 'Time_sin']"
CostSensitiveLearning___RandomizedSearchCV__niter_30__cv_5,6,2,LogitBoostClassifier,resubstitution,315,22126,8,111,0.9947251773049646,0.9752321981424149,0.7394366197183099,0.8411214953271028,0.9996385651034607,0.00036143489653928107,0.8695375924108852,0.8597495923349802,0.8468061701913597,0.8384911206934516,0.87864165808683,0.7498941174782257,22560,0.830383061186985,0.009617217445766055,0.8184810232573267,0.02764706410670758,"{'classifier__ccp_alpha': np.float64(0.0002750129929090561), 'classifier__learning_rate': np.float64(0.27393495150972313), 'classifier__max_depth': 3, 'classifier__max_features': 'log2', 'classifier__max_leaf_nodes': 10, 'classifier__min_impurity_decrease': np.float64(0.03683143736688841), 'classifier__min_samples_leaf': 1, 'classifier__min_samples_split': 13, 'classifier__n_estimators': 392, 'feature_selection_filter__k': 20}",36.26025342941284,"[1, 2, 3, 4, 5, 6, 7, 8, 9, 10, 11, 12, 14, 16, 17, 18, 19, 20, 21, 27]","['V1', 'V2', 'V3', 'V4', 'V5', 'V6', 'V7', 'V8', 'V9', 'V10', 'V11', 'V12', 'V14', 'V16', 'V17', 'V18', 'V19', 'V20', 'V21', 'V27']"
CostSensitiveLearning___RandomizedSearchCV__niter_30__cv_5,6,3,LogitBoostClassifier,resubstitution,326,22128,6,100,0.9953014184397163,0.9819277108433735,0.7652582159624414,0.8601583113456465,0.9997289238275956,0.0002710761724044053,0.8824935698950185,0.8746718085627073,0.8647083460172571,0.8578062431678782,0.9626725671337747,0.8696674576861921,22560,0.8571027538138797,0.006044350335425821,0.8494206528509934,0.011355274096382801,"{'classifier__ccp_alpha': np.float64(0.00018121050069946465), 'classifier__learning_rate': np.float64(0.04032084963950673), 'classifier__max_depth': 2, 'classifier__max_features': 'sqrt', 'classifier__max_leaf_nodes': 3, 'classifier__min_impurity_decrease': np.float64(0.0820416018107117), 'classifier__min_samples_leaf': 4, 'classifier__min_samples_split': 3, 'classifier__n_estimators': 164, 'feature_selection_filter__k': 28}",50.01652932167053,"[0, 1, 2, 3, 4, 5, 6, 7, 8, 9, 10, 11, 12, 14, 16, 17, 18, 19, 20, 21, 22, 23, 24, 26, 27, 28, 29, 30]","['Amount_log1p', 'V1', 'V2', 'V3', 'V4', 'V5', 'V6', 'V7', 'V8', 'V9', 'V10', 'V11', 'V12', 'V14', 'V16', 'V17', 'V18', 'V19', 'V20', 'V21', 'V22', 'V23', 'V24', 'V26', 'V27', 'V28', 'Time_sin', 'Time_cos']"
CostSensitiveLearning___RandomizedSearchCV__niter_30__cv_5,6,4,LogitBoostClassifier,resubstitution,348,22121,13,78,0.9959663120567376,0.96398891966759,0.8169014084507042,0.8843710292249047,0.9994126682931237,0.000587331706876304,0.908157038371914,0.9035605216874679,0.8854656770360604,0.8823326310982174,0.9622871108158544,0.8719627060096913,22560,0.8861190921149319,0.005476400381810503,0.8735231093313519,0.018656563614972768,"{'classifier__ccp_alpha': np.float64(2.060975949899069e-05), 'classifier__learning_rate': np.float64(0.06251239209936586), 'classifier__max_depth': 1, 'classifier__max_features': 'log2', 'classifier__max_leaf_nodes': 3, 'classifier__min_impurity_decrease': np.float64(0.09546242482607147), 'classifier__min_samples_leaf': 2, 'classifier__min_samples_split': 9, 'classifier__n_estimators': 349, 'feature_selection_filter__k': 'all'}",40.91970205307007,"[0, 1, 2, 3, 4, 5, 6, 7, 8, 9, 10, 11, 12, 13, 14, 15, 16, 17, 18, 19, 20, 21, 22, 23, 24, 25, 26, 27, 28, 29, 30]","['Amount_log1p', 'V1', 'V2', 'V3', 'V4', 'V5', 'V6', 'V7', 'V8', 'V9', 'V10', 'V11', 'V12', 'V13', 'V14', 'V15', 'V16', 'V17', 'V18', 'V19', 'V20', 'V21', 'V22', 'V23', 'V24', 'V25', 'V26', 'V27', 'V28', 'Time_sin', 'Time_cos']"
CostSensitiveLearning___RandomizedSearchCV__niter_30__cv_5,6,5,LogitBoostClassifier,resubstitution,328,22110,25,97,0.9945921985815603,0.9291784702549575,0.7717647058823529,0.8431876606683805,0.9988705669753783,0.001129433024621651,0.8853176364288656,0.8780051533654526,0.8442106225310312,0.8404602927375558,0.9240836046187167,0.8340153522926061,22560,0.8355410902311398,0.013200543360953389,0.8372641700105996,0.018089203004199805,"{'classifier__ccp_alpha': np.float64(0.0007407875186532753), 'classifier__learning_rate': np.float64(0.10555496560294546), 'classifier__max_depth': 2, 'classifier__max_features': 'sqrt', 'classifier__max_leaf_nodes': 4, 'classifier__min_impurity_decrease': np.float64(0.09995985243122536), 'classifier__min_samples_leaf': 3, 'classifier__min_samples_split': 13, 'classifier__n_estimators': 252, 'feature_selection_filter__k': 26}",52.130759716033936,"[0, 1, 2, 3, 4, 5, 6, 7, 8, 9, 10, 11, 12, 14, 16, 17, 18, 19, 20, 21, 22, 24, 26, 27, 28, 29]","['Amount_log1p', 'V1', 'V2', 'V3', 'V4', 'V5', 'V6', 'V7', 'V8', 'V9', 'V10', 'V11', 'V12', 'V14', 'V16', 'V17', 'V18', 'V19', 'V20', 'V21', 'V22', 'V24', 'V26', 'V27', 'V28', 'Time_sin']"
CostSensitiveLearning___RandomizedSearchCV__niter_30__cv_5,6,6,LogitBoostClassifier,resubstitution,320,22126,9,105,0.9949468085106383,0.9726443768996961,0.7529411764705882,0.8488063660477454,0.9995934041111362,0.00040659588886382547,0.8762672902908621,0.8675454072748463,0.8534601374928424,0.8462791808298452,0.9271510915637997,0.8363939486673818,22560,0.8468601893508847,0.0036743143797576612,0.8274127454658851,0.01705039814520115,"{'classifier__ccp_alpha': np.float64(0.00034839591240071747), 'classifier__learning_rate': np.float64(0.05671652743396034), 'classifier__max_depth': 2, 'classifier__max_features': 'sqrt', 'classifier__max_leaf_nodes': 14, 'classifier__min_impurity_decrease': np.float64(0.09212412593404579), 'classifier__min_samples_leaf': 8, 'classifier__min_samples_split': 11, 'classifier__n_estimators': 242, 'feature_selection_filter__k': 26}",44.84542512893677,"[0, 1, 2, 3, 4, 5, 6, 7, 8, 9, 10, 11, 12, 14, 16, 17, 18, 19, 20, 21, 22, 23, 24, 27, 28, 29]","['Amount_log1p', 'V1', 'V2', 'V3', 'V4', 'V5', 'V6', 'V7', 'V8', 'V9', 'V10', 'V11', 'V12', 'V14', 'V16', 'V17', 'V18', 'V19', 'V20', 'V21', 'V22', 'V23', 'V24', 'V27', 'V28', 'Time_sin']"
CostSensitiveLearning___RandomizedSearchCV__niter_30__cv_5,6,7,LogitBoostClassifier,resubstitution,302,22118,17,123,0.9937943262411347,0.9467084639498433,0.7105882352941176,0.8118279569892473,0.9992319855432573,0.0007680144567426828,0.8549101104186875,0.8426401920491453,0.8173538236936511,0.808738189201677,0.8549101104186875,0.6781720243956985,22560,0.8120429161254655,0.008121761572502564,0.8033860244352932,0.023076224966374806,"{'classifier__ccp_alpha': np.float64(0.003866684394740194), 'classifier__learning_rate': np.float64(0.28505422482634135), 'classifier__max_depth': 1, 'classifier__max_features': 'log2', 'classifier__max_leaf_nodes': 15, 'classifier__min_impurity_decrease': np.float64(0.009299013292972991), 'classifier__min_samples_leaf': 2, 'classifier__min_samples_split': 17, 'classifier__n_estimators': 371, 'feature_selection_filter__k': 'all'}",36.11714792251587,"[0, 1, 2, 3, 4, 5, 6, 7, 8, 9, 10, 11, 12, 13, 14, 15, 16, 17, 18, 19, 20, 21, 22, 23, 24, 25, 26, 27, 28, 29, 30]","['Amount_log1p', 'V1', 'V2', 'V3', 'V4', 'V5', 'V6', 'V7', 'V8', 'V9', 'V10', 'V11', 'V12', 'V13', 'V14', 'V15', 'V16', 'V17', 'V18', 'V19', 'V20', 'V21', 'V22', 'V23', 'V24', 'V25', 'V26', 'V27', 'V28', 'Time_sin', 'Time_cos']"
CostSensitiveLearning___RandomizedSearchCV__niter_30__cv_5,6,8,LogitBoostClassifier,resubstitution,310,22131,4,116,0.9946810868312574,0.9872611464968153,0.7276995305164319,0.8378378378378378,0.9998192907160606,0.00018070928393942864,0.8637594106162463,0.8529759835161533,0.8452559653518518,0.8351969841995295,0.9348193066235679,0.8421038428677128,22561,0.8421238281839283,0.0052697297099703715,0.8383541219263503,0.03415721382838686,"{'classifier__ccp_alpha': np.float64(0.0004172451242733011), 'classifier__learning_rate': np.float64(0.015015710928337624), 'classifier__max_depth': 3, 'classifier__max_features': 'sqrt', 'classifier__max_leaf_nodes': 8, 'classifier__min_impurity_decrease': np.float64(0.00893868021046419), 'classifier__min_samples_leaf': 4, 'classifier__min_samples_split': 8, 'classifier__n_estimators': 116, 'feature_selection_filter__k': 28}",64.18789982795715,"[0, 1, 2, 3, 4, 5, 6, 7, 8, 9, 10, 11, 12, 14, 16, 17, 18, 19, 20, 21, 23, 24, 25, 26, 27, 28, 29, 30]","['Amount_log1p', 'V1', 'V2', 'V3', 'V4', 'V5', 'V6', 'V7', 'V8', 'V9', 'V10', 'V11', 'V12', 'V14', 'V16', 'V17', 'V18', 'V19', 'V20', 'V21', 'V23', 'V24', 'V25', 'V26', 'V27', 'V28', 'Time_sin', 'Time_cos']"
CostSensitiveLearning___RandomizedSearchCV__niter_30__cv_5,6,9,LogitBoostClassifier,resubstitution,310,22126,9,116,0.9944594654492266,0.9717868338557993,0.7276995305164319,0.8322147651006712,0.9995934041111362,0.00040659588886382547,0.863646467313784,0.8528796227364068,0.8384393865758383,0.8294570497849046,0.9304063519737505,0.846912339730825,22561,0.8319378532460717,0.004144082729528748,0.8137915326580071,0.03634014098159123,"{'classifier__ccp_alpha': np.float64(0.00028411856713251747), 'classifier__learning_rate': np.float64(0.10862862952968629), 'classifier__max_depth': 2, 'classifier__max_features': 'sqrt', 'classifier__max_leaf_nodes': 18, 'classifier__min_impurity_decrease': np.float64(0.023205322827046404), 'classifier__min_samples_leaf': 4, 'classifier__min_samples_split': 14, 'classifier__n_estimators': 267, 'feature_selection_filter__k': 'all'}",36.11443209648132,"[0, 1, 2, 3, 4, 5, 6, 7, 8, 9, 10, 11, 12, 13, 14, 15, 16, 17, 18, 19, 20, 21, 22, 23, 24, 25, 26, 27, 28, 29, 30]","['Amount_log1p', 'V1', 'V2', 'V3', 'V4', 'V5', 'V6', 'V7', 'V8', 'V9', 'V10', 'V11', 'V12', 'V13', 'V14', 'V15', 'V16', 'V17', 'V18', 'V19', 'V20', 'V21', 'V22', 'V23', 'V24', 'V25', 'V26', 'V27', 'V28', 'Time_sin', 'Time_cos']"
CostSensitiveLearning___RandomizedSearchCV__niter_30__cv_5,6,10,LogitBoostClassifier,resubstitution,301,22118,17,125,0.9937059527503214,0.9465408805031447,0.7065727699530516,0.8091397849462365,0.9992319855432573,0.0007680144567426828,0.8529023777481545,0.8402559799555056,0.8149273658464529,0.8060085326497137,0.8529023777481544,0.6743405463616807,22561,0.8085511200446103,0.006879708749501438,0.8065633819677682,0.02941844055890234,"{'classifier__ccp_alpha': np.float64(0.007015072956958257), 'classifier__learning_rate': np.float64(0.20670298179484656), 'classifier__max_depth': 3, 'classifier__max_features': 'sqrt', 'classifier__max_leaf_nodes': 9, 'classifier__min_impurity_decrease': np.float64(0.016430312402017023), 'classifier__min_samples_leaf': 9, 'classifier__min_samples_split': 16, 'classifier__n_estimators': 97, 'feature_selection_filter__k': 'all'}",38.939202070236206,"[0, 1, 2, 3, 4, 5, 6, 7, 8, 9, 10, 11, 12, 13, 14, 15, 16, 17, 18, 19, 20, 21, 22, 23, 24, 25, 26, 27, 28, 29, 30]","['Amount_log1p', 'V1', 'V2', 'V3', 'V4', 'V5', 'V6', 'V7', 'V8', 'V9', 'V10', 'V11', 'V12', 'V13', 'V14', 'V15', 'V16', 'V17', 'V18', 'V19', 'V20', 'V21', 'V22', 'V23', 'V24', 'V25', 'V26', 'V27', 'V28', 'Time_sin', 'Time_cos']"
CostSensitiveLearning___RandomizedSearchCV__niter_30__cv_5,7,1,LogitBoostClassifier,resubstitution,341,22128,6,85,0.9959663120567376,0.9827089337175793,0.8004694835680751,0.8822768434670116,0.9997289238275956,0.0002710761724044053,0.9000992036978354,0.8945683290639922,0.8850424249965146,0.8802466465491112,0.9777485278527586,0.8997853221544536,22560,0.882503915334258,0.006530312434992366,0.8604451477977806,0.03255141233700306,"{'classifier__ccp_alpha': np.float64(4.722840167542541e-06), 'classifier__learning_rate': np.float64(0.013162679679957741), 'classifier__max_depth': 3, 'classifier__max_features': 'log2', 'classifier__max_leaf_nodes': 10, 'classifier__min_impurity_decrease': np.float64(0.016376374322418487), 'classifier__min_samples_leaf': 5, 'classifier__min_samples_split': 16, 'classifier__n_estimators': 174, 'feature_selection_filter__k': 28}",61.94981646537781,"[0, 1, 2, 3, 4, 5, 6, 7, 8, 9, 10, 11, 12, 13, 14, 16, 17, 18, 19, 20, 21, 22, 23, 24, 27, 28, 29, 30]","['Amount_log1p', 'V1', 'V2', 'V3', 'V4', 'V5', 'V6', 'V7', 'V8', 'V9', 'V10', 'V11', 'V12', 'V13', 'V14', 'V16', 'V17', 'V18', 'V19', 'V20', 'V21', 'V22', 'V23', 'V24', 'V27', 'V28', 'Time_sin', 'Time_cos']"
CostSensitiveLearning___RandomizedSearchCV__niter_30__cv_5,7,2,LogitBoostClassifier,resubstitution,300,22118,16,126,0.9937056737588652,0.9493670886075949,0.704225352112676,0.8086253369272237,0.9992771302069214,0.0007228697930785621,0.8517512411597987,0.8388779940361493,0.8147988399893337,0.8054970259172153,0.8517512411597987,0.6741534786418483,22560,0.8087168622482963,0.006830310839833611,0.8038409438075822,0.025889988109075092,"{'classifier__ccp_alpha': np.float64(0.006503266916273728), 'classifier__learning_rate': np.float64(0.23337333992816336), 'classifier__max_depth': 3, 'classifier__max_features': 'sqrt', 'classifier__max_leaf_nodes': 12, 'classifier__min_impurity_decrease': np.float64(0.048605998746181205), 'classifier__min_samples_leaf': 6, 'classifier__min_samples_split': 10, 'classifier__n_estimators': 265, 'feature_selection_filter__k': 'all'}",41.66767764091492,"[0, 1, 2, 3, 4, 5, 6, 7, 8, 9, 10, 11, 12, 13, 14, 15, 16, 17, 18, 19, 20, 21, 22, 23, 24, 25, 26, 27, 28, 29, 30]","['Amount_log1p', 'V1', 'V2', 'V3', 'V4', 'V5', 'V6', 'V7', 'V8', 'V9', 'V10', 'V11', 'V12', 'V13', 'V14', 'V15', 'V16', 'V17', 'V18', 'V19', 'V20', 'V21', 'V22', 'V23', 'V24', 'V25', 'V26', 'V27', 'V28', 'Time_sin', 'Time_cos']"
CostSensitiveLearning___RandomizedSearchCV__niter_30__cv_5,7,3,LogitBoostClassifier,resubstitution,311,22116,18,115,0.994104609929078,0.9452887537993921,0.7300469483568075,0.823841059602649,0.9991867714827867,0.0008132285172133269,0.8646168599197971,0.8540803553293443,0.8279880070458753,0.8208935124398209,0.8646168599197972,0.6952026877577523,22560,0.8221853198529198,0.011521239201983783,0.813730050086825,0.0549401874257086,"{'classifier__ccp_alpha': np.float64(0.004038195662565474), 'classifier__learning_rate': np.float64(0.13703486422856148), 'classifier__max_depth': 2, 'classifier__max_features': 'sqrt', 'classifier__max_leaf_nodes': 7, 'classifier__min_impurity_decrease': np.float64(0.022877937017441986), 'classifier__min_samples_leaf': 9, 'classifier__min_samples_split': 4, 'classifier__n_estimators': 54, 'feature_selection_filter__k': 'all'}",39.39335656166077,"[0, 1, 2, 3, 4, 5, 6, 7, 8, 9, 10, 11, 12, 13, 14, 15, 16, 17, 18, 19, 20, 21, 22, 23, 24, 25, 26, 27, 28, 29, 30]","['Amount_log1p', 'V1', 'V2', 'V3', 'V4', 'V5', 'V6', 'V7', 'V8', 'V9', 'V10', 'V11', 'V12', 'V13', 'V14', 'V15', 'V16', 'V17', 'V18', 'V19', 'V20', 'V21', 'V22', 'V23', 'V24', 'V25', 'V26', 'V27', 'V28', 'Time_sin', 'Time_cos']"
CostSensitiveLearning___RandomizedSearchCV__niter_30__cv_5,7,4,LogitBoostClassifier,resubstitution,302,22117,17,124,0.99375,0.9467084639498433,0.7089201877934272,0.810738255033557,0.999231950844854,0.0007680491551459445,0.8540760693191407,0.8416505820363499,0.8163733647471059,0.8076274120052165,0.9198050945351637,0.8218709633540572,22560,0.8109624658989709,0.010042156548847362,0.8018680904019615,0.04133824981959221,"{'classifier__ccp_alpha': np.float64(0.0006052450714495638), 'classifier__learning_rate': np.float64(0.12722311564692174), 'classifier__max_depth': 2, 'classifier__max_features': 'log2', 'classifier__max_leaf_nodes': 2, 'classifier__min_impurity_decrease': np.float64(0.043110872507569946), 'classifier__min_samples_leaf': 1, 'classifier__min_samples_split': 14, 'classifier__n_estimators': 339, 'feature_selection_filter__k': 'all'}",51.599472999572754,"[0, 1, 2, 3, 4, 5, 6, 7, 8, 9, 10, 11, 12, 13, 14, 15, 16, 17, 18, 19, 20, 21, 22, 23, 24, 25, 26, 27, 28, 29, 30]","['Amount_log1p', 'V1', 'V2', 'V3', 'V4', 'V5', 'V6', 'V7', 'V8', 'V9', 'V10', 'V11', 'V12', 'V13', 'V14', 'V15', 'V16', 'V17', 'V18', 'V19', 'V20', 'V21', 'V22', 'V23', 'V24', 'V25', 'V26', 'V27', 'V28', 'Time_sin', 'Time_cos']"
CostSensitiveLearning___RandomizedSearchCV__niter_30__cv_5,7,5,LogitBoostClassifier,resubstitution,308,22132,3,117,0.9946808510638298,0.9903536977491961,0.7247058823529412,0.8369565217391305,0.9998644680370454,0.00013553196295457148,0.8622851751949934,0.8512388980433996,0.8448494861633812,0.8343187589084573,0.9286222245844351,0.8434928654439213,22560,0.8392776339106339,0.007599857761635492,0.8299897077874071,0.0362822302419,"{'classifier__ccp_alpha': np.float64(0.00039399144378698405), 'classifier__learning_rate': np.float64(0.02202152308362261), 'classifier__max_depth': 2, 'classifier__max_features': 'sqrt', 'classifier__max_leaf_nodes': 16, 'classifier__min_impurity_decrease': np.float64(0.08952783582279913), 'classifier__min_samples_leaf': 7, 'classifier__min_samples_split': 2, 'classifier__n_estimators': 105, 'feature_selection_filter__k': 'all'}",52.880043506622314,"[0, 1, 2, 3, 4, 5, 6, 7, 8, 9, 10, 11, 12, 13, 14, 15, 16, 17, 18, 19, 20, 21, 22, 23, 24, 25, 26, 27, 28, 29, 30]","['Amount_log1p', 'V1', 'V2', 'V3', 'V4', 'V5', 'V6', 'V7', 'V8', 'V9', 'V10', 'V11', 'V12', 'V13', 'V14', 'V15', 'V16', 'V17', 'V18', 'V19', 'V20', 'V21', 'V22', 'V23', 'V24', 'V25', 'V26', 'V27', 'V28', 'Time_sin', 'Time_cos']"
CostSensitiveLearning___RandomizedSearchCV__niter_30__cv_5,7,6,LogitBoostClassifier,resubstitution,306,22120,15,119,0.9940602836879433,0.9532710280373832,0.72,0.8203753351206434,0.999322340185227,0.0006776598147729684,0.8596611700926136,0.8482405819891922,0.8257481950516615,0.8174152060982394,0.9262757145324811,0.8361369697829159,22560,0.8244478416051539,0.018556964215391082,0.8097988911576317,0.03179972148170004,"{'classifier__ccp_alpha': np.float64(0.0002772176644456159), 'classifier__learning_rate': np.float64(0.10399496216424807), 'classifier__max_depth': 3, 'classifier__max_features': 'log2', 'classifier__max_leaf_nodes': 9, 'classifier__min_impurity_decrease': np.float64(0.031128653354334204), 'classifier__min_samples_leaf': 6, 'classifier__min_samples_split': 6, 'classifier__n_estimators': 376, 'feature_selection_filter__k': 24}",40.57744908332825,"[0, 1, 2, 3, 4, 5, 6, 7, 8, 9, 10, 11, 12, 14, 16, 17, 18, 19, 20, 21, 23, 27, 28, 29]","['Amount_log1p', 'V1', 'V2', 'V3', 'V4', 'V5', 'V6', 'V7', 'V8', 'V9', 'V10', 'V11', 'V12', 'V14', 'V16', 'V17', 'V18', 'V19', 'V20', 'V21', 'V23', 'V27', 'V28', 'Time_sin']"
CostSensitiveLearning___RandomizedSearchCV__niter_30__cv_5,7,7,LogitBoostClassifier,resubstitution,287,22129,6,138,0.9936170212765958,0.9795221843003413,0.6752941176470588,0.7994428969359332,0.9997289360740909,0.00027106392590914297,0.8375115268605748,0.8216514283882101,0.8105656003984751,0.7963111236231921,0.9508240077598693,0.8438203993457833,22560,0.8172283636058812,0.012530428828697338,0.8143530366133106,0.027256436738918234,"{'classifier__ccp_alpha': np.float64(0.00017461061986197347), 'classifier__learning_rate': np.float64(0.03615090388990511), 'classifier__max_depth': 1, 'classifier__max_features': 'sqrt', 'classifier__max_leaf_nodes': 8, 'classifier__min_impurity_decrease': np.float64(0.054659225905757905), 'classifier__min_samples_leaf': 3, 'classifier__min_samples_split': 9, 'classifier__n_estimators': 294, 'feature_selection_filter__k': 26}",49.1307430267334,"[0, 1, 2, 3, 4, 5, 6, 7, 8, 9, 10, 11, 12, 14, 16, 17, 18, 19, 20, 21, 23, 24, 27, 28, 29, 30]","['Amount_log1p', 'V1', 'V2', 'V3', 'V4', 'V5', 'V6', 'V7', 'V8', 'V9', 'V10', 'V11', 'V12', 'V14', 'V16', 'V17', 'V18', 'V19', 'V20', 'V21', 'V23', 'V24', 'V27', 'V28', 'Time_sin', 'Time_cos']"
CostSensitiveLearning___RandomizedSearchCV__niter_30__cv_5,7,8,LogitBoostClassifier,resubstitution,321,22130,5,105,0.9951243295953194,0.9846625766871165,0.7535211267605634,0.8537234042553191,0.9997741133950757,0.0002258866049242858,0.8766476200778195,0.8679579001492531,0.8591765578744209,0.8512888210295707,0.9315667516127561,0.8419455221018747,22561,0.8400306326344399,0.029126843972904246,0.8340399934345063,0.04232988268005288,"{'classifier__ccp_alpha': np.float64(0.0006825719767197824), 'classifier__learning_rate': np.float64(0.08065887703412097), 'classifier__max_depth': 3, 'classifier__max_features': 'sqrt', 'classifier__max_leaf_nodes': 16, 'classifier__min_impurity_decrease': np.float64(0.09854847725761491), 'classifier__min_samples_leaf': 9, 'classifier__min_samples_split': 14, 'classifier__n_estimators': 212, 'feature_selection_filter__k': 20}",51.65266394615173,"[1, 2, 3, 4, 5, 6, 7, 8, 9, 10, 11, 12, 14, 16, 17, 18, 19, 20, 21, 27]","['V1', 'V2', 'V3', 'V4', 'V5', 'V6', 'V7', 'V8', 'V9', 'V10', 'V11', 'V12', 'V14', 'V16', 'V17', 'V18', 'V19', 'V20', 'V21', 'V27']"
CostSensitiveLearning___RandomizedSearchCV__niter_30__cv_5,7,9,LogitBoostClassifier,resubstitution,312,22130,5,114,0.9947254111076637,0.9842271293375394,0.7323943661971831,0.8398384925975774,0.9997741133950757,0.0002258866049242858,0.8660842397961295,0.8557037618944637,0.846680420146983,0.8372156983749031,0.9230784526449411,0.8295639189399939,22561,0.8450567223774842,0.008539341729075764,0.8310798107505171,0.04260813472962128,"{'classifier__ccp_alpha': np.float64(0.0007761668708699865), 'classifier__learning_rate': np.float64(0.04001037708847868), 'classifier__max_depth': 3, 'classifier__max_features': 'sqrt', 'classifier__max_leaf_nodes': 7, 'classifier__min_impurity_decrease': np.float64(0.0820775081224887), 'classifier__min_samples_leaf': 3, 'classifier__min_samples_split': 8, 'classifier__n_estimators': 249, 'feature_selection_filter__k': 26}",45.36556935310364,"[0, 1, 2, 3, 4, 5, 6, 7, 8, 9, 10, 11, 12, 14, 16, 17, 18, 19, 20, 21, 22, 23, 24, 27, 28, 29]","['Amount_log1p', 'V1', 'V2', 'V3', 'V4', 'V5', 'V6', 'V7', 'V8', 'V9', 'V10', 'V11', 'V12', 'V14', 'V16', 'V17', 'V18', 'V19', 'V20', 'V21', 'V22', 'V23', 'V24', 'V27', 'V28', 'Time_sin']"
CostSensitiveLearning___RandomizedSearchCV__niter_30__cv_5,7,10,LogitBoostClassifier,resubstitution,305,22116,19,121,0.9937946013031337,0.941358024691358,0.715962441314554,0.8133333333333334,0.9991416309012876,0.0008583690987123971,0.8575520361079207,0.8457824077616481,0.8180940060983717,0.8102375158173454,0.8575520361079209,0.6793402269542195,22561,0.8138183777494593,0.0035901059247383012,0.8005578169172578,0.023117759436146402,"{'classifier__ccp_alpha': np.float64(0.007477331560242785), 'classifier__learning_rate': np.float64(0.13634679968163194), 'classifier__max_depth': 1, 'classifier__max_features': 'log2', 'classifier__max_leaf_nodes': 13, 'classifier__min_impurity_decrease': np.float64(0.05290108110943834), 'classifier__min_samples_leaf': 1, 'classifier__min_samples_split': 15, 'classifier__n_estimators': 289, 'feature_selection_filter__k': 20}",46.038217067718506,"[1, 2, 3, 4, 5, 6, 7, 8, 9, 10, 11, 12, 14, 16, 17, 18, 19, 20, 21, 27]","['V1', 'V2', 'V3', 'V4', 'V5', 'V6', 'V7', 'V8', 'V9', 'V10', 'V11', 'V12', 'V14', 'V16', 'V17', 'V18', 'V19', 'V20', 'V21', 'V27']"
CostSensitiveLearning___RandomizedSearchCV__niter_30__cv_5,8,1,LogitBoostClassifier,resubstitution,332,22128,6,94,0.9955673758865248,0.9822485207100592,0.7793427230046949,0.8691099476439791,0.9997289238275956,0.0002710761724044053,0.8895358234161452,0.8826842367247483,0.8728954499864265,0.8668858801321512,0.9661498932451975,0.8696308919323553,22560,0.872940843062332,0.009009127758232066,0.8624555417651137,0.03252021312063248,"{'classifier__ccp_alpha': np.float64(3.211522525262245e-05), 'classifier__learning_rate': np.float64(0.01406650103442783), 'classifier__max_depth': 1, 'classifier__max_features': 'log2', 'classifier__max_leaf_nodes': 2, 'classifier__min_impurity_decrease': np.float64(0.002767099681001295), 'classifier__min_samples_leaf': 4, 'classifier__min_samples_split': 9, 'classifier__n_estimators': 365, 'feature_selection_filter__k': 22}",68.2655975818634,"[1, 2, 3, 4, 5, 6, 7, 8, 9, 10, 11, 12, 14, 16, 17, 18, 19, 20, 21, 27, 28, 29]","['V1', 'V2', 'V3', 'V4', 'V5', 'V6', 'V7', 'V8', 'V9', 'V10', 'V11', 'V12', 'V14', 'V16', 'V17', 'V18', 'V19', 'V20', 'V21', 'V27', 'V28', 'Time_sin']"
CostSensitiveLearning___RandomizedSearchCV__niter_30__cv_5,8,2,LogitBoostClassifier,resubstitution,325,22128,6,101,0.9952570921985816,0.9818731117824774,0.7629107981220657,0.8586525759577279,0.9997289238275956,0.0002710761724044053,0.8813198609748307,0.8733292570291143,0.8633367224271651,0.8562792794530668,0.9315834390700093,0.8564335051352582,22560,0.8600979045532983,0.008317634185184511,0.8489332244003102,0.023438071284563763,"{'classifier__ccp_alpha': np.float64(0.00036702005898833437), 'classifier__learning_rate': np.float64(0.04237281765618605), 'classifier__max_depth': 3, 'classifier__max_features': 'sqrt', 'classifier__max_leaf_nodes': 12, 'classifier__min_impurity_decrease': np.float64(0.04031687837461439), 'classifier__min_samples_leaf': 4, 'classifier__min_samples_split': 15, 'classifier__n_estimators': 207, 'feature_selection_filter__k': 'all'}",57.89926314353943,"[0, 1, 2, 3, 4, 5, 6, 7, 8, 9, 10, 11, 12, 13, 14, 15, 16, 17, 18, 19, 20, 21, 22, 23, 24, 25, 26, 27, 28, 29, 30]","['Amount_log1p', 'V1', 'V2', 'V3', 'V4', 'V5', 'V6', 'V7', 'V8', 'V9', 'V10', 'V11', 'V12', 'V13', 'V14', 'V15', 'V16', 'V17', 'V18', 'V19', 'V20', 'V21', 'V22', 'V23', 'V24', 'V25', 'V26', 'V27', 'V28', 'Time_sin', 'Time_cos']"
CostSensitiveLearning___RandomizedSearchCV__niter_30__cv_5,8,3,LogitBoostClassifier,resubstitution,317,22128,6,109,0.9949024822695035,0.9814241486068112,0.744131455399061,0.8464619492656876,0.9997289238275956,0.0002710761724044053,0.8719301896133282,0.8625136167576519,0.8522888764583816,0.8439199905861086,0.9249293992926566,0.8264464587016742,22560,0.8508997369756424,0.00760945353958163,0.8297957312093575,0.03911249438797986,"{'classifier__ccp_alpha': np.float64(0.0002444617783585268), 'classifier__learning_rate': np.float64(0.07140284416725019), 'classifier__max_depth': 3, 'classifier__max_features': 'log2', 'classifier__max_leaf_nodes': 14, 'classifier__min_impurity_decrease': np.float64(0.02700722292745852), 'classifier__min_samples_leaf': 6, 'classifier__min_samples_split': 10, 'classifier__n_estimators': 372, 'feature_selection_filter__k': 20}",38.935550689697266,"[1, 2, 3, 4, 5, 6, 7, 8, 9, 10, 11, 12, 14, 16, 17, 18, 19, 20, 21, 27]","['V1', 'V2', 'V3', 'V4', 'V5', 'V6', 'V7', 'V8', 'V9', 'V10', 'V11', 'V12', 'V14', 'V16', 'V17', 'V18', 'V19', 'V20', 'V21', 'V27']"
CostSensitiveLearning___RandomizedSearchCV__niter_30__cv_5,8,4,LogitBoostClassifier,resubstitution,325,22128,6,101,0.9952570921985816,0.9818731117824774,0.7629107981220657,0.8586525759577279,0.9997289238275956,0.0002710761724044053,0.8813198609748307,0.8733292570291143,0.8633367224271651,0.8562792794530668,0.9593895334902097,0.8571909027628772,22560,0.8573446393696351,0.011983592903019473,0.8506886668359153,0.03175015958807182,"{'classifier__ccp_alpha': np.float64(8.074764497465026e-05), 'classifier__learning_rate': np.float64(0.028606176600282328), 'classifier__max_depth': 1, 'classifier__max_features': 'sqrt', 'classifier__max_leaf_nodes': 14, 'classifier__min_impurity_decrease': np.float64(0.08130956613478746), 'classifier__min_samples_leaf': 9, 'classifier__min_samples_split': 12, 'classifier__n_estimators': 250, 'feature_selection_filter__k': 26}",49.04714894294739,"[0, 1, 2, 3, 4, 5, 6, 7, 8, 9, 10, 11, 12, 14, 16, 17, 18, 19, 20, 21, 22, 23, 24, 27, 28, 29]","['Amount_log1p', 'V1', 'V2', 'V3', 'V4', 'V5', 'V6', 'V7', 'V8', 'V9', 'V10', 'V11', 'V12', 'V14', 'V16', 'V17', 'V18', 'V19', 'V20', 'V21', 'V22', 'V23', 'V24', 'V27', 'V28', 'Time_sin']"
CostSensitiveLearning___RandomizedSearchCV__niter_30__cv_5,8,5,LogitBoostClassifier,resubstitution,313,22130,5,112,0.9948138297872341,0.9842767295597484,0.7364705882352941,0.8425302826379543,0.9997741133950757,0.0002258866049242858,0.868122350815185,0.8580817148701463,0.8490943135734916,0.839949356588555,0.9369131665315777,0.8459558807044649,22560,0.850107550894745,0.010033204601867412,0.83047113208503,0.06118428079187775,"{'classifier__ccp_alpha': np.float64(0.0004789098645500933), 'classifier__learning_rate': np.float64(0.015449688815501133), 'classifier__max_depth': 3, 'classifier__max_features': 'log2', 'classifier__max_leaf_nodes': 9, 'classifier__min_impurity_decrease': np.float64(0.08345145642156859), 'classifier__min_samples_leaf': 3, 'classifier__min_samples_split': 5, 'classifier__n_estimators': 122, 'feature_selection_filter__k': 24}",52.28774881362915,"[0, 1, 2, 3, 4, 5, 6, 7, 8, 9, 10, 11, 12, 14, 16, 17, 18, 19, 20, 21, 24, 27, 28, 29]","['Amount_log1p', 'V1', 'V2', 'V3', 'V4', 'V5', 'V6', 'V7', 'V8', 'V9', 'V10', 'V11', 'V12', 'V14', 'V16', 'V17', 'V18', 'V19', 'V20', 'V21', 'V24', 'V27', 'V28', 'Time_sin']"
CostSensitiveLearning___RandomizedSearchCV__niter_30__cv_5,8,6,LogitBoostClassifier,resubstitution,329,22117,18,96,0.9949468085106383,0.9481268011527377,0.7741176470588236,0.8523316062176166,0.9991868082222725,0.0008131917777275399,0.886652227640548,0.87948174566232,0.8543117799142168,0.8497877214264979,0.8859493748256024,0.7392508678320973,22560,0.8530660628749918,0.00489949803689597,0.8482031066307124,0.015251473033653663,"{'classifier__ccp_alpha': np.float64(0.0003430849085727661), 'classifier__learning_rate': np.float64(0.2525683573041732), 'classifier__max_depth': 3, 'classifier__max_features': 'sqrt', 'classifier__max_leaf_nodes': 9, 'classifier__min_impurity_decrease': np.float64(0.01782330248103885), 'classifier__min_samples_leaf': 5, 'classifier__min_samples_split': 8, 'classifier__n_estimators': 60, 'feature_selection_filter__k': 'all'}",44.66044902801514,"[0, 1, 2, 3, 4, 5, 6, 7, 8, 9, 10, 11, 12, 13, 14, 15, 16, 17, 18, 19, 20, 21, 22, 23, 24, 25, 26, 27, 28, 29, 30]","['Amount_log1p', 'V1', 'V2', 'V3', 'V4', 'V5', 'V6', 'V7', 'V8', 'V9', 'V10', 'V11', 'V12', 'V13', 'V14', 'V15', 'V16', 'V17', 'V18', 'V19', 'V20', 'V21', 'V22', 'V23', 'V24', 'V25', 'V26', 'V27', 'V28', 'Time_sin', 'Time_cos']"
CostSensitiveLearning___RandomizedSearchCV__niter_30__cv_5,8,7,LogitBoostClassifier,resubstitution,342,22129,6,83,0.9960549645390071,0.9827586206896551,0.8047058823529412,0.8848641655886158,0.9997289360740909,0.00027106392590914297,0.902217409213516,0.8969324141858562,0.88744538187414,0.8828775225922063,0.9693291699331643,0.885108129077684,22560,0.8862856071944041,0.00979662597702219,0.8645027517596802,0.02504404277183825,"{'classifier__ccp_alpha': np.float64(1.1517314088319575e-05), 'classifier__learning_rate': np.float64(0.021756865988530417), 'classifier__max_depth': 2, 'classifier__max_features': 'sqrt', 'classifier__max_leaf_nodes': 5, 'classifier__min_impurity_decrease': np.float64(0.0016116711319045574), 'classifier__min_samples_leaf': 4, 'classifier__min_samples_split': 10, 'classifier__n_estimators': 142, 'feature_selection_filter__k': 20}",51.322354793548584,"[1, 2, 3, 4, 5, 6, 7, 8, 9, 10, 11, 12, 14, 16, 17, 18, 19, 20, 21, 27]","['V1', 'V2', 'V3', 'V4', 'V5', 'V6', 'V7', 'V8', 'V9', 'V10', 'V11', 'V12', 'V14', 'V16', 'V17', 'V18', 'V19', 'V20', 'V21', 'V27']"
CostSensitiveLearning___RandomizedSearchCV__niter_30__cv_5,8,8,LogitBoostClassifier,resubstitution,319,22132,3,107,0.9951243295953194,0.9906832298136646,0.7488262910798122,0.8529411764705882,0.9998644680370454,0.00013553196295457148,0.8743453795584288,0.8652888541883977,0.8591351192037607,0.8505109604775148,0.9342285548241638,0.8489656995984929,22561,0.8544255361322175,0.006913164182242643,0.8373266935490182,0.049073081296494424,"{'classifier__ccp_alpha': np.float64(0.00039960447007668544), 'classifier__learning_rate': np.float64(0.028346603520747977), 'classifier__max_depth': 3, 'classifier__max_features': 'sqrt', 'classifier__max_leaf_nodes': 17, 'classifier__min_impurity_decrease': np.float64(0.05362109219703314), 'classifier__min_samples_leaf': 3, 'classifier__min_samples_split': 11, 'classifier__n_estimators': 371, 'feature_selection_filter__k': 20}",59.394747257232666,"[1, 2, 3, 4, 5, 6, 7, 8, 9, 10, 11, 12, 14, 16, 17, 18, 19, 20, 21, 27]","['V1', 'V2', 'V3', 'V4', 'V5', 'V6', 'V7', 'V8', 'V9', 'V10', 'V11', 'V12', 'V14', 'V16', 'V17', 'V18', 'V19', 'V20', 'V21', 'V27']"
CostSensitiveLearning___RandomizedSearchCV__niter_30__cv_5,8,9,LogitBoostClassifier,resubstitution,301,22120,15,125,0.9937946013031337,0.9525316455696202,0.7065727699530516,0.8113207547169812,0.999322340185227,0.0006776598147729684,0.8529475550691393,0.8402939687874962,0.817570080558313,0.8082366433671726,0.8529475550691393,0.6785734578288384,22561,0.8114179848695132,0.005791453117811401,0.8097792210547844,0.022420854469173197,"{'classifier__ccp_alpha': np.float64(0.0020474020470840127), 'classifier__learning_rate': np.float64(0.16680728293020697), 'classifier__max_depth': 2, 'classifier__max_features': 'sqrt', 'classifier__max_leaf_nodes': 2, 'classifier__min_impurity_decrease': np.float64(0.026463542347721494), 'classifier__min_samples_leaf': 7, 'classifier__min_samples_split': 12, 'classifier__n_estimators': 74, 'feature_selection_filter__k': 'all'}",41.46862196922302,"[0, 1, 2, 3, 4, 5, 6, 7, 8, 9, 10, 11, 12, 13, 14, 15, 16, 17, 18, 19, 20, 21, 22, 23, 24, 25, 26, 27, 28, 29, 30]","['Amount_log1p', 'V1', 'V2', 'V3', 'V4', 'V5', 'V6', 'V7', 'V8', 'V9', 'V10', 'V11', 'V12', 'V13', 'V14', 'V15', 'V16', 'V17', 'V18', 'V19', 'V20', 'V21', 'V22', 'V23', 'V24', 'V25', 'V26', 'V27', 'V28', 'Time_sin', 'Time_cos']"
CostSensitiveLearning___RandomizedSearchCV__niter_30__cv_5,8,10,LogitBoostClassifier,resubstitution,326,22104,31,100,0.9941935197907894,0.9131652661064426,0.7652582159624414,0.8326947637292464,0.9985995030494692,0.001400496950530794,0.8819288595059553,0.8741775987547481,0.8331195331795176,0.8297635996430871,0.8821734109195495,0.7321958455929882,22561,0.8326119486658456,0.005680409403942071,0.82185883357267,0.023278239447516287,"{'classifier__ccp_alpha': np.float64(0.0005939729730658561), 'classifier__learning_rate': np.float64(0.23180119659105095), 'classifier__max_depth': 2, 'classifier__max_features': 'log2', 'classifier__max_leaf_nodes': 8, 'classifier__min_impurity_decrease': np.float64(0.07101058512440298), 'classifier__min_samples_leaf': 2, 'classifier__min_samples_split': 16, 'classifier__n_estimators': 189, 'feature_selection_filter__k': 'all'}",34.11243796348572,"[0, 1, 2, 3, 4, 5, 6, 7, 8, 9, 10, 11, 12, 13, 14, 15, 16, 17, 18, 19, 20, 21, 22, 23, 24, 25, 26, 27, 28, 29, 30]","['Amount_log1p', 'V1', 'V2', 'V3', 'V4', 'V5', 'V6', 'V7', 'V8', 'V9', 'V10', 'V11', 'V12', 'V13', 'V14', 'V15', 'V16', 'V17', 'V18', 'V19', 'V20', 'V21', 'V22', 'V23', 'V24', 'V25', 'V26', 'V27', 'V28', 'Time_sin', 'Time_cos']"
CostSensitiveLearning___RandomizedSearchCV__niter_30__cv_5,9,1,LogitBoostClassifier,resubstitution,329,22130,4,97,0.9955230496453901,0.987987987987988,0.7723004694835681,0.8669301712779973,0.9998192825517304,0.00018071744826964053,0.8860598760176492,0.878726863885147,0.8714788936290024,0.8646881549401865,0.955927161111302,0.8583245246098821,22560,0.8666638767016996,0.009086466506198937,0.8508942597072793,0.04220031878787868,"{'classifier__ccp_alpha': np.float64(0.00016407565778933875), 'classifier__learning_rate': np.float64(0.06042979131801297), 'classifier__max_depth': 3, 'classifier__max_features': 'log2', 'classifier__max_leaf_nodes': 8, 'classifier__min_impurity_decrease': np.float64(0.04754061545059275), 'classifier__min_samples_leaf': 7, 'classifier__min_samples_split': 2, 'classifier__n_estimators': 76, 'feature_selection_filter__k': 20}",56.11499500274658,"[1, 2, 3, 4, 5, 6, 7, 8, 9, 10, 11, 12, 14, 16, 17, 18, 19, 20, 21, 27]","['V1', 'V2', 'V3', 'V4', 'V5', 'V6', 'V7', 'V8', 'V9', 'V10', 'V11', 'V12', 'V14', 'V16', 'V17', 'V18', 'V19', 'V20', 'V21', 'V27']"
CostSensitiveLearning___RandomizedSearchCV__niter_30__cv_5,9,2,LogitBoostClassifier,resubstitution,304,22126,8,122,0.9942375886524822,0.9743589743589743,0.7136150234741784,0.8238482384823849,0.9996385651034607,0.00036143489653928107,0.8566267942888195,0.844604699313235,0.8312964632694427,0.8209901500635763,0.9293409094669217,0.8272248427644378,22560,0.8248259809342361,0.02077069150688747,0.8160885654660746,0.035787182139491606,"{'classifier__ccp_alpha': np.float64(0.00048029800989449645), 'classifier__learning_rate': np.float64(0.0781992232640638), 'classifier__max_depth': 3, 'classifier__max_features': 'log2', 'classifier__max_leaf_nodes': 3, 'classifier__min_impurity_decrease': np.float64(0.05826710878614047), 'classifier__min_samples_leaf': 7, 'classifier__min_samples_split': 7, 'classifier__n_estimators': 187, 'feature_selection_filter__k': 20}",49.016542196273804,"[1, 2, 3, 4, 5, 6, 7, 8, 9, 10, 11, 12, 14, 16, 17, 18, 19, 20, 21, 27]","['V1', 'V2', 'V3', 'V4', 'V5', 'V6', 'V7', 'V8', 'V9', 'V10', 'V11', 'V12', 'V14', 'V16', 'V17', 'V18', 'V19', 'V20', 'V21', 'V27']"
CostSensitiveLearning___RandomizedSearchCV__niter_30__cv_5,9,3,LogitBoostClassifier,resubstitution,323,22129,5,103,0.9952127659574468,0.9847560975609756,0.7582159624413145,0.8567639257294429,0.999774103189663,0.0002258968103370229,0.8789950328154887,0.8706576157559597,0.8619301597180695,0.8543714388996952,0.9510353815916796,0.8595993701735203,22560,0.8622170108427671,0.004429957629687299,0.8529129766601337,0.03785219724086403,"{'classifier__ccp_alpha': np.float64(0.00013456763197615686), 'classifier__learning_rate': np.float64(0.033544877417737574), 'classifier__max_depth': 2, 'classifier__max_features': 'log2', 'classifier__max_leaf_nodes': 11, 'classifier__min_impurity_decrease': np.float64(0.02514860386905972), 'classifier__min_samples_leaf': 7, 'classifier__min_samples_split': 13, 'classifier__n_estimators': 99, 'feature_selection_filter__k': 26}",44.859257221221924,"[0, 1, 2, 3, 4, 5, 6, 7, 8, 9, 10, 11, 12, 14, 16, 17, 18, 19, 20, 21, 22, 23, 24, 27, 28, 29]","['Amount_log1p', 'V1', 'V2', 'V3', 'V4', 'V5', 'V6', 'V7', 'V8', 'V9', 'V10', 'V11', 'V12', 'V14', 'V16', 'V17', 'V18', 'V19', 'V20', 'V21', 'V22', 'V23', 'V24', 'V27', 'V28', 'Time_sin']"
CostSensitiveLearning___RandomizedSearchCV__niter_30__cv_5,9,4,LogitBoostClassifier,resubstitution,299,22115,19,127,0.9935283687943263,0.940251572327044,0.7018779342723005,0.803763440860215,0.9991415921207193,0.0008584078792807093,0.85050976319651,0.8374218988796674,0.8094022163237132,0.8005438392258939,0.8505097631965098,0.6655712639053017,22560,0.8037868636674531,0.011745446116074344,0.7929657317371408,0.04457269678202609,"{'classifier__ccp_alpha': np.float64(0.0071550082308594375), 'classifier__learning_rate': np.float64(0.1141685054554651), 'classifier__max_depth': 1, 'classifier__max_features': 'sqrt', 'classifier__max_leaf_nodes': 5, 'classifier__min_impurity_decrease': np.float64(0.08627490750081948), 'classifier__min_samples_leaf': 2, 'classifier__min_samples_split': 19, 'classifier__n_estimators': 109, 'feature_selection_filter__k': 'all'}",43.782193183898926,"[0, 1, 2, 3, 4, 5, 6, 7, 8, 9, 10, 11, 12, 13, 14, 15, 16, 17, 18, 19, 20, 21, 22, 23, 24, 25, 26, 27, 28, 29, 30]","['Amount_log1p', 'V1', 'V2', 'V3', 'V4', 'V5', 'V6', 'V7', 'V8', 'V9', 'V10', 'V11', 'V12', 'V13', 'V14', 'V15', 'V16', 'V17', 'V18', 'V19', 'V20', 'V21', 'V22', 'V23', 'V24', 'V25', 'V26', 'V27', 'V28', 'Time_sin', 'Time_cos']"
CostSensitiveLearning___RandomizedSearchCV__niter_30__cv_5,9,5,LogitBoostClassifier,resubstitution,309,22131,4,116,0.9946808510638298,0.987220447284345,0.7270588235294118,0.8373983739837398,0.9998192907160606,0.00018070928393942864,0.8634390571227362,0.8526003971674128,0.8448661783069694,0.8347578591034857,0.9364063301399168,0.8503161280740913,22560,0.8402354860777581,0.00946858917206606,0.8265661659278681,0.03672837114670148,"{'classifier__ccp_alpha': np.float64(0.0004853357803650083), 'classifier__learning_rate': np.float64(0.012079808534500438), 'classifier__max_depth': 2, 'classifier__max_features': 'sqrt', 'classifier__max_leaf_nodes': 9, 'classifier__min_impurity_decrease': np.float64(0.009630066394161464), 'classifier__min_samples_leaf': 1, 'classifier__min_samples_split': 2, 'classifier__n_estimators': 254, 'feature_selection_filter__k': 28}",65.99164080619812,"[0, 1, 2, 3, 4, 5, 6, 7, 8, 9, 10, 11, 12, 14, 16, 17, 18, 19, 20, 21, 22, 23, 24, 26, 27, 28, 29, 30]","['Amount_log1p', 'V1', 'V2', 'V3', 'V4', 'V5', 'V6', 'V7', 'V8', 'V9', 'V10', 'V11', 'V12', 'V14', 'V16', 'V17', 'V18', 'V19', 'V20', 'V21', 'V22', 'V23', 'V24', 'V26', 'V27', 'V28', 'Time_sin', 'Time_cos']"
CostSensitiveLearning___RandomizedSearchCV__niter_30__cv_5,9,6,LogitBoostClassifier,resubstitution,359,22127,8,66,0.9967198581560284,0.9782016348773842,0.8447058823529412,0.9065656565656566,0.999638581432121,0.0003614185678789683,0.9221722318925312,0.9189127216241281,0.9074294076373992,0.904905394698093,0.9779935423005887,0.8894001639444306,22560,0.8967074833063895,0.011623862202246437,0.8453223485273409,0.030284771031746604,"{'classifier__ccp_alpha': np.float64(1.0153626950502037e-05), 'classifier__learning_rate': np.float64(0.17203947822101823), 'classifier__max_depth': 3, 'classifier__max_features': 'log2', 'classifier__max_leaf_nodes': 13, 'classifier__min_impurity_decrease': np.float64(0.045183319799931704), 'classifier__min_samples_leaf': 3, 'classifier__min_samples_split': 11, 'classifier__n_estimators': 218, 'feature_selection_filter__k': 26}",40.79105019569397,"[0, 1, 2, 3, 4, 5, 6, 7, 8, 9, 10, 11, 12, 14, 16, 17, 18, 19, 20, 21, 22, 23, 24, 27, 28, 29]","['Amount_log1p', 'V1', 'V2', 'V3', 'V4', 'V5', 'V6', 'V7', 'V8', 'V9', 'V10', 'V11', 'V12', 'V14', 'V16', 'V17', 'V18', 'V19', 'V20', 'V21', 'V22', 'V23', 'V24', 'V27', 'V28', 'Time_sin']"
CostSensitiveLearning___RandomizedSearchCV__niter_30__cv_5,9,7,LogitBoostClassifier,resubstitution,322,22130,5,103,0.9952127659574468,0.9847094801223242,0.7576470588235295,0.8563829787234043,0.9997741133950757,0.0002258866049242858,0.8787105861093025,0.8703309235582066,0.8615862484013186,0.85399082049263,0.9345681978235161,0.8485690917258943,22560,0.8529518859906094,0.0018439133653811088,0.842866295186961,0.013140939617061875,"{'classifier__ccp_alpha': np.float64(0.00047832136180883444), 'classifier__learning_rate': np.float64(0.015505998305350432), 'classifier__max_depth': 3, 'classifier__max_features': 'sqrt', 'classifier__max_leaf_nodes': 18, 'classifier__min_impurity_decrease': np.float64(0.05655244614632209), 'classifier__min_samples_leaf': 5, 'classifier__min_samples_split': 6, 'classifier__n_estimators': 261, 'feature_selection_filter__k': 22}",48.09372067451477,"[1, 2, 3, 4, 5, 6, 7, 8, 9, 10, 11, 12, 14, 16, 17, 18, 19, 20, 21, 27, 28, 29]","['V1', 'V2', 'V3', 'V4', 'V5', 'V6', 'V7', 'V8', 'V9', 'V10', 'V11', 'V12', 'V14', 'V16', 'V17', 'V18', 'V19', 'V20', 'V21', 'V27', 'V28', 'Time_sin']"
CostSensitiveLearning___RandomizedSearchCV__niter_30__cv_5,9,8,LogitBoostClassifier,resubstitution,331,22119,16,95,0.9950800053189132,0.9538904899135446,0.7769953051643192,0.8564036222509702,0.9992771628642422,0.0007228371357578256,0.8881362340142807,0.8811547333490509,0.8585797177373122,0.8539273398654889,0.8900263110172216,0.7517341505079294,22561,0.8598672432643971,0.005371467065869466,0.8453503770350412,0.02108813116514988,"{'classifier__ccp_alpha': np.float64(0.00035642289457516683), 'classifier__learning_rate': np.float64(0.1782376835783845), 'classifier__max_depth': 3, 'classifier__max_features': 'sqrt', 'classifier__max_leaf_nodes': 15, 'classifier__min_impurity_decrease': np.float64(0.052849796755913885), 'classifier__min_samples_leaf': 3, 'classifier__min_samples_split': 16, 'classifier__n_estimators': 260, 'feature_selection_filter__k': 'all'}",58.977020502090454,"[0, 1, 2, 3, 4, 5, 6, 7, 8, 9, 10, 11, 12, 13, 14, 15, 16, 17, 18, 19, 20, 21, 22, 23, 24, 25, 26, 27, 28, 29, 30]","['Amount_log1p', 'V1', 'V2', 'V3', 'V4', 'V5', 'V6', 'V7', 'V8', 'V9', 'V10', 'V11', 'V12', 'V13', 'V14', 'V15', 'V16', 'V17', 'V18', 'V19', 'V20', 'V21', 'V22', 'V23', 'V24', 'V25', 'V26', 'V27', 'V28', 'Time_sin', 'Time_cos']"
CostSensitiveLearning___RandomizedSearchCV__niter_30__cv_5,9,9,LogitBoostClassifier,resubstitution,332,22131,4,94,0.9956562209121936,0.9880952380952381,0.7793427230046949,0.8713910761154856,0.9998192907160606,0.00018070928393942864,0.8895810068603778,0.8827241293514511,0.8755517300962631,0.8692132188834093,0.9533847463972148,0.8663169125671429,22561,0.8752435601159014,0.00965620242826903,0.8574841073099699,0.04330650050749934,"{'classifier__ccp_alpha': np.float64(9.914934722864977e-05), 'classifier__learning_rate': np.float64(0.03945119259296687), 'classifier__max_depth': 2, 'classifier__max_features': 'log2', 'classifier__max_leaf_nodes': 7, 'classifier__min_impurity_decrease': np.float64(0.06709873208698984), 'classifier__min_samples_leaf': 6, 'classifier__min_samples_split': 18, 'classifier__n_estimators': 351, 'feature_selection_filter__k': 'all'}",52.41765904426575,"[0, 1, 2, 3, 4, 5, 6, 7, 8, 9, 10, 11, 12, 13, 14, 15, 16, 17, 18, 19, 20, 21, 22, 23, 24, 25, 26, 27, 28, 29, 30]","['Amount_log1p', 'V1', 'V2', 'V3', 'V4', 'V5', 'V6', 'V7', 'V8', 'V9', 'V10', 'V11', 'V12', 'V13', 'V14', 'V15', 'V16', 'V17', 'V18', 'V19', 'V20', 'V21', 'V22', 'V23', 'V24', 'V25', 'V26', 'V27', 'V28', 'Time_sin', 'Time_cos']"
CostSensitiveLearning___RandomizedSearchCV__niter_30__cv_5,9,10,LogitBoostClassifier,resubstitution,339,22127,8,87,0.9957891937414122,0.9769452449567724,0.795774647887324,0.8771021992238034,0.999638581432121,0.0003614185678789683,0.8977066146597226,0.8919008017451998,0.8797499512612964,0.8749828584434365,0.960525414364055,0.8803405629908471,22561,0.8831749497697068,0.011628671923575312,0.8640885984023239,0.03660656611710562,"{'classifier__ccp_alpha': np.float64(4.5484475299429894e-05), 'classifier__learning_rate': np.float64(0.028573876113191673), 'classifier__max_depth': 2, 'classifier__max_features': 'sqrt', 'classifier__max_leaf_nodes': 5, 'classifier__min_impurity_decrease': np.float64(0.055854667725766804), 'classifier__min_samples_leaf': 5, 'classifier__min_samples_split': 13, 'classifier__n_estimators': 381, 'feature_selection_filter__k': 26}",51.10790705680847,"[0, 1, 2, 3, 4, 5, 6, 7, 8, 9, 10, 11, 12, 14, 16, 17, 18, 19, 20, 21, 23, 24, 27, 28, 29, 30]","['Amount_log1p', 'V1', 'V2', 'V3', 'V4', 'V5', 'V6', 'V7', 'V8', 'V9', 'V10', 'V11', 'V12', 'V14', 'V16', 'V17', 'V18', 'V19', 'V20', 'V21', 'V23', 'V24', 'V27', 'V28', 'Time_sin', 'Time_cos']"
CostSensitiveLearning___RandomizedSearchCV__niter_30__cv_5,10,1,LogitBoostClassifier,resubstitution,312,22128,6,114,0.9946808510638298,0.9811320754716981,0.7323943661971831,0.8387096774193549,0.9997289238275956,0.0002710761724044053,0.8660616450123894,0.8556844228661078,0.8453148468164625,0.8360634295007346,0.9237257829074382,0.8128777289692442,22560,0.8312986974082823,0.014515543984705991,0.8209694631110238,0.018131430219083595,"{'classifier__ccp_alpha': np.float64(0.001137707651387827), 'classifier__learning_rate': np.float64(0.09535938606942329), 'classifier__max_depth': 3, 'classifier__max_features': 'log2', 'classifier__max_leaf_nodes': 14, 'classifier__min_impurity_decrease': np.float64(0.09405141635480962), 'classifier__min_samples_leaf': 3, 'classifier__min_samples_split': 20, 'classifier__n_estimators': 126, 'feature_selection_filter__k': 24}",47.007155418395996,"[0, 1, 2, 3, 4, 5, 6, 7, 8, 9, 10, 11, 12, 14, 16, 17, 18, 19, 20, 21, 24, 27, 28, 29]","['Amount_log1p', 'V1', 'V2', 'V3', 'V4', 'V5', 'V6', 'V7', 'V8', 'V9', 'V10', 'V11', 'V12', 'V14', 'V16', 'V17', 'V18', 'V19', 'V20', 'V21', 'V24', 'V27', 'V28', 'Time_sin']"
CostSensitiveLearning___RandomizedSearchCV__niter_30__cv_5,10,2,LogitBoostClassifier,resubstitution,336,22130,4,90,0.9958333333333333,0.9882352941176471,0.7887323943661971,0.8772845953002611,0.9998192825517304,0.00018071744826964053,0.8942758384589637,0.8880258198163608,0.8809543942106569,0.8751924516575561,0.964258829383639,0.8586834513480609,22560,0.8713732906598762,0.008171407844310719,0.8571777241275212,0.02399874589294616,"{'classifier__ccp_alpha': np.float64(4.3748588017286096e-05), 'classifier__learning_rate': np.float64(0.06856417079291229), 'classifier__max_depth': 1, 'classifier__max_features': 'sqrt', 'classifier__max_leaf_nodes': 6, 'classifier__min_impurity_decrease': np.float64(0.07718515389457592), 'classifier__min_samples_leaf': 4, 'classifier__min_samples_split': 15, 'classifier__n_estimators': 298, 'feature_selection_filter__k': 22}",43.87448978424072,"[1, 2, 3, 4, 5, 6, 7, 8, 9, 10, 11, 12, 14, 16, 17, 18, 19, 20, 21, 27, 28, 29]","['V1', 'V2', 'V3', 'V4', 'V5', 'V6', 'V7', 'V8', 'V9', 'V10', 'V11', 'V12', 'V14', 'V16', 'V17', 'V18', 'V19', 'V20', 'V21', 'V27', 'V28', 'Time_sin']"
CostSensitiveLearning___RandomizedSearchCV__niter_30__cv_5,10,3,LogitBoostClassifier,resubstitution,338,22126,8,88,0.9957446808510638,0.976878612716763,0.7934272300469484,0.8756476683937824,0.9996385651034607,0.00036143489653928107,0.8965328975752045,0.8905843350060368,0.8784004273568805,0.8735066169327877,0.9599961141506429,0.8624192214115316,22560,0.8720376651605806,0.004846440255663585,0.8517192714291018,0.021509758036186627,"{'classifier__ccp_alpha': np.float64(4.679317988705134e-05), 'classifier__learning_rate': np.float64(0.040993845460455564), 'classifier__max_depth': 1, 'classifier__max_features': 'sqrt', 'classifier__max_leaf_nodes': 7, 'classifier__min_impurity_decrease': np.float64(0.08534404850404298), 'classifier__min_samples_leaf': 4, 'classifier__min_samples_split': 15, 'classifier__n_estimators': 165, 'feature_selection_filter__k': 'all'}",49.44001030921936,"[0, 1, 2, 3, 4, 5, 6, 7, 8, 9, 10, 11, 12, 13, 14, 15, 16, 17, 18, 19, 20, 21, 22, 23, 24, 25, 26, 27, 28, 29, 30]","['Amount_log1p', 'V1', 'V2', 'V3', 'V4', 'V5', 'V6', 'V7', 'V8', 'V9', 'V10', 'V11', 'V12', 'V13', 'V14', 'V15', 'V16', 'V17', 'V18', 'V19', 'V20', 'V21', 'V22', 'V23', 'V24', 'V25', 'V26', 'V27', 'V28', 'Time_sin', 'Time_cos']"
CostSensitiveLearning___RandomizedSearchCV__niter_30__cv_5,10,4,LogitBoostClassifier,resubstitution,313,22129,5,113,0.9947695035460993,0.9842767295597484,0.7347417840375586,0.8413978494623656,0.999774103189663,0.0002258968103370229,0.8672579436136107,0.8570739805945128,0.8480773568543662,0.8387957056757225,0.9570502818725551,0.8550717914077549,22560,0.8390772484031881,0.00727638637457968,0.8341418493331577,0.02313979560471341,"{'classifier__ccp_alpha': np.float64(0.00040884195582479687), 'classifier__learning_rate': np.float64(0.02294072381673583), 'classifier__max_depth': 2, 'classifier__max_features': 'sqrt', 'classifier__max_leaf_nodes': 8, 'classifier__min_impurity_decrease': np.float64(0.08099700725953651), 'classifier__min_samples_leaf': 1, 'classifier__min_samples_split': 9, 'classifier__n_estimators': 250, 'feature_selection_filter__k': 20}",55.467294692993164,"[1, 2, 3, 4, 5, 6, 7, 8, 9, 10, 11, 12, 14, 16, 17, 18, 19, 20, 21, 27]","['V1', 'V2', 'V3', 'V4', 'V5', 'V6', 'V7', 'V8', 'V9', 'V10', 'V11', 'V12', 'V14', 'V16', 'V17', 'V18', 'V19', 'V20', 'V21', 'V27']"
CostSensitiveLearning___RandomizedSearchCV__niter_30__cv_5,10,5,LogitBoostClassifier,resubstitution,304,22116,19,121,0.9937943262411347,0.9411764705882353,0.7152941176470589,0.8128342245989305,0.9991416309012876,0.0008583690987123971,0.8572178742741732,0.8453875627663208,0.8176323127354106,0.8097387220615494,0.8572178742741733,0.6785814682568898,22560,0.8111055896848411,0.008824519622747117,0.8001743948875119,0.02594565108226343,"{'classifier__ccp_alpha': np.float64(0.005225075137370825), 'classifier__learning_rate': np.float64(0.15494102803459253), 'classifier__max_depth': 1, 'classifier__max_features': 'log2', 'classifier__max_leaf_nodes': 9, 'classifier__min_impurity_decrease': np.float64(0.08150585032693797), 'classifier__min_samples_leaf': 5, 'classifier__min_samples_split': 4, 'classifier__n_estimators': 298, 'feature_selection_filter__k': 'all'}",47.74622702598572,"[0, 1, 2, 3, 4, 5, 6, 7, 8, 9, 10, 11, 12, 13, 14, 15, 16, 17, 18, 19, 20, 21, 22, 23, 24, 25, 26, 27, 28, 29, 30]","['Amount_log1p', 'V1', 'V2', 'V3', 'V4', 'V5', 'V6', 'V7', 'V8', 'V9', 'V10', 'V11', 'V12', 'V13', 'V14', 'V15', 'V16', 'V17', 'V18', 'V19', 'V20', 'V21', 'V22', 'V23', 'V24', 'V25', 'V26', 'V27', 'V28', 'Time_sin', 'Time_cos']"
CostSensitiveLearning___RandomizedSearchCV__niter_30__cv_5,10,6,LogitBoostClassifier,resubstitution,348,22083,52,77,0.9942819148936171,0.87,0.8188235294117647,0.8436363636363636,0.997650779308787,0.0023492206912130165,0.9082371543602759,0.9038251668514318,0.8411275892699793,0.8407267950963222,0.9206437502491395,0.8176962011250387,22560,0.8259774623934264,0.04005191780667293,0.8284945160624007,0.03577879735781962,"{'classifier__ccp_alpha': np.float64(0.0006316786329837043), 'classifier__learning_rate': np.float64(0.14157225495274367), 'classifier__max_depth': 2, 'classifier__max_features': 'sqrt', 'classifier__max_leaf_nodes': 18, 'classifier__min_impurity_decrease': np.float64(0.06574456231561468), 'classifier__min_samples_leaf': 2, 'classifier__min_samples_split': 3, 'classifier__n_estimators': 258, 'feature_selection_filter__k': 22}",40.85960936546326,"[1, 2, 3, 4, 5, 6, 7, 8, 9, 10, 11, 12, 14, 16, 17, 18, 19, 20, 21, 27, 28, 29]","['V1', 'V2', 'V3', 'V4', 'V5', 'V6', 'V7', 'V8', 'V9', 'V10', 'V11', 'V12', 'V14', 'V16', 'V17', 'V18', 'V19', 'V20', 'V21', 'V27', 'V28', 'Time_sin']"
CostSensitiveLearning___RandomizedSearchCV__niter_30__cv_5,10,7,LogitBoostClassifier,resubstitution,305,22118,17,120,0.993927304964539,0.9472049689440993,0.7176470588235294,0.8165997322623829,0.9992319855432573,0.0007680144567426828,0.8584395221833934,0.8468151483691787,0.8216830244569573,0.8135719378331852,0.8584395221833935,0.6850780090019356,22560,0.817425070414391,0.004099962733074636,0.812051395508098,0.026467568269372726,"{'classifier__ccp_alpha': np.float64(0.006951336132295815), 'classifier__learning_rate': np.float64(0.28678717126940634), 'classifier__max_depth': 2, 'classifier__max_features': 'log2', 'classifier__max_leaf_nodes': 15, 'classifier__min_impurity_decrease': np.float64(0.02046392327914841), 'classifier__min_samples_leaf': 4, 'classifier__min_samples_split': 4, 'classifier__n_estimators': 391, 'feature_selection_filter__k': 20}",45.715964794158936,"[1, 2, 3, 4, 5, 6, 7, 8, 9, 10, 11, 12, 14, 16, 17, 18, 19, 20, 21, 27]","['V1', 'V2', 'V3', 'V4', 'V5', 'V6', 'V7', 'V8', 'V9', 'V10', 'V11', 'V12', 'V14', 'V16', 'V17', 'V18', 'V19', 'V20', 'V21', 'V27']"
CostSensitiveLearning___RandomizedSearchCV__niter_30__cv_5,10,8,LogitBoostClassifier,resubstitution,305,22119,16,121,0.9939275741323523,0.9501557632398754,0.715962441314554,0.8165997322623829,0.9992771628642422,0.0007228371357578256,0.8576198020893981,0.8458397703313341,0.8220083122793699,0.8135744130956313,0.8576198020893981,0.6856390773234632,22561,0.8174188124640738,0.005250663756474558,0.8141932746643731,0.019090311554477022,"{'classifier__ccp_alpha': np.float64(0.005217214765116027), 'classifier__learning_rate': np.float64(0.1703018584759482), 'classifier__max_depth': 3, 'classifier__max_features': 'sqrt', 'classifier__max_leaf_nodes': 14, 'classifier__min_impurity_decrease': np.float64(0.058799215365221785), 'classifier__min_samples_leaf': 2, 'classifier__min_samples_split': 8, 'classifier__n_estimators': 149, 'feature_selection_filter__k': 'all'}",45.977715730667114,"[0, 1, 2, 3, 4, 5, 6, 7, 8, 9, 10, 11, 12, 13, 14, 15, 16, 17, 18, 19, 20, 21, 22, 23, 24, 25, 26, 27, 28, 29, 30]","['Amount_log1p', 'V1', 'V2', 'V3', 'V4', 'V5', 'V6', 'V7', 'V8', 'V9', 'V10', 'V11', 'V12', 'V13', 'V14', 'V15', 'V16', 'V17', 'V18', 'V19', 'V20', 'V21', 'V22', 'V23', 'V24', 'V25', 'V26', 'V27', 'V28', 'Time_sin', 'Time_cos']"
CostSensitiveLearning___RandomizedSearchCV__niter_30__cv_5,10,9,LogitBoostClassifier,resubstitution,298,22122,13,128,0.9937502770267276,0.9581993569131833,0.6995305164319249,0.8086838534599728,0.9994126948271967,0.0005873051728032541,0.8494716056295608,0.83613376832962,0.8159081129385578,0.8055857041274599,0.8494716056295609,0.6759631983662094,22561,0.8092831063353362,0.008104212337234988,0.806444204857075,0.032552022214179126,"{'classifier__ccp_alpha': np.float64(0.008557427840311946), 'classifier__learning_rate': np.float64(0.13028870197293352), 'classifier__max_depth': 2, 'classifier__max_features': 'sqrt', 'classifier__max_leaf_nodes': 10, 'classifier__min_impurity_decrease': np.float64(0.03824916175164355), 'classifier__min_samples_leaf': 5, 'classifier__min_samples_split': 3, 'classifier__n_estimators': 117, 'feature_selection_filter__k': 20}",43.75652623176575,"[1, 2, 3, 4, 5, 6, 7, 8, 9, 10, 11, 12, 14, 16, 17, 18, 19, 20, 21, 27]","['V1', 'V2', 'V3', 'V4', 'V5', 'V6', 'V7', 'V8', 'V9', 'V10', 'V11', 'V12', 'V14', 'V16', 'V17', 'V18', 'V19', 'V20', 'V21', 'V27']"
CostSensitiveLearning___RandomizedSearchCV__niter_30__cv_5,10,10,LogitBoostClassifier,resubstitution,303,22116,19,123,0.9937059527503214,0.9409937888198758,0.7112676056338029,0.8101604278074866,0.9991416309012876,0.0008583690987123971,0.8552046182675452,0.8430047897255457,0.8152064342746408,0.8070232398891556,0.8552046182675453,0.6747502850881545,22561,0.811268159054271,0.010483553909443215,0.8068131835962932,0.04073970523904968,"{'classifier__ccp_alpha': np.float64(0.006915960969223945), 'classifier__learning_rate': np.float64(0.09999904004540891), 'classifier__max_depth': 3, 'classifier__max_features': 'sqrt', 'classifier__max_leaf_nodes': 10, 'classifier__min_impurity_decrease': np.float64(0.08673415535540668), 'classifier__min_samples_leaf': 3, 'classifier__min_samples_split': 6, 'classifier__n_estimators': 346, 'feature_selection_filter__k': 20}",44.27843976020813,"[1, 2, 3, 4, 5, 6, 7, 8, 9, 10, 11, 12, 14, 16, 17, 18, 19, 20, 21, 27]","['V1', 'V2', 'V3', 'V4', 'V5', 'V6', 'V7', 'V8', 'V9', 'V10', 'V11', 'V12', 'V14', 'V16', 'V17', 'V18', 'V19', 'V20', 'V21', 'V27']"
