experiment_name,iteration,fold,model,split,tp,tn,fp,fn,accuracy,precision,recall,f1,specificity,fpr,balanced_accuracy,geometric_mean,mcc,kappa,roc_auc,average_precision,fold_size,cv_tuning_mean_train_score,cv_tuning_std_train_score,cv_tuning_mean_val_score,cv_tuning_std_val_score,best_params,tuning_time,selected_features_indices,selected_features_names
CostSensitiveLearning___RandomizedSearchCV__niter_30__cv_5,1,1,APosteriori,resubstitution,283,17677,30,58,0.9951241134751773,0.9041533546325878,0.8299120234604106,0.8654434250764526,0.9983057547862427,0.0016942452137572728,0.9141088891233267,0.9102230215649476,0.8637866082260572,0.8629651302346537,0.9655220270923557,0.8655099984942936,22560,0.8674381234464551,0.009535742549126152,0.8717120749295425,0.020582149313705136,"{'classifier__estimator__ccp_alpha': np.float64(0.002421599382774259), 'classifier__estimator__max_depth': 8, 'classifier__estimator__max_features': 'log2', 'classifier__estimator__max_leaf_nodes': 6, 'classifier__estimator__min_impurity_decrease': np.float64(0.06323058305935796), 'classifier__estimator__min_samples_leaf': 6, 'classifier__estimator__min_samples_split': 7, 'classifier__max_features': np.float64(0.7678873420373793), 'classifier__max_samples': np.float64(0.5451448850272042), 'classifier__n_estimators': 708, 'feature_selection_filter__k': 20}",48.8670539855957,"[1, 2, 3, 4, 5, 6, 7, 8, 9, 10, 11, 12, 14, 16, 17, 18, 19, 20, 21, 27]","['V1', 'V2', 'V3', 'V4', 'V5', 'V6', 'V7', 'V8', 'V9', 'V10', 'V11', 'V12', 'V14', 'V16', 'V17', 'V18', 'V19', 'V20', 'V21', 'V27']"
CostSensitiveLearning___RandomizedSearchCV__niter_30__cv_5,1,2,APosteriori,resubstitution,284,17684,23,57,0.9955673758865248,0.9250814332247557,0.8328445747800587,0.8765432098765432,0.9987010786694528,0.0012989213305472092,0.9157728267247558,0.9120102933612353,0.87554313121379,0.8742927093010197,0.966436472346291,0.8596143075325767,22560,0.8765178927218489,0.011314436271049074,0.869165561537945,0.0224569776099334,"{'classifier__estimator__ccp_alpha': np.float64(0.001396923220343891), 'classifier__estimator__max_depth': 11, 'classifier__estimator__max_features': 'log2', 'classifier__estimator__max_leaf_nodes': 2, 'classifier__estimator__min_impurity_decrease': np.float64(0.02980035006887627), 'classifier__estimator__min_samples_leaf': 1, 'classifier__estimator__min_samples_split': 8, 'classifier__max_features': np.float64(0.7377981835036266), 'classifier__max_samples': np.float64(0.8181868387857614), 'classifier__n_estimators': 633, 'feature_selection_filter__k': 20}",40.46345353126526,"[1, 2, 3, 4, 5, 6, 7, 8, 9, 10, 11, 12, 14, 16, 17, 18, 19, 20, 21, 27]","['V1', 'V2', 'V3', 'V4', 'V5', 'V6', 'V7', 'V8', 'V9', 'V10', 'V11', 'V12', 'V14', 'V16', 'V17', 'V18', 'V19', 'V20', 'V21', 'V27']"
CostSensitiveLearning___RandomizedSearchCV__niter_30__cv_5,1,3,APosteriori,resubstitution,287,17682,25,54,0.9956227836879432,0.9198717948717948,0.841642228739003,0.8790199081163859,0.9985881289885357,0.0014118710114643385,0.9201151788637694,0.9167627492837076,0.8776935659784447,0.8767954540741202,0.9641734211514341,0.8596317126935583,22560,0.8762272083241589,0.007269154244951186,0.8750192621045987,0.025574222372202294,"{'classifier__estimator__ccp_alpha': np.float64(0.006324318250021736), 'classifier__estimator__max_depth': 9, 'classifier__estimator__max_features': 'sqrt', 'classifier__estimator__max_leaf_nodes': 2, 'classifier__estimator__min_impurity_decrease': np.float64(0.049363527259971944), 'classifier__estimator__min_samples_leaf': 8, 'classifier__estimator__min_samples_split': 9, 'classifier__max_features': np.float64(0.5091275538414759), 'classifier__max_samples': np.float64(0.5914518603702831), 'classifier__n_estimators': 789, 'feature_selection_filter__k': 22}",47.778767824172974,"[1, 2, 3, 4, 5, 6, 7, 8, 9, 10, 11, 12, 14, 16, 17, 18, 19, 20, 21, 27, 28, 29]","['V1', 'V2', 'V3', 'V4', 'V5', 'V6', 'V7', 'V8', 'V9', 'V10', 'V11', 'V12', 'V14', 'V16', 'V17', 'V18', 'V19', 'V20', 'V21', 'V27', 'V28', 'Time_sin']"
CostSensitiveLearning___RandomizedSearchCV__niter_30__cv_5,1,4,APosteriori,resubstitution,281,17676,31,60,0.994957890070922,0.9006410256410257,0.8240469208211144,0.8606431852986217,0.9982492799457842,0.0017507200542158374,0.9111481003834493,0.9069753278624607,0.8589597818074312,0.8580808395031004,0.9654368179855639,0.86364699747483,22560,0.8644426506921663,0.007859166768153602,0.8642160504209968,0.027259934518119158,"{'classifier__estimator__ccp_alpha': np.float64(0.009890115134756001), 'classifier__estimator__max_depth': 6, 'classifier__estimator__max_features': 'sqrt', 'classifier__estimator__max_leaf_nodes': 2, 'classifier__estimator__min_impurity_decrease': np.float64(0.0420138493756127), 'classifier__estimator__min_samples_leaf': 6, 'classifier__estimator__min_samples_split': 5, 'classifier__max_features': np.float64(0.9573202821344433), 'classifier__max_samples': np.float64(0.740436982544221), 'classifier__n_estimators': 677, 'feature_selection_filter__k': 'all'}",49.482051610946655,"[0, 1, 2, 3, 4, 5, 6, 7, 8, 9, 10, 11, 12, 13, 14, 15, 16, 17, 18, 19, 20, 21, 22, 23, 24, 25, 26, 27, 28, 29, 30]","['Amount_log1p', 'V1', 'V2', 'V3', 'V4', 'V5', 'V6', 'V7', 'V8', 'V9', 'V10', 'V11', 'V12', 'V13', 'V14', 'V15', 'V16', 'V17', 'V18', 'V19', 'V20', 'V21', 'V22', 'V23', 'V24', 'V25', 'V26', 'V27', 'V28', 'Time_sin', 'Time_cos']"
CostSensitiveLearning___RandomizedSearchCV__niter_30__cv_5,1,5,APosteriori,resubstitution,283,17681,27,57,0.995345744680851,0.9129032258064517,0.8323529411764706,0.8707692307692307,0.9984752654167608,0.0015247345832392067,0.9154141032966157,0.9116379894791561,0.8693652473142697,0.8684045692857887,0.9647664232849229,0.8520615340709964,22560,0.8711429791730222,0.005284008945740605,0.869928335987556,0.02085614519349834,"{'classifier__estimator__ccp_alpha': np.float64(0.0019512729674487105), 'classifier__estimator__max_depth': 5, 'classifier__estimator__max_features': 'log2', 'classifier__estimator__max_leaf_nodes': 2, 'classifier__estimator__min_impurity_decrease': np.float64(0.0006246276335343693), 'classifier__estimator__min_samples_leaf': 5, 'classifier__estimator__min_samples_split': 7, 'classifier__max_features': np.float64(0.5693554620065604), 'classifier__max_samples': np.float64(0.553572597574249), 'classifier__n_estimators': 999, 'feature_selection_filter__k': 20}",50.55137753486633,"[1, 2, 3, 4, 5, 6, 7, 8, 9, 10, 11, 12, 14, 16, 17, 18, 19, 20, 21, 27]","['V1', 'V2', 'V3', 'V4', 'V5', 'V6', 'V7', 'V8', 'V9', 'V10', 'V11', 'V12', 'V14', 'V16', 'V17', 'V18', 'V19', 'V20', 'V21', 'V27']"
CostSensitiveLearning___RandomizedSearchCV__niter_30__cv_5,1,6,APosteriori,resubstitution,290,17686,22,50,0.9960106382978723,0.9294871794871795,0.8529411764705882,0.8895705521472392,0.9987576236729162,0.001242376327083794,0.9258494000717522,0.922974269708829,0.8883929705856903,0.8875429938687005,0.9640322918189186,0.8687596582725661,22560,0.8916783857185792,0.011180207674929865,0.893589830531397,0.03864176448885537,"{'classifier__estimator__ccp_alpha': np.float64(0.009860829621538092), 'classifier__estimator__max_depth': 13, 'classifier__estimator__max_features': 'sqrt', 'classifier__estimator__max_leaf_nodes': 2, 'classifier__estimator__min_impurity_decrease': np.float64(0.0038753075676337123), 'classifier__estimator__min_samples_leaf': 8, 'classifier__estimator__min_samples_split': 8, 'classifier__max_features': np.float64(0.8980274144547371), 'classifier__max_samples': np.float64(0.6399596333467363), 'classifier__n_estimators': 298, 'feature_selection_filter__k': 28}",35.55099272727966,"[0, 1, 2, 3, 4, 5, 6, 7, 8, 9, 10, 11, 12, 13, 14, 16, 17, 18, 19, 20, 21, 23, 24, 25, 27, 28, 29, 30]","['Amount_log1p', 'V1', 'V2', 'V3', 'V4', 'V5', 'V6', 'V7', 'V8', 'V9', 'V10', 'V11', 'V12', 'V13', 'V14', 'V16', 'V17', 'V18', 'V19', 'V20', 'V21', 'V23', 'V24', 'V25', 'V27', 'V28', 'Time_sin', 'Time_cos']"
CostSensitiveLearning___RandomizedSearchCV__niter_30__cv_5,1,7,APosteriori,resubstitution,281,17693,15,59,0.9958998226950354,0.9493243243243243,0.8264705882352941,0.8836477987421384,0.9991529252315338,0.0008470747684662383,0.912811756733414,0.9087191567547811,0.8837649388883937,0.881571106709722,0.9617518336677342,0.848844546942731,22560,0.8772131607886706,0.009746034859122753,0.8765473367590687,0.030668479240086387,"{'classifier__estimator__ccp_alpha': np.float64(0.004401864942317294), 'classifier__estimator__max_depth': 18, 'classifier__estimator__max_features': 'log2', 'classifier__estimator__max_leaf_nodes': 2, 'classifier__estimator__min_impurity_decrease': np.float64(0.0771969229798149), 'classifier__estimator__min_samples_leaf': 7, 'classifier__estimator__min_samples_split': 8, 'classifier__max_features': np.float64(0.9815389586634518), 'classifier__max_samples': np.float64(0.5897327062430766), 'classifier__n_estimators': 701, 'feature_selection_filter__k': 28}",41.76603841781616,"[0, 1, 2, 3, 4, 5, 6, 7, 8, 9, 10, 11, 12, 13, 14, 16, 17, 18, 19, 20, 21, 22, 24, 25, 27, 28, 29, 30]","['Amount_log1p', 'V1', 'V2', 'V3', 'V4', 'V5', 'V6', 'V7', 'V8', 'V9', 'V10', 'V11', 'V12', 'V13', 'V14', 'V16', 'V17', 'V18', 'V19', 'V20', 'V21', 'V22', 'V24', 'V25', 'V27', 'V28', 'Time_sin', 'Time_cos']"
CostSensitiveLearning___RandomizedSearchCV__niter_30__cv_5,1,8,APosteriori,resubstitution,291,17672,35,50,0.9952903368794326,0.8926380368098159,0.8533724340175953,0.8725637181409296,0.9980233805839499,0.001976619416050096,0.9256979073007726,0.922868160408297,0.8703942791727307,0.8701657898095447,0.9772088411445545,0.8755470559927017,22561,0.8784899862989635,0.008069135519634823,0.8815060887818864,0.014296983353520061,"{'classifier__estimator__ccp_alpha': np.float64(0.008760464464901155), 'classifier__estimator__max_depth': 10, 'classifier__estimator__max_features': 'log2', 'classifier__estimator__max_leaf_nodes': 3, 'classifier__estimator__min_impurity_decrease': np.float64(0.09702116299784462), 'classifier__estimator__min_samples_leaf': 3, 'classifier__estimator__min_samples_split': 3, 'classifier__max_features': np.float64(0.5085495037889202), 'classifier__max_samples': np.float64(0.8857922127644541), 'classifier__n_estimators': 625, 'feature_selection_filter__k': 20}",49.67076373100281,"[1, 2, 3, 4, 5, 6, 7, 8, 9, 10, 11, 12, 14, 16, 17, 18, 19, 20, 21, 27]","['V1', 'V2', 'V3', 'V4', 'V5', 'V6', 'V7', 'V8', 'V9', 'V10', 'V11', 'V12', 'V14', 'V16', 'V17', 'V18', 'V19', 'V20', 'V21', 'V27']"
CostSensitiveLearning___RandomizedSearchCV__niter_30__cv_5,1,9,APosteriori,resubstitution,280,17685,22,61,0.9954011524822695,0.9271523178807947,0.8211143695014663,0.8709175738724728,0.9987575535099114,0.0012424464900886445,0.9099359615056888,0.9055905138831336,0.870245902418243,0.8685852143627895,0.9619945025634774,0.8418453305249736,22561,0.8738292203594209,0.00499134867336628,0.8721523341000085,0.019603510553502564,"{'classifier__estimator__ccp_alpha': np.float64(0.00037129705130237503), 'classifier__estimator__max_depth': 10, 'classifier__estimator__max_features': 'sqrt', 'classifier__estimator__max_leaf_nodes': 2, 'classifier__estimator__min_impurity_decrease': np.float64(0.07336898279035418), 'classifier__estimator__min_samples_leaf': 8, 'classifier__estimator__min_samples_split': 4, 'classifier__max_features': np.float64(0.6634931943278398), 'classifier__max_samples': np.float64(0.8757508038024531), 'classifier__n_estimators': 735, 'feature_selection_filter__k': 24}",48.47843933105469,"[0, 1, 2, 3, 4, 5, 6, 7, 8, 9, 10, 11, 12, 14, 16, 17, 18, 19, 20, 21, 23, 27, 28, 29]","['Amount_log1p', 'V1', 'V2', 'V3', 'V4', 'V5', 'V6', 'V7', 'V8', 'V9', 'V10', 'V11', 'V12', 'V14', 'V16', 'V17', 'V18', 'V19', 'V20', 'V21', 'V23', 'V27', 'V28', 'Time_sin']"
CostSensitiveLearning___RandomizedSearchCV__niter_30__cv_5,1,10,APosteriori,resubstitution,282,17682,25,59,0.995345744680851,0.9185667752442996,0.8269794721407625,0.8703703703703703,0.9985881289885357,0.0014118710114643385,0.9127838005646491,0.9087419236488272,0.8692487772895202,0.8680073447660706,0.9632367834381983,0.8609276886235969,22561,0.8682422481385549,0.011356622055823528,0.868707032465227,0.011643014223690646,"{'classifier__estimator__ccp_alpha': np.float64(0.0011543532744378304), 'classifier__estimator__max_depth': 12, 'classifier__estimator__max_features': 'sqrt', 'classifier__estimator__max_leaf_nodes': 2, 'classifier__estimator__min_impurity_decrease': np.float64(0.08018178091594402), 'classifier__estimator__min_samples_leaf': 2, 'classifier__estimator__min_samples_split': 5, 'classifier__max_features': np.float64(0.6307199202088676), 'classifier__max_samples': np.float64(0.9804222245767851), 'classifier__n_estimators': 426, 'feature_selection_filter__k': 22}",51.493696212768555,"[1, 2, 3, 4, 5, 6, 7, 8, 9, 10, 11, 12, 14, 16, 17, 18, 19, 20, 21, 23, 27, 28]","['V1', 'V2', 'V3', 'V4', 'V5', 'V6', 'V7', 'V8', 'V9', 'V10', 'V11', 'V12', 'V14', 'V16', 'V17', 'V18', 'V19', 'V20', 'V21', 'V23', 'V27', 'V28']"
CostSensitiveLearning___RandomizedSearchCV__niter_30__cv_5,2,1,APosteriori,resubstitution,280,17687,20,61,0.9955119680851063,0.9333333333333333,0.8211143695014663,0.8736349453978159,0.9988705031908285,0.0011294968091715152,0.9099924363461473,0.9056417191368502,0.8732129870635081,0.8713598742996408,0.9628234902875695,0.8657899270219956,22560,0.8748043226662603,0.010395571776761169,0.8703689737811349,0.03552810280344285,"{'classifier__estimator__ccp_alpha': np.float64(0.0037953303903767856), 'classifier__estimator__max_depth': 18, 'classifier__estimator__max_features': 'log2', 'classifier__estimator__max_leaf_nodes': 2, 'classifier__estimator__min_impurity_decrease': np.float64(0.02774982134389439), 'classifier__estimator__min_samples_leaf': 3, 'classifier__estimator__min_samples_split': 8, 'classifier__max_features': np.float64(0.707333126393286), 'classifier__max_samples': np.float64(0.6105927801942317), 'classifier__n_estimators': 471, 'feature_selection_filter__k': 20}",43.01205611228943,"[1, 2, 3, 4, 5, 6, 7, 8, 9, 10, 11, 12, 14, 16, 17, 18, 19, 20, 21, 27]","['V1', 'V2', 'V3', 'V4', 'V5', 'V6', 'V7', 'V8', 'V9', 'V10', 'V11', 'V12', 'V14', 'V16', 'V17', 'V18', 'V19', 'V20', 'V21', 'V27']"
CostSensitiveLearning___RandomizedSearchCV__niter_30__cv_5,2,2,APosteriori,resubstitution,278,17682,25,63,0.9951241134751773,0.9174917491749175,0.8152492668621701,0.8633540372670807,0.9985881289885357,0.0014118710114643385,0.906918697925353,0.9022739273940978,0.8624382484140295,0.860880606671218,0.9628388925167856,0.860852926634359,22560,0.8714871699258584,0.010483439056148422,0.8700501268708518,0.024552178288164538,"{'classifier__estimator__ccp_alpha': np.float64(0.0017687895631620888), 'classifier__estimator__max_depth': 8, 'classifier__estimator__max_features': 'sqrt', 'classifier__estimator__max_leaf_nodes': 2, 'classifier__estimator__min_impurity_decrease': np.float64(0.04803251208243978), 'classifier__estimator__min_samples_leaf': 8, 'classifier__estimator__min_samples_split': 6, 'classifier__max_features': np.float64(0.7037415941060662), 'classifier__max_samples': np.float64(0.9833510790062634), 'classifier__n_estimators': 814, 'feature_selection_filter__k': 'all'}",55.19486927986145,"[0, 1, 2, 3, 4, 5, 6, 7, 8, 9, 10, 11, 12, 13, 14, 15, 16, 17, 18, 19, 20, 21, 22, 23, 24, 25, 26, 27, 28, 29, 30]","['Amount_log1p', 'V1', 'V2', 'V3', 'V4', 'V5', 'V6', 'V7', 'V8', 'V9', 'V10', 'V11', 'V12', 'V13', 'V14', 'V15', 'V16', 'V17', 'V18', 'V19', 'V20', 'V21', 'V22', 'V23', 'V24', 'V25', 'V26', 'V27', 'V28', 'Time_sin', 'Time_cos']"
CostSensitiveLearning___RandomizedSearchCV__niter_30__cv_5,2,3,APosteriori,resubstitution,275,17693,14,66,0.9955673758865248,0.9515570934256056,0.8064516129032258,0.873015873015873,0.99920935223358,0.0007906477664200162,0.9028304825684028,0.8976714286066801,0.8738639638624979,0.870775830111172,0.9621677362383153,0.8499328546796059,22560,0.8696288535285799,0.0064291613035152816,0.8707391139827385,0.015055751495391888,"{'classifier__estimator__ccp_alpha': np.float64(0.0039069204079839525), 'classifier__estimator__max_depth': 13, 'classifier__estimator__max_features': 'log2', 'classifier__estimator__max_leaf_nodes': 2, 'classifier__estimator__min_impurity_decrease': np.float64(0.09807494410333134), 'classifier__estimator__min_samples_leaf': 4, 'classifier__estimator__min_samples_split': 8, 'classifier__max_features': np.float64(0.5881700691193159), 'classifier__max_samples': np.float64(0.5606283993193794), 'classifier__n_estimators': 258, 'feature_selection_filter__k': 28}",37.12640571594238,"[0, 1, 2, 3, 4, 5, 6, 7, 8, 9, 10, 11, 12, 13, 14, 16, 17, 18, 19, 20, 21, 23, 24, 25, 26, 27, 28, 29]","['Amount_log1p', 'V1', 'V2', 'V3', 'V4', 'V5', 'V6', 'V7', 'V8', 'V9', 'V10', 'V11', 'V12', 'V13', 'V14', 'V16', 'V17', 'V18', 'V19', 'V20', 'V21', 'V23', 'V24', 'V25', 'V26', 'V27', 'V28', 'Time_sin']"
CostSensitiveLearning___RandomizedSearchCV__niter_30__cv_5,2,4,APosteriori,resubstitution,287,17680,27,54,0.9955119680851063,0.9140127388535032,0.841642228739003,0.8763358778625954,0.9984751793076184,0.0015248206923815788,0.9200587040233107,0.9167109005859151,0.8748256151947623,0.8740543444586386,0.968962769168447,0.8509803575887028,22560,0.876751864729885,0.009175796341954314,0.8671305191877028,0.01983583292007555,"{'classifier__estimator__ccp_alpha': np.float64(0.007808627946833988), 'classifier__estimator__max_depth': 7, 'classifier__estimator__max_features': 'sqrt', 'classifier__estimator__max_leaf_nodes': 2, 'classifier__estimator__min_impurity_decrease': np.float64(0.09093556447063052), 'classifier__estimator__min_samples_leaf': 8, 'classifier__estimator__min_samples_split': 6, 'classifier__max_features': np.float64(0.8775079249889064), 'classifier__max_samples': np.float64(0.5340916488488978), 'classifier__n_estimators': 329, 'feature_selection_filter__k': 28}",46.496503591537476,"[0, 1, 2, 3, 4, 5, 6, 7, 8, 9, 10, 11, 12, 13, 14, 16, 17, 18, 19, 20, 21, 22, 23, 24, 26, 27, 28, 29]","['Amount_log1p', 'V1', 'V2', 'V3', 'V4', 'V5', 'V6', 'V7', 'V8', 'V9', 'V10', 'V11', 'V12', 'V13', 'V14', 'V16', 'V17', 'V18', 'V19', 'V20', 'V21', 'V22', 'V23', 'V24', 'V26', 'V27', 'V28', 'Time_sin']"
CostSensitiveLearning___RandomizedSearchCV__niter_30__cv_5,2,5,APosteriori,resubstitution,288,17686,22,52,0.9958998226950354,0.9290322580645162,0.8470588235294118,0.8861538461538462,0.9987576236729162,0.001242376327083794,0.922908223601164,0.9197860934474991,0.8850487007653302,0.8840706919898614,0.9650066769422926,0.8716053594796994,22560,0.8813328066839141,0.015212669584609099,0.8800723966514996,0.010982452157957387,"{'classifier__estimator__ccp_alpha': np.float64(0.004348124973151565), 'classifier__estimator__max_depth': 5, 'classifier__estimator__max_features': 'sqrt', 'classifier__estimator__max_leaf_nodes': 2, 'classifier__estimator__min_impurity_decrease': np.float64(0.05276519550888901), 'classifier__estimator__min_samples_leaf': 1, 'classifier__estimator__min_samples_split': 7, 'classifier__max_features': np.float64(0.8460372908363902), 'classifier__max_samples': np.float64(0.5551033336171847), 'classifier__n_estimators': 260, 'feature_selection_filter__k': 24}",49.1050705909729,"[0, 1, 2, 3, 4, 5, 6, 7, 8, 9, 10, 11, 12, 14, 16, 17, 18, 19, 20, 21, 22, 27, 28, 29]","['Amount_log1p', 'V1', 'V2', 'V3', 'V4', 'V5', 'V6', 'V7', 'V8', 'V9', 'V10', 'V11', 'V12', 'V14', 'V16', 'V17', 'V18', 'V19', 'V20', 'V21', 'V22', 'V27', 'V28', 'Time_sin']"
CostSensitiveLearning___RandomizedSearchCV__niter_30__cv_5,2,6,APosteriori,resubstitution,285,17651,57,55,0.9937943262411347,0.8333333333333334,0.8382352941176471,0.8357771260997068,0.9967811158798283,0.0032188841201716833,0.9175082049987378,0.9140771914014945,0.8326182821840477,0.8326145627556273,0.9625696760520335,0.858652318018122,22560,0.8714863394590926,0.009137855048610555,0.8738539576245449,0.028845101685038947,"{'classifier__estimator__ccp_alpha': np.float64(0.008663932160012424), 'classifier__estimator__max_depth': 8, 'classifier__estimator__max_features': 'sqrt', 'classifier__estimator__max_leaf_nodes': 2, 'classifier__estimator__min_impurity_decrease': np.float64(0.03335692813508847), 'classifier__estimator__min_samples_leaf': 1, 'classifier__estimator__min_samples_split': 8, 'classifier__max_features': np.float64(0.9971079075381862), 'classifier__max_samples': np.float64(0.9066487904281555), 'classifier__n_estimators': 324, 'feature_selection_filter__k': 28}",58.37466287612915,"[0, 1, 2, 3, 4, 5, 6, 7, 8, 9, 10, 11, 12, 13, 14, 16, 17, 18, 19, 20, 21, 22, 23, 24, 25, 27, 28, 29]","['Amount_log1p', 'V1', 'V2', 'V3', 'V4', 'V5', 'V6', 'V7', 'V8', 'V9', 'V10', 'V11', 'V12', 'V13', 'V14', 'V16', 'V17', 'V18', 'V19', 'V20', 'V21', 'V22', 'V23', 'V24', 'V25', 'V27', 'V28', 'Time_sin']"
CostSensitiveLearning___RandomizedSearchCV__niter_30__cv_5,2,7,APosteriori,resubstitution,282,17684,24,58,0.9954565602836879,0.9215686274509803,0.8294117647058824,0.8730650154798761,0.9986446803704541,0.0013553196295459369,0.9140282225381682,0.9101030967204761,0.872011387303913,0.8707584223741517,0.9656030341886019,0.8605993028032597,22560,0.872951709707747,0.0056024690109453285,0.8780756003951968,0.009897670103830207,"{'classifier__estimator__ccp_alpha': np.float64(0.003974375696856146), 'classifier__estimator__max_depth': 13, 'classifier__estimator__max_features': 'sqrt', 'classifier__estimator__max_leaf_nodes': 2, 'classifier__estimator__min_impurity_decrease': np.float64(0.09412539220290125), 'classifier__estimator__min_samples_leaf': 8, 'classifier__estimator__min_samples_split': 9, 'classifier__max_features': np.float64(0.550669897308796), 'classifier__max_samples': np.float64(0.9205805632004045), 'classifier__n_estimators': 615, 'feature_selection_filter__k': 22}",42.131423473358154,"[1, 2, 3, 4, 5, 6, 7, 8, 9, 10, 11, 12, 14, 16, 17, 18, 19, 20, 21, 27, 28, 29]","['V1', 'V2', 'V3', 'V4', 'V5', 'V6', 'V7', 'V8', 'V9', 'V10', 'V11', 'V12', 'V14', 'V16', 'V17', 'V18', 'V19', 'V20', 'V21', 'V27', 'V28', 'Time_sin']"
CostSensitiveLearning___RandomizedSearchCV__niter_30__cv_5,2,8,APosteriori,resubstitution,284,17681,26,57,0.9954011524822695,0.9161290322580645,0.8328445747800587,0.8725038402457758,0.998531654148077,0.0014683458519230141,0.9156881144640678,0.9119329311431755,0.8711924714787266,0.8701675913352149,0.9717237429669364,0.8556744133976883,22561,0.8742009039942928,0.0034983934810965673,0.8727299215016153,0.033298139209465547,"{'classifier__estimator__ccp_alpha': np.float64(0.008753952607224369), 'classifier__estimator__max_depth': 6, 'classifier__estimator__max_features': 'log2', 'classifier__estimator__max_leaf_nodes': 9, 'classifier__estimator__min_impurity_decrease': np.float64(0.0935166641420025), 'classifier__estimator__min_samples_leaf': 1, 'classifier__estimator__min_samples_split': 6, 'classifier__max_features': np.float64(0.9253317659993563), 'classifier__max_samples': np.float64(0.5395585406106215), 'classifier__n_estimators': 675, 'feature_selection_filter__k': 'all'}",46.59563064575195,"[0, 1, 2, 3, 4, 5, 6, 7, 8, 9, 10, 11, 12, 13, 14, 15, 16, 17, 18, 19, 20, 21, 22, 23, 24, 25, 26, 27, 28, 29, 30]","['Amount_log1p', 'V1', 'V2', 'V3', 'V4', 'V5', 'V6', 'V7', 'V8', 'V9', 'V10', 'V11', 'V12', 'V13', 'V14', 'V15', 'V16', 'V17', 'V18', 'V19', 'V20', 'V21', 'V22', 'V23', 'V24', 'V25', 'V26', 'V27', 'V28', 'Time_sin', 'Time_cos']"
CostSensitiveLearning___RandomizedSearchCV__niter_30__cv_5,2,9,APosteriori,resubstitution,286,17675,32,55,0.9951795212765957,0.89937106918239,0.8387096774193549,0.8679817905918058,0.9981928051053256,0.001807194894674402,0.9184512412623402,0.9149830411391288,0.8660772115214609,0.8655297755643776,0.9685753948228968,0.8661848372504586,22561,0.8736093144252536,0.008586131026488246,0.8754287841130998,0.03460564259977524,"{'classifier__estimator__ccp_alpha': np.float64(0.003093028474169337), 'classifier__estimator__max_depth': 3, 'classifier__estimator__max_features': 'log2', 'classifier__estimator__max_leaf_nodes': 9, 'classifier__estimator__min_impurity_decrease': np.float64(0.06919133769899048), 'classifier__estimator__min_samples_leaf': 6, 'classifier__estimator__min_samples_split': 8, 'classifier__max_features': np.float64(0.5090917856689499), 'classifier__max_samples': np.float64(0.500957322371404), 'classifier__n_estimators': 516, 'feature_selection_filter__k': 24}",42.350014448165894,"[1, 2, 3, 4, 5, 6, 7, 8, 9, 10, 11, 12, 14, 16, 17, 18, 19, 20, 21, 23, 24, 27, 28, 29]","['V1', 'V2', 'V3', 'V4', 'V5', 'V6', 'V7', 'V8', 'V9', 'V10', 'V11', 'V12', 'V14', 'V16', 'V17', 'V18', 'V19', 'V20', 'V21', 'V23', 'V24', 'V27', 'V28', 'Time_sin']"
CostSensitiveLearning___RandomizedSearchCV__niter_30__cv_5,2,10,APosteriori,resubstitution,285,17670,37,56,0.9948470744680851,0.8850931677018633,0.8357771260997068,0.8597285067873304,0.9979104309030327,0.0020895690969673364,0.9168437785013697,0.9132528193468973,0.8574715003968562,0.8571060307060484,0.9638211572638817,0.855728319351602,22561,0.8732188076286063,0.008013616644551474,0.8662466890148188,0.04405554807398129,"{'classifier__estimator__ccp_alpha': np.float64(0.007343384434893865), 'classifier__estimator__max_depth': 4, 'classifier__estimator__max_features': 'sqrt', 'classifier__estimator__max_leaf_nodes': 2, 'classifier__estimator__min_impurity_decrease': np.float64(0.021106019774499187), 'classifier__estimator__min_samples_leaf': 3, 'classifier__estimator__min_samples_split': 8, 'classifier__max_features': np.float64(0.9014550609468958), 'classifier__max_samples': np.float64(0.8927401991612377), 'classifier__n_estimators': 341, 'feature_selection_filter__k': 28}",48.1509006023407,"[0, 1, 2, 3, 4, 5, 6, 7, 8, 9, 10, 11, 12, 14, 15, 16, 17, 18, 19, 20, 21, 22, 23, 24, 27, 28, 29, 30]","['Amount_log1p', 'V1', 'V2', 'V3', 'V4', 'V5', 'V6', 'V7', 'V8', 'V9', 'V10', 'V11', 'V12', 'V14', 'V15', 'V16', 'V17', 'V18', 'V19', 'V20', 'V21', 'V22', 'V23', 'V24', 'V27', 'V28', 'Time_sin', 'Time_cos']"
CostSensitiveLearning___RandomizedSearchCV__niter_30__cv_5,3,1,APosteriori,resubstitution,287,17689,18,54,0.9960106382978723,0.940983606557377,0.841642228739003,0.8885448916408669,0.9989834528717456,0.0010165471282543859,0.9203128408053742,0.9169441966381383,0.8879507758082099,0.8865202840835358,0.9637746193454981,0.866107331515406,22560,0.8832602140830709,0.005931371090044199,0.8816795452215299,0.02225892842463723,"{'classifier__estimator__ccp_alpha': np.float64(0.002227386552670807), 'classifier__estimator__max_depth': 4, 'classifier__estimator__max_features': 'log2', 'classifier__estimator__max_leaf_nodes': 2, 'classifier__estimator__min_impurity_decrease': np.float64(0.027416303014425415), 'classifier__estimator__min_samples_leaf': 4, 'classifier__estimator__min_samples_split': 3, 'classifier__max_features': np.float64(0.6678143878909013), 'classifier__max_samples': np.float64(0.579340920150065), 'classifier__n_estimators': 416, 'feature_selection_filter__k': 28}",41.99979567527771,"[0, 1, 2, 3, 4, 5, 6, 7, 8, 9, 10, 11, 12, 14, 16, 17, 18, 19, 20, 21, 22, 23, 24, 25, 27, 28, 29, 30]","['Amount_log1p', 'V1', 'V2', 'V3', 'V4', 'V5', 'V6', 'V7', 'V8', 'V9', 'V10', 'V11', 'V12', 'V14', 'V16', 'V17', 'V18', 'V19', 'V20', 'V21', 'V22', 'V23', 'V24', 'V25', 'V27', 'V28', 'Time_sin', 'Time_cos']"
CostSensitiveLearning___RandomizedSearchCV__niter_30__cv_5,3,2,APosteriori,resubstitution,286,17687,20,55,0.995844414893617,0.934640522875817,0.8387096774193549,0.884080370942813,0.9988705031908285,0.0011294968091715152,0.9187900903050916,0.9152935908848528,0.8833118865031818,0.8819709594149611,0.9640050731299499,0.8676280204965672,22560,0.8840805560402792,0.010648803498527024,0.8827242869465544,0.02108360124805563,"{'classifier__estimator__ccp_alpha': np.float64(0.0003658918774129583), 'classifier__estimator__max_depth': 11, 'classifier__estimator__max_features': 'log2', 'classifier__estimator__max_leaf_nodes': 2, 'classifier__estimator__min_impurity_decrease': np.float64(0.01646921784744524), 'classifier__estimator__min_samples_leaf': 5, 'classifier__estimator__min_samples_split': 8, 'classifier__max_features': np.float64(0.5380737730872337), 'classifier__max_samples': np.float64(0.7402905322469431), 'classifier__n_estimators': 538, 'feature_selection_filter__k': 26}",46.25912952423096,"[0, 1, 2, 3, 4, 5, 6, 7, 8, 9, 10, 11, 12, 14, 16, 17, 18, 19, 20, 21, 22, 23, 24, 27, 28, 29]","['Amount_log1p', 'V1', 'V2', 'V3', 'V4', 'V5', 'V6', 'V7', 'V8', 'V9', 'V10', 'V11', 'V12', 'V14', 'V16', 'V17', 'V18', 'V19', 'V20', 'V21', 'V22', 'V23', 'V24', 'V27', 'V28', 'Time_sin']"
CostSensitiveLearning___RandomizedSearchCV__niter_30__cv_5,3,3,APosteriori,resubstitution,280,17689,18,61,0.9956227836879432,0.9395973154362416,0.8211143695014663,0.8763693270735524,0.9989834528717456,0.0010165471282543859,0.9100489111866059,0.9056929214955702,0.876209648400237,0.8741515464670968,0.9655940697773979,0.8535086877702098,22560,0.8724454619760296,0.008860562446671043,0.8751194419936409,0.02904619875533438,"{'classifier__estimator__ccp_alpha': np.float64(0.0032538188176461937), 'classifier__estimator__max_depth': 18, 'classifier__estimator__max_features': 'log2', 'classifier__estimator__max_leaf_nodes': 2, 'classifier__estimator__min_impurity_decrease': np.float64(0.08125945489088435), 'classifier__estimator__min_samples_leaf': 3, 'classifier__estimator__min_samples_split': 7, 'classifier__max_features': np.float64(0.8475354277522709), 'classifier__max_samples': np.float64(0.665935823882553), 'classifier__n_estimators': 485, 'feature_selection_filter__k': 'all'}",43.04773736000061,"[0, 1, 2, 3, 4, 5, 6, 7, 8, 9, 10, 11, 12, 13, 14, 15, 16, 17, 18, 19, 20, 21, 22, 23, 24, 25, 26, 27, 28, 29, 30]","['Amount_log1p', 'V1', 'V2', 'V3', 'V4', 'V5', 'V6', 'V7', 'V8', 'V9', 'V10', 'V11', 'V12', 'V13', 'V14', 'V15', 'V16', 'V17', 'V18', 'V19', 'V20', 'V21', 'V22', 'V23', 'V24', 'V25', 'V26', 'V27', 'V28', 'Time_sin', 'Time_cos']"
CostSensitiveLearning___RandomizedSearchCV__niter_30__cv_5,3,4,APosteriori,resubstitution,282,17685,22,59,0.9955119680851063,0.9276315789473685,0.8269794721407625,0.8744186046511628,0.9987575535099114,0.0012424464900886445,0.9128685128253369,0.9088190108037055,0.8736327085486201,0.8721414157810922,0.9664764684576422,0.8580381100264527,22560,0.8752536461391907,0.004826254824636064,0.8734076072323788,0.024229694348880976,"{'classifier__estimator__ccp_alpha': np.float64(0.009850405271691858), 'classifier__estimator__max_depth': 11, 'classifier__estimator__max_features': 'log2', 'classifier__estimator__max_leaf_nodes': 2, 'classifier__estimator__min_impurity_decrease': np.float64(0.0029937365481499615), 'classifier__estimator__min_samples_leaf': 5, 'classifier__estimator__min_samples_split': 4, 'classifier__max_features': np.float64(0.6749043411528095), 'classifier__max_samples': np.float64(0.5252020273692712), 'classifier__n_estimators': 840, 'feature_selection_filter__k': 20}",49.83110809326172,"[1, 2, 3, 4, 5, 6, 7, 8, 9, 10, 11, 12, 14, 16, 17, 18, 19, 20, 21, 27]","['V1', 'V2', 'V3', 'V4', 'V5', 'V6', 'V7', 'V8', 'V9', 'V10', 'V11', 'V12', 'V14', 'V16', 'V17', 'V18', 'V19', 'V20', 'V21', 'V27']"
CostSensitiveLearning___RandomizedSearchCV__niter_30__cv_5,3,5,APosteriori,resubstitution,280,17685,23,60,0.9954011524822695,0.9240924092409241,0.8235294117647058,0.8709175738724728,0.9987011520216851,0.001298847978314921,0.9111152818931955,0.9068956788149077,0.8700786565472451,0.8685843381738326,0.9660341288085147,0.8571013011121773,22560,0.8588827578751488,0.005291579017120089,0.8664311644033816,0.04109541259465574,"{'classifier__estimator__ccp_alpha': np.float64(0.007525435517779794), 'classifier__estimator__max_depth': 7, 'classifier__estimator__max_features': 'log2', 'classifier__estimator__max_leaf_nodes': 16, 'classifier__estimator__min_impurity_decrease': np.float64(0.08192413431427388), 'classifier__estimator__min_samples_leaf': 1, 'classifier__estimator__min_samples_split': 3, 'classifier__max_features': np.float64(0.7912951784586777), 'classifier__max_samples': np.float64(0.6102483552756923), 'classifier__n_estimators': 550, 'feature_selection_filter__k': 'all'}",53.70977449417114,"[0, 1, 2, 3, 4, 5, 6, 7, 8, 9, 10, 11, 12, 13, 14, 15, 16, 17, 18, 19, 20, 21, 22, 23, 24, 25, 26, 27, 28, 29, 30]","['Amount_log1p', 'V1', 'V2', 'V3', 'V4', 'V5', 'V6', 'V7', 'V8', 'V9', 'V10', 'V11', 'V12', 'V13', 'V14', 'V15', 'V16', 'V17', 'V18', 'V19', 'V20', 'V21', 'V22', 'V23', 'V24', 'V25', 'V26', 'V27', 'V28', 'Time_sin', 'Time_cos']"
CostSensitiveLearning___RandomizedSearchCV__niter_30__cv_5,3,6,APosteriori,resubstitution,276,17680,28,64,0.9949024822695035,0.9078947368421053,0.8117647058823529,0.8571428571428571,0.9984187937655297,0.0015812062344703337,0.9050917498239412,0.9002672594671478,0.8559434107483812,0.8545560551189049,0.9601017818466893,0.8365696270901853,22560,0.8542934407999437,0.007991710102828852,0.8568922002667432,0.019874939030506095,"{'classifier__estimator__ccp_alpha': np.float64(0.007299405570626448), 'classifier__estimator__max_depth': 17, 'classifier__estimator__max_features': 'sqrt', 'classifier__estimator__max_leaf_nodes': 2, 'classifier__estimator__min_impurity_decrease': np.float64(0.025214679641823903), 'classifier__estimator__min_samples_leaf': 1, 'classifier__estimator__min_samples_split': 6, 'classifier__max_features': np.float64(0.7649047412255986), 'classifier__max_samples': np.float64(0.6740374725957935), 'classifier__n_estimators': 967, 'feature_selection_filter__k': 26}",58.50690793991089,"[0, 1, 2, 3, 4, 5, 6, 7, 8, 9, 10, 11, 12, 14, 16, 17, 18, 19, 20, 21, 22, 24, 25, 27, 28, 29]","['Amount_log1p', 'V1', 'V2', 'V3', 'V4', 'V5', 'V6', 'V7', 'V8', 'V9', 'V10', 'V11', 'V12', 'V14', 'V16', 'V17', 'V18', 'V19', 'V20', 'V21', 'V22', 'V24', 'V25', 'V27', 'V28', 'Time_sin']"
CostSensitiveLearning___RandomizedSearchCV__niter_30__cv_5,3,7,APosteriori,resubstitution,278,17678,30,62,0.9949024822695035,0.9025974025974026,0.8176470588235294,0.8580246913580247,0.9983058504630675,0.0016941495369324766,0.9079764546432985,0.9034721038512751,0.856519282292896,0.8554357849924915,0.9688348735699384,0.8490893941382718,22560,0.8765587601326805,0.011636471625324796,0.8804929271195752,0.03312792316396677,"{'classifier__estimator__ccp_alpha': np.float64(0.005066666538709547), 'classifier__estimator__max_depth': 13, 'classifier__estimator__max_features': 'log2', 'classifier__estimator__max_leaf_nodes': 2, 'classifier__estimator__min_impurity_decrease': np.float64(0.07024594309957466), 'classifier__estimator__min_samples_leaf': 4, 'classifier__estimator__min_samples_split': 6, 'classifier__max_features': np.float64(0.540499580857753), 'classifier__max_samples': np.float64(0.7402563940822945), 'classifier__n_estimators': 662, 'feature_selection_filter__k': 'all'}",51.99935984611511,"[0, 1, 2, 3, 4, 5, 6, 7, 8, 9, 10, 11, 12, 13, 14, 15, 16, 17, 18, 19, 20, 21, 22, 23, 24, 25, 26, 27, 28, 29, 30]","['Amount_log1p', 'V1', 'V2', 'V3', 'V4', 'V5', 'V6', 'V7', 'V8', 'V9', 'V10', 'V11', 'V12', 'V13', 'V14', 'V15', 'V16', 'V17', 'V18', 'V19', 'V20', 'V21', 'V22', 'V23', 'V24', 'V25', 'V26', 'V27', 'V28', 'Time_sin', 'Time_cos']"
CostSensitiveLearning___RandomizedSearchCV__niter_30__cv_5,3,8,APosteriori,resubstitution,286,17679,28,55,0.9954011524822695,0.910828025477707,0.8387096774193549,0.8732824427480916,0.9984187044671599,0.0015812955328401435,0.9185641909432574,0.9150865694310576,0.8717131018432911,0.8709445751860123,0.9680487379529311,0.8706078451154671,22561,0.8755884238019146,0.01240951334613206,0.8733860446888784,0.0246984204381843,"{'classifier__estimator__ccp_alpha': np.float64(0.002375561678152992), 'classifier__estimator__max_depth': 17, 'classifier__estimator__max_features': 'log2', 'classifier__estimator__max_leaf_nodes': 2, 'classifier__estimator__min_impurity_decrease': np.float64(0.04760722626450138), 'classifier__estimator__min_samples_leaf': 3, 'classifier__estimator__min_samples_split': 8, 'classifier__max_features': np.float64(0.5468576216581333), 'classifier__max_samples': np.float64(0.7288583480241967), 'classifier__n_estimators': 537, 'feature_selection_filter__k': 20}",49.672269105911255,"[1, 2, 3, 4, 5, 6, 7, 8, 9, 10, 11, 12, 14, 16, 17, 18, 19, 20, 21, 27]","['V1', 'V2', 'V3', 'V4', 'V5', 'V6', 'V7', 'V8', 'V9', 'V10', 'V11', 'V12', 'V14', 'V16', 'V17', 'V18', 'V19', 'V20', 'V21', 'V27']"
CostSensitiveLearning___RandomizedSearchCV__niter_30__cv_5,3,9,APosteriori,resubstitution,291,17680,27,50,0.9957335992907801,0.9150943396226415,0.8533724340175953,0.8831562974203339,0.9984751793076184,0.0015248206923815788,0.9259238066626069,0.923077024994067,0.8815433350900067,0.8809861232006561,0.9726108616851663,0.8722368768558736,22561,0.8861636373565321,0.006489436468092291,0.8814622414622415,0.01520246440377404,"{'classifier__estimator__ccp_alpha': np.float64(0.005403390589352983), 'classifier__estimator__max_depth': 9, 'classifier__estimator__max_features': 'log2', 'classifier__estimator__max_leaf_nodes': 6, 'classifier__estimator__min_impurity_decrease': np.float64(0.08744789940314868), 'classifier__estimator__min_samples_leaf': 6, 'classifier__estimator__min_samples_split': 9, 'classifier__max_features': np.float64(0.5219140284339101), 'classifier__max_samples': np.float64(0.6967937941730042), 'classifier__n_estimators': 639, 'feature_selection_filter__k': 20}",48.0746283531189,"[1, 2, 3, 4, 5, 6, 7, 8, 9, 10, 11, 12, 14, 16, 17, 18, 19, 20, 21, 27]","['V1', 'V2', 'V3', 'V4', 'V5', 'V6', 'V7', 'V8', 'V9', 'V10', 'V11', 'V12', 'V14', 'V16', 'V17', 'V18', 'V19', 'V20', 'V21', 'V27']"
CostSensitiveLearning___RandomizedSearchCV__niter_30__cv_5,3,10,APosteriori,resubstitution,289,17683,24,52,0.9957890070921985,0.9233226837060703,0.8475073313782991,0.8837920489296636,0.9986446038289942,0.0013553961710057738,0.9230759676036466,0.9199775123264968,0.8824909695900698,0.8816517033844737,0.972791382436192,0.8634896206807108,22561,0.8841630291972497,0.009357396388005625,0.8852068007519514,0.009735928775913989,"{'classifier__estimator__ccp_alpha': np.float64(0.0011504425234136707), 'classifier__estimator__max_depth': 13, 'classifier__estimator__max_features': 'log2', 'classifier__estimator__max_leaf_nodes': 2, 'classifier__estimator__min_impurity_decrease': np.float64(0.042417583045593066), 'classifier__estimator__min_samples_leaf': 2, 'classifier__estimator__min_samples_split': 8, 'classifier__max_features': np.float64(0.6367971278865796), 'classifier__max_samples': np.float64(0.917589430412672), 'classifier__n_estimators': 692, 'feature_selection_filter__k': 26}",56.18898034095764,"[0, 1, 2, 3, 4, 5, 6, 7, 8, 9, 10, 11, 12, 14, 16, 17, 18, 19, 20, 21, 22, 24, 25, 27, 28, 29]","['Amount_log1p', 'V1', 'V2', 'V3', 'V4', 'V5', 'V6', 'V7', 'V8', 'V9', 'V10', 'V11', 'V12', 'V14', 'V16', 'V17', 'V18', 'V19', 'V20', 'V21', 'V22', 'V24', 'V25', 'V27', 'V28', 'Time_sin']"
CostSensitiveLearning___RandomizedSearchCV__niter_30__cv_5,4,1,APosteriori,resubstitution,283,17679,28,58,0.9952349290780141,0.909967845659164,0.8299120234604106,0.8680981595092024,0.9984187044671599,0.0015812955328401435,0.9141653639637852,0.9102745120484602,0.8666289206103198,0.865677028010088,0.9669659446775113,0.8488403231243498,22560,0.8720210612191366,0.008433393700070378,0.8700431447812947,0.019323095862774878,"{'classifier__estimator__ccp_alpha': np.float64(0.002274217585379018), 'classifier__estimator__max_depth': 16, 'classifier__estimator__max_features': 'sqrt', 'classifier__estimator__max_leaf_nodes': 2, 'classifier__estimator__min_impurity_decrease': np.float64(0.09469742025858337), 'classifier__estimator__min_samples_leaf': 5, 'classifier__estimator__min_samples_split': 9, 'classifier__max_features': np.float64(0.6510345171557794), 'classifier__max_samples': np.float64(0.8498760424926937), 'classifier__n_estimators': 922, 'feature_selection_filter__k': 26}",58.63438415527344,"[0, 1, 2, 3, 4, 5, 6, 7, 8, 9, 10, 11, 12, 14, 16, 17, 18, 19, 20, 21, 23, 24, 26, 27, 28, 29]","['Amount_log1p', 'V1', 'V2', 'V3', 'V4', 'V5', 'V6', 'V7', 'V8', 'V9', 'V10', 'V11', 'V12', 'V14', 'V16', 'V17', 'V18', 'V19', 'V20', 'V21', 'V23', 'V24', 'V26', 'V27', 'V28', 'Time_sin']"
CostSensitiveLearning___RandomizedSearchCV__niter_30__cv_5,4,2,APosteriori,resubstitution,280,17682,25,61,0.9952349290780141,0.9180327868852459,0.8211143695014663,0.8668730650154799,0.9985881289885357,0.0014118710114643385,0.909851249245001,0.9055137005733653,0.8658496705352364,0.8644547837664456,0.9695410152255176,0.848361504990468,22560,0.8618139756261142,0.007953959826546207,0.8652330133204748,0.032702793032971085,"{'classifier__estimator__ccp_alpha': np.float64(0.004397309115540877), 'classifier__estimator__max_depth': 6, 'classifier__estimator__max_features': 'sqrt', 'classifier__estimator__max_leaf_nodes': 2, 'classifier__estimator__min_impurity_decrease': np.float64(0.05251967476059836), 'classifier__estimator__min_samples_leaf': 7, 'classifier__estimator__min_samples_split': 3, 'classifier__max_features': np.float64(0.9132623753843158), 'classifier__max_samples': np.float64(0.6481874855488698), 'classifier__n_estimators': 468, 'feature_selection_filter__k': 22}",49.42393922805786,"[1, 2, 3, 4, 5, 6, 7, 8, 9, 10, 11, 12, 14, 16, 17, 18, 19, 20, 21, 27, 28, 29]","['V1', 'V2', 'V3', 'V4', 'V5', 'V6', 'V7', 'V8', 'V9', 'V10', 'V11', 'V12', 'V14', 'V16', 'V17', 'V18', 'V19', 'V20', 'V21', 'V27', 'V28', 'Time_sin']"
CostSensitiveLearning___RandomizedSearchCV__niter_30__cv_5,4,3,APosteriori,resubstitution,277,17670,37,64,0.9944038120567376,0.8821656050955414,0.8123167155425219,0.8458015267175573,0.9979104309030327,0.0020895690969673364,0.9051135732227773,0.9003440029437494,0.8437004816800495,0.8429566517323765,0.9620611627490627,0.843138044132753,22560,0.856664587890774,0.011708190810379342,0.8618089505751512,0.029096564930661067,"{'classifier__estimator__ccp_alpha': np.float64(0.0038362868625784474), 'classifier__estimator__max_depth': 6, 'classifier__estimator__max_features': 'sqrt', 'classifier__estimator__max_leaf_nodes': 2, 'classifier__estimator__min_impurity_decrease': np.float64(0.09028293024632154), 'classifier__estimator__min_samples_leaf': 6, 'classifier__estimator__min_samples_split': 7, 'classifier__max_features': np.float64(0.8325784953986948), 'classifier__max_samples': np.float64(0.6522775757615865), 'classifier__n_estimators': 730, 'feature_selection_filter__k': 28}",51.53748893737793,"[0, 1, 2, 3, 4, 5, 6, 7, 8, 9, 10, 11, 12, 14, 16, 17, 18, 19, 20, 21, 23, 24, 25, 26, 27, 28, 29, 30]","['Amount_log1p', 'V1', 'V2', 'V3', 'V4', 'V5', 'V6', 'V7', 'V8', 'V9', 'V10', 'V11', 'V12', 'V14', 'V16', 'V17', 'V18', 'V19', 'V20', 'V21', 'V23', 'V24', 'V25', 'V26', 'V27', 'V28', 'Time_sin', 'Time_cos']"
CostSensitiveLearning___RandomizedSearchCV__niter_30__cv_5,4,4,APosteriori,resubstitution,285,17686,21,56,0.9957335992907801,0.9313725490196079,0.8357771260997068,0.8809891808346213,0.9988140283503699,0.0011859716496300798,0.9172955772250384,0.9136661962241699,0.8801596601284272,0.8788235183326933,0.9662064326002588,0.8771589067821368,22560,0.8826541678656052,0.00979015464850229,0.8854373681784876,0.028774453094406974,"{'classifier__estimator__ccp_alpha': np.float64(0.0033529270527529187), 'classifier__estimator__max_depth': 9, 'classifier__estimator__max_features': 'log2', 'classifier__estimator__max_leaf_nodes': 14, 'classifier__estimator__min_impurity_decrease': np.float64(0.0908505010614647), 'classifier__estimator__min_samples_leaf': 8, 'classifier__estimator__min_samples_split': 8, 'classifier__max_features': np.float64(0.7733319432375388), 'classifier__max_samples': np.float64(0.7441022331942475), 'classifier__n_estimators': 538, 'feature_selection_filter__k': 20}",42.68452763557434,"[1, 2, 3, 4, 5, 6, 7, 8, 9, 10, 11, 12, 14, 16, 17, 18, 19, 20, 21, 27]","['V1', 'V2', 'V3', 'V4', 'V5', 'V6', 'V7', 'V8', 'V9', 'V10', 'V11', 'V12', 'V14', 'V16', 'V17', 'V18', 'V19', 'V20', 'V21', 'V27']"
CostSensitiveLearning___RandomizedSearchCV__niter_30__cv_5,4,5,APosteriori,resubstitution,290,17656,52,50,0.9943484042553191,0.847953216374269,0.8529411764705882,0.8504398826979472,0.9970634741359837,0.0029365258640162706,0.925002325303286,0.922191136720256,0.8475634772718244,0.8475596910810177,0.9765466588713643,0.8745326757657311,22560,0.8606217910767627,0.007951081733344212,0.8738249616996102,0.026677000085484036,"{'classifier__estimator__ccp_alpha': np.float64(0.0005423295399790496), 'classifier__estimator__max_depth': 18, 'classifier__estimator__max_features': 'sqrt', 'classifier__estimator__max_leaf_nodes': 10, 'classifier__estimator__min_impurity_decrease': np.float64(0.09101723998175831), 'classifier__estimator__min_samples_leaf': 9, 'classifier__estimator__min_samples_split': 2, 'classifier__max_features': np.float64(0.9548913833014325), 'classifier__max_samples': np.float64(0.5561688956962134), 'classifier__n_estimators': 600, 'feature_selection_filter__k': 22}",46.61511015892029,"[1, 2, 3, 4, 5, 6, 7, 8, 9, 10, 11, 12, 14, 16, 17, 18, 19, 20, 21, 27, 28, 29]","['V1', 'V2', 'V3', 'V4', 'V5', 'V6', 'V7', 'V8', 'V9', 'V10', 'V11', 'V12', 'V14', 'V16', 'V17', 'V18', 'V19', 'V20', 'V21', 'V27', 'V28', 'Time_sin']"
CostSensitiveLearning___RandomizedSearchCV__niter_30__cv_5,4,6,APosteriori,resubstitution,286,17683,25,54,0.9956227836879432,0.9196141479099679,0.8411764705882353,0.8786482334869432,0.9985882087192229,0.0014117912807770638,0.9198823396537291,0.9165090861423383,0.8773270943484898,0.876423932254488,0.9679592307896729,0.86936665315437,22560,0.8838131425690001,0.0037781586290271123,0.8845187510692109,0.021793189281316978,"{'classifier__estimator__ccp_alpha': np.float64(0.009191090317991818), 'classifier__estimator__max_depth': 14, 'classifier__estimator__max_features': 'log2', 'classifier__estimator__max_leaf_nodes': 2, 'classifier__estimator__min_impurity_decrease': np.float64(0.034115110179783435), 'classifier__estimator__min_samples_leaf': 6, 'classifier__estimator__min_samples_split': 6, 'classifier__max_features': np.float64(0.8769200762401067), 'classifier__max_samples': np.float64(0.8462069974848447), 'classifier__n_estimators': 840, 'feature_selection_filter__k': 28}",46.786797761917114,"[0, 1, 2, 3, 4, 5, 6, 7, 8, 9, 10, 11, 12, 14, 16, 17, 18, 19, 20, 21, 22, 24, 25, 26, 27, 28, 29, 30]","['Amount_log1p', 'V1', 'V2', 'V3', 'V4', 'V5', 'V6', 'V7', 'V8', 'V9', 'V10', 'V11', 'V12', 'V14', 'V16', 'V17', 'V18', 'V19', 'V20', 'V21', 'V22', 'V24', 'V25', 'V26', 'V27', 'V28', 'Time_sin', 'Time_cos']"
CostSensitiveLearning___RandomizedSearchCV__niter_30__cv_5,4,7,APosteriori,resubstitution,285,17687,21,55,0.9957890070921985,0.9313725490196079,0.8382352941176471,0.8823529411764706,0.9988140953241473,0.001185904675852667,0.9185246947208972,0.91500886714987,0.8814816956853024,0.880215123176043,0.9668822001355318,0.8736595429448302,22560,0.880647723821195,0.010372885877660077,0.88370193966649,0.038414986213110666,"{'classifier__estimator__ccp_alpha': np.float64(0.007423389402466962), 'classifier__estimator__max_depth': 8, 'classifier__estimator__max_features': 'sqrt', 'classifier__estimator__max_leaf_nodes': 2, 'classifier__estimator__min_impurity_decrease': np.float64(0.06024442804376773), 'classifier__estimator__min_samples_leaf': 7, 'classifier__estimator__min_samples_split': 5, 'classifier__max_features': np.float64(0.6875390611664675), 'classifier__max_samples': np.float64(0.5764606788195066), 'classifier__n_estimators': 275, 'feature_selection_filter__k': 20}",39.82810640335083,"[1, 2, 3, 4, 5, 6, 7, 8, 9, 10, 11, 12, 14, 16, 17, 18, 19, 20, 21, 27]","['V1', 'V2', 'V3', 'V4', 'V5', 'V6', 'V7', 'V8', 'V9', 'V10', 'V11', 'V12', 'V14', 'V16', 'V17', 'V18', 'V19', 'V20', 'V21', 'V27']"
CostSensitiveLearning___RandomizedSearchCV__niter_30__cv_5,4,8,APosteriori,resubstitution,282,17684,23,59,0.9954565602836879,0.9245901639344263,0.8269794721407625,0.8730650154798761,0.9987010786694528,0.0012989213305472092,0.9128402754051077,0.9087933158119476,0.8721642720418002,0.8707592124284713,0.9664048398110197,0.8668873465866399,22561,0.8712248914042882,0.004824982834239804,0.8718738277640462,0.005824159709891207,"{'classifier__estimator__ccp_alpha': np.float64(0.007499699268879412), 'classifier__estimator__max_depth': 6, 'classifier__estimator__max_features': 'log2', 'classifier__estimator__max_leaf_nodes': 2, 'classifier__estimator__min_impurity_decrease': np.float64(0.059917706306668816), 'classifier__estimator__min_samples_leaf': 3, 'classifier__estimator__min_samples_split': 3, 'classifier__max_features': np.float64(0.5991508196846427), 'classifier__max_samples': np.float64(0.5021231614857518), 'classifier__n_estimators': 435, 'feature_selection_filter__k': 20}",41.86030888557434,"[1, 2, 3, 4, 5, 6, 7, 8, 9, 10, 11, 12, 14, 16, 17, 18, 19, 20, 21, 27]","['V1', 'V2', 'V3', 'V4', 'V5', 'V6', 'V7', 'V8', 'V9', 'V10', 'V11', 'V12', 'V14', 'V16', 'V17', 'V18', 'V19', 'V20', 'V21', 'V27']"
CostSensitiveLearning___RandomizedSearchCV__niter_30__cv_5,4,9,APosteriori,resubstitution,284,17679,28,57,0.9952903368794326,0.9102564102564102,0.8328445747800587,0.8698315467075038,0.9984187044671599,0.0015812955328401435,0.9156316396236093,0.9118813526848812,0.8683266738929379,0.8674381467886103,0.9677637967124356,0.858102204514832,22561,0.865872256083706,0.007080488316386581,0.8688311220261244,0.02894693373394028,"{'classifier__estimator__ccp_alpha': np.float64(0.009888655451747249), 'classifier__estimator__max_depth': 7, 'classifier__estimator__max_features': 'sqrt', 'classifier__estimator__max_leaf_nodes': 13, 'classifier__estimator__min_impurity_decrease': np.float64(0.08510683620625058), 'classifier__estimator__min_samples_leaf': 4, 'classifier__estimator__min_samples_split': 7, 'classifier__max_features': np.float64(0.9696846838991664), 'classifier__max_samples': np.float64(0.7176690115132829), 'classifier__n_estimators': 626, 'feature_selection_filter__k': 'all'}",49.079251289367676,"[0, 1, 2, 3, 4, 5, 6, 7, 8, 9, 10, 11, 12, 13, 14, 15, 16, 17, 18, 19, 20, 21, 22, 23, 24, 25, 26, 27, 28, 29, 30]","['Amount_log1p', 'V1', 'V2', 'V3', 'V4', 'V5', 'V6', 'V7', 'V8', 'V9', 'V10', 'V11', 'V12', 'V13', 'V14', 'V15', 'V16', 'V17', 'V18', 'V19', 'V20', 'V21', 'V22', 'V23', 'V24', 'V25', 'V26', 'V27', 'V28', 'Time_sin', 'Time_cos']"
CostSensitiveLearning___RandomizedSearchCV__niter_30__cv_5,4,10,APosteriori,resubstitution,280,17683,24,61,0.9952903368794326,0.9210526315789473,0.8211143695014663,0.8682170542635659,0.9986446038289942,0.0013553961710057738,0.9098794866652302,0.905539305733929,0.8673079079424731,0.8658274116221337,0.964256477258443,0.8419118042489735,22561,0.8681687953182375,0.0067342974126867105,0.8598588176922313,0.01968203936830413,"{'classifier__estimator__ccp_alpha': np.float64(0.002679841468862566), 'classifier__estimator__max_depth': 13, 'classifier__estimator__max_features': 'log2', 'classifier__estimator__max_leaf_nodes': 2, 'classifier__estimator__min_impurity_decrease': np.float64(0.07571945692251451), 'classifier__estimator__min_samples_leaf': 8, 'classifier__estimator__min_samples_split': 8, 'classifier__max_features': np.float64(0.828537278664976), 'classifier__max_samples': np.float64(0.627091016606613), 'classifier__n_estimators': 213, 'feature_selection_filter__k': 28}",39.907286167144775,"[0, 1, 2, 3, 4, 5, 6, 7, 8, 9, 10, 11, 12, 13, 14, 16, 17, 18, 19, 20, 21, 23, 24, 25, 27, 28, 29, 30]","['Amount_log1p', 'V1', 'V2', 'V3', 'V4', 'V5', 'V6', 'V7', 'V8', 'V9', 'V10', 'V11', 'V12', 'V13', 'V14', 'V16', 'V17', 'V18', 'V19', 'V20', 'V21', 'V23', 'V24', 'V25', 'V27', 'V28', 'Time_sin', 'Time_cos']"
CostSensitiveLearning___RandomizedSearchCV__niter_30__cv_5,5,1,APosteriori,resubstitution,289,17692,15,52,0.9962876773049646,0.9506578947368421,0.8475073313782991,0.896124031007752,0.9991528773931214,0.0008471226068785809,0.9233301043857103,0.9202115999912157,0.8957695106701343,0.8942404303374466,0.9730789735225743,0.8756158602845592,22560,0.8946906786087314,0.007633462019530043,0.8883406396235344,0.019055706459137376,"{'classifier__estimator__ccp_alpha': np.float64(0.007802743360167102), 'classifier__estimator__max_depth': 5, 'classifier__estimator__max_features': 'sqrt', 'classifier__estimator__max_leaf_nodes': 2, 'classifier__estimator__min_impurity_decrease': np.float64(0.04822805845797129), 'classifier__estimator__min_samples_leaf': 1, 'classifier__estimator__min_samples_split': 7, 'classifier__max_features': np.float64(0.6492228877736419), 'classifier__max_samples': np.float64(0.9443992965854642), 'classifier__n_estimators': 445, 'feature_selection_filter__k': 28}",42.56199288368225,"[0, 1, 2, 3, 4, 5, 6, 7, 8, 9, 10, 11, 12, 13, 14, 16, 17, 18, 19, 20, 21, 22, 24, 26, 27, 28, 29, 30]","['Amount_log1p', 'V1', 'V2', 'V3', 'V4', 'V5', 'V6', 'V7', 'V8', 'V9', 'V10', 'V11', 'V12', 'V13', 'V14', 'V16', 'V17', 'V18', 'V19', 'V20', 'V21', 'V22', 'V24', 'V26', 'V27', 'V28', 'Time_sin', 'Time_cos']"
CostSensitiveLearning___RandomizedSearchCV__niter_30__cv_5,5,2,APosteriori,resubstitution,280,17666,41,61,0.9943484042553191,0.8722741433021807,0.8211143695014663,0.8459214501510574,0.9976845315411984,0.002315468458801595,0.9093994505213323,0.9051039194909152,0.8434450536836895,0.8430455353950181,0.9647244234804832,0.8581569487795546,22560,0.8502705743993209,0.013259416485205382,0.8467057087437521,0.04249365432949344,"{'classifier__estimator__ccp_alpha': np.float64(0.009161411621879095), 'classifier__estimator__max_depth': 17, 'classifier__estimator__max_features': 'log2', 'classifier__estimator__max_leaf_nodes': 5, 'classifier__estimator__min_impurity_decrease': np.float64(0.09702656631810407), 'classifier__estimator__min_samples_leaf': 9, 'classifier__estimator__min_samples_split': 8, 'classifier__max_features': np.float64(0.9188220467742262), 'classifier__max_samples': np.float64(0.5771909759430034), 'classifier__n_estimators': 757, 'feature_selection_filter__k': 26}",45.60434412956238,"[0, 1, 2, 3, 4, 5, 6, 7, 8, 9, 10, 11, 12, 14, 16, 17, 18, 19, 20, 21, 24, 26, 27, 28, 29, 30]","['Amount_log1p', 'V1', 'V2', 'V3', 'V4', 'V5', 'V6', 'V7', 'V8', 'V9', 'V10', 'V11', 'V12', 'V14', 'V16', 'V17', 'V18', 'V19', 'V20', 'V21', 'V24', 'V26', 'V27', 'V28', 'Time_sin', 'Time_cos']"
CostSensitiveLearning___RandomizedSearchCV__niter_30__cv_5,5,3,APosteriori,resubstitution,289,17684,23,52,0.995844414893617,0.9262820512820513,0.8475073313782991,0.885145482388974,0.9987010786694528,0.0012989213305472092,0.923104205023876,0.9200035250083429,0.883938160702116,0.8830336589311267,0.9742327329831453,0.8730474255253519,22560,0.8789188830916801,0.004159145587408278,0.8792910750645193,0.023406980616015143,"{'classifier__estimator__ccp_alpha': np.float64(0.0063214543404137525), 'classifier__estimator__max_depth': 8, 'classifier__estimator__max_features': 'log2', 'classifier__estimator__max_leaf_nodes': 2, 'classifier__estimator__min_impurity_decrease': np.float64(0.07576786922691858), 'classifier__estimator__min_samples_leaf': 9, 'classifier__estimator__min_samples_split': 8, 'classifier__max_features': np.float64(0.9800441864074443), 'classifier__max_samples': np.float64(0.515691710604791), 'classifier__n_estimators': 196, 'feature_selection_filter__k': 24}",37.85239624977112,"[0, 1, 2, 3, 4, 5, 6, 7, 8, 9, 10, 11, 12, 14, 16, 17, 18, 19, 20, 21, 24, 27, 28, 29]","['Amount_log1p', 'V1', 'V2', 'V3', 'V4', 'V5', 'V6', 'V7', 'V8', 'V9', 'V10', 'V11', 'V12', 'V14', 'V16', 'V17', 'V18', 'V19', 'V20', 'V21', 'V24', 'V27', 'V28', 'Time_sin']"
CostSensitiveLearning___RandomizedSearchCV__niter_30__cv_5,5,4,APosteriori,resubstitution,282,17687,20,59,0.9956227836879432,0.9337748344370861,0.8269794721407625,0.8771384136858476,0.9988705031908285,0.0011294968091715152,0.9129249876657954,0.9088703986079254,0.8765912539177787,0.8749184570441008,0.9656827568069158,0.8587009298446128,22560,0.8778349087249794,0.007586307099179675,0.8727299671749046,0.01611158168068362,"{'classifier__estimator__ccp_alpha': np.float64(0.008157842936269201), 'classifier__estimator__max_depth': 16, 'classifier__estimator__max_features': 'sqrt', 'classifier__estimator__max_leaf_nodes': 2, 'classifier__estimator__min_impurity_decrease': np.float64(0.0626778031115384), 'classifier__estimator__min_samples_leaf': 7, 'classifier__estimator__min_samples_split': 4, 'classifier__max_features': np.float64(0.5998598737266418), 'classifier__max_samples': np.float64(0.999737910976463), 'classifier__n_estimators': 982, 'feature_selection_filter__k': 24}",60.50311303138733,"[0, 1, 2, 3, 4, 5, 6, 7, 8, 9, 10, 11, 12, 14, 16, 17, 18, 19, 20, 21, 24, 27, 28, 29]","['Amount_log1p', 'V1', 'V2', 'V3', 'V4', 'V5', 'V6', 'V7', 'V8', 'V9', 'V10', 'V11', 'V12', 'V14', 'V16', 'V17', 'V18', 'V19', 'V20', 'V21', 'V24', 'V27', 'V28', 'Time_sin']"
CostSensitiveLearning___RandomizedSearchCV__niter_30__cv_5,5,5,APosteriori,resubstitution,279,17685,23,61,0.995345744680851,0.9238410596026491,0.8205882352941176,0.8691588785046729,0.9987011520216851,0.001298847978314921,0.9096446936579013,0.9052747737144103,0.8683760446916412,0.8667980616891195,0.9647949912967221,0.8485485813664939,22560,0.8659101756461804,0.010406167165202025,0.8687431070173608,0.025194770953736022,"{'classifier__estimator__ccp_alpha': np.float64(0.0050187323113852125), 'classifier__estimator__max_depth': 14, 'classifier__estimator__max_features': 'sqrt', 'classifier__estimator__max_leaf_nodes': 2, 'classifier__estimator__min_impurity_decrease': np.float64(0.06441625330319715), 'classifier__estimator__min_samples_leaf': 1, 'classifier__estimator__min_samples_split': 6, 'classifier__max_features': np.float64(0.6611879984454275), 'classifier__max_samples': np.float64(0.6606095433905118), 'classifier__n_estimators': 777, 'feature_selection_filter__k': 24}",44.5678973197937,"[0, 1, 2, 3, 4, 5, 6, 7, 8, 9, 10, 11, 12, 14, 16, 17, 18, 19, 20, 21, 23, 27, 28, 29]","['Amount_log1p', 'V1', 'V2', 'V3', 'V4', 'V5', 'V6', 'V7', 'V8', 'V9', 'V10', 'V11', 'V12', 'V14', 'V16', 'V17', 'V18', 'V19', 'V20', 'V21', 'V23', 'V27', 'V28', 'Time_sin']"
CostSensitiveLearning___RandomizedSearchCV__niter_30__cv_5,5,6,APosteriori,resubstitution,278,17686,22,62,0.995345744680851,0.9266666666666666,0.8176470588235294,0.86875,0.9987576236729162,0.001242376327083794,0.9082023412482227,0.9036765093072506,0.8681491907323562,0.8663902872371928,0.9626494007361246,0.8583442424585381,22560,0.8731285479929722,0.003293424374694658,0.8737345955062684,0.029974159002103668,"{'classifier__estimator__ccp_alpha': np.float64(0.0029584581535903967), 'classifier__estimator__max_depth': 9, 'classifier__estimator__max_features': 'sqrt', 'classifier__estimator__max_leaf_nodes': 2, 'classifier__estimator__min_impurity_decrease': np.float64(0.05053736043301439), 'classifier__estimator__min_samples_leaf': 1, 'classifier__estimator__min_samples_split': 5, 'classifier__max_features': np.float64(0.7162871278124823), 'classifier__max_samples': np.float64(0.8329397698911147), 'classifier__n_estimators': 841, 'feature_selection_filter__k': 28}",44.64580512046814,"[0, 1, 2, 3, 4, 5, 6, 7, 8, 9, 10, 11, 12, 14, 15, 16, 17, 18, 19, 20, 21, 22, 23, 24, 27, 28, 29, 30]","['Amount_log1p', 'V1', 'V2', 'V3', 'V4', 'V5', 'V6', 'V7', 'V8', 'V9', 'V10', 'V11', 'V12', 'V14', 'V15', 'V16', 'V17', 'V18', 'V19', 'V20', 'V21', 'V22', 'V23', 'V24', 'V27', 'V28', 'Time_sin', 'Time_cos']"
CostSensitiveLearning___RandomizedSearchCV__niter_30__cv_5,5,7,APosteriori,resubstitution,276,17687,21,64,0.9952903368794326,0.9292929292929293,0.8117647058823529,0.8665620094191523,0.9988140953241473,0.001185904675852667,0.9052894006032501,0.9004454621585668,0.8662232177202035,0.8641759932342985,0.9618000006643724,0.8385448489096627,22560,0.8674244143778088,0.003390525612579932,0.8682729457349195,0.012067152303372321,"{'classifier__estimator__ccp_alpha': np.float64(0.0017642419002899246), 'classifier__estimator__max_depth': 4, 'classifier__estimator__max_features': 'sqrt', 'classifier__estimator__max_leaf_nodes': 2, 'classifier__estimator__min_impurity_decrease': np.float64(0.008513760623272627), 'classifier__estimator__min_samples_leaf': 6, 'classifier__estimator__min_samples_split': 3, 'classifier__max_features': np.float64(0.5421888525628387), 'classifier__max_samples': np.float64(0.9639653791711136), 'classifier__n_estimators': 386, 'feature_selection_filter__k': 22}",42.568620681762695,"[1, 2, 3, 4, 5, 6, 7, 8, 9, 10, 11, 12, 14, 16, 17, 18, 19, 20, 21, 27, 28, 29]","['V1', 'V2', 'V3', 'V4', 'V5', 'V6', 'V7', 'V8', 'V9', 'V10', 'V11', 'V12', 'V14', 'V16', 'V17', 'V18', 'V19', 'V20', 'V21', 'V27', 'V28', 'Time_sin']"
CostSensitiveLearning___RandomizedSearchCV__niter_30__cv_5,5,8,APosteriori,resubstitution,284,17683,24,57,0.9955119680851063,0.922077922077922,0.8328445747800587,0.8751926040061633,0.9986446038289942,0.0013553961710057738,0.9157445893045264,0.9119845066843838,0.8740859080373315,0.8729135182389158,0.9685299334044044,0.85313876615559,22561,0.875451256872936,0.014061374316241682,0.8821511449097009,0.02424065940348692,"{'classifier__estimator__ccp_alpha': np.float64(0.005203650527133058), 'classifier__estimator__max_depth': 7, 'classifier__estimator__max_features': 'log2', 'classifier__estimator__max_leaf_nodes': 2, 'classifier__estimator__min_impurity_decrease': np.float64(0.02246236382368613), 'classifier__estimator__min_samples_leaf': 8, 'classifier__estimator__min_samples_split': 3, 'classifier__max_features': np.float64(0.6927307670603573), 'classifier__max_samples': np.float64(0.9991847310380562), 'classifier__n_estimators': 177, 'feature_selection_filter__k': 22}",40.32532000541687,"[1, 2, 3, 4, 5, 6, 7, 8, 9, 10, 11, 12, 14, 16, 17, 18, 19, 20, 21, 23, 27, 29]","['V1', 'V2', 'V3', 'V4', 'V5', 'V6', 'V7', 'V8', 'V9', 'V10', 'V11', 'V12', 'V14', 'V16', 'V17', 'V18', 'V19', 'V20', 'V21', 'V23', 'V27', 'Time_sin']"
CostSensitiveLearning___RandomizedSearchCV__niter_30__cv_5,5,9,APosteriori,resubstitution,286,17686,21,55,0.9957890070921985,0.9315960912052117,0.8387096774193549,0.8827160493827161,0.9988140283503699,0.0011859716496300798,0.9187618528848625,0.9152677157638989,0.8818374851380598,0.8805780738359686,0.9623093373778814,0.8562882596653221,22561,0.8784360914730815,0.010518148609308947,0.8799476313160524,0.012506024672434314,"{'classifier__estimator__ccp_alpha': np.float64(0.008114740145389477), 'classifier__estimator__max_depth': 4, 'classifier__estimator__max_features': 'sqrt', 'classifier__estimator__max_leaf_nodes': 2, 'classifier__estimator__min_impurity_decrease': np.float64(0.09862172502225461), 'classifier__estimator__min_samples_leaf': 7, 'classifier__estimator__min_samples_split': 6, 'classifier__max_features': np.float64(0.8449406777973922), 'classifier__max_samples': np.float64(0.811619204359214), 'classifier__n_estimators': 554, 'feature_selection_filter__k': 'all'}",47.926621198654175,"[0, 1, 2, 3, 4, 5, 6, 7, 8, 9, 10, 11, 12, 13, 14, 15, 16, 17, 18, 19, 20, 21, 22, 23, 24, 25, 26, 27, 28, 29, 30]","['Amount_log1p', 'V1', 'V2', 'V3', 'V4', 'V5', 'V6', 'V7', 'V8', 'V9', 'V10', 'V11', 'V12', 'V13', 'V14', 'V15', 'V16', 'V17', 'V18', 'V19', 'V20', 'V21', 'V22', 'V23', 'V24', 'V25', 'V26', 'V27', 'V28', 'Time_sin', 'Time_cos']"
CostSensitiveLearning___RandomizedSearchCV__niter_30__cv_5,5,10,APosteriori,resubstitution,282,17692,15,59,0.9958998226950354,0.9494949494949495,0.8269794721407625,0.8840125391849529,0.9991528773931214,0.0008471226068785809,0.913066174766942,0.9089988554087886,0.8841168649031221,0.8819356669468983,0.9655300594376994,0.8569886780472314,22561,0.8798829330452763,0.013653829279027953,0.8774323972738476,0.0408715359315611,"{'classifier__estimator__ccp_alpha': np.float64(0.00839597129667974), 'classifier__estimator__max_depth': 4, 'classifier__estimator__max_features': 'sqrt', 'classifier__estimator__max_leaf_nodes': 2, 'classifier__estimator__min_impurity_decrease': np.float64(0.017290615478234062), 'classifier__estimator__min_samples_leaf': 3, 'classifier__estimator__min_samples_split': 4, 'classifier__max_features': np.float64(0.7375233035286703), 'classifier__max_samples': np.float64(0.6300919461317328), 'classifier__n_estimators': 613, 'feature_selection_filter__k': 20}",42.732630491256714,"[1, 2, 3, 4, 5, 6, 7, 8, 9, 10, 11, 12, 14, 16, 17, 18, 19, 20, 21, 27]","['V1', 'V2', 'V3', 'V4', 'V5', 'V6', 'V7', 'V8', 'V9', 'V10', 'V11', 'V12', 'V14', 'V16', 'V17', 'V18', 'V19', 'V20', 'V21', 'V27']"
CostSensitiveLearning___RandomizedSearchCV__niter_30__cv_5,6,1,APosteriori,resubstitution,285,17674,33,56,0.9950687056737588,0.8962264150943396,0.8357771260997068,0.8649468892261002,0.998136330264867,0.0018636697351329667,0.9169567281822869,0.9133561811059683,0.8629839868077518,0.8624385060371219,0.9724184994353344,0.8622081031680504,22560,0.8661635793727349,0.011107979923510324,0.874384443603408,0.013583736154894447,"{'classifier__estimator__ccp_alpha': np.float64(0.003997249757828494), 'classifier__estimator__max_depth': 4, 'classifier__estimator__max_features': 'log2', 'classifier__estimator__max_leaf_nodes': 17, 'classifier__estimator__min_impurity_decrease': np.float64(0.0921100760147776), 'classifier__estimator__min_samples_leaf': 4, 'classifier__estimator__min_samples_split': 5, 'classifier__max_features': np.float64(0.9520443730835642), 'classifier__max_samples': np.float64(0.6183017555342454), 'classifier__n_estimators': 437, 'feature_selection_filter__k': 26}",46.72857928276062,"[0, 1, 2, 3, 4, 5, 6, 7, 8, 9, 10, 11, 12, 14, 16, 17, 18, 19, 20, 21, 22, 23, 24, 27, 28, 29]","['Amount_log1p', 'V1', 'V2', 'V3', 'V4', 'V5', 'V6', 'V7', 'V8', 'V9', 'V10', 'V11', 'V12', 'V14', 'V16', 'V17', 'V18', 'V19', 'V20', 'V21', 'V22', 'V23', 'V24', 'V27', 'V28', 'Time_sin']"
CostSensitiveLearning___RandomizedSearchCV__niter_30__cv_5,6,2,APosteriori,resubstitution,279,17683,24,62,0.9952349290780141,0.9207920792079208,0.8181818181818182,0.8664596273291926,0.9986446038289942,0.0013553961710057738,0.9084132110054062,0.9039208248946741,0.8656057736458868,0.864042411065054,0.9677259536008672,0.8472595121658127,22560,0.865535609197664,0.008646818960361891,0.8593697684596655,0.0377663656174526,"{'classifier__estimator__ccp_alpha': np.float64(0.001456470130768669), 'classifier__estimator__max_depth': 17, 'classifier__estimator__max_features': 'log2', 'classifier__estimator__max_leaf_nodes': 2, 'classifier__estimator__min_impurity_decrease': np.float64(0.06222920053145284), 'classifier__estimator__min_samples_leaf': 6, 'classifier__estimator__min_samples_split': 8, 'classifier__max_features': np.float64(0.9347223062843282), 'classifier__max_samples': np.float64(0.526322889466911), 'classifier__n_estimators': 853, 'feature_selection_filter__k': 26}",53.662126779556274,"[0, 1, 2, 3, 4, 5, 6, 7, 8, 9, 10, 11, 12, 14, 16, 17, 18, 19, 20, 21, 23, 24, 27, 28, 29, 30]","['Amount_log1p', 'V1', 'V2', 'V3', 'V4', 'V5', 'V6', 'V7', 'V8', 'V9', 'V10', 'V11', 'V12', 'V14', 'V16', 'V17', 'V18', 'V19', 'V20', 'V21', 'V23', 'V24', 'V27', 'V28', 'Time_sin', 'Time_cos']"
CostSensitiveLearning___RandomizedSearchCV__niter_30__cv_5,6,3,APosteriori,resubstitution,281,17682,25,60,0.9952903368794326,0.9183006535947712,0.8240469208211144,0.8686244204018547,0.9985881289885357,0.0014118710114643385,0.9113175249048251,0.9071292481567996,0.8675507546294086,0.8662337540036225,0.9672577589557751,0.8576398495545593,22560,0.8743043755102267,0.006985937716047893,0.8777793349100633,0.020701133271678034,"{'classifier__estimator__ccp_alpha': np.float64(0.007463579226999631), 'classifier__estimator__max_depth': 14, 'classifier__estimator__max_features': 'log2', 'classifier__estimator__max_leaf_nodes': 2, 'classifier__estimator__min_impurity_decrease': np.float64(0.07268784999228527), 'classifier__estimator__min_samples_leaf': 8, 'classifier__estimator__min_samples_split': 6, 'classifier__max_features': np.float64(0.5606274654512591), 'classifier__max_samples': np.float64(0.7109470545580736), 'classifier__n_estimators': 787, 'feature_selection_filter__k': 24}",52.63972473144531,"[1, 2, 3, 4, 5, 6, 7, 8, 9, 10, 11, 12, 14, 16, 17, 18, 19, 20, 21, 22, 23, 27, 28, 29]","['V1', 'V2', 'V3', 'V4', 'V5', 'V6', 'V7', 'V8', 'V9', 'V10', 'V11', 'V12', 'V14', 'V16', 'V17', 'V18', 'V19', 'V20', 'V21', 'V22', 'V23', 'V27', 'V28', 'Time_sin']"
CostSensitiveLearning___RandomizedSearchCV__niter_30__cv_5,6,4,APosteriori,resubstitution,292,17675,32,49,0.9955119680851063,0.9012345679012346,0.8563049853372434,0.8781954887218045,0.9981928051053256,0.001807194894674402,0.9272488952212845,0.924530948827273,0.876208075334442,0.8759108771515239,0.9654683677131516,0.8759783000864596,22560,0.8936312211463331,0.006271214849530554,0.891375673612648,0.02411019637109106,"{'classifier__estimator__ccp_alpha': np.float64(0.008349610539816794), 'classifier__estimator__max_depth': 14, 'classifier__estimator__max_features': 'log2', 'classifier__estimator__max_leaf_nodes': 3, 'classifier__estimator__min_impurity_decrease': np.float64(0.07747853307548784), 'classifier__estimator__min_samples_leaf': 3, 'classifier__estimator__min_samples_split': 8, 'classifier__max_features': np.float64(0.7274382165786855), 'classifier__max_samples': np.float64(0.7332239108252253), 'classifier__n_estimators': 150, 'feature_selection_filter__k': 28}",41.5458607673645,"[0, 1, 2, 3, 4, 5, 6, 7, 8, 9, 10, 11, 12, 14, 16, 17, 18, 19, 20, 21, 22, 24, 25, 26, 27, 28, 29, 30]","['Amount_log1p', 'V1', 'V2', 'V3', 'V4', 'V5', 'V6', 'V7', 'V8', 'V9', 'V10', 'V11', 'V12', 'V14', 'V16', 'V17', 'V18', 'V19', 'V20', 'V21', 'V22', 'V24', 'V25', 'V26', 'V27', 'V28', 'Time_sin', 'Time_cos']"
CostSensitiveLearning___RandomizedSearchCV__niter_30__cv_5,6,5,APosteriori,resubstitution,279,17681,27,61,0.9951241134751773,0.9117647058823529,0.8205882352941176,0.8637770897832817,0.9984752654167608,0.0015247345832392067,0.9095317503554392,0.9051723902291571,0.8625410789225237,0.8613017215722604,0.9666728397932474,0.8581510736523815,22560,0.8602954838014701,0.012897812344483487,0.8727786391042205,0.01213916905586692,"{'classifier__estimator__ccp_alpha': np.float64(0.009414890494360601), 'classifier__estimator__max_depth': 12, 'classifier__estimator__max_features': 'log2', 'classifier__estimator__max_leaf_nodes': 4, 'classifier__estimator__min_impurity_decrease': np.float64(0.08903842047756075), 'classifier__estimator__min_samples_leaf': 7, 'classifier__estimator__min_samples_split': 7, 'classifier__max_features': np.float64(0.5357030011561847), 'classifier__max_samples': np.float64(0.5000617105735148), 'classifier__n_estimators': 501, 'feature_selection_filter__k': 22}",51.11584186553955,"[1, 2, 3, 4, 5, 6, 7, 8, 9, 10, 11, 12, 14, 16, 17, 18, 19, 20, 21, 27, 28, 29]","['V1', 'V2', 'V3', 'V4', 'V5', 'V6', 'V7', 'V8', 'V9', 'V10', 'V11', 'V12', 'V14', 'V16', 'V17', 'V18', 'V19', 'V20', 'V21', 'V27', 'V28', 'Time_sin']"
CostSensitiveLearning___RandomizedSearchCV__niter_30__cv_5,6,6,APosteriori,resubstitution,284,17684,24,56,0.9955673758865248,0.922077922077922,0.8352941176470589,0.8765432098765432,0.9986446803704541,0.0013553196295459369,0.9169693990087564,0.9133247106768586,0.8753993675672693,0.8742919869499926,0.9687561454443987,0.8526793469534518,22560,0.8729937942454058,0.008605281802596553,0.8720135216250536,0.020952148276419683,"{'classifier__estimator__ccp_alpha': np.float64(0.009354762187895637), 'classifier__estimator__max_depth': 10, 'classifier__estimator__max_features': 'sqrt', 'classifier__estimator__max_leaf_nodes': 2, 'classifier__estimator__min_impurity_decrease': np.float64(0.06289985364417802), 'classifier__estimator__min_samples_leaf': 9, 'classifier__estimator__min_samples_split': 5, 'classifier__max_features': np.float64(0.6593318321464797), 'classifier__max_samples': np.float64(0.8674516332481423), 'classifier__n_estimators': 781, 'feature_selection_filter__k': 28}",56.07847833633423,"[0, 1, 2, 3, 4, 5, 6, 7, 8, 9, 10, 11, 12, 14, 15, 16, 17, 18, 19, 20, 21, 22, 23, 24, 27, 28, 29, 30]","['Amount_log1p', 'V1', 'V2', 'V3', 'V4', 'V5', 'V6', 'V7', 'V8', 'V9', 'V10', 'V11', 'V12', 'V14', 'V15', 'V16', 'V17', 'V18', 'V19', 'V20', 'V21', 'V22', 'V23', 'V24', 'V27', 'V28', 'Time_sin', 'Time_cos']"
CostSensitiveLearning___RandomizedSearchCV__niter_30__cv_5,6,7,APosteriori,resubstitution,277,17684,24,63,0.9951795212765957,0.920265780730897,0.8147058823529412,0.8642745709828393,0.9986446803704541,0.0013553196295459369,0.9066752813616976,0.901998722548032,0.8634879158974783,0.8618300034283437,0.9597646959167674,0.8370035935827064,22560,0.8515356101681076,0.01697935454214983,0.8534716314659725,0.010631014580615614,"{'classifier__estimator__ccp_alpha': np.float64(0.0001448435724406838), 'classifier__estimator__max_depth': 18, 'classifier__estimator__max_features': 'log2', 'classifier__estimator__max_leaf_nodes': 2, 'classifier__estimator__min_impurity_decrease': np.float64(0.09545870931388203), 'classifier__estimator__min_samples_leaf': 3, 'classifier__estimator__min_samples_split': 6, 'classifier__max_features': np.float64(0.7860428431519566), 'classifier__max_samples': np.float64(0.5517683919373746), 'classifier__n_estimators': 224, 'feature_selection_filter__k': 28}",38.79231929779053,"[0, 1, 2, 3, 4, 5, 6, 7, 8, 9, 10, 11, 12, 13, 14, 15, 16, 17, 18, 19, 20, 21, 22, 23, 24, 27, 28, 29]","['Amount_log1p', 'V1', 'V2', 'V3', 'V4', 'V5', 'V6', 'V7', 'V8', 'V9', 'V10', 'V11', 'V12', 'V13', 'V14', 'V15', 'V16', 'V17', 'V18', 'V19', 'V20', 'V21', 'V22', 'V23', 'V24', 'V27', 'V28', 'Time_sin']"
CostSensitiveLearning___RandomizedSearchCV__niter_30__cv_5,6,8,APosteriori,resubstitution,282,17682,25,59,0.995345744680851,0.9185667752442996,0.8269794721407625,0.8703703703703703,0.9985881289885357,0.0014118710114643385,0.9127838005646491,0.9087419236488272,0.8692487772895202,0.8680073447660706,0.9621502638170003,0.8478501322990779,22561,0.868506759652983,0.008704874985368928,0.8752757818565586,0.02236124390057259,"{'classifier__estimator__ccp_alpha': np.float64(0.0005150789303581249), 'classifier__estimator__max_depth': 6, 'classifier__estimator__max_features': 'log2', 'classifier__estimator__max_leaf_nodes': 11, 'classifier__estimator__min_impurity_decrease': np.float64(0.08885617542080104), 'classifier__estimator__min_samples_leaf': 2, 'classifier__estimator__min_samples_split': 7, 'classifier__max_features': np.float64(0.6359904211614763), 'classifier__max_samples': np.float64(0.6991899529522061), 'classifier__n_estimators': 687, 'feature_selection_filter__k': 26}",42.08783268928528,"[0, 1, 2, 3, 4, 5, 6, 7, 8, 9, 10, 11, 12, 14, 16, 17, 18, 19, 20, 21, 23, 24, 25, 27, 28, 29]","['Amount_log1p', 'V1', 'V2', 'V3', 'V4', 'V5', 'V6', 'V7', 'V8', 'V9', 'V10', 'V11', 'V12', 'V14', 'V16', 'V17', 'V18', 'V19', 'V20', 'V21', 'V23', 'V24', 'V25', 'V27', 'V28', 'Time_sin']"
CostSensitiveLearning___RandomizedSearchCV__niter_30__cv_5,6,9,APosteriori,resubstitution,284,17675,32,57,0.9950687056737588,0.8987341772151899,0.8328445747800587,0.8645357686453576,0.9981928051053256,0.001807194894674402,0.9155186899426921,0.9117781870150541,0.8626762448401956,0.8620281146989561,0.9643436737496496,0.8706855469372227,22561,0.8747044174154274,0.00920663672518166,0.8714050089727863,0.029485356379095225,"{'classifier__estimator__ccp_alpha': np.float64(0.0011140631670405322), 'classifier__estimator__max_depth': 8, 'classifier__estimator__max_features': 'sqrt', 'classifier__estimator__max_leaf_nodes': 2, 'classifier__estimator__min_impurity_decrease': np.float64(0.033140445827240565), 'classifier__estimator__min_samples_leaf': 4, 'classifier__estimator__min_samples_split': 8, 'classifier__max_features': np.float64(0.5950263539598686), 'classifier__max_samples': np.float64(0.8559498292914578), 'classifier__n_estimators': 947, 'feature_selection_filter__k': 'all'}",63.6765832901001,"[0, 1, 2, 3, 4, 5, 6, 7, 8, 9, 10, 11, 12, 13, 14, 15, 16, 17, 18, 19, 20, 21, 22, 23, 24, 25, 26, 27, 28, 29, 30]","['Amount_log1p', 'V1', 'V2', 'V3', 'V4', 'V5', 'V6', 'V7', 'V8', 'V9', 'V10', 'V11', 'V12', 'V13', 'V14', 'V15', 'V16', 'V17', 'V18', 'V19', 'V20', 'V21', 'V22', 'V23', 'V24', 'V25', 'V26', 'V27', 'V28', 'Time_sin', 'Time_cos']"
CostSensitiveLearning___RandomizedSearchCV__niter_30__cv_5,6,10,APosteriori,resubstitution,288,17675,32,53,0.9952903368794326,0.9,0.844574780058651,0.8714069591527988,0.9981928051053256,0.001807194894674402,0.9213837925819883,0.9181767089335028,0.8694660838862983,0.8690106671329894,0.9629288216615626,0.8648663466200726,22561,0.8766445811142857,0.00728357937166466,0.8754689557202029,0.012249205690164662,"{'classifier__estimator__ccp_alpha': np.float64(0.006089955098753504), 'classifier__estimator__max_depth': 19, 'classifier__estimator__max_features': 'log2', 'classifier__estimator__max_leaf_nodes': 2, 'classifier__estimator__min_impurity_decrease': np.float64(0.09534903476062169), 'classifier__estimator__min_samples_leaf': 8, 'classifier__estimator__min_samples_split': 3, 'classifier__max_features': np.float64(0.5850589515185862), 'classifier__max_samples': np.float64(0.8814606913205086), 'classifier__n_estimators': 989, 'feature_selection_filter__k': 20}",58.04508137702942,"[1, 2, 3, 4, 5, 6, 7, 8, 9, 10, 11, 12, 14, 16, 17, 18, 19, 20, 21, 27]","['V1', 'V2', 'V3', 'V4', 'V5', 'V6', 'V7', 'V8', 'V9', 'V10', 'V11', 'V12', 'V14', 'V16', 'V17', 'V18', 'V19', 'V20', 'V21', 'V27']"
CostSensitiveLearning___RandomizedSearchCV__niter_30__cv_5,7,1,APosteriori,resubstitution,276,17676,31,65,0.9946808510638298,0.8990228013029316,0.8093841642228738,0.8518518518518519,0.9982492799457842,0.0017507200542158374,0.903816722084329,0.898869934492752,0.8503657155167107,0.8491512511612236,0.9600852057944843,0.8435284674114166,22560,0.8502207875453264,0.007777112762628311,0.8500145348837209,0.03031758449613897,"{'classifier__estimator__ccp_alpha': np.float64(0.004917472990712061), 'classifier__estimator__max_depth': 6, 'classifier__estimator__max_features': 'sqrt', 'classifier__estimator__max_leaf_nodes': 2, 'classifier__estimator__min_impurity_decrease': np.float64(0.01824105253678282), 'classifier__estimator__min_samples_leaf': 8, 'classifier__estimator__min_samples_split': 3, 'classifier__max_features': np.float64(0.9052957301777828), 'classifier__max_samples': np.float64(0.6667234148047818), 'classifier__n_estimators': 258, 'feature_selection_filter__k': 28}",46.24334001541138,"[0, 1, 2, 3, 4, 5, 6, 7, 8, 9, 10, 11, 12, 13, 14, 16, 17, 18, 19, 20, 21, 22, 23, 24, 27, 28, 29, 30]","['Amount_log1p', 'V1', 'V2', 'V3', 'V4', 'V5', 'V6', 'V7', 'V8', 'V9', 'V10', 'V11', 'V12', 'V13', 'V14', 'V16', 'V17', 'V18', 'V19', 'V20', 'V21', 'V22', 'V23', 'V24', 'V27', 'V28', 'Time_sin', 'Time_cos']"
CostSensitiveLearning___RandomizedSearchCV__niter_30__cv_5,7,2,APosteriori,resubstitution,281,17681,26,60,0.9952349290780141,0.9153094462540716,0.8240469208211144,0.8672839506172839,0.998531654148077,0.0014683458519230141,0.9112892874845957,0.9071035965881388,0.8661016003273853,0.8648646624985961,0.9641796317277309,0.8424974387336901,22560,0.8612204318314983,0.004428584505214811,0.864345038167939,0.02658786347882484,"{'classifier__estimator__ccp_alpha': np.float64(0.0015608497039134495), 'classifier__estimator__max_depth': 10, 'classifier__estimator__max_features': 'sqrt', 'classifier__estimator__max_leaf_nodes': 2, 'classifier__estimator__min_impurity_decrease': np.float64(0.011100303932287482), 'classifier__estimator__min_samples_leaf': 7, 'classifier__estimator__min_samples_split': 2, 'classifier__max_features': np.float64(0.8619567226475389), 'classifier__max_samples': np.float64(0.5952043633912039), 'classifier__n_estimators': 745, 'feature_selection_filter__k': 24}",48.58247137069702,"[0, 1, 2, 3, 4, 5, 6, 7, 8, 9, 10, 11, 12, 14, 16, 17, 18, 19, 20, 21, 24, 27, 28, 29]","['Amount_log1p', 'V1', 'V2', 'V3', 'V4', 'V5', 'V6', 'V7', 'V8', 'V9', 'V10', 'V11', 'V12', 'V14', 'V16', 'V17', 'V18', 'V19', 'V20', 'V21', 'V24', 'V27', 'V28', 'Time_sin']"
CostSensitiveLearning___RandomizedSearchCV__niter_30__cv_5,7,3,APosteriori,resubstitution,287,17676,31,54,0.9952903368794326,0.9025157232704403,0.841642228739003,0.8710166919575114,0.9982492799457842,0.0017507200542158374,0.9199457543423936,0.9166071943917278,0.8691704362351701,0.8686210450916333,0.9627703277544692,0.8721113529940409,22560,0.8769959056852261,0.007757878943956099,0.8813538970312583,0.022879793212953813,"{'classifier__estimator__ccp_alpha': np.float64(0.004895680537925508), 'classifier__estimator__max_depth': 4, 'classifier__estimator__max_features': 'log2', 'classifier__estimator__max_leaf_nodes': 19, 'classifier__estimator__min_impurity_decrease': np.float64(0.08324527859620055), 'classifier__estimator__min_samples_leaf': 4, 'classifier__estimator__min_samples_split': 3, 'classifier__max_features': np.float64(0.8511499099838682), 'classifier__max_samples': np.float64(0.6916875014735541), 'classifier__n_estimators': 356, 'feature_selection_filter__k': 26}",39.19293189048767,"[1, 2, 3, 4, 5, 6, 7, 8, 9, 10, 11, 12, 14, 16, 17, 18, 19, 20, 21, 22, 24, 26, 27, 28, 29, 30]","['V1', 'V2', 'V3', 'V4', 'V5', 'V6', 'V7', 'V8', 'V9', 'V10', 'V11', 'V12', 'V14', 'V16', 'V17', 'V18', 'V19', 'V20', 'V21', 'V22', 'V24', 'V26', 'V27', 'V28', 'Time_sin', 'Time_cos']"
CostSensitiveLearning___RandomizedSearchCV__niter_30__cv_5,7,4,APosteriori,resubstitution,284,17682,25,57,0.9954565602836879,0.919093851132686,0.8328445747800587,0.8738461538461538,0.9985881289885357,0.0014118710114643385,0.9157163518842972,0.9119587192783846,0.8726357069887328,0.871538485175334,0.9694115868154931,0.8669701704505673,22560,0.8850054195843746,0.003878705937925427,0.880229594392304,0.020204012829995358,"{'classifier__estimator__ccp_alpha': np.float64(0.0008373992389638219), 'classifier__estimator__max_depth': 12, 'classifier__estimator__max_features': 'sqrt', 'classifier__estimator__max_leaf_nodes': 2, 'classifier__estimator__min_impurity_decrease': np.float64(0.010568683531908452), 'classifier__estimator__min_samples_leaf': 1, 'classifier__estimator__min_samples_split': 6, 'classifier__max_features': np.float64(0.531844784875128), 'classifier__max_samples': np.float64(0.6484172893350177), 'classifier__n_estimators': 301, 'feature_selection_filter__k': 'all'}",40.19234323501587,"[0, 1, 2, 3, 4, 5, 6, 7, 8, 9, 10, 11, 12, 13, 14, 15, 16, 17, 18, 19, 20, 21, 22, 23, 24, 25, 26, 27, 28, 29, 30]","['Amount_log1p', 'V1', 'V2', 'V3', 'V4', 'V5', 'V6', 'V7', 'V8', 'V9', 'V10', 'V11', 'V12', 'V13', 'V14', 'V15', 'V16', 'V17', 'V18', 'V19', 'V20', 'V21', 'V22', 'V23', 'V24', 'V25', 'V26', 'V27', 'V28', 'Time_sin', 'Time_cos']"
CostSensitiveLearning___RandomizedSearchCV__niter_30__cv_5,7,5,APosteriori,resubstitution,280,17643,65,60,0.993074024822695,0.8115942028985508,0.8235294117647058,0.8175182481751825,0.9963293426699796,0.003670657330020366,0.9099293772173427,0.9058181481362163,0.8140109956532547,0.813988463327034,0.9602601516097743,0.8473419978301048,22560,0.8667751900217275,0.007103678793776207,0.8621325771003191,0.027861102389408313,"{'classifier__estimator__ccp_alpha': np.float64(0.009193973220238814), 'classifier__estimator__max_depth': 6, 'classifier__estimator__max_features': 'sqrt', 'classifier__estimator__max_leaf_nodes': 2, 'classifier__estimator__min_impurity_decrease': np.float64(0.006985980015726135), 'classifier__estimator__min_samples_leaf': 4, 'classifier__estimator__min_samples_split': 4, 'classifier__max_features': np.float64(0.8606172441467633), 'classifier__max_samples': np.float64(0.737991328385987), 'classifier__n_estimators': 248, 'feature_selection_filter__k': 22}",40.04142737388611,"[1, 2, 3, 4, 5, 6, 7, 8, 9, 10, 11, 12, 14, 16, 17, 18, 19, 20, 21, 27, 28, 29]","['V1', 'V2', 'V3', 'V4', 'V5', 'V6', 'V7', 'V8', 'V9', 'V10', 'V11', 'V12', 'V14', 'V16', 'V17', 'V18', 'V19', 'V20', 'V21', 'V27', 'V28', 'Time_sin']"
CostSensitiveLearning___RandomizedSearchCV__niter_30__cv_5,7,6,APosteriori,resubstitution,287,17665,43,53,0.9946808510638298,0.8696969696969697,0.8441176470588235,0.8567164179104477,0.9975717189970634,0.002428281002936572,0.9208446830279435,0.9176425732343869,0.8541059294490861,0.8540071588909786,0.9634098579571878,0.8579635693282344,22560,0.885875118476722,0.0061599262918363585,0.8855465619245149,0.013926644681271303,"{'classifier__estimator__ccp_alpha': np.float64(0.003294066409643316), 'classifier__estimator__max_depth': 10, 'classifier__estimator__max_features': 'sqrt', 'classifier__estimator__max_leaf_nodes': 17, 'classifier__estimator__min_impurity_decrease': np.float64(0.09846014714820624), 'classifier__estimator__min_samples_leaf': 5, 'classifier__estimator__min_samples_split': 3, 'classifier__max_features': np.float64(0.6373658343224986), 'classifier__max_samples': np.float64(0.9966298797766122), 'classifier__n_estimators': 204, 'feature_selection_filter__k': 22}",49.817091941833496,"[0, 1, 2, 3, 4, 5, 6, 7, 8, 9, 10, 11, 12, 14, 16, 17, 18, 19, 20, 21, 27, 29]","['Amount_log1p', 'V1', 'V2', 'V3', 'V4', 'V5', 'V6', 'V7', 'V8', 'V9', 'V10', 'V11', 'V12', 'V14', 'V16', 'V17', 'V18', 'V19', 'V20', 'V21', 'V27', 'Time_sin']"
CostSensitiveLearning___RandomizedSearchCV__niter_30__cv_5,7,7,APosteriori,resubstitution,280,17678,30,60,0.9950132978723404,0.9032258064516129,0.8235294117647058,0.8615384615384616,0.9983058504630675,0.0016941495369324766,0.9109176311138867,0.9067161792937822,0.8599551752436334,0.859004895663345,0.9646961659070676,0.8467588997995544,22560,0.8596640830487037,0.01166554753224376,0.8591054558537461,0.02528400830069746,"{'classifier__estimator__ccp_alpha': np.float64(0.0023906984555002774), 'classifier__estimator__max_depth': 17, 'classifier__estimator__max_features': 'log2', 'classifier__estimator__max_leaf_nodes': 2, 'classifier__estimator__min_impurity_decrease': np.float64(0.0287016221262854), 'classifier__estimator__min_samples_leaf': 1, 'classifier__estimator__min_samples_split': 7, 'classifier__max_features': np.float64(0.6450422419501508), 'classifier__max_samples': np.float64(0.6827475110292708), 'classifier__n_estimators': 512, 'feature_selection_filter__k': 28}",47.269251585006714,"[0, 1, 2, 3, 4, 5, 6, 7, 8, 9, 10, 11, 12, 13, 14, 16, 17, 18, 19, 20, 21, 22, 23, 24, 26, 27, 28, 29]","['Amount_log1p', 'V1', 'V2', 'V3', 'V4', 'V5', 'V6', 'V7', 'V8', 'V9', 'V10', 'V11', 'V12', 'V13', 'V14', 'V16', 'V17', 'V18', 'V19', 'V20', 'V21', 'V22', 'V23', 'V24', 'V26', 'V27', 'V28', 'Time_sin']"
CostSensitiveLearning___RandomizedSearchCV__niter_30__cv_5,7,8,APosteriori,resubstitution,291,17676,31,50,0.9955119680851063,0.9037267080745341,0.8533724340175953,0.8778280542986425,0.9982492799457842,0.0017507200542158374,0.9258108569816897,0.9229725986093226,0.8759172938457588,0.8755439622278486,0.9691956243757336,0.8740875261544628,22561,0.883047949077157,0.006899843355291081,0.8810322776638566,0.037552595493792966,"{'classifier__estimator__ccp_alpha': np.float64(0.0013240663840333323), 'classifier__estimator__max_depth': 13, 'classifier__estimator__max_features': 'sqrt', 'classifier__estimator__max_leaf_nodes': 2, 'classifier__estimator__min_impurity_decrease': np.float64(0.09440203335161823), 'classifier__estimator__min_samples_leaf': 7, 'classifier__estimator__min_samples_split': 3, 'classifier__max_features': np.float64(0.9274104653576425), 'classifier__max_samples': np.float64(0.7430679683783818), 'classifier__n_estimators': 287, 'feature_selection_filter__k': 24}",41.74701499938965,"[0, 1, 2, 3, 4, 5, 6, 7, 8, 9, 10, 11, 12, 14, 16, 17, 18, 19, 20, 21, 22, 24, 27, 29]","['Amount_log1p', 'V1', 'V2', 'V3', 'V4', 'V5', 'V6', 'V7', 'V8', 'V9', 'V10', 'V11', 'V12', 'V14', 'V16', 'V17', 'V18', 'V19', 'V20', 'V21', 'V22', 'V24', 'V27', 'Time_sin']"
CostSensitiveLearning___RandomizedSearchCV__niter_30__cv_5,7,9,APosteriori,resubstitution,282,17677,30,59,0.9950687056737588,0.9038461538461539,0.8269794721407625,0.8637059724349158,0.9983057547862427,0.0016942452137572728,0.9126426134635026,0.9086134305237913,0.8620820791692667,0.8611999419316038,0.9618814700748763,0.8568064320933317,22561,0.8727203891684002,0.011207653486168496,0.8736449304914661,0.027931620722895692,"{'classifier__estimator__ccp_alpha': np.float64(0.0008205007779476303), 'classifier__estimator__max_depth': 16, 'classifier__estimator__max_features': 'sqrt', 'classifier__estimator__max_leaf_nodes': 2, 'classifier__estimator__min_impurity_decrease': np.float64(0.0639979159151474), 'classifier__estimator__min_samples_leaf': 1, 'classifier__estimator__min_samples_split': 5, 'classifier__max_features': np.float64(0.8947276100601613), 'classifier__max_samples': np.float64(0.5220229102069183), 'classifier__n_estimators': 808, 'feature_selection_filter__k': 28}",53.03018927574158,"[0, 1, 2, 3, 4, 5, 6, 7, 8, 9, 10, 11, 12, 14, 16, 17, 18, 19, 20, 21, 22, 24, 25, 26, 27, 28, 29, 30]","['Amount_log1p', 'V1', 'V2', 'V3', 'V4', 'V5', 'V6', 'V7', 'V8', 'V9', 'V10', 'V11', 'V12', 'V14', 'V16', 'V17', 'V18', 'V19', 'V20', 'V21', 'V22', 'V24', 'V25', 'V26', 'V27', 'V28', 'Time_sin', 'Time_cos']"
CostSensitiveLearning___RandomizedSearchCV__niter_30__cv_5,7,10,APosteriori,resubstitution,290,17678,29,51,0.9955673758865248,0.9090909090909091,0.8504398826979472,0.8787878787878788,0.9983622296267013,0.0016377703732987081,0.9244010561623243,0.9214374951421246,0.8770385302004057,0.8765328427392839,0.9749956401754397,0.8812654886723974,22561,0.8817228619343819,0.009812015412325997,0.8841292445117073,0.00749650300040885,"{'classifier__estimator__ccp_alpha': np.float64(0.009029005441226671), 'classifier__estimator__max_depth': 11, 'classifier__estimator__max_features': 'log2', 'classifier__estimator__max_leaf_nodes': 3, 'classifier__estimator__min_impurity_decrease': np.float64(0.09551458014099562), 'classifier__estimator__min_samples_leaf': 9, 'classifier__estimator__min_samples_split': 7, 'classifier__max_features': np.float64(0.5846442762619433), 'classifier__max_samples': np.float64(0.7020945087826926), 'classifier__n_estimators': 810, 'feature_selection_filter__k': 'all'}",52.92338466644287,"[0, 1, 2, 3, 4, 5, 6, 7, 8, 9, 10, 11, 12, 13, 14, 15, 16, 17, 18, 19, 20, 21, 22, 23, 24, 25, 26, 27, 28, 29, 30]","['Amount_log1p', 'V1', 'V2', 'V3', 'V4', 'V5', 'V6', 'V7', 'V8', 'V9', 'V10', 'V11', 'V12', 'V13', 'V14', 'V15', 'V16', 'V17', 'V18', 'V19', 'V20', 'V21', 'V22', 'V23', 'V24', 'V25', 'V26', 'V27', 'V28', 'Time_sin', 'Time_cos']"
CostSensitiveLearning___RandomizedSearchCV__niter_30__cv_5,8,1,APosteriori,resubstitution,285,17687,20,56,0.9957890070921985,0.9344262295081968,0.8357771260997068,0.8823529411764706,0.9988705031908285,0.0011294968091715152,0.9173238146452676,0.913692026069287,0.881636174301646,0.88021585542151,0.9630237192673772,0.8604821411148211,22560,0.8760734700471995,0.008841156175533146,0.8709920262159068,0.017099854204921636,"{'classifier__estimator__ccp_alpha': np.float64(0.008073165201331929), 'classifier__estimator__max_depth': 10, 'classifier__estimator__max_features': 'log2', 'classifier__estimator__max_leaf_nodes': 2, 'classifier__estimator__min_impurity_decrease': np.float64(0.04961713392730575), 'classifier__estimator__min_samples_leaf': 6, 'classifier__estimator__min_samples_split': 4, 'classifier__max_features': np.float64(0.8418621633696518), 'classifier__max_samples': np.float64(0.9932774233124804), 'classifier__n_estimators': 980, 'feature_selection_filter__k': 26}",59.02011704444885,"[0, 1, 2, 3, 4, 5, 6, 7, 8, 9, 10, 11, 12, 13, 14, 16, 17, 18, 19, 20, 21, 22, 23, 27, 28, 29]","['Amount_log1p', 'V1', 'V2', 'V3', 'V4', 'V5', 'V6', 'V7', 'V8', 'V9', 'V10', 'V11', 'V12', 'V13', 'V14', 'V16', 'V17', 'V18', 'V19', 'V20', 'V21', 'V22', 'V23', 'V27', 'V28', 'Time_sin']"
CostSensitiveLearning___RandomizedSearchCV__niter_30__cv_5,8,2,APosteriori,resubstitution,285,17679,28,56,0.995345744680851,0.9105431309904153,0.8357771260997068,0.8715596330275229,0.9984187044671599,0.0015812955328401435,0.9170979152834333,0.913485366858033,0.8700213953473948,0.8691939879512605,0.9661936802169296,0.8643853622264549,22560,0.8744314033389307,0.005407441110156159,0.8746943894169675,0.01993601683872603,"{'classifier__estimator__ccp_alpha': np.float64(0.007017460915864763), 'classifier__estimator__max_depth': 17, 'classifier__estimator__max_features': 'sqrt', 'classifier__estimator__max_leaf_nodes': 2, 'classifier__estimator__min_impurity_decrease': np.float64(0.023930482237732843), 'classifier__estimator__min_samples_leaf': 2, 'classifier__estimator__min_samples_split': 5, 'classifier__max_features': np.float64(0.6410484369030456), 'classifier__max_samples': np.float64(0.5856668974897681), 'classifier__n_estimators': 632, 'feature_selection_filter__k': 26}",49.246986865997314,"[0, 1, 2, 3, 4, 5, 6, 7, 8, 9, 10, 11, 12, 14, 16, 17, 18, 19, 20, 21, 23, 24, 25, 27, 28, 29]","['Amount_log1p', 'V1', 'V2', 'V3', 'V4', 'V5', 'V6', 'V7', 'V8', 'V9', 'V10', 'V11', 'V12', 'V14', 'V16', 'V17', 'V18', 'V19', 'V20', 'V21', 'V23', 'V24', 'V25', 'V27', 'V28', 'Time_sin']"
CostSensitiveLearning___RandomizedSearchCV__niter_30__cv_5,8,3,APosteriori,resubstitution,282,17676,31,59,0.9950132978723404,0.9009584664536742,0.8269794721407625,0.8623853211009175,0.9982492799457842,0.0017507200542158374,0.9126143760432733,0.9085877297181933,0.8606692146653886,0.8598507013763504,0.963980065209395,0.8531122234682902,22560,0.8742151728234295,0.008329208907939502,0.8746596092155148,0.033073311943291106,"{'classifier__estimator__ccp_alpha': np.float64(0.008765473629265415), 'classifier__estimator__max_depth': 8, 'classifier__estimator__max_features': 'sqrt', 'classifier__estimator__max_leaf_nodes': 2, 'classifier__estimator__min_impurity_decrease': np.float64(0.07172290934385535), 'classifier__estimator__min_samples_leaf': 5, 'classifier__estimator__min_samples_split': 6, 'classifier__max_features': np.float64(0.7675795920610042), 'classifier__max_samples': np.float64(0.5270707236719104), 'classifier__n_estimators': 737, 'feature_selection_filter__k': 20}",53.089603424072266,"[1, 2, 3, 4, 5, 6, 7, 8, 9, 10, 11, 12, 14, 16, 17, 18, 19, 20, 21, 27]","['V1', 'V2', 'V3', 'V4', 'V5', 'V6', 'V7', 'V8', 'V9', 'V10', 'V11', 'V12', 'V14', 'V16', 'V17', 'V18', 'V19', 'V20', 'V21', 'V27']"
CostSensitiveLearning___RandomizedSearchCV__niter_30__cv_5,8,4,APosteriori,resubstitution,279,17689,18,62,0.9955673758865248,0.9393939393939394,0.8181818181818182,0.8746081504702194,0.9989834528717456,0.0010165471282543859,0.9085826355267819,0.9040741660970938,0.8745204057911725,0.872362883185836,0.9677429291760784,0.8538112707997056,22560,0.8736230184109642,0.011116451590641053,0.8709597346843273,0.03735791088726562,"{'classifier__estimator__ccp_alpha': np.float64(0.008702335900500272), 'classifier__estimator__max_depth': 8, 'classifier__estimator__max_features': 'log2', 'classifier__estimator__max_leaf_nodes': 2, 'classifier__estimator__min_impurity_decrease': np.float64(0.026892008092326693), 'classifier__estimator__min_samples_leaf': 3, 'classifier__estimator__min_samples_split': 2, 'classifier__max_features': np.float64(0.960005148036524), 'classifier__max_samples': np.float64(0.748948027748428), 'classifier__n_estimators': 787, 'feature_selection_filter__k': 'all'}",48.754891872406006,"[0, 1, 2, 3, 4, 5, 6, 7, 8, 9, 10, 11, 12, 13, 14, 15, 16, 17, 18, 19, 20, 21, 22, 23, 24, 25, 26, 27, 28, 29, 30]","['Amount_log1p', 'V1', 'V2', 'V3', 'V4', 'V5', 'V6', 'V7', 'V8', 'V9', 'V10', 'V11', 'V12', 'V13', 'V14', 'V15', 'V16', 'V17', 'V18', 'V19', 'V20', 'V21', 'V22', 'V23', 'V24', 'V25', 'V26', 'V27', 'V28', 'Time_sin', 'Time_cos']"
CostSensitiveLearning___RandomizedSearchCV__niter_30__cv_5,8,5,APosteriori,resubstitution,280,17681,27,60,0.9951795212765957,0.9120521172638436,0.8235294117647058,0.865533230293663,0.9984752654167608,0.0015247345832392067,0.9110023385907333,0.9067931120108232,0.8642517510995251,0.8630855011067032,0.9679539988572795,0.8515961693552104,22560,0.8776742587192613,0.010951786910427603,0.87486685907588,0.02543224225382815,"{'classifier__estimator__ccp_alpha': np.float64(0.009876771892245709), 'classifier__estimator__max_depth': 5, 'classifier__estimator__max_features': 'sqrt', 'classifier__estimator__max_leaf_nodes': 2, 'classifier__estimator__min_impurity_decrease': np.float64(0.056020681978566945), 'classifier__estimator__min_samples_leaf': 1, 'classifier__estimator__min_samples_split': 2, 'classifier__max_features': np.float64(0.6986220711679355), 'classifier__max_samples': np.float64(0.5378216712052672), 'classifier__n_estimators': 682, 'feature_selection_filter__k': 26}",38.38526678085327,"[0, 1, 2, 3, 4, 5, 6, 7, 8, 9, 10, 11, 12, 14, 16, 17, 18, 19, 20, 21, 23, 24, 26, 27, 28, 29]","['Amount_log1p', 'V1', 'V2', 'V3', 'V4', 'V5', 'V6', 'V7', 'V8', 'V9', 'V10', 'V11', 'V12', 'V14', 'V16', 'V17', 'V18', 'V19', 'V20', 'V21', 'V23', 'V24', 'V26', 'V27', 'V28', 'Time_sin']"
CostSensitiveLearning___RandomizedSearchCV__niter_30__cv_5,8,6,APosteriori,resubstitution,290,17666,42,50,0.9949024822695035,0.8734939759036144,0.8529411764705882,0.8630952380952381,0.9976281906482946,0.002371809351705445,0.9252846835594414,0.9224522549225953,0.8605618222687782,0.8604985038432276,0.984457008464104,0.8893482424818335,22560,0.8848553315041352,0.005947271960389994,0.8772960372960373,0.023845413291392153,"{'classifier__estimator__ccp_alpha': np.float64(0.0017949733169477656), 'classifier__estimator__max_depth': 3, 'classifier__estimator__max_features': 'sqrt', 'classifier__estimator__max_leaf_nodes': 15, 'classifier__estimator__min_impurity_decrease': np.float64(0.0015674749016446278), 'classifier__estimator__min_samples_leaf': 9, 'classifier__estimator__min_samples_split': 5, 'classifier__max_features': np.float64(0.7102896841497106), 'classifier__max_samples': np.float64(0.5478160675836745), 'classifier__n_estimators': 919, 'feature_selection_filter__k': 'all'}",54.8829607963562,"[0, 1, 2, 3, 4, 5, 6, 7, 8, 9, 10, 11, 12, 13, 14, 15, 16, 17, 18, 19, 20, 21, 22, 23, 24, 25, 26, 27, 28, 29, 30]","['Amount_log1p', 'V1', 'V2', 'V3', 'V4', 'V5', 'V6', 'V7', 'V8', 'V9', 'V10', 'V11', 'V12', 'V13', 'V14', 'V15', 'V16', 'V17', 'V18', 'V19', 'V20', 'V21', 'V22', 'V23', 'V24', 'V25', 'V26', 'V27', 'V28', 'Time_sin', 'Time_cos']"
CostSensitiveLearning___RandomizedSearchCV__niter_30__cv_5,8,7,APosteriori,resubstitution,284,17686,22,56,0.9956781914893617,0.9281045751633987,0.8352941176470589,0.8792569659442725,0.9987576236729162,0.001242376327083794,0.9170258706599875,0.9133763561693186,0.8783249262248393,0.8770628895754126,0.9659381270014217,0.8523006500292358,22560,0.8736670707182197,0.006636111264667864,0.8758754688959216,0.02141662295376116,"{'classifier__estimator__ccp_alpha': np.float64(0.0015252514377954319), 'classifier__estimator__max_depth': 14, 'classifier__estimator__max_features': 'sqrt', 'classifier__estimator__max_leaf_nodes': 2, 'classifier__estimator__min_impurity_decrease': np.float64(0.08256266317775862), 'classifier__estimator__min_samples_leaf': 2, 'classifier__estimator__min_samples_split': 2, 'classifier__max_features': np.float64(0.5980108501463844), 'classifier__max_samples': np.float64(0.5096282647220779), 'classifier__n_estimators': 101, 'feature_selection_filter__k': 20}",39.02648639678955,"[1, 2, 3, 4, 5, 6, 7, 8, 9, 10, 11, 12, 14, 16, 17, 18, 19, 20, 21, 27]","['V1', 'V2', 'V3', 'V4', 'V5', 'V6', 'V7', 'V8', 'V9', 'V10', 'V11', 'V12', 'V14', 'V16', 'V17', 'V18', 'V19', 'V20', 'V21', 'V27']"
CostSensitiveLearning___RandomizedSearchCV__niter_30__cv_5,8,8,APosteriori,resubstitution,287,17681,26,54,0.9955673758865248,0.9169329073482428,0.841642228739003,0.8776758409785933,0.998531654148077,0.0014683458519230141,0.92008694144354,0.9167368253013679,0.8762561824687323,0.8754228456678671,0.9691483411881943,0.8762896209118857,22561,0.8741447929047617,0.011446463696926012,0.873284474655714,0.034508566058415444,"{'classifier__estimator__ccp_alpha': np.float64(0.005164605666852285), 'classifier__estimator__max_depth': 19, 'classifier__estimator__max_features': 'log2', 'classifier__estimator__max_leaf_nodes': 4, 'classifier__estimator__min_impurity_decrease': np.float64(0.08314886977555955), 'classifier__estimator__min_samples_leaf': 9, 'classifier__estimator__min_samples_split': 5, 'classifier__max_features': np.float64(0.9553013300903925), 'classifier__max_samples': np.float64(0.5645290061791687), 'classifier__n_estimators': 257, 'feature_selection_filter__k': 26}",37.9925434589386,"[0, 1, 2, 3, 4, 5, 6, 7, 8, 9, 10, 11, 12, 14, 16, 17, 18, 19, 20, 21, 23, 24, 27, 28, 29, 30]","['Amount_log1p', 'V1', 'V2', 'V3', 'V4', 'V5', 'V6', 'V7', 'V8', 'V9', 'V10', 'V11', 'V12', 'V14', 'V16', 'V17', 'V18', 'V19', 'V20', 'V21', 'V23', 'V24', 'V27', 'V28', 'Time_sin', 'Time_cos']"
CostSensitiveLearning___RandomizedSearchCV__niter_30__cv_5,8,9,APosteriori,resubstitution,284,17680,27,57,0.995345744680851,0.9131832797427653,0.8328445747800587,0.8711656441717791,0.9984751793076184,0.0015248206923815788,0.9156598770438386,0.9119071422786952,0.8697561455549867,0.868800818056365,0.9664977500324192,0.8639782033669401,22561,0.8688285376191752,0.0035931939121350005,0.8698087529216899,0.02553824888437618,"{'classifier__estimator__ccp_alpha': np.float64(0.008424103345612362), 'classifier__estimator__max_depth': 3, 'classifier__estimator__max_features': 'sqrt', 'classifier__estimator__max_leaf_nodes': 2, 'classifier__estimator__min_impurity_decrease': np.float64(0.09477450948691084), 'classifier__estimator__min_samples_leaf': 6, 'classifier__estimator__min_samples_split': 7, 'classifier__max_features': np.float64(0.9223500534546738), 'classifier__max_samples': np.float64(0.8696690051795202), 'classifier__n_estimators': 702, 'feature_selection_filter__k': 28}",58.48402643203735,"[0, 1, 2, 3, 4, 5, 6, 7, 8, 9, 10, 11, 12, 14, 16, 17, 18, 19, 20, 21, 23, 24, 25, 26, 27, 28, 29, 30]","['Amount_log1p', 'V1', 'V2', 'V3', 'V4', 'V5', 'V6', 'V7', 'V8', 'V9', 'V10', 'V11', 'V12', 'V14', 'V16', 'V17', 'V18', 'V19', 'V20', 'V21', 'V23', 'V24', 'V25', 'V26', 'V27', 'V28', 'Time_sin', 'Time_cos']"
CostSensitiveLearning___RandomizedSearchCV__niter_30__cv_5,8,10,APosteriori,resubstitution,283,17673,34,58,0.9949024822695035,0.8927444794952681,0.8299120234604106,0.8601823708206687,0.9980798554244085,0.0019201445755915314,0.9139959394424095,0.9101200318586252,0.858182223555762,0.857589805298562,0.9664680220738787,0.853187480431531,22561,0.8585358063390001,0.010943048957806324,0.8638841025226173,0.03777583385970118,"{'classifier__estimator__ccp_alpha': np.float64(0.0024358809173762454), 'classifier__estimator__max_depth': 18, 'classifier__estimator__max_features': 'sqrt', 'classifier__estimator__max_leaf_nodes': 2, 'classifier__estimator__min_impurity_decrease': np.float64(0.06773634869256275), 'classifier__estimator__min_samples_leaf': 8, 'classifier__estimator__min_samples_split': 8, 'classifier__max_features': np.float64(0.7875088592659909), 'classifier__max_samples': np.float64(0.5517157451630026), 'classifier__n_estimators': 380, 'feature_selection_filter__k': 26}",48.93514800071716,"[0, 1, 2, 3, 4, 5, 6, 7, 8, 9, 10, 11, 12, 14, 16, 17, 18, 19, 20, 21, 23, 24, 27, 28, 29, 30]","['Amount_log1p', 'V1', 'V2', 'V3', 'V4', 'V5', 'V6', 'V7', 'V8', 'V9', 'V10', 'V11', 'V12', 'V14', 'V16', 'V17', 'V18', 'V19', 'V20', 'V21', 'V23', 'V24', 'V27', 'V28', 'Time_sin', 'Time_cos']"
CostSensitiveLearning___RandomizedSearchCV__niter_30__cv_5,9,1,APosteriori,resubstitution,280,17687,20,61,0.9955119680851063,0.9333333333333333,0.8211143695014663,0.8736349453978159,0.9988705031908285,0.0011294968091715152,0.9099924363461473,0.9056417191368502,0.8732129870635081,0.8713598742996408,0.961268030752124,0.8580632132760246,22560,0.8709422241621768,0.009653123384009936,0.8673434746646528,0.03896731987322956,"{'classifier__estimator__ccp_alpha': np.float64(0.007770428779888943), 'classifier__estimator__max_depth': 19, 'classifier__estimator__max_features': 'log2', 'classifier__estimator__max_leaf_nodes': 2, 'classifier__estimator__min_impurity_decrease': np.float64(0.09179762562879187), 'classifier__estimator__min_samples_leaf': 7, 'classifier__estimator__min_samples_split': 4, 'classifier__max_features': np.float64(0.5676327010765261), 'classifier__max_samples': np.float64(0.843769247135871), 'classifier__n_estimators': 305, 'feature_selection_filter__k': 20}",40.94084548950195,"[1, 2, 3, 4, 5, 6, 7, 8, 9, 10, 11, 12, 14, 16, 17, 18, 19, 20, 21, 27]","['V1', 'V2', 'V3', 'V4', 'V5', 'V6', 'V7', 'V8', 'V9', 'V10', 'V11', 'V12', 'V14', 'V16', 'V17', 'V18', 'V19', 'V20', 'V21', 'V27']"
CostSensitiveLearning___RandomizedSearchCV__niter_30__cv_5,9,2,APosteriori,resubstitution,295,17685,22,46,0.9962322695035462,0.9305993690851735,0.8651026392961877,0.8966565349544073,0.9987575535099114,0.0012424464900886445,0.9319300964030495,0.9295309545993763,0.8953583724784041,0.8947402908728501,0.9711364708723143,0.8835414192970694,22560,0.8983716180799348,0.00938783147673602,0.9005356944157434,0.03629445822337171,"{'classifier__estimator__ccp_alpha': np.float64(0.0009050987710635695), 'classifier__estimator__max_depth': 18, 'classifier__estimator__max_features': 'sqrt', 'classifier__estimator__max_leaf_nodes': 5, 'classifier__estimator__min_impurity_decrease': np.float64(0.09960863273678255), 'classifier__estimator__min_samples_leaf': 8, 'classifier__estimator__min_samples_split': 9, 'classifier__max_features': np.float64(0.9602505941042128), 'classifier__max_samples': np.float64(0.6519820492708461), 'classifier__n_estimators': 434, 'feature_selection_filter__k': 'all'}",46.798097133636475,"[0, 1, 2, 3, 4, 5, 6, 7, 8, 9, 10, 11, 12, 13, 14, 15, 16, 17, 18, 19, 20, 21, 22, 23, 24, 25, 26, 27, 28, 29, 30]","['Amount_log1p', 'V1', 'V2', 'V3', 'V4', 'V5', 'V6', 'V7', 'V8', 'V9', 'V10', 'V11', 'V12', 'V13', 'V14', 'V15', 'V16', 'V17', 'V18', 'V19', 'V20', 'V21', 'V22', 'V23', 'V24', 'V25', 'V26', 'V27', 'V28', 'Time_sin', 'Time_cos']"
CostSensitiveLearning___RandomizedSearchCV__niter_30__cv_5,9,3,APosteriori,resubstitution,285,17678,29,56,0.9952903368794326,0.9076433121019108,0.8357771260997068,0.8702290076335878,0.9983622296267013,0.0016377703732987081,0.917069677863204,0.9134595311692247,0.8686005884918198,0.8678348059133861,0.9608010782222912,0.8532225403419618,22560,0.8762219666775287,0.008742620595649725,0.8733351377976841,0.020020762664317755,"{'classifier__estimator__ccp_alpha': np.float64(0.0032618422431659466), 'classifier__estimator__max_depth': 10, 'classifier__estimator__max_features': 'sqrt', 'classifier__estimator__max_leaf_nodes': 2, 'classifier__estimator__min_impurity_decrease': np.float64(0.09120165307726238), 'classifier__estimator__min_samples_leaf': 9, 'classifier__estimator__min_samples_split': 7, 'classifier__max_features': np.float64(0.6227258409437091), 'classifier__max_samples': np.float64(0.9189779058111938), 'classifier__n_estimators': 510, 'feature_selection_filter__k': 20}",41.88214945793152,"[1, 2, 3, 4, 5, 6, 7, 8, 9, 10, 11, 12, 14, 16, 17, 18, 19, 20, 21, 27]","['V1', 'V2', 'V3', 'V4', 'V5', 'V6', 'V7', 'V8', 'V9', 'V10', 'V11', 'V12', 'V14', 'V16', 'V17', 'V18', 'V19', 'V20', 'V21', 'V27']"
CostSensitiveLearning___RandomizedSearchCV__niter_30__cv_5,9,4,APosteriori,resubstitution,285,17687,20,56,0.9957890070921985,0.9344262295081968,0.8357771260997068,0.8823529411764706,0.9988705031908285,0.0011294968091715152,0.9173238146452676,0.913692026069287,0.881636174301646,0.88021585542151,0.9661642834891249,0.8681836277295895,22560,0.8867137208735663,0.006516312499683557,0.8871308933002482,0.006298833980943209,"{'classifier__estimator__ccp_alpha': np.float64(0.009587159925023316), 'classifier__estimator__max_depth': 5, 'classifier__estimator__max_features': 'log2', 'classifier__estimator__max_leaf_nodes': 2, 'classifier__estimator__min_impurity_decrease': np.float64(0.009324699729944775), 'classifier__estimator__min_samples_leaf': 9, 'classifier__estimator__min_samples_split': 8, 'classifier__max_features': np.float64(0.7199586401092226), 'classifier__max_samples': np.float64(0.5238676068762245), 'classifier__n_estimators': 886, 'feature_selection_filter__k': 22}",51.23198103904724,"[1, 2, 3, 4, 5, 6, 7, 8, 9, 10, 11, 12, 14, 16, 17, 18, 19, 20, 21, 27, 28, 29]","['V1', 'V2', 'V3', 'V4', 'V5', 'V6', 'V7', 'V8', 'V9', 'V10', 'V11', 'V12', 'V14', 'V16', 'V17', 'V18', 'V19', 'V20', 'V21', 'V27', 'V28', 'Time_sin']"
CostSensitiveLearning___RandomizedSearchCV__niter_30__cv_5,9,5,APosteriori,resubstitution,283,17666,42,57,0.9945146276595744,0.8707692307692307,0.8323529411764706,0.8511278195488722,0.9976281906482946,0.002371809351705445,0.9149905659123826,0.9112512050398994,0.8485591787067263,0.8483351045588969,0.9706356548718427,0.8573869529128041,22560,0.8664314623902231,0.008791941800311297,0.8652111003438033,0.025912654223700995,"{'classifier__estimator__ccp_alpha': np.float64(0.008711015882686407), 'classifier__estimator__max_depth': 6, 'classifier__estimator__max_features': 'log2', 'classifier__estimator__max_leaf_nodes': 15, 'classifier__estimator__min_impurity_decrease': np.float64(0.07030769435257915), 'classifier__estimator__min_samples_leaf': 9, 'classifier__estimator__min_samples_split': 2, 'classifier__max_features': np.float64(0.5710130682583562), 'classifier__max_samples': np.float64(0.5387648717447489), 'classifier__n_estimators': 395, 'feature_selection_filter__k': 24}",43.29385185241699,"[0, 1, 2, 3, 4, 5, 6, 7, 8, 9, 10, 11, 12, 14, 16, 17, 18, 19, 20, 21, 24, 27, 28, 29]","['Amount_log1p', 'V1', 'V2', 'V3', 'V4', 'V5', 'V6', 'V7', 'V8', 'V9', 'V10', 'V11', 'V12', 'V14', 'V16', 'V17', 'V18', 'V19', 'V20', 'V21', 'V24', 'V27', 'V28', 'Time_sin']"
CostSensitiveLearning___RandomizedSearchCV__niter_30__cv_5,9,6,APosteriori,resubstitution,280,17683,25,60,0.9952903368794326,0.9180327868852459,0.8235294117647058,0.8682170542635659,0.9985882087192229,0.0014117912807770638,0.9110588102419643,0.9068443968629419,0.8671509930622885,0.8658265667036339,0.9608135737918388,0.8599612650356104,22560,0.8753204320203292,0.007833842956667194,0.8751105977871381,0.016118070864030828,"{'classifier__estimator__ccp_alpha': np.float64(0.008814546781585537), 'classifier__estimator__max_depth': 6, 'classifier__estimator__max_features': 'log2', 'classifier__estimator__max_leaf_nodes': 2, 'classifier__estimator__min_impurity_decrease': np.float64(0.024214362502813603), 'classifier__estimator__min_samples_leaf': 8, 'classifier__estimator__min_samples_split': 5, 'classifier__max_features': np.float64(0.743553220207448), 'classifier__max_samples': np.float64(0.517590449598144), 'classifier__n_estimators': 396, 'feature_selection_filter__k': 26}",52.231029748916626,"[0, 1, 2, 3, 4, 5, 6, 7, 8, 9, 10, 11, 12, 14, 16, 17, 18, 19, 20, 21, 22, 23, 24, 27, 28, 29]","['Amount_log1p', 'V1', 'V2', 'V3', 'V4', 'V5', 'V6', 'V7', 'V8', 'V9', 'V10', 'V11', 'V12', 'V14', 'V16', 'V17', 'V18', 'V19', 'V20', 'V21', 'V22', 'V23', 'V24', 'V27', 'V28', 'Time_sin']"
CostSensitiveLearning___RandomizedSearchCV__niter_30__cv_5,9,7,APosteriori,resubstitution,285,17687,21,55,0.9957890070921985,0.9313725490196079,0.8382352941176471,0.8823529411764706,0.9988140953241473,0.001185904675852667,0.9185246947208972,0.91500886714987,0.8814816956853024,0.880215123176043,0.9739393295154068,0.8617362848179165,22560,0.8839254023184917,0.011537184418598957,0.8870099121132584,0.030218869112973393,"{'classifier__estimator__ccp_alpha': np.float64(0.00919205333014479), 'classifier__estimator__max_depth': 12, 'classifier__estimator__max_features': 'sqrt', 'classifier__estimator__max_leaf_nodes': 2, 'classifier__estimator__min_impurity_decrease': np.float64(0.04987544715227104), 'classifier__estimator__min_samples_leaf': 2, 'classifier__estimator__min_samples_split': 3, 'classifier__max_features': np.float64(0.5856798158415657), 'classifier__max_samples': np.float64(0.524573469766265), 'classifier__n_estimators': 661, 'feature_selection_filter__k': 20}",53.26310658454895,"[1, 2, 3, 4, 5, 6, 7, 8, 9, 10, 11, 12, 14, 16, 17, 18, 19, 20, 21, 27]","['V1', 'V2', 'V3', 'V4', 'V5', 'V6', 'V7', 'V8', 'V9', 'V10', 'V11', 'V12', 'V14', 'V16', 'V17', 'V18', 'V19', 'V20', 'V21', 'V27']"
CostSensitiveLearning___RandomizedSearchCV__niter_30__cv_5,9,8,APosteriori,resubstitution,279,17684,23,62,0.9952903368794326,0.9238410596026491,0.8181818181818182,0.8678071539657853,0.9987010786694528,0.0012989213305472092,0.9084414484256356,0.9039463835681384,0.8670732266684751,0.8654185930221338,0.9640193988592746,0.8497709891815622,22561,0.8707159462687656,0.006477544754235171,0.8684143969798853,0.024887829536573904,"{'classifier__estimator__ccp_alpha': np.float64(0.0045765205326954465), 'classifier__estimator__max_depth': 15, 'classifier__estimator__max_features': 'sqrt', 'classifier__estimator__max_leaf_nodes': 2, 'classifier__estimator__min_impurity_decrease': np.float64(0.06495532537535305), 'classifier__estimator__min_samples_leaf': 9, 'classifier__estimator__min_samples_split': 2, 'classifier__max_features': np.float64(0.5478873654953178), 'classifier__max_samples': np.float64(0.6156901162069068), 'classifier__n_estimators': 852, 'feature_selection_filter__k': 26}",46.39666795730591,"[0, 1, 2, 3, 4, 5, 6, 7, 8, 9, 10, 11, 12, 14, 16, 17, 18, 19, 20, 21, 22, 24, 27, 28, 29, 30]","['Amount_log1p', 'V1', 'V2', 'V3', 'V4', 'V5', 'V6', 'V7', 'V8', 'V9', 'V10', 'V11', 'V12', 'V14', 'V16', 'V17', 'V18', 'V19', 'V20', 'V21', 'V22', 'V24', 'V27', 'V28', 'Time_sin', 'Time_cos']"
CostSensitiveLearning___RandomizedSearchCV__niter_30__cv_5,9,9,APosteriori,resubstitution,279,17684,23,62,0.9952903368794326,0.9238410596026491,0.8181818181818182,0.8678071539657853,0.9987010786694528,0.0012989213305472092,0.9084414484256356,0.9039463835681384,0.8670732266684751,0.8654185930221338,0.9648296720467924,0.8709099773022859,22561,0.8638908471415074,0.012027674118332311,0.8635576923076924,0.035178906654027495,"{'classifier__estimator__ccp_alpha': np.float64(0.006744962736569601), 'classifier__estimator__max_depth': 3, 'classifier__estimator__max_features': 'log2', 'classifier__estimator__max_leaf_nodes': 2, 'classifier__estimator__min_impurity_decrease': np.float64(0.06009155607295844), 'classifier__estimator__min_samples_leaf': 1, 'classifier__estimator__min_samples_split': 6, 'classifier__max_features': np.float64(0.6957156297923954), 'classifier__max_samples': np.float64(0.526634317582307), 'classifier__n_estimators': 898, 'feature_selection_filter__k': 22}",58.48681163787842,"[1, 2, 3, 4, 5, 6, 7, 8, 9, 10, 11, 12, 14, 16, 17, 18, 19, 20, 21, 27, 28, 29]","['V1', 'V2', 'V3', 'V4', 'V5', 'V6', 'V7', 'V8', 'V9', 'V10', 'V11', 'V12', 'V14', 'V16', 'V17', 'V18', 'V19', 'V20', 'V21', 'V27', 'V28', 'Time_sin']"
CostSensitiveLearning___RandomizedSearchCV__niter_30__cv_5,9,10,APosteriori,resubstitution,305,17659,48,36,0.995345744680851,0.8640226628895185,0.8944281524926686,0.8789625360230547,0.9972892076579883,0.0027107923420116586,0.9458586800753285,0.9444593921955627,0.8767267722363509,0.8765905120294848,0.9968728506230534,0.9256686160405594,22561,0.8981294891880376,0.019123646458156802,0.8597378526218231,0.03458184232048198,"{'classifier__estimator__ccp_alpha': np.float64(0.0024707865063720337), 'classifier__estimator__max_depth': 8, 'classifier__estimator__max_features': 'log2', 'classifier__estimator__max_leaf_nodes': 19, 'classifier__estimator__min_impurity_decrease': np.float64(0.001516261710851341), 'classifier__estimator__min_samples_leaf': 6, 'classifier__estimator__min_samples_split': 8, 'classifier__max_features': np.float64(0.5238719066705645), 'classifier__max_samples': np.float64(0.6172992700894562), 'classifier__n_estimators': 172, 'feature_selection_filter__k': 'all'}",37.90668439865112,"[0, 1, 2, 3, 4, 5, 6, 7, 8, 9, 10, 11, 12, 13, 14, 15, 16, 17, 18, 19, 20, 21, 22, 23, 24, 25, 26, 27, 28, 29, 30]","['Amount_log1p', 'V1', 'V2', 'V3', 'V4', 'V5', 'V6', 'V7', 'V8', 'V9', 'V10', 'V11', 'V12', 'V13', 'V14', 'V15', 'V16', 'V17', 'V18', 'V19', 'V20', 'V21', 'V22', 'V23', 'V24', 'V25', 'V26', 'V27', 'V28', 'Time_sin', 'Time_cos']"
CostSensitiveLearning___RandomizedSearchCV__niter_30__cv_5,10,1,APosteriori,resubstitution,285,17680,27,56,0.9954011524822695,0.9134615384615384,0.8357771260997068,0.8728943338437979,0.9984751793076184,0.0015248206923815788,0.9171261527036626,0.9135112018161631,0.8714489712547735,0.8705572492171136,0.9696314412163985,0.8593022663369192,22560,0.875162952207913,0.011991532059648978,0.871442381522215,0.04623681753298263,"{'classifier__estimator__ccp_alpha': np.float64(0.008248226204894193), 'classifier__estimator__max_depth': 9, 'classifier__estimator__max_features': 'sqrt', 'classifier__estimator__max_leaf_nodes': 2, 'classifier__estimator__min_impurity_decrease': np.float64(0.08615461677346153), 'classifier__estimator__min_samples_leaf': 4, 'classifier__estimator__min_samples_split': 7, 'classifier__max_features': np.float64(0.5532556233852026), 'classifier__max_samples': np.float64(0.6001168400726526), 'classifier__n_estimators': 986, 'feature_selection_filter__k': 'all'}",49.46084475517273,"[0, 1, 2, 3, 4, 5, 6, 7, 8, 9, 10, 11, 12, 13, 14, 15, 16, 17, 18, 19, 20, 21, 22, 23, 24, 25, 26, 27, 28, 29, 30]","['Amount_log1p', 'V1', 'V2', 'V3', 'V4', 'V5', 'V6', 'V7', 'V8', 'V9', 'V10', 'V11', 'V12', 'V13', 'V14', 'V15', 'V16', 'V17', 'V18', 'V19', 'V20', 'V21', 'V22', 'V23', 'V24', 'V25', 'V26', 'V27', 'V28', 'Time_sin', 'Time_cos']"
CostSensitiveLearning___RandomizedSearchCV__niter_30__cv_5,10,2,APosteriori,resubstitution,277,17672,35,64,0.9945146276595744,0.8878205128205128,0.8123167155425219,0.8483920367534457,0.9980233805839499,0.001976619416050096,0.9051700480632359,0.9003949547562995,0.8464705923600887,0.8456044297890873,0.9642393360678638,0.8626011494614643,22560,0.8499405730302818,0.010848469003683883,0.8532917658636754,0.03659863026148792,"{'classifier__estimator__ccp_alpha': np.float64(0.0034372672029863494), 'classifier__estimator__max_depth': 12, 'classifier__estimator__max_features': 'sqrt', 'classifier__estimator__max_leaf_nodes': 4, 'classifier__estimator__min_impurity_decrease': np.float64(0.07502454360610183), 'classifier__estimator__min_samples_leaf': 3, 'classifier__estimator__min_samples_split': 7, 'classifier__max_features': np.float64(0.6449620065388821), 'classifier__max_samples': np.float64(0.5305754173977066), 'classifier__n_estimators': 432, 'feature_selection_filter__k': 22}",43.255680561065674,"[0, 1, 2, 3, 4, 5, 6, 7, 8, 9, 10, 11, 12, 14, 16, 17, 18, 19, 20, 21, 27, 29]","['Amount_log1p', 'V1', 'V2', 'V3', 'V4', 'V5', 'V6', 'V7', 'V8', 'V9', 'V10', 'V11', 'V12', 'V14', 'V16', 'V17', 'V18', 'V19', 'V20', 'V21', 'V27', 'Time_sin']"
CostSensitiveLearning___RandomizedSearchCV__niter_30__cv_5,10,3,APosteriori,resubstitution,279,17676,31,62,0.9948470744680851,0.9,0.8181818181818182,0.8571428571428571,0.9982492799457842,0.0017507200542158374,0.9082155490638012,0.903741893941369,0.8555315889737315,0.8545251324599397,0.9608351121803975,0.8603265860850038,22560,0.8569446817793496,0.012340381467819624,0.8521548036855222,0.04700166644381482,"{'classifier__estimator__ccp_alpha': np.float64(0.008114036263085848), 'classifier__estimator__max_depth': 18, 'classifier__estimator__max_features': 'sqrt', 'classifier__estimator__max_leaf_nodes': 7, 'classifier__estimator__min_impurity_decrease': np.float64(0.08747629125809048), 'classifier__estimator__min_samples_leaf': 4, 'classifier__estimator__min_samples_split': 8, 'classifier__max_features': np.float64(0.5280109794384367), 'classifier__max_samples': np.float64(0.5952547200333038), 'classifier__n_estimators': 443, 'feature_selection_filter__k': 28}",39.383071422576904,"[0, 1, 2, 3, 4, 5, 6, 7, 8, 9, 10, 11, 12, 14, 15, 16, 17, 18, 19, 20, 21, 22, 23, 24, 26, 27, 28, 29]","['Amount_log1p', 'V1', 'V2', 'V3', 'V4', 'V5', 'V6', 'V7', 'V8', 'V9', 'V10', 'V11', 'V12', 'V14', 'V15', 'V16', 'V17', 'V18', 'V19', 'V20', 'V21', 'V22', 'V23', 'V24', 'V26', 'V27', 'V28', 'Time_sin']"
CostSensitiveLearning___RandomizedSearchCV__niter_30__cv_5,10,4,APosteriori,resubstitution,282,17686,21,59,0.9955673758865248,0.9306930693069307,0.8269794721407625,0.8757763975155279,0.9988140283503699,0.0011859716496300798,0.9128967502455663,0.9088447050690109,0.8751083493414584,0.8735278242465618,0.9709258909320121,0.8571126580416166,22560,0.8723215507909098,0.010347125093671423,0.8772153363901387,0.029845347693361966,"{'classifier__estimator__ccp_alpha': np.float64(0.005152055121560547), 'classifier__estimator__max_depth': 5, 'classifier__estimator__max_features': 'sqrt', 'classifier__estimator__max_leaf_nodes': 2, 'classifier__estimator__min_impurity_decrease': np.float64(0.04915458725166936), 'classifier__estimator__min_samples_leaf': 4, 'classifier__estimator__min_samples_split': 2, 'classifier__max_features': np.float64(0.9565540883633301), 'classifier__max_samples': np.float64(0.5557853729960219), 'classifier__n_estimators': 145, 'feature_selection_filter__k': 24}",38.80370497703552,"[0, 1, 2, 3, 4, 5, 6, 7, 8, 9, 10, 11, 12, 14, 16, 17, 18, 19, 20, 21, 24, 27, 28, 29]","['Amount_log1p', 'V1', 'V2', 'V3', 'V4', 'V5', 'V6', 'V7', 'V8', 'V9', 'V10', 'V11', 'V12', 'V14', 'V16', 'V17', 'V18', 'V19', 'V20', 'V21', 'V24', 'V27', 'V28', 'Time_sin']"
CostSensitiveLearning___RandomizedSearchCV__niter_30__cv_5,10,5,APosteriori,resubstitution,287,17678,30,53,0.9954011524822695,0.9053627760252366,0.8441176470588235,0.8736681887366818,0.9983058504630675,0.0016941495369324766,0.9212117487609455,0.9179801662007422,0.871883464403689,0.8713290596029403,0.9710971445275648,0.8625812226388884,22560,0.8784434819171281,0.011813144257386077,0.8759330638659586,0.03276854285593937,"{'classifier__estimator__ccp_alpha': np.float64(0.008115372919538585), 'classifier__estimator__max_depth': 14, 'classifier__estimator__max_features': 'log2', 'classifier__estimator__max_leaf_nodes': 11, 'classifier__estimator__min_impurity_decrease': np.float64(0.09129679363087428), 'classifier__estimator__min_samples_leaf': 3, 'classifier__estimator__min_samples_split': 7, 'classifier__max_features': np.float64(0.6795460820342847), 'classifier__max_samples': np.float64(0.6235680454184066), 'classifier__n_estimators': 962, 'feature_selection_filter__k': 22}",51.19990396499634,"[1, 2, 3, 4, 5, 6, 7, 8, 9, 10, 11, 12, 14, 16, 17, 18, 19, 20, 21, 23, 27, 29]","['V1', 'V2', 'V3', 'V4', 'V5', 'V6', 'V7', 'V8', 'V9', 'V10', 'V11', 'V12', 'V14', 'V16', 'V17', 'V18', 'V19', 'V20', 'V21', 'V23', 'V27', 'Time_sin']"
CostSensitiveLearning___RandomizedSearchCV__niter_30__cv_5,10,6,APosteriori,resubstitution,283,17681,27,57,0.995345744680851,0.9129032258064517,0.8323529411764706,0.8707692307692307,0.9984752654167608,0.0015247345832392067,0.9154141032966157,0.9116379894791561,0.8693652473142697,0.8684045692857887,0.963200663707995,0.8522014080431064,22560,0.8677925281947783,0.008217924144675884,0.8624853146853146,0.013322275591437659,"{'classifier__estimator__ccp_alpha': np.float64(0.008920743073463142), 'classifier__estimator__max_depth': 10, 'classifier__estimator__max_features': 'sqrt', 'classifier__estimator__max_leaf_nodes': 2, 'classifier__estimator__min_impurity_decrease': np.float64(0.028144807840326483), 'classifier__estimator__min_samples_leaf': 7, 'classifier__estimator__min_samples_split': 2, 'classifier__max_features': np.float64(0.5440538490893121), 'classifier__max_samples': np.float64(0.8371882594699158), 'classifier__n_estimators': 424, 'feature_selection_filter__k': 22}",38.678616762161255,"[1, 2, 3, 4, 5, 6, 7, 8, 9, 10, 11, 12, 14, 16, 17, 18, 19, 20, 21, 27, 28, 29]","['V1', 'V2', 'V3', 'V4', 'V5', 'V6', 'V7', 'V8', 'V9', 'V10', 'V11', 'V12', 'V14', 'V16', 'V17', 'V18', 'V19', 'V20', 'V21', 'V27', 'V28', 'Time_sin']"
CostSensitiveLearning___RandomizedSearchCV__niter_30__cv_5,10,7,APosteriori,resubstitution,283,17682,26,57,0.9954011524822695,0.9158576051779935,0.8323529411764706,0.8721109399075501,0.9985317370679919,0.0014682629320080798,0.9154423391222313,0.9116637692738444,0.8708054914797863,0.8697748558814754,0.9666044094394025,0.86437963990102,22560,0.8757613883184376,0.005333637101359403,0.8799141845335428,0.014053519077747477,"{'classifier__estimator__ccp_alpha': np.float64(0.006894250047312968), 'classifier__estimator__max_depth': 16, 'classifier__estimator__max_features': 'log2', 'classifier__estimator__max_leaf_nodes': 2, 'classifier__estimator__min_impurity_decrease': np.float64(0.01127773036409021), 'classifier__estimator__min_samples_leaf': 7, 'classifier__estimator__min_samples_split': 2, 'classifier__max_features': np.float64(0.9596347518220645), 'classifier__max_samples': np.float64(0.8692179930740551), 'classifier__n_estimators': 312, 'feature_selection_filter__k': 'all'}",44.84583592414856,"[0, 1, 2, 3, 4, 5, 6, 7, 8, 9, 10, 11, 12, 13, 14, 15, 16, 17, 18, 19, 20, 21, 22, 23, 24, 25, 26, 27, 28, 29, 30]","['Amount_log1p', 'V1', 'V2', 'V3', 'V4', 'V5', 'V6', 'V7', 'V8', 'V9', 'V10', 'V11', 'V12', 'V13', 'V14', 'V15', 'V16', 'V17', 'V18', 'V19', 'V20', 'V21', 'V22', 'V23', 'V24', 'V25', 'V26', 'V27', 'V28', 'Time_sin', 'Time_cos']"
CostSensitiveLearning___RandomizedSearchCV__niter_30__cv_5,10,8,APosteriori,resubstitution,289,17689,18,52,0.9961214539007093,0.9413680781758957,0.8475073313782991,0.8919753086419753,0.9989834528717456,0.0010165471282543859,0.9232453921250223,0.9201335773866814,0.8912790160244646,0.8900061206383921,0.9644303733947523,0.8625946577791838,22561,0.8918187856348954,0.006844075233576294,0.8924958040261946,0.01893537168079872,"{'classifier__estimator__ccp_alpha': np.float64(0.003065712212056533), 'classifier__estimator__max_depth': 17, 'classifier__estimator__max_features': 'sqrt', 'classifier__estimator__max_leaf_nodes': 2, 'classifier__estimator__min_impurity_decrease': np.float64(0.06702728480466999), 'classifier__estimator__min_samples_leaf': 8, 'classifier__estimator__min_samples_split': 6, 'classifier__max_features': np.float64(0.5669953672264545), 'classifier__max_samples': np.float64(0.770403557791939), 'classifier__n_estimators': 886, 'feature_selection_filter__k': 28}",49.1141414642334,"[0, 1, 2, 3, 4, 5, 6, 7, 8, 9, 10, 11, 12, 13, 14, 16, 17, 18, 19, 20, 21, 22, 23, 24, 27, 28, 29, 30]","['Amount_log1p', 'V1', 'V2', 'V3', 'V4', 'V5', 'V6', 'V7', 'V8', 'V9', 'V10', 'V11', 'V12', 'V13', 'V14', 'V16', 'V17', 'V18', 'V19', 'V20', 'V21', 'V22', 'V23', 'V24', 'V27', 'V28', 'Time_sin', 'Time_cos']"
CostSensitiveLearning___RandomizedSearchCV__niter_30__cv_5,10,9,APosteriori,resubstitution,287,17674,33,54,0.9951795212765957,0.896875,0.841642228739003,0.8683812405446294,0.998136330264867,0.0018636697351329667,0.919889279501935,0.9165553368943373,0.8663823667194166,0.8659285651831774,0.9709590140055948,0.8767036664525051,22561,0.8774528196913263,0.010302711435993763,0.8820061123325459,0.03349430089958495,"{'classifier__estimator__ccp_alpha': np.float64(0.006218898847113734), 'classifier__estimator__max_depth': 19, 'classifier__estimator__max_features': 'sqrt', 'classifier__estimator__max_leaf_nodes': 2, 'classifier__estimator__min_impurity_decrease': np.float64(0.0651732447984027), 'classifier__estimator__min_samples_leaf': 4, 'classifier__estimator__min_samples_split': 4, 'classifier__max_features': np.float64(0.8368946620957987), 'classifier__max_samples': np.float64(0.6699182027601027), 'classifier__n_estimators': 497, 'feature_selection_filter__k': 28}",47.31769800186157,"[1, 2, 3, 4, 5, 6, 7, 8, 9, 10, 11, 12, 14, 16, 17, 18, 19, 20, 21, 22, 23, 24, 25, 26, 27, 28, 29, 30]","['V1', 'V2', 'V3', 'V4', 'V5', 'V6', 'V7', 'V8', 'V9', 'V10', 'V11', 'V12', 'V14', 'V16', 'V17', 'V18', 'V19', 'V20', 'V21', 'V22', 'V23', 'V24', 'V25', 'V26', 'V27', 'V28', 'Time_sin', 'Time_cos']"
CostSensitiveLearning___RandomizedSearchCV__niter_30__cv_5,10,10,APosteriori,resubstitution,285,17688,19,56,0.995844414893617,0.9375,0.8357771260997068,0.8837209302325582,0.998926978031287,0.0010730219687129505,0.917352052065497,0.9137178551842216,0.8831199094578405,0.8816124220195297,0.9676203738038223,0.8574776709039654,22561,0.8725487198438829,0.00827785714021147,0.8726411227910434,0.041662186768635597,"{'classifier__estimator__ccp_alpha': np.float64(0.0030362740863907533), 'classifier__estimator__max_depth': 14, 'classifier__estimator__max_features': 'sqrt', 'classifier__estimator__max_leaf_nodes': 2, 'classifier__estimator__min_impurity_decrease': np.float64(0.04056386159748885), 'classifier__estimator__min_samples_leaf': 4, 'classifier__estimator__min_samples_split': 2, 'classifier__max_features': np.float64(0.8458267355796325), 'classifier__max_samples': np.float64(0.922185610041542), 'classifier__n_estimators': 613, 'feature_selection_filter__k': 24}",48.03476071357727,"[0, 1, 2, 3, 4, 5, 6, 7, 8, 9, 10, 11, 12, 14, 16, 17, 18, 19, 20, 21, 24, 27, 28, 29]","['Amount_log1p', 'V1', 'V2', 'V3', 'V4', 'V5', 'V6', 'V7', 'V8', 'V9', 'V10', 'V11', 'V12', 'V14', 'V16', 'V17', 'V18', 'V19', 'V20', 'V21', 'V24', 'V27', 'V28', 'Time_sin']"
