experiment_name,iteration,fold,model,split,tp,tn,fp,fn,accuracy,precision,recall,f1,specificity,fpr,balanced_accuracy,geometric_mean,mcc,kappa,roc_auc,average_precision,fold_size,cv_tuning_mean_train_score,cv_tuning_std_train_score,cv_tuning_mean_val_score,cv_tuning_std_val_score,best_params,tuning_time,selected_features_indices,selected_features_names
CostSensitiveLearning_with_RandomUnderSampler___RandomizedSearchCV__niter_30__cv_5,1,1,APosteriori,resubstitution,283,17676,31,58,0.9950687056737588,0.9012738853503185,0.8299120234604106,0.8641221374045801,0.9982492799457842,0.0017507200542158374,0.9140806517030974,0.9101972752308719,0.8623755617888772,0.8616152673681338,0.9659086561687502,0.8580856521396871,22560,0.8673388152224579,0.006657210985153129,0.8657145521428203,0.02533986676443672,"{'classifier__estimator__ccp_alpha': np.float64(0.006957843993450822), 'classifier__estimator__max_depth': 9, 'classifier__estimator__max_features': 'log2', 'classifier__estimator__max_leaf_nodes': 17, 'classifier__estimator__min_impurity_decrease': np.float64(0.08172222002012158), 'classifier__estimator__min_samples_leaf': 9, 'classifier__estimator__min_samples_split': 5, 'classifier__max_features': np.float64(0.7648252891780032), 'classifier__max_samples': np.float64(0.6209261454502258), 'classifier__n_estimators': 403, 'feature_selection_filter__k': 'all'}",28.108010053634644,"[0, 1, 2, 3, 4, 5, 6, 7, 8, 9, 10, 11, 12, 13, 14, 15, 16, 17, 18, 19, 20, 21, 22, 23, 24, 25, 26, 27, 28, 29, 30]","['Amount_log1p', 'V1', 'V2', 'V3', 'V4', 'V5', 'V6', 'V7', 'V8', 'V9', 'V10', 'V11', 'V12', 'V13', 'V14', 'V15', 'V16', 'V17', 'V18', 'V19', 'V20', 'V21', 'V22', 'V23', 'V24', 'V25', 'V26', 'V27', 'V28', 'Time_sin', 'Time_cos']"
CostSensitiveLearning_with_RandomUnderSampler___RandomizedSearchCV__niter_30__cv_5,1,2,APosteriori,resubstitution,283,17676,31,58,0.9950687056737588,0.9012738853503185,0.8299120234604106,0.8641221374045801,0.9982492799457842,0.0017507200542158374,0.9140806517030974,0.9101972752308719,0.8623755617888772,0.8616152673681338,0.9639230935228327,0.8547756886999377,22560,0.8776258988629546,0.008024280050488115,0.8765070552662252,0.028995562654165658,"{'classifier__estimator__ccp_alpha': np.float64(0.001396923220343891), 'classifier__estimator__max_depth': 11, 'classifier__estimator__max_features': 'log2', 'classifier__estimator__max_leaf_nodes': 2, 'classifier__estimator__min_impurity_decrease': np.float64(0.02980035006887627), 'classifier__estimator__min_samples_leaf': 1, 'classifier__estimator__min_samples_split': 8, 'classifier__max_features': np.float64(0.7377981835036266), 'classifier__max_samples': np.float64(0.8181868387857614), 'classifier__n_estimators': 633, 'feature_selection_filter__k': 20}",24.964954137802124,"[1, 2, 3, 4, 5, 6, 7, 8, 9, 10, 11, 12, 14, 16, 17, 18, 19, 20, 21, 27]","['V1', 'V2', 'V3', 'V4', 'V5', 'V6', 'V7', 'V8', 'V9', 'V10', 'V11', 'V12', 'V14', 'V16', 'V17', 'V18', 'V19', 'V20', 'V21', 'V27']"
CostSensitiveLearning_with_RandomUnderSampler___RandomizedSearchCV__niter_30__cv_5,1,3,APosteriori,resubstitution,284,17681,26,57,0.9954011524822695,0.9161290322580645,0.8328445747800587,0.8725038402457758,0.998531654148077,0.0014683458519230141,0.9156881144640678,0.9119329311431755,0.8711924714787266,0.8701675913352149,0.9632975642782227,0.8596207116296589,22560,0.8732588854311139,0.008432194720546305,0.8717719597762417,0.02519430965365858,"{'classifier__estimator__ccp_alpha': np.float64(0.006324318250021736), 'classifier__estimator__max_depth': 9, 'classifier__estimator__max_features': 'sqrt', 'classifier__estimator__max_leaf_nodes': 2, 'classifier__estimator__min_impurity_decrease': np.float64(0.049363527259971944), 'classifier__estimator__min_samples_leaf': 8, 'classifier__estimator__min_samples_split': 9, 'classifier__max_features': np.float64(0.5091275538414759), 'classifier__max_samples': np.float64(0.5914518603702831), 'classifier__n_estimators': 789, 'feature_selection_filter__k': 22}",28.113471746444702,"[1, 2, 3, 4, 5, 6, 7, 8, 9, 10, 11, 12, 14, 16, 17, 18, 19, 20, 21, 27, 28, 29]","['V1', 'V2', 'V3', 'V4', 'V5', 'V6', 'V7', 'V8', 'V9', 'V10', 'V11', 'V12', 'V14', 'V16', 'V17', 'V18', 'V19', 'V20', 'V21', 'V27', 'V28', 'Time_sin']"
CostSensitiveLearning_with_RandomUnderSampler___RandomizedSearchCV__niter_30__cv_5,1,4,APosteriori,resubstitution,281,17667,40,60,0.994459219858156,0.8753894080996885,0.8240469208211144,0.8489425981873112,0.997741006381657,0.0022589936183430304,0.9108939636013857,0.9067443984308722,0.8465240506472452,0.8461230739166845,0.9638949389102874,0.8608732680589659,22560,0.8581602537847115,0.012152894997309111,0.8616366853416318,0.024069678719365186,"{'classifier__estimator__ccp_alpha': np.float64(0.001845214033061683), 'classifier__estimator__max_depth': 7, 'classifier__estimator__max_features': 'log2', 'classifier__estimator__max_leaf_nodes': 6, 'classifier__estimator__min_impurity_decrease': np.float64(0.08794329043145037), 'classifier__estimator__min_samples_leaf': 8, 'classifier__estimator__min_samples_split': 2, 'classifier__max_features': np.float64(0.9171042866286259), 'classifier__max_samples': np.float64(0.7628731308041095), 'classifier__n_estimators': 420, 'feature_selection_filter__k': 'all'}",27.08039951324463,"[0, 1, 2, 3, 4, 5, 6, 7, 8, 9, 10, 11, 12, 13, 14, 15, 16, 17, 18, 19, 20, 21, 22, 23, 24, 25, 26, 27, 28, 29, 30]","['Amount_log1p', 'V1', 'V2', 'V3', 'V4', 'V5', 'V6', 'V7', 'V8', 'V9', 'V10', 'V11', 'V12', 'V13', 'V14', 'V15', 'V16', 'V17', 'V18', 'V19', 'V20', 'V21', 'V22', 'V23', 'V24', 'V25', 'V26', 'V27', 'V28', 'Time_sin', 'Time_cos']"
CostSensitiveLearning_with_RandomUnderSampler___RandomizedSearchCV__niter_30__cv_5,1,5,APosteriori,resubstitution,285,17670,38,55,0.9948470744680851,0.8823529411764706,0.8382352941176471,0.8597285067873304,0.9978540772532188,0.0021459227467811592,0.918044685685433,0.9145690274292286,0.8573981353116525,0.8571055927610192,0.9665188714970968,0.8480062084254812,22560,0.8570683291180788,0.0075244681885017145,0.8605197845440138,0.023670674510267338,"{'classifier__estimator__ccp_alpha': np.float64(0.008272879264946723), 'classifier__estimator__max_depth': 9, 'classifier__estimator__max_features': 'sqrt', 'classifier__estimator__max_leaf_nodes': 17, 'classifier__estimator__min_impurity_decrease': np.float64(0.08545448221086377), 'classifier__estimator__min_samples_leaf': 7, 'classifier__estimator__min_samples_split': 8, 'classifier__max_features': np.float64(0.6000633373350492), 'classifier__max_samples': np.float64(0.5415902489375268), 'classifier__n_estimators': 762, 'feature_selection_filter__k': 26}",29.953598737716675,"[0, 1, 2, 3, 4, 5, 6, 7, 8, 9, 10, 11, 12, 13, 14, 16, 17, 18, 19, 20, 21, 23, 24, 27, 28, 29]","['Amount_log1p', 'V1', 'V2', 'V3', 'V4', 'V5', 'V6', 'V7', 'V8', 'V9', 'V10', 'V11', 'V12', 'V13', 'V14', 'V16', 'V17', 'V18', 'V19', 'V20', 'V21', 'V23', 'V24', 'V27', 'V28', 'Time_sin']"
CostSensitiveLearning_with_RandomUnderSampler___RandomizedSearchCV__niter_30__cv_5,1,6,APosteriori,resubstitution,290,17680,28,50,0.9956781914893617,0.9119496855345912,0.8529411764705882,0.8814589665653495,0.9984187937655297,0.0015812062344703337,0.9256799851180589,0.9228176962784775,0.8797707399045704,0.8792604455276386,0.9671457068257617,0.8742943170878024,22560,0.8902775924138847,0.005297958876008429,0.8941198875920804,0.04182619389735587,"{'classifier__estimator__ccp_alpha': np.float64(0.0086718939612221), 'classifier__estimator__max_depth': 5, 'classifier__estimator__max_features': 'sqrt', 'classifier__estimator__max_leaf_nodes': 16, 'classifier__estimator__min_impurity_decrease': np.float64(0.07961610250089511), 'classifier__estimator__min_samples_leaf': 3, 'classifier__estimator__min_samples_split': 9, 'classifier__max_features': np.float64(0.548801384383002), 'classifier__max_samples': np.float64(0.6444986759327893), 'classifier__n_estimators': 357, 'feature_selection_filter__k': 28}",22.07819151878357,"[0, 1, 2, 3, 4, 5, 6, 7, 8, 9, 10, 11, 12, 13, 14, 16, 17, 18, 19, 20, 21, 23, 24, 25, 27, 28, 29, 30]","['Amount_log1p', 'V1', 'V2', 'V3', 'V4', 'V5', 'V6', 'V7', 'V8', 'V9', 'V10', 'V11', 'V12', 'V13', 'V14', 'V16', 'V17', 'V18', 'V19', 'V20', 'V21', 'V23', 'V24', 'V25', 'V27', 'V28', 'Time_sin', 'Time_cos']"
CostSensitiveLearning_with_RandomUnderSampler___RandomizedSearchCV__niter_30__cv_5,1,7,APosteriori,resubstitution,281,17686,22,59,0.9955119680851063,0.9273927392739274,0.8264705882352941,0.8740279937791602,0.9987576236729162,0.001242376327083794,0.9126141059541051,0.9085393776504349,0.8732507469139947,0.8717509806274752,0.9620015546313397,0.8488728742203172,22560,0.8788162082756484,0.010446203127637766,0.8765910864833156,0.028577033937080523,"{'classifier__estimator__ccp_alpha': np.float64(0.004401864942317294), 'classifier__estimator__max_depth': 18, 'classifier__estimator__max_features': 'log2', 'classifier__estimator__max_leaf_nodes': 2, 'classifier__estimator__min_impurity_decrease': np.float64(0.0771969229798149), 'classifier__estimator__min_samples_leaf': 7, 'classifier__estimator__min_samples_split': 8, 'classifier__max_features': np.float64(0.9815389586634518), 'classifier__max_samples': np.float64(0.5897327062430766), 'classifier__n_estimators': 701, 'feature_selection_filter__k': 28}",25.288344621658325,"[0, 1, 2, 3, 4, 5, 6, 7, 8, 9, 10, 11, 12, 13, 14, 16, 17, 18, 19, 20, 21, 22, 24, 25, 27, 28, 29, 30]","['Amount_log1p', 'V1', 'V2', 'V3', 'V4', 'V5', 'V6', 'V7', 'V8', 'V9', 'V10', 'V11', 'V12', 'V13', 'V14', 'V16', 'V17', 'V18', 'V19', 'V20', 'V21', 'V22', 'V24', 'V25', 'V27', 'V28', 'Time_sin', 'Time_cos']"
CostSensitiveLearning_with_RandomUnderSampler___RandomizedSearchCV__niter_30__cv_5,1,8,APosteriori,resubstitution,291,17681,26,50,0.9957890070921985,0.917981072555205,0.8533724340175953,0.8844984802431611,0.998531654148077,0.0014683458519230141,0.9259520440828362,0.923103129744429,0.8829663228375234,0.8823567956814207,0.9771352251135169,0.8744962531823813,22561,0.8744456490162449,0.008660332732975007,0.8710885115822584,0.01854256190178842,"{'classifier__estimator__ccp_alpha': np.float64(0.008760464464901155), 'classifier__estimator__max_depth': 10, 'classifier__estimator__max_features': 'log2', 'classifier__estimator__max_leaf_nodes': 3, 'classifier__estimator__min_impurity_decrease': np.float64(0.09702116299784462), 'classifier__estimator__min_samples_leaf': 3, 'classifier__estimator__min_samples_split': 3, 'classifier__max_features': np.float64(0.5085495037889202), 'classifier__max_samples': np.float64(0.8857922127644541), 'classifier__n_estimators': 625, 'feature_selection_filter__k': 20}",30.312776565551758,"[1, 2, 3, 4, 5, 6, 7, 8, 9, 10, 11, 12, 14, 16, 17, 18, 19, 20, 21, 27]","['V1', 'V2', 'V3', 'V4', 'V5', 'V6', 'V7', 'V8', 'V9', 'V10', 'V11', 'V12', 'V14', 'V16', 'V17', 'V18', 'V19', 'V20', 'V21', 'V27']"
CostSensitiveLearning_with_RandomUnderSampler___RandomizedSearchCV__niter_30__cv_5,1,9,APosteriori,resubstitution,284,17660,47,57,0.9942375886524822,0.8580060422960725,0.8328445747800587,0.8452380952380952,0.9973456824984469,0.002654317501553094,0.9150951286392528,0.9113912117467156,0.8423997437382239,0.8423028950018459,0.9621790808910173,0.8469242444511889,22561,0.8694239462586077,0.00453205143781708,0.8702622424176216,0.02778507946684238,"{'classifier__estimator__ccp_alpha': np.float64(0.009363027865997827), 'classifier__estimator__max_depth': 17, 'classifier__estimator__max_features': 'log2', 'classifier__estimator__max_leaf_nodes': 8, 'classifier__estimator__min_impurity_decrease': np.float64(0.07486200012742543), 'classifier__estimator__min_samples_leaf': 5, 'classifier__estimator__min_samples_split': 3, 'classifier__max_features': np.float64(0.6490508257268168), 'classifier__max_samples': np.float64(0.8011895867424118), 'classifier__n_estimators': 164, 'feature_selection_filter__k': 24}",25.532958030700684,"[0, 1, 2, 3, 4, 5, 6, 7, 8, 9, 10, 11, 12, 14, 16, 17, 18, 19, 20, 21, 23, 27, 28, 29]","['Amount_log1p', 'V1', 'V2', 'V3', 'V4', 'V5', 'V6', 'V7', 'V8', 'V9', 'V10', 'V11', 'V12', 'V14', 'V16', 'V17', 'V18', 'V19', 'V20', 'V21', 'V23', 'V27', 'V28', 'Time_sin']"
CostSensitiveLearning_with_RandomUnderSampler___RandomizedSearchCV__niter_30__cv_5,1,10,APosteriori,resubstitution,282,17685,22,59,0.9955119680851063,0.9276315789473685,0.8269794721407625,0.8744186046511628,0.9987575535099114,0.0012424464900886445,0.9128685128253369,0.9088190108037055,0.8736327085486201,0.8721414157810922,0.9639369224060534,0.8668238269606363,22561,0.8674931924807051,0.007763012413393307,0.877150378151643,0.013109704974100618,"{'classifier__estimator__ccp_alpha': np.float64(0.0011543532744378304), 'classifier__estimator__max_depth': 12, 'classifier__estimator__max_features': 'sqrt', 'classifier__estimator__max_leaf_nodes': 2, 'classifier__estimator__min_impurity_decrease': np.float64(0.08018178091594402), 'classifier__estimator__min_samples_leaf': 2, 'classifier__estimator__min_samples_split': 5, 'classifier__max_features': np.float64(0.6307199202088676), 'classifier__max_samples': np.float64(0.9804222245767851), 'classifier__n_estimators': 426, 'feature_selection_filter__k': 22}",27.476797819137573,"[1, 2, 3, 4, 5, 6, 7, 8, 9, 10, 11, 12, 14, 16, 17, 18, 19, 20, 21, 23, 27, 28]","['V1', 'V2', 'V3', 'V4', 'V5', 'V6', 'V7', 'V8', 'V9', 'V10', 'V11', 'V12', 'V14', 'V16', 'V17', 'V18', 'V19', 'V20', 'V21', 'V23', 'V27', 'V28']"
CostSensitiveLearning_with_RandomUnderSampler___RandomizedSearchCV__niter_30__cv_5,2,1,APosteriori,resubstitution,282,17687,20,59,0.9956227836879432,0.9337748344370861,0.8269794721407625,0.8771384136858476,0.9988705031908285,0.0011294968091715152,0.9129249876657954,0.9088703986079254,0.8765912539177787,0.8749184570441008,0.962179660544805,0.8681177047618154,22560,0.8771838240818216,0.0089238438045794,0.8717158665792712,0.04017217452525252,"{'classifier__estimator__ccp_alpha': np.float64(0.0037953303903767856), 'classifier__estimator__max_depth': 18, 'classifier__estimator__max_features': 'log2', 'classifier__estimator__max_leaf_nodes': 2, 'classifier__estimator__min_impurity_decrease': np.float64(0.02774982134389439), 'classifier__estimator__min_samples_leaf': 3, 'classifier__estimator__min_samples_split': 8, 'classifier__max_features': np.float64(0.707333126393286), 'classifier__max_samples': np.float64(0.6105927801942317), 'classifier__n_estimators': 471, 'feature_selection_filter__k': 20}",26.137916564941406,"[1, 2, 3, 4, 5, 6, 7, 8, 9, 10, 11, 12, 14, 16, 17, 18, 19, 20, 21, 27]","['V1', 'V2', 'V3', 'V4', 'V5', 'V6', 'V7', 'V8', 'V9', 'V10', 'V11', 'V12', 'V14', 'V16', 'V17', 'V18', 'V19', 'V20', 'V21', 'V27']"
CostSensitiveLearning_with_RandomUnderSampler___RandomizedSearchCV__niter_30__cv_5,2,2,APosteriori,resubstitution,283,17680,27,58,0.9952903368794326,0.9129032258064517,0.8299120234604106,0.869431643625192,0.9984751793076184,0.0015248206923815788,0.9141936013840145,0.9103002561980206,0.8680602949777275,0.8670390995601599,0.9622267781169764,0.8680526857720489,22560,0.8666765600261753,0.011957463438925757,0.8635221726237164,0.02639951697570118,"{'classifier__estimator__ccp_alpha': np.float64(0.008497603158089007), 'classifier__estimator__max_depth': 18, 'classifier__estimator__max_features': 'sqrt', 'classifier__estimator__max_leaf_nodes': 6, 'classifier__estimator__min_impurity_decrease': np.float64(0.08861075845259757), 'classifier__estimator__min_samples_leaf': 6, 'classifier__estimator__min_samples_split': 7, 'classifier__max_features': np.float64(0.5869177101501588), 'classifier__max_samples': np.float64(0.8638169491492074), 'classifier__n_estimators': 423, 'feature_selection_filter__k': 22}",25.494908094406128,"[1, 2, 3, 4, 5, 6, 7, 8, 9, 10, 11, 12, 14, 16, 17, 18, 19, 20, 21, 27, 28, 29]","['V1', 'V2', 'V3', 'V4', 'V5', 'V6', 'V7', 'V8', 'V9', 'V10', 'V11', 'V12', 'V14', 'V16', 'V17', 'V18', 'V19', 'V20', 'V21', 'V27', 'V28', 'Time_sin']"
CostSensitiveLearning_with_RandomUnderSampler___RandomizedSearchCV__niter_30__cv_5,2,3,APosteriori,resubstitution,281,17686,21,60,0.9955119680851063,0.9304635761589404,0.8240469208211144,0.8740279937791602,0.9988140283503699,0.0011859716496300798,0.9114304745857422,0.9072318471785785,0.8734185781680108,0.871751835703445,0.9629125085478232,0.8508955575988474,22560,0.8659717336380183,0.0034595340524537343,0.869790732597726,0.019825549978673307,"{'classifier__estimator__ccp_alpha': np.float64(0.0039069204079839525), 'classifier__estimator__max_depth': 13, 'classifier__estimator__max_features': 'log2', 'classifier__estimator__max_leaf_nodes': 2, 'classifier__estimator__min_impurity_decrease': np.float64(0.09807494410333134), 'classifier__estimator__min_samples_leaf': 4, 'classifier__estimator__min_samples_split': 8, 'classifier__max_features': np.float64(0.5881700691193159), 'classifier__max_samples': np.float64(0.5606283993193794), 'classifier__n_estimators': 258, 'feature_selection_filter__k': 28}",25.949386835098267,"[0, 1, 2, 3, 4, 5, 6, 7, 8, 9, 10, 11, 12, 13, 14, 16, 17, 18, 19, 20, 21, 23, 24, 25, 26, 27, 28, 29]","['Amount_log1p', 'V1', 'V2', 'V3', 'V4', 'V5', 'V6', 'V7', 'V8', 'V9', 'V10', 'V11', 'V12', 'V13', 'V14', 'V16', 'V17', 'V18', 'V19', 'V20', 'V21', 'V23', 'V24', 'V25', 'V26', 'V27', 'V28', 'Time_sin']"
CostSensitiveLearning_with_RandomUnderSampler___RandomizedSearchCV__niter_30__cv_5,2,4,APosteriori,resubstitution,285,17675,32,56,0.9951241134751773,0.8990536277602523,0.8357771260997068,0.8662613981762918,0.9981928051053256,0.001807194894674402,0.9169849656025162,0.91338201971811,0.8643782483762024,0.8637815528942766,0.9693488185910537,0.8547103790621902,22560,0.8759438034250087,0.005120637130865383,0.8745691084421416,0.026514935213278818,"{'classifier__estimator__ccp_alpha': np.float64(0.007808627946833988), 'classifier__estimator__max_depth': 7, 'classifier__estimator__max_features': 'sqrt', 'classifier__estimator__max_leaf_nodes': 2, 'classifier__estimator__min_impurity_decrease': np.float64(0.09093556447063052), 'classifier__estimator__min_samples_leaf': 8, 'classifier__estimator__min_samples_split': 6, 'classifier__max_features': np.float64(0.8775079249889064), 'classifier__max_samples': np.float64(0.5340916488488978), 'classifier__n_estimators': 329, 'feature_selection_filter__k': 28}",30.01119637489319,"[0, 1, 2, 3, 4, 5, 6, 7, 8, 9, 10, 11, 12, 13, 14, 16, 17, 18, 19, 20, 21, 22, 23, 24, 26, 27, 28, 29]","['Amount_log1p', 'V1', 'V2', 'V3', 'V4', 'V5', 'V6', 'V7', 'V8', 'V9', 'V10', 'V11', 'V12', 'V13', 'V14', 'V16', 'V17', 'V18', 'V19', 'V20', 'V21', 'V22', 'V23', 'V24', 'V26', 'V27', 'V28', 'Time_sin']"
CostSensitiveLearning_with_RandomUnderSampler___RandomizedSearchCV__niter_30__cv_5,2,5,APosteriori,resubstitution,286,17689,19,54,0.9959552304964538,0.9377049180327869,0.8411764705882353,0.8868217054263566,0.9989270386266095,0.0010729613733905241,0.9200517546074224,0.9166645628184222,0.8861220999763344,0.8847686984631209,0.9651153018243664,0.8678882011297318,22560,0.8845308238707392,0.0036009313760512556,0.8787587314374811,0.023294398025851457,"{'classifier__estimator__ccp_alpha': np.float64(0.004348124973151565), 'classifier__estimator__max_depth': 5, 'classifier__estimator__max_features': 'sqrt', 'classifier__estimator__max_leaf_nodes': 2, 'classifier__estimator__min_impurity_decrease': np.float64(0.05276519550888901), 'classifier__estimator__min_samples_leaf': 1, 'classifier__estimator__min_samples_split': 7, 'classifier__max_features': np.float64(0.8460372908363902), 'classifier__max_samples': np.float64(0.5551033336171847), 'classifier__n_estimators': 260, 'feature_selection_filter__k': 24}",27.605464220046997,"[0, 1, 2, 3, 4, 5, 6, 7, 8, 9, 10, 11, 12, 14, 16, 17, 18, 19, 20, 21, 22, 27, 28, 29]","['Amount_log1p', 'V1', 'V2', 'V3', 'V4', 'V5', 'V6', 'V7', 'V8', 'V9', 'V10', 'V11', 'V12', 'V14', 'V16', 'V17', 'V18', 'V19', 'V20', 'V21', 'V22', 'V27', 'V28', 'Time_sin']"
CostSensitiveLearning_with_RandomUnderSampler___RandomizedSearchCV__niter_30__cv_5,2,6,APosteriori,resubstitution,284,17683,25,56,0.9955119680851063,0.919093851132686,0.8352941176470589,0.8751926040061633,0.9985882087192229,0.0014117912807770638,0.9169411631831409,0.9132988868354546,0.8739471650650059,0.8729128111614399,0.9624293273894153,0.8682586322050726,22560,0.8708257674170511,0.01023818350778115,0.8712544428775624,0.03083789034373629,"{'classifier__estimator__ccp_alpha': np.float64(0.0008734964290217506), 'classifier__estimator__max_depth': 8, 'classifier__estimator__max_features': 'sqrt', 'classifier__estimator__max_leaf_nodes': 17, 'classifier__estimator__min_impurity_decrease': np.float64(0.09704023846297166), 'classifier__estimator__min_samples_leaf': 9, 'classifier__estimator__min_samples_split': 2, 'classifier__max_features': np.float64(0.9031127339045095), 'classifier__max_samples': np.float64(0.9685667149987051), 'classifier__n_estimators': 556, 'feature_selection_filter__k': 26}",35.54175615310669,"[0, 1, 2, 3, 4, 5, 6, 7, 8, 9, 10, 11, 12, 13, 14, 16, 17, 18, 19, 20, 21, 23, 25, 27, 28, 29]","['Amount_log1p', 'V1', 'V2', 'V3', 'V4', 'V5', 'V6', 'V7', 'V8', 'V9', 'V10', 'V11', 'V12', 'V13', 'V14', 'V16', 'V17', 'V18', 'V19', 'V20', 'V21', 'V23', 'V25', 'V27', 'V28', 'Time_sin']"
CostSensitiveLearning_with_RandomUnderSampler___RandomizedSearchCV__niter_30__cv_5,2,7,APosteriori,resubstitution,282,17682,26,58,0.995345744680851,0.9155844155844156,0.8294117647058824,0.8703703703703703,0.9985317370679919,0.0014682629320080798,0.9139717508869372,0.9100516304893879,0.8691060058091449,0.8680065862974923,0.9656525299299752,0.8597922472787223,22560,0.8698224172161622,0.005070762785702472,0.8765263037772453,0.010726920004564633,"{'classifier__estimator__ccp_alpha': np.float64(0.003974375696856146), 'classifier__estimator__max_depth': 13, 'classifier__estimator__max_features': 'sqrt', 'classifier__estimator__max_leaf_nodes': 2, 'classifier__estimator__min_impurity_decrease': np.float64(0.09412539220290125), 'classifier__estimator__min_samples_leaf': 8, 'classifier__estimator__min_samples_split': 9, 'classifier__max_features': np.float64(0.550669897308796), 'classifier__max_samples': np.float64(0.9205805632004045), 'classifier__n_estimators': 615, 'feature_selection_filter__k': 22}",25.03576159477234,"[1, 2, 3, 4, 5, 6, 7, 8, 9, 10, 11, 12, 14, 16, 17, 18, 19, 20, 21, 27, 28, 29]","['V1', 'V2', 'V3', 'V4', 'V5', 'V6', 'V7', 'V8', 'V9', 'V10', 'V11', 'V12', 'V14', 'V16', 'V17', 'V18', 'V19', 'V20', 'V21', 'V27', 'V28', 'Time_sin']"
CostSensitiveLearning_with_RandomUnderSampler___RandomizedSearchCV__niter_30__cv_5,2,8,APosteriori,resubstitution,284,17678,29,57,0.9952349290780141,0.9073482428115016,0.8328445747800587,0.8685015290519877,0.9983622296267013,0.0016377703732987081,0.91560340220338,0.9118555623616721,0.866904001786726,0.8660795590929571,0.9722758217958767,0.8572588158531471,22561,0.8719003686433625,0.005765178632497151,0.8733563101395518,0.029111770165595685,"{'classifier__estimator__ccp_alpha': np.float64(0.009240351155744253), 'classifier__estimator__max_depth': 16, 'classifier__estimator__max_features': 'log2', 'classifier__estimator__max_leaf_nodes': 13, 'classifier__estimator__min_impurity_decrease': np.float64(0.09791617846798668), 'classifier__estimator__min_samples_leaf': 1, 'classifier__estimator__min_samples_split': 9, 'classifier__max_features': np.float64(0.6409698834314563), 'classifier__max_samples': np.float64(0.6281402789050028), 'classifier__n_estimators': 401, 'feature_selection_filter__k': 22}",27.151341915130615,"[0, 1, 2, 3, 4, 5, 6, 7, 8, 9, 10, 11, 12, 14, 16, 17, 18, 19, 20, 21, 27, 29]","['Amount_log1p', 'V1', 'V2', 'V3', 'V4', 'V5', 'V6', 'V7', 'V8', 'V9', 'V10', 'V11', 'V12', 'V14', 'V16', 'V17', 'V18', 'V19', 'V20', 'V21', 'V27', 'Time_sin']"
CostSensitiveLearning_with_RandomUnderSampler___RandomizedSearchCV__niter_30__cv_5,2,9,APosteriori,resubstitution,285,17677,30,56,0.9952349290780141,0.9047619047619048,0.8357771260997068,0.8689024390243902,0.9983057547862427,0.0016942452137572728,0.9170414404429748,0.9134336947496762,0.8671864970055957,0.8664796848216954,0.9666627857465452,0.8652289292787234,22561,0.876142795886576,0.01548455356877778,0.8789014780021931,0.028620205037773027,"{'classifier__estimator__ccp_alpha': np.float64(0.007857179441623981), 'classifier__estimator__max_depth': 5, 'classifier__estimator__max_features': 'log2', 'classifier__estimator__max_leaf_nodes': 4, 'classifier__estimator__min_impurity_decrease': np.float64(0.09332016480178483), 'classifier__estimator__min_samples_leaf': 9, 'classifier__estimator__min_samples_split': 2, 'classifier__max_features': np.float64(0.5716406605202957), 'classifier__max_samples': np.float64(0.735966276691419), 'classifier__n_estimators': 380, 'feature_selection_filter__k': 22}",29.601386785507202,"[1, 2, 3, 4, 5, 6, 7, 8, 9, 10, 11, 12, 14, 16, 17, 18, 19, 20, 21, 27, 28, 29]","['V1', 'V2', 'V3', 'V4', 'V5', 'V6', 'V7', 'V8', 'V9', 'V10', 'V11', 'V12', 'V14', 'V16', 'V17', 'V18', 'V19', 'V20', 'V21', 'V27', 'V28', 'Time_sin']"
CostSensitiveLearning_with_RandomUnderSampler___RandomizedSearchCV__niter_30__cv_5,2,10,APosteriori,resubstitution,285,17666,41,56,0.9946254432624113,0.8742331288343558,0.8357771260997068,0.8545727136431784,0.9976845315411984,0.002315468458801595,0.9167308288204525,0.9131494458880403,0.8520599306210734,0.8518362542532452,0.9633710975015761,0.8528913956699149,22561,0.8728512308772558,0.011709157879045688,0.8680337024204399,0.04042823544124555,"{'classifier__estimator__ccp_alpha': np.float64(0.007343384434893865), 'classifier__estimator__max_depth': 4, 'classifier__estimator__max_features': 'sqrt', 'classifier__estimator__max_leaf_nodes': 2, 'classifier__estimator__min_impurity_decrease': np.float64(0.021106019774499187), 'classifier__estimator__min_samples_leaf': 3, 'classifier__estimator__min_samples_split': 8, 'classifier__max_features': np.float64(0.9014550609468958), 'classifier__max_samples': np.float64(0.8927401991612377), 'classifier__n_estimators': 341, 'feature_selection_filter__k': 28}",31.472774028778076,"[0, 1, 2, 3, 4, 5, 6, 7, 8, 9, 10, 11, 12, 14, 15, 16, 17, 18, 19, 20, 21, 22, 23, 24, 27, 28, 29, 30]","['Amount_log1p', 'V1', 'V2', 'V3', 'V4', 'V5', 'V6', 'V7', 'V8', 'V9', 'V10', 'V11', 'V12', 'V14', 'V15', 'V16', 'V17', 'V18', 'V19', 'V20', 'V21', 'V22', 'V23', 'V24', 'V27', 'V28', 'Time_sin', 'Time_cos']"
CostSensitiveLearning_with_RandomUnderSampler___RandomizedSearchCV__niter_30__cv_5,3,1,APosteriori,resubstitution,287,17679,28,54,0.9954565602836879,0.9111111111111111,0.841642228739003,0.875,0.9984187044671599,0.0015812955328401435,0.9200304666030814,0.9166849751372869,0.8734018100989127,0.8726899320392909,0.9632399301301887,0.8670389400469948,22560,0.8798729888945636,0.00789985491187748,0.8777363520703215,0.020046635893557554,"{'classifier__estimator__ccp_alpha': np.float64(0.002227386552670807), 'classifier__estimator__max_depth': 4, 'classifier__estimator__max_features': 'log2', 'classifier__estimator__max_leaf_nodes': 2, 'classifier__estimator__min_impurity_decrease': np.float64(0.027416303014425415), 'classifier__estimator__min_samples_leaf': 4, 'classifier__estimator__min_samples_split': 3, 'classifier__max_features': np.float64(0.6678143878909013), 'classifier__max_samples': np.float64(0.579340920150065), 'classifier__n_estimators': 416, 'feature_selection_filter__k': 28}",28.94565463066101,"[0, 1, 2, 3, 4, 5, 6, 7, 8, 9, 10, 11, 12, 14, 16, 17, 18, 19, 20, 21, 22, 23, 24, 25, 27, 28, 29, 30]","['Amount_log1p', 'V1', 'V2', 'V3', 'V4', 'V5', 'V6', 'V7', 'V8', 'V9', 'V10', 'V11', 'V12', 'V14', 'V16', 'V17', 'V18', 'V19', 'V20', 'V21', 'V22', 'V23', 'V24', 'V25', 'V27', 'V28', 'Time_sin', 'Time_cos']"
CostSensitiveLearning_with_RandomUnderSampler___RandomizedSearchCV__niter_30__cv_5,3,2,APosteriori,resubstitution,283,17690,17,58,0.995844414893617,0.9433333333333334,0.8299120234604106,0.8829953198127926,0.9990399277122042,0.0009600722877958212,0.9144759755863074,0.9105576576611597,0.8827621502807806,0.8808887724996673,0.9618123256587724,0.8671147155798936,22560,0.8886807176000721,0.007531585916698361,0.8888944598178672,0.02295105816225356,"{'classifier__estimator__ccp_alpha': np.float64(0.0003658918774129583), 'classifier__estimator__max_depth': 11, 'classifier__estimator__max_features': 'log2', 'classifier__estimator__max_leaf_nodes': 2, 'classifier__estimator__min_impurity_decrease': np.float64(0.01646921784744524), 'classifier__estimator__min_samples_leaf': 5, 'classifier__estimator__min_samples_split': 8, 'classifier__max_features': np.float64(0.5380737730872337), 'classifier__max_samples': np.float64(0.7402905322469431), 'classifier__n_estimators': 538, 'feature_selection_filter__k': 26}",28.12771487236023,"[0, 1, 2, 3, 4, 5, 6, 7, 8, 9, 10, 11, 12, 14, 16, 17, 18, 19, 20, 21, 22, 23, 24, 27, 28, 29]","['Amount_log1p', 'V1', 'V2', 'V3', 'V4', 'V5', 'V6', 'V7', 'V8', 'V9', 'V10', 'V11', 'V12', 'V14', 'V16', 'V17', 'V18', 'V19', 'V20', 'V21', 'V22', 'V23', 'V24', 'V27', 'V28', 'Time_sin']"
CostSensitiveLearning_with_RandomUnderSampler___RandomizedSearchCV__niter_30__cv_5,3,3,APosteriori,resubstitution,281,17688,19,60,0.9956227836879432,0.9366666666666666,0.8240469208211144,0.8767550702028081,0.998926978031287,0.0010730219687129505,0.9114869494262008,0.9072831423386104,0.8763960414692656,0.8745361736996496,0.9680556937983835,0.857665863004192,22560,0.8740064696542238,0.008055451193550335,0.8733999885209206,0.01348632942389459,"{'classifier__estimator__ccp_alpha': np.float64(0.0032538188176461937), 'classifier__estimator__max_depth': 18, 'classifier__estimator__max_features': 'log2', 'classifier__estimator__max_leaf_nodes': 2, 'classifier__estimator__min_impurity_decrease': np.float64(0.08125945489088435), 'classifier__estimator__min_samples_leaf': 3, 'classifier__estimator__min_samples_split': 7, 'classifier__max_features': np.float64(0.8475354277522709), 'classifier__max_samples': np.float64(0.665935823882553), 'classifier__n_estimators': 485, 'feature_selection_filter__k': 'all'}",28.83591890335083,"[0, 1, 2, 3, 4, 5, 6, 7, 8, 9, 10, 11, 12, 13, 14, 15, 16, 17, 18, 19, 20, 21, 22, 23, 24, 25, 26, 27, 28, 29, 30]","['Amount_log1p', 'V1', 'V2', 'V3', 'V4', 'V5', 'V6', 'V7', 'V8', 'V9', 'V10', 'V11', 'V12', 'V13', 'V14', 'V15', 'V16', 'V17', 'V18', 'V19', 'V20', 'V21', 'V22', 'V23', 'V24', 'V25', 'V26', 'V27', 'V28', 'Time_sin', 'Time_cos']"
CostSensitiveLearning_with_RandomUnderSampler___RandomizedSearchCV__niter_30__cv_5,3,4,APosteriori,resubstitution,279,17686,21,62,0.9954011524822695,0.93,0.8181818181818182,0.8705148205928237,0.9988140283503699,0.0011859716496300798,0.9084979232660941,0.9039974987472099,0.8700299326577506,0.8681835748996318,0.965271699463754,0.8551803285344203,22560,0.875785981631936,0.007929751136021618,0.8740450754382593,0.023257687370608102,"{'classifier__estimator__ccp_alpha': np.float64(0.009850405271691858), 'classifier__estimator__max_depth': 11, 'classifier__estimator__max_features': 'log2', 'classifier__estimator__max_leaf_nodes': 2, 'classifier__estimator__min_impurity_decrease': np.float64(0.0029937365481499615), 'classifier__estimator__min_samples_leaf': 5, 'classifier__estimator__min_samples_split': 4, 'classifier__max_features': np.float64(0.6749043411528095), 'classifier__max_samples': np.float64(0.5252020273692712), 'classifier__n_estimators': 840, 'feature_selection_filter__k': 20}",30.357383728027344,"[1, 2, 3, 4, 5, 6, 7, 8, 9, 10, 11, 12, 14, 16, 17, 18, 19, 20, 21, 27]","['V1', 'V2', 'V3', 'V4', 'V5', 'V6', 'V7', 'V8', 'V9', 'V10', 'V11', 'V12', 'V14', 'V16', 'V17', 'V18', 'V19', 'V20', 'V21', 'V27']"
CostSensitiveLearning_with_RandomUnderSampler___RandomizedSearchCV__niter_30__cv_5,3,5,APosteriori,resubstitution,280,17674,34,60,0.9947916666666666,0.89171974522293,0.8235294117647058,0.8562691131498471,0.9980799638581432,0.0019200361418567624,0.9108046878114245,0.9066135921825988,0.854321676103313,0.8536211616487223,0.9669384226471253,0.8533478905017446,22560,0.868376818033045,0.008370551112046353,0.8642790170028976,0.03828704686654367,"{'classifier__estimator__ccp_alpha': np.float64(0.0015428757813127582), 'classifier__estimator__max_depth': 16, 'classifier__estimator__max_features': 'log2', 'classifier__estimator__max_leaf_nodes': 12, 'classifier__estimator__min_impurity_decrease': np.float64(0.09216329958916931), 'classifier__estimator__min_samples_leaf': 8, 'classifier__estimator__min_samples_split': 7, 'classifier__max_features': np.float64(0.5908117574259748), 'classifier__max_samples': np.float64(0.503774167849868), 'classifier__n_estimators': 586, 'feature_selection_filter__k': 24}",28.28590965270996,"[0, 1, 2, 3, 4, 5, 6, 7, 8, 9, 10, 11, 12, 14, 16, 17, 18, 19, 20, 21, 24, 27, 28, 29]","['Amount_log1p', 'V1', 'V2', 'V3', 'V4', 'V5', 'V6', 'V7', 'V8', 'V9', 'V10', 'V11', 'V12', 'V14', 'V16', 'V17', 'V18', 'V19', 'V20', 'V21', 'V24', 'V27', 'V28', 'Time_sin']"
CostSensitiveLearning_with_RandomUnderSampler___RandomizedSearchCV__niter_30__cv_5,3,6,APosteriori,resubstitution,276,17679,29,64,0.9948470744680851,0.9049180327868852,0.8117647058823529,0.8558139534883721,0.9983623221142987,0.0016376778857013496,0.9050635139983259,0.9002417990601951,0.8545035884529246,0.8531984788639759,0.9604376220784225,0.839216043878068,22560,0.8545284567514251,0.010594451713699684,0.8542358468010873,0.021002177832271984,"{'classifier__estimator__ccp_alpha': np.float64(0.007299405570626448), 'classifier__estimator__max_depth': 17, 'classifier__estimator__max_features': 'sqrt', 'classifier__estimator__max_leaf_nodes': 2, 'classifier__estimator__min_impurity_decrease': np.float64(0.025214679641823903), 'classifier__estimator__min_samples_leaf': 1, 'classifier__estimator__min_samples_split': 6, 'classifier__max_features': np.float64(0.7649047412255986), 'classifier__max_samples': np.float64(0.6740374725957935), 'classifier__n_estimators': 967, 'feature_selection_filter__k': 26}",35.81073594093323,"[0, 1, 2, 3, 4, 5, 6, 7, 8, 9, 10, 11, 12, 14, 16, 17, 18, 19, 20, 21, 22, 24, 25, 27, 28, 29]","['Amount_log1p', 'V1', 'V2', 'V3', 'V4', 'V5', 'V6', 'V7', 'V8', 'V9', 'V10', 'V11', 'V12', 'V14', 'V16', 'V17', 'V18', 'V19', 'V20', 'V21', 'V22', 'V24', 'V25', 'V27', 'V28', 'Time_sin']"
CostSensitiveLearning_with_RandomUnderSampler___RandomizedSearchCV__niter_30__cv_5,3,7,APosteriori,resubstitution,279,17692,16,61,0.9957335992907801,0.9457627118644067,0.8205882352941176,0.878740157480315,0.9990964535803026,0.0009035464196973653,0.9098423444372101,0.9054539169566124,0.8788690150880698,0.8765798569789376,0.968399045296908,0.8548502351919757,22560,0.8761484060493961,0.009909117131489753,0.8704360922182239,0.03684157062705073,"{'classifier__estimator__ccp_alpha': np.float64(0.005066666538709547), 'classifier__estimator__max_depth': 13, 'classifier__estimator__max_features': 'log2', 'classifier__estimator__max_leaf_nodes': 2, 'classifier__estimator__min_impurity_decrease': np.float64(0.07024594309957466), 'classifier__estimator__min_samples_leaf': 4, 'classifier__estimator__min_samples_split': 6, 'classifier__max_features': np.float64(0.540499580857753), 'classifier__max_samples': np.float64(0.7402563940822945), 'classifier__n_estimators': 662, 'feature_selection_filter__k': 'all'}",30.57188367843628,"[0, 1, 2, 3, 4, 5, 6, 7, 8, 9, 10, 11, 12, 13, 14, 15, 16, 17, 18, 19, 20, 21, 22, 23, 24, 25, 26, 27, 28, 29, 30]","['Amount_log1p', 'V1', 'V2', 'V3', 'V4', 'V5', 'V6', 'V7', 'V8', 'V9', 'V10', 'V11', 'V12', 'V13', 'V14', 'V15', 'V16', 'V17', 'V18', 'V19', 'V20', 'V21', 'V22', 'V23', 'V24', 'V25', 'V26', 'V27', 'V28', 'Time_sin', 'Time_cos']"
CostSensitiveLearning_with_RandomUnderSampler___RandomizedSearchCV__niter_30__cv_5,3,8,APosteriori,resubstitution,286,17676,31,55,0.9952349290780141,0.9022082018927445,0.8387096774193549,0.8693009118541033,0.9982492799457842,0.0017507200542158374,0.9184794786825695,0.9150089243102669,0.8674762607864226,0.866877426692134,0.9680518018372376,0.8697040927980292,22561,0.8696042703268294,0.012631559253880733,0.8698032249430703,0.019127370459947363,"{'classifier__estimator__ccp_alpha': np.float64(0.002375561678152992), 'classifier__estimator__max_depth': 17, 'classifier__estimator__max_features': 'log2', 'classifier__estimator__max_leaf_nodes': 2, 'classifier__estimator__min_impurity_decrease': np.float64(0.04760722626450138), 'classifier__estimator__min_samples_leaf': 3, 'classifier__estimator__min_samples_split': 8, 'classifier__max_features': np.float64(0.5468576216581333), 'classifier__max_samples': np.float64(0.7288583480241967), 'classifier__n_estimators': 537, 'feature_selection_filter__k': 20}",31.167203903198242,"[1, 2, 3, 4, 5, 6, 7, 8, 9, 10, 11, 12, 14, 16, 17, 18, 19, 20, 21, 27]","['V1', 'V2', 'V3', 'V4', 'V5', 'V6', 'V7', 'V8', 'V9', 'V10', 'V11', 'V12', 'V14', 'V16', 'V17', 'V18', 'V19', 'V20', 'V21', 'V27']"
CostSensitiveLearning_with_RandomUnderSampler___RandomizedSearchCV__niter_30__cv_5,3,9,APosteriori,resubstitution,287,17685,22,54,0.9957890070921985,0.9288025889967637,0.841642228739003,0.8830769230769231,0.9987575535099114,0.0012424464900886445,0.9201998911244571,0.9168405168326691,0.8820471636632533,0.8809381082112853,0.9705280828182832,0.8584149949867262,22561,0.8833502881919794,0.0029495701222205027,0.8813420045303004,0.030815841228168436,"{'classifier__estimator__ccp_alpha': np.float64(2.7552794404132052e-05), 'classifier__estimator__max_depth': 4, 'classifier__estimator__max_features': 'sqrt', 'classifier__estimator__max_leaf_nodes': 2, 'classifier__estimator__min_impurity_decrease': np.float64(0.023385611206754253), 'classifier__estimator__min_samples_leaf': 6, 'classifier__estimator__min_samples_split': 4, 'classifier__max_features': np.float64(0.6508403274803825), 'classifier__max_samples': np.float64(0.7673428740324835), 'classifier__n_estimators': 432, 'feature_selection_filter__k': 24}",27.337456703186035,"[0, 1, 2, 3, 4, 5, 6, 7, 8, 9, 10, 11, 12, 14, 16, 17, 18, 19, 20, 21, 24, 27, 28, 29]","['Amount_log1p', 'V1', 'V2', 'V3', 'V4', 'V5', 'V6', 'V7', 'V8', 'V9', 'V10', 'V11', 'V12', 'V14', 'V16', 'V17', 'V18', 'V19', 'V20', 'V21', 'V24', 'V27', 'V28', 'Time_sin']"
CostSensitiveLearning_with_RandomUnderSampler___RandomizedSearchCV__niter_30__cv_5,3,10,APosteriori,resubstitution,289,17687,20,52,0.9960106382978723,0.9352750809061489,0.8475073313782991,0.8892307692307693,0.9988705031908285,0.0011294968091715152,0.9231889172845638,0.9200815586412749,0.8883214681129336,0.887204523568586,0.972872202735734,0.8620743291403717,22561,0.8780143786545169,0.014133855887242705,0.8824843259148173,0.009495809018078817,"{'classifier__estimator__ccp_alpha': np.float64(0.0011504425234136707), 'classifier__estimator__max_depth': 13, 'classifier__estimator__max_features': 'log2', 'classifier__estimator__max_leaf_nodes': 2, 'classifier__estimator__min_impurity_decrease': np.float64(0.042417583045593066), 'classifier__estimator__min_samples_leaf': 2, 'classifier__estimator__min_samples_split': 8, 'classifier__max_features': np.float64(0.6367971278865796), 'classifier__max_samples': np.float64(0.917589430412672), 'classifier__n_estimators': 692, 'feature_selection_filter__k': 26}",31.551326036453247,"[0, 1, 2, 3, 4, 5, 6, 7, 8, 9, 10, 11, 12, 14, 16, 17, 18, 19, 20, 21, 22, 24, 25, 27, 28, 29]","['Amount_log1p', 'V1', 'V2', 'V3', 'V4', 'V5', 'V6', 'V7', 'V8', 'V9', 'V10', 'V11', 'V12', 'V14', 'V16', 'V17', 'V18', 'V19', 'V20', 'V21', 'V22', 'V24', 'V25', 'V27', 'V28', 'Time_sin']"
CostSensitiveLearning_with_RandomUnderSampler___RandomizedSearchCV__niter_30__cv_5,4,1,APosteriori,resubstitution,283,17678,29,58,0.9951795212765957,0.907051282051282,0.8299120234604106,0.8667687595712098,0.9983622296267013,0.0016377703732987081,0.914137126543556,0.9102487671707898,0.8652043765311023,0.864319044360107,0.9656416841956732,0.8448964864726999,22560,0.8677957280807298,0.01101524588130503,0.8692735389259744,0.01839201605776211,"{'classifier__estimator__ccp_alpha': np.float64(0.002274217585379018), 'classifier__estimator__max_depth': 16, 'classifier__estimator__max_features': 'sqrt', 'classifier__estimator__max_leaf_nodes': 2, 'classifier__estimator__min_impurity_decrease': np.float64(0.09469742025858337), 'classifier__estimator__min_samples_leaf': 5, 'classifier__estimator__min_samples_split': 9, 'classifier__max_features': np.float64(0.6510345171557794), 'classifier__max_samples': np.float64(0.8498760424926937), 'classifier__n_estimators': 922, 'feature_selection_filter__k': 26}",31.901277780532837,"[0, 1, 2, 3, 4, 5, 6, 7, 8, 9, 10, 11, 12, 14, 16, 17, 18, 19, 20, 21, 23, 24, 26, 27, 28, 29]","['Amount_log1p', 'V1', 'V2', 'V3', 'V4', 'V5', 'V6', 'V7', 'V8', 'V9', 'V10', 'V11', 'V12', 'V14', 'V16', 'V17', 'V18', 'V19', 'V20', 'V21', 'V23', 'V24', 'V26', 'V27', 'V28', 'Time_sin']"
CostSensitiveLearning_with_RandomUnderSampler___RandomizedSearchCV__niter_30__cv_5,4,2,APosteriori,resubstitution,280,17676,31,61,0.9949024822695035,0.9003215434083601,0.8211143695014663,0.8588957055214724,0.9982492799457842,0.0017507200542158374,0.9096818247236252,0.9053600544026532,0.8572472457763188,0.8563056578712569,0.9679757843833652,0.8435861102358836,22560,0.8513763164946495,0.022801600371929968,0.8524410123681003,0.022277431245088464,"{'classifier__estimator__ccp_alpha': np.float64(0.004397309115540877), 'classifier__estimator__max_depth': 6, 'classifier__estimator__max_features': 'sqrt', 'classifier__estimator__max_leaf_nodes': 2, 'classifier__estimator__min_impurity_decrease': np.float64(0.05251967476059836), 'classifier__estimator__min_samples_leaf': 7, 'classifier__estimator__min_samples_split': 3, 'classifier__max_features': np.float64(0.9132623753843158), 'classifier__max_samples': np.float64(0.6481874855488698), 'classifier__n_estimators': 468, 'feature_selection_filter__k': 22}",31.605448961257935,"[1, 2, 3, 4, 5, 6, 7, 8, 9, 10, 11, 12, 14, 16, 17, 18, 19, 20, 21, 27, 28, 29]","['V1', 'V2', 'V3', 'V4', 'V5', 'V6', 'V7', 'V8', 'V9', 'V10', 'V11', 'V12', 'V14', 'V16', 'V17', 'V18', 'V19', 'V20', 'V21', 'V27', 'V28', 'Time_sin']"
CostSensitiveLearning_with_RandomUnderSampler___RandomizedSearchCV__niter_30__cv_5,4,3,APosteriori,resubstitution,277,17670,37,64,0.9944038120567376,0.8821656050955414,0.8123167155425219,0.8458015267175573,0.9979104309030327,0.0020895690969673364,0.9051135732227773,0.9003440029437494,0.8437004816800495,0.8429566517323765,0.9626944759159647,0.8433520777740415,22560,0.8500803673861567,0.012085285946626096,0.8454917998667998,0.03566664702537546,"{'classifier__estimator__ccp_alpha': np.float64(0.007343953966377527), 'classifier__estimator__max_depth': 17, 'classifier__estimator__max_features': 'sqrt', 'classifier__estimator__max_leaf_nodes': 17, 'classifier__estimator__min_impurity_decrease': np.float64(0.09099180319391603), 'classifier__estimator__min_samples_leaf': 5, 'classifier__estimator__min_samples_split': 2, 'classifier__max_features': np.float64(0.606249580395936), 'classifier__max_samples': np.float64(0.7367538811917903), 'classifier__n_estimators': 668, 'feature_selection_filter__k': 26}",29.496503353118896,"[0, 1, 2, 3, 4, 5, 6, 7, 8, 9, 10, 11, 12, 14, 16, 17, 18, 19, 20, 21, 23, 24, 26, 27, 28, 29]","['Amount_log1p', 'V1', 'V2', 'V3', 'V4', 'V5', 'V6', 'V7', 'V8', 'V9', 'V10', 'V11', 'V12', 'V14', 'V16', 'V17', 'V18', 'V19', 'V20', 'V21', 'V23', 'V24', 'V26', 'V27', 'V28', 'Time_sin']"
CostSensitiveLearning_with_RandomUnderSampler___RandomizedSearchCV__niter_30__cv_5,4,4,APosteriori,resubstitution,285,17681,26,56,0.9954565602836879,0.9163987138263665,0.8357771260997068,0.8742331288343558,0.998531654148077,0.0014683458519230141,0.9171543901238919,0.9135370360436769,0.8728833704996537,0.8719246081026419,0.9641715993823872,0.8715352509953366,22560,0.8763275627484208,0.008591899616542165,0.8843576322406947,0.031354793030178796,"{'classifier__estimator__ccp_alpha': np.float64(0.003874227140917014), 'classifier__estimator__max_depth': 8, 'classifier__estimator__max_features': 'sqrt', 'classifier__estimator__max_leaf_nodes': 2, 'classifier__estimator__min_impurity_decrease': np.float64(0.04900029762934434), 'classifier__estimator__min_samples_leaf': 8, 'classifier__estimator__min_samples_split': 5, 'classifier__max_features': np.float64(0.9958112588382865), 'classifier__max_samples': np.float64(0.6554139885698926), 'classifier__n_estimators': 246, 'feature_selection_filter__k': 20}",26.21101474761963,"[1, 2, 3, 4, 5, 6, 7, 8, 9, 10, 11, 12, 14, 16, 17, 18, 19, 20, 21, 27]","['V1', 'V2', 'V3', 'V4', 'V5', 'V6', 'V7', 'V8', 'V9', 'V10', 'V11', 'V12', 'V14', 'V16', 'V17', 'V18', 'V19', 'V20', 'V21', 'V27']"
CostSensitiveLearning_with_RandomUnderSampler___RandomizedSearchCV__niter_30__cv_5,4,5,APosteriori,resubstitution,287,17675,33,53,0.9952349290780141,0.896875,0.8441176470588235,0.8696969696969697,0.9981364355093743,0.0018635644906257465,0.9211270412840988,0.9179022711519207,0.8676857782990692,0.8672723292469352,0.9738653350429848,0.8586361794474098,22560,0.8702274383132815,0.0065156440915651904,0.8719307155948378,0.024425156710003545,"{'classifier__estimator__ccp_alpha': np.float64(0.008856724552677404), 'classifier__estimator__max_depth': 9, 'classifier__estimator__max_features': 'sqrt', 'classifier__estimator__max_leaf_nodes': 2, 'classifier__estimator__min_impurity_decrease': np.float64(0.011030124455478442), 'classifier__estimator__min_samples_leaf': 4, 'classifier__estimator__min_samples_split': 7, 'classifier__max_features': np.float64(0.7333843260487267), 'classifier__max_samples': np.float64(0.6471215387286449), 'classifier__n_estimators': 522, 'feature_selection_filter__k': 26}",28.813202142715454,"[0, 1, 2, 3, 4, 5, 6, 7, 8, 9, 10, 11, 12, 14, 16, 17, 18, 19, 20, 21, 22, 23, 24, 27, 28, 29]","['Amount_log1p', 'V1', 'V2', 'V3', 'V4', 'V5', 'V6', 'V7', 'V8', 'V9', 'V10', 'V11', 'V12', 'V14', 'V16', 'V17', 'V18', 'V19', 'V20', 'V21', 'V22', 'V23', 'V24', 'V27', 'V28', 'Time_sin']"
CostSensitiveLearning_with_RandomUnderSampler___RandomizedSearchCV__niter_30__cv_5,4,6,APosteriori,resubstitution,285,17675,33,55,0.9951241134751773,0.8962264150943396,0.8382352941176471,0.8662613981762918,0.9981364355093743,0.0018635644906257465,0.9181858648135106,0.9146984140079943,0.8642823260825352,0.8637810154670794,0.9684590049030682,0.8663244650872052,22560,0.8815216793307122,0.006459971342772054,0.8817596170983266,0.01757598058434295,"{'classifier__estimator__ccp_alpha': np.float64(0.0020287381291950023), 'classifier__estimator__max_depth': 9, 'classifier__estimator__max_features': 'log2', 'classifier__estimator__max_leaf_nodes': 2, 'classifier__estimator__min_impurity_decrease': np.float64(0.054881161932006796), 'classifier__estimator__min_samples_leaf': 6, 'classifier__estimator__min_samples_split': 9, 'classifier__max_features': np.float64(0.7545213297236146), 'classifier__max_samples': np.float64(0.7321691350874402), 'classifier__n_estimators': 738, 'feature_selection_filter__k': 28}",26.66185975074768,"[0, 1, 2, 3, 4, 5, 6, 7, 8, 9, 10, 11, 12, 14, 16, 17, 18, 19, 20, 21, 22, 24, 25, 26, 27, 28, 29, 30]","['Amount_log1p', 'V1', 'V2', 'V3', 'V4', 'V5', 'V6', 'V7', 'V8', 'V9', 'V10', 'V11', 'V12', 'V14', 'V16', 'V17', 'V18', 'V19', 'V20', 'V21', 'V22', 'V24', 'V25', 'V26', 'V27', 'V28', 'Time_sin', 'Time_cos']"
CostSensitiveLearning_with_RandomUnderSampler___RandomizedSearchCV__niter_30__cv_5,4,7,APosteriori,resubstitution,286,17670,38,54,0.9949024822695035,0.8827160493827161,0.8411764705882353,0.8614457831325302,0.9978540772532188,0.0021459227467811592,0.9195152739207271,0.9161721294963862,0.8591096801000284,0.8588507960860801,0.9660099622636494,0.875110980443102,22560,0.8740620660134797,0.013666001251588832,0.8790735108980791,0.025914331099733498,"{'classifier__estimator__ccp_alpha': np.float64(0.007236284236118264), 'classifier__estimator__max_depth': 12, 'classifier__estimator__max_features': 'sqrt', 'classifier__estimator__max_leaf_nodes': 2, 'classifier__estimator__min_impurity_decrease': np.float64(0.015067912681151997), 'classifier__estimator__min_samples_leaf': 9, 'classifier__estimator__min_samples_split': 6, 'classifier__max_features': np.float64(0.9388573240442311), 'classifier__max_samples': np.float64(0.9508551434089276), 'classifier__n_estimators': 354, 'feature_selection_filter__k': 28}",28.02496910095215,"[0, 1, 2, 3, 4, 5, 6, 7, 8, 9, 10, 11, 12, 14, 15, 16, 17, 18, 19, 20, 21, 23, 24, 25, 27, 28, 29, 30]","['Amount_log1p', 'V1', 'V2', 'V3', 'V4', 'V5', 'V6', 'V7', 'V8', 'V9', 'V10', 'V11', 'V12', 'V14', 'V15', 'V16', 'V17', 'V18', 'V19', 'V20', 'V21', 'V23', 'V24', 'V25', 'V27', 'V28', 'Time_sin', 'Time_cos']"
CostSensitiveLearning_with_RandomUnderSampler___RandomizedSearchCV__niter_30__cv_5,4,8,APosteriori,resubstitution,280,17686,21,61,0.9954565602836879,0.9302325581395349,0.8211143695014663,0.8722741433021807,0.9988140283503699,0.0011859716496300798,0.9099641989259182,0.9056161168718971,0.8717257783270702,0.8699704275363935,0.9670495804383078,0.864368646646348,22561,0.8692512328966456,0.00508661839115536,0.8705032048055303,0.00924007934306444,"{'classifier__estimator__ccp_alpha': np.float64(0.007499699268879412), 'classifier__estimator__max_depth': 6, 'classifier__estimator__max_features': 'log2', 'classifier__estimator__max_leaf_nodes': 2, 'classifier__estimator__min_impurity_decrease': np.float64(0.059917706306668816), 'classifier__estimator__min_samples_leaf': 3, 'classifier__estimator__min_samples_split': 3, 'classifier__max_features': np.float64(0.5991508196846427), 'classifier__max_samples': np.float64(0.5021231614857518), 'classifier__n_estimators': 435, 'feature_selection_filter__k': 20}",28.915849685668945,"[1, 2, 3, 4, 5, 6, 7, 8, 9, 10, 11, 12, 14, 16, 17, 18, 19, 20, 21, 27]","['V1', 'V2', 'V3', 'V4', 'V5', 'V6', 'V7', 'V8', 'V9', 'V10', 'V11', 'V12', 'V14', 'V16', 'V17', 'V18', 'V19', 'V20', 'V21', 'V27']"
CostSensitiveLearning_with_RandomUnderSampler___RandomizedSearchCV__niter_30__cv_5,4,9,APosteriori,resubstitution,284,17680,27,57,0.995345744680851,0.9131832797427653,0.8328445747800587,0.8711656441717791,0.9984751793076184,0.0015248206923815788,0.9156598770438386,0.9119071422786952,0.8697561455549867,0.868800818056365,0.9658196379084966,0.8568291648212452,22561,0.8709148036148271,0.00475470152612694,0.8725322964189207,0.028560308932185995,"{'classifier__estimator__ccp_alpha': np.float64(0.008120435511302823), 'classifier__estimator__max_depth': 10, 'classifier__estimator__max_features': 'log2', 'classifier__estimator__max_leaf_nodes': 2, 'classifier__estimator__min_impurity_decrease': np.float64(0.08628700152933244), 'classifier__estimator__min_samples_leaf': 4, 'classifier__estimator__min_samples_split': 8, 'classifier__max_features': np.float64(0.8511842239295102), 'classifier__max_samples': np.float64(0.7688422736626856), 'classifier__n_estimators': 212, 'feature_selection_filter__k': 26}",27.444924354553223,"[0, 1, 2, 3, 4, 5, 6, 7, 8, 9, 10, 11, 12, 14, 16, 17, 18, 19, 20, 21, 23, 24, 25, 27, 28, 29]","['Amount_log1p', 'V1', 'V2', 'V3', 'V4', 'V5', 'V6', 'V7', 'V8', 'V9', 'V10', 'V11', 'V12', 'V14', 'V16', 'V17', 'V18', 'V19', 'V20', 'V21', 'V23', 'V24', 'V25', 'V27', 'V28', 'Time_sin']"
CostSensitiveLearning_with_RandomUnderSampler___RandomizedSearchCV__niter_30__cv_5,4,10,APosteriori,resubstitution,281,17677,30,60,0.9950132978723404,0.9035369774919614,0.8240469208211144,0.8619631901840491,0.9983057547862427,0.0016942452137572728,0.9111763378036786,0.9070009830587847,0.8603744707209858,0.859429447917534,0.9653261869197977,0.8478397424182674,22561,0.8591351630364347,0.007099461829157179,0.8613480964702693,0.01689249586187885,"{'classifier__estimator__ccp_alpha': np.float64(0.007536623353262479), 'classifier__estimator__max_depth': 4, 'classifier__estimator__max_features': 'sqrt', 'classifier__estimator__max_leaf_nodes': 13, 'classifier__estimator__min_impurity_decrease': np.float64(0.09864482959396402), 'classifier__estimator__min_samples_leaf': 3, 'classifier__estimator__min_samples_split': 6, 'classifier__max_features': np.float64(0.5771941273498693), 'classifier__max_samples': np.float64(0.983591408926908), 'classifier__n_estimators': 960, 'feature_selection_filter__k': 'all'}",29.68993067741394,"[0, 1, 2, 3, 4, 5, 6, 7, 8, 9, 10, 11, 12, 13, 14, 15, 16, 17, 18, 19, 20, 21, 22, 23, 24, 25, 26, 27, 28, 29, 30]","['Amount_log1p', 'V1', 'V2', 'V3', 'V4', 'V5', 'V6', 'V7', 'V8', 'V9', 'V10', 'V11', 'V12', 'V13', 'V14', 'V15', 'V16', 'V17', 'V18', 'V19', 'V20', 'V21', 'V22', 'V23', 'V24', 'V25', 'V26', 'V27', 'V28', 'Time_sin', 'Time_cos']"
CostSensitiveLearning_with_RandomUnderSampler___RandomizedSearchCV__niter_30__cv_5,5,1,APosteriori,resubstitution,293,17681,26,48,0.9958998226950354,0.9184952978056427,0.8592375366568915,0.8878787878787879,0.998531654148077,0.0014683458519230141,0.9288845954024842,0.92626987362438,0.8863039092756683,0.8857928795338376,0.9721878800355145,0.8764153240129015,22560,0.8921224857531895,0.012634691929609608,0.8887666552411353,0.01902090370011525,"{'classifier__estimator__ccp_alpha': np.float64(0.0068769665477755905), 'classifier__estimator__max_depth': 8, 'classifier__estimator__max_features': 'sqrt', 'classifier__estimator__max_leaf_nodes': 2, 'classifier__estimator__min_impurity_decrease': np.float64(0.008090862603670469), 'classifier__estimator__min_samples_leaf': 7, 'classifier__estimator__min_samples_split': 2, 'classifier__max_features': np.float64(0.7479139531184098), 'classifier__max_samples': np.float64(0.6385874241659976), 'classifier__n_estimators': 755, 'feature_selection_filter__k': 26}",28.297760486602783,"[0, 1, 2, 3, 4, 5, 6, 7, 8, 9, 10, 11, 12, 14, 16, 17, 18, 19, 20, 21, 22, 24, 26, 27, 28, 29]","['Amount_log1p', 'V1', 'V2', 'V3', 'V4', 'V5', 'V6', 'V7', 'V8', 'V9', 'V10', 'V11', 'V12', 'V14', 'V16', 'V17', 'V18', 'V19', 'V20', 'V21', 'V22', 'V24', 'V26', 'V27', 'V28', 'Time_sin']"
CostSensitiveLearning_with_RandomUnderSampler___RandomizedSearchCV__niter_30__cv_5,5,2,APosteriori,resubstitution,280,17659,48,61,0.99396054964539,0.8536585365853658,0.8211143695014663,0.8370702541106129,0.9972892076579883,0.0027107923420116586,0.9092017885797273,0.9049245819164744,0.8341581963294679,0.8339946884565065,0.9645697387268518,0.8529094359780716,22560,0.8366758086092265,0.01255300996140534,0.8435113095146898,0.04909729601870448,"{'classifier__estimator__ccp_alpha': np.float64(0.000568907982507667), 'classifier__estimator__max_depth': 5, 'classifier__estimator__max_features': 'log2', 'classifier__estimator__max_leaf_nodes': 15, 'classifier__estimator__min_impurity_decrease': np.float64(0.07739046840796347), 'classifier__estimator__min_samples_leaf': 2, 'classifier__estimator__min_samples_split': 3, 'classifier__max_features': np.float64(0.6284700749287904), 'classifier__max_samples': np.float64(0.8878717580751698), 'classifier__n_estimators': 262, 'feature_selection_filter__k': 22}",26.85032629966736,"[1, 2, 3, 4, 5, 6, 7, 8, 9, 10, 11, 12, 14, 16, 17, 18, 19, 20, 21, 27, 28, 29]","['V1', 'V2', 'V3', 'V4', 'V5', 'V6', 'V7', 'V8', 'V9', 'V10', 'V11', 'V12', 'V14', 'V16', 'V17', 'V18', 'V19', 'V20', 'V21', 'V27', 'V28', 'Time_sin']"
CostSensitiveLearning_with_RandomUnderSampler___RandomizedSearchCV__niter_30__cv_5,5,3,APosteriori,resubstitution,289,17674,33,52,0.9952903368794326,0.8975155279503105,0.8475073313782991,0.8717948717948718,0.998136330264867,0.0018636697351329667,0.9228218308215831,0.919743365083166,0.8697686960294579,0.8693979850539152,0.9724418512022103,0.8739853008562397,22560,0.8688977715127505,0.007467885425392055,0.8744650373788361,0.023407355514476546,"{'classifier__estimator__ccp_alpha': np.float64(0.00021379362786101198), 'classifier__estimator__max_depth': 19, 'classifier__estimator__max_features': 'log2', 'classifier__estimator__max_leaf_nodes': 11, 'classifier__estimator__min_impurity_decrease': np.float64(0.09479378228929182), 'classifier__estimator__min_samples_leaf': 1, 'classifier__estimator__min_samples_split': 8, 'classifier__max_features': np.float64(0.746482031714879), 'classifier__max_samples': np.float64(0.7490963211067523), 'classifier__n_estimators': 930, 'feature_selection_filter__k': 'all'}",29.806700229644775,"[0, 1, 2, 3, 4, 5, 6, 7, 8, 9, 10, 11, 12, 13, 14, 15, 16, 17, 18, 19, 20, 21, 22, 23, 24, 25, 26, 27, 28, 29, 30]","['Amount_log1p', 'V1', 'V2', 'V3', 'V4', 'V5', 'V6', 'V7', 'V8', 'V9', 'V10', 'V11', 'V12', 'V13', 'V14', 'V15', 'V16', 'V17', 'V18', 'V19', 'V20', 'V21', 'V22', 'V23', 'V24', 'V25', 'V26', 'V27', 'V28', 'Time_sin', 'Time_cos']"
CostSensitiveLearning_with_RandomUnderSampler___RandomizedSearchCV__niter_30__cv_5,5,4,APosteriori,resubstitution,283,17670,37,58,0.9947362588652482,0.884375,0.8299120234604106,0.8562783661119516,0.9979104309030327,0.0020895690969673364,0.9139112271817216,0.9100427819300508,0.8540474980518895,0.8536001573839294,0.9667368986236867,0.8606115774007688,22560,0.8803191727916839,0.007166330156708543,0.879569958565512,0.018692814275878603,"{'classifier__estimator__ccp_alpha': np.float64(0.00734693601409504), 'classifier__estimator__max_depth': 14, 'classifier__estimator__max_features': 'sqrt', 'classifier__estimator__max_leaf_nodes': 2, 'classifier__estimator__min_impurity_decrease': np.float64(0.040555275370706245), 'classifier__estimator__min_samples_leaf': 8, 'classifier__estimator__min_samples_split': 3, 'classifier__max_features': np.float64(0.6068936313287305), 'classifier__max_samples': np.float64(0.6417201756888428), 'classifier__n_estimators': 213, 'feature_selection_filter__k': 28}",31.98678731918335,"[0, 1, 2, 3, 4, 5, 6, 7, 8, 9, 10, 11, 12, 13, 14, 15, 16, 17, 18, 19, 20, 21, 23, 24, 27, 28, 29, 30]","['Amount_log1p', 'V1', 'V2', 'V3', 'V4', 'V5', 'V6', 'V7', 'V8', 'V9', 'V10', 'V11', 'V12', 'V13', 'V14', 'V15', 'V16', 'V17', 'V18', 'V19', 'V20', 'V21', 'V23', 'V24', 'V27', 'V28', 'Time_sin', 'Time_cos']"
CostSensitiveLearning_with_RandomUnderSampler___RandomizedSearchCV__niter_30__cv_5,5,5,APosteriori,resubstitution,279,17683,25,61,0.9952349290780141,0.9177631578947368,0.8205882352941176,0.8664596273291926,0.9985882087192229,0.0014117912807770638,0.9095882220066702,0.9052235834192685,0.8654442849036632,0.8640415297850632,0.9650705397361113,0.8459258009831724,22560,0.8611514473297909,0.013300077361923119,0.859190724446403,0.01823171508604063,"{'classifier__estimator__ccp_alpha': np.float64(0.0050187323113852125), 'classifier__estimator__max_depth': 14, 'classifier__estimator__max_features': 'sqrt', 'classifier__estimator__max_leaf_nodes': 2, 'classifier__estimator__min_impurity_decrease': np.float64(0.06441625330319715), 'classifier__estimator__min_samples_leaf': 1, 'classifier__estimator__min_samples_split': 6, 'classifier__max_features': np.float64(0.6611879984454275), 'classifier__max_samples': np.float64(0.6606095433905118), 'classifier__n_estimators': 777, 'feature_selection_filter__k': 24}",26.876949787139893,"[0, 1, 2, 3, 4, 5, 6, 7, 8, 9, 10, 11, 12, 14, 16, 17, 18, 19, 20, 21, 23, 27, 28, 29]","['Amount_log1p', 'V1', 'V2', 'V3', 'V4', 'V5', 'V6', 'V7', 'V8', 'V9', 'V10', 'V11', 'V12', 'V14', 'V16', 'V17', 'V18', 'V19', 'V20', 'V21', 'V23', 'V27', 'V28', 'Time_sin']"
CostSensitiveLearning_with_RandomUnderSampler___RandomizedSearchCV__niter_30__cv_5,5,6,APosteriori,resubstitution,278,17688,20,62,0.9954565602836879,0.9328859060402684,0.8176470588235294,0.8714733542319749,0.9988705669753783,0.001129433024621651,0.9082588128994539,0.9037276034474157,0.8711289936485251,0.8691709606378509,0.9621644089079047,0.8526200267894433,22560,0.8721252607462706,0.005724487585888064,0.8737135200117724,0.026515766331705586,"{'classifier__estimator__ccp_alpha': np.float64(0.003392152224044128), 'classifier__estimator__max_depth': 9, 'classifier__estimator__max_features': 'sqrt', 'classifier__estimator__max_leaf_nodes': 2, 'classifier__estimator__min_impurity_decrease': np.float64(0.06071111255858011), 'classifier__estimator__min_samples_leaf': 4, 'classifier__estimator__min_samples_split': 5, 'classifier__max_features': np.float64(0.5966246265584918), 'classifier__max_samples': np.float64(0.8175698463609893), 'classifier__n_estimators': 942, 'feature_selection_filter__k': 26}",27.135316133499146,"[0, 1, 2, 3, 4, 5, 6, 7, 8, 9, 10, 11, 12, 14, 16, 17, 18, 19, 20, 21, 23, 24, 27, 28, 29, 30]","['Amount_log1p', 'V1', 'V2', 'V3', 'V4', 'V5', 'V6', 'V7', 'V8', 'V9', 'V10', 'V11', 'V12', 'V14', 'V16', 'V17', 'V18', 'V19', 'V20', 'V21', 'V23', 'V24', 'V27', 'V28', 'Time_sin', 'Time_cos']"
CostSensitiveLearning_with_RandomUnderSampler___RandomizedSearchCV__niter_30__cv_5,5,7,APosteriori,resubstitution,276,17690,18,64,0.9954565602836879,0.9387755102040817,0.8117647058823529,0.8706624605678234,0.9989835102778405,0.0010164897221595082,0.9053741080800968,0.9005218239454342,0.8707398967049432,0.8683625154235993,0.9637529232384167,0.8424501134840702,22560,0.8702915307565611,0.003376760356195429,0.8651524036195672,0.015231922059397602,"{'classifier__estimator__ccp_alpha': np.float64(0.0017642419002899246), 'classifier__estimator__max_depth': 4, 'classifier__estimator__max_features': 'sqrt', 'classifier__estimator__max_leaf_nodes': 2, 'classifier__estimator__min_impurity_decrease': np.float64(0.008513760623272627), 'classifier__estimator__min_samples_leaf': 6, 'classifier__estimator__min_samples_split': 3, 'classifier__max_features': np.float64(0.5421888525628387), 'classifier__max_samples': np.float64(0.9639653791711136), 'classifier__n_estimators': 386, 'feature_selection_filter__k': 22}",28.432141542434692,"[1, 2, 3, 4, 5, 6, 7, 8, 9, 10, 11, 12, 14, 16, 17, 18, 19, 20, 21, 27, 28, 29]","['V1', 'V2', 'V3', 'V4', 'V5', 'V6', 'V7', 'V8', 'V9', 'V10', 'V11', 'V12', 'V14', 'V16', 'V17', 'V18', 'V19', 'V20', 'V21', 'V27', 'V28', 'Time_sin']"
CostSensitiveLearning_with_RandomUnderSampler___RandomizedSearchCV__niter_30__cv_5,5,8,APosteriori,resubstitution,286,17676,31,55,0.9952349290780141,0.9022082018927445,0.8387096774193549,0.8693009118541033,0.9982492799457842,0.0017507200542158374,0.9184794786825695,0.9150089243102669,0.8674762607864226,0.866877426692134,0.9691697883783391,0.8702679396001275,22561,0.8648298659855603,0.011457453025811162,0.8702198947976182,0.032353487891299874,"{'classifier__estimator__ccp_alpha': np.float64(0.0017973235276906119), 'classifier__estimator__max_depth': 19, 'classifier__estimator__max_features': 'sqrt', 'classifier__estimator__max_leaf_nodes': 15, 'classifier__estimator__min_impurity_decrease': np.float64(0.08311628249243029), 'classifier__estimator__min_samples_leaf': 1, 'classifier__estimator__min_samples_split': 9, 'classifier__max_features': np.float64(0.6362774509807076), 'classifier__max_samples': np.float64(0.6666580960456154), 'classifier__n_estimators': 848, 'feature_selection_filter__k': 20}",29.66342067718506,"[1, 2, 3, 4, 5, 6, 7, 8, 9, 10, 11, 12, 14, 16, 17, 18, 19, 20, 21, 27]","['V1', 'V2', 'V3', 'V4', 'V5', 'V6', 'V7', 'V8', 'V9', 'V10', 'V11', 'V12', 'V14', 'V16', 'V17', 'V18', 'V19', 'V20', 'V21', 'V27']"
CostSensitiveLearning_with_RandomUnderSampler___RandomizedSearchCV__niter_30__cv_5,5,9,APosteriori,resubstitution,283,17689,18,58,0.9957890070921985,0.9401993355481728,0.8299120234604106,0.881619937694704,0.9989834528717456,0.0010165471282543859,0.914447738166078,0.9105319207893033,0.8812593345352179,0.8794847864971453,0.9614882163837652,0.8469026851970184,22561,0.8802598396360961,0.003995286103789128,0.8812962498363802,0.014481779028675451,"{'classifier__estimator__ccp_alpha': np.float64(0.003892499304680768), 'classifier__estimator__max_depth': 13, 'classifier__estimator__max_features': 'log2', 'classifier__estimator__max_leaf_nodes': 2, 'classifier__estimator__min_impurity_decrease': np.float64(0.08689875621296594), 'classifier__estimator__min_samples_leaf': 9, 'classifier__estimator__min_samples_split': 3, 'classifier__max_features': np.float64(0.5976492056122238), 'classifier__max_samples': np.float64(0.5367415844592991), 'classifier__n_estimators': 748, 'feature_selection_filter__k': 26}",29.483015537261963,"[0, 1, 2, 3, 4, 5, 6, 7, 8, 9, 10, 11, 12, 14, 16, 17, 18, 19, 20, 21, 22, 23, 24, 27, 28, 29]","['Amount_log1p', 'V1', 'V2', 'V3', 'V4', 'V5', 'V6', 'V7', 'V8', 'V9', 'V10', 'V11', 'V12', 'V14', 'V16', 'V17', 'V18', 'V19', 'V20', 'V21', 'V22', 'V23', 'V24', 'V27', 'V28', 'Time_sin']"
CostSensitiveLearning_with_RandomUnderSampler___RandomizedSearchCV__niter_30__cv_5,5,10,APosteriori,resubstitution,286,17680,27,55,0.9954565602836879,0.9137380191693291,0.8387096774193549,0.8746177370030581,0.9984751793076184,0.0015248206923815788,0.9185924283634866,0.9151124496739869,0.8731387889080635,0.8723084168095637,0.965569227472211,0.862159382472403,22561,0.8732282979256208,0.017195995654589444,0.8742203696493667,0.039085825036363375,"{'classifier__estimator__ccp_alpha': np.float64(0.0010808519537158412), 'classifier__estimator__max_depth': 18, 'classifier__estimator__max_features': 'log2', 'classifier__estimator__max_leaf_nodes': 10, 'classifier__estimator__min_impurity_decrease': np.float64(0.09483372224998458), 'classifier__estimator__min_samples_leaf': 6, 'classifier__estimator__min_samples_split': 4, 'classifier__max_features': np.float64(0.664351281066865), 'classifier__max_samples': np.float64(0.5728124541591055), 'classifier__n_estimators': 698, 'feature_selection_filter__k': 20}",28.633192777633667,"[1, 2, 3, 4, 5, 6, 7, 8, 9, 10, 11, 12, 14, 16, 17, 18, 19, 20, 21, 27]","['V1', 'V2', 'V3', 'V4', 'V5', 'V6', 'V7', 'V8', 'V9', 'V10', 'V11', 'V12', 'V14', 'V16', 'V17', 'V18', 'V19', 'V20', 'V21', 'V27']"
CostSensitiveLearning_with_RandomUnderSampler___RandomizedSearchCV__niter_30__cv_5,6,1,APosteriori,resubstitution,284,17674,33,57,0.9950132978723404,0.8958990536277602,0.8328445747800587,0.8632218844984803,0.998136330264867,0.0018636697351329667,0.9154904525224629,0.9117523937736448,0.8612802359659822,0.8606856790964192,0.9721608019228606,0.8609105268389377,22560,0.8654361396338632,0.011471630257183413,0.8706076285871323,0.018933786727196204,"{'classifier__estimator__ccp_alpha': np.float64(0.008858804994376258), 'classifier__estimator__max_depth': 6, 'classifier__estimator__max_features': 'sqrt', 'classifier__estimator__max_leaf_nodes': 13, 'classifier__estimator__min_impurity_decrease': np.float64(0.08242742305909817), 'classifier__estimator__min_samples_leaf': 8, 'classifier__estimator__min_samples_split': 4, 'classifier__max_features': np.float64(0.6766608466683238), 'classifier__max_samples': np.float64(0.743374522852879), 'classifier__n_estimators': 669, 'feature_selection_filter__k': 20}",28.70061683654785,"[1, 2, 3, 4, 5, 6, 7, 8, 9, 10, 11, 12, 14, 16, 17, 18, 19, 20, 21, 27]","['V1', 'V2', 'V3', 'V4', 'V5', 'V6', 'V7', 'V8', 'V9', 'V10', 'V11', 'V12', 'V14', 'V16', 'V17', 'V18', 'V19', 'V20', 'V21', 'V27']"
CostSensitiveLearning_with_RandomUnderSampler___RandomizedSearchCV__niter_30__cv_5,6,2,APosteriori,resubstitution,277,17681,26,64,0.9950132978723404,0.9141914191419142,0.8123167155425219,0.860248447204969,0.998531654148077,0.0014683458519230141,0.9054241848452995,0.9006242022413162,0.8592707231821722,0.8577188022773821,0.9673457007161375,0.8436049966425998,22560,0.8596198714623824,0.01547956334381848,0.8519025287209285,0.03792748511125501,"{'classifier__estimator__ccp_alpha': np.float64(0.001456470130768669), 'classifier__estimator__max_depth': 17, 'classifier__estimator__max_features': 'log2', 'classifier__estimator__max_leaf_nodes': 2, 'classifier__estimator__min_impurity_decrease': np.float64(0.06222920053145284), 'classifier__estimator__min_samples_leaf': 6, 'classifier__estimator__min_samples_split': 8, 'classifier__max_features': np.float64(0.9347223062843282), 'classifier__max_samples': np.float64(0.526322889466911), 'classifier__n_estimators': 853, 'feature_selection_filter__k': 26}",31.707661867141724,"[0, 1, 2, 3, 4, 5, 6, 7, 8, 9, 10, 11, 12, 14, 16, 17, 18, 19, 20, 21, 23, 24, 27, 28, 29, 30]","['Amount_log1p', 'V1', 'V2', 'V3', 'V4', 'V5', 'V6', 'V7', 'V8', 'V9', 'V10', 'V11', 'V12', 'V14', 'V16', 'V17', 'V18', 'V19', 'V20', 'V21', 'V23', 'V24', 'V27', 'V28', 'Time_sin', 'Time_cos']"
CostSensitiveLearning_with_RandomUnderSampler___RandomizedSearchCV__niter_30__cv_5,6,3,APosteriori,resubstitution,281,17686,21,60,0.9955119680851063,0.9304635761589404,0.8240469208211144,0.8740279937791602,0.9988140283503699,0.0011859716496300798,0.9114304745857422,0.9072318471785785,0.8734185781680108,0.871751835703445,0.9693753998576039,0.8594167568620181,22560,0.8788398160789621,0.00248911559544405,0.8777347259891896,0.019170630189941078,"{'classifier__estimator__ccp_alpha': np.float64(0.007463579226999631), 'classifier__estimator__max_depth': 14, 'classifier__estimator__max_features': 'log2', 'classifier__estimator__max_leaf_nodes': 2, 'classifier__estimator__min_impurity_decrease': np.float64(0.07268784999228527), 'classifier__estimator__min_samples_leaf': 8, 'classifier__estimator__min_samples_split': 6, 'classifier__max_features': np.float64(0.5606274654512591), 'classifier__max_samples': np.float64(0.7109470545580736), 'classifier__n_estimators': 787, 'feature_selection_filter__k': 24}",34.25284814834595,"[1, 2, 3, 4, 5, 6, 7, 8, 9, 10, 11, 12, 14, 16, 17, 18, 19, 20, 21, 22, 23, 27, 28, 29]","['V1', 'V2', 'V3', 'V4', 'V5', 'V6', 'V7', 'V8', 'V9', 'V10', 'V11', 'V12', 'V14', 'V16', 'V17', 'V18', 'V19', 'V20', 'V21', 'V22', 'V23', 'V27', 'V28', 'Time_sin']"
CostSensitiveLearning_with_RandomUnderSampler___RandomizedSearchCV__niter_30__cv_5,6,4,APosteriori,resubstitution,289,17688,19,52,0.9960660460992907,0.9383116883116883,0.8475073313782991,0.8906009244992296,0.998926978031287,0.0010730219687129505,0.9232171547047932,0.9201075683815915,0.8897966695993446,0.8886032073452226,0.9669669383697188,0.8694250444800138,22560,0.8862524553620688,0.009883390419769269,0.8957263735591574,0.019107325395632195,"{'classifier__estimator__ccp_alpha': np.float64(0.0020752997986435897), 'classifier__estimator__max_depth': 3, 'classifier__estimator__max_features': 'log2', 'classifier__estimator__max_leaf_nodes': 2, 'classifier__estimator__min_impurity_decrease': np.float64(0.004491258909095952), 'classifier__estimator__min_samples_leaf': 9, 'classifier__estimator__min_samples_split': 4, 'classifier__max_features': np.float64(0.5870725508813195), 'classifier__max_samples': np.float64(0.5385745913458032), 'classifier__n_estimators': 209, 'feature_selection_filter__k': 20}",27.466453790664673,"[1, 2, 3, 4, 5, 6, 7, 8, 9, 10, 11, 12, 14, 16, 17, 18, 19, 20, 21, 27]","['V1', 'V2', 'V3', 'V4', 'V5', 'V6', 'V7', 'V8', 'V9', 'V10', 'V11', 'V12', 'V14', 'V16', 'V17', 'V18', 'V19', 'V20', 'V21', 'V27']"
CostSensitiveLearning_with_RandomUnderSampler___RandomizedSearchCV__niter_30__cv_5,6,5,APosteriori,resubstitution,280,17674,34,60,0.9947916666666666,0.89171974522293,0.8235294117647058,0.8562691131498471,0.9980799638581432,0.0019200361418567624,0.9108046878114245,0.9066135921825988,0.854321676103313,0.8536211616487223,0.9673780710612684,0.8568025539297414,22560,0.8617800465596115,0.005340458153709902,0.873513316819323,0.01578937623116777,"{'classifier__estimator__ccp_alpha': np.float64(0.0021468688901682665), 'classifier__estimator__max_depth': 9, 'classifier__estimator__max_features': 'sqrt', 'classifier__estimator__max_leaf_nodes': 3, 'classifier__estimator__min_impurity_decrease': np.float64(0.09038804747351074), 'classifier__estimator__min_samples_leaf': 7, 'classifier__estimator__min_samples_split': 7, 'classifier__max_features': np.float64(0.5590381006704422), 'classifier__max_samples': np.float64(0.5462004075378271), 'classifier__n_estimators': 930, 'feature_selection_filter__k': 24}",34.162534952163696,"[0, 1, 2, 3, 4, 5, 6, 7, 8, 9, 10, 11, 12, 14, 16, 17, 18, 19, 20, 21, 24, 27, 28, 29]","['Amount_log1p', 'V1', 'V2', 'V3', 'V4', 'V5', 'V6', 'V7', 'V8', 'V9', 'V10', 'V11', 'V12', 'V14', 'V16', 'V17', 'V18', 'V19', 'V20', 'V21', 'V24', 'V27', 'V28', 'Time_sin']"
CostSensitiveLearning_with_RandomUnderSampler___RandomizedSearchCV__niter_30__cv_5,6,6,APosteriori,resubstitution,280,17682,26,60,0.9952349290780141,0.9150326797385621,0.8235294117647058,0.8668730650154799,0.9985317370679919,0.0014682629320080798,0.9110305744163489,0.9068187547994325,0.8656978483829868,0.8644539551728908,0.9706373158027611,0.8498083800586969,22560,0.8690131099044989,0.009755306935639788,0.8721167207040296,0.025071720191803325,"{'classifier__estimator__ccp_alpha': np.float64(0.0024591837828543926), 'classifier__estimator__max_depth': 10, 'classifier__estimator__max_features': 'sqrt', 'classifier__estimator__max_leaf_nodes': 2, 'classifier__estimator__min_impurity_decrease': np.float64(0.036298396011158175), 'classifier__estimator__min_samples_leaf': 4, 'classifier__estimator__min_samples_split': 8, 'classifier__max_features': np.float64(0.5634531831013538), 'classifier__max_samples': np.float64(0.7082187103888632), 'classifier__n_estimators': 837, 'feature_selection_filter__k': 26}",33.119861364364624,"[0, 1, 2, 3, 4, 5, 6, 7, 8, 9, 10, 11, 12, 14, 16, 17, 18, 19, 20, 21, 22, 23, 24, 27, 28, 29]","['Amount_log1p', 'V1', 'V2', 'V3', 'V4', 'V5', 'V6', 'V7', 'V8', 'V9', 'V10', 'V11', 'V12', 'V14', 'V16', 'V17', 'V18', 'V19', 'V20', 'V21', 'V22', 'V23', 'V24', 'V27', 'V28', 'Time_sin']"
CostSensitiveLearning_with_RandomUnderSampler___RandomizedSearchCV__niter_30__cv_5,6,7,APosteriori,resubstitution,279,17652,56,61,0.9935172872340425,0.8328358208955224,0.8205882352941176,0.8266666666666667,0.9968375875310594,0.0031624124689405564,0.9087129114125885,0.9044297633464733,0.8233871850362504,0.8233637260970672,0.9597993263264195,0.8335079555878624,22560,0.8551871040913384,0.00547594860137365,0.8605297930685678,0.016253431699268704,"{'classifier__estimator__ccp_alpha': np.float64(0.0001448435724406838), 'classifier__estimator__max_depth': 18, 'classifier__estimator__max_features': 'log2', 'classifier__estimator__max_leaf_nodes': 2, 'classifier__estimator__min_impurity_decrease': np.float64(0.09545870931388203), 'classifier__estimator__min_samples_leaf': 3, 'classifier__estimator__min_samples_split': 6, 'classifier__max_features': np.float64(0.7860428431519566), 'classifier__max_samples': np.float64(0.5517683919373746), 'classifier__n_estimators': 224, 'feature_selection_filter__k': 28}",24.98518443107605,"[0, 1, 2, 3, 4, 5, 6, 7, 8, 9, 10, 11, 12, 13, 14, 15, 16, 17, 18, 19, 20, 21, 22, 23, 24, 27, 28, 29]","['Amount_log1p', 'V1', 'V2', 'V3', 'V4', 'V5', 'V6', 'V7', 'V8', 'V9', 'V10', 'V11', 'V12', 'V13', 'V14', 'V15', 'V16', 'V17', 'V18', 'V19', 'V20', 'V21', 'V22', 'V23', 'V24', 'V27', 'V28', 'Time_sin']"
CostSensitiveLearning_with_RandomUnderSampler___RandomizedSearchCV__niter_30__cv_5,6,8,APosteriori,resubstitution,282,17685,22,59,0.9955119680851063,0.9276315789473685,0.8269794721407625,0.8744186046511628,0.9987575535099114,0.0012424464900886445,0.9128685128253369,0.9088190108037055,0.8736327085486201,0.8721414157810922,0.9622023498502092,0.8476702189414148,22561,0.8708350666284341,0.005761907905082011,0.8727110896284918,0.02805872938222204,"{'classifier__estimator__ccp_alpha': np.float64(0.008037318023059016), 'classifier__estimator__max_depth': 4, 'classifier__estimator__max_features': 'sqrt', 'classifier__estimator__max_leaf_nodes': 7, 'classifier__estimator__min_impurity_decrease': np.float64(0.08712106433761364), 'classifier__estimator__min_samples_leaf': 8, 'classifier__estimator__min_samples_split': 3, 'classifier__max_features': np.float64(0.5597601240943483), 'classifier__max_samples': np.float64(0.5633457099944099), 'classifier__n_estimators': 664, 'feature_selection_filter__k': 20}",26.836503505706787,"[1, 2, 3, 4, 5, 6, 7, 8, 9, 10, 11, 12, 14, 16, 17, 18, 19, 20, 21, 27]","['V1', 'V2', 'V3', 'V4', 'V5', 'V6', 'V7', 'V8', 'V9', 'V10', 'V11', 'V12', 'V14', 'V16', 'V17', 'V18', 'V19', 'V20', 'V21', 'V27']"
CostSensitiveLearning_with_RandomUnderSampler___RandomizedSearchCV__niter_30__cv_5,6,9,APosteriori,resubstitution,284,17671,36,57,0.9948470744680851,0.8875,0.8328445747800587,0.859304084720121,0.9979669057434912,0.0020330942565087717,0.915405740261775,0.9116750096709402,0.8571312152187712,0.8566822593337413,0.9626398228445533,0.86895886811174,22561,0.871192934411747,0.009486088555319055,0.8711194029850745,0.030273786350750512,"{'classifier__estimator__ccp_alpha': np.float64(0.0011140631670405322), 'classifier__estimator__max_depth': 8, 'classifier__estimator__max_features': 'sqrt', 'classifier__estimator__max_leaf_nodes': 2, 'classifier__estimator__min_impurity_decrease': np.float64(0.033140445827240565), 'classifier__estimator__min_samples_leaf': 4, 'classifier__estimator__min_samples_split': 8, 'classifier__max_features': np.float64(0.5950263539598686), 'classifier__max_samples': np.float64(0.8559498292914578), 'classifier__n_estimators': 947, 'feature_selection_filter__k': 'all'}",33.53868913650513,"[0, 1, 2, 3, 4, 5, 6, 7, 8, 9, 10, 11, 12, 13, 14, 15, 16, 17, 18, 19, 20, 21, 22, 23, 24, 25, 26, 27, 28, 29, 30]","['Amount_log1p', 'V1', 'V2', 'V3', 'V4', 'V5', 'V6', 'V7', 'V8', 'V9', 'V10', 'V11', 'V12', 'V13', 'V14', 'V15', 'V16', 'V17', 'V18', 'V19', 'V20', 'V21', 'V22', 'V23', 'V24', 'V25', 'V26', 'V27', 'V28', 'Time_sin', 'Time_cos']"
CostSensitiveLearning_with_RandomUnderSampler___RandomizedSearchCV__niter_30__cv_5,6,10,APosteriori,resubstitution,286,17676,31,55,0.9952349290780141,0.9022082018927445,0.8387096774193549,0.8693009118541033,0.9982492799457842,0.0017507200542158374,0.9184794786825695,0.9150089243102669,0.8674762607864226,0.866877426692134,0.9634004942293809,0.8626182662275519,22561,0.8799326356557085,0.002188458488270401,0.881319949510128,0.018755273015321445,"{'classifier__estimator__ccp_alpha': np.float64(0.006089955098753504), 'classifier__estimator__max_depth': 19, 'classifier__estimator__max_features': 'log2', 'classifier__estimator__max_leaf_nodes': 2, 'classifier__estimator__min_impurity_decrease': np.float64(0.09534903476062169), 'classifier__estimator__min_samples_leaf': 8, 'classifier__estimator__min_samples_split': 3, 'classifier__max_features': np.float64(0.5850589515185862), 'classifier__max_samples': np.float64(0.8814606913205086), 'classifier__n_estimators': 989, 'feature_selection_filter__k': 20}",35.378116607666016,"[1, 2, 3, 4, 5, 6, 7, 8, 9, 10, 11, 12, 14, 16, 17, 18, 19, 20, 21, 27]","['V1', 'V2', 'V3', 'V4', 'V5', 'V6', 'V7', 'V8', 'V9', 'V10', 'V11', 'V12', 'V14', 'V16', 'V17', 'V18', 'V19', 'V20', 'V21', 'V27']"
CostSensitiveLearning_with_RandomUnderSampler___RandomizedSearchCV__niter_30__cv_5,7,1,APosteriori,resubstitution,276,17672,35,65,0.994459219858156,0.887459807073955,0.8093841642228738,0.8466257668711656,0.9980233805839499,0.001976619416050096,0.9037037724034118,0.8987682236087496,0.844738345997651,0.8438104976861488,0.9598365343195618,0.8359560432682642,22560,0.8449984373740925,0.00355775509424507,0.8515755042046538,0.0214545019952088,"{'classifier__estimator__ccp_alpha': np.float64(0.009501838023545248), 'classifier__estimator__max_depth': 7, 'classifier__estimator__max_features': 'sqrt', 'classifier__estimator__max_leaf_nodes': 2, 'classifier__estimator__min_impurity_decrease': np.float64(0.09580836753163942), 'classifier__estimator__min_samples_leaf': 4, 'classifier__estimator__min_samples_split': 8, 'classifier__max_features': np.float64(0.9033568083083441), 'classifier__max_samples': np.float64(0.7151133392025415), 'classifier__n_estimators': 764, 'feature_selection_filter__k': 'all'}",29.89771842956543,"[0, 1, 2, 3, 4, 5, 6, 7, 8, 9, 10, 11, 12, 13, 14, 15, 16, 17, 18, 19, 20, 21, 22, 23, 24, 25, 26, 27, 28, 29, 30]","['Amount_log1p', 'V1', 'V2', 'V3', 'V4', 'V5', 'V6', 'V7', 'V8', 'V9', 'V10', 'V11', 'V12', 'V13', 'V14', 'V15', 'V16', 'V17', 'V18', 'V19', 'V20', 'V21', 'V22', 'V23', 'V24', 'V25', 'V26', 'V27', 'V28', 'Time_sin', 'Time_cos']"
CostSensitiveLearning_with_RandomUnderSampler___RandomizedSearchCV__niter_30__cv_5,7,2,APosteriori,resubstitution,281,17677,30,60,0.9950132978723404,0.9035369774919614,0.8240469208211144,0.8619631901840491,0.9983057547862427,0.0016942452137572728,0.9111763378036786,0.9070009830587847,0.8603744707209858,0.859429447917534,0.9637054749293941,0.8476999803056832,22560,0.8629836135397573,0.008012622105788701,0.8666765315847732,0.015156705569868964,"{'classifier__estimator__ccp_alpha': np.float64(0.0015608497039134495), 'classifier__estimator__max_depth': 10, 'classifier__estimator__max_features': 'sqrt', 'classifier__estimator__max_leaf_nodes': 2, 'classifier__estimator__min_impurity_decrease': np.float64(0.011100303932287482), 'classifier__estimator__min_samples_leaf': 7, 'classifier__estimator__min_samples_split': 2, 'classifier__max_features': np.float64(0.8619567226475389), 'classifier__max_samples': np.float64(0.5952043633912039), 'classifier__n_estimators': 745, 'feature_selection_filter__k': 24}",29.578224182128906,"[0, 1, 2, 3, 4, 5, 6, 7, 8, 9, 10, 11, 12, 14, 16, 17, 18, 19, 20, 21, 24, 27, 28, 29]","['Amount_log1p', 'V1', 'V2', 'V3', 'V4', 'V5', 'V6', 'V7', 'V8', 'V9', 'V10', 'V11', 'V12', 'V14', 'V16', 'V17', 'V18', 'V19', 'V20', 'V21', 'V24', 'V27', 'V28', 'Time_sin']"
CostSensitiveLearning_with_RandomUnderSampler___RandomizedSearchCV__niter_30__cv_5,7,3,APosteriori,resubstitution,287,17670,37,54,0.994957890070922,0.8858024691358025,0.841642228739003,0.8631578947368421,0.9979104309030327,0.0020895690969673364,0.9197763298210178,0.9164516130964728,0.8608832325544805,0.8605912323554158,0.9608973835587331,0.8641871183175964,22560,0.8735411724011367,0.010481714473292178,0.8764546433592434,0.02005561058742752,"{'classifier__estimator__ccp_alpha': np.float64(0.0013968683087092848), 'classifier__estimator__max_depth': 8, 'classifier__estimator__max_features': 'log2', 'classifier__estimator__max_leaf_nodes': 11, 'classifier__estimator__min_impurity_decrease': np.float64(0.09203545238915344), 'classifier__estimator__min_samples_leaf': 4, 'classifier__estimator__min_samples_split': 2, 'classifier__max_features': np.float64(0.6734148721636322), 'classifier__max_samples': np.float64(0.779019909767612), 'classifier__n_estimators': 954, 'feature_selection_filter__k': 'all'}",29.51475763320923,"[0, 1, 2, 3, 4, 5, 6, 7, 8, 9, 10, 11, 12, 13, 14, 15, 16, 17, 18, 19, 20, 21, 22, 23, 24, 25, 26, 27, 28, 29, 30]","['Amount_log1p', 'V1', 'V2', 'V3', 'V4', 'V5', 'V6', 'V7', 'V8', 'V9', 'V10', 'V11', 'V12', 'V13', 'V14', 'V15', 'V16', 'V17', 'V18', 'V19', 'V20', 'V21', 'V22', 'V23', 'V24', 'V25', 'V26', 'V27', 'V28', 'Time_sin', 'Time_cos']"
CostSensitiveLearning_with_RandomUnderSampler___RandomizedSearchCV__niter_30__cv_5,7,4,APosteriori,resubstitution,285,17668,39,56,0.9947362588652482,0.8796296296296297,0.8357771260997068,0.8571428571428571,0.9977974812221155,0.0022025187778844657,0.9167873036609111,0.9132011340801903,0.8547532954424959,0.8544633744369725,0.970302017841081,0.8642470859671204,22560,0.8829715736559901,0.003322055996988402,0.876122538503151,0.02159348841500148,"{'classifier__estimator__ccp_alpha': np.float64(0.0008373992389638219), 'classifier__estimator__max_depth': 12, 'classifier__estimator__max_features': 'sqrt', 'classifier__estimator__max_leaf_nodes': 2, 'classifier__estimator__min_impurity_decrease': np.float64(0.010568683531908452), 'classifier__estimator__min_samples_leaf': 1, 'classifier__estimator__min_samples_split': 6, 'classifier__max_features': np.float64(0.531844784875128), 'classifier__max_samples': np.float64(0.6484172893350177), 'classifier__n_estimators': 301, 'feature_selection_filter__k': 'all'}",27.37276530265808,"[0, 1, 2, 3, 4, 5, 6, 7, 8, 9, 10, 11, 12, 13, 14, 15, 16, 17, 18, 19, 20, 21, 22, 23, 24, 25, 26, 27, 28, 29, 30]","['Amount_log1p', 'V1', 'V2', 'V3', 'V4', 'V5', 'V6', 'V7', 'V8', 'V9', 'V10', 'V11', 'V12', 'V13', 'V14', 'V15', 'V16', 'V17', 'V18', 'V19', 'V20', 'V21', 'V22', 'V23', 'V24', 'V25', 'V26', 'V27', 'V28', 'Time_sin', 'Time_cos']"
CostSensitiveLearning_with_RandomUnderSampler___RandomizedSearchCV__niter_30__cv_5,7,5,APosteriori,resubstitution,276,17666,42,64,0.9941267730496454,0.8679245283018868,0.8117647058823529,0.8389057750759878,0.9976281906482946,0.002371809351705445,0.9046964482653237,0.8999107482198203,0.8364031812028716,0.8359180413580729,0.9609308355146893,0.8471759292822403,22560,0.8584193037819411,0.00999756036547591,0.8567321147577835,0.03126915108681736,"{'classifier__estimator__ccp_alpha': np.float64(0.0005302943568602026), 'classifier__estimator__max_depth': 19, 'classifier__estimator__max_features': 'log2', 'classifier__estimator__max_leaf_nodes': 2, 'classifier__estimator__min_impurity_decrease': np.float64(0.044650844266799376), 'classifier__estimator__min_samples_leaf': 1, 'classifier__estimator__min_samples_split': 7, 'classifier__max_features': np.float64(0.6541004085334552), 'classifier__max_samples': np.float64(0.7316828752871178), 'classifier__n_estimators': 310, 'feature_selection_filter__k': 24}",26.39384698867798,"[1, 2, 3, 4, 5, 6, 7, 8, 9, 10, 11, 12, 14, 16, 17, 18, 19, 20, 21, 23, 24, 27, 28, 29]","['V1', 'V2', 'V3', 'V4', 'V5', 'V6', 'V7', 'V8', 'V9', 'V10', 'V11', 'V12', 'V14', 'V16', 'V17', 'V18', 'V19', 'V20', 'V21', 'V23', 'V24', 'V27', 'V28', 'Time_sin']"
CostSensitiveLearning_with_RandomUnderSampler___RandomizedSearchCV__niter_30__cv_5,7,6,APosteriori,resubstitution,291,17685,23,49,0.9960106382978723,0.9267515923566879,0.8558823529411764,0.8899082568807339,0.9987011520216851,0.001298847978314921,0.9272917524814308,0.9245380964986697,0.8886086673203392,0.8878800387096596,0.9662702301385881,0.8760020145266729,22560,0.883137457227855,0.003964345443072499,0.8869707455722263,0.018559854743959575,"{'classifier__estimator__ccp_alpha': np.float64(0.00377034434502595), 'classifier__estimator__max_depth': 11, 'classifier__estimator__max_features': 'log2', 'classifier__estimator__max_leaf_nodes': 16, 'classifier__estimator__min_impurity_decrease': np.float64(0.08941443884460643), 'classifier__estimator__min_samples_leaf': 5, 'classifier__estimator__min_samples_split': 7, 'classifier__max_features': np.float64(0.6163162399178634), 'classifier__max_samples': np.float64(0.5949824222322384), 'classifier__n_estimators': 151, 'feature_selection_filter__k': 'all'}",30.26853632926941,"[0, 1, 2, 3, 4, 5, 6, 7, 8, 9, 10, 11, 12, 13, 14, 15, 16, 17, 18, 19, 20, 21, 22, 23, 24, 25, 26, 27, 28, 29, 30]","['Amount_log1p', 'V1', 'V2', 'V3', 'V4', 'V5', 'V6', 'V7', 'V8', 'V9', 'V10', 'V11', 'V12', 'V13', 'V14', 'V15', 'V16', 'V17', 'V18', 'V19', 'V20', 'V21', 'V22', 'V23', 'V24', 'V25', 'V26', 'V27', 'V28', 'Time_sin', 'Time_cos']"
CostSensitiveLearning_with_RandomUnderSampler___RandomizedSearchCV__niter_30__cv_5,7,7,APosteriori,resubstitution,280,17679,29,60,0.9950687056737588,0.9061488673139159,0.8235294117647058,0.8628659476117103,0.9983623221142987,0.0016376778857013496,0.9109458669395023,0.9067418242580597,0.8613804707241274,0.8603609900415821,0.9649574303405573,0.8578672989764675,22560,0.8610442166735656,0.011323579845982357,0.8570394440490497,0.03535272300572996,"{'classifier__estimator__ccp_alpha': np.float64(0.0023906984555002774), 'classifier__estimator__max_depth': 17, 'classifier__estimator__max_features': 'log2', 'classifier__estimator__max_leaf_nodes': 2, 'classifier__estimator__min_impurity_decrease': np.float64(0.0287016221262854), 'classifier__estimator__min_samples_leaf': 1, 'classifier__estimator__min_samples_split': 7, 'classifier__max_features': np.float64(0.6450422419501508), 'classifier__max_samples': np.float64(0.6827475110292708), 'classifier__n_estimators': 512, 'feature_selection_filter__k': 28}",28.92793893814087,"[0, 1, 2, 3, 4, 5, 6, 7, 8, 9, 10, 11, 12, 13, 14, 16, 17, 18, 19, 20, 21, 22, 23, 24, 26, 27, 28, 29]","['Amount_log1p', 'V1', 'V2', 'V3', 'V4', 'V5', 'V6', 'V7', 'V8', 'V9', 'V10', 'V11', 'V12', 'V13', 'V14', 'V16', 'V17', 'V18', 'V19', 'V20', 'V21', 'V22', 'V23', 'V24', 'V26', 'V27', 'V28', 'Time_sin']"
CostSensitiveLearning_with_RandomUnderSampler___RandomizedSearchCV__niter_30__cv_5,7,8,APosteriori,resubstitution,285,17691,16,56,0.9960106382978723,0.946843853820598,0.8357771260997068,0.8878504672897196,0.9990964025526627,0.0009035974473372566,0.9174367643261847,0.9137953381485486,0.8876150386739828,0.8858276924709797,0.9680615731439445,0.8613353190694389,22561,0.8823636259615888,0.012563080661685176,0.8832836398717774,0.03344091806471957,"{'classifier__estimator__ccp_alpha': np.float64(0.0009296837662230706), 'classifier__estimator__max_depth': 7, 'classifier__estimator__max_features': 'sqrt', 'classifier__estimator__max_leaf_nodes': 2, 'classifier__estimator__min_impurity_decrease': np.float64(0.08304952829781358), 'classifier__estimator__min_samples_leaf': 6, 'classifier__estimator__min_samples_split': 8, 'classifier__max_features': np.float64(0.5303018631509395), 'classifier__max_samples': np.float64(0.5794187781187699), 'classifier__n_estimators': 497, 'feature_selection_filter__k': 28}",26.10423183441162,"[0, 1, 2, 3, 4, 5, 6, 7, 8, 9, 10, 11, 12, 13, 14, 16, 17, 18, 19, 20, 21, 22, 23, 24, 26, 27, 28, 29]","['Amount_log1p', 'V1', 'V2', 'V3', 'V4', 'V5', 'V6', 'V7', 'V8', 'V9', 'V10', 'V11', 'V12', 'V13', 'V14', 'V16', 'V17', 'V18', 'V19', 'V20', 'V21', 'V22', 'V23', 'V24', 'V26', 'V27', 'V28', 'Time_sin']"
CostSensitiveLearning_with_RandomUnderSampler___RandomizedSearchCV__niter_30__cv_5,7,9,APosteriori,resubstitution,282,17674,33,59,0.9949024822695035,0.8952380952380953,0.8269794721407625,0.8597560975609756,0.998136330264867,0.0018636697351329667,0.9125579012028148,0.9085363259259134,0.8578635273656202,0.857164313995302,0.9617180077067455,0.8607351268236694,22561,0.8668248955480357,0.007960329498811721,0.8717179391504019,0.027019387120433277,"{'classifier__estimator__ccp_alpha': np.float64(0.005075955726043937), 'classifier__estimator__max_depth': 14, 'classifier__estimator__max_features': 'sqrt', 'classifier__estimator__max_leaf_nodes': 2, 'classifier__estimator__min_impurity_decrease': np.float64(0.01703726431551097), 'classifier__estimator__min_samples_leaf': 4, 'classifier__estimator__min_samples_split': 8, 'classifier__max_features': np.float64(0.6856998920667858), 'classifier__max_samples': np.float64(0.5852828898285372), 'classifier__n_estimators': 487, 'feature_selection_filter__k': 24}",29.61656618118286,"[1, 2, 3, 4, 5, 6, 7, 8, 9, 10, 11, 12, 14, 16, 17, 18, 19, 20, 21, 24, 25, 27, 28, 29]","['V1', 'V2', 'V3', 'V4', 'V5', 'V6', 'V7', 'V8', 'V9', 'V10', 'V11', 'V12', 'V14', 'V16', 'V17', 'V18', 'V19', 'V20', 'V21', 'V24', 'V25', 'V27', 'V28', 'Time_sin']"
CostSensitiveLearning_with_RandomUnderSampler___RandomizedSearchCV__niter_30__cv_5,7,10,APosteriori,resubstitution,290,17678,29,51,0.9955673758865248,0.9090909090909091,0.8504398826979472,0.8787878787878788,0.9983622296267013,0.0016377703732987081,0.9244010561623243,0.9214374951421246,0.8770385302004057,0.8765328427392839,0.9746199417133274,0.8801138722972727,22561,0.877908179111549,0.011650147748869591,0.8788044375920443,0.010424180461456668,"{'classifier__estimator__ccp_alpha': np.float64(0.008387808016549526), 'classifier__estimator__max_depth': 14, 'classifier__estimator__max_features': 'log2', 'classifier__estimator__max_leaf_nodes': 12, 'classifier__estimator__min_impurity_decrease': np.float64(0.08862836795160915), 'classifier__estimator__min_samples_leaf': 8, 'classifier__estimator__min_samples_split': 9, 'classifier__max_features': np.float64(0.8405562192729746), 'classifier__max_samples': np.float64(0.5907643638430684), 'classifier__n_estimators': 678, 'feature_selection_filter__k': 28}",32.79759669303894,"[0, 1, 2, 3, 4, 5, 6, 7, 8, 9, 10, 11, 12, 14, 16, 17, 18, 19, 20, 21, 22, 23, 24, 26, 27, 28, 29, 30]","['Amount_log1p', 'V1', 'V2', 'V3', 'V4', 'V5', 'V6', 'V7', 'V8', 'V9', 'V10', 'V11', 'V12', 'V14', 'V16', 'V17', 'V18', 'V19', 'V20', 'V21', 'V22', 'V23', 'V24', 'V26', 'V27', 'V28', 'Time_sin', 'Time_cos']"
CostSensitiveLearning_with_RandomUnderSampler___RandomizedSearchCV__niter_30__cv_5,8,1,APosteriori,resubstitution,282,17684,23,59,0.9954565602836879,0.9245901639344263,0.8269794721407625,0.8730650154798761,0.9987010786694528,0.0012989213305472092,0.9128402754051077,0.9087933158119476,0.8721642720418002,0.8707592124284713,0.9632400957455567,0.8604035013263378,22560,0.8746169791876488,0.010875090572918642,0.8700728419785259,0.014085096734651711,"{'classifier__estimator__ccp_alpha': np.float64(0.008073165201331929), 'classifier__estimator__max_depth': 10, 'classifier__estimator__max_features': 'log2', 'classifier__estimator__max_leaf_nodes': 2, 'classifier__estimator__min_impurity_decrease': np.float64(0.04961713392730575), 'classifier__estimator__min_samples_leaf': 6, 'classifier__estimator__min_samples_split': 4, 'classifier__max_features': np.float64(0.8418621633696518), 'classifier__max_samples': np.float64(0.9932774233124804), 'classifier__n_estimators': 980, 'feature_selection_filter__k': 26}",32.20991826057434,"[0, 1, 2, 3, 4, 5, 6, 7, 8, 9, 10, 11, 12, 13, 14, 16, 17, 18, 19, 20, 21, 22, 23, 27, 28, 29]","['Amount_log1p', 'V1', 'V2', 'V3', 'V4', 'V5', 'V6', 'V7', 'V8', 'V9', 'V10', 'V11', 'V12', 'V13', 'V14', 'V16', 'V17', 'V18', 'V19', 'V20', 'V21', 'V22', 'V23', 'V27', 'V28', 'Time_sin']"
CostSensitiveLearning_with_RandomUnderSampler___RandomizedSearchCV__niter_30__cv_5,8,2,APosteriori,resubstitution,285,17681,26,56,0.9954565602836879,0.9163987138263665,0.8357771260997068,0.8742331288343558,0.998531654148077,0.0014683458519230141,0.9171543901238919,0.9135370360436769,0.8728833704996537,0.8719246081026419,0.9648280987007972,0.8600987337658977,22560,0.8716395226070951,0.006959105556258651,0.8755347567200034,0.01678851271331751,"{'classifier__estimator__ccp_alpha': np.float64(0.007017460915864763), 'classifier__estimator__max_depth': 17, 'classifier__estimator__max_features': 'sqrt', 'classifier__estimator__max_leaf_nodes': 2, 'classifier__estimator__min_impurity_decrease': np.float64(0.023930482237732843), 'classifier__estimator__min_samples_leaf': 2, 'classifier__estimator__min_samples_split': 5, 'classifier__max_features': np.float64(0.6410484369030456), 'classifier__max_samples': np.float64(0.5856668974897681), 'classifier__n_estimators': 632, 'feature_selection_filter__k': 26}",31.292726755142212,"[0, 1, 2, 3, 4, 5, 6, 7, 8, 9, 10, 11, 12, 14, 16, 17, 18, 19, 20, 21, 23, 24, 25, 27, 28, 29]","['Amount_log1p', 'V1', 'V2', 'V3', 'V4', 'V5', 'V6', 'V7', 'V8', 'V9', 'V10', 'V11', 'V12', 'V14', 'V16', 'V17', 'V18', 'V19', 'V20', 'V21', 'V23', 'V24', 'V25', 'V27', 'V28', 'Time_sin']"
CostSensitiveLearning_with_RandomUnderSampler___RandomizedSearchCV__niter_30__cv_5,8,3,APosteriori,resubstitution,281,17688,19,60,0.9956227836879432,0.9366666666666666,0.8240469208211144,0.8767550702028081,0.998926978031287,0.0010730219687129505,0.9114869494262008,0.9072831423386104,0.8763960414692656,0.8745361736996496,0.964692294099108,0.8550765616164189,22560,0.8710299541843908,0.011245580208908274,0.8718632435886751,0.030458044470046516,"{'classifier__estimator__ccp_alpha': np.float64(0.004899378312842671), 'classifier__estimator__max_depth': 10, 'classifier__estimator__max_features': 'log2', 'classifier__estimator__max_leaf_nodes': 2, 'classifier__estimator__min_impurity_decrease': np.float64(0.02026827428451791), 'classifier__estimator__min_samples_leaf': 4, 'classifier__estimator__min_samples_split': 2, 'classifier__max_features': np.float64(0.8281733081383718), 'classifier__max_samples': np.float64(0.6162777622417512), 'classifier__n_estimators': 755, 'feature_selection_filter__k': 26}",32.25804138183594,"[0, 1, 2, 3, 4, 5, 6, 7, 8, 9, 10, 11, 12, 13, 14, 16, 17, 18, 19, 20, 21, 22, 24, 27, 28, 29]","['Amount_log1p', 'V1', 'V2', 'V3', 'V4', 'V5', 'V6', 'V7', 'V8', 'V9', 'V10', 'V11', 'V12', 'V13', 'V14', 'V16', 'V17', 'V18', 'V19', 'V20', 'V21', 'V22', 'V24', 'V27', 'V28', 'Time_sin']"
CostSensitiveLearning_with_RandomUnderSampler___RandomizedSearchCV__niter_30__cv_5,8,4,APosteriori,resubstitution,279,17686,21,62,0.9954011524822695,0.93,0.8181818181818182,0.8705148205928237,0.9988140283503699,0.0011859716496300798,0.9084979232660941,0.9039974987472099,0.8700299326577506,0.8681835748996318,0.9687092948478551,0.8544490193841421,22560,0.8718669209040335,0.007217612781735956,0.8730700647151931,0.0373687304277559,"{'classifier__estimator__ccp_alpha': np.float64(0.0012861348880371826), 'classifier__estimator__max_depth': 17, 'classifier__estimator__max_features': 'sqrt', 'classifier__estimator__max_leaf_nodes': 2, 'classifier__estimator__min_impurity_decrease': np.float64(0.03127691570526682), 'classifier__estimator__min_samples_leaf': 7, 'classifier__estimator__min_samples_split': 4, 'classifier__max_features': np.float64(0.6518523924340462), 'classifier__max_samples': np.float64(0.5443669000329865), 'classifier__n_estimators': 318, 'feature_selection_filter__k': 24}",26.180138111114502,"[0, 1, 2, 3, 4, 5, 6, 7, 8, 9, 10, 11, 12, 14, 16, 17, 18, 19, 20, 21, 22, 24, 27, 29]","['Amount_log1p', 'V1', 'V2', 'V3', 'V4', 'V5', 'V6', 'V7', 'V8', 'V9', 'V10', 'V11', 'V12', 'V14', 'V16', 'V17', 'V18', 'V19', 'V20', 'V21', 'V22', 'V24', 'V27', 'Time_sin']"
CostSensitiveLearning_with_RandomUnderSampler___RandomizedSearchCV__niter_30__cv_5,8,5,APosteriori,resubstitution,281,17685,23,59,0.9954565602836879,0.9243421052631579,0.8264705882352941,0.8726708074534162,0.9987011520216851,0.001298847978314921,0.9125858701284896,0.9085136920171473,0.8717782010071846,0.8703651795625021,0.9675288835886737,0.8489079155316406,22560,0.8756632300339655,0.010782483788464569,0.8753248681661543,0.02622640609923671,"{'classifier__estimator__ccp_alpha': np.float64(0.0075515236655799905), 'classifier__estimator__max_depth': 6, 'classifier__estimator__max_features': 'log2', 'classifier__estimator__max_leaf_nodes': 2, 'classifier__estimator__min_impurity_decrease': np.float64(0.09893127729817885), 'classifier__estimator__min_samples_leaf': 8, 'classifier__estimator__min_samples_split': 7, 'classifier__max_features': np.float64(0.5913730151316696), 'classifier__max_samples': np.float64(0.6176848124006381), 'classifier__n_estimators': 336, 'feature_selection_filter__k': 'all'}",22.579506397247314,"[0, 1, 2, 3, 4, 5, 6, 7, 8, 9, 10, 11, 12, 13, 14, 15, 16, 17, 18, 19, 20, 21, 22, 23, 24, 25, 26, 27, 28, 29, 30]","['Amount_log1p', 'V1', 'V2', 'V3', 'V4', 'V5', 'V6', 'V7', 'V8', 'V9', 'V10', 'V11', 'V12', 'V13', 'V14', 'V15', 'V16', 'V17', 'V18', 'V19', 'V20', 'V21', 'V22', 'V23', 'V24', 'V25', 'V26', 'V27', 'V28', 'Time_sin', 'Time_cos']"
CostSensitiveLearning_with_RandomUnderSampler___RandomizedSearchCV__niter_30__cv_5,8,6,APosteriori,resubstitution,281,17679,29,59,0.9951241134751773,0.9064516129032258,0.8264705882352941,0.8646153846153846,0.9983623221142987,0.0016376778857013496,0.9124164551747964,0.908359562964886,0.8630918659338455,0.8621381202041596,0.9623883023957267,0.8538381442632549,22560,0.8632039518301052,0.007320212013941476,0.8704800976800977,0.015219357440888565,"{'classifier__estimator__ccp_alpha': np.float64(0.0012615727649523234), 'classifier__estimator__max_depth': 5, 'classifier__estimator__max_features': 'log2', 'classifier__estimator__max_leaf_nodes': 18, 'classifier__estimator__min_impurity_decrease': np.float64(0.09015251166130692), 'classifier__estimator__min_samples_leaf': 9, 'classifier__estimator__min_samples_split': 3, 'classifier__max_features': np.float64(0.5550013587970073), 'classifier__max_samples': np.float64(0.7377354457487185), 'classifier__n_estimators': 345, 'feature_selection_filter__k': 28}",28.14811110496521,"[0, 1, 2, 3, 4, 5, 6, 7, 8, 9, 10, 11, 12, 14, 16, 17, 18, 19, 20, 21, 23, 24, 25, 26, 27, 28, 29, 30]","['Amount_log1p', 'V1', 'V2', 'V3', 'V4', 'V5', 'V6', 'V7', 'V8', 'V9', 'V10', 'V11', 'V12', 'V14', 'V16', 'V17', 'V18', 'V19', 'V20', 'V21', 'V23', 'V24', 'V25', 'V26', 'V27', 'V28', 'Time_sin', 'Time_cos']"
CostSensitiveLearning_with_RandomUnderSampler___RandomizedSearchCV__niter_30__cv_5,8,7,APosteriori,resubstitution,286,17682,26,54,0.9955673758865248,0.9166666666666666,0.8411764705882353,0.8773006134969326,0.9985317370679919,0.0014682629320080798,0.9198541038281136,0.9164831707986749,0.8758857813339738,0.8750477709652227,0.9653220046771814,0.8493622886925348,22560,0.8801333868658403,0.005065513823563294,0.8821395271395271,0.0142956383625723,"{'classifier__estimator__ccp_alpha': np.float64(0.005477397876332181), 'classifier__estimator__max_depth': 15, 'classifier__estimator__max_features': 'log2', 'classifier__estimator__max_leaf_nodes': 2, 'classifier__estimator__min_impurity_decrease': np.float64(0.09859992681665702), 'classifier__estimator__min_samples_leaf': 8, 'classifier__estimator__min_samples_split': 9, 'classifier__max_features': np.float64(0.9348802893443868), 'classifier__max_samples': np.float64(0.9366401344284528), 'classifier__n_estimators': 668, 'feature_selection_filter__k': 28}",28.394466400146484,"[0, 1, 2, 3, 4, 5, 6, 7, 8, 9, 10, 11, 12, 14, 15, 16, 17, 18, 19, 20, 21, 22, 23, 24, 27, 28, 29, 30]","['Amount_log1p', 'V1', 'V2', 'V3', 'V4', 'V5', 'V6', 'V7', 'V8', 'V9', 'V10', 'V11', 'V12', 'V14', 'V15', 'V16', 'V17', 'V18', 'V19', 'V20', 'V21', 'V22', 'V23', 'V24', 'V27', 'V28', 'Time_sin', 'Time_cos']"
CostSensitiveLearning_with_RandomUnderSampler___RandomizedSearchCV__niter_30__cv_5,8,8,APosteriori,resubstitution,284,17674,33,57,0.9950132978723404,0.8958990536277602,0.8328445747800587,0.8632218844984803,0.998136330264867,0.0018636697351329667,0.9154904525224629,0.9117523937736448,0.8612802359659822,0.8606856790964192,0.9694049622007765,0.8673525457580151,22561,0.8715108684697286,0.011161761370747116,0.8704652267359174,0.028170495720660608,"{'classifier__estimator__ccp_alpha': np.float64(0.007080794064012095), 'classifier__estimator__max_depth': 14, 'classifier__estimator__max_features': 'sqrt', 'classifier__estimator__max_leaf_nodes': 10, 'classifier__estimator__min_impurity_decrease': np.float64(0.06973860732371982), 'classifier__estimator__min_samples_leaf': 6, 'classifier__estimator__min_samples_split': 5, 'classifier__max_features': np.float64(0.5484017572614331), 'classifier__max_samples': np.float64(0.9635961419367343), 'classifier__n_estimators': 230, 'feature_selection_filter__k': 28}",25.56097102165222,"[0, 1, 2, 3, 4, 5, 6, 7, 8, 9, 10, 11, 12, 14, 16, 17, 18, 19, 20, 21, 22, 23, 24, 25, 27, 28, 29, 30]","['Amount_log1p', 'V1', 'V2', 'V3', 'V4', 'V5', 'V6', 'V7', 'V8', 'V9', 'V10', 'V11', 'V12', 'V14', 'V16', 'V17', 'V18', 'V19', 'V20', 'V21', 'V22', 'V23', 'V24', 'V25', 'V27', 'V28', 'Time_sin', 'Time_cos']"
CostSensitiveLearning_with_RandomUnderSampler___RandomizedSearchCV__niter_30__cv_5,8,9,APosteriori,resubstitution,283,17676,31,58,0.9950687056737588,0.9012738853503185,0.8299120234604106,0.8641221374045801,0.9982492799457842,0.0017507200542158374,0.9140806517030974,0.9101972752308719,0.8623755617888772,0.8616152673681338,0.9653844007216192,0.8629716420540553,22561,0.8625792417210569,0.008490115767315369,0.8666131855183309,0.021495126954355327,"{'classifier__estimator__ccp_alpha': np.float64(0.006779555482085757), 'classifier__estimator__max_depth': 13, 'classifier__estimator__max_features': 'log2', 'classifier__estimator__max_leaf_nodes': 19, 'classifier__estimator__min_impurity_decrease': np.float64(0.09508648660726736), 'classifier__estimator__min_samples_leaf': 2, 'classifier__estimator__min_samples_split': 5, 'classifier__max_features': np.float64(0.9308443165983644), 'classifier__max_samples': np.float64(0.5795382045328481), 'classifier__n_estimators': 461, 'feature_selection_filter__k': 'all'}",31.203537464141846,"[0, 1, 2, 3, 4, 5, 6, 7, 8, 9, 10, 11, 12, 13, 14, 15, 16, 17, 18, 19, 20, 21, 22, 23, 24, 25, 26, 27, 28, 29, 30]","['Amount_log1p', 'V1', 'V2', 'V3', 'V4', 'V5', 'V6', 'V7', 'V8', 'V9', 'V10', 'V11', 'V12', 'V13', 'V14', 'V15', 'V16', 'V17', 'V18', 'V19', 'V20', 'V21', 'V22', 'V23', 'V24', 'V25', 'V26', 'V27', 'V28', 'Time_sin', 'Time_cos']"
CostSensitiveLearning_with_RandomUnderSampler___RandomizedSearchCV__niter_30__cv_5,8,10,APosteriori,resubstitution,281,17669,38,60,0.9945700354609929,0.8808777429467085,0.8240469208211144,0.8515151515151516,0.9978539560625741,0.002146043937425901,0.9109504384418443,0.9067957211646578,0.8492423929746177,0.8487527323556228,0.9643042572920861,0.8499435782724513,22561,0.8541741748824603,0.013544162698710784,0.8564675014774797,0.035639707515841786,"{'classifier__estimator__ccp_alpha': np.float64(0.0024358809173762454), 'classifier__estimator__max_depth': 18, 'classifier__estimator__max_features': 'sqrt', 'classifier__estimator__max_leaf_nodes': 2, 'classifier__estimator__min_impurity_decrease': np.float64(0.06773634869256275), 'classifier__estimator__min_samples_leaf': 8, 'classifier__estimator__min_samples_split': 8, 'classifier__max_features': np.float64(0.7875088592659909), 'classifier__max_samples': np.float64(0.5517157451630026), 'classifier__n_estimators': 380, 'feature_selection_filter__k': 26}",29.40141797065735,"[0, 1, 2, 3, 4, 5, 6, 7, 8, 9, 10, 11, 12, 14, 16, 17, 18, 19, 20, 21, 23, 24, 27, 28, 29, 30]","['Amount_log1p', 'V1', 'V2', 'V3', 'V4', 'V5', 'V6', 'V7', 'V8', 'V9', 'V10', 'V11', 'V12', 'V14', 'V16', 'V17', 'V18', 'V19', 'V20', 'V21', 'V23', 'V24', 'V27', 'V28', 'Time_sin', 'Time_cos']"
CostSensitiveLearning_with_RandomUnderSampler___RandomizedSearchCV__niter_30__cv_5,9,1,APosteriori,resubstitution,279,17686,21,62,0.9954011524822695,0.93,0.8181818181818182,0.8705148205928237,0.9988140283503699,0.0011859716496300798,0.9084979232660941,0.9039974987472099,0.8700299326577506,0.8681835748996318,0.9609135310571045,0.8564138127232653,22560,0.87025557619584,0.018195371993750774,0.8623784014640672,0.032672888675475714,"{'classifier__estimator__ccp_alpha': np.float64(0.007770428779888943), 'classifier__estimator__max_depth': 19, 'classifier__estimator__max_features': 'log2', 'classifier__estimator__max_leaf_nodes': 2, 'classifier__estimator__min_impurity_decrease': np.float64(0.09179762562879187), 'classifier__estimator__min_samples_leaf': 7, 'classifier__estimator__min_samples_split': 4, 'classifier__max_features': np.float64(0.5676327010765261), 'classifier__max_samples': np.float64(0.843769247135871), 'classifier__n_estimators': 305, 'feature_selection_filter__k': 20}",28.294116735458374,"[1, 2, 3, 4, 5, 6, 7, 8, 9, 10, 11, 12, 14, 16, 17, 18, 19, 20, 21, 27]","['V1', 'V2', 'V3', 'V4', 'V5', 'V6', 'V7', 'V8', 'V9', 'V10', 'V11', 'V12', 'V14', 'V16', 'V17', 'V18', 'V19', 'V20', 'V21', 'V27']"
CostSensitiveLearning_with_RandomUnderSampler___RandomizedSearchCV__niter_30__cv_5,9,2,APosteriori,resubstitution,292,17687,20,49,0.9961768617021277,0.9358974358974359,0.8563049853372434,0.8943338437978561,0.9988705031908285,0.0011294968091715152,0.9275877442640359,0.9248447391798406,0.8933050527876227,0.8923909662166366,0.9713631983109884,0.8785265173634799,22560,0.8999513729293966,0.008136745484953684,0.9022672572498612,0.033909095494678125,"{'classifier__estimator__ccp_alpha': np.float64(0.006955295287709109), 'classifier__estimator__max_depth': 16, 'classifier__estimator__max_features': 'log2', 'classifier__estimator__max_leaf_nodes': 2, 'classifier__estimator__min_impurity_decrease': np.float64(0.09097693976341431), 'classifier__estimator__min_samples_leaf': 2, 'classifier__estimator__min_samples_split': 5, 'classifier__max_features': np.float64(0.681552033592509), 'classifier__max_samples': np.float64(0.9274864079120382), 'classifier__n_estimators': 586, 'feature_selection_filter__k': 28}",31.332684755325317,"[0, 1, 2, 3, 4, 5, 6, 7, 8, 9, 10, 11, 12, 13, 14, 16, 17, 18, 19, 20, 21, 23, 24, 26, 27, 28, 29, 30]","['Amount_log1p', 'V1', 'V2', 'V3', 'V4', 'V5', 'V6', 'V7', 'V8', 'V9', 'V10', 'V11', 'V12', 'V13', 'V14', 'V16', 'V17', 'V18', 'V19', 'V20', 'V21', 'V23', 'V24', 'V26', 'V27', 'V28', 'Time_sin', 'Time_cos']"
CostSensitiveLearning_with_RandomUnderSampler___RandomizedSearchCV__niter_30__cv_5,9,3,APosteriori,resubstitution,284,17675,32,57,0.9950687056737588,0.8987341772151899,0.8328445747800587,0.8645357686453576,0.9981928051053256,0.001807194894674402,0.9155186899426921,0.9117781870150541,0.8626762448401956,0.8620281146989561,0.9590759457424182,0.8507255647494253,22560,0.8696083999441253,0.009292663894223315,0.8715352475133009,0.03088192596745684,"{'classifier__estimator__ccp_alpha': np.float64(0.0032618422431659466), 'classifier__estimator__max_depth': 10, 'classifier__estimator__max_features': 'sqrt', 'classifier__estimator__max_leaf_nodes': 2, 'classifier__estimator__min_impurity_decrease': np.float64(0.09120165307726238), 'classifier__estimator__min_samples_leaf': 9, 'classifier__estimator__min_samples_split': 7, 'classifier__max_features': np.float64(0.6227258409437091), 'classifier__max_samples': np.float64(0.9189779058111938), 'classifier__n_estimators': 510, 'feature_selection_filter__k': 20}",26.437928199768066,"[1, 2, 3, 4, 5, 6, 7, 8, 9, 10, 11, 12, 14, 16, 17, 18, 19, 20, 21, 27]","['V1', 'V2', 'V3', 'V4', 'V5', 'V6', 'V7', 'V8', 'V9', 'V10', 'V11', 'V12', 'V14', 'V16', 'V17', 'V18', 'V19', 'V20', 'V21', 'V27']"
CostSensitiveLearning_with_RandomUnderSampler___RandomizedSearchCV__niter_30__cv_5,9,4,APosteriori,resubstitution,287,17680,27,54,0.9955119680851063,0.9140127388535032,0.841642228739003,0.8763358778625954,0.9984751793076184,0.0015248206923815788,0.9200587040233107,0.9167109005859151,0.8748256151947623,0.8740543444586386,0.9654376460624036,0.8695131938733756,22560,0.8770179922041645,0.007921490945492077,0.8796023252826035,0.010594605839005754,"{'classifier__estimator__ccp_alpha': np.float64(0.004059045539511132), 'classifier__estimator__max_depth': 6, 'classifier__estimator__max_features': 'log2', 'classifier__estimator__max_leaf_nodes': 2, 'classifier__estimator__min_impurity_decrease': np.float64(0.05498053412238131), 'classifier__estimator__min_samples_leaf': 1, 'classifier__estimator__min_samples_split': 4, 'classifier__max_features': np.float64(0.6157422592799734), 'classifier__max_samples': np.float64(0.9188653633462913), 'classifier__n_estimators': 659, 'feature_selection_filter__k': 20}",32.44964647293091,"[1, 2, 3, 4, 5, 6, 7, 8, 9, 10, 11, 12, 14, 16, 17, 18, 19, 20, 21, 27]","['V1', 'V2', 'V3', 'V4', 'V5', 'V6', 'V7', 'V8', 'V9', 'V10', 'V11', 'V12', 'V14', 'V16', 'V17', 'V18', 'V19', 'V20', 'V21', 'V27']"
CostSensitiveLearning_with_RandomUnderSampler___RandomizedSearchCV__niter_30__cv_5,9,5,APosteriori,resubstitution,283,17682,26,57,0.9954011524822695,0.9158576051779935,0.8323529411764706,0.8721109399075501,0.9985317370679919,0.0014682629320080798,0.9154423391222313,0.9116637692738444,0.8708054914797863,0.8697748558814754,0.9694148706467001,0.8570414366513894,22560,0.8644600188563916,0.01725785315060488,0.8626759301885609,0.02371461189600546,"{'classifier__estimator__ccp_alpha': np.float64(1.530729590623059e-05), 'classifier__estimator__max_depth': 17, 'classifier__estimator__max_features': 'sqrt', 'classifier__estimator__max_leaf_nodes': 12, 'classifier__estimator__min_impurity_decrease': np.float64(0.08783699163391069), 'classifier__estimator__min_samples_leaf': 3, 'classifier__estimator__min_samples_split': 2, 'classifier__max_features': np.float64(0.6768004701597452), 'classifier__max_samples': np.float64(0.7232885999352094), 'classifier__n_estimators': 413, 'feature_selection_filter__k': 22}",26.488431453704834,"[1, 2, 3, 4, 5, 6, 7, 8, 9, 10, 11, 12, 14, 16, 17, 18, 19, 20, 21, 27, 28, 29]","['V1', 'V2', 'V3', 'V4', 'V5', 'V6', 'V7', 'V8', 'V9', 'V10', 'V11', 'V12', 'V14', 'V16', 'V17', 'V18', 'V19', 'V20', 'V21', 'V27', 'V28', 'Time_sin']"
CostSensitiveLearning_with_RandomUnderSampler___RandomizedSearchCV__niter_30__cv_5,9,6,APosteriori,resubstitution,280,17693,15,60,0.995844414893617,0.9491525423728814,0.8235294117647058,0.8818897637795275,0.9991529252315338,0.0008470747684662383,0.9113411684981199,0.9071007776310801,0.8820831047107779,0.8797855749794847,0.9624003441448864,0.8608841941316855,22560,0.8739503935169569,0.006260705112025894,0.8731647501878642,0.019207158325861087,"{'classifier__estimator__ccp_alpha': np.float64(0.008814546781585537), 'classifier__estimator__max_depth': 6, 'classifier__estimator__max_features': 'log2', 'classifier__estimator__max_leaf_nodes': 2, 'classifier__estimator__min_impurity_decrease': np.float64(0.024214362502813603), 'classifier__estimator__min_samples_leaf': 8, 'classifier__estimator__min_samples_split': 5, 'classifier__max_features': np.float64(0.743553220207448), 'classifier__max_samples': np.float64(0.517590449598144), 'classifier__n_estimators': 396, 'feature_selection_filter__k': 26}",30.449187755584717,"[0, 1, 2, 3, 4, 5, 6, 7, 8, 9, 10, 11, 12, 14, 16, 17, 18, 19, 20, 21, 22, 23, 24, 27, 28, 29]","['Amount_log1p', 'V1', 'V2', 'V3', 'V4', 'V5', 'V6', 'V7', 'V8', 'V9', 'V10', 'V11', 'V12', 'V14', 'V16', 'V17', 'V18', 'V19', 'V20', 'V21', 'V22', 'V23', 'V24', 'V27', 'V28', 'Time_sin']"
CostSensitiveLearning_with_RandomUnderSampler___RandomizedSearchCV__niter_30__cv_5,9,7,APosteriori,resubstitution,288,17654,54,52,0.9941267730496454,0.8421052631578947,0.8470588235294118,0.844574780058651,0.9969505308335216,0.0030494691664784135,0.9220046771814667,0.918953613500086,0.8415853992367136,0.8415816397508615,0.9745407526010179,0.860153162718799,22560,0.8756427809260774,0.011746416500623493,0.8802229614008785,0.025335970830219875,"{'classifier__estimator__ccp_alpha': np.float64(0.001771223707515155), 'classifier__estimator__max_depth': 13, 'classifier__estimator__max_features': 'log2', 'classifier__estimator__max_leaf_nodes': 2, 'classifier__estimator__min_impurity_decrease': np.float64(0.07198831922262573), 'classifier__estimator__min_samples_leaf': 4, 'classifier__estimator__min_samples_split': 5, 'classifier__max_features': np.float64(0.7657822811444959), 'classifier__max_samples': np.float64(0.8792864074146092), 'classifier__n_estimators': 133, 'feature_selection_filter__k': 28}",27.793025016784668,"[0, 1, 2, 3, 4, 5, 6, 7, 8, 9, 10, 11, 12, 14, 16, 17, 18, 19, 20, 21, 22, 23, 24, 26, 27, 28, 29, 30]","['Amount_log1p', 'V1', 'V2', 'V3', 'V4', 'V5', 'V6', 'V7', 'V8', 'V9', 'V10', 'V11', 'V12', 'V14', 'V16', 'V17', 'V18', 'V19', 'V20', 'V21', 'V22', 'V23', 'V24', 'V26', 'V27', 'V28', 'Time_sin', 'Time_cos']"
CostSensitiveLearning_with_RandomUnderSampler___RandomizedSearchCV__niter_30__cv_5,9,8,APosteriori,resubstitution,282,17681,26,59,0.9952903368794326,0.9155844155844156,0.8269794721407625,0.8690292758089369,0.998531654148077,0.0014683458519230141,0.9127555631444197,0.9087162264773415,0.8678016034125263,0.8666376425963932,0.9644694586215801,0.8529271119253069,22561,0.86197330361743,0.01446542087822034,0.8705593709877174,0.028221589186533006,"{'classifier__estimator__ccp_alpha': np.float64(9.83719888329937e-05), 'classifier__estimator__max_depth': 6, 'classifier__estimator__max_features': 'sqrt', 'classifier__estimator__max_leaf_nodes': 2, 'classifier__estimator__min_impurity_decrease': np.float64(0.02276208706980054), 'classifier__estimator__min_samples_leaf': 9, 'classifier__estimator__min_samples_split': 8, 'classifier__max_features': np.float64(0.5032013700144851), 'classifier__max_samples': np.float64(0.7745640408553658), 'classifier__n_estimators': 120, 'feature_selection_filter__k': 28}",23.702237844467163,"[0, 1, 2, 3, 4, 5, 6, 7, 8, 9, 10, 11, 12, 13, 14, 16, 17, 18, 19, 20, 21, 22, 24, 25, 27, 28, 29, 30]","['Amount_log1p', 'V1', 'V2', 'V3', 'V4', 'V5', 'V6', 'V7', 'V8', 'V9', 'V10', 'V11', 'V12', 'V13', 'V14', 'V16', 'V17', 'V18', 'V19', 'V20', 'V21', 'V22', 'V24', 'V25', 'V27', 'V28', 'Time_sin', 'Time_cos']"
CostSensitiveLearning_with_RandomUnderSampler___RandomizedSearchCV__niter_30__cv_5,9,9,APosteriori,resubstitution,279,17679,28,62,0.9950132978723404,0.9087947882736156,0.8181818181818182,0.8611111111111112,0.9984187044671599,0.0015812955328401435,0.908300261324489,0.9038185829731962,0.8598072464031155,0.8585792979636471,0.9646794589080946,0.8706724911814326,22561,0.8664408888712949,0.015618464468519768,0.8650003398755917,0.029315663909083387,"{'classifier__estimator__ccp_alpha': np.float64(0.006744962736569601), 'classifier__estimator__max_depth': 3, 'classifier__estimator__max_features': 'log2', 'classifier__estimator__max_leaf_nodes': 2, 'classifier__estimator__min_impurity_decrease': np.float64(0.06009155607295844), 'classifier__estimator__min_samples_leaf': 1, 'classifier__estimator__min_samples_split': 6, 'classifier__max_features': np.float64(0.6957156297923954), 'classifier__max_samples': np.float64(0.526634317582307), 'classifier__n_estimators': 898, 'feature_selection_filter__k': 22}",31.365163326263428,"[1, 2, 3, 4, 5, 6, 7, 8, 9, 10, 11, 12, 14, 16, 17, 18, 19, 20, 21, 27, 28, 29]","['V1', 'V2', 'V3', 'V4', 'V5', 'V6', 'V7', 'V8', 'V9', 'V10', 'V11', 'V12', 'V14', 'V16', 'V17', 'V18', 'V19', 'V20', 'V21', 'V27', 'V28', 'Time_sin']"
CostSensitiveLearning_with_RandomUnderSampler___RandomizedSearchCV__niter_30__cv_5,9,10,APosteriori,resubstitution,276,17664,43,65,0.9940159574468085,0.8652037617554859,0.8093841642228738,0.8363636363636363,0.9975715818602813,0.0024284181397187243,0.9034778730415776,0.898564767301987,0.8338000945158466,0.8333193376980332,0.9697958144690527,0.847193116236184,22561,0.858308225152373,0.012921878092278976,0.861961624002755,0.036402867829052325,"{'classifier__estimator__ccp_alpha': np.float64(0.009619428002441945), 'classifier__estimator__max_depth': 19, 'classifier__estimator__max_features': 'sqrt', 'classifier__estimator__max_leaf_nodes': 2, 'classifier__estimator__min_impurity_decrease': np.float64(0.035741589527250775), 'classifier__estimator__min_samples_leaf': 8, 'classifier__estimator__min_samples_split': 3, 'classifier__max_features': np.float64(0.6604970250448162), 'classifier__max_samples': np.float64(0.8451984940228919), 'classifier__n_estimators': 324, 'feature_selection_filter__k': 22}",24.943214654922485,"[1, 2, 3, 4, 5, 6, 7, 8, 9, 10, 11, 12, 14, 16, 17, 18, 19, 20, 21, 27, 28, 29]","['V1', 'V2', 'V3', 'V4', 'V5', 'V6', 'V7', 'V8', 'V9', 'V10', 'V11', 'V12', 'V14', 'V16', 'V17', 'V18', 'V19', 'V20', 'V21', 'V27', 'V28', 'Time_sin']"
CostSensitiveLearning_with_RandomUnderSampler___RandomizedSearchCV__niter_30__cv_5,10,1,APosteriori,resubstitution,285,17683,24,56,0.9955673758865248,0.9223300970873787,0.8357771260997068,0.8769230769230769,0.9986446038289942,0.0013553961710057738,0.9172108649643504,0.9135887023071033,0.875772859213573,0.8746716928539845,0.9691042046926451,0.859224443427538,22560,0.870194989751036,0.008454268365985866,0.871470983957319,0.046190696732124795,"{'classifier__estimator__ccp_alpha': np.float64(0.008248226204894193), 'classifier__estimator__max_depth': 9, 'classifier__estimator__max_features': 'sqrt', 'classifier__estimator__max_leaf_nodes': 2, 'classifier__estimator__min_impurity_decrease': np.float64(0.08615461677346153), 'classifier__estimator__min_samples_leaf': 4, 'classifier__estimator__min_samples_split': 7, 'classifier__max_features': np.float64(0.5532556233852026), 'classifier__max_samples': np.float64(0.6001168400726526), 'classifier__n_estimators': 986, 'feature_selection_filter__k': 'all'}",30.89301872253418,"[0, 1, 2, 3, 4, 5, 6, 7, 8, 9, 10, 11, 12, 13, 14, 15, 16, 17, 18, 19, 20, 21, 22, 23, 24, 25, 26, 27, 28, 29, 30]","['Amount_log1p', 'V1', 'V2', 'V3', 'V4', 'V5', 'V6', 'V7', 'V8', 'V9', 'V10', 'V11', 'V12', 'V13', 'V14', 'V15', 'V16', 'V17', 'V18', 'V19', 'V20', 'V21', 'V22', 'V23', 'V24', 'V25', 'V26', 'V27', 'V28', 'Time_sin', 'Time_cos']"
CostSensitiveLearning_with_RandomUnderSampler___RandomizedSearchCV__niter_30__cv_5,10,2,APosteriori,resubstitution,275,17681,26,66,0.9949024822695035,0.9136212624584718,0.8064516129032258,0.8566978193146417,0.998531654148077,0.0014683458519230141,0.9024916335256514,0.8973669611829057,0.8558365179801576,0.8541131626018075,0.9631174575656165,0.860758626460428,22560,0.853996272401288,0.01055267851306146,0.8530454884339246,0.03373532739192473,"{'classifier__estimator__ccp_alpha': np.float64(0.009427362438745627), 'classifier__estimator__max_depth': 17, 'classifier__estimator__max_features': 'log2', 'classifier__estimator__max_leaf_nodes': 2, 'classifier__estimator__min_impurity_decrease': np.float64(0.08701548450231492), 'classifier__estimator__min_samples_leaf': 5, 'classifier__estimator__min_samples_split': 6, 'classifier__max_features': np.float64(0.8656783570947426), 'classifier__max_samples': np.float64(0.792535550790989), 'classifier__n_estimators': 268, 'feature_selection_filter__k': 26}",29.368695735931396,"[0, 1, 2, 3, 4, 5, 6, 7, 8, 9, 10, 11, 12, 14, 16, 17, 18, 19, 20, 21, 22, 24, 27, 28, 29, 30]","['Amount_log1p', 'V1', 'V2', 'V3', 'V4', 'V5', 'V6', 'V7', 'V8', 'V9', 'V10', 'V11', 'V12', 'V14', 'V16', 'V17', 'V18', 'V19', 'V20', 'V21', 'V22', 'V24', 'V27', 'V28', 'Time_sin', 'Time_cos']"
CostSensitiveLearning_with_RandomUnderSampler___RandomizedSearchCV__niter_30__cv_5,10,3,APosteriori,resubstitution,282,17684,23,59,0.9954565602836879,0.9245901639344263,0.8269794721407625,0.8730650154798761,0.9987010786694528,0.0012989213305472092,0.9128402754051077,0.9087933158119476,0.8721642720418002,0.8707592124284713,0.9604501392576822,0.8596320788757019,22560,0.867965255475846,0.015945183276515448,0.8738848806707947,0.042248986879360406,"{'classifier__estimator__ccp_alpha': np.float64(0.00447613188073158), 'classifier__estimator__max_depth': 6, 'classifier__estimator__max_features': 'log2', 'classifier__estimator__max_leaf_nodes': 2, 'classifier__estimator__min_impurity_decrease': np.float64(0.06738098001303681), 'classifier__estimator__min_samples_leaf': 4, 'classifier__estimator__min_samples_split': 4, 'classifier__max_features': np.float64(0.6661381748088919), 'classifier__max_samples': np.float64(0.6081638810760277), 'classifier__n_estimators': 126, 'feature_selection_filter__k': 20}",24.341327905654907,"[1, 2, 3, 4, 5, 6, 7, 8, 9, 10, 11, 12, 14, 16, 17, 18, 19, 20, 21, 27]","['V1', 'V2', 'V3', 'V4', 'V5', 'V6', 'V7', 'V8', 'V9', 'V10', 'V11', 'V12', 'V14', 'V16', 'V17', 'V18', 'V19', 'V20', 'V21', 'V27']"
CostSensitiveLearning_with_RandomUnderSampler___RandomizedSearchCV__niter_30__cv_5,10,4,APosteriori,resubstitution,285,17683,24,56,0.9955673758865248,0.9223300970873787,0.8357771260997068,0.8769230769230769,0.9986446038289942,0.0013553961710057738,0.9172108649643504,0.9135887023071033,0.875772859213573,0.8746716928539845,0.9727287798271208,0.8656255856425703,22560,0.8752717259046584,0.007578581065563932,0.8722613485725178,0.037515835229269316,"{'classifier__estimator__ccp_alpha': np.float64(0.005152055121560547), 'classifier__estimator__max_depth': 5, 'classifier__estimator__max_features': 'sqrt', 'classifier__estimator__max_leaf_nodes': 2, 'classifier__estimator__min_impurity_decrease': np.float64(0.04915458725166936), 'classifier__estimator__min_samples_leaf': 4, 'classifier__estimator__min_samples_split': 2, 'classifier__max_features': np.float64(0.9565540883633301), 'classifier__max_samples': np.float64(0.5557853729960219), 'classifier__n_estimators': 145, 'feature_selection_filter__k': 24}",24.110053300857544,"[0, 1, 2, 3, 4, 5, 6, 7, 8, 9, 10, 11, 12, 14, 16, 17, 18, 19, 20, 21, 24, 27, 28, 29]","['Amount_log1p', 'V1', 'V2', 'V3', 'V4', 'V5', 'V6', 'V7', 'V8', 'V9', 'V10', 'V11', 'V12', 'V14', 'V16', 'V17', 'V18', 'V19', 'V20', 'V21', 'V24', 'V27', 'V28', 'Time_sin']"
CostSensitiveLearning_with_RandomUnderSampler___RandomizedSearchCV__niter_30__cv_5,10,5,APosteriori,resubstitution,288,17678,30,52,0.9954565602836879,0.9056603773584906,0.8470588235294118,0.8753799392097265,0.9983058504630675,0.0016941495369324766,0.9226823369962396,0.9195780441135896,0.8735753743757563,0.873068673503415,0.9713315849267198,0.8659829801677563,22560,0.8719759396051796,0.01055951544055474,0.8755090834508643,0.026412304128886746,"{'classifier__estimator__ccp_alpha': np.float64(0.008115372919538585), 'classifier__estimator__max_depth': 14, 'classifier__estimator__max_features': 'log2', 'classifier__estimator__max_leaf_nodes': 11, 'classifier__estimator__min_impurity_decrease': np.float64(0.09129679363087428), 'classifier__estimator__min_samples_leaf': 3, 'classifier__estimator__min_samples_split': 7, 'classifier__max_features': np.float64(0.6795460820342847), 'classifier__max_samples': np.float64(0.6235680454184066), 'classifier__n_estimators': 962, 'feature_selection_filter__k': 22}",30.857227325439453,"[1, 2, 3, 4, 5, 6, 7, 8, 9, 10, 11, 12, 14, 16, 17, 18, 19, 20, 21, 23, 27, 29]","['V1', 'V2', 'V3', 'V4', 'V5', 'V6', 'V7', 'V8', 'V9', 'V10', 'V11', 'V12', 'V14', 'V16', 'V17', 'V18', 'V19', 'V20', 'V21', 'V23', 'V27', 'Time_sin']"
CostSensitiveLearning_with_RandomUnderSampler___RandomizedSearchCV__niter_30__cv_5,10,6,APosteriori,resubstitution,282,17667,41,58,0.9945146276595744,0.8730650154798761,0.8294117647058824,0.8506787330316742,0.9976846622995257,0.002315337700474318,0.913548213502704,0.9096655409422971,0.8481759947200759,0.8478865987456011,0.9634554505109023,0.8466950585472108,22560,0.8720096223310454,0.005427571465328268,0.8706706007647049,0.012320029311885219,"{'classifier__estimator__ccp_alpha': np.float64(0.008920743073463142), 'classifier__estimator__max_depth': 10, 'classifier__estimator__max_features': 'sqrt', 'classifier__estimator__max_leaf_nodes': 2, 'classifier__estimator__min_impurity_decrease': np.float64(0.028144807840326483), 'classifier__estimator__min_samples_leaf': 7, 'classifier__estimator__min_samples_split': 2, 'classifier__max_features': np.float64(0.5440538490893121), 'classifier__max_samples': np.float64(0.8371882594699158), 'classifier__n_estimators': 424, 'feature_selection_filter__k': 22}",25.78892993927002,"[1, 2, 3, 4, 5, 6, 7, 8, 9, 10, 11, 12, 14, 16, 17, 18, 19, 20, 21, 27, 28, 29]","['V1', 'V2', 'V3', 'V4', 'V5', 'V6', 'V7', 'V8', 'V9', 'V10', 'V11', 'V12', 'V14', 'V16', 'V17', 'V18', 'V19', 'V20', 'V21', 'V27', 'V28', 'Time_sin']"
CostSensitiveLearning_with_RandomUnderSampler___RandomizedSearchCV__niter_30__cv_5,10,7,APosteriori,resubstitution,283,17686,22,57,0.9956227836879432,0.9278688524590164,0.8323529411764706,0.8775193798449612,0.9987576236729162,0.001242376327083794,0.9155552824246934,0.9117668811634773,0.8766365465193114,0.8752976325833773,0.9687418614384989,0.8689229531798637,22560,0.8725346429515751,0.007874184814025378,0.8720647857817252,0.026942018396326203,"{'classifier__estimator__ccp_alpha': np.float64(0.009554657822410806), 'classifier__estimator__max_depth': 8, 'classifier__estimator__max_features': 'log2', 'classifier__estimator__max_leaf_nodes': 2, 'classifier__estimator__min_impurity_decrease': np.float64(0.031983504110988006), 'classifier__estimator__min_samples_leaf': 4, 'classifier__estimator__min_samples_split': 4, 'classifier__max_features': np.float64(0.9696577549980505), 'classifier__max_samples': np.float64(0.8344766703545418), 'classifier__n_estimators': 457, 'feature_selection_filter__k': 'all'}",29.640724420547485,"[0, 1, 2, 3, 4, 5, 6, 7, 8, 9, 10, 11, 12, 13, 14, 15, 16, 17, 18, 19, 20, 21, 22, 23, 24, 25, 26, 27, 28, 29, 30]","['Amount_log1p', 'V1', 'V2', 'V3', 'V4', 'V5', 'V6', 'V7', 'V8', 'V9', 'V10', 'V11', 'V12', 'V13', 'V14', 'V15', 'V16', 'V17', 'V18', 'V19', 'V20', 'V21', 'V22', 'V23', 'V24', 'V25', 'V26', 'V27', 'V28', 'Time_sin', 'Time_cos']"
CostSensitiveLearning_with_RandomUnderSampler___RandomizedSearchCV__niter_30__cv_5,10,8,APosteriori,resubstitution,293,17683,24,48,0.9960106382978723,0.9242902208201893,0.8592375366568915,0.8905775075987842,0.9986446038289942,0.0013553961710057738,0.9289410702429428,0.9263222600098318,0.8891623476579638,0.8885485432771354,0.9648338952386741,0.8708041320785483,22561,0.8936790327976208,0.006967827514083381,0.8935581000685795,0.021208006210824477,"{'classifier__estimator__ccp_alpha': np.float64(0.009548354992331682), 'classifier__estimator__max_depth': 12, 'classifier__estimator__max_features': 'log2', 'classifier__estimator__max_leaf_nodes': 11, 'classifier__estimator__min_impurity_decrease': np.float64(0.08136190279770408), 'classifier__estimator__min_samples_leaf': 8, 'classifier__estimator__min_samples_split': 2, 'classifier__max_features': np.float64(0.5961408336712365), 'classifier__max_samples': np.float64(0.5554421775526337), 'classifier__n_estimators': 592, 'feature_selection_filter__k': 20}",28.527808666229248,"[1, 2, 3, 4, 5, 6, 7, 8, 9, 10, 11, 12, 14, 16, 17, 18, 19, 20, 21, 27]","['V1', 'V2', 'V3', 'V4', 'V5', 'V6', 'V7', 'V8', 'V9', 'V10', 'V11', 'V12', 'V14', 'V16', 'V17', 'V18', 'V19', 'V20', 'V21', 'V27']"
CostSensitiveLearning_with_RandomUnderSampler___RandomizedSearchCV__niter_30__cv_5,10,9,APosteriori,resubstitution,284,17680,27,57,0.995345744680851,0.9131832797427653,0.8328445747800587,0.8711656441717791,0.9984751793076184,0.0015248206923815788,0.9156598770438386,0.9119071422786952,0.8697561455549867,0.868800818056365,0.9709629887744247,0.8775383982684685,22561,0.877861048353283,0.006485340345418836,0.8758072508025997,0.03814333614622144,"{'classifier__estimator__ccp_alpha': np.float64(0.006218898847113734), 'classifier__estimator__max_depth': 19, 'classifier__estimator__max_features': 'sqrt', 'classifier__estimator__max_leaf_nodes': 2, 'classifier__estimator__min_impurity_decrease': np.float64(0.0651732447984027), 'classifier__estimator__min_samples_leaf': 4, 'classifier__estimator__min_samples_split': 4, 'classifier__max_features': np.float64(0.8368946620957987), 'classifier__max_samples': np.float64(0.6699182027601027), 'classifier__n_estimators': 497, 'feature_selection_filter__k': 28}",28.884079933166504,"[1, 2, 3, 4, 5, 6, 7, 8, 9, 10, 11, 12, 14, 16, 17, 18, 19, 20, 21, 22, 23, 24, 25, 26, 27, 28, 29, 30]","['V1', 'V2', 'V3', 'V4', 'V5', 'V6', 'V7', 'V8', 'V9', 'V10', 'V11', 'V12', 'V14', 'V16', 'V17', 'V18', 'V19', 'V20', 'V21', 'V22', 'V23', 'V24', 'V25', 'V26', 'V27', 'V28', 'Time_sin', 'Time_cos']"
CostSensitiveLearning_with_RandomUnderSampler___RandomizedSearchCV__niter_30__cv_5,10,10,APosteriori,resubstitution,285,17686,21,56,0.9957335992907801,0.9313725490196079,0.8357771260997068,0.8809891808346213,0.9988140283503699,0.0011859716496300798,0.9172955772250384,0.9136661962241699,0.8801596601284272,0.8788235183326933,0.9688352453351534,0.8586088805695373,22561,0.8715365513957952,0.011003276826800973,0.8683136354960409,0.0327611978359353,"{'classifier__estimator__ccp_alpha': np.float64(0.0030362740863907533), 'classifier__estimator__max_depth': 14, 'classifier__estimator__max_features': 'sqrt', 'classifier__estimator__max_leaf_nodes': 2, 'classifier__estimator__min_impurity_decrease': np.float64(0.04056386159748885), 'classifier__estimator__min_samples_leaf': 4, 'classifier__estimator__min_samples_split': 2, 'classifier__max_features': np.float64(0.8458267355796325), 'classifier__max_samples': np.float64(0.922185610041542), 'classifier__n_estimators': 613, 'feature_selection_filter__k': 24}",28.493677377700806,"[0, 1, 2, 3, 4, 5, 6, 7, 8, 9, 10, 11, 12, 14, 16, 17, 18, 19, 20, 21, 24, 27, 28, 29]","['Amount_log1p', 'V1', 'V2', 'V3', 'V4', 'V5', 'V6', 'V7', 'V8', 'V9', 'V10', 'V11', 'V12', 'V14', 'V16', 'V17', 'V18', 'V19', 'V20', 'V21', 'V24', 'V27', 'V28', 'Time_sin']"
