experiment_name,iteration,fold,model,split,tp,tn,fp,fn,accuracy,precision,recall,f1,specificity,fpr,balanced_accuracy,geometric_mean,mcc,kappa,roc_auc,average_precision,fold_size,cv_tuning_mean_train_score,cv_tuning_std_train_score,cv_tuning_mean_val_score,cv_tuning_std_val_score,best_params,tuning_time,selected_features_indices,selected_features_names
CostSensitiveLearning_with_RandomUnderSampler___RandomizedSearchCV__niter_30__cv_5,1,1,DecisionTreeClassifier,resubstitution,340,22024,110,86,0.9913120567375886,0.7555555555555555,0.7981220657276995,0.776255707762557,0.9950302701725852,0.004969729827414837,0.8965761679501423,0.8911540914408319,0.7721305424612366,0.7718291195284006,0.8969741917666658,0.6088347031228611,22560,0.7859035587710885,0.016546277099207432,0.7829681424319105,0.03225973188568067,"{'classifier__ccp_alpha': np.float64(0.0009997491581800288), 'classifier__max_depth': 13, 'classifier__max_features': 'log2', 'classifier__max_leaf_nodes': 5, 'classifier__min_impurity_decrease': np.float64(0.014286681792194078), 'classifier__min_samples_leaf': 3, 'classifier__min_samples_split': 7, 'feature_selection_filter__k': 28}",2.135486364364624,"[0, 1, 2, 3, 4, 5, 6, 7, 8, 9, 10, 11, 12, 14, 16, 17, 18, 19, 20, 21, 22, 23, 24, 26, 27, 28, 29, 30]","['Amount_log1p', 'V1', 'V2', 'V3', 'V4', 'V5', 'V6', 'V7', 'V8', 'V9', 'V10', 'V11', 'V12', 'V14', 'V16', 'V17', 'V18', 'V19', 'V20', 'V21', 'V22', 'V23', 'V24', 'V26', 'V27', 'V28', 'Time_sin', 'Time_cos']"
CostSensitiveLearning_with_RandomUnderSampler___RandomizedSearchCV__niter_30__cv_5,1,2,DecisionTreeClassifier,resubstitution,315,22038,96,111,0.9908244680851064,0.7664233576642335,0.7394366197183099,0.7526881720430108,0.9956627812415288,0.004337218758471151,0.8675497004799193,0.8580381817498375,0.7481399541156027,0.748015221652198,0.8675497004799194,0.5716417096303554,22560,0.6892897355636889,0.06313205976443315,0.685448063762691,0.056008413613840104,"{'classifier__ccp_alpha': np.float64(0.009375550594407336), 'classifier__max_depth': 13, 'classifier__max_features': 'sqrt', 'classifier__max_leaf_nodes': 5, 'classifier__min_impurity_decrease': np.float64(0.06721772794761761), 'classifier__min_samples_leaf': 9, 'classifier__min_samples_split': 5, 'feature_selection_filter__k': 'all'}",0.558537483215332,"[0, 1, 2, 3, 4, 5, 6, 7, 8, 9, 10, 11, 12, 13, 14, 15, 16, 17, 18, 19, 20, 21, 22, 23, 24, 25, 26, 27, 28, 29, 30]","['Amount_log1p', 'V1', 'V2', 'V3', 'V4', 'V5', 'V6', 'V7', 'V8', 'V9', 'V10', 'V11', 'V12', 'V13', 'V14', 'V15', 'V16', 'V17', 'V18', 'V19', 'V20', 'V21', 'V22', 'V23', 'V24', 'V25', 'V26', 'V27', 'V28', 'Time_sin', 'Time_cos']"
CostSensitiveLearning_with_RandomUnderSampler___RandomizedSearchCV__niter_30__cv_5,1,3,DecisionTreeClassifier,resubstitution,318,21887,247,108,0.9842641843971631,0.5628318584070796,0.7464788732394366,0.6417759838546923,0.9888406975693503,0.011159302430649665,0.8676597854043935,0.8591558006175988,0.6405081649414838,0.6338931356334323,0.8676597854043935,0.4249293255295281,22560,0.6700643861121047,0.06194128385118472,0.6647626102914929,0.02612325906179815,"{'classifier__ccp_alpha': np.float64(0.004839414522270678), 'classifier__max_depth': 11, 'classifier__max_features': 'log2', 'classifier__max_leaf_nodes': 6, 'classifier__min_impurity_decrease': np.float64(0.09908226809807817), 'classifier__min_samples_leaf': 5, 'classifier__min_samples_split': 8, 'feature_selection_filter__k': 'all'}",0.4489109516143799,"[0, 1, 2, 3, 4, 5, 6, 7, 8, 9, 10, 11, 12, 13, 14, 15, 16, 17, 18, 19, 20, 21, 22, 23, 24, 25, 26, 27, 28, 29, 30]","['Amount_log1p', 'V1', 'V2', 'V3', 'V4', 'V5', 'V6', 'V7', 'V8', 'V9', 'V10', 'V11', 'V12', 'V13', 'V14', 'V15', 'V16', 'V17', 'V18', 'V19', 'V20', 'V21', 'V22', 'V23', 'V24', 'V25', 'V26', 'V27', 'V28', 'Time_sin', 'Time_cos']"
CostSensitiveLearning_with_RandomUnderSampler___RandomizedSearchCV__niter_30__cv_5,1,4,DecisionTreeClassifier,resubstitution,317,21849,285,109,0.9825354609929078,0.526578073089701,0.744131455399061,0.6167315175097277,0.9871238818107888,0.012876118189211194,0.8656276686049249,0.8570588841095067,0.6176026705407076,0.6080635039562982,0.8656276686049249,0.3966748681931602,22560,0.6639427944634378,0.05247632023427289,0.6569434022462969,0.07056784929987822,"{'classifier__ccp_alpha': np.float64(0.0013602530547728031), 'classifier__max_depth': 19, 'classifier__max_features': 'log2', 'classifier__max_leaf_nodes': 8, 'classifier__min_impurity_decrease': np.float64(0.08872032376098617), 'classifier__min_samples_leaf': 8, 'classifier__min_samples_split': 2, 'feature_selection_filter__k': 'all'}",0.5571339130401611,"[0, 1, 2, 3, 4, 5, 6, 7, 8, 9, 10, 11, 12, 13, 14, 15, 16, 17, 18, 19, 20, 21, 22, 23, 24, 25, 26, 27, 28, 29, 30]","['Amount_log1p', 'V1', 'V2', 'V3', 'V4', 'V5', 'V6', 'V7', 'V8', 'V9', 'V10', 'V11', 'V12', 'V13', 'V14', 'V15', 'V16', 'V17', 'V18', 'V19', 'V20', 'V21', 'V22', 'V23', 'V24', 'V25', 'V26', 'V27', 'V28', 'Time_sin', 'Time_cos']"
CostSensitiveLearning_with_RandomUnderSampler___RandomizedSearchCV__niter_30__cv_5,1,5,DecisionTreeClassifier,resubstitution,318,21895,240,107,0.9846187943262411,0.5698924731182796,0.7482352941176471,0.646998982706002,0.9891574429636323,0.010842557036367717,0.8686963685406397,0.8603037314022026,0.6454831418960569,0.6392841640793689,0.8686963685406397,0.4311565700405077,22560,0.6400635277153512,0.012884141649453689,0.6385684233036167,0.031845330598180566,"{'classifier__ccp_alpha': np.float64(0.005355211867316955), 'classifier__max_depth': 6, 'classifier__max_features': 'log2', 'classifier__max_leaf_nodes': 6, 'classifier__min_impurity_decrease': np.float64(0.09077156911757688), 'classifier__min_samples_leaf': 7, 'classifier__min_samples_split': 7, 'feature_selection_filter__k': 'all'}",0.5638599395751953,"[0, 1, 2, 3, 4, 5, 6, 7, 8, 9, 10, 11, 12, 13, 14, 15, 16, 17, 18, 19, 20, 21, 22, 23, 24, 25, 26, 27, 28, 29, 30]","['Amount_log1p', 'V1', 'V2', 'V3', 'V4', 'V5', 'V6', 'V7', 'V8', 'V9', 'V10', 'V11', 'V12', 'V13', 'V14', 'V15', 'V16', 'V17', 'V18', 'V19', 'V20', 'V21', 'V22', 'V23', 'V24', 'V25', 'V26', 'V27', 'V28', 'Time_sin', 'Time_cos']"
CostSensitiveLearning_with_RandomUnderSampler___RandomizedSearchCV__niter_30__cv_5,1,6,DecisionTreeClassifier,resubstitution,317,22027,108,108,0.9904255319148936,0.7458823529411764,0.7458823529411764,0.7458823529411764,0.9951208493336345,0.004879150666365462,0.8705016011374055,0.8615353043037721,0.741003202274811,0.741003202274811,0.8705016011374055,0.5611277184716189,22560,0.684638957068349,0.05884140292074745,0.6792607821854817,0.05731498508573125,"{'classifier__ccp_alpha': np.float64(0.008567906078643652), 'classifier__max_depth': 14, 'classifier__max_features': 'sqrt', 'classifier__max_leaf_nodes': 12, 'classifier__min_impurity_decrease': np.float64(0.05126235297435472), 'classifier__min_samples_leaf': 5, 'classifier__min_samples_split': 5, 'feature_selection_filter__k': 'all'}",0.5520803928375244,"[0, 1, 2, 3, 4, 5, 6, 7, 8, 9, 10, 11, 12, 13, 14, 15, 16, 17, 18, 19, 20, 21, 22, 23, 24, 25, 26, 27, 28, 29, 30]","['Amount_log1p', 'V1', 'V2', 'V3', 'V4', 'V5', 'V6', 'V7', 'V8', 'V9', 'V10', 'V11', 'V12', 'V13', 'V14', 'V15', 'V16', 'V17', 'V18', 'V19', 'V20', 'V21', 'V22', 'V23', 'V24', 'V25', 'V26', 'V27', 'V28', 'Time_sin', 'Time_cos']"
CostSensitiveLearning_with_RandomUnderSampler___RandomizedSearchCV__niter_30__cv_5,1,7,DecisionTreeClassifier,resubstitution,341,22042,93,84,0.9921542553191489,0.7857142857142857,0.8023529411764706,0.7939464493597206,0.9957985091484075,0.004201490851592493,0.899075725162439,0.893857853707383,0.789992951693809,0.7899478909676625,0.8994293838610664,0.6361313231136551,22560,0.6473869977022647,0.19250125399971285,0.6378377918474443,0.21177712963544645,"{'classifier__ccp_alpha': np.float64(0.009168930053159854), 'classifier__max_depth': 5, 'classifier__max_features': 'log2', 'classifier__max_leaf_nodes': 16, 'classifier__min_impurity_decrease': np.float64(0.013223020125432795), 'classifier__min_samples_leaf': 1, 'classifier__min_samples_split': 2, 'feature_selection_filter__k': 28}",0.5536971092224121,"[0, 1, 2, 3, 4, 5, 6, 7, 8, 9, 10, 11, 12, 14, 16, 17, 18, 19, 20, 21, 22, 24, 25, 26, 27, 28, 29, 30]","['Amount_log1p', 'V1', 'V2', 'V3', 'V4', 'V5', 'V6', 'V7', 'V8', 'V9', 'V10', 'V11', 'V12', 'V14', 'V16', 'V17', 'V18', 'V19', 'V20', 'V21', 'V22', 'V24', 'V25', 'V26', 'V27', 'V28', 'Time_sin', 'Time_cos']"
CostSensitiveLearning_with_RandomUnderSampler___RandomizedSearchCV__niter_30__cv_5,1,8,DecisionTreeClassifier,resubstitution,322,21895,240,104,0.9847524489162715,0.5729537366548043,0.755868544600939,0.6518218623481782,0.9891574429636323,0.010842557036367717,0.8725129937822856,0.8646808641308694,0.65064838611375,0.6441783496773529,0.8725129937822856,0.4376874317951801,22561,0.6362772591315287,0.011458010635553498,0.6338532837429531,0.022325040806421018,"{'classifier__ccp_alpha': np.float64(0.006657567170339072), 'classifier__max_depth': 8, 'classifier__max_features': 'sqrt', 'classifier__max_leaf_nodes': 9, 'classifier__min_impurity_decrease': np.float64(0.09251000983820253), 'classifier__min_samples_leaf': 5, 'classifier__min_samples_split': 8, 'feature_selection_filter__k': 'all'}",0.5564713478088379,"[0, 1, 2, 3, 4, 5, 6, 7, 8, 9, 10, 11, 12, 13, 14, 15, 16, 17, 18, 19, 20, 21, 22, 23, 24, 25, 26, 27, 28, 29, 30]","['Amount_log1p', 'V1', 'V2', 'V3', 'V4', 'V5', 'V6', 'V7', 'V8', 'V9', 'V10', 'V11', 'V12', 'V13', 'V14', 'V15', 'V16', 'V17', 'V18', 'V19', 'V20', 'V21', 'V22', 'V23', 'V24', 'V25', 'V26', 'V27', 'V28', 'Time_sin', 'Time_cos']"
CostSensitiveLearning_with_RandomUnderSampler___RandomizedSearchCV__niter_30__cv_5,1,9,DecisionTreeClassifier,resubstitution,316,21881,254,110,0.9838659633881477,0.5543859649122806,0.7417840375586855,0.6345381526104418,0.9885249604698442,0.011475039530155828,0.8651544990142648,0.8563130481341861,0.6334193075213363,0.6264652867876612,0.8651544990142648,0.4161103298231799,22561,0.6731150361934096,0.06201726040374284,0.6724848689849031,0.05823753134359166,"{'classifier__ccp_alpha': np.float64(0.004946016455380215), 'classifier__max_depth': 14, 'classifier__max_features': 'log2', 'classifier__max_leaf_nodes': 3, 'classifier__min_impurity_decrease': np.float64(0.06099381327355646), 'classifier__min_samples_leaf': 7, 'classifier__min_samples_split': 7, 'feature_selection_filter__k': 'all'}",0.5753378868103027,"[0, 1, 2, 3, 4, 5, 6, 7, 8, 9, 10, 11, 12, 13, 14, 15, 16, 17, 18, 19, 20, 21, 22, 23, 24, 25, 26, 27, 28, 29, 30]","['Amount_log1p', 'V1', 'V2', 'V3', 'V4', 'V5', 'V6', 'V7', 'V8', 'V9', 'V10', 'V11', 'V12', 'V13', 'V14', 'V15', 'V16', 'V17', 'V18', 'V19', 'V20', 'V21', 'V22', 'V23', 'V24', 'V25', 'V26', 'V27', 'V28', 'Time_sin', 'Time_cos']"
CostSensitiveLearning_with_RandomUnderSampler___RandomizedSearchCV__niter_30__cv_5,1,10,DecisionTreeClassifier,resubstitution,314,22044,91,112,0.9910021718895439,0.7753086419753087,0.7370892018779343,0.7557160048134778,0.9958888637903772,0.004111136209622779,0.8664890328341557,0.8567723897105765,0.7513847067859067,0.7511356627304343,0.8664890328341557,0.5764359470801385,22561,0.67994275977682,0.06026862810044026,0.6711504941422357,0.0913073907725766,"{'classifier__ccp_alpha': np.float64(0.005036635523978974), 'classifier__max_depth': 7, 'classifier__max_features': 'sqrt', 'classifier__max_leaf_nodes': 9, 'classifier__min_impurity_decrease': np.float64(0.05875717537232403), 'classifier__min_samples_leaf': 1, 'classifier__min_samples_split': 6, 'feature_selection_filter__k': 'all'}",0.557105302810669,"[0, 1, 2, 3, 4, 5, 6, 7, 8, 9, 10, 11, 12, 13, 14, 15, 16, 17, 18, 19, 20, 21, 22, 23, 24, 25, 26, 27, 28, 29, 30]","['Amount_log1p', 'V1', 'V2', 'V3', 'V4', 'V5', 'V6', 'V7', 'V8', 'V9', 'V10', 'V11', 'V12', 'V13', 'V14', 'V15', 'V16', 'V17', 'V18', 'V19', 'V20', 'V21', 'V22', 'V23', 'V24', 'V25', 'V26', 'V27', 'V28', 'Time_sin', 'Time_cos']"
CostSensitiveLearning_with_RandomUnderSampler___RandomizedSearchCV__niter_30__cv_5,2,1,DecisionTreeClassifier,resubstitution,323,21884,250,103,0.9843528368794326,0.5636998254799301,0.7582159624413145,0.6466466466466466,0.9887051594831481,0.011294840516851923,0.8734605609622312,0.8658244822527302,0.6461735754318882,0.6388229909379206,0.8734605609622313,0.4319718085411457,22560,0.6351072439537017,0.020158738036565944,0.6365476269656515,0.04291269650663352,"{'classifier__ccp_alpha': np.float64(0.0009495426388360773), 'classifier__max_depth': 14, 'classifier__max_features': 'sqrt', 'classifier__max_leaf_nodes': 12, 'classifier__min_impurity_decrease': np.float64(0.07422739488503803), 'classifier__min_samples_leaf': 2, 'classifier__min_samples_split': 4, 'feature_selection_filter__k': 'all'}",0.5607013702392578,"[0, 1, 2, 3, 4, 5, 6, 7, 8, 9, 10, 11, 12, 13, 14, 15, 16, 17, 18, 19, 20, 21, 22, 23, 24, 25, 26, 27, 28, 29, 30]","['Amount_log1p', 'V1', 'V2', 'V3', 'V4', 'V5', 'V6', 'V7', 'V8', 'V9', 'V10', 'V11', 'V12', 'V13', 'V14', 'V15', 'V16', 'V17', 'V18', 'V19', 'V20', 'V21', 'V22', 'V23', 'V24', 'V25', 'V26', 'V27', 'V28', 'Time_sin', 'Time_cos']"
CostSensitiveLearning_with_RandomUnderSampler___RandomizedSearchCV__niter_30__cv_5,2,2,DecisionTreeClassifier,resubstitution,316,21887,247,110,0.9841755319148936,0.5612788632326821,0.7417840375586855,0.6390293225480284,0.9888406975693503,0.011159302430649665,0.865312367564018,0.8564497913744504,0.6375190968790939,0.6310984105835775,0.8653123675640179,0.4212235878899108,22560,0.6353517343578539,0.020281602695565944,0.6283300987457492,0.034570734278353034,"{'classifier__ccp_alpha': np.float64(0.0022892947355785654), 'classifier__max_depth': 15, 'classifier__max_features': 'sqrt', 'classifier__max_leaf_nodes': 15, 'classifier__min_impurity_decrease': np.float64(0.07948459940085865), 'classifier__min_samples_leaf': 9, 'classifier__min_samples_split': 2, 'feature_selection_filter__k': 'all'}",0.5532164573669434,"[0, 1, 2, 3, 4, 5, 6, 7, 8, 9, 10, 11, 12, 13, 14, 15, 16, 17, 18, 19, 20, 21, 22, 23, 24, 25, 26, 27, 28, 29, 30]","['Amount_log1p', 'V1', 'V2', 'V3', 'V4', 'V5', 'V6', 'V7', 'V8', 'V9', 'V10', 'V11', 'V12', 'V13', 'V14', 'V15', 'V16', 'V17', 'V18', 'V19', 'V20', 'V21', 'V22', 'V23', 'V24', 'V25', 'V26', 'V27', 'V28', 'Time_sin', 'Time_cos']"
CostSensitiveLearning_with_RandomUnderSampler___RandomizedSearchCV__niter_30__cv_5,2,3,DecisionTreeClassifier,resubstitution,325,21891,243,101,0.9847517730496453,0.5721830985915493,0.7629107981220657,0.6539235412474849,0.98902141501762,0.010978584982380024,0.8759661065698429,0.8686398086036048,0.6532913557239117,0.6462902922349256,0.875966106569843,0.4410016147730454,22560,0.665125651651832,0.04889860504994512,0.6595083310090635,0.06443016657009734,"{'classifier__ccp_alpha': np.float64(0.00993257079548559), 'classifier__max_depth': 16, 'classifier__max_features': 'sqrt', 'classifier__max_leaf_nodes': 4, 'classifier__min_impurity_decrease': np.float64(0.09659327403932061), 'classifier__min_samples_leaf': 4, 'classifier__min_samples_split': 6, 'feature_selection_filter__k': 'all'}",0.5583479404449463,"[0, 1, 2, 3, 4, 5, 6, 7, 8, 9, 10, 11, 12, 13, 14, 15, 16, 17, 18, 19, 20, 21, 22, 23, 24, 25, 26, 27, 28, 29, 30]","['Amount_log1p', 'V1', 'V2', 'V3', 'V4', 'V5', 'V6', 'V7', 'V8', 'V9', 'V10', 'V11', 'V12', 'V13', 'V14', 'V15', 'V16', 'V17', 'V18', 'V19', 'V20', 'V21', 'V22', 'V23', 'V24', 'V25', 'V26', 'V27', 'V28', 'Time_sin', 'Time_cos']"
CostSensitiveLearning_with_RandomUnderSampler___RandomizedSearchCV__niter_30__cv_5,2,4,DecisionTreeClassifier,resubstitution,372,21712,422,54,0.9789007092198582,0.46851385390428213,0.8732394366197183,0.6098360655737705,0.980934309207554,0.01906569079244602,0.9270868729136361,0.9255217574608157,0.6309303331145819,0.6000046486139532,0.9497976155478093,0.6839793834878649,22560,0.5889736957761834,0.03463506020021275,0.5775951720330558,0.04214578623641962,"{'classifier__ccp_alpha': np.float64(0.0033680591587984987), 'classifier__max_depth': 17, 'classifier__max_features': 'sqrt', 'classifier__max_leaf_nodes': 13, 'classifier__min_impurity_decrease': np.float64(0.011515393123814423), 'classifier__min_samples_leaf': 9, 'classifier__min_samples_split': 8, 'feature_selection_filter__k': 20}",0.5426836013793945,"[1, 2, 3, 4, 5, 6, 7, 8, 9, 10, 11, 12, 14, 16, 17, 18, 19, 20, 21, 27]","['V1', 'V2', 'V3', 'V4', 'V5', 'V6', 'V7', 'V8', 'V9', 'V10', 'V11', 'V12', 'V14', 'V16', 'V17', 'V18', 'V19', 'V20', 'V21', 'V27']"
CostSensitiveLearning_with_RandomUnderSampler___RandomizedSearchCV__niter_30__cv_5,2,5,DecisionTreeClassifier,resubstitution,344,22023,112,81,0.9914450354609929,0.7543859649122807,0.8094117647058824,0.7809307604994324,0.994940140049695,0.005059859950305001,0.9021759523777887,0.8973941467016271,0.777074156160883,0.7765736031231911,0.9039391434911439,0.6169001100352562,22560,0.6540442683176122,0.16926435726222655,0.6555939998798965,0.18325615563709444,"{'classifier__ccp_alpha': np.float64(0.009677713823059627), 'classifier__max_depth': 3, 'classifier__max_features': 'log2', 'classifier__max_leaf_nodes': 18, 'classifier__min_impurity_decrease': np.float64(0.01653381795852591), 'classifier__min_samples_leaf': 1, 'classifier__min_samples_split': 2, 'feature_selection_filter__k': 28}",0.558464765548706,"[0, 1, 2, 3, 4, 5, 6, 7, 8, 9, 10, 11, 12, 14, 16, 17, 18, 19, 20, 21, 22, 23, 24, 26, 27, 28, 29, 30]","['Amount_log1p', 'V1', 'V2', 'V3', 'V4', 'V5', 'V6', 'V7', 'V8', 'V9', 'V10', 'V11', 'V12', 'V14', 'V16', 'V17', 'V18', 'V19', 'V20', 'V21', 'V22', 'V23', 'V24', 'V26', 'V27', 'V28', 'Time_sin', 'Time_cos']"
CostSensitiveLearning_with_RandomUnderSampler___RandomizedSearchCV__niter_30__cv_5,2,6,DecisionTreeClassifier,resubstitution,311,22035,100,114,0.9905141843971631,0.7566909975669099,0.731764705882353,0.7440191387559809,0.9954822679015134,0.004517732098486604,0.8636234868919332,0.8534979724533905,0.7392956969611957,0.7391880744278614,0.8636234868919332,0.5587729567677358,22560,0.6997329260542006,0.06638100310259212,0.6912206396463401,0.0673798219725869,"{'classifier__ccp_alpha': np.float64(0.00887079233533923), 'classifier__max_depth': 17, 'classifier__max_features': 'sqrt', 'classifier__max_leaf_nodes': 12, 'classifier__min_impurity_decrease': np.float64(0.04616678968150848), 'classifier__min_samples_leaf': 8, 'classifier__min_samples_split': 8, 'feature_selection_filter__k': 'all'}",0.5455682277679443,"[0, 1, 2, 3, 4, 5, 6, 7, 8, 9, 10, 11, 12, 13, 14, 15, 16, 17, 18, 19, 20, 21, 22, 23, 24, 25, 26, 27, 28, 29, 30]","['Amount_log1p', 'V1', 'V2', 'V3', 'V4', 'V5', 'V6', 'V7', 'V8', 'V9', 'V10', 'V11', 'V12', 'V13', 'V14', 'V15', 'V16', 'V17', 'V18', 'V19', 'V20', 'V21', 'V22', 'V23', 'V24', 'V25', 'V26', 'V27', 'V28', 'Time_sin', 'Time_cos']"
CostSensitiveLearning_with_RandomUnderSampler___RandomizedSearchCV__niter_30__cv_5,2,7,DecisionTreeClassifier,resubstitution,315,21848,287,110,0.9824024822695036,0.5232558139534884,0.7411764705882353,0.6134371957156767,0.9870341088773436,0.012965891122656448,0.8641052897327894,0.8553165830076682,0.6143227182791003,0.6047069789940778,0.8641052897327894,0.3927007839256435,22560,0.6944888913914411,0.0644451860589553,0.6857865736256115,0.07320099747917236,"{'classifier__ccp_alpha': np.float64(0.003651055830226939), 'classifier__max_depth': 17, 'classifier__max_features': 'log2', 'classifier__max_leaf_nodes': 5, 'classifier__min_impurity_decrease': np.float64(0.09650639859718202), 'classifier__min_samples_leaf': 2, 'classifier__min_samples_split': 4, 'feature_selection_filter__k': 'all'}",0.5633788108825684,"[0, 1, 2, 3, 4, 5, 6, 7, 8, 9, 10, 11, 12, 13, 14, 15, 16, 17, 18, 19, 20, 21, 22, 23, 24, 25, 26, 27, 28, 29, 30]","['Amount_log1p', 'V1', 'V2', 'V3', 'V4', 'V5', 'V6', 'V7', 'V8', 'V9', 'V10', 'V11', 'V12', 'V13', 'V14', 'V15', 'V16', 'V17', 'V18', 'V19', 'V20', 'V21', 'V22', 'V23', 'V24', 'V25', 'V26', 'V27', 'V28', 'Time_sin', 'Time_cos']"
CostSensitiveLearning_with_RandomUnderSampler___RandomizedSearchCV__niter_30__cv_5,2,8,DecisionTreeClassifier,resubstitution,319,21889,246,107,0.9843535304286157,0.5646017699115045,0.7488262910798122,0.6437941473259334,0.988886379037723,0.011113620962276971,0.8688563350587677,0.8605254903337631,0.6425926085710029,0.6359560645953153,0.8688563350587677,0.4275313468753915,22561,0.6917026038367805,0.06758798919311894,0.6850864396872837,0.08107537438169989,"{'classifier__ccp_alpha': np.float64(0.007257335987468621), 'classifier__max_depth': 3, 'classifier__max_features': 'sqrt', 'classifier__max_leaf_nodes': 17, 'classifier__min_impurity_decrease': np.float64(0.0993132413302359), 'classifier__min_samples_leaf': 3, 'classifier__min_samples_split': 5, 'feature_selection_filter__k': 'all'}",0.5743203163146973,"[0, 1, 2, 3, 4, 5, 6, 7, 8, 9, 10, 11, 12, 13, 14, 15, 16, 17, 18, 19, 20, 21, 22, 23, 24, 25, 26, 27, 28, 29, 30]","['Amount_log1p', 'V1', 'V2', 'V3', 'V4', 'V5', 'V6', 'V7', 'V8', 'V9', 'V10', 'V11', 'V12', 'V13', 'V14', 'V15', 'V16', 'V17', 'V18', 'V19', 'V20', 'V21', 'V22', 'V23', 'V24', 'V25', 'V26', 'V27', 'V28', 'Time_sin', 'Time_cos']"
CostSensitiveLearning_with_RandomUnderSampler___RandomizedSearchCV__niter_30__cv_5,2,9,DecisionTreeClassifier,resubstitution,319,21896,239,107,0.984663800363459,0.5716845878136201,0.7488262910798122,0.6483739837398373,0.9892026202846171,0.01079737971538286,0.8690144556822147,0.8606630753518834,0.646784924954421,0.6406790861312665,0.8690144556822148,0.4328351471354264,22561,0.6400437516090438,0.011734181584152851,0.6407842134901456,0.02532476354314912,"{'classifier__ccp_alpha': np.float64(0.008510433860979803), 'classifier__max_depth': 13, 'classifier__max_features': 'sqrt', 'classifier__max_leaf_nodes': 5, 'classifier__min_impurity_decrease': np.float64(0.041467200772775326), 'classifier__min_samples_leaf': 7, 'classifier__min_samples_split': 8, 'feature_selection_filter__k': 'all'}",0.5507750511169434,"[0, 1, 2, 3, 4, 5, 6, 7, 8, 9, 10, 11, 12, 13, 14, 15, 16, 17, 18, 19, 20, 21, 22, 23, 24, 25, 26, 27, 28, 29, 30]","['Amount_log1p', 'V1', 'V2', 'V3', 'V4', 'V5', 'V6', 'V7', 'V8', 'V9', 'V10', 'V11', 'V12', 'V13', 'V14', 'V15', 'V16', 'V17', 'V18', 'V19', 'V20', 'V21', 'V22', 'V23', 'V24', 'V25', 'V26', 'V27', 'V28', 'Time_sin', 'Time_cos']"
CostSensitiveLearning_with_RandomUnderSampler___RandomizedSearchCV__niter_30__cv_5,2,10,DecisionTreeClassifier,resubstitution,313,21843,292,113,0.982048668055494,0.5173553719008265,0.7347417840375586,0.6071774975751697,0.9868082222724193,0.013191777727580734,0.860775003154989,0.8514982288504005,0.6079343726954447,0.5982751057807122,0.8607750031549889,0.3851312521657271,22561,0.6502221440463763,0.03760615042708547,0.6484678647578435,0.08319570240739219,"{'classifier__ccp_alpha': np.float64(0.008244694759132818), 'classifier__max_depth': 5, 'classifier__max_features': 'sqrt', 'classifier__max_leaf_nodes': 17, 'classifier__min_impurity_decrease': np.float64(0.05423332415487714), 'classifier__min_samples_leaf': 2, 'classifier__min_samples_split': 9, 'feature_selection_filter__k': 'all'}",0.5678379535675049,"[0, 1, 2, 3, 4, 5, 6, 7, 8, 9, 10, 11, 12, 13, 14, 15, 16, 17, 18, 19, 20, 21, 22, 23, 24, 25, 26, 27, 28, 29, 30]","['Amount_log1p', 'V1', 'V2', 'V3', 'V4', 'V5', 'V6', 'V7', 'V8', 'V9', 'V10', 'V11', 'V12', 'V13', 'V14', 'V15', 'V16', 'V17', 'V18', 'V19', 'V20', 'V21', 'V22', 'V23', 'V24', 'V25', 'V26', 'V27', 'V28', 'Time_sin', 'Time_cos']"
CostSensitiveLearning_with_RandomUnderSampler___RandomizedSearchCV__niter_30__cv_5,3,1,DecisionTreeClassifier,resubstitution,317,22068,66,109,0.9922429078014184,0.8276762402088773,0.744131455399061,0.7836835599505563,0.9970181621035511,0.0029818378964489023,0.8705748087513061,0.8613434715753132,0.78088999031419,0.7797455626094996,0.8705748087513061,0.6207314855095426,22560,0.7252317529251535,0.07818600790023328,0.716373545694896,0.07922266065865924,"{'classifier__ccp_alpha': np.float64(0.005428002889302094), 'classifier__max_depth': 12, 'classifier__max_features': 'sqrt', 'classifier__max_leaf_nodes': 3, 'classifier__min_impurity_decrease': np.float64(0.06458104321650848), 'classifier__min_samples_leaf': 4, 'classifier__min_samples_split': 8, 'feature_selection_filter__k': 'all'}",0.565943717956543,"[0, 1, 2, 3, 4, 5, 6, 7, 8, 9, 10, 11, 12, 13, 14, 15, 16, 17, 18, 19, 20, 21, 22, 23, 24, 25, 26, 27, 28, 29, 30]","['Amount_log1p', 'V1', 'V2', 'V3', 'V4', 'V5', 'V6', 'V7', 'V8', 'V9', 'V10', 'V11', 'V12', 'V13', 'V14', 'V15', 'V16', 'V17', 'V18', 'V19', 'V20', 'V21', 'V22', 'V23', 'V24', 'V25', 'V26', 'V27', 'V28', 'Time_sin', 'Time_cos']"
CostSensitiveLearning_with_RandomUnderSampler___RandomizedSearchCV__niter_30__cv_5,3,2,DecisionTreeClassifier,resubstitution,320,21892,242,106,0.9845744680851064,0.5693950177935944,0.7511737089201878,0.6477732793522267,0.9890665943796874,0.010933405620312642,0.8701201516499375,0.8619517515901042,0.6464690278981323,0.6400405383546315,0.8701201516499375,0.43241314891697424,22560,0.6596166421817389,0.047721191050103126,0.6620967050396858,0.04510125749735533,"{'classifier__ccp_alpha': np.float64(0.0055394102250058645), 'classifier__max_depth': 14, 'classifier__max_features': 'log2', 'classifier__max_leaf_nodes': 2, 'classifier__min_impurity_decrease': np.float64(0.05256725610928528), 'classifier__min_samples_leaf': 3, 'classifier__min_samples_split': 8, 'feature_selection_filter__k': 'all'}",0.5495278835296631,"[0, 1, 2, 3, 4, 5, 6, 7, 8, 9, 10, 11, 12, 13, 14, 15, 16, 17, 18, 19, 20, 21, 22, 23, 24, 25, 26, 27, 28, 29, 30]","['Amount_log1p', 'V1', 'V2', 'V3', 'V4', 'V5', 'V6', 'V7', 'V8', 'V9', 'V10', 'V11', 'V12', 'V13', 'V14', 'V15', 'V16', 'V17', 'V18', 'V19', 'V20', 'V21', 'V22', 'V23', 'V24', 'V25', 'V26', 'V27', 'V28', 'Time_sin', 'Time_cos']"
CostSensitiveLearning_with_RandomUnderSampler___RandomizedSearchCV__niter_30__cv_5,3,3,DecisionTreeClassifier,resubstitution,346,21791,343,80,0.98125,0.502177068214804,0.812206572769953,0.6206278026905829,0.9845034788108792,0.015496521189120815,0.898355025790416,0.8942148491302748,0.630218456220286,0.6115628484804968,0.8983550257904162,0.41141761478918903,22560,0.5929019606283321,0.05407718455073949,0.6071854426042047,0.07848373700593879,"{'classifier__ccp_alpha': np.float64(0.0037582036742565108), 'classifier__max_depth': 18, 'classifier__max_features': 'log2', 'classifier__max_leaf_nodes': 7, 'classifier__min_impurity_decrease': np.float64(0.030602276252477023), 'classifier__min_samples_leaf': 8, 'classifier__min_samples_split': 3, 'feature_selection_filter__k': 24}",0.5746586322784424,"[0, 1, 2, 3, 4, 5, 6, 7, 8, 9, 10, 11, 12, 14, 16, 17, 18, 19, 20, 21, 23, 27, 28, 29]","['Amount_log1p', 'V1', 'V2', 'V3', 'V4', 'V5', 'V6', 'V7', 'V8', 'V9', 'V10', 'V11', 'V12', 'V14', 'V16', 'V17', 'V18', 'V19', 'V20', 'V21', 'V23', 'V27', 'V28', 'Time_sin']"
CostSensitiveLearning_with_RandomUnderSampler___RandomizedSearchCV__niter_30__cv_5,3,4,DecisionTreeClassifier,resubstitution,319,21947,187,107,0.986968085106383,0.6304347826086957,0.7488262910798122,0.6845493562231759,0.9915514592933948,0.008448540706605168,0.8701888751866036,0.8616842819022802,0.6805643062601797,0.6779460143546858,0.8701888751866035,0.47682904782999574,22560,0.6643525283445888,0.03620010600442051,0.6568785158891888,0.024506245734222123,"{'classifier__ccp_alpha': np.float64(0.0017439743175511346), 'classifier__max_depth': 5, 'classifier__max_features': 'sqrt', 'classifier__max_leaf_nodes': 4, 'classifier__min_impurity_decrease': np.float64(0.06324057625488831), 'classifier__min_samples_leaf': 4, 'classifier__min_samples_split': 5, 'feature_selection_filter__k': 'all'}",0.5669479370117188,"[0, 1, 2, 3, 4, 5, 6, 7, 8, 9, 10, 11, 12, 13, 14, 15, 16, 17, 18, 19, 20, 21, 22, 23, 24, 25, 26, 27, 28, 29, 30]","['Amount_log1p', 'V1', 'V2', 'V3', 'V4', 'V5', 'V6', 'V7', 'V8', 'V9', 'V10', 'V11', 'V12', 'V13', 'V14', 'V15', 'V16', 'V17', 'V18', 'V19', 'V20', 'V21', 'V22', 'V23', 'V24', 'V25', 'V26', 'V27', 'V28', 'Time_sin', 'Time_cos']"
CostSensitiveLearning_with_RandomUnderSampler___RandomizedSearchCV__niter_30__cv_5,3,5,DecisionTreeClassifier,resubstitution,318,21878,257,107,0.9838652482269503,0.5530434782608695,0.7482352941176471,0.636,0.9883894285068895,0.01161057149311051,0.8683123613122683,0.8599696824549256,0.635452893286722,0.6279395140737385,0.8683123613122683,0.4185495574177867,22560,0.6239544997039667,0.012761527579130533,0.6188575557000833,0.04524784486047641,"{'classifier__ccp_alpha': np.float64(0.0015428757813127582), 'classifier__max_depth': 16, 'classifier__max_features': 'log2', 'classifier__max_leaf_nodes': 12, 'classifier__min_impurity_decrease': np.float64(0.09216329958916931), 'classifier__min_samples_leaf': 8, 'classifier__min_samples_split': 7, 'feature_selection_filter__k': 'all'}",0.5736076831817627,"[0, 1, 2, 3, 4, 5, 6, 7, 8, 9, 10, 11, 12, 13, 14, 15, 16, 17, 18, 19, 20, 21, 22, 23, 24, 25, 26, 27, 28, 29, 30]","['Amount_log1p', 'V1', 'V2', 'V3', 'V4', 'V5', 'V6', 'V7', 'V8', 'V9', 'V10', 'V11', 'V12', 'V13', 'V14', 'V15', 'V16', 'V17', 'V18', 'V19', 'V20', 'V21', 'V22', 'V23', 'V24', 'V25', 'V26', 'V27', 'V28', 'Time_sin', 'Time_cos']"
CostSensitiveLearning_with_RandomUnderSampler___RandomizedSearchCV__niter_30__cv_5,3,6,DecisionTreeClassifier,resubstitution,315,21896,239,110,0.9845301418439716,0.5685920577617328,0.7411764705882353,0.6435137895812053,0.9892026202846171,0.01079737971538286,0.8651895454364262,0.8562556316890341,0.6415893160512476,0.6357475755643909,0.8651895454364262,0.42630294110116584,22560,0.6506217582219489,0.012395322095138644,0.6457608546752586,0.029087608008787465,"{'classifier__ccp_alpha': np.float64(0.001484338731553394), 'classifier__max_depth': 11, 'classifier__max_features': 'log2', 'classifier__max_leaf_nodes': 5, 'classifier__min_impurity_decrease': np.float64(0.08292588148034759), 'classifier__min_samples_leaf': 5, 'classifier__min_samples_split': 9, 'feature_selection_filter__k': 'all'}",0.554624080657959,"[0, 1, 2, 3, 4, 5, 6, 7, 8, 9, 10, 11, 12, 13, 14, 15, 16, 17, 18, 19, 20, 21, 22, 23, 24, 25, 26, 27, 28, 29, 30]","['Amount_log1p', 'V1', 'V2', 'V3', 'V4', 'V5', 'V6', 'V7', 'V8', 'V9', 'V10', 'V11', 'V12', 'V13', 'V14', 'V15', 'V16', 'V17', 'V18', 'V19', 'V20', 'V21', 'V22', 'V23', 'V24', 'V25', 'V26', 'V27', 'V28', 'Time_sin', 'Time_cos']"
CostSensitiveLearning_with_RandomUnderSampler___RandomizedSearchCV__niter_30__cv_5,3,7,DecisionTreeClassifier,resubstitution,366,21620,515,59,0.9745567375886525,0.41543700340522133,0.8611764705882353,0.5604900459418071,0.9767336796927942,0.023266320307205768,0.9189550751405148,0.9171368834489759,0.588063335222609,0.5490280001295512,0.9407771562205184,0.6057572319562408,22560,0.6058675658341801,0.0317895495048344,0.5988123344477584,0.02145085341611467,"{'classifier__ccp_alpha': np.float64(0.005656167441063789), 'classifier__max_depth': 16, 'classifier__max_features': 'sqrt', 'classifier__max_leaf_nodes': 5, 'classifier__min_impurity_decrease': np.float64(0.0030259472661150703), 'classifier__min_samples_leaf': 6, 'classifier__min_samples_split': 6, 'feature_selection_filter__k': 20}",0.5906860828399658,"[1, 2, 3, 4, 5, 6, 7, 8, 9, 10, 11, 12, 14, 16, 17, 18, 19, 20, 21, 27]","['V1', 'V2', 'V3', 'V4', 'V5', 'V6', 'V7', 'V8', 'V9', 'V10', 'V11', 'V12', 'V14', 'V16', 'V17', 'V18', 'V19', 'V20', 'V21', 'V27']"
CostSensitiveLearning_with_RandomUnderSampler___RandomizedSearchCV__niter_30__cv_5,3,8,DecisionTreeClassifier,resubstitution,318,21888,247,108,0.9842648818758034,0.5628318584070796,0.7464788732394366,0.6417759838546923,0.9888412017167382,0.011158798283261828,0.8676600374780874,0.8591560196321977,0.6405085126509098,0.633893492723334,0.8676600374780874,0.42492911333884315,22561,0.6452854926701395,0.01675072345444569,0.644304095340875,0.05337475451916788,"{'classifier__ccp_alpha': np.float64(0.0045490615596698826), 'classifier__max_depth': 9, 'classifier__max_features': 'log2', 'classifier__max_leaf_nodes': 14, 'classifier__min_impurity_decrease': np.float64(0.06781530719749497), 'classifier__min_samples_leaf': 8, 'classifier__min_samples_split': 2, 'feature_selection_filter__k': 'all'}",0.5605721473693848,"[0, 1, 2, 3, 4, 5, 6, 7, 8, 9, 10, 11, 12, 13, 14, 15, 16, 17, 18, 19, 20, 21, 22, 23, 24, 25, 26, 27, 28, 29, 30]","['Amount_log1p', 'V1', 'V2', 'V3', 'V4', 'V5', 'V6', 'V7', 'V8', 'V9', 'V10', 'V11', 'V12', 'V13', 'V14', 'V15', 'V16', 'V17', 'V18', 'V19', 'V20', 'V21', 'V22', 'V23', 'V24', 'V25', 'V26', 'V27', 'V28', 'Time_sin', 'Time_cos']"
CostSensitiveLearning_with_RandomUnderSampler___RandomizedSearchCV__niter_30__cv_5,3,9,DecisionTreeClassifier,resubstitution,313,22037,98,113,0.9906475776782944,0.7615571776155717,0.7347417840375586,0.7479091995221028,0.9955726225434832,0.004427377456516779,0.8651572032905209,0.8552711878851934,0.7432700860243265,0.743146165689646,0.8651572032905208,0.5645565225617722,22561,0.667674319180429,0.048662146654332626,0.656284732236176,0.05708059184145538,"{'classifier__ccp_alpha': np.float64(0.005931633167613331), 'classifier__max_depth': 16, 'classifier__max_features': 'log2', 'classifier__max_leaf_nodes': 18, 'classifier__min_impurity_decrease': np.float64(0.09717782961685328), 'classifier__min_samples_leaf': 2, 'classifier__min_samples_split': 5, 'feature_selection_filter__k': 'all'}",0.5535085201263428,"[0, 1, 2, 3, 4, 5, 6, 7, 8, 9, 10, 11, 12, 13, 14, 15, 16, 17, 18, 19, 20, 21, 22, 23, 24, 25, 26, 27, 28, 29, 30]","['Amount_log1p', 'V1', 'V2', 'V3', 'V4', 'V5', 'V6', 'V7', 'V8', 'V9', 'V10', 'V11', 'V12', 'V13', 'V14', 'V15', 'V16', 'V17', 'V18', 'V19', 'V20', 'V21', 'V22', 'V23', 'V24', 'V25', 'V26', 'V27', 'V28', 'Time_sin', 'Time_cos']"
CostSensitiveLearning_with_RandomUnderSampler___RandomizedSearchCV__niter_30__cv_5,3,10,DecisionTreeClassifier,resubstitution,342,21793,342,84,0.9811178582509641,0.5,0.8028169014084507,0.6162162162162163,0.984549356223176,0.015450643776824036,0.8936831288158134,0.8890516652291783,0.62502793441116,0.6070724125183944,0.8936831288158134,0.40513168992234516,22561,0.6167348134966009,0.0035362796786291466,0.6143219004965661,0.02374945135445444,"{'classifier__ccp_alpha': np.float64(0.001855752748185393), 'classifier__max_depth': 14, 'classifier__max_features': 'log2', 'classifier__max_leaf_nodes': 10, 'classifier__min_impurity_decrease': np.float64(0.07129176348350752), 'classifier__min_samples_leaf': 2, 'classifier__min_samples_split': 2, 'feature_selection_filter__k': 24}",0.5591549873352051,"[0, 1, 2, 3, 4, 5, 6, 7, 8, 9, 10, 11, 12, 14, 16, 17, 18, 19, 20, 21, 23, 27, 28, 29]","['Amount_log1p', 'V1', 'V2', 'V3', 'V4', 'V5', 'V6', 'V7', 'V8', 'V9', 'V10', 'V11', 'V12', 'V14', 'V16', 'V17', 'V18', 'V19', 'V20', 'V21', 'V23', 'V27', 'V28', 'Time_sin']"
CostSensitiveLearning_with_RandomUnderSampler___RandomizedSearchCV__niter_30__cv_5,4,1,DecisionTreeClassifier,resubstitution,342,22065,69,84,0.993218085106383,0.8321167883211679,0.8028169014084507,0.8172043010752689,0.9968826240173488,0.0031173759826511604,0.8998497627128998,0.8946028276735624,0.8138860751037582,0.8137503812211899,0.902145478818515,0.6748940298762789,22560,0.6716610111457595,0.16628639596074932,0.6547733386866563,0.16474278131601344,"{'classifier__ccp_alpha': np.float64(0.0027112875436722064), 'classifier__max_depth': 16, 'classifier__max_features': 'log2', 'classifier__max_leaf_nodes': 15, 'classifier__min_impurity_decrease': np.float64(0.016217975941154907), 'classifier__min_samples_leaf': 4, 'classifier__min_samples_split': 3, 'feature_selection_filter__k': 28}",0.5598490238189697,"[0, 1, 2, 3, 4, 5, 6, 7, 8, 9, 10, 11, 12, 14, 16, 17, 18, 19, 20, 21, 22, 23, 24, 26, 27, 28, 29, 30]","['Amount_log1p', 'V1', 'V2', 'V3', 'V4', 'V5', 'V6', 'V7', 'V8', 'V9', 'V10', 'V11', 'V12', 'V14', 'V16', 'V17', 'V18', 'V19', 'V20', 'V21', 'V22', 'V23', 'V24', 'V26', 'V27', 'V28', 'Time_sin', 'Time_cos']"
CostSensitiveLearning_with_RandomUnderSampler___RandomizedSearchCV__niter_30__cv_5,4,2,DecisionTreeClassifier,resubstitution,316,21880,254,110,0.9838652482269503,0.5543859649122806,0.7417840375586855,0.6345381526104418,0.9885244420348784,0.011475557965121563,0.865154239796782,0.8563128235861465,0.633418951562343,0.6264649210430073,0.865154239796782,0.416110545943322,22560,0.5723231023430506,0.07841189914253835,0.5761722488038278,0.07136092477449181,"{'classifier__ccp_alpha': np.float64(0.0006800329621473366), 'classifier__max_depth': 5, 'classifier__max_features': 'sqrt', 'classifier__max_leaf_nodes': 10, 'classifier__min_impurity_decrease': np.float64(0.040888302844288404), 'classifier__min_samples_leaf': 7, 'classifier__min_samples_split': 7, 'feature_selection_filter__k': 'all'}",0.5766568183898926,"[0, 1, 2, 3, 4, 5, 6, 7, 8, 9, 10, 11, 12, 13, 14, 15, 16, 17, 18, 19, 20, 21, 22, 23, 24, 25, 26, 27, 28, 29, 30]","['Amount_log1p', 'V1', 'V2', 'V3', 'V4', 'V5', 'V6', 'V7', 'V8', 'V9', 'V10', 'V11', 'V12', 'V13', 'V14', 'V15', 'V16', 'V17', 'V18', 'V19', 'V20', 'V21', 'V22', 'V23', 'V24', 'V25', 'V26', 'V27', 'V28', 'Time_sin', 'Time_cos']"
CostSensitiveLearning_with_RandomUnderSampler___RandomizedSearchCV__niter_30__cv_5,4,3,DecisionTreeClassifier,resubstitution,315,21878,256,111,0.9837322695035461,0.5516637478108581,0.7394366197183099,0.6318956870611836,0.9884340833107437,0.011565916689256328,0.8639353515145267,0.8549177488961511,0.6307658870530239,0.6237578517836275,0.8639353515145268,0.4128405896683526,22560,0.6230297663755844,0.007693845666471594,0.618258634471499,0.03613635904744872,"{'classifier__ccp_alpha': np.float64(0.00877014903593985), 'classifier__max_depth': 5, 'classifier__max_features': 'log2', 'classifier__max_leaf_nodes': 12, 'classifier__min_impurity_decrease': np.float64(0.09543476795178812), 'classifier__min_samples_leaf': 3, 'classifier__min_samples_split': 5, 'feature_selection_filter__k': 'all'}",0.5988836288452148,"[0, 1, 2, 3, 4, 5, 6, 7, 8, 9, 10, 11, 12, 13, 14, 15, 16, 17, 18, 19, 20, 21, 22, 23, 24, 25, 26, 27, 28, 29, 30]","['Amount_log1p', 'V1', 'V2', 'V3', 'V4', 'V5', 'V6', 'V7', 'V8', 'V9', 'V10', 'V11', 'V12', 'V13', 'V14', 'V15', 'V16', 'V17', 'V18', 'V19', 'V20', 'V21', 'V22', 'V23', 'V24', 'V25', 'V26', 'V27', 'V28', 'Time_sin', 'Time_cos']"
CostSensitiveLearning_with_RandomUnderSampler___RandomizedSearchCV__niter_30__cv_5,4,4,DecisionTreeClassifier,resubstitution,318,21888,246,108,0.9843085106382978,0.5638297872340425,0.7464788732394366,0.6424242424242425,0.9888858769314177,0.011114123068582282,0.8676823750854272,0.8591754274734333,0.6411005550928328,0.6345617838340043,0.8676823750854271,0.4256742583158526,22560,0.6627960440343865,0.06112427284335898,0.662202992247525,0.02622782985171589,"{'classifier__ccp_alpha': np.float64(0.0041516876476188945), 'classifier__max_depth': 11, 'classifier__max_features': 'sqrt', 'classifier__max_leaf_nodes': 6, 'classifier__min_impurity_decrease': np.float64(0.05418006464961616), 'classifier__min_samples_leaf': 3, 'classifier__min_samples_split': 7, 'feature_selection_filter__k': 'all'}",0.5720715522766113,"[0, 1, 2, 3, 4, 5, 6, 7, 8, 9, 10, 11, 12, 13, 14, 15, 16, 17, 18, 19, 20, 21, 22, 23, 24, 25, 26, 27, 28, 29, 30]","['Amount_log1p', 'V1', 'V2', 'V3', 'V4', 'V5', 'V6', 'V7', 'V8', 'V9', 'V10', 'V11', 'V12', 'V13', 'V14', 'V15', 'V16', 'V17', 'V18', 'V19', 'V20', 'V21', 'V22', 'V23', 'V24', 'V25', 'V26', 'V27', 'V28', 'Time_sin', 'Time_cos']"
CostSensitiveLearning_with_RandomUnderSampler___RandomizedSearchCV__niter_30__cv_5,4,5,DecisionTreeClassifier,resubstitution,315,22038,97,110,0.9908244680851064,0.7645631067961165,0.7411764705882353,0.7526881720430108,0.9956177998644681,0.004382200135531922,0.8683971352263518,0.8590276403925374,0.7481085232813448,0.7480148409390628,0.8683971352263518,0.5715520715619444,22560,0.6743913248905333,0.07282607727980053,0.677076025535145,0.07482833162284769,"{'classifier__ccp_alpha': np.float64(0.00932445230898431), 'classifier__max_depth': 18, 'classifier__max_features': 'log2', 'classifier__max_leaf_nodes': 15, 'classifier__min_impurity_decrease': np.float64(0.06930019015703517), 'classifier__min_samples_leaf': 5, 'classifier__min_samples_split': 2, 'feature_selection_filter__k': 'all'}",0.5710759162902832,"[0, 1, 2, 3, 4, 5, 6, 7, 8, 9, 10, 11, 12, 13, 14, 15, 16, 17, 18, 19, 20, 21, 22, 23, 24, 25, 26, 27, 28, 29, 30]","['Amount_log1p', 'V1', 'V2', 'V3', 'V4', 'V5', 'V6', 'V7', 'V8', 'V9', 'V10', 'V11', 'V12', 'V13', 'V14', 'V15', 'V16', 'V17', 'V18', 'V19', 'V20', 'V21', 'V22', 'V23', 'V24', 'V25', 'V26', 'V27', 'V28', 'Time_sin', 'Time_cos']"
CostSensitiveLearning_with_RandomUnderSampler___RandomizedSearchCV__niter_30__cv_5,4,6,DecisionTreeClassifier,resubstitution,323,21853,282,102,0.9829787234042553,0.5338842975206611,0.76,0.6271844660194175,0.987259995482268,0.012740004517732051,0.8736299977411339,0.8662087488397492,0.6288709784524653,0.6187470156298478,0.873629997741134,0.41027334271144716,22560,0.6422360673393095,0.01975500858758186,0.6366438479812279,0.04181337345832252,"{'classifier__ccp_alpha': np.float64(0.009576531587226296), 'classifier__max_depth': 7, 'classifier__max_features': 'log2', 'classifier__max_leaf_nodes': 11, 'classifier__min_impurity_decrease': np.float64(0.060747010075417524), 'classifier__min_samples_leaf': 9, 'classifier__min_samples_split': 3, 'feature_selection_filter__k': 'all'}",0.5585036277770996,"[0, 1, 2, 3, 4, 5, 6, 7, 8, 9, 10, 11, 12, 13, 14, 15, 16, 17, 18, 19, 20, 21, 22, 23, 24, 25, 26, 27, 28, 29, 30]","['Amount_log1p', 'V1', 'V2', 'V3', 'V4', 'V5', 'V6', 'V7', 'V8', 'V9', 'V10', 'V11', 'V12', 'V13', 'V14', 'V15', 'V16', 'V17', 'V18', 'V19', 'V20', 'V21', 'V22', 'V23', 'V24', 'V25', 'V26', 'V27', 'V28', 'Time_sin', 'Time_cos']"
CostSensitiveLearning_with_RandomUnderSampler___RandomizedSearchCV__niter_30__cv_5,4,7,DecisionTreeClassifier,resubstitution,342,22031,104,83,0.9917109929078014,0.7668161434977578,0.8047058823529412,0.7853042479908151,0.995301558617574,0.004698441382426033,0.9000037204852576,0.8949441429131834,0.7813168179129272,0.7810806687472043,0.9004770725096002,0.6227475379029033,22560,0.6516029220500679,0.1612841180106784,0.6495824932422394,0.1791421657928903,"{'classifier__ccp_alpha': np.float64(0.008239620675450851), 'classifier__max_depth': 6, 'classifier__max_features': 'log2', 'classifier__max_leaf_nodes': 19, 'classifier__min_impurity_decrease': np.float64(0.020514686572694587), 'classifier__min_samples_leaf': 1, 'classifier__min_samples_split': 2, 'feature_selection_filter__k': 28}",0.5479369163513184,"[0, 1, 2, 3, 4, 5, 6, 7, 8, 9, 10, 11, 12, 14, 15, 16, 17, 18, 19, 20, 21, 23, 24, 25, 27, 28, 29, 30]","['Amount_log1p', 'V1', 'V2', 'V3', 'V4', 'V5', 'V6', 'V7', 'V8', 'V9', 'V10', 'V11', 'V12', 'V14', 'V15', 'V16', 'V17', 'V18', 'V19', 'V20', 'V21', 'V23', 'V24', 'V25', 'V27', 'V28', 'Time_sin', 'Time_cos']"
CostSensitiveLearning_with_RandomUnderSampler___RandomizedSearchCV__niter_30__cv_5,4,8,DecisionTreeClassifier,resubstitution,321,21844,291,105,0.9824475865431497,0.5245098039215687,0.7535211267605634,0.6184971098265896,0.9868533995934041,0.013146600406595876,0.8701872631769838,0.8623310765646304,0.6203159528646718,0.6098092605922882,0.8701872631769838,0.3998832674705923,22561,0.6611504696627677,0.05548129451325101,0.6455132147457603,0.053997041109033125,"{'classifier__ccp_alpha': np.float64(8.45287026843422e-05), 'classifier__max_depth': 5, 'classifier__max_features': 'log2', 'classifier__max_leaf_nodes': 17, 'classifier__min_impurity_decrease': np.float64(0.06640696584435167), 'classifier__min_samples_leaf': 1, 'classifier__min_samples_split': 6, 'feature_selection_filter__k': 'all'}",0.5693113803863525,"[0, 1, 2, 3, 4, 5, 6, 7, 8, 9, 10, 11, 12, 13, 14, 15, 16, 17, 18, 19, 20, 21, 22, 23, 24, 25, 26, 27, 28, 29, 30]","['Amount_log1p', 'V1', 'V2', 'V3', 'V4', 'V5', 'V6', 'V7', 'V8', 'V9', 'V10', 'V11', 'V12', 'V13', 'V14', 'V15', 'V16', 'V17', 'V18', 'V19', 'V20', 'V21', 'V22', 'V23', 'V24', 'V25', 'V26', 'V27', 'V28', 'Time_sin', 'Time_cos']"
CostSensitiveLearning_with_RandomUnderSampler___RandomizedSearchCV__niter_30__cv_5,4,9,DecisionTreeClassifier,resubstitution,312,22033,102,114,0.9904259562962635,0.7536231884057971,0.7323943661971831,0.7428571428571429,0.9953919132595437,0.004608086740456319,0.8638931397283633,0.853826346179084,0.738058528721362,0.7379803287488805,0.8638931397283633,0.5570023449342695,22561,0.7153471089077922,0.0509516477305618,0.7036827143759108,0.049923988343718834,"{'classifier__ccp_alpha': np.float64(0.006865109908777552), 'classifier__max_depth': 5, 'classifier__max_features': 'sqrt', 'classifier__max_leaf_nodes': 8, 'classifier__min_impurity_decrease': np.float64(0.08263997937864323), 'classifier__min_samples_leaf': 4, 'classifier__min_samples_split': 4, 'feature_selection_filter__k': 'all'}",0.5699903964996338,"[0, 1, 2, 3, 4, 5, 6, 7, 8, 9, 10, 11, 12, 13, 14, 15, 16, 17, 18, 19, 20, 21, 22, 23, 24, 25, 26, 27, 28, 29, 30]","['Amount_log1p', 'V1', 'V2', 'V3', 'V4', 'V5', 'V6', 'V7', 'V8', 'V9', 'V10', 'V11', 'V12', 'V13', 'V14', 'V15', 'V16', 'V17', 'V18', 'V19', 'V20', 'V21', 'V22', 'V23', 'V24', 'V25', 'V26', 'V27', 'V28', 'Time_sin', 'Time_cos']"
CostSensitiveLearning_with_RandomUnderSampler___RandomizedSearchCV__niter_30__cv_5,4,10,DecisionTreeClassifier,resubstitution,317,21896,239,109,0.9845751518106467,0.5701438848920863,0.744131455399061,0.6456211812627292,0.9892026202846171,0.01079737971538286,0.8666670378418391,0.8579608298267217,0.6437961070039796,0.637878363687602,0.8666670378418391,0.4290933449798974,22561,0.6918970007947236,0.06021795840139546,0.6802504748217082,0.03709355332412412,"{'classifier__ccp_alpha': np.float64(0.00024711558581964833), 'classifier__max_depth': 12, 'classifier__max_features': 'sqrt', 'classifier__max_leaf_nodes': 12, 'classifier__min_impurity_decrease': np.float64(0.07851508872115993), 'classifier__min_samples_leaf': 2, 'classifier__min_samples_split': 2, 'feature_selection_filter__k': 'all'}",0.5542740821838379,"[0, 1, 2, 3, 4, 5, 6, 7, 8, 9, 10, 11, 12, 13, 14, 15, 16, 17, 18, 19, 20, 21, 22, 23, 24, 25, 26, 27, 28, 29, 30]","['Amount_log1p', 'V1', 'V2', 'V3', 'V4', 'V5', 'V6', 'V7', 'V8', 'V9', 'V10', 'V11', 'V12', 'V13', 'V14', 'V15', 'V16', 'V17', 'V18', 'V19', 'V20', 'V21', 'V22', 'V23', 'V24', 'V25', 'V26', 'V27', 'V28', 'Time_sin', 'Time_cos']"
CostSensitiveLearning_with_RandomUnderSampler___RandomizedSearchCV__niter_30__cv_5,5,1,DecisionTreeClassifier,resubstitution,324,21891,243,102,0.9847074468085106,0.5714285714285714,0.7605633802816901,0.6525679758308157,0.98902141501762,0.010978584982380024,0.874792397649655,0.8673024101066371,0.6518111037031856,0.6449107431745504,0.874792397649655,0.43912892247099616,22560,0.6372281478897015,0.014692711240562137,0.6345859466111873,0.021784741177861316,"{'classifier__ccp_alpha': np.float64(0.009581198617624805), 'classifier__max_depth': 4, 'classifier__max_features': 'log2', 'classifier__max_leaf_nodes': 19, 'classifier__min_impurity_decrease': np.float64(0.07414409900758416), 'classifier__min_samples_leaf': 4, 'classifier__min_samples_split': 3, 'feature_selection_filter__k': 'all'}",0.5586364269256592,"[0, 1, 2, 3, 4, 5, 6, 7, 8, 9, 10, 11, 12, 13, 14, 15, 16, 17, 18, 19, 20, 21, 22, 23, 24, 25, 26, 27, 28, 29, 30]","['Amount_log1p', 'V1', 'V2', 'V3', 'V4', 'V5', 'V6', 'V7', 'V8', 'V9', 'V10', 'V11', 'V12', 'V13', 'V14', 'V15', 'V16', 'V17', 'V18', 'V19', 'V20', 'V21', 'V22', 'V23', 'V24', 'V25', 'V26', 'V27', 'V28', 'Time_sin', 'Time_cos']"
CostSensitiveLearning_with_RandomUnderSampler___RandomizedSearchCV__niter_30__cv_5,5,2,DecisionTreeClassifier,resubstitution,342,22021,113,84,0.9912677304964539,0.7516483516483516,0.8028169014084507,0.7763904653802497,0.9948947320863829,0.005105267913617095,0.8988558167474168,0.8937104150904702,0.7723776887717827,0.771942302067458,0.9004264889357226,0.6097949365255328,22560,0.7843201410378701,0.026530218279030224,0.7756515415171835,0.044995230620077195,"{'classifier__ccp_alpha': np.float64(0.0038708414325518015), 'classifier__max_depth': 3, 'classifier__max_features': 'log2', 'classifier__max_leaf_nodes': 11, 'classifier__min_impurity_decrease': np.float64(0.012456394081953504), 'classifier__min_samples_leaf': 1, 'classifier__min_samples_split': 6, 'feature_selection_filter__k': 28}",0.5790865421295166,"[0, 1, 2, 3, 4, 5, 6, 7, 8, 9, 10, 11, 12, 14, 16, 17, 18, 19, 20, 21, 22, 23, 24, 26, 27, 28, 29, 30]","['Amount_log1p', 'V1', 'V2', 'V3', 'V4', 'V5', 'V6', 'V7', 'V8', 'V9', 'V10', 'V11', 'V12', 'V14', 'V16', 'V17', 'V18', 'V19', 'V20', 'V21', 'V22', 'V23', 'V24', 'V26', 'V27', 'V28', 'Time_sin', 'Time_cos']"
CostSensitiveLearning_with_RandomUnderSampler___RandomizedSearchCV__niter_30__cv_5,5,3,DecisionTreeClassifier,resubstitution,307,22037,97,119,0.9904255319148936,0.7599009900990099,0.7206572769953051,0.7397590361445783,0.9956176018794615,0.004382398120538533,0.8581374394373833,0.8470531682834604,0.7351536392188963,0.7348855793110471,0.8581374394373832,0.5529030010058242,22560,0.6429554665490748,0.05221237179455779,0.6387175301090054,0.04889743508976873,"{'classifier__ccp_alpha': np.float64(0.0001270367052819521), 'classifier__max_depth': 11, 'classifier__max_features': 'log2', 'classifier__max_leaf_nodes': 17, 'classifier__min_impurity_decrease': np.float64(0.06508572131708334), 'classifier__min_samples_leaf': 9, 'classifier__min_samples_split': 6, 'feature_selection_filter__k': 'all'}",0.5590684413909912,"[0, 1, 2, 3, 4, 5, 6, 7, 8, 9, 10, 11, 12, 13, 14, 15, 16, 17, 18, 19, 20, 21, 22, 23, 24, 25, 26, 27, 28, 29, 30]","['Amount_log1p', 'V1', 'V2', 'V3', 'V4', 'V5', 'V6', 'V7', 'V8', 'V9', 'V10', 'V11', 'V12', 'V13', 'V14', 'V15', 'V16', 'V17', 'V18', 'V19', 'V20', 'V21', 'V22', 'V23', 'V24', 'V25', 'V26', 'V27', 'V28', 'Time_sin', 'Time_cos']"
CostSensitiveLearning_with_RandomUnderSampler___RandomizedSearchCV__niter_30__cv_5,5,4,DecisionTreeClassifier,resubstitution,318,21894,240,108,0.9845744680851064,0.5698924731182796,0.7464788732394366,0.6463414634146342,0.9891569531038221,0.010843046896177877,0.8678179131716294,0.8592931791943279,0.6446877891755893,0.6386017360639273,0.8678179131716293,0.4301999252435225,22560,0.6589748778474862,0.04997163059486892,0.6441031597055117,0.0431501743138946,"{'classifier__ccp_alpha': np.float64(0.0022166162113473786), 'classifier__max_depth': 12, 'classifier__max_features': 'sqrt', 'classifier__max_leaf_nodes': 15, 'classifier__min_impurity_decrease': np.float64(0.09063541596959103), 'classifier__min_samples_leaf': 5, 'classifier__min_samples_split': 4, 'feature_selection_filter__k': 'all'}",0.5623536109924316,"[0, 1, 2, 3, 4, 5, 6, 7, 8, 9, 10, 11, 12, 13, 14, 15, 16, 17, 18, 19, 20, 21, 22, 23, 24, 25, 26, 27, 28, 29, 30]","['Amount_log1p', 'V1', 'V2', 'V3', 'V4', 'V5', 'V6', 'V7', 'V8', 'V9', 'V10', 'V11', 'V12', 'V13', 'V14', 'V15', 'V16', 'V17', 'V18', 'V19', 'V20', 'V21', 'V22', 'V23', 'V24', 'V25', 'V26', 'V27', 'V28', 'Time_sin', 'Time_cos']"
CostSensitiveLearning_with_RandomUnderSampler___RandomizedSearchCV__niter_30__cv_5,5,5,DecisionTreeClassifier,resubstitution,314,22040,95,111,0.9908687943262411,0.7677261613691931,0.7388235294117647,0.7529976019184652,0.9957081545064378,0.0042918454935622075,0.8672658419591013,0.8577019371416396,0.7484907530684287,0.7483477632735325,0.8672658419591012,0.5721343649304906,22560,0.7039815399064127,0.07667531707967552,0.6902256403979984,0.05610042818694584,"{'classifier__ccp_alpha': np.float64(0.0028752903024863285), 'classifier__max_depth': 15, 'classifier__max_features': 'sqrt', 'classifier__max_leaf_nodes': 15, 'classifier__min_impurity_decrease': np.float64(0.07291867697112116), 'classifier__min_samples_leaf': 7, 'classifier__min_samples_split': 3, 'feature_selection_filter__k': 'all'}",0.5589234828948975,"[0, 1, 2, 3, 4, 5, 6, 7, 8, 9, 10, 11, 12, 13, 14, 15, 16, 17, 18, 19, 20, 21, 22, 23, 24, 25, 26, 27, 28, 29, 30]","['Amount_log1p', 'V1', 'V2', 'V3', 'V4', 'V5', 'V6', 'V7', 'V8', 'V9', 'V10', 'V11', 'V12', 'V13', 'V14', 'V15', 'V16', 'V17', 'V18', 'V19', 'V20', 'V21', 'V22', 'V23', 'V24', 'V25', 'V26', 'V27', 'V28', 'Time_sin', 'Time_cos']"
CostSensitiveLearning_with_RandomUnderSampler___RandomizedSearchCV__niter_30__cv_5,5,6,DecisionTreeClassifier,resubstitution,310,22060,75,115,0.9915780141843972,0.8051948051948052,0.7294117647058823,0.7654320987654321,0.996611700926135,0.003388299073864953,0.8630117328160087,0.852607940086804,0.7621188559210292,0.761154775204986,0.8630117328160087,0.5924160815196485,22560,0.6981006891158328,0.06476785374174308,0.6961106926430797,0.042894481336164456,"{'classifier__ccp_alpha': np.float64(0.008079710642981639), 'classifier__max_depth': 15, 'classifier__max_features': 'log2', 'classifier__max_leaf_nodes': 2, 'classifier__min_impurity_decrease': np.float64(0.01909805117909871), 'classifier__min_samples_leaf': 6, 'classifier__min_samples_split': 9, 'feature_selection_filter__k': 'all'}",0.6182403564453125,"[0, 1, 2, 3, 4, 5, 6, 7, 8, 9, 10, 11, 12, 13, 14, 15, 16, 17, 18, 19, 20, 21, 22, 23, 24, 25, 26, 27, 28, 29, 30]","['Amount_log1p', 'V1', 'V2', 'V3', 'V4', 'V5', 'V6', 'V7', 'V8', 'V9', 'V10', 'V11', 'V12', 'V13', 'V14', 'V15', 'V16', 'V17', 'V18', 'V19', 'V20', 'V21', 'V22', 'V23', 'V24', 'V25', 'V26', 'V27', 'V28', 'Time_sin', 'Time_cos']"
CostSensitiveLearning_with_RandomUnderSampler___RandomizedSearchCV__niter_30__cv_5,5,7,DecisionTreeClassifier,resubstitution,322,21880,255,103,0.9841312056737589,0.5580589254766031,0.7576470588235295,0.6427145708582834,0.9884797831488593,0.011520216851140685,0.8730634209861944,0.8654009477746447,0.6425626911702623,0.6347908424588746,0.8730634209861945,0.427377306374447,22560,0.6322849054313602,0.014432576945872255,0.6316589317781569,0.052159815518847255,"{'classifier__ccp_alpha': np.float64(0.006475510493530234), 'classifier__max_depth': 18, 'classifier__max_features': 'log2', 'classifier__max_leaf_nodes': 12, 'classifier__min_impurity_decrease': np.float64(0.06524178750536233), 'classifier__min_samples_leaf': 2, 'classifier__min_samples_split': 2, 'feature_selection_filter__k': 'all'}",0.5642585754394531,"[0, 1, 2, 3, 4, 5, 6, 7, 8, 9, 10, 11, 12, 13, 14, 15, 16, 17, 18, 19, 20, 21, 22, 23, 24, 25, 26, 27, 28, 29, 30]","['Amount_log1p', 'V1', 'V2', 'V3', 'V4', 'V5', 'V6', 'V7', 'V8', 'V9', 'V10', 'V11', 'V12', 'V13', 'V14', 'V15', 'V16', 'V17', 'V18', 'V19', 'V20', 'V21', 'V22', 'V23', 'V24', 'V25', 'V26', 'V27', 'V28', 'Time_sin', 'Time_cos']"
CostSensitiveLearning_with_RandomUnderSampler___RandomizedSearchCV__niter_30__cv_5,5,8,DecisionTreeClassifier,resubstitution,342,22030,105,84,0.9916227117592306,0.7651006711409396,0.8028169014084507,0.7835051546391752,0.9952563812965891,0.00474361870341089,0.8990366413525199,0.8938728344342473,0.7794709256280866,0.7792363919498663,0.9006536925036401,0.6206390591940145,22561,0.7285291689505234,0.15142188362901432,0.7231471718694786,0.12354637870541946,"{'classifier__ccp_alpha': np.float64(0.00499694320468834), 'classifier__max_depth': 7, 'classifier__max_features': 'log2', 'classifier__max_leaf_nodes': 13, 'classifier__min_impurity_decrease': np.float64(0.009692170943916412), 'classifier__min_samples_leaf': 9, 'classifier__min_samples_split': 4, 'feature_selection_filter__k': 28}",0.5690093040466309,"[0, 1, 2, 3, 4, 5, 6, 7, 8, 9, 10, 11, 12, 14, 16, 17, 18, 19, 20, 21, 22, 23, 24, 25, 27, 28, 29, 30]","['Amount_log1p', 'V1', 'V2', 'V3', 'V4', 'V5', 'V6', 'V7', 'V8', 'V9', 'V10', 'V11', 'V12', 'V14', 'V16', 'V17', 'V18', 'V19', 'V20', 'V21', 'V22', 'V23', 'V24', 'V25', 'V27', 'V28', 'Time_sin', 'Time_cos']"
CostSensitiveLearning_with_RandomUnderSampler___RandomizedSearchCV__niter_30__cv_5,5,9,DecisionTreeClassifier,resubstitution,318,21846,289,108,0.9824032622667435,0.5238879736408567,0.7464788732394366,0.6156824782187803,0.9869437542353738,0.013056245764626162,0.8667113137374052,0.8583313239142105,0.616946765786197,0.606960688551856,0.8667113137374052,0.39585832611898664,22561,0.6850150701780218,0.05558011628494286,0.68088816352239,0.048542188182459915,"{'classifier__ccp_alpha': np.float64(0.0066386369990497004), 'classifier__max_depth': 16, 'classifier__max_features': 'log2', 'classifier__max_leaf_nodes': 10, 'classifier__min_impurity_decrease': np.float64(0.06547591723482203), 'classifier__min_samples_leaf': 9, 'classifier__min_samples_split': 4, 'feature_selection_filter__k': 'all'}",0.5634396076202393,"[0, 1, 2, 3, 4, 5, 6, 7, 8, 9, 10, 11, 12, 13, 14, 15, 16, 17, 18, 19, 20, 21, 22, 23, 24, 25, 26, 27, 28, 29, 30]","['Amount_log1p', 'V1', 'V2', 'V3', 'V4', 'V5', 'V6', 'V7', 'V8', 'V9', 'V10', 'V11', 'V12', 'V13', 'V14', 'V15', 'V16', 'V17', 'V18', 'V19', 'V20', 'V21', 'V22', 'V23', 'V24', 'V25', 'V26', 'V27', 'V28', 'Time_sin', 'Time_cos']"
CostSensitiveLearning_with_RandomUnderSampler___RandomizedSearchCV__niter_30__cv_5,5,10,DecisionTreeClassifier,resubstitution,343,22074,61,83,0.9936173041975089,0.849009900990099,0.8051643192488263,0.8265060240963855,0.9972441834199232,0.002755816580076842,0.9012042513343748,0.8960722259216353,0.8235574937863183,0.8232571995790097,0.903707403672089,0.6905408041859349,22561,0.7158309213952206,0.141002717330075,0.7223782631348987,0.1482621895013725,"{'classifier__ccp_alpha': np.float64(0.00967536336324315), 'classifier__max_depth': 11, 'classifier__max_features': 'log2', 'classifier__max_leaf_nodes': 12, 'classifier__min_impurity_decrease': np.float64(0.021311127795494014), 'classifier__min_samples_leaf': 7, 'classifier__min_samples_split': 4, 'feature_selection_filter__k': 28}",0.5580782890319824,"[0, 1, 2, 3, 4, 5, 6, 7, 8, 9, 10, 11, 12, 14, 16, 17, 18, 19, 20, 21, 22, 23, 24, 25, 26, 27, 28, 29]","['Amount_log1p', 'V1', 'V2', 'V3', 'V4', 'V5', 'V6', 'V7', 'V8', 'V9', 'V10', 'V11', 'V12', 'V14', 'V16', 'V17', 'V18', 'V19', 'V20', 'V21', 'V22', 'V23', 'V24', 'V25', 'V26', 'V27', 'V28', 'Time_sin']"
CostSensitiveLearning_with_RandomUnderSampler___RandomizedSearchCV__niter_30__cv_5,6,1,DecisionTreeClassifier,resubstitution,317,21883,251,109,0.9840425531914894,0.5580985915492958,0.744131455399061,0.6378269617706237,0.9886599801210807,0.011340019878919305,0.8663957177600708,0.8577254746725822,0.6366615261433046,0.6298386779202709,0.8663957177600708,0.42013027746943143,22560,0.660050383579604,0.05428046096402037,0.6433789735742119,0.051613479262756196,"{'classifier__ccp_alpha': np.float64(0.00048490519087940554), 'classifier__max_depth': 14, 'classifier__max_features': 'sqrt', 'classifier__max_leaf_nodes': 15, 'classifier__min_impurity_decrease': np.float64(0.09485748293586023), 'classifier__min_samples_leaf': 8, 'classifier__min_samples_split': 6, 'feature_selection_filter__k': 'all'}",0.5521345138549805,"[0, 1, 2, 3, 4, 5, 6, 7, 8, 9, 10, 11, 12, 13, 14, 15, 16, 17, 18, 19, 20, 21, 22, 23, 24, 25, 26, 27, 28, 29, 30]","['Amount_log1p', 'V1', 'V2', 'V3', 'V4', 'V5', 'V6', 'V7', 'V8', 'V9', 'V10', 'V11', 'V12', 'V13', 'V14', 'V15', 'V16', 'V17', 'V18', 'V19', 'V20', 'V21', 'V22', 'V23', 'V24', 'V25', 'V26', 'V27', 'V28', 'Time_sin', 'Time_cos']"
CostSensitiveLearning_with_RandomUnderSampler___RandomizedSearchCV__niter_30__cv_5,6,2,DecisionTreeClassifier,resubstitution,341,21340,794,85,0.9610372340425531,0.3004405286343612,0.8004694835680751,0.4368994234465087,0.9641275865184784,0.03587241348152159,0.8822985350432768,0.8784957093089192,0.476111899294551,0.42100035212563003,0.8822985350432767,0.2442612052953205,22560,0.742246407663297,0.11837681091906095,0.7112646702691757,0.14455747823305284,"{'classifier__ccp_alpha': np.float64(0.006924307898098233), 'classifier__max_depth': 18, 'classifier__max_features': 'log2', 'classifier__max_leaf_nodes': 4, 'classifier__min_impurity_decrease': np.float64(0.00912923671387863), 'classifier__min_samples_leaf': 9, 'classifier__min_samples_split': 7, 'feature_selection_filter__k': 28}",0.5763599872589111,"[0, 1, 2, 3, 4, 5, 6, 7, 8, 9, 10, 11, 12, 13, 14, 16, 17, 18, 19, 20, 21, 22, 23, 24, 27, 28, 29, 30]","['Amount_log1p', 'V1', 'V2', 'V3', 'V4', 'V5', 'V6', 'V7', 'V8', 'V9', 'V10', 'V11', 'V12', 'V13', 'V14', 'V16', 'V17', 'V18', 'V19', 'V20', 'V21', 'V22', 'V23', 'V24', 'V27', 'V28', 'Time_sin', 'Time_cos']"
CostSensitiveLearning_with_RandomUnderSampler___RandomizedSearchCV__niter_30__cv_5,6,3,DecisionTreeClassifier,resubstitution,322,21896,238,104,0.9848404255319149,0.575,0.755868544600939,0.6531440162271805,0.989247311827957,0.010752688172043001,0.872557928214448,0.8647201430762378,0.6518583063671586,0.6455411484519715,0.872557928214448,0.43923434222355406,22560,0.6413734178656243,0.01713615860142798,0.6321159703094779,0.036098729528529154,"{'classifier__ccp_alpha': np.float64(0.008067890576950428), 'classifier__max_depth': 5, 'classifier__max_features': 'log2', 'classifier__max_leaf_nodes': 15, 'classifier__min_impurity_decrease': np.float64(0.06277969168740836), 'classifier__min_samples_leaf': 2, 'classifier__min_samples_split': 4, 'feature_selection_filter__k': 'all'}",0.5596306324005127,"[0, 1, 2, 3, 4, 5, 6, 7, 8, 9, 10, 11, 12, 13, 14, 15, 16, 17, 18, 19, 20, 21, 22, 23, 24, 25, 26, 27, 28, 29, 30]","['Amount_log1p', 'V1', 'V2', 'V3', 'V4', 'V5', 'V6', 'V7', 'V8', 'V9', 'V10', 'V11', 'V12', 'V13', 'V14', 'V15', 'V16', 'V17', 'V18', 'V19', 'V20', 'V21', 'V22', 'V23', 'V24', 'V25', 'V26', 'V27', 'V28', 'Time_sin', 'Time_cos']"
CostSensitiveLearning_with_RandomUnderSampler___RandomizedSearchCV__niter_30__cv_5,6,4,DecisionTreeClassifier,resubstitution,347,22079,55,79,0.9940602836879433,0.8631840796019901,0.8145539906103286,0.8381642512077294,0.9975151350862926,0.002484864913707363,0.9060345628483106,0.9014044230969475,0.8355057556693282,0.835141463440172,0.9088052985846768,0.7100047501677981,22560,0.6762937155827469,0.16322183760874884,0.6667586366106597,0.15202443959616277,"{'classifier__ccp_alpha': np.float64(0.0023786885552472448), 'classifier__max_depth': 7, 'classifier__max_features': 'log2', 'classifier__max_leaf_nodes': 4, 'classifier__min_impurity_decrease': np.float64(0.012105507293337392), 'classifier__min_samples_leaf': 5, 'classifier__min_samples_split': 9, 'feature_selection_filter__k': 28}",0.560779333114624,"[0, 1, 2, 3, 4, 5, 6, 7, 8, 9, 10, 11, 12, 14, 16, 17, 18, 19, 20, 21, 22, 23, 24, 26, 27, 28, 29, 30]","['Amount_log1p', 'V1', 'V2', 'V3', 'V4', 'V5', 'V6', 'V7', 'V8', 'V9', 'V10', 'V11', 'V12', 'V14', 'V16', 'V17', 'V18', 'V19', 'V20', 'V21', 'V22', 'V23', 'V24', 'V26', 'V27', 'V28', 'Time_sin', 'Time_cos']"
CostSensitiveLearning_with_RandomUnderSampler___RandomizedSearchCV__niter_30__cv_5,6,5,DecisionTreeClassifier,resubstitution,319,21883,252,106,0.9841312056737589,0.5586690017513135,0.7505882352941177,0.6405622489959839,0.9886153151118139,0.011384684888186114,0.8696017752029658,0.861419192237156,0.6398489749858198,0.6326269388170981,0.8696017752029658,0.42402896169832843,22560,0.6569061153851943,0.045514984285332176,0.6560740503072413,0.07502952840892645,"{'classifier__ccp_alpha': np.float64(0.007440902990346757), 'classifier__max_depth': 18, 'classifier__max_features': 'log2', 'classifier__max_leaf_nodes': 2, 'classifier__min_impurity_decrease': np.float64(0.019052320939939207), 'classifier__min_samples_leaf': 6, 'classifier__min_samples_split': 6, 'feature_selection_filter__k': 'all'}",0.5713100433349609,"[0, 1, 2, 3, 4, 5, 6, 7, 8, 9, 10, 11, 12, 13, 14, 15, 16, 17, 18, 19, 20, 21, 22, 23, 24, 25, 26, 27, 28, 29, 30]","['Amount_log1p', 'V1', 'V2', 'V3', 'V4', 'V5', 'V6', 'V7', 'V8', 'V9', 'V10', 'V11', 'V12', 'V13', 'V14', 'V15', 'V16', 'V17', 'V18', 'V19', 'V20', 'V21', 'V22', 'V23', 'V24', 'V25', 'V26', 'V27', 'V28', 'Time_sin', 'Time_cos']"
CostSensitiveLearning_with_RandomUnderSampler___RandomizedSearchCV__niter_30__cv_5,6,6,DecisionTreeClassifier,resubstitution,317,21849,286,108,0.9825354609929078,0.5257048092868989,0.7458823529411764,0.6167315175097277,0.9870792861983284,0.01292071380167159,0.8664808195697524,0.8580472134615357,0.6178318839530519,0.6080696217182934,0.8664808195697523,0.39690117414595777,22560,0.6573704026221636,0.05959776648536515,0.645330500122936,0.057945596047275186,"{'classifier__ccp_alpha': np.float64(0.004709664349722401), 'classifier__max_depth': 4, 'classifier__max_features': 'log2', 'classifier__max_leaf_nodes': 19, 'classifier__min_impurity_decrease': np.float64(0.06644262366068653), 'classifier__min_samples_leaf': 1, 'classifier__min_samples_split': 4, 'feature_selection_filter__k': 'all'}",0.545583963394165,"[0, 1, 2, 3, 4, 5, 6, 7, 8, 9, 10, 11, 12, 13, 14, 15, 16, 17, 18, 19, 20, 21, 22, 23, 24, 25, 26, 27, 28, 29, 30]","['Amount_log1p', 'V1', 'V2', 'V3', 'V4', 'V5', 'V6', 'V7', 'V8', 'V9', 'V10', 'V11', 'V12', 'V13', 'V14', 'V15', 'V16', 'V17', 'V18', 'V19', 'V20', 'V21', 'V22', 'V23', 'V24', 'V25', 'V26', 'V27', 'V28', 'Time_sin', 'Time_cos']"
CostSensitiveLearning_with_RandomUnderSampler___RandomizedSearchCV__niter_30__cv_5,6,7,DecisionTreeClassifier,resubstitution,315,21891,244,110,0.9843085106382978,0.5635062611806798,0.7411764705882353,0.6402439024390244,0.9889767336796927,0.011023266320307257,0.865076602133964,0.8561578621741412,0.6385885233396708,0.6323752329808334,0.8650766021339641,0.4225334683410913,22560,0.6503805004324151,0.05325995344534169,0.6463772804895318,0.04004072551752585,"{'classifier__ccp_alpha': np.float64(0.004774256262081964), 'classifier__max_depth': 12, 'classifier__max_features': 'log2', 'classifier__max_leaf_nodes': 12, 'classifier__min_impurity_decrease': np.float64(0.08678563904757007), 'classifier__min_samples_leaf': 3, 'classifier__min_samples_split': 5, 'feature_selection_filter__k': 'all'}",0.4597160816192627,"[0, 1, 2, 3, 4, 5, 6, 7, 8, 9, 10, 11, 12, 13, 14, 15, 16, 17, 18, 19, 20, 21, 22, 23, 24, 25, 26, 27, 28, 29, 30]","['Amount_log1p', 'V1', 'V2', 'V3', 'V4', 'V5', 'V6', 'V7', 'V8', 'V9', 'V10', 'V11', 'V12', 'V13', 'V14', 'V15', 'V16', 'V17', 'V18', 'V19', 'V20', 'V21', 'V22', 'V23', 'V24', 'V25', 'V26', 'V27', 'V28', 'Time_sin', 'Time_cos']"
CostSensitiveLearning_with_RandomUnderSampler___RandomizedSearchCV__niter_30__cv_5,6,8,DecisionTreeClassifier,resubstitution,314,21886,249,112,0.9839989362173662,0.5577264653641207,0.7370892018779343,0.6349848331648129,0.9887508470747685,0.011249152925231543,0.8629200244763513,0.8536964171920088,0.6333440480985335,0.6269654227220411,0.8629200244763513,0.4160584741789341,22561,0.6445799826018062,0.04998411217013567,0.6448153828274991,0.0546072988443825,"{'classifier__ccp_alpha': np.float64(0.005493784178160719), 'classifier__max_depth': 6, 'classifier__max_features': 'log2', 'classifier__max_leaf_nodes': 11, 'classifier__min_impurity_decrease': np.float64(0.08885617542080104), 'classifier__min_samples_leaf': 2, 'classifier__min_samples_split': 7, 'feature_selection_filter__k': 'all'}",0.5644998550415039,"[0, 1, 2, 3, 4, 5, 6, 7, 8, 9, 10, 11, 12, 13, 14, 15, 16, 17, 18, 19, 20, 21, 22, 23, 24, 25, 26, 27, 28, 29, 30]","['Amount_log1p', 'V1', 'V2', 'V3', 'V4', 'V5', 'V6', 'V7', 'V8', 'V9', 'V10', 'V11', 'V12', 'V13', 'V14', 'V15', 'V16', 'V17', 'V18', 'V19', 'V20', 'V21', 'V22', 'V23', 'V24', 'V25', 'V26', 'V27', 'V28', 'Time_sin', 'Time_cos']"
CostSensitiveLearning_with_RandomUnderSampler___RandomizedSearchCV__niter_30__cv_5,6,9,DecisionTreeClassifier,resubstitution,331,22073,62,95,0.9930410886042286,0.8422391857506362,0.7769953051643192,0.8083028083028083,0.9971990060989383,0.002800993901061699,0.8870971556316287,0.8802380053448047,0.8054433625506625,0.8047648898397988,0.8997251712973421,0.6678396618574076,22561,0.6913736701599102,0.17361755269113333,0.6684155715088252,0.17324502433333505,"{'classifier__ccp_alpha': np.float64(0.004742275911391955), 'classifier__max_depth': 17, 'classifier__max_features': 'sqrt', 'classifier__max_leaf_nodes': 7, 'classifier__min_impurity_decrease': np.float64(0.013491872253239879), 'classifier__min_samples_leaf': 9, 'classifier__min_samples_split': 7, 'feature_selection_filter__k': 22}",0.5469558238983154,"[1, 2, 3, 4, 5, 6, 7, 8, 9, 10, 11, 12, 14, 16, 17, 18, 19, 20, 21, 27, 28, 29]","['V1', 'V2', 'V3', 'V4', 'V5', 'V6', 'V7', 'V8', 'V9', 'V10', 'V11', 'V12', 'V14', 'V16', 'V17', 'V18', 'V19', 'V20', 'V21', 'V27', 'V28', 'Time_sin']"
CostSensitiveLearning_with_RandomUnderSampler___RandomizedSearchCV__niter_30__cv_5,6,10,DecisionTreeClassifier,resubstitution,317,21889,246,109,0.9842648818758034,0.5630550621669627,0.744131455399061,0.641051567239636,0.988886379037723,0.011113620962276971,0.866508917218392,0.8578236767877466,0.6396071465889382,0.6331654433970211,0.866508917218392,0.4238183290083852,22561,0.6519653462392564,0.045805207250037026,0.6464010409655854,0.06129223284477572,"{'classifier__ccp_alpha': np.float64(0.007606134451822728), 'classifier__max_depth': 13, 'classifier__max_features': 'sqrt', 'classifier__max_leaf_nodes': 13, 'classifier__min_impurity_decrease': np.float64(0.06221477973856694), 'classifier__min_samples_leaf': 8, 'classifier__min_samples_split': 8, 'feature_selection_filter__k': 'all'}",0.5603551864624023,"[0, 1, 2, 3, 4, 5, 6, 7, 8, 9, 10, 11, 12, 13, 14, 15, 16, 17, 18, 19, 20, 21, 22, 23, 24, 25, 26, 27, 28, 29, 30]","['Amount_log1p', 'V1', 'V2', 'V3', 'V4', 'V5', 'V6', 'V7', 'V8', 'V9', 'V10', 'V11', 'V12', 'V13', 'V14', 'V15', 'V16', 'V17', 'V18', 'V19', 'V20', 'V21', 'V22', 'V23', 'V24', 'V25', 'V26', 'V27', 'V28', 'Time_sin', 'Time_cos']"
CostSensitiveLearning_with_RandomUnderSampler___RandomizedSearchCV__niter_30__cv_5,7,1,DecisionTreeClassifier,resubstitution,312,21887,247,114,0.9839982269503547,0.5581395348837209,0.7323943661971831,0.6335025380710659,0.9888406975693503,0.011159302430649665,0.8606175318832667,0.8510119599431519,0.6315161628459343,0.625475481358482,0.8606175318832666,0.41383144239011505,22560,0.6548907692949284,0.05152761858763941,0.6520782548406122,0.025950266005109347,"{'classifier__ccp_alpha': np.float64(0.002490707183149773), 'classifier__max_depth': 10, 'classifier__max_features': 'log2', 'classifier__max_leaf_nodes': 14, 'classifier__min_impurity_decrease': np.float64(0.09017984195830375), 'classifier__min_samples_leaf': 2, 'classifier__min_samples_split': 3, 'feature_selection_filter__k': 'all'}",0.5631434917449951,"[0, 1, 2, 3, 4, 5, 6, 7, 8, 9, 10, 11, 12, 13, 14, 15, 16, 17, 18, 19, 20, 21, 22, 23, 24, 25, 26, 27, 28, 29, 30]","['Amount_log1p', 'V1', 'V2', 'V3', 'V4', 'V5', 'V6', 'V7', 'V8', 'V9', 'V10', 'V11', 'V12', 'V13', 'V14', 'V15', 'V16', 'V17', 'V18', 'V19', 'V20', 'V21', 'V22', 'V23', 'V24', 'V25', 'V26', 'V27', 'V28', 'Time_sin', 'Time_cos']"
CostSensitiveLearning_with_RandomUnderSampler___RandomizedSearchCV__niter_30__cv_5,7,2,DecisionTreeClassifier,resubstitution,314,21885,249,112,0.9839982269503547,0.5577264653641207,0.7370892018779343,0.6349848331648129,0.9887503388452155,0.01124966115478454,0.8629197703615749,0.8536961977869861,0.6333436937361121,0.6269650594416568,0.8629197703615749,0.4160586942285333,22560,0.6671731408229654,0.05950874688621511,0.6572814287891404,0.0661833475792314,"{'classifier__ccp_alpha': np.float64(0.009643733664145244), 'classifier__max_depth': 3, 'classifier__max_features': 'log2', 'classifier__max_leaf_nodes': 17, 'classifier__min_impurity_decrease': np.float64(0.08968175120940146), 'classifier__min_samples_leaf': 9, 'classifier__min_samples_split': 6, 'feature_selection_filter__k': 'all'}",0.5593204498291016,"[0, 1, 2, 3, 4, 5, 6, 7, 8, 9, 10, 11, 12, 13, 14, 15, 16, 17, 18, 19, 20, 21, 22, 23, 24, 25, 26, 27, 28, 29, 30]","['Amount_log1p', 'V1', 'V2', 'V3', 'V4', 'V5', 'V6', 'V7', 'V8', 'V9', 'V10', 'V11', 'V12', 'V13', 'V14', 'V15', 'V16', 'V17', 'V18', 'V19', 'V20', 'V21', 'V22', 'V23', 'V24', 'V25', 'V26', 'V27', 'V28', 'Time_sin', 'Time_cos']"
CostSensitiveLearning_with_RandomUnderSampler___RandomizedSearchCV__niter_30__cv_5,7,3,DecisionTreeClassifier,resubstitution,327,21884,250,99,0.9845301418439716,0.5667244367417678,0.7676056338028169,0.6520438683948155,0.9887051594831481,0.011294840516851923,0.8781553966429825,0.8711691285790475,0.6520841800137925,0.6443163639300841,0.8781553966429826,0.43940916832904947,22560,0.6649099389275976,0.05193999577166646,0.6580592854611311,0.05401478738144464,"{'classifier__ccp_alpha': np.float64(0.00507007023632889), 'classifier__max_depth': 19, 'classifier__max_features': 'sqrt', 'classifier__max_leaf_nodes': 9, 'classifier__min_impurity_decrease': np.float64(0.08819361393516256), 'classifier__min_samples_leaf': 1, 'classifier__min_samples_split': 6, 'feature_selection_filter__k': 'all'}",0.5662610530853271,"[0, 1, 2, 3, 4, 5, 6, 7, 8, 9, 10, 11, 12, 13, 14, 15, 16, 17, 18, 19, 20, 21, 22, 23, 24, 25, 26, 27, 28, 29, 30]","['Amount_log1p', 'V1', 'V2', 'V3', 'V4', 'V5', 'V6', 'V7', 'V8', 'V9', 'V10', 'V11', 'V12', 'V13', 'V14', 'V15', 'V16', 'V17', 'V18', 'V19', 'V20', 'V21', 'V22', 'V23', 'V24', 'V25', 'V26', 'V27', 'V28', 'Time_sin', 'Time_cos']"
CostSensitiveLearning_with_RandomUnderSampler___RandomizedSearchCV__niter_30__cv_5,7,4,DecisionTreeClassifier,resubstitution,318,21844,290,108,0.9823581560283688,0.5230263157894737,0.7464788732394366,0.6150870406189555,0.9868979850004518,0.013102014999548217,0.8666884291199441,0.8583114212483763,0.616414884956086,0.6063452780794127,0.8666884291199441,0.39521532892765326,22560,0.6640574042492097,0.04777032564423535,0.6654662397050606,0.06693941014540424,"{'classifier__ccp_alpha': np.float64(0.0008373992389638219), 'classifier__max_depth': 12, 'classifier__max_features': 'sqrt', 'classifier__max_leaf_nodes': 2, 'classifier__min_impurity_decrease': np.float64(0.010568683531908452), 'classifier__min_samples_leaf': 1, 'classifier__min_samples_split': 6, 'feature_selection_filter__k': 'all'}",0.5569562911987305,"[0, 1, 2, 3, 4, 5, 6, 7, 8, 9, 10, 11, 12, 13, 14, 15, 16, 17, 18, 19, 20, 21, 22, 23, 24, 25, 26, 27, 28, 29, 30]","['Amount_log1p', 'V1', 'V2', 'V3', 'V4', 'V5', 'V6', 'V7', 'V8', 'V9', 'V10', 'V11', 'V12', 'V13', 'V14', 'V15', 'V16', 'V17', 'V18', 'V19', 'V20', 'V21', 'V22', 'V23', 'V24', 'V25', 'V26', 'V27', 'V28', 'Time_sin', 'Time_cos']"
CostSensitiveLearning_with_RandomUnderSampler___RandomizedSearchCV__niter_30__cv_5,7,5,DecisionTreeClassifier,resubstitution,314,21836,299,111,0.9818262411347518,0.5122349102773246,0.7388235294117647,0.605009633911368,0.9864919810255252,0.013508018974474845,0.862657755218645,0.8537233083134618,0.6065175525096084,0.5960208296300308,0.8626577552186449,0.383371417064969,22560,0.6334749701033096,0.00626294259279302,0.6329648023178261,0.0251803417255157,"{'classifier__ccp_alpha': np.float64(0.0010977272335425592), 'classifier__max_depth': 6, 'classifier__max_features': 'sqrt', 'classifier__max_leaf_nodes': 17, 'classifier__min_impurity_decrease': np.float64(0.08257937651534017), 'classifier__min_samples_leaf': 8, 'classifier__min_samples_split': 7, 'feature_selection_filter__k': 'all'}",0.5660512447357178,"[0, 1, 2, 3, 4, 5, 6, 7, 8, 9, 10, 11, 12, 13, 14, 15, 16, 17, 18, 19, 20, 21, 22, 23, 24, 25, 26, 27, 28, 29, 30]","['Amount_log1p', 'V1', 'V2', 'V3', 'V4', 'V5', 'V6', 'V7', 'V8', 'V9', 'V10', 'V11', 'V12', 'V13', 'V14', 'V15', 'V16', 'V17', 'V18', 'V19', 'V20', 'V21', 'V22', 'V23', 'V24', 'V25', 'V26', 'V27', 'V28', 'Time_sin', 'Time_cos']"
CostSensitiveLearning_with_RandomUnderSampler___RandomizedSearchCV__niter_30__cv_5,7,6,DecisionTreeClassifier,resubstitution,318,21894,241,107,0.9845744680851064,0.5688729874776386,0.7482352941176471,0.6463414634146342,0.9891122656426474,0.010887734357352574,0.8686737798801473,0.860284085054756,0.6448806724713824,0.6386061612353957,0.8686737798801473,0.43039375490233395,22560,0.6463874895108612,0.007025578470480646,0.6461995141885413,0.026701362481534794,"{'classifier__ccp_alpha': np.float64(0.005222010194871737), 'classifier__max_depth': 11, 'classifier__max_features': 'sqrt', 'classifier__max_leaf_nodes': 16, 'classifier__min_impurity_decrease': np.float64(0.09822527162189802), 'classifier__min_samples_leaf': 5, 'classifier__min_samples_split': 2, 'feature_selection_filter__k': 'all'}",0.5553367137908936,"[0, 1, 2, 3, 4, 5, 6, 7, 8, 9, 10, 11, 12, 13, 14, 15, 16, 17, 18, 19, 20, 21, 22, 23, 24, 25, 26, 27, 28, 29, 30]","['Amount_log1p', 'V1', 'V2', 'V3', 'V4', 'V5', 'V6', 'V7', 'V8', 'V9', 'V10', 'V11', 'V12', 'V13', 'V14', 'V15', 'V16', 'V17', 'V18', 'V19', 'V20', 'V21', 'V22', 'V23', 'V24', 'V25', 'V26', 'V27', 'V28', 'Time_sin', 'Time_cos']"
CostSensitiveLearning_with_RandomUnderSampler___RandomizedSearchCV__niter_30__cv_5,7,7,DecisionTreeClassifier,resubstitution,339,22019,116,86,0.9910460992907801,0.7450549450549451,0.7976470588235294,0.7704545454545455,0.9947594307657556,0.00524056923424443,0.8962032447946424,0.8907676095297096,0.7663572915294175,0.7658939538324416,0.8965191139930108,0.6000564957055479,22560,0.7134782566944173,0.14483431830961604,0.7117744567188096,0.13624451349182481,"{'classifier__ccp_alpha': np.float64(0.007231715716636847), 'classifier__max_depth': 8, 'classifier__max_features': 'log2', 'classifier__max_leaf_nodes': 4, 'classifier__min_impurity_decrease': np.float64(0.02129472349267765), 'classifier__min_samples_leaf': 8, 'classifier__min_samples_split': 7, 'feature_selection_filter__k': 28}",0.5590856075286865,"[0, 1, 2, 3, 4, 5, 6, 7, 8, 9, 10, 11, 12, 14, 16, 17, 18, 19, 20, 21, 23, 24, 25, 26, 27, 28, 29, 30]","['Amount_log1p', 'V1', 'V2', 'V3', 'V4', 'V5', 'V6', 'V7', 'V8', 'V9', 'V10', 'V11', 'V12', 'V14', 'V16', 'V17', 'V18', 'V19', 'V20', 'V21', 'V23', 'V24', 'V25', 'V26', 'V27', 'V28', 'Time_sin', 'Time_cos']"
CostSensitiveLearning_with_RandomUnderSampler___RandomizedSearchCV__niter_30__cv_5,7,8,DecisionTreeClassifier,resubstitution,318,22041,94,108,0.9910464961659501,0.7718446601941747,0.7464788732394366,0.7589498806682577,0.9957533318274226,0.00424666817257735,0.8711161025334296,0.8621535972011886,0.754499032743619,0.7543897109871822,0.8711161025334295,0.5809527541094917,22561,0.6446579290388208,0.017232486618048173,0.6435510490717486,0.029500251303548584,"{'classifier__ccp_alpha': np.float64(0.008132619486498826), 'classifier__max_depth': 7, 'classifier__max_features': 'sqrt', 'classifier__max_leaf_nodes': 19, 'classifier__min_impurity_decrease': np.float64(0.09226496387368904), 'classifier__min_samples_leaf': 9, 'classifier__min_samples_split': 8, 'feature_selection_filter__k': 'all'}",0.5504560470581055,"[0, 1, 2, 3, 4, 5, 6, 7, 8, 9, 10, 11, 12, 13, 14, 15, 16, 17, 18, 19, 20, 21, 22, 23, 24, 25, 26, 27, 28, 29, 30]","['Amount_log1p', 'V1', 'V2', 'V3', 'V4', 'V5', 'V6', 'V7', 'V8', 'V9', 'V10', 'V11', 'V12', 'V13', 'V14', 'V15', 'V16', 'V17', 'V18', 'V19', 'V20', 'V21', 'V22', 'V23', 'V24', 'V25', 'V26', 'V27', 'V28', 'Time_sin', 'Time_cos']"
CostSensitiveLearning_with_RandomUnderSampler___RandomizedSearchCV__niter_30__cv_5,7,9,DecisionTreeClassifier,resubstitution,319,21889,246,107,0.9843535304286157,0.5646017699115045,0.7488262910798122,0.6437941473259334,0.988886379037723,0.011113620962276971,0.8688563350587677,0.8605254903337631,0.6425926085710029,0.6359560645953153,0.8688563350587677,0.4275313468753915,22561,0.6646268221137593,0.057029094610683076,0.6591844861639122,0.05887343808620129,"{'classifier__ccp_alpha': np.float64(0.009451498957187568), 'classifier__max_depth': 4, 'classifier__max_features': 'sqrt', 'classifier__max_leaf_nodes': 4, 'classifier__min_impurity_decrease': np.float64(0.07905138351373064), 'classifier__min_samples_leaf': 3, 'classifier__min_samples_split': 7, 'feature_selection_filter__k': 'all'}",0.5597584247589111,"[0, 1, 2, 3, 4, 5, 6, 7, 8, 9, 10, 11, 12, 13, 14, 15, 16, 17, 18, 19, 20, 21, 22, 23, 24, 25, 26, 27, 28, 29, 30]","['Amount_log1p', 'V1', 'V2', 'V3', 'V4', 'V5', 'V6', 'V7', 'V8', 'V9', 'V10', 'V11', 'V12', 'V13', 'V14', 'V15', 'V16', 'V17', 'V18', 'V19', 'V20', 'V21', 'V22', 'V23', 'V24', 'V25', 'V26', 'V27', 'V28', 'Time_sin', 'Time_cos']"
CostSensitiveLearning_with_RandomUnderSampler___RandomizedSearchCV__niter_30__cv_5,7,10,DecisionTreeClassifier,resubstitution,341,22073,62,85,0.9934843313682904,0.8461538461538461,0.8004694835680751,0.8226779252110977,0.9971990060989383,0.002800993901061699,0.8988342448335067,0.893435713091107,0.8196891699484591,0.8193617187806803,0.9025395275046104,0.6850903552769697,22561,0.7245027271573544,0.13890328116648024,0.7098361759926297,0.15149953977523736,"{'classifier__ccp_alpha': np.float64(0.0027030569335406984), 'classifier__max_depth': 14, 'classifier__max_features': 'log2', 'classifier__max_leaf_nodes': 19, 'classifier__min_impurity_decrease': np.float64(0.010532608531509315), 'classifier__min_samples_leaf': 8, 'classifier__min_samples_split': 3, 'feature_selection_filter__k': 28}",0.5663859844207764,"[0, 1, 2, 3, 4, 5, 6, 7, 8, 9, 10, 11, 12, 14, 16, 17, 18, 19, 20, 21, 22, 23, 24, 25, 27, 28, 29, 30]","['Amount_log1p', 'V1', 'V2', 'V3', 'V4', 'V5', 'V6', 'V7', 'V8', 'V9', 'V10', 'V11', 'V12', 'V14', 'V16', 'V17', 'V18', 'V19', 'V20', 'V21', 'V22', 'V23', 'V24', 'V25', 'V27', 'V28', 'Time_sin', 'Time_cos']"
CostSensitiveLearning_with_RandomUnderSampler___RandomizedSearchCV__niter_30__cv_5,8,1,DecisionTreeClassifier,resubstitution,320,21882,252,106,0.9841312056737589,0.5594405594405595,0.7511737089201878,0.6412825651302605,0.9886148007590133,0.011385199240986688,0.8698942548396005,0.8617548645522928,0.6405476694808521,0.6333461899687736,0.8698942548396006,0.4249356215156335,22560,0.6533718718461655,0.061301340639249066,0.6504094986900101,0.07005211079392082,"{'classifier__ccp_alpha': np.float64(0.002526802201182077), 'classifier__max_depth': 19, 'classifier__max_features': 'log2', 'classifier__max_leaf_nodes': 6, 'classifier__min_impurity_decrease': np.float64(0.08853514580727667), 'classifier__min_samples_leaf': 9, 'classifier__min_samples_split': 8, 'feature_selection_filter__k': 'all'}",0.5985324382781982,"[0, 1, 2, 3, 4, 5, 6, 7, 8, 9, 10, 11, 12, 13, 14, 15, 16, 17, 18, 19, 20, 21, 22, 23, 24, 25, 26, 27, 28, 29, 30]","['Amount_log1p', 'V1', 'V2', 'V3', 'V4', 'V5', 'V6', 'V7', 'V8', 'V9', 'V10', 'V11', 'V12', 'V13', 'V14', 'V15', 'V16', 'V17', 'V18', 'V19', 'V20', 'V21', 'V22', 'V23', 'V24', 'V25', 'V26', 'V27', 'V28', 'Time_sin', 'Time_cos']"
CostSensitiveLearning_with_RandomUnderSampler___RandomizedSearchCV__niter_30__cv_5,8,2,DecisionTreeClassifier,resubstitution,349,21801,333,77,0.9818262411347518,0.5117302052785924,0.8192488262910798,0.6299638989169675,0.9849552724315532,0.01504472756844677,0.9021020493613165,0.8982891799909207,0.6393004913718308,0.621157386792017,0.9021020493613164,0.422647490619556,22560,0.6236017590669309,0.014098121433068257,0.6200309239348425,0.03474433438870581,"{'classifier__ccp_alpha': np.float64(6.479745040494423e-05), 'classifier__max_depth': 13, 'classifier__max_features': 'sqrt', 'classifier__max_leaf_nodes': 13, 'classifier__min_impurity_decrease': np.float64(0.06397951906182302), 'classifier__min_samples_leaf': 9, 'classifier__min_samples_split': 5, 'feature_selection_filter__k': 24}",0.5610127449035645,"[0, 1, 2, 3, 4, 5, 6, 7, 8, 9, 10, 11, 12, 14, 16, 17, 18, 19, 20, 21, 24, 27, 28, 29]","['Amount_log1p', 'V1', 'V2', 'V3', 'V4', 'V5', 'V6', 'V7', 'V8', 'V9', 'V10', 'V11', 'V12', 'V14', 'V16', 'V17', 'V18', 'V19', 'V20', 'V21', 'V24', 'V27', 'V28', 'Time_sin']"
CostSensitiveLearning_with_RandomUnderSampler___RandomizedSearchCV__niter_30__cv_5,8,3,DecisionTreeClassifier,resubstitution,317,21887,247,109,0.9842198581560284,0.5620567375886525,0.744131455399061,0.6404040404040404,0.9888406975693503,0.011159302430649665,0.8664860764842057,0.8578038630363607,0.6390146577279627,0.6324971611438011,0.8664860764842057,0.42307565844238,22560,0.6917149937005808,0.052714619499899446,0.6742804669515405,0.08175816726742036,"{'classifier__ccp_alpha': np.float64(0.0005741329337689594), 'classifier__max_depth': 10, 'classifier__max_features': 'log2', 'classifier__max_leaf_nodes': 8, 'classifier__min_impurity_decrease': np.float64(0.059703063017263705), 'classifier__min_samples_leaf': 2, 'classifier__min_samples_split': 5, 'feature_selection_filter__k': 'all'}",0.566627025604248,"[0, 1, 2, 3, 4, 5, 6, 7, 8, 9, 10, 11, 12, 13, 14, 15, 16, 17, 18, 19, 20, 21, 22, 23, 24, 25, 26, 27, 28, 29, 30]","['Amount_log1p', 'V1', 'V2', 'V3', 'V4', 'V5', 'V6', 'V7', 'V8', 'V9', 'V10', 'V11', 'V12', 'V13', 'V14', 'V15', 'V16', 'V17', 'V18', 'V19', 'V20', 'V21', 'V22', 'V23', 'V24', 'V25', 'V26', 'V27', 'V28', 'Time_sin', 'Time_cos']"
CostSensitiveLearning_with_RandomUnderSampler___RandomizedSearchCV__niter_30__cv_5,8,4,DecisionTreeClassifier,resubstitution,320,21890,244,106,0.9844858156028369,0.5673758865248227,0.7511737089201878,0.6464646464646465,0.9889762356555526,0.011023764344447406,0.8700749722878702,0.8619123777805416,0.6452723498225731,0.638691029214411,0.8700749722878702,0.43089643059301436,22560,0.6725721132094743,0.05026298213003656,0.6658354390388128,0.06477300198883212,"{'classifier__ccp_alpha': np.float64(0.0008182059189376168), 'classifier__max_depth': 10, 'classifier__max_features': 'sqrt', 'classifier__max_leaf_nodes': 11, 'classifier__min_impurity_decrease': np.float64(0.06471821105430647), 'classifier__min_samples_leaf': 4, 'classifier__min_samples_split': 2, 'feature_selection_filter__k': 'all'}",0.5555603504180908,"[0, 1, 2, 3, 4, 5, 6, 7, 8, 9, 10, 11, 12, 13, 14, 15, 16, 17, 18, 19, 20, 21, 22, 23, 24, 25, 26, 27, 28, 29, 30]","['Amount_log1p', 'V1', 'V2', 'V3', 'V4', 'V5', 'V6', 'V7', 'V8', 'V9', 'V10', 'V11', 'V12', 'V13', 'V14', 'V15', 'V16', 'V17', 'V18', 'V19', 'V20', 'V21', 'V22', 'V23', 'V24', 'V25', 'V26', 'V27', 'V28', 'Time_sin', 'Time_cos']"
CostSensitiveLearning_with_RandomUnderSampler___RandomizedSearchCV__niter_30__cv_5,8,5,DecisionTreeClassifier,resubstitution,320,21893,242,105,0.9846187943262411,0.5693950177935944,0.7529411764705882,0.6484295845997974,0.9890670883216626,0.010932911678337431,0.8710041323961254,0.862965432151979,0.6472666251842508,0.640721794738818,0.8710041323961255,0.43337520989314937,22560,0.6448883592566546,0.02402284466872976,0.6404292134452128,0.057804026898080535,"{'classifier__ccp_alpha': np.float64(0.006850270688116922), 'classifier__max_depth': 3, 'classifier__max_features': 'log2', 'classifier__max_leaf_nodes': 10, 'classifier__min_impurity_decrease': np.float64(0.07316180754736182), 'classifier__min_samples_leaf': 7, 'classifier__min_samples_split': 8, 'feature_selection_filter__k': 'all'}",0.560718297958374,"[0, 1, 2, 3, 4, 5, 6, 7, 8, 9, 10, 11, 12, 13, 14, 15, 16, 17, 18, 19, 20, 21, 22, 23, 24, 25, 26, 27, 28, 29, 30]","['Amount_log1p', 'V1', 'V2', 'V3', 'V4', 'V5', 'V6', 'V7', 'V8', 'V9', 'V10', 'V11', 'V12', 'V13', 'V14', 'V15', 'V16', 'V17', 'V18', 'V19', 'V20', 'V21', 'V22', 'V23', 'V24', 'V25', 'V26', 'V27', 'V28', 'Time_sin', 'Time_cos']"
CostSensitiveLearning_with_RandomUnderSampler___RandomizedSearchCV__niter_30__cv_5,8,6,DecisionTreeClassifier,resubstitution,317,21896,239,108,0.9846187943262411,0.5701438848920863,0.7458823529411764,0.6462793068297655,0.9892026202846171,0.01079737971538286,0.8675424866128968,0.8589696024618493,0.6445899932444717,0.638561025654285,0.8675424866128968,0.43004749642088586,22560,0.6410865399965846,0.01553707627302271,0.6413314380118083,0.03143422877280939,"{'classifier__ccp_alpha': np.float64(0.009015251166130691), 'classifier__max_depth': 11, 'classifier__max_features': 'log2', 'classifier__max_leaf_nodes': 13, 'classifier__min_impurity_decrease': np.float64(0.08292942753096737), 'classifier__min_samples_leaf': 6, 'classifier__min_samples_split': 6, 'feature_selection_filter__k': 'all'}",0.5600845813751221,"[0, 1, 2, 3, 4, 5, 6, 7, 8, 9, 10, 11, 12, 13, 14, 15, 16, 17, 18, 19, 20, 21, 22, 23, 24, 25, 26, 27, 28, 29, 30]","['Amount_log1p', 'V1', 'V2', 'V3', 'V4', 'V5', 'V6', 'V7', 'V8', 'V9', 'V10', 'V11', 'V12', 'V13', 'V14', 'V15', 'V16', 'V17', 'V18', 'V19', 'V20', 'V21', 'V22', 'V23', 'V24', 'V25', 'V26', 'V27', 'V28', 'Time_sin', 'Time_cos']"
CostSensitiveLearning_with_RandomUnderSampler___RandomizedSearchCV__niter_30__cv_5,8,7,DecisionTreeClassifier,resubstitution,312,22040,95,113,0.9907801418439717,0.7665847665847666,0.7341176470588235,0.75,0.9957081545064378,0.0042918454935622075,0.8649129007826306,0.8549660388246715,0.7454868081597534,0.7453057077274876,0.8649129007826307,0.5677722703645732,22560,0.7325428037258156,0.045049810641911964,0.7292402852993771,0.05526717785566483,"{'classifier__ccp_alpha': np.float64(0.0005771022023436124), 'classifier__max_depth': 12, 'classifier__max_features': 'log2', 'classifier__max_leaf_nodes': 6, 'classifier__min_impurity_decrease': np.float64(0.0942968785384321), 'classifier__min_samples_leaf': 2, 'classifier__min_samples_split': 4, 'feature_selection_filter__k': 'all'}",0.5785496234893799,"[0, 1, 2, 3, 4, 5, 6, 7, 8, 9, 10, 11, 12, 13, 14, 15, 16, 17, 18, 19, 20, 21, 22, 23, 24, 25, 26, 27, 28, 29, 30]","['Amount_log1p', 'V1', 'V2', 'V3', 'V4', 'V5', 'V6', 'V7', 'V8', 'V9', 'V10', 'V11', 'V12', 'V13', 'V14', 'V15', 'V16', 'V17', 'V18', 'V19', 'V20', 'V21', 'V22', 'V23', 'V24', 'V25', 'V26', 'V27', 'V28', 'Time_sin', 'Time_cos']"
CostSensitiveLearning_with_RandomUnderSampler___RandomizedSearchCV__niter_30__cv_5,8,8,DecisionTreeClassifier,resubstitution,318,21886,249,108,0.984176233322991,0.5608465608465608,0.7464788732394366,0.6404833836858006,0.9887508470747685,0.011249152925231543,0.8676148601571025,0.8591167663588645,0.6393283709555148,0.6325601714489912,0.8676148601571024,0.4234471306528221,22561,0.6557679859106645,0.05349901912607144,0.6514154896481468,0.023741844540839566,"{'classifier__ccp_alpha': np.float64(0.007343193375869615), 'classifier__max_depth': 18, 'classifier__max_features': 'log2', 'classifier__max_leaf_nodes': 13, 'classifier__min_impurity_decrease': np.float64(0.07063147514763976), 'classifier__min_samples_leaf': 6, 'classifier__min_samples_split': 8, 'feature_selection_filter__k': 'all'}",0.553675651550293,"[0, 1, 2, 3, 4, 5, 6, 7, 8, 9, 10, 11, 12, 13, 14, 15, 16, 17, 18, 19, 20, 21, 22, 23, 24, 25, 26, 27, 28, 29, 30]","['Amount_log1p', 'V1', 'V2', 'V3', 'V4', 'V5', 'V6', 'V7', 'V8', 'V9', 'V10', 'V11', 'V12', 'V13', 'V14', 'V15', 'V16', 'V17', 'V18', 'V19', 'V20', 'V21', 'V22', 'V23', 'V24', 'V25', 'V26', 'V27', 'V28', 'Time_sin', 'Time_cos']"
CostSensitiveLearning_with_RandomUnderSampler___RandomizedSearchCV__niter_30__cv_5,8,9,DecisionTreeClassifier,resubstitution,341,22025,110,85,0.9913567661007934,0.7560975609756098,0.8004694835680751,0.7776510832383124,0.9950304946916648,0.004969505308335176,0.8977499891298699,0.8924637506477915,0.7735744061384741,0.7732474578961841,0.8993431259948821,0.6116698956641167,22561,0.6967078283672162,0.12635754373632846,0.6963153094122205,0.1500969827687815,"{'classifier__ccp_alpha': np.float64(0.00690467990162589), 'classifier__max_depth': 11, 'classifier__max_features': 'log2', 'classifier__max_leaf_nodes': 4, 'classifier__min_impurity_decrease': np.float64(0.014058036554451925), 'classifier__min_samples_leaf': 2, 'classifier__min_samples_split': 5, 'feature_selection_filter__k': 28}",0.5561747550964355,"[0, 1, 2, 3, 4, 5, 6, 7, 8, 9, 10, 11, 12, 14, 16, 17, 18, 19, 20, 21, 22, 23, 24, 25, 26, 27, 28, 29]","['Amount_log1p', 'V1', 'V2', 'V3', 'V4', 'V5', 'V6', 'V7', 'V8', 'V9', 'V10', 'V11', 'V12', 'V14', 'V16', 'V17', 'V18', 'V19', 'V20', 'V21', 'V22', 'V23', 'V24', 'V25', 'V26', 'V27', 'V28', 'Time_sin']"
CostSensitiveLearning_with_RandomUnderSampler___RandomizedSearchCV__niter_30__cv_5,8,10,DecisionTreeClassifier,resubstitution,314,21888,247,112,0.9840875847701787,0.5597147950089126,0.7370892018779343,0.6362715298885512,0.9888412017167382,0.011158798283261828,0.8629652017973362,0.8537354228081484,0.6345221362156737,0.6282929094823778,0.8629652017973363,0.417524050489884,22561,0.6534764051005351,0.054600905217945396,0.6435510510510511,0.07789016570755249,"{'classifier__ccp_alpha': np.float64(0.005557905998327344), 'classifier__max_depth': 6, 'classifier__max_features': 'sqrt', 'classifier__max_leaf_nodes': 11, 'classifier__min_impurity_decrease': np.float64(0.07776107933572246), 'classifier__min_samples_leaf': 9, 'classifier__min_samples_split': 8, 'feature_selection_filter__k': 'all'}",0.5561995506286621,"[0, 1, 2, 3, 4, 5, 6, 7, 8, 9, 10, 11, 12, 13, 14, 15, 16, 17, 18, 19, 20, 21, 22, 23, 24, 25, 26, 27, 28, 29, 30]","['Amount_log1p', 'V1', 'V2', 'V3', 'V4', 'V5', 'V6', 'V7', 'V8', 'V9', 'V10', 'V11', 'V12', 'V13', 'V14', 'V15', 'V16', 'V17', 'V18', 'V19', 'V20', 'V21', 'V22', 'V23', 'V24', 'V25', 'V26', 'V27', 'V28', 'Time_sin', 'Time_cos']"
CostSensitiveLearning_with_RandomUnderSampler___RandomizedSearchCV__niter_30__cv_5,9,1,DecisionTreeClassifier,resubstitution,346,21354,780,80,0.9618794326241135,0.30728241563055064,0.812206572769953,0.44587628865979384,0.9647600975874221,0.035239902412577906,0.8884833351786876,0.8852030797544062,0.48564210527321955,0.4302656904222757,0.8884833351786876,0.2531228969625419,22560,0.6480412026285449,0.15085589828102505,0.6396972833341337,0.11895001071493062,"{'classifier__ccp_alpha': np.float64(0.0001315049219004605), 'classifier__max_depth': 5, 'classifier__max_features': 'log2', 'classifier__max_leaf_nodes': 7, 'classifier__min_impurity_decrease': np.float64(0.013026552391326763), 'classifier__min_samples_leaf': 7, 'classifier__min_samples_split': 8, 'feature_selection_filter__k': 22}",0.562685489654541,"[1, 2, 3, 4, 5, 6, 7, 8, 9, 10, 11, 12, 14, 16, 17, 18, 19, 20, 21, 27, 28, 29]","['V1', 'V2', 'V3', 'V4', 'V5', 'V6', 'V7', 'V8', 'V9', 'V10', 'V11', 'V12', 'V14', 'V16', 'V17', 'V18', 'V19', 'V20', 'V21', 'V27', 'V28', 'Time_sin']"
CostSensitiveLearning_with_RandomUnderSampler___RandomizedSearchCV__niter_30__cv_5,9,2,DecisionTreeClassifier,resubstitution,347,21334,800,79,0.9610372340425531,0.3025283347863993,0.8145539906103286,0.44119516846789575,0.9638565103460739,0.03614348965392611,0.8892052504782013,0.8860661187959621,0.4823063401271455,0.4253709311799174,0.8892052504782012,0.24992743542260443,22560,0.7443748007557198,0.15363533212709607,0.7305879316414705,0.14405524340847156,"{'classifier__ccp_alpha': np.float64(0.0018033628310429274), 'classifier__max_depth': 9, 'classifier__max_features': 'log2', 'classifier__max_leaf_nodes': 16, 'classifier__min_impurity_decrease': np.float64(0.016009994318521736), 'classifier__min_samples_leaf': 5, 'classifier__min_samples_split': 5, 'feature_selection_filter__k': 22}",0.547715425491333,"[1, 2, 3, 4, 5, 6, 7, 8, 9, 10, 11, 12, 14, 16, 17, 18, 19, 20, 21, 27, 28, 29]","['V1', 'V2', 'V3', 'V4', 'V5', 'V6', 'V7', 'V8', 'V9', 'V10', 'V11', 'V12', 'V14', 'V16', 'V17', 'V18', 'V19', 'V20', 'V21', 'V27', 'V28', 'Time_sin']"
CostSensitiveLearning_with_RandomUnderSampler___RandomizedSearchCV__niter_30__cv_5,9,3,DecisionTreeClassifier,resubstitution,342,22020,114,84,0.9912234042553192,0.75,0.8028169014084507,0.7755102040816326,0.9948495527243155,0.005150447275684478,0.8988332270663831,0.8936901226296048,0.7715040731301417,0.7710396953100781,0.899262749170545,0.6078176163530821,22560,0.7845567161075754,0.02330959358059323,0.7779597705141965,0.026025850811425777,"{'classifier__ccp_alpha': np.float64(0.003920149163389519), 'classifier__max_depth': 12, 'classifier__max_features': 'log2', 'classifier__max_leaf_nodes': 9, 'classifier__min_impurity_decrease': np.float64(0.01096694549268399), 'classifier__min_samples_leaf': 2, 'classifier__min_samples_split': 9, 'feature_selection_filter__k': 28}",0.5546953678131104,"[0, 1, 2, 3, 4, 5, 6, 7, 8, 9, 10, 11, 12, 14, 16, 17, 18, 19, 20, 21, 22, 23, 24, 25, 27, 28, 29, 30]","['Amount_log1p', 'V1', 'V2', 'V3', 'V4', 'V5', 'V6', 'V7', 'V8', 'V9', 'V10', 'V11', 'V12', 'V14', 'V16', 'V17', 'V18', 'V19', 'V20', 'V21', 'V22', 'V23', 'V24', 'V25', 'V27', 'V28', 'Time_sin', 'Time_cos']"
CostSensitiveLearning_with_RandomUnderSampler___RandomizedSearchCV__niter_30__cv_5,9,4,DecisionTreeClassifier,resubstitution,309,22033,101,117,0.9903368794326242,0.7536585365853659,0.7253521126760564,0.7392344497607656,0.9954368844311918,0.004563115568808174,0.860394498553624,0.849730690959104,0.7344531658732808,0.7343135157561731,0.8603944985536242,0.551853981961306,22560,0.6671759029832021,0.06276858379259316,0.6697255660792185,0.09900466748342464,"{'classifier__ccp_alpha': np.float64(0.00023159455557809073), 'classifier__max_depth': 8, 'classifier__max_features': 'sqrt', 'classifier__max_leaf_nodes': 4, 'classifier__min_impurity_decrease': np.float64(0.05780086969289491), 'classifier__min_samples_leaf': 6, 'classifier__min_samples_split': 4, 'feature_selection_filter__k': 'all'}",0.5549817085266113,"[0, 1, 2, 3, 4, 5, 6, 7, 8, 9, 10, 11, 12, 13, 14, 15, 16, 17, 18, 19, 20, 21, 22, 23, 24, 25, 26, 27, 28, 29, 30]","['Amount_log1p', 'V1', 'V2', 'V3', 'V4', 'V5', 'V6', 'V7', 'V8', 'V9', 'V10', 'V11', 'V12', 'V13', 'V14', 'V15', 'V16', 'V17', 'V18', 'V19', 'V20', 'V21', 'V22', 'V23', 'V24', 'V25', 'V26', 'V27', 'V28', 'Time_sin', 'Time_cos']"
CostSensitiveLearning_with_RandomUnderSampler___RandomizedSearchCV__niter_30__cv_5,9,5,DecisionTreeClassifier,resubstitution,360,21840,295,65,0.9840425531914894,0.549618320610687,0.8470588235294118,0.6666666666666666,0.9866726903094647,0.013327309690535305,0.9168657569194383,0.9142044674262617,0.6751000916331578,0.6588716841572493,0.9409278358734504,0.6769302228600482,22560,0.7348732567666464,0.0484418998795342,0.7124809222391887,0.05928882686956488,"{'classifier__ccp_alpha': np.float64(0.001051721272176752), 'classifier__max_depth': 13, 'classifier__max_features': 'log2', 'classifier__max_leaf_nodes': 5, 'classifier__min_impurity_decrease': np.float64(0.013430412199704768), 'classifier__min_samples_leaf': 7, 'classifier__min_samples_split': 3, 'feature_selection_filter__k': 20}",0.5586278438568115,"[1, 2, 3, 4, 5, 6, 7, 8, 9, 10, 11, 12, 14, 16, 17, 18, 19, 20, 21, 27]","['V1', 'V2', 'V3', 'V4', 'V5', 'V6', 'V7', 'V8', 'V9', 'V10', 'V11', 'V12', 'V14', 'V16', 'V17', 'V18', 'V19', 'V20', 'V21', 'V27']"
CostSensitiveLearning_with_RandomUnderSampler___RandomizedSearchCV__niter_30__cv_5,9,6,DecisionTreeClassifier,resubstitution,316,21892,243,109,0.9843971631205674,0.5652951699463328,0.7435294117647059,0.6422764227642277,0.9890219110006777,0.010978088999322289,0.8662756613826919,0.857535351871128,0.6406859063835746,0.6344522090656876,0.8662756613826919,0.4251451454673142,22560,0.6787038318283651,0.06972230961183354,0.6638949907625615,0.05798260807915932,"{'classifier__ccp_alpha': np.float64(0.00820403315086375), 'classifier__max_depth': 6, 'classifier__max_features': 'sqrt', 'classifier__max_leaf_nodes': 6, 'classifier__min_impurity_decrease': np.float64(0.07005261713251808), 'classifier__min_samples_leaf': 4, 'classifier__min_samples_split': 9, 'feature_selection_filter__k': 'all'}",0.559227466583252,"[0, 1, 2, 3, 4, 5, 6, 7, 8, 9, 10, 11, 12, 13, 14, 15, 16, 17, 18, 19, 20, 21, 22, 23, 24, 25, 26, 27, 28, 29, 30]","['Amount_log1p', 'V1', 'V2', 'V3', 'V4', 'V5', 'V6', 'V7', 'V8', 'V9', 'V10', 'V11', 'V12', 'V13', 'V14', 'V15', 'V16', 'V17', 'V18', 'V19', 'V20', 'V21', 'V22', 'V23', 'V24', 'V25', 'V26', 'V27', 'V28', 'Time_sin', 'Time_cos']"
CostSensitiveLearning_with_RandomUnderSampler___RandomizedSearchCV__niter_30__cv_5,9,7,DecisionTreeClassifier,resubstitution,320,21887,248,105,0.9843528368794326,0.5633802816901409,0.7529411764705882,0.6445115810674723,0.9887960243957533,0.011203975604246685,0.8708686004331707,0.86284717180853,0.6436914757984477,0.6366814968374874,0.8708686004331708,0.428846467415255,22560,0.6688617717337948,0.05149917850937916,0.6746128058315456,0.04431548273089,"{'classifier__ccp_alpha': np.float64(0.006109936902631843), 'classifier__max_depth': 7, 'classifier__max_features': 'sqrt', 'classifier__max_leaf_nodes': 18, 'classifier__min_impurity_decrease': np.float64(0.0851283310020022), 'classifier__min_samples_leaf': 8, 'classifier__min_samples_split': 5, 'feature_selection_filter__k': 'all'}",0.5711381435394287,"[0, 1, 2, 3, 4, 5, 6, 7, 8, 9, 10, 11, 12, 13, 14, 15, 16, 17, 18, 19, 20, 21, 22, 23, 24, 25, 26, 27, 28, 29, 30]","['Amount_log1p', 'V1', 'V2', 'V3', 'V4', 'V5', 'V6', 'V7', 'V8', 'V9', 'V10', 'V11', 'V12', 'V13', 'V14', 'V15', 'V16', 'V17', 'V18', 'V19', 'V20', 'V21', 'V22', 'V23', 'V24', 'V25', 'V26', 'V27', 'V28', 'Time_sin', 'Time_cos']"
CostSensitiveLearning_with_RandomUnderSampler___RandomizedSearchCV__niter_30__cv_5,9,8,DecisionTreeClassifier,resubstitution,317,21882,253,109,0.98395461194096,0.5561403508771929,0.744131455399061,0.6365461847389559,0.988570137790829,0.011429862209170971,0.8663507965949451,0.8576865018165669,0.635494478407056,0.628517675321795,0.8663507965949451,0.41867287483266447,22561,0.7016522801458025,0.056376322844116526,0.6850371968444093,0.0698573359196054,"{'classifier__ccp_alpha': np.float64(0.005705316251454068), 'classifier__max_depth': 11, 'classifier__max_features': 'sqrt', 'classifier__max_leaf_nodes': 2, 'classifier__min_impurity_decrease': np.float64(0.0973654351788043), 'classifier__min_samples_leaf': 7, 'classifier__min_samples_split': 4, 'feature_selection_filter__k': 'all'}",0.5699372291564941,"[0, 1, 2, 3, 4, 5, 6, 7, 8, 9, 10, 11, 12, 13, 14, 15, 16, 17, 18, 19, 20, 21, 22, 23, 24, 25, 26, 27, 28, 29, 30]","['Amount_log1p', 'V1', 'V2', 'V3', 'V4', 'V5', 'V6', 'V7', 'V8', 'V9', 'V10', 'V11', 'V12', 'V13', 'V14', 'V15', 'V16', 'V17', 'V18', 'V19', 'V20', 'V21', 'V22', 'V23', 'V24', 'V25', 'V26', 'V27', 'V28', 'Time_sin', 'Time_cos']"
CostSensitiveLearning_with_RandomUnderSampler___RandomizedSearchCV__niter_30__cv_5,9,9,DecisionTreeClassifier,resubstitution,319,21888,247,107,0.9843092061522095,0.5636042402826855,0.7488262910798122,0.6431451612903226,0.9888412017167382,0.011158798283261828,0.8688337463982752,0.8605058335353977,0.6419999726123959,0.6352866983160321,0.8688337463982752,0.4267843704632008,22561,0.6589975277293558,0.05934153912357327,0.6587763188456113,0.06250426516190329,"{'classifier__ccp_alpha': np.float64(0.0010437621475745552), 'classifier__max_depth': 12, 'classifier__max_features': 'log2', 'classifier__max_leaf_nodes': 6, 'classifier__min_impurity_decrease': np.float64(0.09206703216076642), 'classifier__min_samples_leaf': 8, 'classifier__min_samples_split': 7, 'feature_selection_filter__k': 'all'}",0.5638163089752197,"[0, 1, 2, 3, 4, 5, 6, 7, 8, 9, 10, 11, 12, 13, 14, 15, 16, 17, 18, 19, 20, 21, 22, 23, 24, 25, 26, 27, 28, 29, 30]","['Amount_log1p', 'V1', 'V2', 'V3', 'V4', 'V5', 'V6', 'V7', 'V8', 'V9', 'V10', 'V11', 'V12', 'V13', 'V14', 'V15', 'V16', 'V17', 'V18', 'V19', 'V20', 'V21', 'V22', 'V23', 'V24', 'V25', 'V26', 'V27', 'V28', 'Time_sin', 'Time_cos']"
CostSensitiveLearning_with_RandomUnderSampler___RandomizedSearchCV__niter_30__cv_5,9,10,DecisionTreeClassifier,resubstitution,316,21887,248,110,0.9841319090465848,0.5602836879432624,0.7417840375586855,0.6383838383838384,0.9887960243957533,0.011203975604246685,0.8652900309772193,0.8564304451023786,0.6369291114002981,0.6304328986382984,0.8652900309772195,0.42048516662550445,22561,0.6382768954645929,0.02567127189882902,0.6274678018316567,0.03372157348694473,"{'classifier__ccp_alpha': np.float64(0.005026129528405222), 'classifier__max_depth': 14, 'classifier__max_features': 'sqrt', 'classifier__max_leaf_nodes': 13, 'classifier__min_impurity_decrease': np.float64(0.08068889276384353), 'classifier__min_samples_leaf': 3, 'classifier__min_samples_split': 6, 'feature_selection_filter__k': 'all'}",0.5413038730621338,"[0, 1, 2, 3, 4, 5, 6, 7, 8, 9, 10, 11, 12, 13, 14, 15, 16, 17, 18, 19, 20, 21, 22, 23, 24, 25, 26, 27, 28, 29, 30]","['Amount_log1p', 'V1', 'V2', 'V3', 'V4', 'V5', 'V6', 'V7', 'V8', 'V9', 'V10', 'V11', 'V12', 'V13', 'V14', 'V15', 'V16', 'V17', 'V18', 'V19', 'V20', 'V21', 'V22', 'V23', 'V24', 'V25', 'V26', 'V27', 'V28', 'Time_sin', 'Time_cos']"
CostSensitiveLearning_with_RandomUnderSampler___RandomizedSearchCV__niter_30__cv_5,10,1,DecisionTreeClassifier,resubstitution,316,22041,93,110,0.9910017730496454,0.7726161369193154,0.7417840375586855,0.7568862275449102,0.9957983193277311,0.004201680672268893,0.8687911784432083,0.8594575602698935,0.7524661184312944,0.7523042184998192,0.8687911784432083,0.5779902040518267,22560,0.7310428823738028,0.03654446234984449,0.7239639486648702,0.06669146857742754,"{'classifier__ccp_alpha': np.float64(0.0012191686493861931), 'classifier__max_depth': 3, 'classifier__max_features': 'log2', 'classifier__max_leaf_nodes': 14, 'classifier__min_impurity_decrease': np.float64(0.08125316847979247), 'classifier__min_samples_leaf': 6, 'classifier__min_samples_split': 2, 'feature_selection_filter__k': 'all'}",0.5644938945770264,"[0, 1, 2, 3, 4, 5, 6, 7, 8, 9, 10, 11, 12, 13, 14, 15, 16, 17, 18, 19, 20, 21, 22, 23, 24, 25, 26, 27, 28, 29, 30]","['Amount_log1p', 'V1', 'V2', 'V3', 'V4', 'V5', 'V6', 'V7', 'V8', 'V9', 'V10', 'V11', 'V12', 'V13', 'V14', 'V15', 'V16', 'V17', 'V18', 'V19', 'V20', 'V21', 'V22', 'V23', 'V24', 'V25', 'V26', 'V27', 'V28', 'Time_sin', 'Time_cos']"
CostSensitiveLearning_with_RandomUnderSampler___RandomizedSearchCV__niter_30__cv_5,10,2,DecisionTreeClassifier,resubstitution,312,22045,89,114,0.9910017730496454,0.7780548628428927,0.7323943661971831,0.75453446191052,0.9959790367760007,0.004020963223999252,0.8641867014865919,0.8540781201888034,0.7503114365120898,0.7499556112898671,0.8641867014865919,0.5748961896278183,22560,0.6675577019970509,0.050102158628822606,0.6655347165709452,0.07770681599101044,"{'classifier__ccp_alpha': np.float64(0.0014105839439942358), 'classifier__max_depth': 15, 'classifier__max_features': 'sqrt', 'classifier__max_leaf_nodes': 17, 'classifier__min_impurity_decrease': np.float64(0.0954305107472291), 'classifier__min_samples_leaf': 2, 'classifier__min_samples_split': 3, 'feature_selection_filter__k': 'all'}",0.5725572109222412,"[0, 1, 2, 3, 4, 5, 6, 7, 8, 9, 10, 11, 12, 13, 14, 15, 16, 17, 18, 19, 20, 21, 22, 23, 24, 25, 26, 27, 28, 29, 30]","['Amount_log1p', 'V1', 'V2', 'V3', 'V4', 'V5', 'V6', 'V7', 'V8', 'V9', 'V10', 'V11', 'V12', 'V13', 'V14', 'V15', 'V16', 'V17', 'V18', 'V19', 'V20', 'V21', 'V22', 'V23', 'V24', 'V25', 'V26', 'V27', 'V28', 'Time_sin', 'Time_cos']"
CostSensitiveLearning_with_RandomUnderSampler___RandomizedSearchCV__niter_30__cv_5,10,3,DecisionTreeClassifier,resubstitution,316,21885,249,110,0.9840868794326241,0.5592920353982301,0.7417840375586855,0.6377396569122099,0.9887503388452155,0.01124966115478454,0.8652671882019505,0.8564106599559129,0.6363399689504664,0.6297679878659217,0.8652671882019505,0.4197497907169371,22560,0.6705758225254229,0.04947036335870297,0.6559543694884058,0.04390768248633057,"{'classifier__ccp_alpha': np.float64(0.001313138029068567), 'classifier__max_depth': 11, 'classifier__max_features': 'sqrt', 'classifier__max_leaf_nodes': 11, 'classifier__min_impurity_decrease': np.float64(0.08368840332210015), 'classifier__min_samples_leaf': 9, 'classifier__min_samples_split': 2, 'feature_selection_filter__k': 'all'}",0.5647339820861816,"[0, 1, 2, 3, 4, 5, 6, 7, 8, 9, 10, 11, 12, 13, 14, 15, 16, 17, 18, 19, 20, 21, 22, 23, 24, 25, 26, 27, 28, 29, 30]","['Amount_log1p', 'V1', 'V2', 'V3', 'V4', 'V5', 'V6', 'V7', 'V8', 'V9', 'V10', 'V11', 'V12', 'V13', 'V14', 'V15', 'V16', 'V17', 'V18', 'V19', 'V20', 'V21', 'V22', 'V23', 'V24', 'V25', 'V26', 'V27', 'V28', 'Time_sin', 'Time_cos']"
CostSensitiveLearning_with_RandomUnderSampler___RandomizedSearchCV__niter_30__cv_5,10,4,DecisionTreeClassifier,resubstitution,315,21881,253,111,0.9838652482269503,0.5545774647887324,0.7394366197183099,0.6338028169014085,0.9885696213969459,0.01143037860305407,0.864003120557628,0.8549763617796501,0.6325040687481528,0.6257257743416073,0.864003120557628,0.41499509870128776,22560,0.6285191890493417,0.02267418177805566,0.6260344184726124,0.034946983434668795,"{'classifier__ccp_alpha': np.float64(0.006396053492219368), 'classifier__max_depth': 8, 'classifier__max_features': 'log2', 'classifier__max_leaf_nodes': 10, 'classifier__min_impurity_decrease': np.float64(0.07139822456125902), 'classifier__min_samples_leaf': 6, 'classifier__min_samples_split': 5, 'feature_selection_filter__k': 'all'}",0.5680496692657471,"[0, 1, 2, 3, 4, 5, 6, 7, 8, 9, 10, 11, 12, 13, 14, 15, 16, 17, 18, 19, 20, 21, 22, 23, 24, 25, 26, 27, 28, 29, 30]","['Amount_log1p', 'V1', 'V2', 'V3', 'V4', 'V5', 'V6', 'V7', 'V8', 'V9', 'V10', 'V11', 'V12', 'V13', 'V14', 'V15', 'V16', 'V17', 'V18', 'V19', 'V20', 'V21', 'V22', 'V23', 'V24', 'V25', 'V26', 'V27', 'V28', 'Time_sin', 'Time_cos']"
CostSensitiveLearning_with_RandomUnderSampler___RandomizedSearchCV__niter_30__cv_5,10,5,DecisionTreeClassifier,resubstitution,320,21892,243,105,0.9845744680851064,0.5683836589698046,0.7529411764705882,0.6477732793522267,0.9890219110006777,0.010978088999322289,0.870981543735633,0.8629457232202032,0.6466668570906223,0.6400450603900008,0.8709815437356331,0.4326137161905312,22560,0.653852082065175,0.04440618155885195,0.6469655667144907,0.0715627448402989,"{'classifier__ccp_alpha': np.float64(0.0031547116274113864), 'classifier__max_depth': 6, 'classifier__max_features': 'log2', 'classifier__max_leaf_nodes': 11, 'classifier__min_impurity_decrease': np.float64(0.09537949321736633), 'classifier__min_samples_leaf': 9, 'classifier__min_samples_split': 2, 'feature_selection_filter__k': 'all'}",0.4657166004180908,"[0, 1, 2, 3, 4, 5, 6, 7, 8, 9, 10, 11, 12, 13, 14, 15, 16, 17, 18, 19, 20, 21, 22, 23, 24, 25, 26, 27, 28, 29, 30]","['Amount_log1p', 'V1', 'V2', 'V3', 'V4', 'V5', 'V6', 'V7', 'V8', 'V9', 'V10', 'V11', 'V12', 'V13', 'V14', 'V15', 'V16', 'V17', 'V18', 'V19', 'V20', 'V21', 'V22', 'V23', 'V24', 'V25', 'V26', 'V27', 'V28', 'Time_sin', 'Time_cos']"
CostSensitiveLearning_with_RandomUnderSampler___RandomizedSearchCV__niter_30__cv_5,10,6,DecisionTreeClassifier,resubstitution,341,22028,107,84,0.9915336879432625,0.7611607142857143,0.8023529411764706,0.7812142038946163,0.9951660266546194,0.004833973345380604,0.898759483915545,0.8935739412299554,0.7771810975921157,0.7769005823730667,0.9003352688714971,0.617094085558458,22560,0.7189256841278036,0.1421921959536578,0.6969418152093678,0.12599643978101557,"{'classifier__ccp_alpha': np.float64(0.008519313386932278), 'classifier__max_depth': 5, 'classifier__max_features': 'log2', 'classifier__max_leaf_nodes': 6, 'classifier__min_impurity_decrease': np.float64(0.01202861308053952), 'classifier__min_samples_leaf': 3, 'classifier__min_samples_split': 2, 'feature_selection_filter__k': 28}",0.6064305305480957,"[0, 1, 2, 3, 4, 5, 6, 7, 8, 9, 10, 11, 12, 14, 15, 16, 17, 18, 19, 20, 21, 23, 24, 25, 26, 27, 28, 29]","['Amount_log1p', 'V1', 'V2', 'V3', 'V4', 'V5', 'V6', 'V7', 'V8', 'V9', 'V10', 'V11', 'V12', 'V14', 'V15', 'V16', 'V17', 'V18', 'V19', 'V20', 'V21', 'V23', 'V24', 'V25', 'V26', 'V27', 'V28', 'Time_sin']"
CostSensitiveLearning_with_RandomUnderSampler___RandomizedSearchCV__niter_30__cv_5,10,7,DecisionTreeClassifier,resubstitution,320,21886,249,105,0.9843085106382978,0.562390158172232,0.7529411764705882,0.6438631790744467,0.9887508470747685,0.011249152925231543,0.8708460117726784,0.8628274601754204,0.6431010433493343,0.6360127779102037,0.8708460117726783,0.4281009626488295,22560,0.6338082595162824,0.01563603204489227,0.6289914885916275,0.01822394581045586,"{'classifier__ccp_alpha': np.float64(0.006746062461065039), 'classifier__max_depth': 4, 'classifier__max_features': 'sqrt', 'classifier__max_leaf_nodes': 6, 'classifier__min_impurity_decrease': np.float64(0.06596459056504678), 'classifier__min_samples_leaf': 2, 'classifier__min_samples_split': 5, 'feature_selection_filter__k': 'all'}",0.5652081966400146,"[0, 1, 2, 3, 4, 5, 6, 7, 8, 9, 10, 11, 12, 13, 14, 15, 16, 17, 18, 19, 20, 21, 22, 23, 24, 25, 26, 27, 28, 29, 30]","['Amount_log1p', 'V1', 'V2', 'V3', 'V4', 'V5', 'V6', 'V7', 'V8', 'V9', 'V10', 'V11', 'V12', 'V13', 'V14', 'V15', 'V16', 'V17', 'V18', 'V19', 'V20', 'V21', 'V22', 'V23', 'V24', 'V25', 'V26', 'V27', 'V28', 'Time_sin', 'Time_cos']"
CostSensitiveLearning_with_RandomUnderSampler___RandomizedSearchCV__niter_30__cv_5,10,8,DecisionTreeClassifier,resubstitution,317,21962,173,109,0.987500554053455,0.6469387755102041,0.744131455399061,0.6921397379912664,0.9921843234696183,0.007815676530381732,0.8681578894343396,0.8592529107588637,0.6875426197312019,0.6857922968318083,0.8681578894343396,0.486238838702769,22561,0.7099513102431996,0.0609913070919563,0.699554965145445,0.07640808189789458,"{'classifier__ccp_alpha': np.float64(0.0008931644375264003), 'classifier__max_depth': 4, 'classifier__max_features': 'log2', 'classifier__max_leaf_nodes': 14, 'classifier__min_impurity_decrease': np.float64(0.0750603225586644), 'classifier__min_samples_leaf': 7, 'classifier__min_samples_split': 5, 'feature_selection_filter__k': 'all'}",0.5594427585601807,"[0, 1, 2, 3, 4, 5, 6, 7, 8, 9, 10, 11, 12, 13, 14, 15, 16, 17, 18, 19, 20, 21, 22, 23, 24, 25, 26, 27, 28, 29, 30]","['Amount_log1p', 'V1', 'V2', 'V3', 'V4', 'V5', 'V6', 'V7', 'V8', 'V9', 'V10', 'V11', 'V12', 'V13', 'V14', 'V15', 'V16', 'V17', 'V18', 'V19', 'V20', 'V21', 'V22', 'V23', 'V24', 'V25', 'V26', 'V27', 'V28', 'Time_sin', 'Time_cos']"
CostSensitiveLearning_with_RandomUnderSampler___RandomizedSearchCV__niter_30__cv_5,10,9,DecisionTreeClassifier,resubstitution,317,21889,246,109,0.9842648818758034,0.5630550621669627,0.744131455399061,0.641051567239636,0.988886379037723,0.011113620962276971,0.866508917218392,0.8578236767877466,0.6396071465889382,0.6331654433970211,0.866508917218392,0.4238183290083852,22561,0.6635106017650411,0.05345858095777499,0.6566549156405552,0.05613327957097982,"{'classifier__ccp_alpha': np.float64(0.007479055164963538), 'classifier__max_depth': 16, 'classifier__max_features': 'sqrt', 'classifier__max_leaf_nodes': 2, 'classifier__min_impurity_decrease': np.float64(0.052038130910671124), 'classifier__min_samples_leaf': 4, 'classifier__min_samples_split': 9, 'feature_selection_filter__k': 'all'}",0.5764260292053223,"[0, 1, 2, 3, 4, 5, 6, 7, 8, 9, 10, 11, 12, 13, 14, 15, 16, 17, 18, 19, 20, 21, 22, 23, 24, 25, 26, 27, 28, 29, 30]","['Amount_log1p', 'V1', 'V2', 'V3', 'V4', 'V5', 'V6', 'V7', 'V8', 'V9', 'V10', 'V11', 'V12', 'V13', 'V14', 'V15', 'V16', 'V17', 'V18', 'V19', 'V20', 'V21', 'V22', 'V23', 'V24', 'V25', 'V26', 'V27', 'V28', 'Time_sin', 'Time_cos']"
CostSensitiveLearning_with_RandomUnderSampler___RandomizedSearchCV__niter_30__cv_5,10,10,DecisionTreeClassifier,resubstitution,318,21884,251,108,0.9840875847701787,0.5588752196836555,0.7464788732394366,0.6391959798994975,0.9886604924327987,0.011339507567201257,0.8675696828361177,0.8590775112919569,0.6381543666848623,0.631232121683125,0.8675696828361177,0.421975566122766,22561,0.6373347828868887,0.014089662807042875,0.6371219172022526,0.044614918137160536,"{'classifier__ccp_alpha': np.float64(0.000504140810136815), 'classifier__max_depth': 16, 'classifier__max_features': 'log2', 'classifier__max_leaf_nodes': 8, 'classifier__min_impurity_decrease': np.float64(0.08426010621534062), 'classifier__min_samples_leaf': 4, 'classifier__min_samples_split': 6, 'feature_selection_filter__k': 'all'}",0.5482642650604248,"[0, 1, 2, 3, 4, 5, 6, 7, 8, 9, 10, 11, 12, 13, 14, 15, 16, 17, 18, 19, 20, 21, 22, 23, 24, 25, 26, 27, 28, 29, 30]","['Amount_log1p', 'V1', 'V2', 'V3', 'V4', 'V5', 'V6', 'V7', 'V8', 'V9', 'V10', 'V11', 'V12', 'V13', 'V14', 'V15', 'V16', 'V17', 'V18', 'V19', 'V20', 'V21', 'V22', 'V23', 'V24', 'V25', 'V26', 'V27', 'V28', 'Time_sin', 'Time_cos']"
