experiment_name,iteration,fold,model,split,tp,tn,fp,fn,accuracy,precision,recall,f1,specificity,fpr,balanced_accuracy,geometric_mean,mcc,kappa,roc_auc,average_precision,fold_size,cv_tuning_mean_train_score,cv_tuning_std_train_score,cv_tuning_mean_val_score,cv_tuning_std_val_score,best_params,tuning_time,selected_features_indices,selected_features_names
CostSensitiveLearning_with_RandomUnderSampler___RandomizedSearchCV__niter_30__cv_5,1,1,KNORAE,resubstitution,283,17676,31,58,0.9950687056737588,0.9012738853503185,0.8299120234604106,0.8641221374045801,0.9982492799457842,0.0017507200542158374,0.9140806517030974,0.9101972752308719,0.8623755617888772,0.8616152673681338,0.9659513849336718,0.8581075174337512,22560,0.8684275259510574,0.005606097424546962,0.8690790206800185,0.027482060206069372,"{'classifier__estimator__ccp_alpha': np.float64(0.006011150117432088), 'classifier__estimator__max_depth': 5, 'classifier__estimator__max_features': 'log2', 'classifier__estimator__max_leaf_nodes': 3, 'classifier__estimator__min_impurity_decrease': np.float64(0.07219987722668247), 'classifier__estimator__min_samples_leaf': 6, 'classifier__estimator__min_samples_split': 3, 'classifier__max_features': np.float64(0.5909124836035503), 'classifier__max_samples': np.float64(0.5917022549267169), 'classifier__n_estimators': 559, 'feature_selection_filter__k': 22}",17.338241815567017,"[1, 2, 3, 4, 5, 6, 7, 8, 9, 10, 11, 12, 14, 16, 17, 18, 19, 20, 21, 23, 27, 29]","['V1', 'V2', 'V3', 'V4', 'V5', 'V6', 'V7', 'V8', 'V9', 'V10', 'V11', 'V12', 'V14', 'V16', 'V17', 'V18', 'V19', 'V20', 'V21', 'V23', 'V27', 'Time_sin']"
CostSensitiveLearning_with_RandomUnderSampler___RandomizedSearchCV__niter_30__cv_5,1,2,KNORAE,resubstitution,284,17683,24,57,0.9955119680851063,0.922077922077922,0.8328445747800587,0.8751926040061633,0.9986446038289942,0.0013553961710057738,0.9157445893045264,0.9119845066843838,0.8740859080373315,0.8729135182389158,0.9645039894257901,0.8562350534679327,22560,0.8783987518841274,0.0075820314074202,0.876780096553432,0.027231344820784625,"{'classifier__estimator__ccp_alpha': np.float64(0.001396923220343891), 'classifier__estimator__max_depth': 11, 'classifier__estimator__max_features': 'log2', 'classifier__estimator__max_leaf_nodes': 2, 'classifier__estimator__min_impurity_decrease': np.float64(0.02980035006887627), 'classifier__estimator__min_samples_leaf': 1, 'classifier__estimator__min_samples_split': 8, 'classifier__max_features': np.float64(0.7377981835036266), 'classifier__max_samples': np.float64(0.8181868387857614), 'classifier__n_estimators': 633, 'feature_selection_filter__k': 20}",13.468806266784668,"[1, 2, 3, 4, 5, 6, 7, 8, 9, 10, 11, 12, 14, 16, 17, 18, 19, 20, 21, 27]","['V1', 'V2', 'V3', 'V4', 'V5', 'V6', 'V7', 'V8', 'V9', 'V10', 'V11', 'V12', 'V14', 'V16', 'V17', 'V18', 'V19', 'V20', 'V21', 'V27']"
CostSensitiveLearning_with_RandomUnderSampler___RandomizedSearchCV__niter_30__cv_5,1,3,KNORAE,resubstitution,288,17682,25,53,0.9956781914893617,0.9201277955271565,0.844574780058651,0.8807339449541285,0.9985881289885357,0.0014118710114643385,0.9215814545235934,0.9183585081054525,0.879373576029401,0.8785372745261704,0.9630175086910805,0.8597727527530026,22560,0.8670844250600489,0.010920557512345582,0.8737220387951181,0.01599494046576898,"{'classifier__estimator__ccp_alpha': np.float64(0.005870198704928197), 'classifier__estimator__max_depth': 19, 'classifier__estimator__max_features': 'log2', 'classifier__estimator__max_leaf_nodes': 2, 'classifier__estimator__min_impurity_decrease': np.float64(0.009734347167209402), 'classifier__estimator__min_samples_leaf': 3, 'classifier__estimator__min_samples_split': 8, 'classifier__max_features': np.float64(0.9279764754582693), 'classifier__max_samples': np.float64(0.6893389938917076), 'classifier__n_estimators': 937, 'feature_selection_filter__k': 26}",16.82788062095642,"[0, 1, 2, 3, 4, 5, 6, 7, 8, 9, 10, 11, 12, 14, 16, 17, 18, 19, 20, 21, 23, 24, 27, 28, 29, 30]","['Amount_log1p', 'V1', 'V2', 'V3', 'V4', 'V5', 'V6', 'V7', 'V8', 'V9', 'V10', 'V11', 'V12', 'V14', 'V16', 'V17', 'V18', 'V19', 'V20', 'V21', 'V23', 'V24', 'V27', 'V28', 'Time_sin', 'Time_cos']"
CostSensitiveLearning_with_RandomUnderSampler___RandomizedSearchCV__niter_30__cv_5,1,4,KNORAE,resubstitution,281,17681,26,60,0.9952349290780141,0.9153094462540716,0.8240469208211144,0.8672839506172839,0.998531654148077,0.0014683458519230141,0.9112892874845957,0.9071035965881388,0.8661016003273853,0.8648646624985961,0.963930132175969,0.8598514527445724,22560,0.8710030019266437,0.00722380436195137,0.8695711460984874,0.029062575714673484,"{'classifier__estimator__ccp_alpha': np.float64(0.009890115134756001), 'classifier__estimator__max_depth': 6, 'classifier__estimator__max_features': 'sqrt', 'classifier__estimator__max_leaf_nodes': 2, 'classifier__estimator__min_impurity_decrease': np.float64(0.0420138493756127), 'classifier__estimator__min_samples_leaf': 6, 'classifier__estimator__min_samples_split': 5, 'classifier__max_features': np.float64(0.9573202821344433), 'classifier__max_samples': np.float64(0.740436982544221), 'classifier__n_estimators': 677, 'feature_selection_filter__k': 'all'}",16.414692640304565,"[0, 1, 2, 3, 4, 5, 6, 7, 8, 9, 10, 11, 12, 13, 14, 15, 16, 17, 18, 19, 20, 21, 22, 23, 24, 25, 26, 27, 28, 29, 30]","['Amount_log1p', 'V1', 'V2', 'V3', 'V4', 'V5', 'V6', 'V7', 'V8', 'V9', 'V10', 'V11', 'V12', 'V13', 'V14', 'V15', 'V16', 'V17', 'V18', 'V19', 'V20', 'V21', 'V22', 'V23', 'V24', 'V25', 'V26', 'V27', 'V28', 'Time_sin', 'Time_cos']"
CostSensitiveLearning_with_RandomUnderSampler___RandomizedSearchCV__niter_30__cv_5,1,5,KNORAE,resubstitution,285,17676,32,55,0.9951795212765957,0.8990536277602523,0.8382352941176471,0.867579908675799,0.9981929071606054,0.0018070928393946195,0.9182141006391262,0.9147242891275595,0.8656785096815016,0.8651280504271783,0.9658777521625319,0.8509361238847228,22560,0.8626711677183589,0.0161244846206594,0.8692848540728157,0.018992599087419612,"{'classifier__estimator__ccp_alpha': np.float64(0.005492228325803065), 'classifier__estimator__max_depth': 14, 'classifier__estimator__max_features': 'log2', 'classifier__estimator__max_leaf_nodes': 2, 'classifier__estimator__min_impurity_decrease': np.float64(0.05047728595765565), 'classifier__estimator__min_samples_leaf': 9, 'classifier__estimator__min_samples_split': 4, 'classifier__max_features': np.float64(0.7206426172926553), 'classifier__max_samples': np.float64(0.8157604188575271), 'classifier__n_estimators': 936, 'feature_selection_filter__k': 26}",17.640055418014526,"[0, 1, 2, 3, 4, 5, 6, 7, 8, 9, 10, 11, 12, 13, 14, 16, 17, 18, 19, 20, 21, 23, 24, 27, 28, 29]","['Amount_log1p', 'V1', 'V2', 'V3', 'V4', 'V5', 'V6', 'V7', 'V8', 'V9', 'V10', 'V11', 'V12', 'V13', 'V14', 'V16', 'V17', 'V18', 'V19', 'V20', 'V21', 'V23', 'V24', 'V27', 'V28', 'Time_sin']"
CostSensitiveLearning_with_RandomUnderSampler___RandomizedSearchCV__niter_30__cv_5,1,6,KNORAE,resubstitution,288,17690,18,52,0.9961214539007093,0.9411764705882353,0.8470588235294118,0.891640866873065,0.9989835102778405,0.0010164897221595082,0.9230211669036261,0.9198901004691971,0.8909520040666917,0.8896718239779344,0.9666628742077359,0.8713027638260287,22560,0.8902160441399871,0.011214984079570754,0.8926931037307607,0.036301867371176716,"{'classifier__estimator__ccp_alpha': np.float64(0.005619991771098153), 'classifier__estimator__max_depth': 16, 'classifier__estimator__max_features': 'log2', 'classifier__estimator__max_leaf_nodes': 15, 'classifier__estimator__min_impurity_decrease': np.float64(0.08802062359776876), 'classifier__estimator__min_samples_leaf': 7, 'classifier__estimator__min_samples_split': 3, 'classifier__max_features': np.float64(0.531519365970609), 'classifier__max_samples': np.float64(0.5647329199829082), 'classifier__n_estimators': 277, 'feature_selection_filter__k': 26}",11.191853523254395,"[0, 1, 2, 3, 4, 5, 6, 7, 8, 9, 10, 11, 12, 14, 16, 17, 18, 19, 20, 21, 23, 24, 25, 27, 28, 29]","['Amount_log1p', 'V1', 'V2', 'V3', 'V4', 'V5', 'V6', 'V7', 'V8', 'V9', 'V10', 'V11', 'V12', 'V14', 'V16', 'V17', 'V18', 'V19', 'V20', 'V21', 'V23', 'V24', 'V25', 'V27', 'V28', 'Time_sin']"
CostSensitiveLearning_with_RandomUnderSampler___RandomizedSearchCV__niter_30__cv_5,1,7,KNORAE,resubstitution,281,17685,23,59,0.9954565602836879,0.9243421052631579,0.8264705882352941,0.8726708074534162,0.9987011520216851,0.001298847978314921,0.9125858701284896,0.9085136920171473,0.8717782010071846,0.8703651795625021,0.9598456662990473,0.8496106925277715,22560,0.8716584041740487,0.009192553501783666,0.8765663789629705,0.034671049951476185,"{'classifier__estimator__ccp_alpha': np.float64(0.00620986003698274), 'classifier__estimator__max_depth': 19, 'classifier__estimator__max_features': 'log2', 'classifier__estimator__max_leaf_nodes': 2, 'classifier__estimator__min_impurity_decrease': np.float64(0.01096137064394045), 'classifier__estimator__min_samples_leaf': 1, 'classifier__estimator__min_samples_split': 6, 'classifier__max_features': np.float64(0.853150921846132), 'classifier__max_samples': np.float64(0.7105228244433276), 'classifier__n_estimators': 514, 'feature_selection_filter__k': 24}",13.200749158859253,"[0, 1, 2, 3, 4, 5, 6, 7, 8, 9, 10, 11, 12, 14, 16, 17, 18, 19, 20, 21, 24, 27, 28, 29]","['Amount_log1p', 'V1', 'V2', 'V3', 'V4', 'V5', 'V6', 'V7', 'V8', 'V9', 'V10', 'V11', 'V12', 'V14', 'V16', 'V17', 'V18', 'V19', 'V20', 'V21', 'V24', 'V27', 'V28', 'Time_sin']"
CostSensitiveLearning_with_RandomUnderSampler___RandomizedSearchCV__niter_30__cv_5,1,8,KNORAE,resubstitution,291,17686,21,50,0.9960660460992907,0.9326923076923077,0.8533724340175953,0.891271056661562,0.9988140283503699,0.0011859716496300798,0.9260932311839827,0.923233642424427,0.8901827554257872,0.8892718637881333,0.9742227132533864,0.8710154404707143,22561,0.8763931835429499,0.014749361911046014,0.8802047509127029,0.019361274792057966,"{'classifier__estimator__ccp_alpha': np.float64(0.006340266857304928), 'classifier__estimator__max_depth': 4, 'classifier__estimator__max_features': 'log2', 'classifier__estimator__max_leaf_nodes': 2, 'classifier__estimator__min_impurity_decrease': np.float64(0.05686217582112443), 'classifier__estimator__min_samples_leaf': 7, 'classifier__estimator__min_samples_split': 9, 'classifier__max_features': np.float64(0.9585578427750815), 'classifier__max_samples': np.float64(0.8538104564650183), 'classifier__n_estimators': 450, 'feature_selection_filter__k': 24}",15.964094638824463,"[0, 1, 2, 3, 4, 5, 6, 7, 8, 9, 10, 11, 12, 14, 16, 17, 18, 19, 20, 21, 23, 27, 28, 29]","['Amount_log1p', 'V1', 'V2', 'V3', 'V4', 'V5', 'V6', 'V7', 'V8', 'V9', 'V10', 'V11', 'V12', 'V14', 'V16', 'V17', 'V18', 'V19', 'V20', 'V21', 'V23', 'V27', 'V28', 'Time_sin']"
CostSensitiveLearning_with_RandomUnderSampler___RandomizedSearchCV__niter_30__cv_5,1,9,KNORAE,resubstitution,280,17676,31,61,0.9949024822695035,0.9003215434083601,0.8211143695014663,0.8588957055214724,0.9982492799457842,0.0017507200542158374,0.9096818247236252,0.9053600544026532,0.8572472457763188,0.8563056578712569,0.9619009298806063,0.8455530109851636,22561,0.8695473802824377,0.008837635553823164,0.869079219126929,0.02886372942286134,"{'classifier__estimator__ccp_alpha': np.float64(0.004320022477980809), 'classifier__estimator__max_depth': 14, 'classifier__estimator__max_features': 'log2', 'classifier__estimator__max_leaf_nodes': 2, 'classifier__estimator__min_impurity_decrease': np.float64(0.04554068455461762), 'classifier__estimator__min_samples_leaf': 6, 'classifier__estimator__min_samples_split': 6, 'classifier__max_features': np.float64(0.693855496865148), 'classifier__max_samples': np.float64(0.6474647727635141), 'classifier__n_estimators': 136, 'feature_selection_filter__k': 28}",13.78127384185791,"[0, 1, 2, 3, 4, 5, 6, 7, 8, 9, 10, 11, 12, 13, 14, 16, 17, 18, 19, 20, 21, 22, 23, 24, 26, 27, 28, 29]","['Amount_log1p', 'V1', 'V2', 'V3', 'V4', 'V5', 'V6', 'V7', 'V8', 'V9', 'V10', 'V11', 'V12', 'V13', 'V14', 'V16', 'V17', 'V18', 'V19', 'V20', 'V21', 'V22', 'V23', 'V24', 'V26', 'V27', 'V28', 'Time_sin']"
CostSensitiveLearning_with_RandomUnderSampler___RandomizedSearchCV__niter_30__cv_5,1,10,KNORAE,resubstitution,282,17683,24,59,0.9954011524822695,0.9215686274509803,0.8269794721407625,0.8717156105100463,0.9986446038289942,0.0013553961710057738,0.9128120379848783,0.9087676200936753,0.8707029810041632,0.8693811950858902,0.9633129665074386,0.8591797976779184,22561,0.8711457735592042,0.0010707358449220368,0.8729852679332488,0.023470374513620867,"{'classifier__estimator__ccp_alpha': np.float64(0.0011543532744378304), 'classifier__estimator__max_depth': 12, 'classifier__estimator__max_features': 'sqrt', 'classifier__estimator__max_leaf_nodes': 2, 'classifier__estimator__min_impurity_decrease': np.float64(0.08018178091594402), 'classifier__estimator__min_samples_leaf': 2, 'classifier__estimator__min_samples_split': 5, 'classifier__max_features': np.float64(0.6307199202088676), 'classifier__max_samples': np.float64(0.9804222245767851), 'classifier__n_estimators': 426, 'feature_selection_filter__k': 22}",15.657788753509521,"[1, 2, 3, 4, 5, 6, 7, 8, 9, 10, 11, 12, 14, 16, 17, 18, 19, 20, 21, 23, 27, 28]","['V1', 'V2', 'V3', 'V4', 'V5', 'V6', 'V7', 'V8', 'V9', 'V10', 'V11', 'V12', 'V14', 'V16', 'V17', 'V18', 'V19', 'V20', 'V21', 'V23', 'V27', 'V28']"
CostSensitiveLearning_with_RandomUnderSampler___RandomizedSearchCV__niter_30__cv_5,2,1,KNORAE,resubstitution,282,17683,24,59,0.9954011524822695,0.9215686274509803,0.8269794721407625,0.8717156105100463,0.9986446038289942,0.0013553961710057738,0.9128120379848783,0.9087676200936753,0.8707029810041632,0.8693811950858902,0.9640289217429295,0.870896062540999,22560,0.8764048802819934,0.011669218617163808,0.8760721271870378,0.037219298529833675,"{'classifier__estimator__ccp_alpha': np.float64(0.0037953303903767856), 'classifier__estimator__max_depth': 18, 'classifier__estimator__max_features': 'log2', 'classifier__estimator__max_leaf_nodes': 2, 'classifier__estimator__min_impurity_decrease': np.float64(0.02774982134389439), 'classifier__estimator__min_samples_leaf': 3, 'classifier__estimator__min_samples_split': 8, 'classifier__max_features': np.float64(0.707333126393286), 'classifier__max_samples': np.float64(0.6105927801942317), 'classifier__n_estimators': 471, 'feature_selection_filter__k': 20}",14.304466724395752,"[1, 2, 3, 4, 5, 6, 7, 8, 9, 10, 11, 12, 14, 16, 17, 18, 19, 20, 21, 27]","['V1', 'V2', 'V3', 'V4', 'V5', 'V6', 'V7', 'V8', 'V9', 'V10', 'V11', 'V12', 'V14', 'V16', 'V17', 'V18', 'V19', 'V20', 'V21', 'V27']"
CostSensitiveLearning_with_RandomUnderSampler___RandomizedSearchCV__niter_30__cv_5,2,2,KNORAE,resubstitution,278,17685,22,63,0.9952903368794326,0.9266666666666666,0.8152492668621701,0.8673946957878315,0.9987575535099114,0.0012424464900886445,0.9070034101860407,0.9023504658789787,0.8668468782519931,0.865007275499623,0.9629602885814663,0.8625759303033795,22560,0.8682227008059404,0.005907654603127016,0.8688702649725345,0.024623838591230754,"{'classifier__estimator__ccp_alpha': np.float64(0.0017687895631620888), 'classifier__estimator__max_depth': 8, 'classifier__estimator__max_features': 'sqrt', 'classifier__estimator__max_leaf_nodes': 2, 'classifier__estimator__min_impurity_decrease': np.float64(0.04803251208243978), 'classifier__estimator__min_samples_leaf': 8, 'classifier__estimator__min_samples_split': 6, 'classifier__max_features': np.float64(0.7037415941060662), 'classifier__max_samples': np.float64(0.9833510790062634), 'classifier__n_estimators': 814, 'feature_selection_filter__k': 'all'}",17.301687955856323,"[0, 1, 2, 3, 4, 5, 6, 7, 8, 9, 10, 11, 12, 13, 14, 15, 16, 17, 18, 19, 20, 21, 22, 23, 24, 25, 26, 27, 28, 29, 30]","['Amount_log1p', 'V1', 'V2', 'V3', 'V4', 'V5', 'V6', 'V7', 'V8', 'V9', 'V10', 'V11', 'V12', 'V13', 'V14', 'V15', 'V16', 'V17', 'V18', 'V19', 'V20', 'V21', 'V22', 'V23', 'V24', 'V25', 'V26', 'V27', 'V28', 'Time_sin', 'Time_cos']"
CostSensitiveLearning_with_RandomUnderSampler___RandomizedSearchCV__niter_30__cv_5,2,3,KNORAE,resubstitution,281,17682,25,60,0.9952903368794326,0.9183006535947712,0.8240469208211144,0.8686244204018547,0.9985881289885357,0.0014118710114643385,0.9113175249048251,0.9071292481567996,0.8675507546294086,0.8662337540036225,0.9634082781516728,0.8553536137348174,22560,0.8630347417373645,0.008498474855280881,0.8632056522119251,0.019210977382939868,"{'classifier__estimator__ccp_alpha': np.float64(0.006900349570213756), 'classifier__estimator__max_depth': 10, 'classifier__estimator__max_features': 'sqrt', 'classifier__estimator__max_leaf_nodes': 16, 'classifier__estimator__min_impurity_decrease': np.float64(0.09841799332575081), 'classifier__estimator__min_samples_leaf': 8, 'classifier__estimator__min_samples_split': 2, 'classifier__max_features': np.float64(0.8180800544498747), 'classifier__max_samples': np.float64(0.6439898283599094), 'classifier__n_estimators': 975, 'feature_selection_filter__k': 'all'}",16.71744394302368,"[0, 1, 2, 3, 4, 5, 6, 7, 8, 9, 10, 11, 12, 13, 14, 15, 16, 17, 18, 19, 20, 21, 22, 23, 24, 25, 26, 27, 28, 29, 30]","['Amount_log1p', 'V1', 'V2', 'V3', 'V4', 'V5', 'V6', 'V7', 'V8', 'V9', 'V10', 'V11', 'V12', 'V13', 'V14', 'V15', 'V16', 'V17', 'V18', 'V19', 'V20', 'V21', 'V22', 'V23', 'V24', 'V25', 'V26', 'V27', 'V28', 'Time_sin', 'Time_cos']"
CostSensitiveLearning_with_RandomUnderSampler___RandomizedSearchCV__niter_30__cv_5,2,4,KNORAE,resubstitution,283,17681,26,58,0.995345744680851,0.9158576051779935,0.8299120234604106,0.8707692307692307,0.998531654148077,0.0014683458519230141,0.9142218388042438,0.9103259996195328,0.8694985547638927,0.8684052774966837,0.9711741483685148,0.8518403270245135,22560,0.8738102664755131,0.010376146055389151,0.8689435790504103,0.02248829045310971,"{'classifier__estimator__ccp_alpha': np.float64(0.007808627946833988), 'classifier__estimator__max_depth': 7, 'classifier__estimator__max_features': 'sqrt', 'classifier__estimator__max_leaf_nodes': 2, 'classifier__estimator__min_impurity_decrease': np.float64(0.09093556447063052), 'classifier__estimator__min_samples_leaf': 8, 'classifier__estimator__min_samples_split': 6, 'classifier__max_features': np.float64(0.8775079249889064), 'classifier__max_samples': np.float64(0.5340916488488978), 'classifier__n_estimators': 329, 'feature_selection_filter__k': 28}",15.2000150680542,"[0, 1, 2, 3, 4, 5, 6, 7, 8, 9, 10, 11, 12, 13, 14, 16, 17, 18, 19, 20, 21, 22, 23, 24, 26, 27, 28, 29]","['Amount_log1p', 'V1', 'V2', 'V3', 'V4', 'V5', 'V6', 'V7', 'V8', 'V9', 'V10', 'V11', 'V12', 'V13', 'V14', 'V16', 'V17', 'V18', 'V19', 'V20', 'V21', 'V22', 'V23', 'V24', 'V26', 'V27', 'V28', 'Time_sin']"
CostSensitiveLearning_with_RandomUnderSampler___RandomizedSearchCV__niter_30__cv_5,2,5,KNORAE,resubstitution,288,17661,47,52,0.9945146276595744,0.8597014925373134,0.8470588235294118,0.8533333333333334,0.9973458323921391,0.002654167607860858,0.9222023279607754,0.9191357829167828,0.8505627706594331,0.8505385374667492,0.9646192648055383,0.8700415560213631,22560,0.8829530695292125,0.008074116251819115,0.8762107778406589,0.022296369672433362,"{'classifier__estimator__ccp_alpha': np.float64(0.004348124973151565), 'classifier__estimator__max_depth': 5, 'classifier__estimator__max_features': 'sqrt', 'classifier__estimator__max_leaf_nodes': 2, 'classifier__estimator__min_impurity_decrease': np.float64(0.05276519550888901), 'classifier__estimator__min_samples_leaf': 1, 'classifier__estimator__min_samples_split': 7, 'classifier__max_features': np.float64(0.8460372908363902), 'classifier__max_samples': np.float64(0.5551033336171847), 'classifier__n_estimators': 260, 'feature_selection_filter__k': 24}",15.035959005355835,"[0, 1, 2, 3, 4, 5, 6, 7, 8, 9, 10, 11, 12, 14, 16, 17, 18, 19, 20, 21, 22, 27, 28, 29]","['Amount_log1p', 'V1', 'V2', 'V3', 'V4', 'V5', 'V6', 'V7', 'V8', 'V9', 'V10', 'V11', 'V12', 'V14', 'V16', 'V17', 'V18', 'V19', 'V20', 'V21', 'V22', 'V27', 'V28', 'Time_sin']"
CostSensitiveLearning_with_RandomUnderSampler___RandomizedSearchCV__niter_30__cv_5,2,6,KNORAE,resubstitution,284,17685,23,56,0.9956227836879432,0.9250814332247557,0.8352941176470589,0.8778979907264297,0.9987011520216851,0.001298847978314921,0.916997634834372,0.9133505337881259,0.8768586021814229,0.8756753400853972,0.9632455088427961,0.8646006726043465,22560,0.8745392491902126,0.009395348302811182,0.876462017090543,0.028505688407316484,"{'classifier__estimator__ccp_alpha': np.float64(0.008663932160012424), 'classifier__estimator__max_depth': 8, 'classifier__estimator__max_features': 'sqrt', 'classifier__estimator__max_leaf_nodes': 2, 'classifier__estimator__min_impurity_decrease': np.float64(0.03335692813508847), 'classifier__estimator__min_samples_leaf': 1, 'classifier__estimator__min_samples_split': 8, 'classifier__max_features': np.float64(0.9971079075381862), 'classifier__max_samples': np.float64(0.9066487904281555), 'classifier__n_estimators': 324, 'feature_selection_filter__k': 28}",18.59475040435791,"[0, 1, 2, 3, 4, 5, 6, 7, 8, 9, 10, 11, 12, 13, 14, 16, 17, 18, 19, 20, 21, 22, 23, 24, 25, 27, 28, 29]","['Amount_log1p', 'V1', 'V2', 'V3', 'V4', 'V5', 'V6', 'V7', 'V8', 'V9', 'V10', 'V11', 'V12', 'V13', 'V14', 'V16', 'V17', 'V18', 'V19', 'V20', 'V21', 'V22', 'V23', 'V24', 'V25', 'V27', 'V28', 'Time_sin']"
CostSensitiveLearning_with_RandomUnderSampler___RandomizedSearchCV__niter_30__cv_5,2,7,KNORAE,resubstitution,282,17679,29,58,0.9951795212765957,0.9067524115755627,0.8294117647058824,0.8663594470046083,0.9983623221142987,0.0016376778857013496,0.9138870434100905,0.9099744256849657,0.8648001663583114,0.8639099000777274,0.9664277694362137,0.8633114646875799,22560,0.8711405931891928,0.007758989740294133,0.8740187198067634,0.01798323474343208,"{'classifier__estimator__ccp_alpha': np.float64(0.003974375696856146), 'classifier__estimator__max_depth': 13, 'classifier__estimator__max_features': 'sqrt', 'classifier__estimator__max_leaf_nodes': 2, 'classifier__estimator__min_impurity_decrease': np.float64(0.09412539220290125), 'classifier__estimator__min_samples_leaf': 8, 'classifier__estimator__min_samples_split': 9, 'classifier__max_features': np.float64(0.550669897308796), 'classifier__max_samples': np.float64(0.9205805632004045), 'classifier__n_estimators': 615, 'feature_selection_filter__k': 22}",13.959025382995605,"[1, 2, 3, 4, 5, 6, 7, 8, 9, 10, 11, 12, 14, 16, 17, 18, 19, 20, 21, 27, 28, 29]","['V1', 'V2', 'V3', 'V4', 'V5', 'V6', 'V7', 'V8', 'V9', 'V10', 'V11', 'V12', 'V14', 'V16', 'V17', 'V18', 'V19', 'V20', 'V21', 'V27', 'V28', 'Time_sin']"
CostSensitiveLearning_with_RandomUnderSampler___RandomizedSearchCV__niter_30__cv_5,2,8,KNORAE,resubstitution,284,17677,30,57,0.9951795212765957,0.9044585987261147,0.8328445747800587,0.867175572519084,0.9983057547862427,0.0016942452137572728,0.9155751647831507,0.9118297713090059,0.8654880751403485,0.86472503664076,0.9716488848206394,0.8557979410648225,22561,0.869667273627013,0.00953784983467387,0.8681297329461752,0.022127932578119125,"{'classifier__estimator__ccp_alpha': np.float64(0.009240351155744253), 'classifier__estimator__max_depth': 16, 'classifier__estimator__max_features': 'log2', 'classifier__estimator__max_leaf_nodes': 13, 'classifier__estimator__min_impurity_decrease': np.float64(0.09791617846798668), 'classifier__estimator__min_samples_leaf': 1, 'classifier__estimator__min_samples_split': 9, 'classifier__max_features': np.float64(0.6409698834314563), 'classifier__max_samples': np.float64(0.6281402789050028), 'classifier__n_estimators': 401, 'feature_selection_filter__k': 22}",14.534373044967651,"[0, 1, 2, 3, 4, 5, 6, 7, 8, 9, 10, 11, 12, 14, 16, 17, 18, 19, 20, 21, 27, 29]","['Amount_log1p', 'V1', 'V2', 'V3', 'V4', 'V5', 'V6', 'V7', 'V8', 'V9', 'V10', 'V11', 'V12', 'V14', 'V16', 'V17', 'V18', 'V19', 'V20', 'V21', 'V27', 'Time_sin']"
CostSensitiveLearning_with_RandomUnderSampler___RandomizedSearchCV__niter_30__cv_5,2,9,KNORAE,resubstitution,284,17682,25,57,0.9954565602836879,0.919093851132686,0.8328445747800587,0.8738461538461538,0.9985881289885357,0.0014118710114643385,0.9157163518842972,0.9119587192783846,0.8726357069887328,0.871538485175334,0.965622804043731,0.8622005909630229,22561,0.8699970960176495,0.009017910893894126,0.8737745952344491,0.031282555184503125,"{'classifier__estimator__ccp_alpha': np.float64(0.009133310860888698), 'classifier__estimator__max_depth': 16, 'classifier__estimator__max_features': 'sqrt', 'classifier__estimator__max_leaf_nodes': 17, 'classifier__estimator__min_impurity_decrease': np.float64(0.09483597996508847), 'classifier__estimator__min_samples_leaf': 6, 'classifier__estimator__min_samples_split': 7, 'classifier__max_features': np.float64(0.7907168758682257), 'classifier__max_samples': np.float64(0.9195954297095774), 'classifier__n_estimators': 742, 'feature_selection_filter__k': 'all'}",17.27681803703308,"[0, 1, 2, 3, 4, 5, 6, 7, 8, 9, 10, 11, 12, 13, 14, 15, 16, 17, 18, 19, 20, 21, 22, 23, 24, 25, 26, 27, 28, 29, 30]","['Amount_log1p', 'V1', 'V2', 'V3', 'V4', 'V5', 'V6', 'V7', 'V8', 'V9', 'V10', 'V11', 'V12', 'V13', 'V14', 'V15', 'V16', 'V17', 'V18', 'V19', 'V20', 'V21', 'V22', 'V23', 'V24', 'V25', 'V26', 'V27', 'V28', 'Time_sin', 'Time_cos']"
CostSensitiveLearning_with_RandomUnderSampler___RandomizedSearchCV__niter_30__cv_5,2,10,KNORAE,resubstitution,280,17671,36,61,0.9946254432624113,0.8860759493670886,0.8211143695014663,0.852359208523592,0.9979669057434912,0.0020330942565087717,0.9095406376224788,0.9052319960059388,0.8502649529972917,0.8496261474808847,0.9635618035977289,0.851425696833081,22561,0.8694472995568757,0.017250694003580102,0.86895085033711,0.04527837492990186,"{'classifier__estimator__ccp_alpha': np.float64(0.0020835402543822037), 'classifier__estimator__max_depth': 5, 'classifier__estimator__max_features': 'sqrt', 'classifier__estimator__max_leaf_nodes': 2, 'classifier__estimator__min_impurity_decrease': np.float64(0.01063389674354124), 'classifier__estimator__min_samples_leaf': 3, 'classifier__estimator__min_samples_split': 6, 'classifier__max_features': np.float64(0.7093016460748218), 'classifier__max_samples': np.float64(0.8121262168802424), 'classifier__n_estimators': 118, 'feature_selection_filter__k': 'all'}",14.713510990142822,"[0, 1, 2, 3, 4, 5, 6, 7, 8, 9, 10, 11, 12, 13, 14, 15, 16, 17, 18, 19, 20, 21, 22, 23, 24, 25, 26, 27, 28, 29, 30]","['Amount_log1p', 'V1', 'V2', 'V3', 'V4', 'V5', 'V6', 'V7', 'V8', 'V9', 'V10', 'V11', 'V12', 'V13', 'V14', 'V15', 'V16', 'V17', 'V18', 'V19', 'V20', 'V21', 'V22', 'V23', 'V24', 'V25', 'V26', 'V27', 'V28', 'Time_sin', 'Time_cos']"
CostSensitiveLearning_with_RandomUnderSampler___RandomizedSearchCV__niter_30__cv_5,3,1,KNORAE,resubstitution,284,17673,34,57,0.994957890070922,0.8930817610062893,0.8328445747800587,0.8619119878603946,0.9980798554244085,0.0019201445755915314,0.9154622151022336,0.9117265998025307,0.8598907620940426,0.8593472365098662,0.9647614385152118,0.863428665838821,22560,0.8856655338207938,0.0049530564753562135,0.882057649328039,0.010237787255049128,"{'classifier__estimator__ccp_alpha': np.float64(0.002227386552670807), 'classifier__estimator__max_depth': 4, 'classifier__estimator__max_features': 'log2', 'classifier__estimator__max_leaf_nodes': 2, 'classifier__estimator__min_impurity_decrease': np.float64(0.027416303014425415), 'classifier__estimator__min_samples_leaf': 4, 'classifier__estimator__min_samples_split': 3, 'classifier__max_features': np.float64(0.6678143878909013), 'classifier__max_samples': np.float64(0.579340920150065), 'classifier__n_estimators': 416, 'feature_selection_filter__k': 28}",14.070862770080566,"[0, 1, 2, 3, 4, 5, 6, 7, 8, 9, 10, 11, 12, 14, 16, 17, 18, 19, 20, 21, 22, 23, 24, 25, 27, 28, 29, 30]","['Amount_log1p', 'V1', 'V2', 'V3', 'V4', 'V5', 'V6', 'V7', 'V8', 'V9', 'V10', 'V11', 'V12', 'V14', 'V16', 'V17', 'V18', 'V19', 'V20', 'V21', 'V22', 'V23', 'V24', 'V25', 'V27', 'V28', 'Time_sin', 'Time_cos']"
CostSensitiveLearning_with_RandomUnderSampler___RandomizedSearchCV__niter_30__cv_5,3,2,KNORAE,resubstitution,286,17685,22,55,0.9957335992907801,0.9285714285714286,0.8387096774193549,0.8813559322033898,0.9987575535099114,0.0012424464900886445,0.9187336154646331,0.9152418399114203,0.8803702126621368,0.8791893938814386,0.9645949950704585,0.8733152116350796,22560,0.8859548860956545,0.008800300407694889,0.8827492838219448,0.02212928405448426,"{'classifier__estimator__ccp_alpha': np.float64(0.0055394102250058645), 'classifier__estimator__max_depth': 14, 'classifier__estimator__max_features': 'log2', 'classifier__estimator__max_leaf_nodes': 2, 'classifier__estimator__min_impurity_decrease': np.float64(0.05256725610928528), 'classifier__estimator__min_samples_leaf': 3, 'classifier__estimator__min_samples_split': 8, 'classifier__max_features': np.float64(0.6280433898580737), 'classifier__max_samples': np.float64(0.7715465789347553), 'classifier__n_estimators': 882, 'feature_selection_filter__k': 'all'}",17.144875526428223,"[0, 1, 2, 3, 4, 5, 6, 7, 8, 9, 10, 11, 12, 13, 14, 15, 16, 17, 18, 19, 20, 21, 22, 23, 24, 25, 26, 27, 28, 29, 30]","['Amount_log1p', 'V1', 'V2', 'V3', 'V4', 'V5', 'V6', 'V7', 'V8', 'V9', 'V10', 'V11', 'V12', 'V13', 'V14', 'V15', 'V16', 'V17', 'V18', 'V19', 'V20', 'V21', 'V22', 'V23', 'V24', 'V25', 'V26', 'V27', 'V28', 'Time_sin', 'Time_cos']"
CostSensitiveLearning_with_RandomUnderSampler___RandomizedSearchCV__niter_30__cv_5,3,3,KNORAE,resubstitution,282,17682,25,59,0.995345744680851,0.9185667752442996,0.8269794721407625,0.8703703703703703,0.9985881289885357,0.0014118710114643385,0.9127838005646491,0.9087419236488272,0.8692487772895202,0.8680073447660706,0.9674529366668616,0.8510927315688722,22560,0.8755272420556344,0.0076585277609522604,0.8709730308585646,0.02189269030017657,"{'classifier__estimator__ccp_alpha': np.float64(0.0032538188176461937), 'classifier__estimator__max_depth': 18, 'classifier__estimator__max_features': 'log2', 'classifier__estimator__max_leaf_nodes': 2, 'classifier__estimator__min_impurity_decrease': np.float64(0.08125945489088435), 'classifier__estimator__min_samples_leaf': 3, 'classifier__estimator__min_samples_split': 7, 'classifier__max_features': np.float64(0.8475354277522709), 'classifier__max_samples': np.float64(0.665935823882553), 'classifier__n_estimators': 485, 'feature_selection_filter__k': 'all'}",15.20071816444397,"[0, 1, 2, 3, 4, 5, 6, 7, 8, 9, 10, 11, 12, 13, 14, 15, 16, 17, 18, 19, 20, 21, 22, 23, 24, 25, 26, 27, 28, 29, 30]","['Amount_log1p', 'V1', 'V2', 'V3', 'V4', 'V5', 'V6', 'V7', 'V8', 'V9', 'V10', 'V11', 'V12', 'V13', 'V14', 'V15', 'V16', 'V17', 'V18', 'V19', 'V20', 'V21', 'V22', 'V23', 'V24', 'V25', 'V26', 'V27', 'V28', 'Time_sin', 'Time_cos']"
CostSensitiveLearning_with_RandomUnderSampler___RandomizedSearchCV__niter_30__cv_5,3,4,KNORAE,resubstitution,280,17678,29,61,0.9950132978723404,0.9061488673139159,0.8211143695014663,0.8615384615384616,0.9983622296267013,0.0016377703732987081,0.9097382995640838,0.9054112726899345,0.8600870980893723,0.8590056544607325,0.9654285372171683,0.8541752251677336,22560,0.873476159271263,0.006045896742509801,0.8719944885594627,0.021461107511557134,"{'classifier__estimator__ccp_alpha': np.float64(0.009850405271691858), 'classifier__estimator__max_depth': 11, 'classifier__estimator__max_features': 'log2', 'classifier__estimator__max_leaf_nodes': 2, 'classifier__estimator__min_impurity_decrease': np.float64(0.0029937365481499615), 'classifier__estimator__min_samples_leaf': 5, 'classifier__estimator__min_samples_split': 4, 'classifier__max_features': np.float64(0.6749043411528095), 'classifier__max_samples': np.float64(0.5252020273692712), 'classifier__n_estimators': 840, 'feature_selection_filter__k': 20}",17.32337760925293,"[1, 2, 3, 4, 5, 6, 7, 8, 9, 10, 11, 12, 14, 16, 17, 18, 19, 20, 21, 27]","['V1', 'V2', 'V3', 'V4', 'V5', 'V6', 'V7', 'V8', 'V9', 'V10', 'V11', 'V12', 'V14', 'V16', 'V17', 'V18', 'V19', 'V20', 'V21', 'V27']"
CostSensitiveLearning_with_RandomUnderSampler___RandomizedSearchCV__niter_30__cv_5,3,5,KNORAE,resubstitution,280,17668,40,60,0.994459219858156,0.875,0.8235294117647058,0.8484848484848485,0.9977411339507567,0.002258866049243302,0.9106352728577313,0.9064596897468289,0.8460686476939961,0.8456654991243433,0.964237333740815,0.854340715160645,22560,0.867230244202905,0.011394632029594424,0.8627534706868666,0.032402826494443884,"{'classifier__estimator__ccp_alpha': np.float64(0.00029220974189063663), 'classifier__estimator__max_depth': 10, 'classifier__estimator__max_features': 'log2', 'classifier__estimator__max_leaf_nodes': 13, 'classifier__estimator__min_impurity_decrease': np.float64(0.09430448393101774), 'classifier__estimator__min_samples_leaf': 9, 'classifier__estimator__min_samples_split': 3, 'classifier__max_features': np.float64(0.5627418424766861), 'classifier__max_samples': np.float64(0.778794627101329), 'classifier__n_estimators': 289, 'feature_selection_filter__k': 22}",14.901368856430054,"[1, 2, 3, 4, 5, 6, 7, 8, 9, 10, 11, 12, 14, 16, 17, 18, 19, 20, 21, 27, 28, 29]","['V1', 'V2', 'V3', 'V4', 'V5', 'V6', 'V7', 'V8', 'V9', 'V10', 'V11', 'V12', 'V14', 'V16', 'V17', 'V18', 'V19', 'V20', 'V21', 'V27', 'V28', 'Time_sin']"
CostSensitiveLearning_with_RandomUnderSampler___RandomizedSearchCV__niter_30__cv_5,3,6,KNORAE,resubstitution,276,17681,27,64,0.994957890070922,0.9108910891089109,0.8117647058823529,0.8584758942457231,0.9984752654167608,0.0015247345832392067,0.9051199856495569,0.9002927191540766,0.8573902950802466,0.8559177683592623,0.9618983277747513,0.8377610877721111,22560,0.8522063514205881,0.009172772579456897,0.8582078690273207,0.012229066909512148,"{'classifier__estimator__ccp_alpha': np.float64(0.007299405570626448), 'classifier__estimator__max_depth': 17, 'classifier__estimator__max_features': 'sqrt', 'classifier__estimator__max_leaf_nodes': 2, 'classifier__estimator__min_impurity_decrease': np.float64(0.025214679641823903), 'classifier__estimator__min_samples_leaf': 1, 'classifier__estimator__min_samples_split': 6, 'classifier__max_features': np.float64(0.7649047412255986), 'classifier__max_samples': np.float64(0.6740374725957935), 'classifier__n_estimators': 967, 'feature_selection_filter__k': 26}",19.44130301475525,"[0, 1, 2, 3, 4, 5, 6, 7, 8, 9, 10, 11, 12, 14, 16, 17, 18, 19, 20, 21, 22, 24, 25, 27, 28, 29]","['Amount_log1p', 'V1', 'V2', 'V3', 'V4', 'V5', 'V6', 'V7', 'V8', 'V9', 'V10', 'V11', 'V12', 'V14', 'V16', 'V17', 'V18', 'V19', 'V20', 'V21', 'V22', 'V24', 'V25', 'V27', 'V28', 'Time_sin']"
CostSensitiveLearning_with_RandomUnderSampler___RandomizedSearchCV__niter_30__cv_5,3,7,KNORAE,resubstitution,277,17693,15,63,0.9956781914893617,0.9486301369863014,0.8147058823529412,0.8765822784810127,0.9991529252315338,0.0008470747684662383,0.9069294037922375,0.9022282225447611,0.8770195793745592,0.8743957766464997,0.9670453035517347,0.8459886102054676,22560,0.8746910006358423,0.006887660351586291,0.8739874393283484,0.04191972469895354,"{'classifier__estimator__ccp_alpha': np.float64(0.008242107306946484), 'classifier__estimator__max_depth': 11, 'classifier__estimator__max_features': 'log2', 'classifier__estimator__max_leaf_nodes': 2, 'classifier__estimator__min_impurity_decrease': np.float64(0.055129477798152186), 'classifier__estimator__min_samples_leaf': 4, 'classifier__estimator__min_samples_split': 3, 'classifier__max_features': np.float64(0.5101386924122628), 'classifier__max_samples': np.float64(0.6381715954406788), 'classifier__n_estimators': 729, 'feature_selection_filter__k': 'all'}",16.08989691734314,"[0, 1, 2, 3, 4, 5, 6, 7, 8, 9, 10, 11, 12, 13, 14, 15, 16, 17, 18, 19, 20, 21, 22, 23, 24, 25, 26, 27, 28, 29, 30]","['Amount_log1p', 'V1', 'V2', 'V3', 'V4', 'V5', 'V6', 'V7', 'V8', 'V9', 'V10', 'V11', 'V12', 'V13', 'V14', 'V15', 'V16', 'V17', 'V18', 'V19', 'V20', 'V21', 'V22', 'V23', 'V24', 'V25', 'V26', 'V27', 'V28', 'Time_sin', 'Time_cos']"
CostSensitiveLearning_with_RandomUnderSampler___RandomizedSearchCV__niter_30__cv_5,3,8,KNORAE,resubstitution,287,17674,33,54,0.9951795212765957,0.896875,0.841642228739003,0.8683812405446294,0.998136330264867,0.0018636697351329667,0.919889279501935,0.9165553368943373,0.8663823667194166,0.8659285651831774,0.9681255834836432,0.8699159119181288,22561,0.862194443000398,0.02165964745010969,0.8659742130323224,0.021946623829076577,"{'classifier__estimator__ccp_alpha': np.float64(0.002375561678152992), 'classifier__estimator__max_depth': 17, 'classifier__estimator__max_features': 'log2', 'classifier__estimator__max_leaf_nodes': 2, 'classifier__estimator__min_impurity_decrease': np.float64(0.04760722626450138), 'classifier__estimator__min_samples_leaf': 3, 'classifier__estimator__min_samples_split': 8, 'classifier__max_features': np.float64(0.5468576216581333), 'classifier__max_samples': np.float64(0.7288583480241967), 'classifier__n_estimators': 537, 'feature_selection_filter__k': 20}",16.589576959609985,"[1, 2, 3, 4, 5, 6, 7, 8, 9, 10, 11, 12, 14, 16, 17, 18, 19, 20, 21, 27]","['V1', 'V2', 'V3', 'V4', 'V5', 'V6', 'V7', 'V8', 'V9', 'V10', 'V11', 'V12', 'V14', 'V16', 'V17', 'V18', 'V19', 'V20', 'V21', 'V27']"
CostSensitiveLearning_with_RandomUnderSampler___RandomizedSearchCV__niter_30__cv_5,3,9,KNORAE,resubstitution,283,17683,24,58,0.9954565602836879,0.9218241042345277,0.8299120234604106,0.8734567901234568,0.9986446038289942,0.0013553961710057738,0.9142783136447024,0.9103774842786594,0.8723959542516551,0.871150027033545,0.9688536286409917,0.8554183421653425,22561,0.8836878512422729,0.008758282453779397,0.8772563826006555,0.026924272165409522,"{'classifier__estimator__ccp_alpha': np.float64(2.7552794404132052e-05), 'classifier__estimator__max_depth': 4, 'classifier__estimator__max_features': 'sqrt', 'classifier__estimator__max_leaf_nodes': 2, 'classifier__estimator__min_impurity_decrease': np.float64(0.023385611206754253), 'classifier__estimator__min_samples_leaf': 6, 'classifier__estimator__min_samples_split': 4, 'classifier__max_features': np.float64(0.6508403274803825), 'classifier__max_samples': np.float64(0.7673428740324835), 'classifier__n_estimators': 432, 'feature_selection_filter__k': 24}",14.907659530639648,"[0, 1, 2, 3, 4, 5, 6, 7, 8, 9, 10, 11, 12, 14, 16, 17, 18, 19, 20, 21, 24, 27, 28, 29]","['Amount_log1p', 'V1', 'V2', 'V3', 'V4', 'V5', 'V6', 'V7', 'V8', 'V9', 'V10', 'V11', 'V12', 'V14', 'V16', 'V17', 'V18', 'V19', 'V20', 'V21', 'V24', 'V27', 'V28', 'Time_sin']"
CostSensitiveLearning_with_RandomUnderSampler___RandomizedSearchCV__niter_30__cv_5,3,10,KNORAE,resubstitution,285,17682,25,56,0.9955119680851063,0.9193548387096774,0.8357771260997068,0.8755760368663594,0.9985881289885357,0.0014118710114643385,0.9171826275441213,0.9135628695406363,0.8743246479797256,0.87329608311027,0.9727997460122719,0.853879416016979,22561,0.8845804230985133,0.007380870376470362,0.8860244973756369,0.004377973043250963,"{'classifier__estimator__ccp_alpha': np.float64(0.004028608814188221), 'classifier__estimator__max_depth': 13, 'classifier__estimator__max_features': 'sqrt', 'classifier__estimator__max_leaf_nodes': 2, 'classifier__estimator__min_impurity_decrease': np.float64(0.053041128582976986), 'classifier__estimator__min_samples_leaf': 6, 'classifier__estimator__min_samples_split': 4, 'classifier__max_features': np.float64(0.5307875495168753), 'classifier__max_samples': np.float64(0.5750744076471939), 'classifier__n_estimators': 613, 'feature_selection_filter__k': 28}",15.29959750175476,"[0, 1, 2, 3, 4, 5, 6, 7, 8, 9, 10, 11, 12, 14, 16, 17, 18, 19, 20, 21, 22, 24, 25, 26, 27, 28, 29, 30]","['Amount_log1p', 'V1', 'V2', 'V3', 'V4', 'V5', 'V6', 'V7', 'V8', 'V9', 'V10', 'V11', 'V12', 'V14', 'V16', 'V17', 'V18', 'V19', 'V20', 'V21', 'V22', 'V24', 'V25', 'V26', 'V27', 'V28', 'Time_sin', 'Time_cos']"
CostSensitiveLearning_with_RandomUnderSampler___RandomizedSearchCV__niter_30__cv_5,4,1,KNORAE,resubstitution,283,17680,27,58,0.9952903368794326,0.9129032258064517,0.8299120234604106,0.869431643625192,0.9984751793076184,0.0015248206923815788,0.9141936013840145,0.9103002561980206,0.8680602949777275,0.8670390995601599,0.9670079281732773,0.8487637337586622,22560,0.866438169967642,0.00857419822890383,0.8653028566216617,0.01576622505838673,"{'classifier__estimator__ccp_alpha': np.float64(0.002274217585379018), 'classifier__estimator__max_depth': 16, 'classifier__estimator__max_features': 'sqrt', 'classifier__estimator__max_leaf_nodes': 2, 'classifier__estimator__min_impurity_decrease': np.float64(0.09469742025858337), 'classifier__estimator__min_samples_leaf': 5, 'classifier__estimator__min_samples_split': 9, 'classifier__max_features': np.float64(0.6510345171557794), 'classifier__max_samples': np.float64(0.8498760424926937), 'classifier__n_estimators': 922, 'feature_selection_filter__k': 26}",18.52130150794983,"[0, 1, 2, 3, 4, 5, 6, 7, 8, 9, 10, 11, 12, 14, 16, 17, 18, 19, 20, 21, 23, 24, 26, 27, 28, 29]","['Amount_log1p', 'V1', 'V2', 'V3', 'V4', 'V5', 'V6', 'V7', 'V8', 'V9', 'V10', 'V11', 'V12', 'V14', 'V16', 'V17', 'V18', 'V19', 'V20', 'V21', 'V23', 'V24', 'V26', 'V27', 'V28', 'Time_sin']"
CostSensitiveLearning_with_RandomUnderSampler___RandomizedSearchCV__niter_30__cv_5,4,2,KNORAE,resubstitution,279,17677,30,62,0.9949024822695035,0.9029126213592233,0.8181818181818182,0.8584615384615385,0.9983057547862427,0.0016942452137572728,0.9082437864840305,0.9037674576750263,0.8569499458645321,0.8558724467820822,0.9671753653102383,0.8472109294060081,22560,0.8530677511652087,0.010446507263387195,0.8548417401675348,0.04149972191891138,"{'classifier__estimator__ccp_alpha': np.float64(0.004397309115540877), 'classifier__estimator__max_depth': 6, 'classifier__estimator__max_features': 'sqrt', 'classifier__estimator__max_leaf_nodes': 2, 'classifier__estimator__min_impurity_decrease': np.float64(0.05251967476059836), 'classifier__estimator__min_samples_leaf': 7, 'classifier__estimator__min_samples_split': 3, 'classifier__max_features': np.float64(0.9132623753843158), 'classifier__max_samples': np.float64(0.6481874855488698), 'classifier__n_estimators': 468, 'feature_selection_filter__k': 22}",17.067935943603516,"[1, 2, 3, 4, 5, 6, 7, 8, 9, 10, 11, 12, 14, 16, 17, 18, 19, 20, 21, 27, 28, 29]","['V1', 'V2', 'V3', 'V4', 'V5', 'V6', 'V7', 'V8', 'V9', 'V10', 'V11', 'V12', 'V14', 'V16', 'V17', 'V18', 'V19', 'V20', 'V21', 'V27', 'V28', 'Time_sin']"
CostSensitiveLearning_with_RandomUnderSampler___RandomizedSearchCV__niter_30__cv_5,4,3,KNORAE,resubstitution,277,17678,29,64,0.9948470744680851,0.9052287581699346,0.8123167155425219,0.8562596599690881,0.9983622296267013,0.0016377703732987081,0.9053394725846116,0.9005477928972293,0.85494184913039,0.8536439896745517,0.9622484737301731,0.8439971861861212,22560,0.850175828065028,0.012982848662842708,0.8536749345615625,0.029485644192394304,"{'classifier__estimator__ccp_alpha': np.float64(0.0038362868625784474), 'classifier__estimator__max_depth': 6, 'classifier__estimator__max_features': 'sqrt', 'classifier__estimator__max_leaf_nodes': 2, 'classifier__estimator__min_impurity_decrease': np.float64(0.09028293024632154), 'classifier__estimator__min_samples_leaf': 6, 'classifier__estimator__min_samples_split': 7, 'classifier__max_features': np.float64(0.8325784953986948), 'classifier__max_samples': np.float64(0.6522775757615865), 'classifier__n_estimators': 730, 'feature_selection_filter__k': 28}",16.765894174575806,"[0, 1, 2, 3, 4, 5, 6, 7, 8, 9, 10, 11, 12, 14, 16, 17, 18, 19, 20, 21, 23, 24, 25, 26, 27, 28, 29, 30]","['Amount_log1p', 'V1', 'V2', 'V3', 'V4', 'V5', 'V6', 'V7', 'V8', 'V9', 'V10', 'V11', 'V12', 'V14', 'V16', 'V17', 'V18', 'V19', 'V20', 'V21', 'V23', 'V24', 'V25', 'V26', 'V27', 'V28', 'Time_sin', 'Time_cos']"
CostSensitiveLearning_with_RandomUnderSampler___RandomizedSearchCV__niter_30__cv_5,4,4,KNORAE,resubstitution,285,17682,25,56,0.9955119680851063,0.9193548387096774,0.8357771260997068,0.8755760368663594,0.9985881289885357,0.0014118710114643385,0.9171826275441213,0.9135628695406363,0.8743246479797256,0.87329608311027,0.9657906552191116,0.8757828438702591,22560,0.8779235480627321,0.01216795171938612,0.8813590975466129,0.02628099715146991,"{'classifier__estimator__ccp_alpha': np.float64(0.008770699075206162), 'classifier__estimator__max_depth': 15, 'classifier__estimator__max_features': 'log2', 'classifier__estimator__max_leaf_nodes': 17, 'classifier__estimator__min_impurity_decrease': np.float64(0.09589895573373193), 'classifier__estimator__min_samples_leaf': 4, 'classifier__estimator__min_samples_split': 9, 'classifier__max_features': np.float64(0.9925886271936153), 'classifier__max_samples': np.float64(0.9476572476847765), 'classifier__n_estimators': 887, 'feature_selection_filter__k': 24}",16.297833681106567,"[0, 1, 2, 3, 4, 5, 6, 7, 8, 9, 10, 11, 12, 14, 16, 17, 18, 19, 20, 21, 23, 27, 28, 29]","['Amount_log1p', 'V1', 'V2', 'V3', 'V4', 'V5', 'V6', 'V7', 'V8', 'V9', 'V10', 'V11', 'V12', 'V14', 'V16', 'V17', 'V18', 'V19', 'V20', 'V21', 'V23', 'V27', 'V28', 'Time_sin']"
CostSensitiveLearning_with_RandomUnderSampler___RandomizedSearchCV__niter_30__cv_5,4,5,KNORAE,resubstitution,287,17678,30,53,0.9954011524822695,0.9053627760252366,0.8441176470588235,0.8736681887366818,0.9983058504630675,0.0016941495369324766,0.9212117487609455,0.9179801662007422,0.871883464403689,0.8713290596029403,0.9745848503169056,0.8596234450618382,22560,0.8723340681284011,0.009478674852859187,0.8723976278174751,0.023880299730200828,"{'classifier__estimator__ccp_alpha': np.float64(0.008856724552677404), 'classifier__estimator__max_depth': 9, 'classifier__estimator__max_features': 'sqrt', 'classifier__estimator__max_leaf_nodes': 2, 'classifier__estimator__min_impurity_decrease': np.float64(0.011030124455478442), 'classifier__estimator__min_samples_leaf': 4, 'classifier__estimator__min_samples_split': 7, 'classifier__max_features': np.float64(0.7333843260487267), 'classifier__max_samples': np.float64(0.6471215387286449), 'classifier__n_estimators': 522, 'feature_selection_filter__k': 26}",14.853045225143433,"[0, 1, 2, 3, 4, 5, 6, 7, 8, 9, 10, 11, 12, 14, 16, 17, 18, 19, 20, 21, 22, 23, 24, 27, 28, 29]","['Amount_log1p', 'V1', 'V2', 'V3', 'V4', 'V5', 'V6', 'V7', 'V8', 'V9', 'V10', 'V11', 'V12', 'V14', 'V16', 'V17', 'V18', 'V19', 'V20', 'V21', 'V22', 'V23', 'V24', 'V27', 'V28', 'Time_sin']"
CostSensitiveLearning_with_RandomUnderSampler___RandomizedSearchCV__niter_30__cv_5,4,6,KNORAE,resubstitution,285,17685,23,55,0.9956781914893617,0.9253246753246753,0.8382352941176471,0.8796296296296297,0.9987011520216851,0.001298847978314921,0.9184682230696661,0.9149571322748024,0.8785460484463316,0.8774346872762429,0.9687474255570763,0.8674735986041817,22560,0.8781308210905283,0.00889844960980267,0.884678982434888,0.012013638941124538,"{'classifier__estimator__ccp_alpha': np.float64(0.007918999909158612), 'classifier__estimator__max_depth': 15, 'classifier__estimator__max_features': 'sqrt', 'classifier__estimator__max_leaf_nodes': 2, 'classifier__estimator__min_impurity_decrease': np.float64(0.02335259915004384), 'classifier__estimator__min_samples_leaf': 2, 'classifier__estimator__min_samples_split': 6, 'classifier__max_features': np.float64(0.552675459894141), 'classifier__max_samples': np.float64(0.9819414536271661), 'classifier__n_estimators': 984, 'feature_selection_filter__k': 26}",15.559609174728394,"[0, 1, 2, 3, 4, 5, 6, 7, 8, 9, 10, 11, 12, 14, 16, 17, 18, 19, 20, 21, 22, 24, 25, 27, 28, 29]","['Amount_log1p', 'V1', 'V2', 'V3', 'V4', 'V5', 'V6', 'V7', 'V8', 'V9', 'V10', 'V11', 'V12', 'V14', 'V16', 'V17', 'V18', 'V19', 'V20', 'V21', 'V22', 'V24', 'V25', 'V27', 'V28', 'Time_sin']"
CostSensitiveLearning_with_RandomUnderSampler___RandomizedSearchCV__niter_30__cv_5,4,7,KNORAE,resubstitution,280,17692,16,60,0.9957890070921985,0.9459459459459459,0.8235294117647058,0.8805031446540881,0.9990964535803026,0.0009035464196973653,0.9113129326725042,0.9070751428151862,0.8805561926911538,0.8783703258099849,0.962965143703743,0.8669457200132605,22560,0.8829347134956427,0.013084629269803848,0.8786923164037642,0.031114136311928983,"{'classifier__estimator__ccp_alpha': np.float64(0.007423389402466962), 'classifier__estimator__max_depth': 8, 'classifier__estimator__max_features': 'sqrt', 'classifier__estimator__max_leaf_nodes': 2, 'classifier__estimator__min_impurity_decrease': np.float64(0.06024442804376773), 'classifier__estimator__min_samples_leaf': 7, 'classifier__estimator__min_samples_split': 5, 'classifier__max_features': np.float64(0.6875390611664675), 'classifier__max_samples': np.float64(0.5764606788195066), 'classifier__n_estimators': 275, 'feature_selection_filter__k': 20}",13.658304691314697,"[1, 2, 3, 4, 5, 6, 7, 8, 9, 10, 11, 12, 14, 16, 17, 18, 19, 20, 21, 27]","['V1', 'V2', 'V3', 'V4', 'V5', 'V6', 'V7', 'V8', 'V9', 'V10', 'V11', 'V12', 'V14', 'V16', 'V17', 'V18', 'V19', 'V20', 'V21', 'V27']"
CostSensitiveLearning_with_RandomUnderSampler___RandomizedSearchCV__niter_30__cv_5,4,8,KNORAE,resubstitution,282,17682,25,59,0.995345744680851,0.9185667752442996,0.8269794721407625,0.8703703703703703,0.9985881289885357,0.0014118710114643385,0.9127838005646491,0.9087419236488272,0.8692487772895202,0.8680073447660706,0.9679482094246075,0.8691177440689791,22561,0.8650405248814144,0.0035459042124351098,0.8654783064992688,0.021495888322065997,"{'classifier__estimator__ccp_alpha': np.float64(0.007474136245825464), 'classifier__estimator__max_depth': 5, 'classifier__estimator__max_features': 'sqrt', 'classifier__estimator__max_leaf_nodes': 16, 'classifier__estimator__min_impurity_decrease': np.float64(0.09760706276638142), 'classifier__estimator__min_samples_leaf': 1, 'classifier__estimator__min_samples_split': 3, 'classifier__max_features': np.float64(0.6186351283051624), 'classifier__max_samples': np.float64(0.897672060786649), 'classifier__n_estimators': 860, 'feature_selection_filter__k': 22}",16.43647003173828,"[1, 2, 3, 4, 5, 6, 7, 8, 9, 10, 11, 12, 14, 16, 17, 18, 19, 20, 21, 27, 28, 29]","['V1', 'V2', 'V3', 'V4', 'V5', 'V6', 'V7', 'V8', 'V9', 'V10', 'V11', 'V12', 'V14', 'V16', 'V17', 'V18', 'V19', 'V20', 'V21', 'V27', 'V28', 'Time_sin']"
CostSensitiveLearning_with_RandomUnderSampler___RandomizedSearchCV__niter_30__cv_5,4,9,KNORAE,resubstitution,284,17672,35,57,0.9949024822695035,0.890282131661442,0.8328445747800587,0.8606060606060606,0.9980233805839499,0.001976619416050096,0.9154339776820043,0.9117008051016499,0.8585077720498803,0.8580127691501764,0.967413685824666,0.860228778824852,22561,0.8655278753862543,0.005966588101556849,0.8688158525835472,0.029477880789230138,"{'classifier__estimator__ccp_alpha': np.float64(0.0015428139327757484), 'classifier__estimator__max_depth': 10, 'classifier__estimator__max_features': 'log2', 'classifier__estimator__max_leaf_nodes': 11, 'classifier__estimator__min_impurity_decrease': np.float64(0.09400277407001628), 'classifier__estimator__min_samples_leaf': 4, 'classifier__estimator__min_samples_split': 4, 'classifier__max_features': np.float64(0.7144965625495248), 'classifier__max_samples': np.float64(0.8036306112570157), 'classifier__n_estimators': 808, 'feature_selection_filter__k': 28}",16.9671688079834,"[0, 1, 2, 3, 4, 5, 6, 7, 8, 9, 10, 11, 12, 14, 16, 17, 18, 19, 20, 21, 22, 23, 24, 25, 26, 27, 28, 29]","['Amount_log1p', 'V1', 'V2', 'V3', 'V4', 'V5', 'V6', 'V7', 'V8', 'V9', 'V10', 'V11', 'V12', 'V14', 'V16', 'V17', 'V18', 'V19', 'V20', 'V21', 'V22', 'V23', 'V24', 'V25', 'V26', 'V27', 'V28', 'Time_sin']"
CostSensitiveLearning_with_RandomUnderSampler___RandomizedSearchCV__niter_30__cv_5,4,10,KNORAE,resubstitution,282,17663,44,59,0.9942929964539007,0.8650306748466258,0.8269794721407625,0.8455772113943029,0.9975151070198227,0.002484892980177289,0.9122472895802927,0.9082535530652711,0.8428927563452449,0.8426714864750953,0.96484176196865,0.8446482965328633,22561,0.8510066492911772,0.01581485027044984,0.8573754457721785,0.022142767006999776,"{'classifier__estimator__ccp_alpha': np.float64(0.000380233777361948), 'classifier__estimator__max_depth': 12, 'classifier__estimator__max_features': 'log2', 'classifier__estimator__max_leaf_nodes': 4, 'classifier__estimator__min_impurity_decrease': np.float64(0.08348049049189558), 'classifier__estimator__min_samples_leaf': 1, 'classifier__estimator__min_samples_split': 5, 'classifier__max_features': np.float64(0.7212976409409817), 'classifier__max_samples': np.float64(0.9982210157729827), 'classifier__n_estimators': 360, 'feature_selection_filter__k': 28}",14.246135950088501,"[0, 1, 2, 3, 4, 5, 6, 7, 8, 9, 10, 11, 12, 13, 14, 16, 17, 18, 19, 20, 21, 23, 24, 25, 27, 28, 29, 30]","['Amount_log1p', 'V1', 'V2', 'V3', 'V4', 'V5', 'V6', 'V7', 'V8', 'V9', 'V10', 'V11', 'V12', 'V13', 'V14', 'V16', 'V17', 'V18', 'V19', 'V20', 'V21', 'V23', 'V24', 'V25', 'V27', 'V28', 'Time_sin', 'Time_cos']"
CostSensitiveLearning_with_RandomUnderSampler___RandomizedSearchCV__niter_30__cv_5,5,1,KNORAE,resubstitution,290,17683,24,51,0.995844414893617,0.9235668789808917,0.8504398826979472,0.8854961832061069,0.9986446038289942,0.0013553961710057738,0.9245422432634707,0.9215677944336313,0.8841631552491762,0.8833836522765172,0.9723774268240919,0.8767021191407731,22560,0.8916383171262364,0.011696453152155995,0.8856957887643266,0.01954269368544993,"{'classifier__estimator__ccp_alpha': np.float64(0.0068769665477755905), 'classifier__estimator__max_depth': 8, 'classifier__estimator__max_features': 'sqrt', 'classifier__estimator__max_leaf_nodes': 2, 'classifier__estimator__min_impurity_decrease': np.float64(0.008090862603670469), 'classifier__estimator__min_samples_leaf': 7, 'classifier__estimator__min_samples_split': 2, 'classifier__max_features': np.float64(0.7479139531184098), 'classifier__max_samples': np.float64(0.6385874241659976), 'classifier__n_estimators': 755, 'feature_selection_filter__k': 26}",15.662638902664185,"[0, 1, 2, 3, 4, 5, 6, 7, 8, 9, 10, 11, 12, 14, 16, 17, 18, 19, 20, 21, 22, 24, 26, 27, 28, 29]","['Amount_log1p', 'V1', 'V2', 'V3', 'V4', 'V5', 'V6', 'V7', 'V8', 'V9', 'V10', 'V11', 'V12', 'V14', 'V16', 'V17', 'V18', 'V19', 'V20', 'V21', 'V22', 'V24', 'V26', 'V27', 'V28', 'Time_sin']"
CostSensitiveLearning_with_RandomUnderSampler___RandomizedSearchCV__niter_30__cv_5,5,2,KNORAE,resubstitution,279,17647,60,62,0.9932402482269503,0.8230088495575221,0.8181818181818182,0.8205882352941176,0.9966115095724855,0.0033884904275145455,0.9073966638771518,0.903000230854313,0.8171471663462688,0.8171434949402239,0.9625486515845169,0.847338336510436,22560,0.853332496846235,0.016159555329335832,0.8512206852078238,0.03402808537771151,"{'classifier__estimator__ccp_alpha': np.float64(0.002570424271051399), 'classifier__estimator__max_depth': 11, 'classifier__estimator__max_features': 'log2', 'classifier__estimator__max_leaf_nodes': 2, 'classifier__estimator__min_impurity_decrease': np.float64(0.09068535028184238), 'classifier__estimator__min_samples_leaf': 4, 'classifier__estimator__min_samples_split': 6, 'classifier__max_features': np.float64(0.5391028201456523), 'classifier__max_samples': np.float64(0.6928581945104005), 'classifier__n_estimators': 116, 'feature_selection_filter__k': 'all'}",12.852871179580688,"[0, 1, 2, 3, 4, 5, 6, 7, 8, 9, 10, 11, 12, 13, 14, 15, 16, 17, 18, 19, 20, 21, 22, 23, 24, 25, 26, 27, 28, 29, 30]","['Amount_log1p', 'V1', 'V2', 'V3', 'V4', 'V5', 'V6', 'V7', 'V8', 'V9', 'V10', 'V11', 'V12', 'V13', 'V14', 'V15', 'V16', 'V17', 'V18', 'V19', 'V20', 'V21', 'V22', 'V23', 'V24', 'V25', 'V26', 'V27', 'V28', 'Time_sin', 'Time_cos']"
CostSensitiveLearning_with_RandomUnderSampler___RandomizedSearchCV__niter_30__cv_5,5,3,KNORAE,resubstitution,289,17677,30,52,0.9954565602836879,0.9059561128526645,0.8475073313782991,0.8757575757575757,0.9983057547862427,0.0016942452137572728,0.9229065430822709,0.9198214207869304,0.8739500705086514,0.873446163807766,0.9734144274502835,0.8748537312687521,22560,0.8697196355119814,0.01985251579998068,0.8767029296529859,0.024338245923543566,"{'classifier__estimator__ccp_alpha': np.float64(0.0063214543404137525), 'classifier__estimator__max_depth': 8, 'classifier__estimator__max_features': 'log2', 'classifier__estimator__max_leaf_nodes': 2, 'classifier__estimator__min_impurity_decrease': np.float64(0.07576786922691858), 'classifier__estimator__min_samples_leaf': 9, 'classifier__estimator__min_samples_split': 8, 'classifier__max_features': np.float64(0.9800441864074443), 'classifier__max_samples': np.float64(0.515691710604791), 'classifier__n_estimators': 196, 'feature_selection_filter__k': 24}",12.176299095153809,"[0, 1, 2, 3, 4, 5, 6, 7, 8, 9, 10, 11, 12, 14, 16, 17, 18, 19, 20, 21, 24, 27, 28, 29]","['Amount_log1p', 'V1', 'V2', 'V3', 'V4', 'V5', 'V6', 'V7', 'V8', 'V9', 'V10', 'V11', 'V12', 'V14', 'V16', 'V17', 'V18', 'V19', 'V20', 'V21', 'V24', 'V27', 'V28', 'Time_sin']"
CostSensitiveLearning_with_RandomUnderSampler___RandomizedSearchCV__niter_30__cv_5,5,4,KNORAE,resubstitution,282,17686,21,59,0.9955673758865248,0.9306930693069307,0.8269794721407625,0.8757763975155279,0.9988140283503699,0.0011859716496300798,0.9128967502455663,0.9088447050690109,0.8751083493414584,0.8735278242465618,0.9667229869327819,0.8607052320593482,22560,0.8762534896172894,0.0031997113219710796,0.8682804860438695,0.018596444179718615,"{'classifier__estimator__ccp_alpha': np.float64(0.008157842936269201), 'classifier__estimator__max_depth': 16, 'classifier__estimator__max_features': 'sqrt', 'classifier__estimator__max_leaf_nodes': 2, 'classifier__estimator__min_impurity_decrease': np.float64(0.0626778031115384), 'classifier__estimator__min_samples_leaf': 7, 'classifier__estimator__min_samples_split': 4, 'classifier__max_features': np.float64(0.5998598737266418), 'classifier__max_samples': np.float64(0.999737910976463), 'classifier__n_estimators': 982, 'feature_selection_filter__k': 24}",19.524426221847534,"[0, 1, 2, 3, 4, 5, 6, 7, 8, 9, 10, 11, 12, 14, 16, 17, 18, 19, 20, 21, 24, 27, 28, 29]","['Amount_log1p', 'V1', 'V2', 'V3', 'V4', 'V5', 'V6', 'V7', 'V8', 'V9', 'V10', 'V11', 'V12', 'V14', 'V16', 'V17', 'V18', 'V19', 'V20', 'V21', 'V24', 'V27', 'V28', 'Time_sin']"
CostSensitiveLearning_with_RandomUnderSampler___RandomizedSearchCV__niter_30__cv_5,5,5,KNORAE,resubstitution,282,17666,42,58,0.994459219858156,0.8703703703703703,0.8294117647058824,0.8493975903614458,0.9976281906482946,0.002371809351705445,0.9135199776770885,0.9096397958125724,0.8468321365678456,0.8465769522674784,0.9656133319602971,0.8549094156062498,22560,0.864355921027973,0.01113607845247024,0.865480392611577,0.026514770427671596,"{'classifier__estimator__ccp_alpha': np.float64(0.004366523127704068), 'classifier__estimator__max_depth': 17, 'classifier__estimator__max_features': 'log2', 'classifier__estimator__max_leaf_nodes': 8, 'classifier__estimator__min_impurity_decrease': np.float64(0.08598576421918913), 'classifier__estimator__min_samples_leaf': 3, 'classifier__estimator__min_samples_split': 4, 'classifier__max_features': np.float64(0.5036887276821973), 'classifier__max_samples': np.float64(0.7559453025359095), 'classifier__n_estimators': 715, 'feature_selection_filter__k': 26}",14.930643320083618,"[0, 1, 2, 3, 4, 5, 6, 7, 8, 9, 10, 11, 12, 14, 16, 17, 18, 19, 20, 21, 23, 26, 27, 28, 29, 30]","['Amount_log1p', 'V1', 'V2', 'V3', 'V4', 'V5', 'V6', 'V7', 'V8', 'V9', 'V10', 'V11', 'V12', 'V14', 'V16', 'V17', 'V18', 'V19', 'V20', 'V21', 'V23', 'V26', 'V27', 'V28', 'Time_sin', 'Time_cos']"
CostSensitiveLearning_with_RandomUnderSampler___RandomizedSearchCV__niter_30__cv_5,5,6,KNORAE,resubstitution,282,17679,29,58,0.9951795212765957,0.9067524115755627,0.8294117647058824,0.8663594470046083,0.9983623221142987,0.0016376778857013496,0.9138870434100905,0.9099744256849657,0.8648001663583114,0.8639099000777274,0.9629519393029404,0.8681029940674485,22560,0.865811155721796,0.007752799089370036,0.8677399463176885,0.025979887215709305,"{'classifier__estimator__ccp_alpha': np.float64(0.004877305298290026), 'classifier__estimator__max_depth': 18, 'classifier__estimator__max_features': 'sqrt', 'classifier__estimator__max_leaf_nodes': 7, 'classifier__estimator__min_impurity_decrease': np.float64(0.08079710642981638), 'classifier__estimator__min_samples_leaf': 5, 'classifier__estimator__min_samples_split': 5, 'classifier__max_features': np.float64(0.5663808064654994), 'classifier__max_samples': np.float64(0.766592231821748), 'classifier__n_estimators': 662, 'feature_selection_filter__k': 20}",13.768350839614868,"[1, 2, 3, 4, 5, 6, 7, 8, 9, 10, 11, 12, 14, 16, 17, 18, 19, 20, 21, 27]","['V1', 'V2', 'V3', 'V4', 'V5', 'V6', 'V7', 'V8', 'V9', 'V10', 'V11', 'V12', 'V14', 'V16', 'V17', 'V18', 'V19', 'V20', 'V21', 'V27']"
CostSensitiveLearning_with_RandomUnderSampler___RandomizedSearchCV__niter_30__cv_5,5,7,KNORAE,resubstitution,278,17689,19,62,0.9955119680851063,0.936026936026936,0.8176470588235294,0.8728414442700158,0.9989270386266095,0.0010729613733905241,0.9082870487250694,0.9037531494342609,0.8726300776030682,0.8705677111997433,0.9632940080256182,0.8411391049638435,22560,0.8667191981347944,0.006296287420026664,0.8665860042997483,0.010449385470512195,"{'classifier__estimator__ccp_alpha': np.float64(0.0017642419002899246), 'classifier__estimator__max_depth': 4, 'classifier__estimator__max_features': 'sqrt', 'classifier__estimator__max_leaf_nodes': 2, 'classifier__estimator__min_impurity_decrease': np.float64(0.008513760623272627), 'classifier__estimator__min_samples_leaf': 6, 'classifier__estimator__min_samples_split': 3, 'classifier__max_features': np.float64(0.5421888525628387), 'classifier__max_samples': np.float64(0.9639653791711136), 'classifier__n_estimators': 386, 'feature_selection_filter__k': 22}",14.889725923538208,"[1, 2, 3, 4, 5, 6, 7, 8, 9, 10, 11, 12, 14, 16, 17, 18, 19, 20, 21, 27, 28, 29]","['V1', 'V2', 'V3', 'V4', 'V5', 'V6', 'V7', 'V8', 'V9', 'V10', 'V11', 'V12', 'V14', 'V16', 'V17', 'V18', 'V19', 'V20', 'V21', 'V27', 'V28', 'Time_sin']"
CostSensitiveLearning_with_RandomUnderSampler___RandomizedSearchCV__niter_30__cv_5,5,8,KNORAE,resubstitution,284,17681,26,57,0.9954011524822695,0.9161290322580645,0.8328445747800587,0.8725038402457758,0.998531654148077,0.0014683458519230141,0.9156881144640678,0.9119329311431755,0.8711924714787266,0.8701675913352149,0.9700198920618401,0.8633074736516096,22561,0.8677615930860503,0.0060699516141715934,0.867560517118968,0.036045502358081204,"{'classifier__estimator__ccp_alpha': np.float64(0.005203650527133058), 'classifier__estimator__max_depth': 7, 'classifier__estimator__max_features': 'log2', 'classifier__estimator__max_leaf_nodes': 2, 'classifier__estimator__min_impurity_decrease': np.float64(0.02246236382368613), 'classifier__estimator__min_samples_leaf': 8, 'classifier__estimator__min_samples_split': 3, 'classifier__max_features': np.float64(0.6927307670603573), 'classifier__max_samples': np.float64(0.9991847310380562), 'classifier__n_estimators': 177, 'feature_selection_filter__k': 22}",13.760131359100342,"[1, 2, 3, 4, 5, 6, 7, 8, 9, 10, 11, 12, 14, 16, 17, 18, 19, 20, 21, 23, 27, 29]","['V1', 'V2', 'V3', 'V4', 'V5', 'V6', 'V7', 'V8', 'V9', 'V10', 'V11', 'V12', 'V14', 'V16', 'V17', 'V18', 'V19', 'V20', 'V21', 'V23', 'V27', 'Time_sin']"
CostSensitiveLearning_with_RandomUnderSampler___RandomizedSearchCV__niter_30__cv_5,5,9,KNORAE,resubstitution,283,17689,18,58,0.9957890070921985,0.9401993355481728,0.8299120234604106,0.881619937694704,0.9989834528717456,0.0010165471282543859,0.914447738166078,0.9105319207893033,0.8812593345352179,0.8794847864971453,0.9620103188311133,0.8433804932422874,22561,0.8790871845136234,0.005222580883482736,0.881670362158167,0.011444729101269396,"{'classifier__estimator__ccp_alpha': np.float64(0.003892499304680768), 'classifier__estimator__max_depth': 13, 'classifier__estimator__max_features': 'log2', 'classifier__estimator__max_leaf_nodes': 2, 'classifier__estimator__min_impurity_decrease': np.float64(0.08689875621296594), 'classifier__estimator__min_samples_leaf': 9, 'classifier__estimator__min_samples_split': 3, 'classifier__max_features': np.float64(0.5976492056122238), 'classifier__max_samples': np.float64(0.5367415844592991), 'classifier__n_estimators': 748, 'feature_selection_filter__k': 26}",15.115743637084961,"[0, 1, 2, 3, 4, 5, 6, 7, 8, 9, 10, 11, 12, 14, 16, 17, 18, 19, 20, 21, 22, 23, 24, 27, 28, 29]","['Amount_log1p', 'V1', 'V2', 'V3', 'V4', 'V5', 'V6', 'V7', 'V8', 'V9', 'V10', 'V11', 'V12', 'V14', 'V16', 'V17', 'V18', 'V19', 'V20', 'V21', 'V22', 'V23', 'V24', 'V27', 'V28', 'Time_sin']"
CostSensitiveLearning_with_RandomUnderSampler___RandomizedSearchCV__niter_30__cv_5,5,10,KNORAE,resubstitution,285,17691,16,56,0.9960106382978723,0.946843853820598,0.8357771260997068,0.8878504672897196,0.9990964025526627,0.0009035974473372566,0.9174367643261847,0.9137953381485486,0.8876150386739828,0.8858276924709797,0.9644450303548127,0.8572027429300672,22561,0.8821171398497647,0.009632434818765741,0.8805518380024603,0.0471029038803835,"{'classifier__estimator__ccp_alpha': np.float64(0.0069124406377663325), 'classifier__estimator__max_depth': 15, 'classifier__estimator__max_features': 'log2', 'classifier__estimator__max_leaf_nodes': 2, 'classifier__estimator__min_impurity_decrease': np.float64(0.05696428472798679), 'classifier__estimator__min_samples_leaf': 7, 'classifier__estimator__min_samples_split': 8, 'classifier__max_features': np.float64(0.6247065344456518), 'classifier__max_samples': np.float64(0.5578012056857997), 'classifier__n_estimators': 314, 'feature_selection_filter__k': 28}",14.244385480880737,"[0, 1, 2, 3, 4, 5, 6, 7, 8, 9, 10, 11, 12, 14, 16, 17, 18, 19, 20, 21, 22, 23, 24, 25, 26, 27, 28, 29]","['Amount_log1p', 'V1', 'V2', 'V3', 'V4', 'V5', 'V6', 'V7', 'V8', 'V9', 'V10', 'V11', 'V12', 'V14', 'V16', 'V17', 'V18', 'V19', 'V20', 'V21', 'V22', 'V23', 'V24', 'V25', 'V26', 'V27', 'V28', 'Time_sin']"
CostSensitiveLearning_with_RandomUnderSampler___RandomizedSearchCV__niter_30__cv_5,6,1,KNORAE,resubstitution,284,17676,31,57,0.9951241134751773,0.9015873015873016,0.8328445747800587,0.8658536585365854,0.9982492799457842,0.0017507200542158374,0.9155469273629214,0.9118039795268205,0.8640788404589372,0.8633745612128976,0.9714650517622553,0.8579851868286479,22560,0.86649229119501,0.01152388812896534,0.8739444078624989,0.007082358955136631,"{'classifier__estimator__ccp_alpha': np.float64(0.004725375842820505), 'classifier__estimator__max_depth': 10, 'classifier__estimator__max_features': 'sqrt', 'classifier__estimator__max_leaf_nodes': 19, 'classifier__estimator__min_impurity_decrease': np.float64(0.0943348758773705), 'classifier__estimator__min_samples_leaf': 5, 'classifier__estimator__min_samples_split': 2, 'classifier__max_features': np.float64(0.5937608140641402), 'classifier__max_samples': np.float64(0.6398044531427558), 'classifier__n_estimators': 598, 'feature_selection_filter__k': 28}",15.790196418762207,"[0, 1, 2, 3, 4, 5, 6, 7, 8, 9, 10, 11, 12, 13, 14, 16, 17, 18, 19, 20, 21, 22, 23, 24, 26, 27, 28, 29]","['Amount_log1p', 'V1', 'V2', 'V3', 'V4', 'V5', 'V6', 'V7', 'V8', 'V9', 'V10', 'V11', 'V12', 'V13', 'V14', 'V16', 'V17', 'V18', 'V19', 'V20', 'V21', 'V22', 'V23', 'V24', 'V26', 'V27', 'V28', 'Time_sin']"
CostSensitiveLearning_with_RandomUnderSampler___RandomizedSearchCV__niter_30__cv_5,6,2,KNORAE,resubstitution,279,17685,22,62,0.995345744680851,0.9269102990033222,0.8181818181818182,0.8691588785046729,0.9987575535099114,0.0012424464900886445,0.9084696858458647,0.9039719415189632,0.8685479262576877,0.8667989745494764,0.9683753314584569,0.8466735680376839,22560,0.86433250370387,0.010211839447942095,0.8558827957121625,0.0447829379332672,"{'classifier__estimator__ccp_alpha': np.float64(0.001456470130768669), 'classifier__estimator__max_depth': 17, 'classifier__estimator__max_features': 'log2', 'classifier__estimator__max_leaf_nodes': 2, 'classifier__estimator__min_impurity_decrease': np.float64(0.06222920053145284), 'classifier__estimator__min_samples_leaf': 6, 'classifier__estimator__min_samples_split': 8, 'classifier__max_features': np.float64(0.9347223062843282), 'classifier__max_samples': np.float64(0.526322889466911), 'classifier__n_estimators': 853, 'feature_selection_filter__k': 26}",16.82672381401062,"[0, 1, 2, 3, 4, 5, 6, 7, 8, 9, 10, 11, 12, 14, 16, 17, 18, 19, 20, 21, 23, 24, 27, 28, 29, 30]","['Amount_log1p', 'V1', 'V2', 'V3', 'V4', 'V5', 'V6', 'V7', 'V8', 'V9', 'V10', 'V11', 'V12', 'V14', 'V16', 'V17', 'V18', 'V19', 'V20', 'V21', 'V23', 'V24', 'V27', 'V28', 'Time_sin', 'Time_cos']"
CostSensitiveLearning_with_RandomUnderSampler___RandomizedSearchCV__niter_30__cv_5,6,3,KNORAE,resubstitution,281,17688,19,60,0.9956227836879432,0.9366666666666666,0.8240469208211144,0.8767550702028081,0.998926978031287,0.0010730219687129505,0.9114869494262008,0.9072831423386104,0.8763960414692656,0.8745361736996496,0.9681984542455252,0.8587128998110861,22560,0.8781219687592852,0.003480151154938456,0.8777347259891896,0.019170630189941078,"{'classifier__estimator__ccp_alpha': np.float64(0.007463579226999631), 'classifier__estimator__max_depth': 14, 'classifier__estimator__max_features': 'log2', 'classifier__estimator__max_leaf_nodes': 2, 'classifier__estimator__min_impurity_decrease': np.float64(0.07268784999228527), 'classifier__estimator__min_samples_leaf': 8, 'classifier__estimator__min_samples_split': 6, 'classifier__max_features': np.float64(0.5606274654512591), 'classifier__max_samples': np.float64(0.7109470545580736), 'classifier__n_estimators': 787, 'feature_selection_filter__k': 24}",17.880655527114868,"[1, 2, 3, 4, 5, 6, 7, 8, 9, 10, 11, 12, 14, 16, 17, 18, 19, 20, 21, 22, 23, 27, 28, 29]","['V1', 'V2', 'V3', 'V4', 'V5', 'V6', 'V7', 'V8', 'V9', 'V10', 'V11', 'V12', 'V14', 'V16', 'V17', 'V18', 'V19', 'V20', 'V21', 'V22', 'V23', 'V27', 'V28', 'Time_sin']"
CostSensitiveLearning_with_RandomUnderSampler___RandomizedSearchCV__niter_30__cv_5,6,4,KNORAE,resubstitution,288,17692,15,53,0.9962322695035462,0.9504950495049505,0.844574780058651,0.8944099378881988,0.9991528773931214,0.0008471226068785809,0.9218638287258862,0.9186181587957337,0.894113500732602,0.8924986506095776,0.9633609121564496,0.8604497413275064,22560,0.8935129088433122,0.00646625197160921,0.8916779292651844,0.02476768556069333,"{'classifier__estimator__ccp_alpha': np.float64(0.005105569990898047), 'classifier__estimator__max_depth': 18, 'classifier__estimator__max_features': 'log2', 'classifier__estimator__max_leaf_nodes': 2, 'classifier__estimator__min_impurity_decrease': np.float64(0.05282883645440848), 'classifier__estimator__min_samples_leaf': 3, 'classifier__estimator__min_samples_split': 7, 'classifier__max_features': np.float64(0.6680728065713334), 'classifier__max_samples': np.float64(0.8547038935968967), 'classifier__n_estimators': 209, 'feature_selection_filter__k': 22}",13.853816509246826,"[1, 2, 3, 4, 5, 6, 7, 8, 9, 10, 11, 12, 14, 16, 17, 18, 19, 20, 21, 27, 28, 29]","['V1', 'V2', 'V3', 'V4', 'V5', 'V6', 'V7', 'V8', 'V9', 'V10', 'V11', 'V12', 'V14', 'V16', 'V17', 'V18', 'V19', 'V20', 'V21', 'V27', 'V28', 'Time_sin']"
CostSensitiveLearning_with_RandomUnderSampler___RandomizedSearchCV__niter_30__cv_5,6,5,KNORAE,resubstitution,281,17670,38,59,0.9946254432624113,0.8808777429467085,0.8264705882352941,0.8528072837632777,0.9978540772532188,0.0021459227467811592,0.9121623327442565,0.9081283203382958,0.850521014733487,0.8500728629771805,0.9669156678935411,0.8587781074189521,22560,0.8634218039298547,0.00449783960129015,0.8673917473535795,0.021576748662017944,"{'classifier__estimator__ccp_alpha': np.float64(0.0021468688901682665), 'classifier__estimator__max_depth': 9, 'classifier__estimator__max_features': 'sqrt', 'classifier__estimator__max_leaf_nodes': 3, 'classifier__estimator__min_impurity_decrease': np.float64(0.09038804747351074), 'classifier__estimator__min_samples_leaf': 7, 'classifier__estimator__min_samples_split': 7, 'classifier__max_features': np.float64(0.5590381006704422), 'classifier__max_samples': np.float64(0.5462004075378271), 'classifier__n_estimators': 930, 'feature_selection_filter__k': 24}",18.99262046813965,"[0, 1, 2, 3, 4, 5, 6, 7, 8, 9, 10, 11, 12, 14, 16, 17, 18, 19, 20, 21, 24, 27, 28, 29]","['Amount_log1p', 'V1', 'V2', 'V3', 'V4', 'V5', 'V6', 'V7', 'V8', 'V9', 'V10', 'V11', 'V12', 'V14', 'V16', 'V17', 'V18', 'V19', 'V20', 'V21', 'V24', 'V27', 'V28', 'Time_sin']"
CostSensitiveLearning_with_RandomUnderSampler___RandomizedSearchCV__niter_30__cv_5,6,6,KNORAE,resubstitution,284,17678,30,56,0.9952349290780141,0.9044585987261147,0.8352941176470589,0.8685015290519877,0.9983058504630675,0.0016941495369324766,0.9167999840550631,0.9131697566742147,0.8667896729095044,0.8660789351254268,0.970591308016317,0.8578461299908974,22560,0.8648796229562979,0.011066024886839604,0.869426452365753,0.02954573810478411,"{'classifier__estimator__ccp_alpha': np.float64(0.003580321378160315), 'classifier__estimator__max_depth': 9, 'classifier__estimator__max_features': 'sqrt', 'classifier__estimator__max_leaf_nodes': 5, 'classifier__estimator__min_impurity_decrease': np.float64(0.09430896341727395), 'classifier__estimator__min_samples_leaf': 1, 'classifier__estimator__min_samples_split': 4, 'classifier__max_features': np.float64(0.7625868741842674), 'classifier__max_samples': np.float64(0.8149580625757364), 'classifier__n_estimators': 851, 'feature_selection_filter__k': 26}",18.926298141479492,"[0, 1, 2, 3, 4, 5, 6, 7, 8, 9, 10, 11, 12, 14, 16, 17, 18, 19, 20, 21, 22, 23, 24, 27, 28, 29]","['Amount_log1p', 'V1', 'V2', 'V3', 'V4', 'V5', 'V6', 'V7', 'V8', 'V9', 'V10', 'V11', 'V12', 'V14', 'V16', 'V17', 'V18', 'V19', 'V20', 'V21', 'V22', 'V23', 'V24', 'V27', 'V28', 'Time_sin']"
CostSensitiveLearning_with_RandomUnderSampler___RandomizedSearchCV__niter_30__cv_5,6,7,KNORAE,resubstitution,275,17673,35,65,0.994459219858156,0.8870967741935484,0.8088235294117647,0.8461538461538461,0.9980234922069121,0.0019765077930878894,0.9034235108093385,0.898456945770163,0.8442717217925728,0.8433387729592723,0.9600043682483158,0.8351332059485603,22560,0.8496908733243019,0.010547927075177486,0.8509966001478197,0.02619875365212234,"{'classifier__estimator__ccp_alpha': np.float64(0.0001448435724406838), 'classifier__estimator__max_depth': 18, 'classifier__estimator__max_features': 'log2', 'classifier__estimator__max_leaf_nodes': 2, 'classifier__estimator__min_impurity_decrease': np.float64(0.09545870931388203), 'classifier__estimator__min_samples_leaf': 3, 'classifier__estimator__min_samples_split': 6, 'classifier__max_features': np.float64(0.7860428431519566), 'classifier__max_samples': np.float64(0.5517683919373746), 'classifier__n_estimators': 224, 'feature_selection_filter__k': 28}",12.666103601455688,"[0, 1, 2, 3, 4, 5, 6, 7, 8, 9, 10, 11, 12, 13, 14, 15, 16, 17, 18, 19, 20, 21, 22, 23, 24, 27, 28, 29]","['Amount_log1p', 'V1', 'V2', 'V3', 'V4', 'V5', 'V6', 'V7', 'V8', 'V9', 'V10', 'V11', 'V12', 'V13', 'V14', 'V15', 'V16', 'V17', 'V18', 'V19', 'V20', 'V21', 'V22', 'V23', 'V24', 'V27', 'V28', 'Time_sin']"
CostSensitiveLearning_with_RandomUnderSampler___RandomizedSearchCV__niter_30__cv_5,6,8,KNORAE,resubstitution,282,17679,28,59,0.9951795212765957,0.9096774193548387,0.8269794721407625,0.8663594470046083,0.9984187044671599,0.0015812955328401435,0.9126990883039612,0.9086648299542114,0.8649281184767286,0.8639106077851048,0.9634859517592245,0.8469336507337824,22561,0.8680203185392841,0.008349481835311574,0.8712292385976597,0.02310104532000546,"{'classifier__estimator__ccp_alpha': np.float64(0.005318311145987473), 'classifier__estimator__max_depth': 12, 'classifier__estimator__max_features': 'sqrt', 'classifier__estimator__max_leaf_nodes': 6, 'classifier__estimator__min_impurity_decrease': np.float64(0.09821173481749831), 'classifier__estimator__min_samples_leaf': 5, 'classifier__estimator__min_samples_split': 7, 'classifier__max_features': np.float64(0.7591905253289877), 'classifier__max_samples': np.float64(0.5519648255939491), 'classifier__n_estimators': 733, 'feature_selection_filter__k': 20}",14.037301063537598,"[1, 2, 3, 4, 5, 6, 7, 8, 9, 10, 11, 12, 14, 16, 17, 18, 19, 20, 21, 27]","['V1', 'V2', 'V3', 'V4', 'V5', 'V6', 'V7', 'V8', 'V9', 'V10', 'V11', 'V12', 'V14', 'V16', 'V17', 'V18', 'V19', 'V20', 'V21', 'V27']"
CostSensitiveLearning_with_RandomUnderSampler___RandomizedSearchCV__niter_30__cv_5,6,9,KNORAE,resubstitution,284,17675,32,57,0.9950687056737588,0.8987341772151899,0.8328445747800587,0.8645357686453576,0.9981928051053256,0.001807194894674402,0.9155186899426921,0.9117781870150541,0.8626762448401956,0.8620281146989561,0.963630533975413,0.8709929899782038,22561,0.8691266076630407,0.010838885530366557,0.8694888937018062,0.037823443822663554,"{'classifier__estimator__ccp_alpha': np.float64(0.0011140631670405322), 'classifier__estimator__max_depth': 8, 'classifier__estimator__max_features': 'sqrt', 'classifier__estimator__max_leaf_nodes': 2, 'classifier__estimator__min_impurity_decrease': np.float64(0.033140445827240565), 'classifier__estimator__min_samples_leaf': 4, 'classifier__estimator__min_samples_split': 8, 'classifier__max_features': np.float64(0.5950263539598686), 'classifier__max_samples': np.float64(0.8559498292914578), 'classifier__n_estimators': 947, 'feature_selection_filter__k': 'all'}",20.254215478897095,"[0, 1, 2, 3, 4, 5, 6, 7, 8, 9, 10, 11, 12, 13, 14, 15, 16, 17, 18, 19, 20, 21, 22, 23, 24, 25, 26, 27, 28, 29, 30]","['Amount_log1p', 'V1', 'V2', 'V3', 'V4', 'V5', 'V6', 'V7', 'V8', 'V9', 'V10', 'V11', 'V12', 'V13', 'V14', 'V15', 'V16', 'V17', 'V18', 'V19', 'V20', 'V21', 'V22', 'V23', 'V24', 'V25', 'V26', 'V27', 'V28', 'Time_sin', 'Time_cos']"
CostSensitiveLearning_with_RandomUnderSampler___RandomizedSearchCV__niter_30__cv_5,6,10,KNORAE,resubstitution,287,17679,28,54,0.9954565602836879,0.9111111111111111,0.841642228739003,0.875,0.9984187044671599,0.0015812955328401435,0.9200304666030814,0.9166849751372869,0.8734018100989127,0.8726899320392909,0.9625146176264106,0.861996547473412,22561,0.8763633764511294,0.004520691304811466,0.8772185114503817,0.01735021736705315,"{'classifier__estimator__ccp_alpha': np.float64(0.006089955098753504), 'classifier__estimator__max_depth': 19, 'classifier__estimator__max_features': 'log2', 'classifier__estimator__max_leaf_nodes': 2, 'classifier__estimator__min_impurity_decrease': np.float64(0.09534903476062169), 'classifier__estimator__min_samples_leaf': 8, 'classifier__estimator__min_samples_split': 3, 'classifier__max_features': np.float64(0.5850589515185862), 'classifier__max_samples': np.float64(0.8814606913205086), 'classifier__n_estimators': 989, 'feature_selection_filter__k': 20}",19.760796308517456,"[1, 2, 3, 4, 5, 6, 7, 8, 9, 10, 11, 12, 14, 16, 17, 18, 19, 20, 21, 27]","['V1', 'V2', 'V3', 'V4', 'V5', 'V6', 'V7', 'V8', 'V9', 'V10', 'V11', 'V12', 'V14', 'V16', 'V17', 'V18', 'V19', 'V20', 'V21', 'V27']"
CostSensitiveLearning_with_RandomUnderSampler___RandomizedSearchCV__niter_30__cv_5,7,1,KNORAE,resubstitution,276,17672,35,65,0.994459219858156,0.887459807073955,0.8093841642228738,0.8466257668711656,0.9980233805839499,0.001976619416050096,0.9037037724034118,0.8987682236087496,0.844738345997651,0.8438104976861488,0.9639018119480557,0.8431144290806736,22560,0.8469488664020222,0.007410850336739771,0.8477629663935818,0.02381811296573609,"{'classifier__estimator__ccp_alpha': np.float64(0.009501838023545248), 'classifier__estimator__max_depth': 7, 'classifier__estimator__max_features': 'sqrt', 'classifier__estimator__max_leaf_nodes': 2, 'classifier__estimator__min_impurity_decrease': np.float64(0.09580836753163942), 'classifier__estimator__min_samples_leaf': 4, 'classifier__estimator__min_samples_split': 8, 'classifier__max_features': np.float64(0.9033568083083441), 'classifier__max_samples': np.float64(0.7151133392025415), 'classifier__n_estimators': 764, 'feature_selection_filter__k': 'all'}",17.003676891326904,"[0, 1, 2, 3, 4, 5, 6, 7, 8, 9, 10, 11, 12, 13, 14, 15, 16, 17, 18, 19, 20, 21, 22, 23, 24, 25, 26, 27, 28, 29, 30]","['Amount_log1p', 'V1', 'V2', 'V3', 'V4', 'V5', 'V6', 'V7', 'V8', 'V9', 'V10', 'V11', 'V12', 'V13', 'V14', 'V15', 'V16', 'V17', 'V18', 'V19', 'V20', 'V21', 'V22', 'V23', 'V24', 'V25', 'V26', 'V27', 'V28', 'Time_sin', 'Time_cos']"
CostSensitiveLearning_with_RandomUnderSampler___RandomizedSearchCV__niter_30__cv_5,7,2,KNORAE,resubstitution,281,17679,28,60,0.9951241134751773,0.9093851132686084,0.8240469208211144,0.8646153846153846,0.9984187044671599,0.0015812955328401435,0.9112328126441371,0.9070522912745269,0.8632242503142125,0.862138862139383,0.9632381083611415,0.8470728147568078,22560,0.8644087701465575,0.0040183679182621375,0.8694275184828996,0.01964052452276275,"{'classifier__estimator__ccp_alpha': np.float64(0.008572699717278604), 'classifier__estimator__max_depth': 19, 'classifier__estimator__max_features': 'sqrt', 'classifier__estimator__max_leaf_nodes': 2, 'classifier__estimator__min_impurity_decrease': np.float64(0.07782573650932988), 'classifier__estimator__min_samples_leaf': 3, 'classifier__estimator__min_samples_split': 9, 'classifier__max_features': np.float64(0.9228969038336429), 'classifier__max_samples': np.float64(0.5382196164744923), 'classifier__n_estimators': 627, 'feature_selection_filter__k': 24}",16.270517826080322,"[0, 1, 2, 3, 4, 5, 6, 7, 8, 9, 10, 11, 12, 14, 16, 17, 18, 19, 20, 21, 24, 27, 28, 29]","['Amount_log1p', 'V1', 'V2', 'V3', 'V4', 'V5', 'V6', 'V7', 'V8', 'V9', 'V10', 'V11', 'V12', 'V14', 'V16', 'V17', 'V18', 'V19', 'V20', 'V21', 'V24', 'V27', 'V28', 'Time_sin']"
CostSensitiveLearning_with_RandomUnderSampler___RandomizedSearchCV__niter_30__cv_5,7,3,KNORAE,resubstitution,284,17689,18,57,0.995844414893617,0.9403973509933775,0.8328445747800587,0.8833592534992224,0.9989834528717456,0.0010165471282543859,0.9159140138259021,0.9121392158104397,0.8829366054173144,0.8812516997254121,0.9613991153158277,0.8646393980261918,22560,0.8796729810012863,0.007779862999891419,0.8841244177811107,0.025550390972828102,"{'classifier__estimator__ccp_alpha': np.float64(0.008894115720987437), 'classifier__estimator__max_depth': 16, 'classifier__estimator__max_features': 'sqrt', 'classifier__estimator__max_leaf_nodes': 2, 'classifier__estimator__min_impurity_decrease': np.float64(0.007799985093075524), 'classifier__estimator__min_samples_leaf': 7, 'classifier__estimator__min_samples_split': 3, 'classifier__max_features': np.float64(0.5042063559280332), 'classifier__max_samples': np.float64(0.5699015150042543), 'classifier__n_estimators': 352, 'feature_selection_filter__k': 24}",13.487825155258179,"[1, 2, 3, 4, 5, 6, 7, 8, 9, 10, 11, 12, 14, 16, 17, 18, 19, 20, 21, 22, 24, 27, 28, 29]","['V1', 'V2', 'V3', 'V4', 'V5', 'V6', 'V7', 'V8', 'V9', 'V10', 'V11', 'V12', 'V14', 'V16', 'V17', 'V18', 'V19', 'V20', 'V21', 'V22', 'V24', 'V27', 'V28', 'Time_sin']"
CostSensitiveLearning_with_RandomUnderSampler___RandomizedSearchCV__niter_30__cv_5,7,4,KNORAE,resubstitution,284,17687,20,57,0.9957335992907801,0.9342105263157895,0.8328445747800587,0.8806201550387597,0.9988705031908285,0.0011294968091715152,0.9158575389854435,0.912087649017521,0.879957509154767,0.8784554199400505,0.9686123270499416,0.8594406700822128,22560,0.8775203552547378,0.009374806962540698,0.878781774899702,0.01747680891178647,"{'classifier__estimator__ccp_alpha': np.float64(0.0008373992389638219), 'classifier__estimator__max_depth': 12, 'classifier__estimator__max_features': 'sqrt', 'classifier__estimator__max_leaf_nodes': 2, 'classifier__estimator__min_impurity_decrease': np.float64(0.010568683531908452), 'classifier__estimator__min_samples_leaf': 1, 'classifier__estimator__min_samples_split': 6, 'classifier__max_features': np.float64(0.531844784875128), 'classifier__max_samples': np.float64(0.6484172893350177), 'classifier__n_estimators': 301, 'feature_selection_filter__k': 'all'}",13.865420818328857,"[0, 1, 2, 3, 4, 5, 6, 7, 8, 9, 10, 11, 12, 13, 14, 15, 16, 17, 18, 19, 20, 21, 22, 23, 24, 25, 26, 27, 28, 29, 30]","['Amount_log1p', 'V1', 'V2', 'V3', 'V4', 'V5', 'V6', 'V7', 'V8', 'V9', 'V10', 'V11', 'V12', 'V13', 'V14', 'V15', 'V16', 'V17', 'V18', 'V19', 'V20', 'V21', 'V22', 'V23', 'V24', 'V25', 'V26', 'V27', 'V28', 'Time_sin', 'Time_cos']"
CostSensitiveLearning_with_RandomUnderSampler___RandomizedSearchCV__niter_30__cv_5,7,5,KNORAE,resubstitution,276,17680,28,64,0.9949024822695035,0.9078947368421053,0.8117647058823529,0.8571428571428571,0.9984187937655297,0.0015812062344703337,0.9050917498239412,0.9002672594671478,0.8559434107483812,0.8545560551189049,0.9629792616165509,0.8454017226382369,22560,0.8643353622810535,0.01066377646531025,0.8653305758495373,0.02530188967376547,"{'classifier__estimator__ccp_alpha': np.float64(0.0047225311671800045), 'classifier__estimator__max_depth': 12, 'classifier__estimator__max_features': 'sqrt', 'classifier__estimator__max_leaf_nodes': 2, 'classifier__estimator__min_impurity_decrease': np.float64(0.041409520127524635), 'classifier__estimator__min_samples_leaf': 6, 'classifier__estimator__min_samples_split': 5, 'classifier__max_features': np.float64(0.5184450551121265), 'classifier__max_samples': np.float64(0.8849370959578962), 'classifier__n_estimators': 726, 'feature_selection_filter__k': 26}",15.522730588912964,"[0, 1, 2, 3, 4, 5, 6, 7, 8, 9, 10, 11, 12, 14, 16, 17, 18, 19, 20, 21, 22, 23, 24, 27, 28, 29]","['Amount_log1p', 'V1', 'V2', 'V3', 'V4', 'V5', 'V6', 'V7', 'V8', 'V9', 'V10', 'V11', 'V12', 'V14', 'V16', 'V17', 'V18', 'V19', 'V20', 'V21', 'V22', 'V23', 'V24', 'V27', 'V28', 'Time_sin']"
CostSensitiveLearning_with_RandomUnderSampler___RandomizedSearchCV__niter_30__cv_5,7,6,KNORAE,resubstitution,291,17687,21,49,0.9961214539007093,0.9326923076923077,0.8558823529411764,0.8926380368098159,0.9988140953241473,0.001185904675852667,0.9273482241326618,0.9245903731149506,0.8915197678986194,0.8906667995945698,0.9669281248754301,0.8648060563098767,22560,0.8817297908074615,0.008012736567151168,0.8846641068465285,0.0201525521606581,"{'classifier__estimator__ccp_alpha': np.float64(0.006595722383615642), 'classifier__estimator__max_depth': 7, 'classifier__estimator__max_features': 'log2', 'classifier__estimator__max_leaf_nodes': 2, 'classifier__estimator__min_impurity_decrease': np.float64(0.03348624394299832), 'classifier__estimator__min_samples_leaf': 7, 'classifier__estimator__min_samples_split': 4, 'classifier__max_features': np.float64(0.5541889782123466), 'classifier__max_samples': np.float64(0.500041511213468), 'classifier__n_estimators': 152, 'feature_selection_filter__k': 20}",15.865017890930176,"[1, 2, 3, 4, 5, 6, 7, 8, 9, 10, 11, 12, 14, 16, 17, 18, 19, 20, 21, 27]","['V1', 'V2', 'V3', 'V4', 'V5', 'V6', 'V7', 'V8', 'V9', 'V10', 'V11', 'V12', 'V14', 'V16', 'V17', 'V18', 'V19', 'V20', 'V21', 'V27']"
CostSensitiveLearning_with_RandomUnderSampler___RandomizedSearchCV__niter_30__cv_5,7,7,KNORAE,resubstitution,280,17677,31,60,0.994957890070922,0.9003215434083601,0.8235294117647058,0.8602150537634409,0.9982493788118365,0.0017506211881634925,0.9108893952882712,0.9066905336041591,0.8585367023632221,0.857652883989347,0.9650775156459692,0.8451479472837865,22560,0.8613950841424309,0.00888487663228767,0.8602550338550337,0.03347943096411559,"{'classifier__estimator__ccp_alpha': np.float64(0.006975375946006925), 'classifier__estimator__max_depth': 10, 'classifier__estimator__max_features': 'log2', 'classifier__estimator__max_leaf_nodes': 2, 'classifier__estimator__min_impurity_decrease': np.float64(0.046354327012104124), 'classifier__estimator__min_samples_leaf': 8, 'classifier__estimator__min_samples_split': 6, 'classifier__max_features': np.float64(0.6577773672449303), 'classifier__max_samples': np.float64(0.5692653536961851), 'classifier__n_estimators': 934, 'feature_selection_filter__k': 28}",17.485806703567505,"[0, 1, 2, 3, 4, 5, 6, 7, 8, 9, 10, 11, 12, 13, 14, 16, 17, 18, 19, 20, 21, 22, 23, 24, 26, 27, 28, 29]","['Amount_log1p', 'V1', 'V2', 'V3', 'V4', 'V5', 'V6', 'V7', 'V8', 'V9', 'V10', 'V11', 'V12', 'V13', 'V14', 'V16', 'V17', 'V18', 'V19', 'V20', 'V21', 'V22', 'V23', 'V24', 'V26', 'V27', 'V28', 'Time_sin']"
CostSensitiveLearning_with_RandomUnderSampler___RandomizedSearchCV__niter_30__cv_5,7,8,KNORAE,resubstitution,286,17685,22,55,0.9957335992907801,0.9285714285714286,0.8387096774193549,0.8813559322033898,0.9987575535099114,0.0012424464900886445,0.9187336154646331,0.9152418399114203,0.8803702126621368,0.8791893938814386,0.969618771640753,0.8641500324316097,22561,0.8844243688937918,0.007019253264756236,0.8819020993422957,0.02978922940882219,"{'classifier__estimator__ccp_alpha': np.float64(0.0009296837662230706), 'classifier__estimator__max_depth': 7, 'classifier__estimator__max_features': 'sqrt', 'classifier__estimator__max_leaf_nodes': 2, 'classifier__estimator__min_impurity_decrease': np.float64(0.08304952829781358), 'classifier__estimator__min_samples_leaf': 6, 'classifier__estimator__min_samples_split': 8, 'classifier__max_features': np.float64(0.5303018631509395), 'classifier__max_samples': np.float64(0.5794187781187699), 'classifier__n_estimators': 497, 'feature_selection_filter__k': 28}",13.594922065734863,"[0, 1, 2, 3, 4, 5, 6, 7, 8, 9, 10, 11, 12, 13, 14, 16, 17, 18, 19, 20, 21, 22, 23, 24, 26, 27, 28, 29]","['Amount_log1p', 'V1', 'V2', 'V3', 'V4', 'V5', 'V6', 'V7', 'V8', 'V9', 'V10', 'V11', 'V12', 'V13', 'V14', 'V16', 'V17', 'V18', 'V19', 'V20', 'V21', 'V22', 'V23', 'V24', 'V26', 'V27', 'V28', 'Time_sin']"
CostSensitiveLearning_with_RandomUnderSampler___RandomizedSearchCV__niter_30__cv_5,7,9,KNORAE,resubstitution,282,17678,29,59,0.9951241134751773,0.9067524115755627,0.8269794721407625,0.8650306748466258,0.9983622296267013,0.0016377703732987081,0.9126708508837319,0.9086391306024434,0.8635016956656528,0.8625532379638109,0.9621120066670122,0.860640735334757,22561,0.8670116763271185,0.009302513368785572,0.8672694151962311,0.03493337501428121,"{'classifier__estimator__ccp_alpha': np.float64(0.0008205007779476303), 'classifier__estimator__max_depth': 16, 'classifier__estimator__max_features': 'sqrt', 'classifier__estimator__max_leaf_nodes': 2, 'classifier__estimator__min_impurity_decrease': np.float64(0.0639979159151474), 'classifier__estimator__min_samples_leaf': 1, 'classifier__estimator__min_samples_split': 5, 'classifier__max_features': np.float64(0.8947276100601613), 'classifier__max_samples': np.float64(0.5220229102069183), 'classifier__n_estimators': 808, 'feature_selection_filter__k': 28}",17.30220866203308,"[0, 1, 2, 3, 4, 5, 6, 7, 8, 9, 10, 11, 12, 14, 16, 17, 18, 19, 20, 21, 22, 24, 25, 26, 27, 28, 29, 30]","['Amount_log1p', 'V1', 'V2', 'V3', 'V4', 'V5', 'V6', 'V7', 'V8', 'V9', 'V10', 'V11', 'V12', 'V14', 'V16', 'V17', 'V18', 'V19', 'V20', 'V21', 'V22', 'V24', 'V25', 'V26', 'V27', 'V28', 'Time_sin', 'Time_cos']"
CostSensitiveLearning_with_RandomUnderSampler___RandomizedSearchCV__niter_30__cv_5,7,10,KNORAE,resubstitution,286,17682,25,55,0.9955673758865248,0.9196141479099679,0.8387096774193549,0.8773006134969326,0.9985881289885357,0.0014118710114643385,0.9186489032039453,0.9151642079642166,0.8760105954443207,0.875048398148919,0.9753199150658147,0.8734547668894601,22561,0.8813551541348931,0.007381640698105806,0.8821010746917588,0.014445168297477246,"{'classifier__estimator__ccp_alpha': np.float64(0.0013804205305593597), 'classifier__estimator__max_depth': 11, 'classifier__estimator__max_features': 'log2', 'classifier__estimator__max_leaf_nodes': 2, 'classifier__estimator__min_impurity_decrease': np.float64(0.04050270358933068), 'classifier__estimator__min_samples_leaf': 4, 'classifier__estimator__min_samples_split': 6, 'classifier__max_features': np.float64(0.8226380549391565), 'classifier__max_samples': np.float64(0.8351707395872712), 'classifier__n_estimators': 389, 'feature_selection_filter__k': 28}",15.768099308013916,"[0, 1, 2, 3, 4, 5, 6, 7, 8, 9, 10, 11, 12, 14, 16, 17, 18, 19, 20, 21, 22, 23, 24, 26, 27, 28, 29, 30]","['Amount_log1p', 'V1', 'V2', 'V3', 'V4', 'V5', 'V6', 'V7', 'V8', 'V9', 'V10', 'V11', 'V12', 'V14', 'V16', 'V17', 'V18', 'V19', 'V20', 'V21', 'V22', 'V23', 'V24', 'V26', 'V27', 'V28', 'Time_sin', 'Time_cos']"
CostSensitiveLearning_with_RandomUnderSampler___RandomizedSearchCV__niter_30__cv_5,8,1,KNORAE,resubstitution,284,17675,32,57,0.9950687056737588,0.8987341772151899,0.8328445747800587,0.8645357686453576,0.9981928051053256,0.001807194894674402,0.9155186899426921,0.9117781870150541,0.8626762448401956,0.8620281146989561,0.9647538202082879,0.8631193319630022,22560,0.8684494069969355,0.011487781532178533,0.8751186998121241,0.017046615389542663,"{'classifier__estimator__ccp_alpha': np.float64(0.00011788241173142034), 'classifier__estimator__max_depth': 5, 'classifier__estimator__max_features': 'log2', 'classifier__estimator__max_leaf_nodes': 12, 'classifier__estimator__min_impurity_decrease': np.float64(0.08298042774685115), 'classifier__estimator__min_samples_leaf': 2, 'classifier__estimator__min_samples_split': 3, 'classifier__max_features': np.float64(0.5505593070037205), 'classifier__max_samples': np.float64(0.6164374138455775), 'classifier__n_estimators': 134, 'feature_selection_filter__k': 'all'}",13.704862594604492,"[0, 1, 2, 3, 4, 5, 6, 7, 8, 9, 10, 11, 12, 13, 14, 15, 16, 17, 18, 19, 20, 21, 22, 23, 24, 25, 26, 27, 28, 29, 30]","['Amount_log1p', 'V1', 'V2', 'V3', 'V4', 'V5', 'V6', 'V7', 'V8', 'V9', 'V10', 'V11', 'V12', 'V13', 'V14', 'V15', 'V16', 'V17', 'V18', 'V19', 'V20', 'V21', 'V22', 'V23', 'V24', 'V25', 'V26', 'V27', 'V28', 'Time_sin', 'Time_cos']"
CostSensitiveLearning_with_RandomUnderSampler___RandomizedSearchCV__niter_30__cv_5,8,2,KNORAE,resubstitution,282,17680,27,59,0.9952349290780141,0.912621359223301,0.8269794721407625,0.8676923076923077,0.9984751793076184,0.0015248206923815788,0.9127273257241905,0.9086905285791569,0.8663614025390526,0.8652720698180334,0.9636307823984649,0.8598343330583833,22560,0.8673331045220236,0.013663690042446879,0.8680196501978406,0.019483973164554573,"{'classifier__estimator__ccp_alpha': np.float64(0.007017460915864763), 'classifier__estimator__max_depth': 17, 'classifier__estimator__max_features': 'sqrt', 'classifier__estimator__max_leaf_nodes': 2, 'classifier__estimator__min_impurity_decrease': np.float64(0.023930482237732843), 'classifier__estimator__min_samples_leaf': 2, 'classifier__estimator__min_samples_split': 5, 'classifier__max_features': np.float64(0.6410484369030456), 'classifier__max_samples': np.float64(0.5856668974897681), 'classifier__n_estimators': 632, 'feature_selection_filter__k': 26}",16.11040425300598,"[0, 1, 2, 3, 4, 5, 6, 7, 8, 9, 10, 11, 12, 14, 16, 17, 18, 19, 20, 21, 23, 24, 25, 27, 28, 29]","['Amount_log1p', 'V1', 'V2', 'V3', 'V4', 'V5', 'V6', 'V7', 'V8', 'V9', 'V10', 'V11', 'V12', 'V14', 'V16', 'V17', 'V18', 'V19', 'V20', 'V21', 'V23', 'V24', 'V25', 'V27', 'V28', 'Time_sin']"
CostSensitiveLearning_with_RandomUnderSampler___RandomizedSearchCV__niter_30__cv_5,8,3,KNORAE,resubstitution,282,17681,26,59,0.9952903368794326,0.9155844155844156,0.8269794721407625,0.8690292758089369,0.998531654148077,0.0014683458519230141,0.9127555631444197,0.9087162264773415,0.8678016034125263,0.8666376425963932,0.9645142575786007,0.8550225823738782,22560,0.8742388690240551,0.01158607328173343,0.8719308939323762,0.03109024085877104,"{'classifier__estimator__ccp_alpha': np.float64(0.008765473629265415), 'classifier__estimator__max_depth': 8, 'classifier__estimator__max_features': 'sqrt', 'classifier__estimator__max_leaf_nodes': 2, 'classifier__estimator__min_impurity_decrease': np.float64(0.07172290934385535), 'classifier__estimator__min_samples_leaf': 5, 'classifier__estimator__min_samples_split': 6, 'classifier__max_features': np.float64(0.7675795920610042), 'classifier__max_samples': np.float64(0.5270707236719104), 'classifier__n_estimators': 737, 'feature_selection_filter__k': 20}",17.986057996749878,"[1, 2, 3, 4, 5, 6, 7, 8, 9, 10, 11, 12, 14, 16, 17, 18, 19, 20, 21, 27]","['V1', 'V2', 'V3', 'V4', 'V5', 'V6', 'V7', 'V8', 'V9', 'V10', 'V11', 'V12', 'V14', 'V16', 'V17', 'V18', 'V19', 'V20', 'V21', 'V27']"
CostSensitiveLearning_with_RandomUnderSampler___RandomizedSearchCV__niter_30__cv_5,8,4,KNORAE,resubstitution,284,17685,22,57,0.9956227836879432,0.9281045751633987,0.8328445747800587,0.8778979907264297,0.9987575535099114,0.0012424464900886445,0.915801064144985,0.9120360793090007,0.8770074337536725,0.8756760772504256,0.970167952200755,0.858732767755497,22560,0.8716265014178024,0.012004976892018201,0.8736113267892796,0.034161415104648866,"{'classifier__estimator__ccp_alpha': np.float64(0.008702335900500272), 'classifier__estimator__max_depth': 8, 'classifier__estimator__max_features': 'log2', 'classifier__estimator__max_leaf_nodes': 2, 'classifier__estimator__min_impurity_decrease': np.float64(0.026892008092326693), 'classifier__estimator__min_samples_leaf': 3, 'classifier__estimator__min_samples_split': 2, 'classifier__max_features': np.float64(0.960005148036524), 'classifier__max_samples': np.float64(0.748948027748428), 'classifier__n_estimators': 787, 'feature_selection_filter__k': 'all'}",15.456039667129517,"[0, 1, 2, 3, 4, 5, 6, 7, 8, 9, 10, 11, 12, 13, 14, 15, 16, 17, 18, 19, 20, 21, 22, 23, 24, 25, 26, 27, 28, 29, 30]","['Amount_log1p', 'V1', 'V2', 'V3', 'V4', 'V5', 'V6', 'V7', 'V8', 'V9', 'V10', 'V11', 'V12', 'V13', 'V14', 'V15', 'V16', 'V17', 'V18', 'V19', 'V20', 'V21', 'V22', 'V23', 'V24', 'V25', 'V26', 'V27', 'V28', 'Time_sin', 'Time_cos']"
CostSensitiveLearning_with_RandomUnderSampler___RandomizedSearchCV__niter_30__cv_5,8,5,KNORAE,resubstitution,284,17688,20,56,0.9957890070921985,0.9342105263157895,0.8352941176470589,0.8819875776397516,0.9988705669753783,0.001129433024621651,0.9170823423112187,0.9134279987417268,0.8812790751624666,0.8798506542286605,0.9665500969983656,0.8539618297236441,22560,0.8760954619316005,0.01221597317935966,0.8690163373649897,0.022346223887332727,"{'classifier__estimator__ccp_alpha': np.float64(0.007191106082822601), 'classifier__estimator__max_depth': 9, 'classifier__estimator__max_features': 'log2', 'classifier__estimator__max_leaf_nodes': 2, 'classifier__estimator__min_impurity_decrease': np.float64(0.09342695149838981), 'classifier__estimator__min_samples_leaf': 3, 'classifier__estimator__min_samples_split': 3, 'classifier__max_features': np.float64(0.6165152443885589), 'classifier__max_samples': np.float64(0.6484763638131765), 'classifier__n_estimators': 756, 'feature_selection_filter__k': 26}",13.527836799621582,"[0, 1, 2, 3, 4, 5, 6, 7, 8, 9, 10, 11, 12, 14, 16, 17, 18, 19, 20, 21, 23, 24, 26, 27, 28, 29]","['Amount_log1p', 'V1', 'V2', 'V3', 'V4', 'V5', 'V6', 'V7', 'V8', 'V9', 'V10', 'V11', 'V12', 'V14', 'V16', 'V17', 'V18', 'V19', 'V20', 'V21', 'V23', 'V24', 'V26', 'V27', 'V28', 'Time_sin']"
CostSensitiveLearning_with_RandomUnderSampler___RandomizedSearchCV__niter_30__cv_5,8,6,KNORAE,resubstitution,279,17682,26,61,0.9951795212765957,0.9147540983606557,0.8205882352941176,0.8651162790697674,0.9985317370679919,0.0014682629320080798,0.9095599861810548,0.9051979871861147,0.8639891419099476,0.8626695447437194,0.960524820951647,0.8545975566388967,22560,0.8733744470589636,0.006182791294992003,0.8747110240844087,0.022875397616459854,"{'classifier__estimator__ccp_alpha': np.float64(0.00911059842118164), 'classifier__estimator__max_depth': 8, 'classifier__estimator__max_features': 'log2', 'classifier__estimator__max_leaf_nodes': 2, 'classifier__estimator__min_impurity_decrease': np.float64(0.08274772809577939), 'classifier__estimator__min_samples_leaf': 4, 'classifier__estimator__min_samples_split': 8, 'classifier__max_features': np.float64(0.8974674964256997), 'classifier__max_samples': np.float64(0.9175377829539496), 'classifier__n_estimators': 900, 'feature_selection_filter__k': 28}",17.892741441726685,"[0, 1, 2, 3, 4, 5, 6, 7, 8, 9, 10, 11, 12, 14, 16, 17, 18, 19, 20, 21, 23, 24, 25, 26, 27, 28, 29, 30]","['Amount_log1p', 'V1', 'V2', 'V3', 'V4', 'V5', 'V6', 'V7', 'V8', 'V9', 'V10', 'V11', 'V12', 'V14', 'V16', 'V17', 'V18', 'V19', 'V20', 'V21', 'V23', 'V24', 'V25', 'V26', 'V27', 'V28', 'Time_sin', 'Time_cos']"
CostSensitiveLearning_with_RandomUnderSampler___RandomizedSearchCV__niter_30__cv_5,8,7,KNORAE,resubstitution,284,17686,22,56,0.9956781914893617,0.9281045751633987,0.8352941176470589,0.8792569659442725,0.9987576236729162,0.001242376327083794,0.9170258706599875,0.9133763561693186,0.8783249262248393,0.8770628895754126,0.9661183380060857,0.84756494597349,22560,0.8785139510087634,0.011023790500898705,0.8832456234415555,0.00977282782148938,"{'classifier__estimator__ccp_alpha': np.float64(0.005477397876332181), 'classifier__estimator__max_depth': 15, 'classifier__estimator__max_features': 'log2', 'classifier__estimator__max_leaf_nodes': 2, 'classifier__estimator__min_impurity_decrease': np.float64(0.09859992681665702), 'classifier__estimator__min_samples_leaf': 8, 'classifier__estimator__min_samples_split': 9, 'classifier__max_features': np.float64(0.9348802893443868), 'classifier__max_samples': np.float64(0.9366401344284528), 'classifier__n_estimators': 668, 'feature_selection_filter__k': 28}",16.55022621154785,"[0, 1, 2, 3, 4, 5, 6, 7, 8, 9, 10, 11, 12, 14, 15, 16, 17, 18, 19, 20, 21, 22, 23, 24, 27, 28, 29, 30]","['Amount_log1p', 'V1', 'V2', 'V3', 'V4', 'V5', 'V6', 'V7', 'V8', 'V9', 'V10', 'V11', 'V12', 'V14', 'V15', 'V16', 'V17', 'V18', 'V19', 'V20', 'V21', 'V22', 'V23', 'V24', 'V27', 'V28', 'Time_sin', 'Time_cos']"
CostSensitiveLearning_with_RandomUnderSampler___RandomizedSearchCV__niter_30__cv_5,8,8,KNORAE,resubstitution,287,17653,54,54,0.9940159574468085,0.841642228739003,0.841642228739003,0.841642228739003,0.996950358615237,0.0030496413847630466,0.91929629367712,0.9160106559244147,0.8385925873542398,0.8385925873542398,0.9681216087148132,0.868491922847857,22561,0.8660256328849758,0.0214078613215748,0.8700976869707521,0.022360148398816018,"{'classifier__estimator__ccp_alpha': np.float64(0.007080794064012095), 'classifier__estimator__max_depth': 14, 'classifier__estimator__max_features': 'sqrt', 'classifier__estimator__max_leaf_nodes': 10, 'classifier__estimator__min_impurity_decrease': np.float64(0.06973860732371982), 'classifier__estimator__min_samples_leaf': 6, 'classifier__estimator__min_samples_split': 5, 'classifier__max_features': np.float64(0.5484017572614331), 'classifier__max_samples': np.float64(0.9635961419367343), 'classifier__n_estimators': 230, 'feature_selection_filter__k': 28}",12.963648557662964,"[0, 1, 2, 3, 4, 5, 6, 7, 8, 9, 10, 11, 12, 14, 16, 17, 18, 19, 20, 21, 22, 23, 24, 25, 27, 28, 29, 30]","['Amount_log1p', 'V1', 'V2', 'V3', 'V4', 'V5', 'V6', 'V7', 'V8', 'V9', 'V10', 'V11', 'V12', 'V14', 'V16', 'V17', 'V18', 'V19', 'V20', 'V21', 'V22', 'V23', 'V24', 'V25', 'V27', 'V28', 'Time_sin', 'Time_cos']"
CostSensitiveLearning_with_RandomUnderSampler___RandomizedSearchCV__niter_30__cv_5,8,9,KNORAE,resubstitution,282,17674,33,59,0.9949024822695035,0.8952380952380953,0.8269794721407625,0.8597560975609756,0.998136330264867,0.0018636697351329667,0.9125579012028148,0.9085363259259134,0.8578635273656202,0.857164313995302,0.9658597996352155,0.8612210848373013,22561,0.8624719517361669,0.008181727838806564,0.8693514631184698,0.022958616422643536,"{'classifier__estimator__ccp_alpha': np.float64(0.00956618298832075), 'classifier__estimator__max_depth': 7, 'classifier__estimator__max_features': 'log2', 'classifier__estimator__max_leaf_nodes': 18, 'classifier__estimator__min_impurity_decrease': np.float64(0.07880271985004515), 'classifier__estimator__min_samples_leaf': 8, 'classifier__estimator__min_samples_split': 7, 'classifier__max_features': np.float64(0.5136727967587857), 'classifier__max_samples': np.float64(0.9580706983074965), 'classifier__n_estimators': 705, 'feature_selection_filter__k': 28}",18.392648696899414,"[0, 1, 2, 3, 4, 5, 6, 7, 8, 9, 10, 11, 12, 14, 16, 17, 18, 19, 20, 21, 23, 24, 25, 26, 27, 28, 29, 30]","['Amount_log1p', 'V1', 'V2', 'V3', 'V4', 'V5', 'V6', 'V7', 'V8', 'V9', 'V10', 'V11', 'V12', 'V14', 'V16', 'V17', 'V18', 'V19', 'V20', 'V21', 'V23', 'V24', 'V25', 'V26', 'V27', 'V28', 'Time_sin', 'Time_cos']"
CostSensitiveLearning_with_RandomUnderSampler___RandomizedSearchCV__niter_30__cv_5,8,10,KNORAE,resubstitution,282,17663,44,59,0.9942929964539007,0.8650306748466258,0.8269794721407625,0.8455772113943029,0.9975151070198227,0.002484892980177289,0.9122472895802927,0.9082535530652711,0.8428927563452449,0.8426714864750953,0.9666075530213459,0.8525448477184808,22561,0.8490690901923544,0.024168657670455614,0.8522901166708834,0.028277654927327076,"{'classifier__estimator__ccp_alpha': np.float64(0.0024358809173762454), 'classifier__estimator__max_depth': 18, 'classifier__estimator__max_features': 'sqrt', 'classifier__estimator__max_leaf_nodes': 2, 'classifier__estimator__min_impurity_decrease': np.float64(0.06773634869256275), 'classifier__estimator__min_samples_leaf': 8, 'classifier__estimator__min_samples_split': 8, 'classifier__max_features': np.float64(0.7875088592659909), 'classifier__max_samples': np.float64(0.5517157451630026), 'classifier__n_estimators': 380, 'feature_selection_filter__k': 26}",15.917681694030762,"[0, 1, 2, 3, 4, 5, 6, 7, 8, 9, 10, 11, 12, 14, 16, 17, 18, 19, 20, 21, 23, 24, 27, 28, 29, 30]","['Amount_log1p', 'V1', 'V2', 'V3', 'V4', 'V5', 'V6', 'V7', 'V8', 'V9', 'V10', 'V11', 'V12', 'V14', 'V16', 'V17', 'V18', 'V19', 'V20', 'V21', 'V23', 'V24', 'V27', 'V28', 'Time_sin', 'Time_cos']"
CostSensitiveLearning_with_RandomUnderSampler___RandomizedSearchCV__niter_30__cv_5,9,1,KNORAE,resubstitution,280,17688,19,61,0.9955673758865248,0.9364548494983278,0.8211143695014663,0.875,0.998926978031287,0.0010730219687129505,0.9100206737663767,0.9056673206780541,0.8747075897934856,0.8727535740907438,0.9617216512448397,0.8558211478422731,22560,0.8661861133125814,0.014262896518535377,0.8659477616240483,0.03058089062555858,"{'classifier__estimator__ccp_alpha': np.float64(0.007770428779888943), 'classifier__estimator__max_depth': 19, 'classifier__estimator__max_features': 'log2', 'classifier__estimator__max_leaf_nodes': 2, 'classifier__estimator__min_impurity_decrease': np.float64(0.09179762562879187), 'classifier__estimator__min_samples_leaf': 7, 'classifier__estimator__min_samples_split': 4, 'classifier__max_features': np.float64(0.5676327010765261), 'classifier__max_samples': np.float64(0.843769247135871), 'classifier__n_estimators': 305, 'feature_selection_filter__k': 20}",14.030232667922974,"[1, 2, 3, 4, 5, 6, 7, 8, 9, 10, 11, 12, 14, 16, 17, 18, 19, 20, 21, 27]","['V1', 'V2', 'V3', 'V4', 'V5', 'V6', 'V7', 'V8', 'V9', 'V10', 'V11', 'V12', 'V14', 'V16', 'V17', 'V18', 'V19', 'V20', 'V21', 'V27']"
CostSensitiveLearning_with_RandomUnderSampler___RandomizedSearchCV__niter_30__cv_5,9,2,KNORAE,resubstitution,295,17679,28,46,0.9958998226950354,0.913312693498452,0.8651026392961877,0.8885542168674698,0.9984187044671599,0.0015812955328401435,0.9317606718816738,0.9293732599753559,0.8868054972073384,0.8864672728196997,0.9730868402525501,0.8814450793905755,22560,0.8922667572673999,0.00958658008230956,0.8962874482724809,0.03227396695605468,"{'classifier__estimator__ccp_alpha': np.float64(0.008593890756806114), 'classifier__estimator__max_depth': 6, 'classifier__estimator__max_features': 'log2', 'classifier__estimator__max_leaf_nodes': 19, 'classifier__estimator__min_impurity_decrease': np.float64(0.09244716102527917), 'classifier__estimator__min_samples_leaf': 9, 'classifier__estimator__min_samples_split': 7, 'classifier__max_features': np.float64(0.8492818154371482), 'classifier__max_samples': np.float64(0.5407842413496482), 'classifier__n_estimators': 635, 'feature_selection_filter__k': 28}",16.423481464385986,"[0, 1, 2, 3, 4, 5, 6, 7, 8, 9, 10, 11, 12, 13, 14, 16, 17, 18, 19, 20, 21, 23, 24, 26, 27, 28, 29, 30]","['Amount_log1p', 'V1', 'V2', 'V3', 'V4', 'V5', 'V6', 'V7', 'V8', 'V9', 'V10', 'V11', 'V12', 'V13', 'V14', 'V16', 'V17', 'V18', 'V19', 'V20', 'V21', 'V23', 'V24', 'V26', 'V27', 'V28', 'Time_sin', 'Time_cos']"
CostSensitiveLearning_with_RandomUnderSampler___RandomizedSearchCV__niter_30__cv_5,9,3,KNORAE,resubstitution,285,17675,32,56,0.9951241134751773,0.8990536277602523,0.8357771260997068,0.8662613981762918,0.9981928051053256,0.001807194894674402,0.9169849656025162,0.91338201971811,0.8643782483762024,0.8637815528942766,0.9621098536672292,0.8610157178624539,22560,0.8694249393556669,0.009686351879178708,0.8727230530769827,0.023933540692016385,"{'classifier__estimator__ccp_alpha': np.float64(0.005777463558719791), 'classifier__estimator__max_depth': 12, 'classifier__estimator__max_features': 'sqrt', 'classifier__estimator__max_leaf_nodes': 5, 'classifier__estimator__min_impurity_decrease': np.float64(0.09588787878016947), 'classifier__estimator__min_samples_leaf': 3, 'classifier__estimator__min_samples_split': 9, 'classifier__max_features': np.float64(0.6154780601927867), 'classifier__max_samples': np.float64(0.5485396241763574), 'classifier__n_estimators': 730, 'feature_selection_filter__k': 20}",14.868521213531494,"[1, 2, 3, 4, 5, 6, 7, 8, 9, 10, 11, 12, 14, 16, 17, 18, 19, 20, 21, 27]","['V1', 'V2', 'V3', 'V4', 'V5', 'V6', 'V7', 'V8', 'V9', 'V10', 'V11', 'V12', 'V14', 'V16', 'V17', 'V18', 'V19', 'V20', 'V21', 'V27']"
CostSensitiveLearning_with_RandomUnderSampler___RandomizedSearchCV__niter_30__cv_5,9,4,KNORAE,resubstitution,285,17688,19,56,0.995844414893617,0.9375,0.8357771260997068,0.8837209302325582,0.998926978031287,0.0010730219687129505,0.917352052065497,0.9137178551842216,0.8831199094578405,0.8816124220195297,0.9653151734978314,0.8690568663966132,22560,0.8812148351801283,0.005368522528741761,0.8830339489152219,0.006416665995779611,"{'classifier__estimator__ccp_alpha': np.float64(0.006231051245159629), 'classifier__estimator__max_depth': 5, 'classifier__estimator__max_features': 'log2', 'classifier__estimator__max_leaf_nodes': 7, 'classifier__estimator__min_impurity_decrease': np.float64(0.09444044417734304), 'classifier__estimator__min_samples_leaf': 1, 'classifier__estimator__min_samples_split': 5, 'classifier__max_features': np.float64(0.5014232817443672), 'classifier__max_samples': np.float64(0.5750950413139646), 'classifier__n_estimators': 374, 'feature_selection_filter__k': 28}",15.657065153121948,"[0, 1, 2, 3, 4, 5, 6, 7, 8, 9, 10, 11, 12, 13, 14, 16, 17, 18, 19, 20, 21, 23, 24, 25, 26, 27, 28, 29]","['Amount_log1p', 'V1', 'V2', 'V3', 'V4', 'V5', 'V6', 'V7', 'V8', 'V9', 'V10', 'V11', 'V12', 'V13', 'V14', 'V16', 'V17', 'V18', 'V19', 'V20', 'V21', 'V23', 'V24', 'V25', 'V26', 'V27', 'V28', 'Time_sin']"
CostSensitiveLearning_with_RandomUnderSampler___RandomizedSearchCV__niter_30__cv_5,9,5,KNORAE,resubstitution,284,17654,54,56,0.9939051418439716,0.8402366863905325,0.8352941176470589,0.8377581120943953,0.9969505308335216,0.0030494691664784135,0.9161223242402903,0.9125496775465725,0.8346561460110489,0.834652374206943,0.971400679652932,0.8651104608847651,22560,0.8644541591634924,0.010356021020755626,0.8686977147976045,0.022372953285229074,"{'classifier__estimator__ccp_alpha': np.float64(0.008711015882686407), 'classifier__estimator__max_depth': 6, 'classifier__estimator__max_features': 'log2', 'classifier__estimator__max_leaf_nodes': 15, 'classifier__estimator__min_impurity_decrease': np.float64(0.07030769435257915), 'classifier__estimator__min_samples_leaf': 9, 'classifier__estimator__min_samples_split': 2, 'classifier__max_features': np.float64(0.5710130682583562), 'classifier__max_samples': np.float64(0.5387648717447489), 'classifier__n_estimators': 395, 'feature_selection_filter__k': 24}",14.204320192337036,"[0, 1, 2, 3, 4, 5, 6, 7, 8, 9, 10, 11, 12, 14, 16, 17, 18, 19, 20, 21, 24, 27, 28, 29]","['Amount_log1p', 'V1', 'V2', 'V3', 'V4', 'V5', 'V6', 'V7', 'V8', 'V9', 'V10', 'V11', 'V12', 'V14', 'V16', 'V17', 'V18', 'V19', 'V20', 'V21', 'V24', 'V27', 'V28', 'Time_sin']"
CostSensitiveLearning_with_RandomUnderSampler___RandomizedSearchCV__niter_30__cv_5,9,6,KNORAE,resubstitution,279,17686,22,61,0.9954011524822695,0.9269102990033222,0.8205882352941176,0.8705148205928237,0.9987576236729162,0.001242376327083794,0.9096729294835169,0.9053003677765213,0.8698527800727405,0.8681826469488796,0.9605743166930201,0.8621842242873612,22560,0.8740268984923247,0.003661059188862474,0.8774802248108967,0.012417559931383437,"{'classifier__estimator__ccp_alpha': np.float64(0.008814546781585537), 'classifier__estimator__max_depth': 6, 'classifier__estimator__max_features': 'log2', 'classifier__estimator__max_leaf_nodes': 2, 'classifier__estimator__min_impurity_decrease': np.float64(0.024214362502813603), 'classifier__estimator__min_samples_leaf': 8, 'classifier__estimator__min_samples_split': 5, 'classifier__max_features': np.float64(0.743553220207448), 'classifier__max_samples': np.float64(0.517590449598144), 'classifier__n_estimators': 396, 'feature_selection_filter__k': 26}",17.349384307861328,"[0, 1, 2, 3, 4, 5, 6, 7, 8, 9, 10, 11, 12, 14, 16, 17, 18, 19, 20, 21, 22, 23, 24, 27, 28, 29]","['Amount_log1p', 'V1', 'V2', 'V3', 'V4', 'V5', 'V6', 'V7', 'V8', 'V9', 'V10', 'V11', 'V12', 'V14', 'V16', 'V17', 'V18', 'V19', 'V20', 'V21', 'V22', 'V23', 'V24', 'V27', 'V28', 'Time_sin']"
CostSensitiveLearning_with_RandomUnderSampler___RandomizedSearchCV__niter_30__cv_5,9,7,KNORAE,resubstitution,286,17682,26,54,0.9955673758865248,0.9166666666666666,0.8411764705882353,0.8773006134969326,0.9985317370679919,0.0014682629320080798,0.9198541038281136,0.9164831707986749,0.8758857813339738,0.8750477709652227,0.9746684781886552,0.8752648748605115,22560,0.8721104338605249,0.01582016509378484,0.8803399827049319,0.027339283395905613,"{'classifier__estimator__ccp_alpha': np.float64(0.00014141039735954042), 'classifier__estimator__max_depth': 6, 'classifier__estimator__max_features': 'log2', 'classifier__estimator__max_leaf_nodes': 14, 'classifier__estimator__min_impurity_decrease': np.float64(0.08019386445748304), 'classifier__estimator__min_samples_leaf': 4, 'classifier__estimator__min_samples_split': 7, 'classifier__max_features': np.float64(0.9647301629422834), 'classifier__max_samples': np.float64(0.8369976811417577), 'classifier__n_estimators': 262, 'feature_selection_filter__k': 'all'}",15.646401405334473,"[0, 1, 2, 3, 4, 5, 6, 7, 8, 9, 10, 11, 12, 13, 14, 15, 16, 17, 18, 19, 20, 21, 22, 23, 24, 25, 26, 27, 28, 29, 30]","['Amount_log1p', 'V1', 'V2', 'V3', 'V4', 'V5', 'V6', 'V7', 'V8', 'V9', 'V10', 'V11', 'V12', 'V13', 'V14', 'V15', 'V16', 'V17', 'V18', 'V19', 'V20', 'V21', 'V22', 'V23', 'V24', 'V25', 'V26', 'V27', 'V28', 'Time_sin', 'Time_cos']"
CostSensitiveLearning_with_RandomUnderSampler___RandomizedSearchCV__niter_30__cv_5,9,8,KNORAE,resubstitution,282,17685,22,59,0.9955119680851063,0.9276315789473685,0.8269794721407625,0.8744186046511628,0.9987575535099114,0.0012424464900886445,0.9128685128253369,0.9088190108037055,0.8736327085486201,0.8721414157810922,0.9623729336791603,0.8542635265174991,22561,0.8651948680012278,0.004700016929513477,0.8697411711881348,0.03070894628540823,"{'classifier__estimator__ccp_alpha': np.float64(0.005705316251454068), 'classifier__estimator__max_depth': 11, 'classifier__estimator__max_features': 'sqrt', 'classifier__estimator__max_leaf_nodes': 2, 'classifier__estimator__min_impurity_decrease': np.float64(0.0973654351788043), 'classifier__estimator__min_samples_leaf': 7, 'classifier__estimator__min_samples_split': 4, 'classifier__max_features': np.float64(0.9444946648274586), 'classifier__max_samples': np.float64(0.5486961995061823), 'classifier__n_estimators': 225, 'feature_selection_filter__k': 22}",12.499207735061646,"[1, 2, 3, 4, 5, 6, 7, 8, 9, 10, 11, 12, 14, 16, 17, 18, 19, 20, 21, 27, 28, 29]","['V1', 'V2', 'V3', 'V4', 'V5', 'V6', 'V7', 'V8', 'V9', 'V10', 'V11', 'V12', 'V14', 'V16', 'V17', 'V18', 'V19', 'V20', 'V21', 'V27', 'V28', 'Time_sin']"
CostSensitiveLearning_with_RandomUnderSampler___RandomizedSearchCV__niter_30__cv_5,9,9,KNORAE,resubstitution,282,17677,30,59,0.9950687056737588,0.9038461538461539,0.8269794721407625,0.8637059724349158,0.9983057547862427,0.0016942452137572728,0.9126426134635026,0.9086134305237913,0.8620820791692667,0.8611999419316038,0.9651473223224508,0.8758252325021262,22561,0.8618965464713364,0.014893378192205969,0.8620572450805011,0.030982590162707598,"{'classifier__estimator__ccp_alpha': np.float64(0.006744962736569601), 'classifier__estimator__max_depth': 3, 'classifier__estimator__max_features': 'log2', 'classifier__estimator__max_leaf_nodes': 2, 'classifier__estimator__min_impurity_decrease': np.float64(0.06009155607295844), 'classifier__estimator__min_samples_leaf': 1, 'classifier__estimator__min_samples_split': 6, 'classifier__max_features': np.float64(0.6957156297923954), 'classifier__max_samples': np.float64(0.526634317582307), 'classifier__n_estimators': 898, 'feature_selection_filter__k': 22}",17.92085289955139,"[1, 2, 3, 4, 5, 6, 7, 8, 9, 10, 11, 12, 14, 16, 17, 18, 19, 20, 21, 27, 28, 29]","['V1', 'V2', 'V3', 'V4', 'V5', 'V6', 'V7', 'V8', 'V9', 'V10', 'V11', 'V12', 'V14', 'V16', 'V17', 'V18', 'V19', 'V20', 'V21', 'V27', 'V28', 'Time_sin']"
CostSensitiveLearning_with_RandomUnderSampler___RandomizedSearchCV__niter_30__cv_5,9,10,KNORAE,resubstitution,276,17687,20,65,0.9952903368794326,0.9324324324324325,0.8093841642228738,0.8665620094191523,0.9988705031908285,0.0011294968091715152,0.9041273337068512,0.8991495800988789,0.8664198711933886,0.8641770514747442,0.9682423423180222,0.8393318784612572,22561,0.8573478925113063,0.019241787112035495,0.8570224223786482,0.036332191640810745,"{'classifier__estimator__ccp_alpha': np.float64(0.003139289401389921), 'classifier__estimator__max_depth': 10, 'classifier__estimator__max_features': 'log2', 'classifier__estimator__max_leaf_nodes': 2, 'classifier__estimator__min_impurity_decrease': np.float64(0.05842624041792123), 'classifier__estimator__min_samples_leaf': 1, 'classifier__estimator__min_samples_split': 9, 'classifier__max_features': np.float64(0.6049419117348549), 'classifier__max_samples': np.float64(0.8306687301214035), 'classifier__n_estimators': 636, 'feature_selection_filter__k': 24}",14.35618257522583,"[0, 1, 2, 3, 4, 5, 6, 7, 8, 9, 10, 11, 12, 14, 16, 17, 18, 19, 20, 21, 23, 27, 28, 29]","['Amount_log1p', 'V1', 'V2', 'V3', 'V4', 'V5', 'V6', 'V7', 'V8', 'V9', 'V10', 'V11', 'V12', 'V14', 'V16', 'V17', 'V18', 'V19', 'V20', 'V21', 'V23', 'V27', 'V28', 'Time_sin']"
CostSensitiveLearning_with_RandomUnderSampler___RandomizedSearchCV__niter_30__cv_5,10,1,KNORAE,resubstitution,285,17687,20,56,0.9957890070921985,0.9344262295081968,0.8357771260997068,0.8823529411764706,0.9988705031908285,0.0011294968091715152,0.9173238146452676,0.913692026069287,0.881636174301646,0.88021585542151,0.9695666856075442,0.862844448871133,22560,0.8772470897605975,0.011537983994179846,0.8740159878371323,0.044225656098112756,"{'classifier__estimator__ccp_alpha': np.float64(0.008248226204894193), 'classifier__estimator__max_depth': 9, 'classifier__estimator__max_features': 'sqrt', 'classifier__estimator__max_leaf_nodes': 2, 'classifier__estimator__min_impurity_decrease': np.float64(0.08615461677346153), 'classifier__estimator__min_samples_leaf': 4, 'classifier__estimator__min_samples_split': 7, 'classifier__max_features': np.float64(0.5532556233852026), 'classifier__max_samples': np.float64(0.6001168400726526), 'classifier__n_estimators': 986, 'feature_selection_filter__k': 'all'}",16.945870876312256,"[0, 1, 2, 3, 4, 5, 6, 7, 8, 9, 10, 11, 12, 13, 14, 15, 16, 17, 18, 19, 20, 21, 22, 23, 24, 25, 26, 27, 28, 29, 30]","['Amount_log1p', 'V1', 'V2', 'V3', 'V4', 'V5', 'V6', 'V7', 'V8', 'V9', 'V10', 'V11', 'V12', 'V13', 'V14', 'V15', 'V16', 'V17', 'V18', 'V19', 'V20', 'V21', 'V22', 'V23', 'V24', 'V25', 'V26', 'V27', 'V28', 'Time_sin', 'Time_cos']"
CostSensitiveLearning_with_RandomUnderSampler___RandomizedSearchCV__niter_30__cv_5,10,2,KNORAE,resubstitution,277,17676,31,64,0.9947362588652482,0.8993506493506493,0.8123167155425219,0.8536209553158706,0.9982492799457842,0.0017507200542158374,0.905282997744153,0.9004968497325501,0.8520908418505133,0.8509479534900866,0.962619286538932,0.8627764565371329,22560,0.8526417642312929,0.007948664416193246,0.856175004969191,0.03775356052401165,"{'classifier__estimator__ccp_alpha': np.float64(0.009427362438745627), 'classifier__estimator__max_depth': 17, 'classifier__estimator__max_features': 'log2', 'classifier__estimator__max_leaf_nodes': 2, 'classifier__estimator__min_impurity_decrease': np.float64(0.08701548450231492), 'classifier__estimator__min_samples_leaf': 5, 'classifier__estimator__min_samples_split': 6, 'classifier__max_features': np.float64(0.8656783570947426), 'classifier__max_samples': np.float64(0.792535550790989), 'classifier__n_estimators': 268, 'feature_selection_filter__k': 26}",14.465224027633667,"[0, 1, 2, 3, 4, 5, 6, 7, 8, 9, 10, 11, 12, 14, 16, 17, 18, 19, 20, 21, 22, 24, 27, 28, 29, 30]","['Amount_log1p', 'V1', 'V2', 'V3', 'V4', 'V5', 'V6', 'V7', 'V8', 'V9', 'V10', 'V11', 'V12', 'V14', 'V16', 'V17', 'V18', 'V19', 'V20', 'V21', 'V22', 'V24', 'V27', 'V28', 'Time_sin', 'Time_cos']"
CostSensitiveLearning_with_RandomUnderSampler___RandomizedSearchCV__niter_30__cv_5,10,3,KNORAE,resubstitution,279,17683,24,62,0.9952349290780141,0.9207920792079208,0.8181818181818182,0.8664596273291926,0.9986446038289942,0.0013553961710057738,0.9084132110054062,0.9039208248946741,0.8656057736458868,0.864042411065054,0.9625653787366761,0.863806226346655,22560,0.8550969136953761,0.02006496945684363,0.8537346885390725,0.033738881072840454,"{'classifier__estimator__ccp_alpha': np.float64(0.008114036263085848), 'classifier__estimator__max_depth': 18, 'classifier__estimator__max_features': 'sqrt', 'classifier__estimator__max_leaf_nodes': 7, 'classifier__estimator__min_impurity_decrease': np.float64(0.08747629125809048), 'classifier__estimator__min_samples_leaf': 4, 'classifier__estimator__min_samples_split': 8, 'classifier__max_features': np.float64(0.5280109794384367), 'classifier__max_samples': np.float64(0.5952547200333038), 'classifier__n_estimators': 443, 'feature_selection_filter__k': 28}",13.895044565200806,"[0, 1, 2, 3, 4, 5, 6, 7, 8, 9, 10, 11, 12, 14, 15, 16, 17, 18, 19, 20, 21, 22, 23, 24, 26, 27, 28, 29]","['Amount_log1p', 'V1', 'V2', 'V3', 'V4', 'V5', 'V6', 'V7', 'V8', 'V9', 'V10', 'V11', 'V12', 'V14', 'V15', 'V16', 'V17', 'V18', 'V19', 'V20', 'V21', 'V22', 'V23', 'V24', 'V26', 'V27', 'V28', 'Time_sin']"
CostSensitiveLearning_with_RandomUnderSampler___RandomizedSearchCV__niter_30__cv_5,10,4,KNORAE,resubstitution,285,17676,31,56,0.9951795212765957,0.9018987341772152,0.8357771260997068,0.867579908675799,0.9982492799457842,0.0017507200542158374,0.9170132030227455,0.9134078575993252,0.8657790678009215,0.865128606503474,0.9729679284183882,0.8632905718537939,22560,0.8646684045524993,0.009565446023821868,0.8701545096539405,0.020274980020451396,"{'classifier__estimator__ccp_alpha': np.float64(0.002526262975370702), 'classifier__estimator__max_depth': 16, 'classifier__estimator__max_features': 'log2', 'classifier__estimator__max_leaf_nodes': 5, 'classifier__estimator__min_impurity_decrease': np.float64(0.08549170404485558), 'classifier__estimator__min_samples_leaf': 2, 'classifier__estimator__min_samples_split': 3, 'classifier__max_features': np.float64(0.9473108656454936), 'classifier__max_samples': np.float64(0.5156025583110357), 'classifier__n_estimators': 728, 'feature_selection_filter__k': 28}",15.370011568069458,"[0, 1, 2, 3, 4, 5, 6, 7, 8, 9, 10, 11, 12, 14, 15, 16, 17, 18, 19, 20, 21, 23, 24, 25, 26, 27, 28, 29]","['Amount_log1p', 'V1', 'V2', 'V3', 'V4', 'V5', 'V6', 'V7', 'V8', 'V9', 'V10', 'V11', 'V12', 'V14', 'V15', 'V16', 'V17', 'V18', 'V19', 'V20', 'V21', 'V23', 'V24', 'V25', 'V26', 'V27', 'V28', 'Time_sin']"
CostSensitiveLearning_with_RandomUnderSampler___RandomizedSearchCV__niter_30__cv_5,10,5,KNORAE,resubstitution,288,17674,34,52,0.9952349290780141,0.8944099378881988,0.8470588235294118,0.8700906344410876,0.9980799638581432,0.0019200361418567624,0.9225693936937776,0.919474001793393,0.8679984323489937,0.8676654148210697,0.9701945946664187,0.8678468048770188,22560,0.8748574742511706,0.010391408124194342,0.8752051591196327,0.026493977826396464,"{'classifier__estimator__ccp_alpha': np.float64(0.009635670790340157), 'classifier__estimator__max_depth': 7, 'classifier__estimator__max_features': 'log2', 'classifier__estimator__max_leaf_nodes': 19, 'classifier__estimator__min_impurity_decrease': np.float64(0.07855130632082051), 'classifier__estimator__min_samples_leaf': 3, 'classifier__estimator__min_samples_split': 5, 'classifier__max_features': np.float64(0.6894500575751191), 'classifier__max_samples': np.float64(0.9549907052739703), 'classifier__n_estimators': 524, 'feature_selection_filter__k': 24}",16.35248064994812,"[1, 2, 3, 4, 5, 6, 7, 8, 9, 10, 11, 12, 14, 16, 17, 18, 19, 20, 21, 23, 24, 27, 28, 29]","['V1', 'V2', 'V3', 'V4', 'V5', 'V6', 'V7', 'V8', 'V9', 'V10', 'V11', 'V12', 'V14', 'V16', 'V17', 'V18', 'V19', 'V20', 'V21', 'V23', 'V24', 'V27', 'V28', 'Time_sin']"
CostSensitiveLearning_with_RandomUnderSampler___RandomizedSearchCV__niter_30__cv_5,10,6,KNORAE,resubstitution,284,17670,38,56,0.9947916666666666,0.8819875776397516,0.8352941176470589,0.8580060422960725,0.9978540772532188,0.0021459227467811592,0.9165740974501388,0.9129631104265645,0.8556835136194151,0.8553552208509367,0.9628818480181773,0.8680764783992972,22560,0.8654985814326093,0.007715602507459445,0.8667346270270535,0.01257724377124819,"{'classifier__estimator__ccp_alpha': np.float64(0.004298379558883336), 'classifier__estimator__max_depth': 8, 'classifier__estimator__max_features': 'sqrt', 'classifier__estimator__max_leaf_nodes': 10, 'classifier__estimator__min_impurity_decrease': np.float64(0.09978138171813265), 'classifier__estimator__min_samples_leaf': 8, 'classifier__estimator__min_samples_split': 6, 'classifier__max_features': np.float64(0.878991461854884), 'classifier__max_samples': np.float64(0.8506250205983679), 'classifier__n_estimators': 460, 'feature_selection_filter__k': 'all'}",14.254497289657593,"[0, 1, 2, 3, 4, 5, 6, 7, 8, 9, 10, 11, 12, 13, 14, 15, 16, 17, 18, 19, 20, 21, 22, 23, 24, 25, 26, 27, 28, 29, 30]","['Amount_log1p', 'V1', 'V2', 'V3', 'V4', 'V5', 'V6', 'V7', 'V8', 'V9', 'V10', 'V11', 'V12', 'V13', 'V14', 'V15', 'V16', 'V17', 'V18', 'V19', 'V20', 'V21', 'V22', 'V23', 'V24', 'V25', 'V26', 'V27', 'V28', 'Time_sin', 'Time_cos']"
CostSensitiveLearning_with_RandomUnderSampler___RandomizedSearchCV__niter_30__cv_5,10,7,KNORAE,resubstitution,282,17688,20,58,0.9956781914893617,0.9337748344370861,0.8294117647058824,0.8785046728971962,0.9988705669753783,0.001129433024621651,0.9141411658406304,0.9102060204524105,0.877907789614877,0.8763124858541824,0.9658750116265165,0.8575900575606051,22560,0.8722092802034449,0.009067720635540646,0.8775530152901634,0.01901431047750771,"{'classifier__estimator__ccp_alpha': np.float64(0.009554657822410806), 'classifier__estimator__max_depth': 8, 'classifier__estimator__max_features': 'log2', 'classifier__estimator__max_leaf_nodes': 2, 'classifier__estimator__min_impurity_decrease': np.float64(0.031983504110988006), 'classifier__estimator__min_samples_leaf': 4, 'classifier__estimator__min_samples_split': 4, 'classifier__max_features': np.float64(0.9696577549980505), 'classifier__max_samples': np.float64(0.8344766703545418), 'classifier__n_estimators': 457, 'feature_selection_filter__k': 'all'}",15.9503755569458,"[0, 1, 2, 3, 4, 5, 6, 7, 8, 9, 10, 11, 12, 13, 14, 15, 16, 17, 18, 19, 20, 21, 22, 23, 24, 25, 26, 27, 28, 29, 30]","['Amount_log1p', 'V1', 'V2', 'V3', 'V4', 'V5', 'V6', 'V7', 'V8', 'V9', 'V10', 'V11', 'V12', 'V13', 'V14', 'V15', 'V16', 'V17', 'V18', 'V19', 'V20', 'V21', 'V22', 'V23', 'V24', 'V25', 'V26', 'V27', 'V28', 'Time_sin', 'Time_cos']"
CostSensitiveLearning_with_RandomUnderSampler___RandomizedSearchCV__niter_30__cv_5,10,8,KNORAE,resubstitution,293,17684,23,48,0.9960660460992907,0.9272151898734177,0.8592375366568915,0.8919330289193302,0.9987010786694528,0.0012989213305472092,0.9289693076631722,0.9263484520916095,0.8906016514867294,0.8899325409396167,0.9629265858540957,0.8698640049517685,22561,0.8900245594074597,0.01204230530032515,0.8947635449127986,0.01781234909659851,"{'classifier__estimator__ccp_alpha': np.float64(0.0010620836239685538), 'classifier__estimator__max_depth': 5, 'classifier__estimator__max_features': 'log2', 'classifier__estimator__max_leaf_nodes': 11, 'classifier__estimator__min_impurity_decrease': np.float64(0.08681875864205915), 'classifier__estimator__min_samples_leaf': 1, 'classifier__estimator__min_samples_split': 7, 'classifier__max_features': np.float64(0.6090452727407989), 'classifier__max_samples': np.float64(0.9880130339655137), 'classifier__n_estimators': 692, 'feature_selection_filter__k': 28}",15.81879210472107,"[0, 1, 2, 3, 4, 5, 6, 7, 8, 9, 10, 11, 12, 13, 14, 16, 17, 18, 19, 20, 21, 22, 23, 24, 27, 28, 29, 30]","['Amount_log1p', 'V1', 'V2', 'V3', 'V4', 'V5', 'V6', 'V7', 'V8', 'V9', 'V10', 'V11', 'V12', 'V13', 'V14', 'V16', 'V17', 'V18', 'V19', 'V20', 'V21', 'V22', 'V23', 'V24', 'V27', 'V28', 'Time_sin', 'Time_cos']"
CostSensitiveLearning_with_RandomUnderSampler___RandomizedSearchCV__niter_30__cv_5,10,9,KNORAE,resubstitution,287,17672,35,54,0.9950687056737588,0.8913043478260869,0.841642228739003,0.8657616892911011,0.9980233805839499,0.001976619416050096,0.9198328046614764,0.9165034764627518,0.863620098213157,0.8632520078799818,0.9724244615885794,0.8781643687187255,22561,0.8734718709186794,0.009420341243404667,0.8727844346734308,0.03791133824480622,"{'classifier__estimator__ccp_alpha': np.float64(0.006218898847113734), 'classifier__estimator__max_depth': 19, 'classifier__estimator__max_features': 'sqrt', 'classifier__estimator__max_leaf_nodes': 2, 'classifier__estimator__min_impurity_decrease': np.float64(0.0651732447984027), 'classifier__estimator__min_samples_leaf': 4, 'classifier__estimator__min_samples_split': 4, 'classifier__max_features': np.float64(0.8368946620957987), 'classifier__max_samples': np.float64(0.6699182027601027), 'classifier__n_estimators': 497, 'feature_selection_filter__k': 28}",16.10811161994934,"[1, 2, 3, 4, 5, 6, 7, 8, 9, 10, 11, 12, 14, 16, 17, 18, 19, 20, 21, 22, 23, 24, 25, 26, 27, 28, 29, 30]","['V1', 'V2', 'V3', 'V4', 'V5', 'V6', 'V7', 'V8', 'V9', 'V10', 'V11', 'V12', 'V14', 'V16', 'V17', 'V18', 'V19', 'V20', 'V21', 'V22', 'V23', 'V24', 'V25', 'V26', 'V27', 'V28', 'Time_sin', 'Time_cos']"
CostSensitiveLearning_with_RandomUnderSampler___RandomizedSearchCV__niter_30__cv_5,10,10,KNORAE,resubstitution,285,17684,23,56,0.9956227836879432,0.9253246753246753,0.8357771260997068,0.8782742681047766,0.9987010786694528,0.0012989213305472092,0.9172391023845798,0.9136145343431399,0.8772280603497342,0.8760514560601772,0.9691232504599553,0.8540894119836172,22561,0.8704376860050381,0.011250218181522406,0.8737048343828528,0.03961888238647633,"{'classifier__estimator__ccp_alpha': np.float64(0.0030362740863907533), 'classifier__estimator__max_depth': 14, 'classifier__estimator__max_features': 'sqrt', 'classifier__estimator__max_leaf_nodes': 2, 'classifier__estimator__min_impurity_decrease': np.float64(0.04056386159748885), 'classifier__estimator__min_samples_leaf': 4, 'classifier__estimator__min_samples_split': 2, 'classifier__max_features': np.float64(0.8458267355796325), 'classifier__max_samples': np.float64(0.922185610041542), 'classifier__n_estimators': 613, 'feature_selection_filter__k': 24}",16.808263063430786,"[0, 1, 2, 3, 4, 5, 6, 7, 8, 9, 10, 11, 12, 14, 16, 17, 18, 19, 20, 21, 24, 27, 28, 29]","['Amount_log1p', 'V1', 'V2', 'V3', 'V4', 'V5', 'V6', 'V7', 'V8', 'V9', 'V10', 'V11', 'V12', 'V14', 'V16', 'V17', 'V18', 'V19', 'V20', 'V21', 'V24', 'V27', 'V28', 'Time_sin']"
