experiment_name,iteration,fold,model,split,tp,tn,fp,fn,accuracy,precision,recall,f1,specificity,fpr,balanced_accuracy,geometric_mean,mcc,kappa,roc_auc,average_precision,fold_size,cv_tuning_mean_train_score,cv_tuning_std_train_score,cv_tuning_mean_val_score,cv_tuning_std_val_score,best_params,tuning_time,selected_features_indices,selected_features_names
CostSensitiveLearning___RandomizedSearchCV__niter_30__cv_5,1,1,DecisionTreeClassifier,resubstitution,340,22024,110,86,0.9913120567375886,0.7555555555555555,0.7981220657276995,0.776255707762557,0.9950302701725852,0.004969729827414837,0.8965761679501423,0.8911540914408319,0.7721305424612366,0.7718291195284006,0.8969741917666658,0.6088347031228611,22560,0.7872636713946952,0.01633534331195136,0.7849417168197655,0.033521994980285005,"{'classifier__ccp_alpha': np.float64(0.0009997491581800288), 'classifier__max_depth': 13, 'classifier__max_features': 'log2', 'classifier__max_leaf_nodes': 5, 'classifier__min_impurity_decrease': np.float64(0.014286681792194078), 'classifier__min_samples_leaf': 3, 'classifier__min_samples_split': 7, 'feature_selection_filter__k': 28}",5.764945030212402,"[0, 1, 2, 3, 4, 5, 6, 7, 8, 9, 10, 11, 12, 14, 16, 17, 18, 19, 20, 21, 22, 23, 24, 26, 27, 28, 29, 30]","['Amount_log1p', 'V1', 'V2', 'V3', 'V4', 'V5', 'V6', 'V7', 'V8', 'V9', 'V10', 'V11', 'V12', 'V14', 'V16', 'V17', 'V18', 'V19', 'V20', 'V21', 'V22', 'V23', 'V24', 'V26', 'V27', 'V28', 'Time_sin', 'Time_cos']"
CostSensitiveLearning___RandomizedSearchCV__niter_30__cv_5,1,2,DecisionTreeClassifier,resubstitution,315,22039,95,111,0.9908687943262411,0.7682926829268293,0.7394366197183099,0.7535885167464115,0.9957079606035962,0.004292039396403768,0.867572290160953,0.8580576487715352,0.7490808912995529,0.7489384598429893,0.867572290160953,0.5730239571836834,22560,0.6919122163276874,0.0634537663905378,0.6866616559957007,0.054736779395625025,"{'classifier__ccp_alpha': np.float64(0.009375550594407336), 'classifier__max_depth': 13, 'classifier__max_features': 'sqrt', 'classifier__max_leaf_nodes': 5, 'classifier__min_impurity_decrease': np.float64(0.06721772794761761), 'classifier__min_samples_leaf': 9, 'classifier__min_samples_split': 5, 'feature_selection_filter__k': 'all'}",3.8487255573272705,"[0, 1, 2, 3, 4, 5, 6, 7, 8, 9, 10, 11, 12, 13, 14, 15, 16, 17, 18, 19, 20, 21, 22, 23, 24, 25, 26, 27, 28, 29, 30]","['Amount_log1p', 'V1', 'V2', 'V3', 'V4', 'V5', 'V6', 'V7', 'V8', 'V9', 'V10', 'V11', 'V12', 'V13', 'V14', 'V15', 'V16', 'V17', 'V18', 'V19', 'V20', 'V21', 'V22', 'V23', 'V24', 'V25', 'V26', 'V27', 'V28', 'Time_sin', 'Time_cos']"
CostSensitiveLearning___RandomizedSearchCV__niter_30__cv_5,1,3,DecisionTreeClassifier,resubstitution,318,21887,247,108,0.9842641843971631,0.5628318584070796,0.7464788732394366,0.6417759838546923,0.9888406975693503,0.011159302430649665,0.8676597854043935,0.8591558006175988,0.6405081649414838,0.6338931356334323,0.8676597854043935,0.4249293255295281,22560,0.6874201268557758,0.07289352077031111,0.6818928132349816,0.046144692039374824,"{'classifier__ccp_alpha': np.float64(0.004839414522270678), 'classifier__max_depth': 11, 'classifier__max_features': 'log2', 'classifier__max_leaf_nodes': 6, 'classifier__min_impurity_decrease': np.float64(0.09908226809807817), 'classifier__min_samples_leaf': 5, 'classifier__min_samples_split': 8, 'feature_selection_filter__k': 'all'}",3.9003777503967285,"[0, 1, 2, 3, 4, 5, 6, 7, 8, 9, 10, 11, 12, 13, 14, 15, 16, 17, 18, 19, 20, 21, 22, 23, 24, 25, 26, 27, 28, 29, 30]","['Amount_log1p', 'V1', 'V2', 'V3', 'V4', 'V5', 'V6', 'V7', 'V8', 'V9', 'V10', 'V11', 'V12', 'V13', 'V14', 'V15', 'V16', 'V17', 'V18', 'V19', 'V20', 'V21', 'V22', 'V23', 'V24', 'V25', 'V26', 'V27', 'V28', 'Time_sin', 'Time_cos']"
CostSensitiveLearning___RandomizedSearchCV__niter_30__cv_5,1,4,DecisionTreeClassifier,resubstitution,316,21894,240,110,0.9844858156028369,0.5683453237410072,0.7417840375586855,0.6435845213849287,0.9891569531038221,0.010843046896177877,0.8654704953312538,0.8565867372616742,0.6416952963762146,0.635796852133522,0.8654704953312538,0.42646537549702523,22560,0.6616750887884908,0.04196113159917617,0.6499573496866107,0.06538586467150422,"{'classifier__ccp_alpha': np.float64(0.0013602530547728031), 'classifier__max_depth': 19, 'classifier__max_features': 'log2', 'classifier__max_leaf_nodes': 8, 'classifier__min_impurity_decrease': np.float64(0.08872032376098617), 'classifier__min_samples_leaf': 8, 'classifier__min_samples_split': 2, 'feature_selection_filter__k': 'all'}",3.823115110397339,"[0, 1, 2, 3, 4, 5, 6, 7, 8, 9, 10, 11, 12, 13, 14, 15, 16, 17, 18, 19, 20, 21, 22, 23, 24, 25, 26, 27, 28, 29, 30]","['Amount_log1p', 'V1', 'V2', 'V3', 'V4', 'V5', 'V6', 'V7', 'V8', 'V9', 'V10', 'V11', 'V12', 'V13', 'V14', 'V15', 'V16', 'V17', 'V18', 'V19', 'V20', 'V21', 'V22', 'V23', 'V24', 'V25', 'V26', 'V27', 'V28', 'Time_sin', 'Time_cos']"
CostSensitiveLearning___RandomizedSearchCV__niter_30__cv_5,1,5,DecisionTreeClassifier,resubstitution,318,21895,240,107,0.9846187943262411,0.5698924731182796,0.7482352941176471,0.646998982706002,0.9891574429636323,0.010842557036367717,0.8686963685406397,0.8603037314022026,0.6454831418960569,0.6392841640793689,0.8686963685406397,0.4311565700405077,22560,0.6423717046658414,0.016900924192937983,0.6357793995222493,0.018337945199699803,"{'classifier__ccp_alpha': np.float64(0.005355211867316955), 'classifier__max_depth': 6, 'classifier__max_features': 'log2', 'classifier__max_leaf_nodes': 6, 'classifier__min_impurity_decrease': np.float64(0.09077156911757688), 'classifier__min_samples_leaf': 7, 'classifier__min_samples_split': 7, 'feature_selection_filter__k': 'all'}",3.9287312030792236,"[0, 1, 2, 3, 4, 5, 6, 7, 8, 9, 10, 11, 12, 13, 14, 15, 16, 17, 18, 19, 20, 21, 22, 23, 24, 25, 26, 27, 28, 29, 30]","['Amount_log1p', 'V1', 'V2', 'V3', 'V4', 'V5', 'V6', 'V7', 'V8', 'V9', 'V10', 'V11', 'V12', 'V13', 'V14', 'V15', 'V16', 'V17', 'V18', 'V19', 'V20', 'V21', 'V22', 'V23', 'V24', 'V25', 'V26', 'V27', 'V28', 'Time_sin', 'Time_cos']"
CostSensitiveLearning___RandomizedSearchCV__niter_30__cv_5,1,6,DecisionTreeClassifier,resubstitution,317,22035,100,108,0.9907801418439717,0.7601918465227818,0.7458823529411764,0.7529691211401425,0.9954822679015134,0.004517732098486604,0.8706823104213449,0.8616917408758189,0.748307034072853,0.748271960783367,0.8706823104213449,0.5718009172136634,22560,0.7126045582859376,0.04937541189073139,0.7040466188502446,0.061924453275371515,"{'classifier__ccp_alpha': np.float64(0.003863063807868756), 'classifier__max_depth': 16, 'classifier__max_features': 'sqrt', 'classifier__max_leaf_nodes': 15, 'classifier__min_impurity_decrease': np.float64(0.09040516089954148), 'classifier__min_samples_leaf': 9, 'classifier__min_samples_split': 5, 'feature_selection_filter__k': 'all'}",3.715658187866211,"[0, 1, 2, 3, 4, 5, 6, 7, 8, 9, 10, 11, 12, 13, 14, 15, 16, 17, 18, 19, 20, 21, 22, 23, 24, 25, 26, 27, 28, 29, 30]","['Amount_log1p', 'V1', 'V2', 'V3', 'V4', 'V5', 'V6', 'V7', 'V8', 'V9', 'V10', 'V11', 'V12', 'V13', 'V14', 'V15', 'V16', 'V17', 'V18', 'V19', 'V20', 'V21', 'V22', 'V23', 'V24', 'V25', 'V26', 'V27', 'V28', 'Time_sin', 'Time_cos']"
CostSensitiveLearning___RandomizedSearchCV__niter_30__cv_5,1,7,DecisionTreeClassifier,resubstitution,340,22078,57,85,0.9937056737588652,0.8564231738035264,0.8,0.8272506082725061,0.9974248927038627,0.0025751072961373023,0.8987124463519314,0.8932748256629033,0.824545242478377,0.824048834313641,0.9000450178716167,0.6915566039274204,22560,0.6659140934971688,0.16995013593206948,0.6552778743860187,0.18942047423771396,"{'classifier__ccp_alpha': np.float64(0.009168930053159854), 'classifier__max_depth': 5, 'classifier__max_features': 'log2', 'classifier__max_leaf_nodes': 16, 'classifier__min_impurity_decrease': np.float64(0.013223020125432795), 'classifier__min_samples_leaf': 1, 'classifier__min_samples_split': 2, 'feature_selection_filter__k': 28}",3.761794090270996,"[0, 1, 2, 3, 4, 5, 6, 7, 8, 9, 10, 11, 12, 14, 16, 17, 18, 19, 20, 21, 22, 24, 25, 26, 27, 28, 29, 30]","['Amount_log1p', 'V1', 'V2', 'V3', 'V4', 'V5', 'V6', 'V7', 'V8', 'V9', 'V10', 'V11', 'V12', 'V14', 'V16', 'V17', 'V18', 'V19', 'V20', 'V21', 'V22', 'V24', 'V25', 'V26', 'V27', 'V28', 'Time_sin', 'Time_cos']"
CostSensitiveLearning___RandomizedSearchCV__niter_30__cv_5,1,8,DecisionTreeClassifier,resubstitution,322,21897,238,104,0.9848410974690838,0.575,0.755868544600939,0.6531440162271805,0.989247797605602,0.010752202394398003,0.8725581711032705,0.8647203553900131,0.6518586416593473,0.6455414928298965,0.8725581711032705,0.4392341378917834,22561,0.6432481114321151,0.011934525824206748,0.6408233210868672,0.02280044285233932,"{'classifier__ccp_alpha': np.float64(0.006657567170339072), 'classifier__max_depth': 8, 'classifier__max_features': 'sqrt', 'classifier__max_leaf_nodes': 9, 'classifier__min_impurity_decrease': np.float64(0.09251000983820253), 'classifier__min_samples_leaf': 5, 'classifier__min_samples_split': 8, 'feature_selection_filter__k': 'all'}",3.7846760749816895,"[0, 1, 2, 3, 4, 5, 6, 7, 8, 9, 10, 11, 12, 13, 14, 15, 16, 17, 18, 19, 20, 21, 22, 23, 24, 25, 26, 27, 28, 29, 30]","['Amount_log1p', 'V1', 'V2', 'V3', 'V4', 'V5', 'V6', 'V7', 'V8', 'V9', 'V10', 'V11', 'V12', 'V13', 'V14', 'V15', 'V16', 'V17', 'V18', 'V19', 'V20', 'V21', 'V22', 'V23', 'V24', 'V25', 'V26', 'V27', 'V28', 'Time_sin', 'Time_cos']"
CostSensitiveLearning___RandomizedSearchCV__niter_30__cv_5,1,9,DecisionTreeClassifier,resubstitution,316,21883,252,110,0.98395461194096,0.5563380281690141,0.7417840375586855,0.635814889336016,0.9886153151118139,0.011384684888186114,0.8651996763352496,0.8563521822451283,0.6345831517685153,0.6277825900256215,0.8651996763352496,0.4175583391873296,22561,0.6372891389705988,0.02192688933981757,0.6322052921517438,0.017598746217206643,"{'classifier__ccp_alpha': np.float64(0.004946016455380215), 'classifier__max_depth': 14, 'classifier__max_features': 'log2', 'classifier__max_leaf_nodes': 3, 'classifier__min_impurity_decrease': np.float64(0.06099381327355646), 'classifier__min_samples_leaf': 7, 'classifier__min_samples_split': 7, 'feature_selection_filter__k': 'all'}",3.9159393310546875,"[0, 1, 2, 3, 4, 5, 6, 7, 8, 9, 10, 11, 12, 13, 14, 15, 16, 17, 18, 19, 20, 21, 22, 23, 24, 25, 26, 27, 28, 29, 30]","['Amount_log1p', 'V1', 'V2', 'V3', 'V4', 'V5', 'V6', 'V7', 'V8', 'V9', 'V10', 'V11', 'V12', 'V13', 'V14', 'V15', 'V16', 'V17', 'V18', 'V19', 'V20', 'V21', 'V22', 'V23', 'V24', 'V25', 'V26', 'V27', 'V28', 'Time_sin', 'Time_cos']"
CostSensitiveLearning___RandomizedSearchCV__niter_30__cv_5,1,10,DecisionTreeClassifier,resubstitution,319,21892,243,107,0.9844865032578343,0.5676156583629893,0.7488262910798122,0.645748987854251,0.9890219110006777,0.010978088999322289,0.868924101040245,0.8605844580349482,0.6443798604260021,0.6379721581019578,0.868924101040245,0.4297882257862452,22561,0.6542160017202936,0.06056940903005049,0.6414444827337231,0.044731849549842925,"{'classifier__ccp_alpha': np.float64(0.007031991392016316), 'classifier__max_depth': 5, 'classifier__max_features': 'log2', 'classifier__max_leaf_nodes': 19, 'classifier__min_impurity_decrease': np.float64(0.06037239349712264), 'classifier__min_samples_leaf': 9, 'classifier__min_samples_split': 3, 'feature_selection_filter__k': 'all'}",3.9476375579833984,"[0, 1, 2, 3, 4, 5, 6, 7, 8, 9, 10, 11, 12, 13, 14, 15, 16, 17, 18, 19, 20, 21, 22, 23, 24, 25, 26, 27, 28, 29, 30]","['Amount_log1p', 'V1', 'V2', 'V3', 'V4', 'V5', 'V6', 'V7', 'V8', 'V9', 'V10', 'V11', 'V12', 'V13', 'V14', 'V15', 'V16', 'V17', 'V18', 'V19', 'V20', 'V21', 'V22', 'V23', 'V24', 'V25', 'V26', 'V27', 'V28', 'Time_sin', 'Time_cos']"
CostSensitiveLearning___RandomizedSearchCV__niter_30__cv_5,2,1,DecisionTreeClassifier,resubstitution,323,21885,249,103,0.9843971631205674,0.5646853146853147,0.7582159624413145,0.6472945891783567,0.9887503388452155,0.01124966115478454,0.873483150643265,0.8658442641616914,0.646762577695752,0.6394912258910846,0.873483150643265,0.43271902218748187,22560,0.665793689679829,0.04482042228826977,0.6533537115827847,0.06554252079798777,"{'classifier__ccp_alpha': np.float64(0.0009495426388360773), 'classifier__max_depth': 14, 'classifier__max_features': 'sqrt', 'classifier__max_leaf_nodes': 12, 'classifier__min_impurity_decrease': np.float64(0.07422739488503803), 'classifier__min_samples_leaf': 2, 'classifier__min_samples_split': 4, 'feature_selection_filter__k': 'all'}",3.709909200668335,"[0, 1, 2, 3, 4, 5, 6, 7, 8, 9, 10, 11, 12, 13, 14, 15, 16, 17, 18, 19, 20, 21, 22, 23, 24, 25, 26, 27, 28, 29, 30]","['Amount_log1p', 'V1', 'V2', 'V3', 'V4', 'V5', 'V6', 'V7', 'V8', 'V9', 'V10', 'V11', 'V12', 'V13', 'V14', 'V15', 'V16', 'V17', 'V18', 'V19', 'V20', 'V21', 'V22', 'V23', 'V24', 'V25', 'V26', 'V27', 'V28', 'Time_sin', 'Time_cos']"
CostSensitiveLearning___RandomizedSearchCV__niter_30__cv_5,2,2,DecisionTreeClassifier,resubstitution,316,21887,247,110,0.9841755319148936,0.5612788632326821,0.7417840375586855,0.6390293225480284,0.9888406975693503,0.011159302430649665,0.865312367564018,0.8564497913744504,0.6375190968790939,0.6310984105835775,0.8653123675640179,0.4212235878899108,22560,0.6367653836292898,0.02111152124454638,0.6256854562010441,0.032409460145684375,"{'classifier__ccp_alpha': np.float64(0.0022892947355785654), 'classifier__max_depth': 15, 'classifier__max_features': 'sqrt', 'classifier__max_leaf_nodes': 15, 'classifier__min_impurity_decrease': np.float64(0.07948459940085865), 'classifier__min_samples_leaf': 9, 'classifier__min_samples_split': 2, 'feature_selection_filter__k': 'all'}",3.7693920135498047,"[0, 1, 2, 3, 4, 5, 6, 7, 8, 9, 10, 11, 12, 13, 14, 15, 16, 17, 18, 19, 20, 21, 22, 23, 24, 25, 26, 27, 28, 29, 30]","['Amount_log1p', 'V1', 'V2', 'V3', 'V4', 'V5', 'V6', 'V7', 'V8', 'V9', 'V10', 'V11', 'V12', 'V13', 'V14', 'V15', 'V16', 'V17', 'V18', 'V19', 'V20', 'V21', 'V22', 'V23', 'V24', 'V25', 'V26', 'V27', 'V28', 'Time_sin', 'Time_cos']"
CostSensitiveLearning___RandomizedSearchCV__niter_30__cv_5,2,3,DecisionTreeClassifier,resubstitution,325,21891,243,101,0.9847517730496453,0.5721830985915493,0.7629107981220657,0.6539235412474849,0.98902141501762,0.010978584982380024,0.8759661065698429,0.8686398086036048,0.6532913557239117,0.6462902922349256,0.875966106569843,0.4410016147730454,22560,0.6564008950595314,0.016905575484863492,0.6488294013352555,0.040055613719688354,"{'classifier__ccp_alpha': np.float64(0.00993257079548559), 'classifier__max_depth': 16, 'classifier__max_features': 'sqrt', 'classifier__max_leaf_nodes': 4, 'classifier__min_impurity_decrease': np.float64(0.09659327403932061), 'classifier__min_samples_leaf': 4, 'classifier__min_samples_split': 6, 'feature_selection_filter__k': 'all'}",3.859419584274292,"[0, 1, 2, 3, 4, 5, 6, 7, 8, 9, 10, 11, 12, 13, 14, 15, 16, 17, 18, 19, 20, 21, 22, 23, 24, 25, 26, 27, 28, 29, 30]","['Amount_log1p', 'V1', 'V2', 'V3', 'V4', 'V5', 'V6', 'V7', 'V8', 'V9', 'V10', 'V11', 'V12', 'V13', 'V14', 'V15', 'V16', 'V17', 'V18', 'V19', 'V20', 'V21', 'V22', 'V23', 'V24', 'V25', 'V26', 'V27', 'V28', 'Time_sin', 'Time_cos']"
CostSensitiveLearning___RandomizedSearchCV__niter_30__cv_5,2,4,DecisionTreeClassifier,resubstitution,366,21727,407,60,0.979299645390071,0.47347994825355755,0.8591549295774648,0.6105087572977481,0.9816119996385652,0.018388000361434842,0.9203834646080149,0.9183445913282583,0.6291032220269507,0.6007888190313277,0.9420573620937092,0.6720887965579645,22560,0.6151171196343874,0.04298426971277245,0.6081277868554555,0.05374343377060666,"{'classifier__ccp_alpha': np.float64(0.0033680591587984987), 'classifier__max_depth': 17, 'classifier__max_features': 'sqrt', 'classifier__max_leaf_nodes': 13, 'classifier__min_impurity_decrease': np.float64(0.011515393123814423), 'classifier__min_samples_leaf': 9, 'classifier__min_samples_split': 8, 'feature_selection_filter__k': 20}",3.8478522300720215,"[1, 2, 3, 4, 5, 6, 7, 8, 9, 10, 11, 12, 14, 16, 17, 18, 19, 20, 21, 27]","['V1', 'V2', 'V3', 'V4', 'V5', 'V6', 'V7', 'V8', 'V9', 'V10', 'V11', 'V12', 'V14', 'V16', 'V17', 'V18', 'V19', 'V20', 'V21', 'V27']"
CostSensitiveLearning___RandomizedSearchCV__niter_30__cv_5,2,5,DecisionTreeClassifier,resubstitution,344,22025,110,81,0.9915336879432625,0.7577092511013216,0.8094117647058824,0.782707622298066,0.9950304946916648,0.004969505308335176,0.9022211296987737,0.8974348938193497,0.7788361405949863,0.7783951525225336,0.903976135744562,0.6195900169741505,22560,0.6565577795242035,0.17063201453099194,0.657376796475878,0.18460340117983257,"{'classifier__ccp_alpha': np.float64(0.009677713823059627), 'classifier__max_depth': 3, 'classifier__max_features': 'log2', 'classifier__max_leaf_nodes': 18, 'classifier__min_impurity_decrease': np.float64(0.01653381795852591), 'classifier__min_samples_leaf': 1, 'classifier__min_samples_split': 2, 'feature_selection_filter__k': 28}",3.7288830280303955,"[0, 1, 2, 3, 4, 5, 6, 7, 8, 9, 10, 11, 12, 14, 16, 17, 18, 19, 20, 21, 22, 23, 24, 26, 27, 28, 29, 30]","['Amount_log1p', 'V1', 'V2', 'V3', 'V4', 'V5', 'V6', 'V7', 'V8', 'V9', 'V10', 'V11', 'V12', 'V14', 'V16', 'V17', 'V18', 'V19', 'V20', 'V21', 'V22', 'V23', 'V24', 'V26', 'V27', 'V28', 'Time_sin', 'Time_cos']"
CostSensitiveLearning___RandomizedSearchCV__niter_30__cv_5,2,6,DecisionTreeClassifier,resubstitution,311,22036,99,114,0.9905585106382979,0.7585365853658537,0.731764705882353,0.7449101796407186,0.9955274452224983,0.004472554777501747,0.8636460755524256,0.8535173391039292,0.7402259998214242,0.740102006046806,0.8636460755524257,0.5601234927806099,22560,0.727974955281137,0.05236123980775811,0.7236315751250935,0.03539453496054967,"{'classifier__ccp_alpha': np.float64(0.00871314926569027), 'classifier__max_depth': 18, 'classifier__max_features': 'sqrt', 'classifier__max_leaf_nodes': 14, 'classifier__min_impurity_decrease': np.float64(0.05802850091021155), 'classifier__min_samples_leaf': 7, 'classifier__min_samples_split': 6, 'feature_selection_filter__k': 'all'}",3.813661575317383,"[0, 1, 2, 3, 4, 5, 6, 7, 8, 9, 10, 11, 12, 13, 14, 15, 16, 17, 18, 19, 20, 21, 22, 23, 24, 25, 26, 27, 28, 29, 30]","['Amount_log1p', 'V1', 'V2', 'V3', 'V4', 'V5', 'V6', 'V7', 'V8', 'V9', 'V10', 'V11', 'V12', 'V13', 'V14', 'V15', 'V16', 'V17', 'V18', 'V19', 'V20', 'V21', 'V22', 'V23', 'V24', 'V25', 'V26', 'V27', 'V28', 'Time_sin', 'Time_cos']"
CostSensitiveLearning___RandomizedSearchCV__niter_30__cv_5,2,7,DecisionTreeClassifier,resubstitution,314,21895,240,111,0.9844414893617022,0.5667870036101083,0.7388235294117647,0.6414708886618999,0.9891574429636323,0.010842557036367717,0.8639904861876985,0.854875893422143,0.6394827289024375,0.6336601691206338,0.8639904861876985,0.4236757871978962,22560,0.6909819507869596,0.0699058194783432,0.6791041112507483,0.08018347721174013,"{'classifier__ccp_alpha': np.float64(0.003651055830226939), 'classifier__max_depth': 17, 'classifier__max_features': 'log2', 'classifier__max_leaf_nodes': 5, 'classifier__min_impurity_decrease': np.float64(0.09650639859718202), 'classifier__min_samples_leaf': 2, 'classifier__min_samples_split': 4, 'feature_selection_filter__k': 'all'}",3.7682926654815674,"[0, 1, 2, 3, 4, 5, 6, 7, 8, 9, 10, 11, 12, 13, 14, 15, 16, 17, 18, 19, 20, 21, 22, 23, 24, 25, 26, 27, 28, 29, 30]","['Amount_log1p', 'V1', 'V2', 'V3', 'V4', 'V5', 'V6', 'V7', 'V8', 'V9', 'V10', 'V11', 'V12', 'V13', 'V14', 'V15', 'V16', 'V17', 'V18', 'V19', 'V20', 'V21', 'V22', 'V23', 'V24', 'V25', 'V26', 'V27', 'V28', 'Time_sin', 'Time_cos']"
CostSensitiveLearning___RandomizedSearchCV__niter_30__cv_5,2,8,DecisionTreeClassifier,resubstitution,347,22026,109,79,0.9916670360356368,0.7609649122807017,0.8145539906103286,0.7868480725623582,0.9950756720126497,0.004924327987350319,0.9048148313114892,0.9003015381510565,0.7830748805525046,0.7826035389530346,0.905419846842519,0.6253570834543021,22561,0.6526119175801717,0.16923129380548413,0.6531061059070615,0.170585591017983,"{'classifier__ccp_alpha': np.float64(0.004025433578653452), 'classifier__max_depth': 7, 'classifier__max_features': 'log2', 'classifier__max_leaf_nodes': 4, 'classifier__min_impurity_decrease': np.float64(0.010471276733555314), 'classifier__min_samples_leaf': 9, 'classifier__min_samples_split': 6, 'feature_selection_filter__k': 28}",3.900172233581543,"[0, 1, 2, 3, 4, 5, 6, 7, 8, 9, 10, 11, 12, 14, 16, 17, 18, 19, 20, 21, 22, 23, 24, 25, 26, 27, 28, 29]","['Amount_log1p', 'V1', 'V2', 'V3', 'V4', 'V5', 'V6', 'V7', 'V8', 'V9', 'V10', 'V11', 'V12', 'V14', 'V16', 'V17', 'V18', 'V19', 'V20', 'V21', 'V22', 'V23', 'V24', 'V25', 'V26', 'V27', 'V28', 'Time_sin']"
CostSensitiveLearning___RandomizedSearchCV__niter_30__cv_5,2,9,DecisionTreeClassifier,resubstitution,319,21901,234,107,0.98488542174549,0.5768535262206148,0.7488262910798122,0.651685393258427,0.9894285068895414,0.010571493110458574,0.8691273989846768,0.8607613369004975,0.6498273507448218,0.6440933300388697,0.8691273989846767,0.4367057841115563,22561,0.6381015714167562,0.010382713243893095,0.632477411981319,0.030737548360276295,"{'classifier__ccp_alpha': np.float64(0.008510433860979803), 'classifier__max_depth': 13, 'classifier__max_features': 'sqrt', 'classifier__max_leaf_nodes': 5, 'classifier__min_impurity_decrease': np.float64(0.041467200772775326), 'classifier__min_samples_leaf': 7, 'classifier__min_samples_split': 8, 'feature_selection_filter__k': 'all'}",3.5820090770721436,"[0, 1, 2, 3, 4, 5, 6, 7, 8, 9, 10, 11, 12, 13, 14, 15, 16, 17, 18, 19, 20, 21, 22, 23, 24, 25, 26, 27, 28, 29, 30]","['Amount_log1p', 'V1', 'V2', 'V3', 'V4', 'V5', 'V6', 'V7', 'V8', 'V9', 'V10', 'V11', 'V12', 'V13', 'V14', 'V15', 'V16', 'V17', 'V18', 'V19', 'V20', 'V21', 'V22', 'V23', 'V24', 'V25', 'V26', 'V27', 'V28', 'Time_sin', 'Time_cos']"
CostSensitiveLearning___RandomizedSearchCV__niter_30__cv_5,2,10,DecisionTreeClassifier,resubstitution,312,21891,244,114,0.9841319090465848,0.5611510791366906,0.7323943661971831,0.6354378818737271,0.9889767336796927,0.011023266320307257,0.8606855499384379,0.8510704953451852,0.6332937759273528,0.627472569540694,0.8606855499384378,0.4160368564554872,22561,0.6360553013155141,0.01204353692963674,0.6338484214782678,0.047837311743154344,"{'classifier__ccp_alpha': np.float64(0.008244694759132818), 'classifier__max_depth': 5, 'classifier__max_features': 'sqrt', 'classifier__max_leaf_nodes': 17, 'classifier__min_impurity_decrease': np.float64(0.05423332415487714), 'classifier__min_samples_leaf': 2, 'classifier__min_samples_split': 9, 'feature_selection_filter__k': 'all'}",3.629525661468506,"[0, 1, 2, 3, 4, 5, 6, 7, 8, 9, 10, 11, 12, 13, 14, 15, 16, 17, 18, 19, 20, 21, 22, 23, 24, 25, 26, 27, 28, 29, 30]","['Amount_log1p', 'V1', 'V2', 'V3', 'V4', 'V5', 'V6', 'V7', 'V8', 'V9', 'V10', 'V11', 'V12', 'V13', 'V14', 'V15', 'V16', 'V17', 'V18', 'V19', 'V20', 'V21', 'V22', 'V23', 'V24', 'V25', 'V26', 'V27', 'V28', 'Time_sin', 'Time_cos']"
CostSensitiveLearning___RandomizedSearchCV__niter_30__cv_5,3,1,DecisionTreeClassifier,resubstitution,317,22068,66,109,0.9922429078014184,0.8276762402088773,0.744131455399061,0.7836835599505563,0.9970181621035511,0.0029818378964489023,0.8705748087513061,0.8613434715753132,0.78088999031419,0.7797455626094996,0.8705748087513061,0.6207314855095426,22560,0.7605677309268384,0.05378215417183635,0.7555123262236931,0.0877941497386215,"{'classifier__ccp_alpha': np.float64(0.005428002889302094), 'classifier__max_depth': 12, 'classifier__max_features': 'sqrt', 'classifier__max_leaf_nodes': 3, 'classifier__min_impurity_decrease': np.float64(0.06458104321650848), 'classifier__min_samples_leaf': 4, 'classifier__min_samples_split': 8, 'feature_selection_filter__k': 'all'}",3.708146810531616,"[0, 1, 2, 3, 4, 5, 6, 7, 8, 9, 10, 11, 12, 13, 14, 15, 16, 17, 18, 19, 20, 21, 22, 23, 24, 25, 26, 27, 28, 29, 30]","['Amount_log1p', 'V1', 'V2', 'V3', 'V4', 'V5', 'V6', 'V7', 'V8', 'V9', 'V10', 'V11', 'V12', 'V13', 'V14', 'V15', 'V16', 'V17', 'V18', 'V19', 'V20', 'V21', 'V22', 'V23', 'V24', 'V25', 'V26', 'V27', 'V28', 'Time_sin', 'Time_cos']"
CostSensitiveLearning___RandomizedSearchCV__niter_30__cv_5,3,2,DecisionTreeClassifier,resubstitution,320,21892,242,106,0.9845744680851064,0.5693950177935944,0.7511737089201878,0.6477732793522267,0.9890665943796874,0.010933405620312642,0.8701201516499375,0.8619517515901042,0.6464690278981323,0.6400405383546315,0.8701201516499375,0.43241314891697424,22560,0.6431858655437608,0.016998033751892277,0.638969372314107,0.031485299265264936,"{'classifier__ccp_alpha': np.float64(0.0055394102250058645), 'classifier__max_depth': 14, 'classifier__max_features': 'log2', 'classifier__max_leaf_nodes': 2, 'classifier__min_impurity_decrease': np.float64(0.05256725610928528), 'classifier__min_samples_leaf': 3, 'classifier__min_samples_split': 8, 'feature_selection_filter__k': 'all'}",3.812732458114624,"[0, 1, 2, 3, 4, 5, 6, 7, 8, 9, 10, 11, 12, 13, 14, 15, 16, 17, 18, 19, 20, 21, 22, 23, 24, 25, 26, 27, 28, 29, 30]","['Amount_log1p', 'V1', 'V2', 'V3', 'V4', 'V5', 'V6', 'V7', 'V8', 'V9', 'V10', 'V11', 'V12', 'V13', 'V14', 'V15', 'V16', 'V17', 'V18', 'V19', 'V20', 'V21', 'V22', 'V23', 'V24', 'V25', 'V26', 'V27', 'V28', 'Time_sin', 'Time_cos']"
CostSensitiveLearning___RandomizedSearchCV__niter_30__cv_5,3,3,DecisionTreeClassifier,resubstitution,346,21794,340,80,0.9813829787234043,0.5043731778425656,0.812206572769953,0.6223021582733813,0.9846390168970814,0.015360983102918557,0.8984227948335173,0.894276400968713,0.6316591097483162,0.6132926252317746,0.8984227948335172,0.4132013094633804,22560,0.5940605242677768,0.05406995480823753,0.6057718918532676,0.07503496389447009,"{'classifier__ccp_alpha': np.float64(0.0037582036742565108), 'classifier__max_depth': 18, 'classifier__max_features': 'log2', 'classifier__max_leaf_nodes': 7, 'classifier__min_impurity_decrease': np.float64(0.030602276252477023), 'classifier__min_samples_leaf': 8, 'classifier__min_samples_split': 3, 'feature_selection_filter__k': 24}",3.7486624717712402,"[0, 1, 2, 3, 4, 5, 6, 7, 8, 9, 10, 11, 12, 14, 16, 17, 18, 19, 20, 21, 23, 27, 28, 29]","['Amount_log1p', 'V1', 'V2', 'V3', 'V4', 'V5', 'V6', 'V7', 'V8', 'V9', 'V10', 'V11', 'V12', 'V14', 'V16', 'V17', 'V18', 'V19', 'V20', 'V21', 'V23', 'V27', 'V28', 'Time_sin']"
CostSensitiveLearning___RandomizedSearchCV__niter_30__cv_5,3,4,DecisionTreeClassifier,resubstitution,321,21892,242,105,0.9846187943262411,0.5701598579040853,0.7535211267605634,0.6491405460060667,0.9890665943796874,0.010933405620312642,0.8712938605701254,0.8632975006556055,0.6479576047365483,0.6414317884383792,0.8712938605701254,0.43428175388067797,22560,0.6666852001261058,0.05744678519825247,0.660493905590139,0.04165550392108055,"{'classifier__ccp_alpha': np.float64(0.0017439743175511346), 'classifier__max_depth': 5, 'classifier__max_features': 'sqrt', 'classifier__max_leaf_nodes': 4, 'classifier__min_impurity_decrease': np.float64(0.06324057625488831), 'classifier__min_samples_leaf': 4, 'classifier__min_samples_split': 5, 'feature_selection_filter__k': 'all'}",3.9069855213165283,"[0, 1, 2, 3, 4, 5, 6, 7, 8, 9, 10, 11, 12, 13, 14, 15, 16, 17, 18, 19, 20, 21, 22, 23, 24, 25, 26, 27, 28, 29, 30]","['Amount_log1p', 'V1', 'V2', 'V3', 'V4', 'V5', 'V6', 'V7', 'V8', 'V9', 'V10', 'V11', 'V12', 'V13', 'V14', 'V15', 'V16', 'V17', 'V18', 'V19', 'V20', 'V21', 'V22', 'V23', 'V24', 'V25', 'V26', 'V27', 'V28', 'Time_sin', 'Time_cos']"
CostSensitiveLearning___RandomizedSearchCV__niter_30__cv_5,3,5,DecisionTreeClassifier,resubstitution,318,21880,255,107,0.9839539007092198,0.5549738219895288,0.7482352941176471,0.6372745490981964,0.9884797831488593,0.011520216851140685,0.8683575386332532,0.8600089890656578,0.6366100449740211,0.6292544476691531,0.8683575386332533,0.4199939087253483,22560,0.6248593378726337,0.012450076514541115,0.6194172487716247,0.044874471802555556,"{'classifier__ccp_alpha': np.float64(0.0015428757813127582), 'classifier__max_depth': 16, 'classifier__max_features': 'log2', 'classifier__max_leaf_nodes': 12, 'classifier__min_impurity_decrease': np.float64(0.09216329958916931), 'classifier__min_samples_leaf': 8, 'classifier__min_samples_split': 7, 'feature_selection_filter__k': 'all'}",4.00455117225647,"[0, 1, 2, 3, 4, 5, 6, 7, 8, 9, 10, 11, 12, 13, 14, 15, 16, 17, 18, 19, 20, 21, 22, 23, 24, 25, 26, 27, 28, 29, 30]","['Amount_log1p', 'V1', 'V2', 'V3', 'V4', 'V5', 'V6', 'V7', 'V8', 'V9', 'V10', 'V11', 'V12', 'V13', 'V14', 'V15', 'V16', 'V17', 'V18', 'V19', 'V20', 'V21', 'V22', 'V23', 'V24', 'V25', 'V26', 'V27', 'V28', 'Time_sin', 'Time_cos']"
CostSensitiveLearning___RandomizedSearchCV__niter_30__cv_5,3,6,DecisionTreeClassifier,resubstitution,315,21898,237,110,0.9846187943262411,0.5706521739130435,0.7411764705882353,0.6448311156601843,0.9892929749265869,0.010707025073413146,0.8652347227574111,0.8562947363693316,0.6428008692246766,0.6371060155980552,0.8652347227574111,0.4278298507191961,22560,0.6943820696451934,0.04174365393751134,0.6925023950680782,0.07607084501796399,"{'classifier__ccp_alpha': np.float64(0.001484338731553394), 'classifier__max_depth': 11, 'classifier__max_features': 'log2', 'classifier__max_leaf_nodes': 5, 'classifier__min_impurity_decrease': np.float64(0.08292588148034759), 'classifier__min_samples_leaf': 5, 'classifier__min_samples_split': 9, 'feature_selection_filter__k': 'all'}",3.626479387283325,"[0, 1, 2, 3, 4, 5, 6, 7, 8, 9, 10, 11, 12, 13, 14, 15, 16, 17, 18, 19, 20, 21, 22, 23, 24, 25, 26, 27, 28, 29, 30]","['Amount_log1p', 'V1', 'V2', 'V3', 'V4', 'V5', 'V6', 'V7', 'V8', 'V9', 'V10', 'V11', 'V12', 'V13', 'V14', 'V15', 'V16', 'V17', 'V18', 'V19', 'V20', 'V21', 'V22', 'V23', 'V24', 'V25', 'V26', 'V27', 'V28', 'Time_sin', 'Time_cos']"
CostSensitiveLearning___RandomizedSearchCV__niter_30__cv_5,3,7,DecisionTreeClassifier,resubstitution,365,21672,463,60,0.9768173758865248,0.44082125603864736,0.8588235294117647,0.5826017557861133,0.9790829003840072,0.02091709961599275,0.918953214897886,0.9169838777723959,0.6058494732938035,0.5719441530002307,0.9410661316254534,0.6181196521918677,22560,0.6011091849296879,0.045948018471556565,0.5900812919367164,0.046340730377283854,"{'classifier__ccp_alpha': np.float64(0.005656167441063789), 'classifier__max_depth': 16, 'classifier__max_features': 'sqrt', 'classifier__max_leaf_nodes': 5, 'classifier__min_impurity_decrease': np.float64(0.0030259472661150703), 'classifier__min_samples_leaf': 6, 'classifier__min_samples_split': 6, 'feature_selection_filter__k': 20}",4.084496259689331,"[1, 2, 3, 4, 5, 6, 7, 8, 9, 10, 11, 12, 14, 16, 17, 18, 19, 20, 21, 27]","['V1', 'V2', 'V3', 'V4', 'V5', 'V6', 'V7', 'V8', 'V9', 'V10', 'V11', 'V12', 'V14', 'V16', 'V17', 'V18', 'V19', 'V20', 'V21', 'V27']"
CostSensitiveLearning___RandomizedSearchCV__niter_30__cv_5,3,8,DecisionTreeClassifier,resubstitution,318,21889,246,108,0.9843092061522095,0.5638297872340425,0.7464788732394366,0.6424242424242425,0.988886379037723,0.011113620962276971,0.8676826261385798,0.8591756455963506,0.6411009019799347,0.6345621399942951,0.8676826261385797,0.4256740461251676,22561,0.6493010905570581,0.01834037341553819,0.6455065812492433,0.051406609998670666,"{'classifier__ccp_alpha': np.float64(0.0045490615596698826), 'classifier__max_depth': 9, 'classifier__max_features': 'log2', 'classifier__max_leaf_nodes': 14, 'classifier__min_impurity_decrease': np.float64(0.06781530719749497), 'classifier__min_samples_leaf': 8, 'classifier__min_samples_split': 2, 'feature_selection_filter__k': 'all'}",3.6421971321105957,"[0, 1, 2, 3, 4, 5, 6, 7, 8, 9, 10, 11, 12, 13, 14, 15, 16, 17, 18, 19, 20, 21, 22, 23, 24, 25, 26, 27, 28, 29, 30]","['Amount_log1p', 'V1', 'V2', 'V3', 'V4', 'V5', 'V6', 'V7', 'V8', 'V9', 'V10', 'V11', 'V12', 'V13', 'V14', 'V15', 'V16', 'V17', 'V18', 'V19', 'V20', 'V21', 'V22', 'V23', 'V24', 'V25', 'V26', 'V27', 'V28', 'Time_sin', 'Time_cos']"
CostSensitiveLearning___RandomizedSearchCV__niter_30__cv_5,3,9,DecisionTreeClassifier,resubstitution,319,21886,249,107,0.9842205575993972,0.5616197183098591,0.7488262910798122,0.641851106639839,0.9887508470747685,0.011249152925231543,0.8687885690772903,0.8604665185915263,0.6408193316316997,0.6339519393622135,0.8687885690772904,0.4252983082347228,22561,0.6590973616928949,0.04203890402577388,0.6521331112819687,0.06647873411162689,"{'classifier__ccp_alpha': np.float64(0.005931633167613331), 'classifier__max_depth': 16, 'classifier__max_features': 'log2', 'classifier__max_leaf_nodes': 18, 'classifier__min_impurity_decrease': np.float64(0.09717782961685328), 'classifier__min_samples_leaf': 2, 'classifier__min_samples_split': 5, 'feature_selection_filter__k': 'all'}",3.7305150032043457,"[0, 1, 2, 3, 4, 5, 6, 7, 8, 9, 10, 11, 12, 13, 14, 15, 16, 17, 18, 19, 20, 21, 22, 23, 24, 25, 26, 27, 28, 29, 30]","['Amount_log1p', 'V1', 'V2', 'V3', 'V4', 'V5', 'V6', 'V7', 'V8', 'V9', 'V10', 'V11', 'V12', 'V13', 'V14', 'V15', 'V16', 'V17', 'V18', 'V19', 'V20', 'V21', 'V22', 'V23', 'V24', 'V25', 'V26', 'V27', 'V28', 'Time_sin', 'Time_cos']"
CostSensitiveLearning___RandomizedSearchCV__niter_30__cv_5,3,10,DecisionTreeClassifier,resubstitution,342,21793,342,84,0.9811178582509641,0.5,0.8028169014084507,0.6162162162162163,0.984549356223176,0.015450643776824036,0.8936831288158134,0.8890516652291783,0.62502793441116,0.6070724125183944,0.8936831288158134,0.40513168992234516,22561,0.6172840021129313,0.00405021574389751,0.6143219004965661,0.02374945135445444,"{'classifier__ccp_alpha': np.float64(0.001855752748185393), 'classifier__max_depth': 14, 'classifier__max_features': 'log2', 'classifier__max_leaf_nodes': 10, 'classifier__min_impurity_decrease': np.float64(0.07129176348350752), 'classifier__min_samples_leaf': 2, 'classifier__min_samples_split': 2, 'feature_selection_filter__k': 24}",3.7574737071990967,"[0, 1, 2, 3, 4, 5, 6, 7, 8, 9, 10, 11, 12, 14, 16, 17, 18, 19, 20, 21, 23, 27, 28, 29]","['Amount_log1p', 'V1', 'V2', 'V3', 'V4', 'V5', 'V6', 'V7', 'V8', 'V9', 'V10', 'V11', 'V12', 'V14', 'V16', 'V17', 'V18', 'V19', 'V20', 'V21', 'V23', 'V27', 'V28', 'Time_sin']"
CostSensitiveLearning___RandomizedSearchCV__niter_30__cv_5,4,1,DecisionTreeClassifier,resubstitution,341,22074,60,85,0.993572695035461,0.8503740648379052,0.8004694835680751,0.8246674727932285,0.9972892382759555,0.002710761724044497,0.8988793609220154,0.8934761337219663,0.8217865865688131,0.8213968652070479,0.9013830505699174,0.6877789941331514,22560,0.7535096015345439,0.15714452705718082,0.7448094341440024,0.14646685985513283,"{'classifier__ccp_alpha': np.float64(0.0027112875436722064), 'classifier__max_depth': 16, 'classifier__max_features': 'log2', 'classifier__max_leaf_nodes': 15, 'classifier__min_impurity_decrease': np.float64(0.016217975941154907), 'classifier__min_samples_leaf': 4, 'classifier__min_samples_split': 3, 'feature_selection_filter__k': 28}",3.9090075492858887,"[0, 1, 2, 3, 4, 5, 6, 7, 8, 9, 10, 11, 12, 14, 16, 17, 18, 19, 20, 21, 22, 23, 24, 26, 27, 28, 29, 30]","['Amount_log1p', 'V1', 'V2', 'V3', 'V4', 'V5', 'V6', 'V7', 'V8', 'V9', 'V10', 'V11', 'V12', 'V14', 'V16', 'V17', 'V18', 'V19', 'V20', 'V21', 'V22', 'V23', 'V24', 'V26', 'V27', 'V28', 'Time_sin', 'Time_cos']"
CostSensitiveLearning___RandomizedSearchCV__niter_30__cv_5,4,2,DecisionTreeClassifier,resubstitution,316,21882,252,110,0.9839539007092198,0.5563380281690141,0.7417840375586855,0.635814889336016,0.9886148007590133,0.011385199240986688,0.8651994191588495,0.8563519594753645,0.6345827974457287,0.6277822261309391,0.8651994191588493,0.41755855530747166,22560,0.607458066127633,0.054474524110852025,0.6113529035917096,0.059604466050026006,"{'classifier__ccp_alpha': np.float64(0.0006800329621473366), 'classifier__max_depth': 5, 'classifier__max_features': 'sqrt', 'classifier__max_leaf_nodes': 10, 'classifier__min_impurity_decrease': np.float64(0.040888302844288404), 'classifier__min_samples_leaf': 7, 'classifier__min_samples_split': 7, 'feature_selection_filter__k': 'all'}",3.9887170791625977,"[0, 1, 2, 3, 4, 5, 6, 7, 8, 9, 10, 11, 12, 13, 14, 15, 16, 17, 18, 19, 20, 21, 22, 23, 24, 25, 26, 27, 28, 29, 30]","['Amount_log1p', 'V1', 'V2', 'V3', 'V4', 'V5', 'V6', 'V7', 'V8', 'V9', 'V10', 'V11', 'V12', 'V13', 'V14', 'V15', 'V16', 'V17', 'V18', 'V19', 'V20', 'V21', 'V22', 'V23', 'V24', 'V25', 'V26', 'V27', 'V28', 'Time_sin', 'Time_cos']"
CostSensitiveLearning___RandomizedSearchCV__niter_30__cv_5,4,3,DecisionTreeClassifier,resubstitution,315,21887,247,111,0.9841312056737589,0.5604982206405694,0.7394366197183099,0.6376518218623481,0.9888406975693503,0.011159302430649665,0.8641386586438301,0.8550935754936859,0.6360214747135787,0.6296968756636725,0.8641386586438302,0.4193731223945475,22560,0.6529220635361865,0.05048873359952209,0.6331952858667765,0.05098542323169298,"{'classifier__ccp_alpha': np.float64(0.00877014903593985), 'classifier__max_depth': 5, 'classifier__max_features': 'log2', 'classifier__max_leaf_nodes': 12, 'classifier__min_impurity_decrease': np.float64(0.09543476795178812), 'classifier__min_samples_leaf': 3, 'classifier__min_samples_split': 5, 'feature_selection_filter__k': 'all'}",3.7387032508850098,"[0, 1, 2, 3, 4, 5, 6, 7, 8, 9, 10, 11, 12, 13, 14, 15, 16, 17, 18, 19, 20, 21, 22, 23, 24, 25, 26, 27, 28, 29, 30]","['Amount_log1p', 'V1', 'V2', 'V3', 'V4', 'V5', 'V6', 'V7', 'V8', 'V9', 'V10', 'V11', 'V12', 'V13', 'V14', 'V15', 'V16', 'V17', 'V18', 'V19', 'V20', 'V21', 'V22', 'V23', 'V24', 'V25', 'V26', 'V27', 'V28', 'Time_sin', 'Time_cos']"
CostSensitiveLearning___RandomizedSearchCV__niter_30__cv_5,4,4,DecisionTreeClassifier,resubstitution,318,21890,244,108,0.9843971631205674,0.5658362989323843,0.7464788732394366,0.6437246963562753,0.9889762356555526,0.011023764344447406,0.8677275544474946,0.8592146798401064,0.6422900066243109,0.6359030732782478,0.8677275544474945,0.4271720769075725,22560,0.6876077397314615,0.06784727596388558,0.6729258782255797,0.0470891719785926,"{'classifier__ccp_alpha': np.float64(0.0041516876476188945), 'classifier__max_depth': 11, 'classifier__max_features': 'sqrt', 'classifier__max_leaf_nodes': 6, 'classifier__min_impurity_decrease': np.float64(0.05418006464961616), 'classifier__min_samples_leaf': 3, 'classifier__min_samples_split': 7, 'feature_selection_filter__k': 'all'}",3.811230182647705,"[0, 1, 2, 3, 4, 5, 6, 7, 8, 9, 10, 11, 12, 13, 14, 15, 16, 17, 18, 19, 20, 21, 22, 23, 24, 25, 26, 27, 28, 29, 30]","['Amount_log1p', 'V1', 'V2', 'V3', 'V4', 'V5', 'V6', 'V7', 'V8', 'V9', 'V10', 'V11', 'V12', 'V13', 'V14', 'V15', 'V16', 'V17', 'V18', 'V19', 'V20', 'V21', 'V22', 'V23', 'V24', 'V25', 'V26', 'V27', 'V28', 'Time_sin', 'Time_cos']"
CostSensitiveLearning___RandomizedSearchCV__niter_30__cv_5,4,5,DecisionTreeClassifier,resubstitution,315,22038,97,110,0.9908244680851064,0.7645631067961165,0.7411764705882353,0.7526881720430108,0.9956177998644681,0.004382200135531922,0.8683971352263518,0.8590276403925374,0.7481085232813448,0.7480148409390628,0.8683971352263518,0.5715520715619444,22560,0.6949105050457464,0.04965315965693511,0.6916614135098348,0.053635362185666405,"{'classifier__ccp_alpha': np.float64(0.00932445230898431), 'classifier__max_depth': 18, 'classifier__max_features': 'log2', 'classifier__max_leaf_nodes': 15, 'classifier__min_impurity_decrease': np.float64(0.06930019015703517), 'classifier__min_samples_leaf': 5, 'classifier__min_samples_split': 2, 'feature_selection_filter__k': 'all'}",3.8092594146728516,"[0, 1, 2, 3, 4, 5, 6, 7, 8, 9, 10, 11, 12, 13, 14, 15, 16, 17, 18, 19, 20, 21, 22, 23, 24, 25, 26, 27, 28, 29, 30]","['Amount_log1p', 'V1', 'V2', 'V3', 'V4', 'V5', 'V6', 'V7', 'V8', 'V9', 'V10', 'V11', 'V12', 'V13', 'V14', 'V15', 'V16', 'V17', 'V18', 'V19', 'V20', 'V21', 'V22', 'V23', 'V24', 'V25', 'V26', 'V27', 'V28', 'Time_sin', 'Time_cos']"
CostSensitiveLearning___RandomizedSearchCV__niter_30__cv_5,4,6,DecisionTreeClassifier,resubstitution,322,21897,238,103,0.9848847517730497,0.575,0.7576470588235295,0.6538071065989848,0.989247797605602,0.010752202394398003,0.8734474282145657,0.8657370757357793,0.6526620232003807,0.6462291222132293,0.8734474282145658,0.44021266166040884,22560,0.6500275284602879,0.012986222698448015,0.6437338953745928,0.04540418387041269,"{'classifier__ccp_alpha': np.float64(0.009576531587226296), 'classifier__max_depth': 7, 'classifier__max_features': 'log2', 'classifier__max_leaf_nodes': 11, 'classifier__min_impurity_decrease': np.float64(0.060747010075417524), 'classifier__min_samples_leaf': 9, 'classifier__min_samples_split': 3, 'feature_selection_filter__k': 'all'}",3.890878915786743,"[0, 1, 2, 3, 4, 5, 6, 7, 8, 9, 10, 11, 12, 13, 14, 15, 16, 17, 18, 19, 20, 21, 22, 23, 24, 25, 26, 27, 28, 29, 30]","['Amount_log1p', 'V1', 'V2', 'V3', 'V4', 'V5', 'V6', 'V7', 'V8', 'V9', 'V10', 'V11', 'V12', 'V13', 'V14', 'V15', 'V16', 'V17', 'V18', 'V19', 'V20', 'V21', 'V22', 'V23', 'V24', 'V25', 'V26', 'V27', 'V28', 'Time_sin', 'Time_cos']"
CostSensitiveLearning___RandomizedSearchCV__niter_30__cv_5,4,7,DecisionTreeClassifier,resubstitution,342,22031,104,83,0.9917109929078014,0.7668161434977578,0.8047058823529412,0.7853042479908151,0.995301558617574,0.004698441382426033,0.9000037204852576,0.8949441429131834,0.7813168179129272,0.7810806687472043,0.900494718239679,0.6227550863235604,22560,0.6538059751669297,0.16292294586774303,0.6524130580262926,0.1817696222465596,"{'classifier__ccp_alpha': np.float64(0.008239620675450851), 'classifier__max_depth': 6, 'classifier__max_features': 'log2', 'classifier__max_leaf_nodes': 19, 'classifier__min_impurity_decrease': np.float64(0.020514686572694587), 'classifier__min_samples_leaf': 1, 'classifier__min_samples_split': 2, 'feature_selection_filter__k': 28}",3.7736120223999023,"[0, 1, 2, 3, 4, 5, 6, 7, 8, 9, 10, 11, 12, 14, 15, 16, 17, 18, 19, 20, 21, 23, 24, 25, 27, 28, 29, 30]","['Amount_log1p', 'V1', 'V2', 'V3', 'V4', 'V5', 'V6', 'V7', 'V8', 'V9', 'V10', 'V11', 'V12', 'V14', 'V15', 'V16', 'V17', 'V18', 'V19', 'V20', 'V21', 'V23', 'V24', 'V25', 'V27', 'V28', 'Time_sin', 'Time_cos']"
CostSensitiveLearning___RandomizedSearchCV__niter_30__cv_5,4,8,DecisionTreeClassifier,resubstitution,320,21891,244,106,0.9844865032578343,0.5673758865248227,0.7511737089201878,0.6464646464646465,0.9889767336796927,0.011023266320307257,0.8700752212999403,0.8619125947994655,0.6452726925595714,0.6386913813502917,0.8700752212999402,0.43089622233178654,22561,0.6655095087911449,0.05798112299244931,0.6459103398539945,0.05867959232044894,"{'classifier__ccp_alpha': np.float64(8.45287026843422e-05), 'classifier__max_depth': 5, 'classifier__max_features': 'log2', 'classifier__max_leaf_nodes': 17, 'classifier__min_impurity_decrease': np.float64(0.06640696584435167), 'classifier__min_samples_leaf': 1, 'classifier__min_samples_split': 6, 'feature_selection_filter__k': 'all'}",3.8000173568725586,"[0, 1, 2, 3, 4, 5, 6, 7, 8, 9, 10, 11, 12, 13, 14, 15, 16, 17, 18, 19, 20, 21, 22, 23, 24, 25, 26, 27, 28, 29, 30]","['Amount_log1p', 'V1', 'V2', 'V3', 'V4', 'V5', 'V6', 'V7', 'V8', 'V9', 'V10', 'V11', 'V12', 'V13', 'V14', 'V15', 'V16', 'V17', 'V18', 'V19', 'V20', 'V21', 'V22', 'V23', 'V24', 'V25', 'V26', 'V27', 'V28', 'Time_sin', 'Time_cos']"
CostSensitiveLearning___RandomizedSearchCV__niter_30__cv_5,4,9,DecisionTreeClassifier,resubstitution,315,21935,200,111,0.9862151500376757,0.6116504854368932,0.7394366197183099,0.6695005313496281,0.9909645358030269,0.009035464196973098,0.8652005777606684,0.8560113706107614,0.6656370669222063,0.6625256040787796,0.8652005777606685,0.4571967620816064,22561,0.7097290921415486,0.039728535742974566,0.6963355634276217,0.05476729736141249,"{'classifier__ccp_alpha': np.float64(0.006865109908777552), 'classifier__max_depth': 5, 'classifier__max_features': 'sqrt', 'classifier__max_leaf_nodes': 8, 'classifier__min_impurity_decrease': np.float64(0.08263997937864323), 'classifier__min_samples_leaf': 4, 'classifier__min_samples_split': 4, 'feature_selection_filter__k': 'all'}",3.942983865737915,"[0, 1, 2, 3, 4, 5, 6, 7, 8, 9, 10, 11, 12, 13, 14, 15, 16, 17, 18, 19, 20, 21, 22, 23, 24, 25, 26, 27, 28, 29, 30]","['Amount_log1p', 'V1', 'V2', 'V3', 'V4', 'V5', 'V6', 'V7', 'V8', 'V9', 'V10', 'V11', 'V12', 'V13', 'V14', 'V15', 'V16', 'V17', 'V18', 'V19', 'V20', 'V21', 'V22', 'V23', 'V24', 'V25', 'V26', 'V27', 'V28', 'Time_sin', 'Time_cos']"
CostSensitiveLearning___RandomizedSearchCV__niter_30__cv_5,4,10,DecisionTreeClassifier,resubstitution,317,21897,238,109,0.9846194760870529,0.5711711711711712,0.744131455399061,0.6462793068297655,0.989247797605602,0.010752202394398003,0.8666896265023315,0.857980421328233,0.6444008975070008,0.6385570365236359,0.8666896265023315,0.4298577810138643,22561,0.6665252903174679,0.05333671685178744,0.6584279248739587,0.05098805642282961,"{'classifier__ccp_alpha': np.float64(0.00024711558581964833), 'classifier__max_depth': 12, 'classifier__max_features': 'sqrt', 'classifier__max_leaf_nodes': 12, 'classifier__min_impurity_decrease': np.float64(0.07851508872115993), 'classifier__min_samples_leaf': 2, 'classifier__min_samples_split': 2, 'feature_selection_filter__k': 'all'}",4.007476091384888,"[0, 1, 2, 3, 4, 5, 6, 7, 8, 9, 10, 11, 12, 13, 14, 15, 16, 17, 18, 19, 20, 21, 22, 23, 24, 25, 26, 27, 28, 29, 30]","['Amount_log1p', 'V1', 'V2', 'V3', 'V4', 'V5', 'V6', 'V7', 'V8', 'V9', 'V10', 'V11', 'V12', 'V13', 'V14', 'V15', 'V16', 'V17', 'V18', 'V19', 'V20', 'V21', 'V22', 'V23', 'V24', 'V25', 'V26', 'V27', 'V28', 'Time_sin', 'Time_cos']"
CostSensitiveLearning___RandomizedSearchCV__niter_30__cv_5,5,1,DecisionTreeClassifier,resubstitution,324,21894,240,102,0.9848404255319149,0.574468085106383,0.7605633802816901,0.6545454545454545,0.9891569531038221,0.010843046896177877,0.8748601666927561,0.8673618367681276,0.6536159392820535,0.6469495199752245,0.874860166692756,0.441440665268205,22560,0.6445542692906312,0.013805791144850275,0.6396787848074736,0.020899278076249347,"{'classifier__ccp_alpha': np.float64(0.009581198617624805), 'classifier__max_depth': 4, 'classifier__max_features': 'log2', 'classifier__max_leaf_nodes': 19, 'classifier__min_impurity_decrease': np.float64(0.07414409900758416), 'classifier__min_samples_leaf': 4, 'classifier__min_samples_split': 3, 'feature_selection_filter__k': 'all'}",3.769680976867676,"[0, 1, 2, 3, 4, 5, 6, 7, 8, 9, 10, 11, 12, 13, 14, 15, 16, 17, 18, 19, 20, 21, 22, 23, 24, 25, 26, 27, 28, 29, 30]","['Amount_log1p', 'V1', 'V2', 'V3', 'V4', 'V5', 'V6', 'V7', 'V8', 'V9', 'V10', 'V11', 'V12', 'V13', 'V14', 'V15', 'V16', 'V17', 'V18', 'V19', 'V20', 'V21', 'V22', 'V23', 'V24', 'V25', 'V26', 'V27', 'V28', 'Time_sin', 'Time_cos']"
CostSensitiveLearning___RandomizedSearchCV__niter_30__cv_5,5,2,DecisionTreeClassifier,resubstitution,342,22023,111,84,0.9913563829787234,0.7549668874172185,0.8028169014084507,0.7781569965870307,0.9949850908105178,0.0050149091894822195,0.8989009961094843,0.8937509986299909,0.7741335010529803,0.7737535617151036,0.9004765468204546,0.612466438224061,22560,0.7872450121986635,0.02251892091684867,0.7767734280897481,0.05065967074632196,"{'classifier__ccp_alpha': np.float64(0.0038708414325518015), 'classifier__max_depth': 3, 'classifier__max_features': 'log2', 'classifier__max_leaf_nodes': 11, 'classifier__min_impurity_decrease': np.float64(0.012456394081953504), 'classifier__min_samples_leaf': 1, 'classifier__min_samples_split': 6, 'feature_selection_filter__k': 28}",3.8789782524108887,"[0, 1, 2, 3, 4, 5, 6, 7, 8, 9, 10, 11, 12, 14, 16, 17, 18, 19, 20, 21, 22, 23, 24, 26, 27, 28, 29, 30]","['Amount_log1p', 'V1', 'V2', 'V3', 'V4', 'V5', 'V6', 'V7', 'V8', 'V9', 'V10', 'V11', 'V12', 'V14', 'V16', 'V17', 'V18', 'V19', 'V20', 'V21', 'V22', 'V23', 'V24', 'V26', 'V27', 'V28', 'Time_sin', 'Time_cos']"
CostSensitiveLearning___RandomizedSearchCV__niter_30__cv_5,5,3,DecisionTreeClassifier,resubstitution,312,21886,248,114,0.9839539007092198,0.5571428571428572,0.7323943661971831,0.6328600405679513,0.988795518207283,0.011204481792717047,0.860594942202233,0.8509925186839413,0.6309268720573571,0.6248125606421453,0.860594942202233,0.4131014812277923,22560,0.6720582838833229,0.06788394577407729,0.6600773221825671,0.0708009067133903,"{'classifier__ccp_alpha': np.float64(0.0001270367052819521), 'classifier__max_depth': 11, 'classifier__max_features': 'log2', 'classifier__max_leaf_nodes': 17, 'classifier__min_impurity_decrease': np.float64(0.06508572131708334), 'classifier__min_samples_leaf': 9, 'classifier__min_samples_split': 6, 'feature_selection_filter__k': 'all'}",4.019463777542114,"[0, 1, 2, 3, 4, 5, 6, 7, 8, 9, 10, 11, 12, 13, 14, 15, 16, 17, 18, 19, 20, 21, 22, 23, 24, 25, 26, 27, 28, 29, 30]","['Amount_log1p', 'V1', 'V2', 'V3', 'V4', 'V5', 'V6', 'V7', 'V8', 'V9', 'V10', 'V11', 'V12', 'V13', 'V14', 'V15', 'V16', 'V17', 'V18', 'V19', 'V20', 'V21', 'V22', 'V23', 'V24', 'V25', 'V26', 'V27', 'V28', 'Time_sin', 'Time_cos']"
CostSensitiveLearning___RandomizedSearchCV__niter_30__cv_5,5,4,DecisionTreeClassifier,resubstitution,318,21894,240,108,0.9845744680851064,0.5698924731182796,0.7464788732394366,0.6463414634146342,0.9891569531038221,0.010843046896177877,0.8678179131716294,0.8592931791943279,0.6446877891755893,0.6386017360639273,0.8678179131716293,0.4301999252435225,22560,0.6319444626094513,0.00824604157134425,0.6273483274123886,0.031330464412437434,"{'classifier__ccp_alpha': np.float64(0.0022166162113473786), 'classifier__max_depth': 12, 'classifier__max_features': 'sqrt', 'classifier__max_leaf_nodes': 15, 'classifier__min_impurity_decrease': np.float64(0.09063541596959103), 'classifier__min_samples_leaf': 5, 'classifier__min_samples_split': 4, 'feature_selection_filter__k': 'all'}",3.7149596214294434,"[0, 1, 2, 3, 4, 5, 6, 7, 8, 9, 10, 11, 12, 13, 14, 15, 16, 17, 18, 19, 20, 21, 22, 23, 24, 25, 26, 27, 28, 29, 30]","['Amount_log1p', 'V1', 'V2', 'V3', 'V4', 'V5', 'V6', 'V7', 'V8', 'V9', 'V10', 'V11', 'V12', 'V13', 'V14', 'V15', 'V16', 'V17', 'V18', 'V19', 'V20', 'V21', 'V22', 'V23', 'V24', 'V25', 'V26', 'V27', 'V28', 'Time_sin', 'Time_cos']"
CostSensitiveLearning___RandomizedSearchCV__niter_30__cv_5,5,5,DecisionTreeClassifier,resubstitution,344,22079,56,81,0.993927304964539,0.86,0.8094117647058824,0.833939393939394,0.9974700700248476,0.002529929975152445,0.903440917365365,0.8985343675230858,0.8312454724219459,0.8308493870402802,0.9049275701245033,0.7023577988042059,22560,0.7289774525854156,0.11596128118814027,0.716805170635728,0.12886195392904923,"{'classifier__ccp_alpha': np.float64(0.0067892634846837665), 'classifier__max_depth': 18, 'classifier__max_features': 'log2', 'classifier__max_leaf_nodes': 4, 'classifier__min_impurity_decrease': np.float64(0.004389700153101828), 'classifier__min_samples_leaf': 2, 'classifier__min_samples_split': 2, 'feature_selection_filter__k': 28}",3.9218897819519043,"[0, 1, 2, 3, 4, 5, 6, 7, 8, 9, 10, 11, 12, 14, 16, 17, 18, 19, 20, 21, 22, 23, 24, 26, 27, 28, 29, 30]","['Amount_log1p', 'V1', 'V2', 'V3', 'V4', 'V5', 'V6', 'V7', 'V8', 'V9', 'V10', 'V11', 'V12', 'V14', 'V16', 'V17', 'V18', 'V19', 'V20', 'V21', 'V22', 'V23', 'V24', 'V26', 'V27', 'V28', 'Time_sin', 'Time_cos']"
CostSensitiveLearning___RandomizedSearchCV__niter_30__cv_5,5,6,DecisionTreeClassifier,resubstitution,310,22060,75,115,0.9915780141843972,0.8051948051948052,0.7294117647058823,0.7654320987654321,0.996611700926135,0.003388299073864953,0.8630117328160087,0.852607940086804,0.7621188559210292,0.761154775204986,0.8630117328160087,0.5924160815196485,22560,0.7399830416978042,0.04419751327120332,0.7408960231748034,0.08642625894529,"{'classifier__ccp_alpha': np.float64(0.008079710642981639), 'classifier__max_depth': 15, 'classifier__max_features': 'log2', 'classifier__max_leaf_nodes': 2, 'classifier__min_impurity_decrease': np.float64(0.01909805117909871), 'classifier__min_samples_leaf': 6, 'classifier__min_samples_split': 9, 'feature_selection_filter__k': 'all'}",3.677886724472046,"[0, 1, 2, 3, 4, 5, 6, 7, 8, 9, 10, 11, 12, 13, 14, 15, 16, 17, 18, 19, 20, 21, 22, 23, 24, 25, 26, 27, 28, 29, 30]","['Amount_log1p', 'V1', 'V2', 'V3', 'V4', 'V5', 'V6', 'V7', 'V8', 'V9', 'V10', 'V11', 'V12', 'V13', 'V14', 'V15', 'V16', 'V17', 'V18', 'V19', 'V20', 'V21', 'V22', 'V23', 'V24', 'V25', 'V26', 'V27', 'V28', 'Time_sin', 'Time_cos']"
CostSensitiveLearning___RandomizedSearchCV__niter_30__cv_5,5,7,DecisionTreeClassifier,resubstitution,322,21883,252,103,0.9842641843971631,0.5609756097560976,0.7576470588235295,0.6446446446446447,0.9886153151118139,0.011384684888186114,0.8731311869676717,0.865460273959679,0.644312735184914,0.6367815382996652,0.8731311869676717,0.42958712364032287,22560,0.6359195803249299,0.01139252177418407,0.6278723122839908,0.05839252895577254,"{'classifier__ccp_alpha': np.float64(0.006475510493530234), 'classifier__max_depth': 18, 'classifier__max_features': 'log2', 'classifier__max_leaf_nodes': 12, 'classifier__min_impurity_decrease': np.float64(0.06524178750536233), 'classifier__min_samples_leaf': 2, 'classifier__min_samples_split': 2, 'feature_selection_filter__k': 'all'}",3.9209437370300293,"[0, 1, 2, 3, 4, 5, 6, 7, 8, 9, 10, 11, 12, 13, 14, 15, 16, 17, 18, 19, 20, 21, 22, 23, 24, 25, 26, 27, 28, 29, 30]","['Amount_log1p', 'V1', 'V2', 'V3', 'V4', 'V5', 'V6', 'V7', 'V8', 'V9', 'V10', 'V11', 'V12', 'V13', 'V14', 'V15', 'V16', 'V17', 'V18', 'V19', 'V20', 'V21', 'V22', 'V23', 'V24', 'V25', 'V26', 'V27', 'V28', 'Time_sin', 'Time_cos']"
CostSensitiveLearning___RandomizedSearchCV__niter_30__cv_5,5,8,DecisionTreeClassifier,resubstitution,342,22031,104,84,0.9916670360356368,0.7668161434977578,0.8028169014084507,0.7844036697247706,0.995301558617574,0.004698441382426033,0.8990592300130124,0.8938931218307714,0.7803708123280456,0.7801573611427861,0.9006720391621621,0.6220162693959671,22561,0.7285929354946524,0.14881140086670114,0.7240492743112572,0.12479810001147634,"{'classifier__ccp_alpha': np.float64(0.00499694320468834), 'classifier__max_depth': 7, 'classifier__max_features': 'log2', 'classifier__max_leaf_nodes': 13, 'classifier__min_impurity_decrease': np.float64(0.009692170943916412), 'classifier__min_samples_leaf': 9, 'classifier__min_samples_split': 4, 'feature_selection_filter__k': 28}",3.9634721279144287,"[0, 1, 2, 3, 4, 5, 6, 7, 8, 9, 10, 11, 12, 14, 16, 17, 18, 19, 20, 21, 22, 23, 24, 25, 27, 28, 29, 30]","['Amount_log1p', 'V1', 'V2', 'V3', 'V4', 'V5', 'V6', 'V7', 'V8', 'V9', 'V10', 'V11', 'V12', 'V14', 'V16', 'V17', 'V18', 'V19', 'V20', 'V21', 'V22', 'V23', 'V24', 'V25', 'V27', 'V28', 'Time_sin', 'Time_cos']"
CostSensitiveLearning___RandomizedSearchCV__niter_30__cv_5,5,9,DecisionTreeClassifier,resubstitution,331,22077,58,95,0.9932183857098533,0.8508997429305912,0.7769953051643192,0.8122699386503067,0.9973797153828778,0.0026202846171221594,0.8871875102735985,0.8803177587204639,0.8096897888275548,0.8088240075051838,0.8986377871172522,0.673908089637607,22561,0.7561841727898854,0.14210958792095202,0.7405734169800614,0.16016053482213594,"{'classifier__ccp_alpha': np.float64(0.009901698034401177), 'classifier__max_depth': 14, 'classifier__max_features': 'sqrt', 'classifier__max_leaf_nodes': 3, 'classifier__min_impurity_decrease': np.float64(0.007896735640126329), 'classifier__min_samples_leaf': 9, 'classifier__min_samples_split': 7, 'feature_selection_filter__k': 22}",3.7675857543945312,"[1, 2, 3, 4, 5, 6, 7, 8, 9, 10, 11, 12, 14, 16, 17, 18, 19, 20, 21, 27, 28, 29]","['V1', 'V2', 'V3', 'V4', 'V5', 'V6', 'V7', 'V8', 'V9', 'V10', 'V11', 'V12', 'V14', 'V16', 'V17', 'V18', 'V19', 'V20', 'V21', 'V27', 'V28', 'Time_sin']"
CostSensitiveLearning___RandomizedSearchCV__niter_30__cv_5,5,10,DecisionTreeClassifier,resubstitution,345,22026,109,81,0.9915783874828243,0.7599118942731278,0.8098591549295775,0.7840909090909091,0.9950756720126497,0.004924327987350319,0.9024674134711136,0.897703259895577,0.7802116825899782,0.7798007815534,0.9029303219361345,0.6209825068537786,22561,0.7185503387597237,0.14161630766377556,0.72265624259761,0.14771566703089842,"{'classifier__ccp_alpha': np.float64(0.00967536336324315), 'classifier__max_depth': 11, 'classifier__max_features': 'log2', 'classifier__max_leaf_nodes': 12, 'classifier__min_impurity_decrease': np.float64(0.021311127795494014), 'classifier__min_samples_leaf': 7, 'classifier__min_samples_split': 4, 'feature_selection_filter__k': 28}",3.733358383178711,"[0, 1, 2, 3, 4, 5, 6, 7, 8, 9, 10, 11, 12, 14, 16, 17, 18, 19, 20, 21, 22, 23, 24, 25, 26, 27, 28, 29]","['Amount_log1p', 'V1', 'V2', 'V3', 'V4', 'V5', 'V6', 'V7', 'V8', 'V9', 'V10', 'V11', 'V12', 'V14', 'V16', 'V17', 'V18', 'V19', 'V20', 'V21', 'V22', 'V23', 'V24', 'V25', 'V26', 'V27', 'V28', 'Time_sin']"
CostSensitiveLearning___RandomizedSearchCV__niter_30__cv_5,6,1,DecisionTreeClassifier,resubstitution,317,21885,249,109,0.9841312056737589,0.5600706713780919,0.744131455399061,0.6391129032258065,0.9887503388452155,0.01124966115478454,0.8664408971221382,0.8577646697499292,0.6378350192735359,0.6311652840296935,0.8664408971221382,0.42159776410259664,22560,0.6682848932685624,0.052775002207903106,0.6490597505579025,0.045459669561695185,"{'classifier__ccp_alpha': np.float64(0.00048490519087940554), 'classifier__max_depth': 14, 'classifier__max_features': 'sqrt', 'classifier__max_leaf_nodes': 15, 'classifier__min_impurity_decrease': np.float64(0.09485748293586023), 'classifier__min_samples_leaf': 8, 'classifier__min_samples_split': 6, 'feature_selection_filter__k': 'all'}",3.76410174369812,"[0, 1, 2, 3, 4, 5, 6, 7, 8, 9, 10, 11, 12, 13, 14, 15, 16, 17, 18, 19, 20, 21, 22, 23, 24, 25, 26, 27, 28, 29, 30]","['Amount_log1p', 'V1', 'V2', 'V3', 'V4', 'V5', 'V6', 'V7', 'V8', 'V9', 'V10', 'V11', 'V12', 'V13', 'V14', 'V15', 'V16', 'V17', 'V18', 'V19', 'V20', 'V21', 'V22', 'V23', 'V24', 'V25', 'V26', 'V27', 'V28', 'Time_sin', 'Time_cos']"
CostSensitiveLearning___RandomizedSearchCV__niter_30__cv_5,6,2,DecisionTreeClassifier,resubstitution,314,21888,246,112,0.9841312056737589,0.5607142857142857,0.7370892018779343,0.6369168356997972,0.9888858769314177,0.011114123068582282,0.862987539404676,0.8537547082012139,0.6351131589193173,0.6289582782041105,0.862987539404676,0.41826098434579106,22560,0.6939745162461433,0.05779976168840088,0.6787867373670116,0.04646331716910635,"{'classifier__ccp_alpha': np.float64(0.008120366525577502), 'classifier__max_depth': 8, 'classifier__max_features': 'sqrt', 'classifier__max_leaf_nodes': 9, 'classifier__min_impurity_decrease': np.float64(0.09023038480784856), 'classifier__min_samples_leaf': 8, 'classifier__min_samples_split': 4, 'feature_selection_filter__k': 'all'}",3.8766462802886963,"[0, 1, 2, 3, 4, 5, 6, 7, 8, 9, 10, 11, 12, 13, 14, 15, 16, 17, 18, 19, 20, 21, 22, 23, 24, 25, 26, 27, 28, 29, 30]","['Amount_log1p', 'V1', 'V2', 'V3', 'V4', 'V5', 'V6', 'V7', 'V8', 'V9', 'V10', 'V11', 'V12', 'V13', 'V14', 'V15', 'V16', 'V17', 'V18', 'V19', 'V20', 'V21', 'V22', 'V23', 'V24', 'V25', 'V26', 'V27', 'V28', 'Time_sin', 'Time_cos']"
CostSensitiveLearning___RandomizedSearchCV__niter_30__cv_5,6,3,DecisionTreeClassifier,resubstitution,322,21896,238,104,0.9848404255319149,0.575,0.755868544600939,0.6531440162271805,0.989247311827957,0.010752688172043001,0.872557928214448,0.8647201430762378,0.6518583063671586,0.6455411484519715,0.872557928214448,0.43923434222355406,22560,0.6444352184438433,0.0160159079973962,0.6334707344373512,0.033652161559832715,"{'classifier__ccp_alpha': np.float64(0.008067890576950428), 'classifier__max_depth': 5, 'classifier__max_features': 'log2', 'classifier__max_leaf_nodes': 15, 'classifier__min_impurity_decrease': np.float64(0.06277969168740836), 'classifier__min_samples_leaf': 2, 'classifier__min_samples_split': 4, 'feature_selection_filter__k': 'all'}",3.707063674926758,"[0, 1, 2, 3, 4, 5, 6, 7, 8, 9, 10, 11, 12, 13, 14, 15, 16, 17, 18, 19, 20, 21, 22, 23, 24, 25, 26, 27, 28, 29, 30]","['Amount_log1p', 'V1', 'V2', 'V3', 'V4', 'V5', 'V6', 'V7', 'V8', 'V9', 'V10', 'V11', 'V12', 'V13', 'V14', 'V15', 'V16', 'V17', 'V18', 'V19', 'V20', 'V21', 'V22', 'V23', 'V24', 'V25', 'V26', 'V27', 'V28', 'Time_sin', 'Time_cos']"
CostSensitiveLearning___RandomizedSearchCV__niter_30__cv_5,6,4,DecisionTreeClassifier,resubstitution,347,22081,53,79,0.9941489361702127,0.8675,0.8145539906103286,0.8401937046004843,0.9976054938104274,0.0023945061895725983,0.906079742210378,0.9014452484971404,0.8376473117207291,0.8372166246851385,0.9088426298885448,0.7135203003511535,22560,0.6871118829581524,0.19789690514588895,0.6832456473586477,0.17935561969256136,"{'classifier__ccp_alpha': np.float64(0.0023786885552472448), 'classifier__max_depth': 7, 'classifier__max_features': 'log2', 'classifier__max_leaf_nodes': 4, 'classifier__min_impurity_decrease': np.float64(0.012105507293337392), 'classifier__min_samples_leaf': 5, 'classifier__min_samples_split': 9, 'feature_selection_filter__k': 28}",3.7480545043945312,"[0, 1, 2, 3, 4, 5, 6, 7, 8, 9, 10, 11, 12, 14, 16, 17, 18, 19, 20, 21, 22, 23, 24, 26, 27, 28, 29, 30]","['Amount_log1p', 'V1', 'V2', 'V3', 'V4', 'V5', 'V6', 'V7', 'V8', 'V9', 'V10', 'V11', 'V12', 'V14', 'V16', 'V17', 'V18', 'V19', 'V20', 'V21', 'V22', 'V23', 'V24', 'V26', 'V27', 'V28', 'Time_sin', 'Time_cos']"
CostSensitiveLearning___RandomizedSearchCV__niter_30__cv_5,6,5,DecisionTreeClassifier,resubstitution,319,21893,242,106,0.9845744680851064,0.5686274509803921,0.7505882352941177,0.6470588235294118,0.9890670883216626,0.010932911678337431,0.8698276618078902,0.8616159935904439,0.645774237208143,0.6393270459234512,0.8698276618078901,0.4315036565314486,22560,0.691244545319512,0.051707225425413963,0.6862754645286229,0.06610756233879744,"{'classifier__ccp_alpha': np.float64(0.007440902990346757), 'classifier__max_depth': 18, 'classifier__max_features': 'log2', 'classifier__max_leaf_nodes': 2, 'classifier__min_impurity_decrease': np.float64(0.019052320939939207), 'classifier__min_samples_leaf': 6, 'classifier__min_samples_split': 6, 'feature_selection_filter__k': 'all'}",3.7547056674957275,"[0, 1, 2, 3, 4, 5, 6, 7, 8, 9, 10, 11, 12, 13, 14, 15, 16, 17, 18, 19, 20, 21, 22, 23, 24, 25, 26, 27, 28, 29, 30]","['Amount_log1p', 'V1', 'V2', 'V3', 'V4', 'V5', 'V6', 'V7', 'V8', 'V9', 'V10', 'V11', 'V12', 'V13', 'V14', 'V15', 'V16', 'V17', 'V18', 'V19', 'V20', 'V21', 'V22', 'V23', 'V24', 'V25', 'V26', 'V27', 'V28', 'Time_sin', 'Time_cos']"
CostSensitiveLearning___RandomizedSearchCV__niter_30__cv_5,6,6,DecisionTreeClassifier,resubstitution,316,21889,246,109,0.9842641843971631,0.5622775800711743,0.7435294117647059,0.6403242147923,0.988886379037723,0.011113620962276971,0.8662078954012145,0.8574765930963062,0.638898944443797,0.6324387237241509,0.8662078954012146,0.4229014786424905,22560,0.6866855719049586,0.0714546373456906,0.666873894133116,0.07361917355251996,"{'classifier__ccp_alpha': np.float64(0.004709664349722401), 'classifier__max_depth': 4, 'classifier__max_features': 'log2', 'classifier__max_leaf_nodes': 19, 'classifier__min_impurity_decrease': np.float64(0.06644262366068653), 'classifier__min_samples_leaf': 1, 'classifier__min_samples_split': 4, 'feature_selection_filter__k': 'all'}",3.797719717025757,"[0, 1, 2, 3, 4, 5, 6, 7, 8, 9, 10, 11, 12, 13, 14, 15, 16, 17, 18, 19, 20, 21, 22, 23, 24, 25, 26, 27, 28, 29, 30]","['Amount_log1p', 'V1', 'V2', 'V3', 'V4', 'V5', 'V6', 'V7', 'V8', 'V9', 'V10', 'V11', 'V12', 'V13', 'V14', 'V15', 'V16', 'V17', 'V18', 'V19', 'V20', 'V21', 'V22', 'V23', 'V24', 'V25', 'V26', 'V27', 'V28', 'Time_sin', 'Time_cos']"
CostSensitiveLearning___RandomizedSearchCV__niter_30__cv_5,6,7,DecisionTreeClassifier,resubstitution,315,21893,242,110,0.9843971631205674,0.5655296229802513,0.7411764705882353,0.6415478615071283,0.9890670883216626,0.010932911678337431,0.865121779454949,0.8561969713198198,0.6397840609025613,0.6337201176911755,0.865121779454949,0.4240331364984207,22560,0.6476737949204016,0.014652572674798296,0.643025487097872,0.018331462242821638,"{'classifier__ccp_alpha': np.float64(0.004774256262081964), 'classifier__max_depth': 12, 'classifier__max_features': 'log2', 'classifier__max_leaf_nodes': 12, 'classifier__min_impurity_decrease': np.float64(0.08678563904757007), 'classifier__min_samples_leaf': 3, 'classifier__min_samples_split': 5, 'feature_selection_filter__k': 'all'}",4.013438701629639,"[0, 1, 2, 3, 4, 5, 6, 7, 8, 9, 10, 11, 12, 13, 14, 15, 16, 17, 18, 19, 20, 21, 22, 23, 24, 25, 26, 27, 28, 29, 30]","['Amount_log1p', 'V1', 'V2', 'V3', 'V4', 'V5', 'V6', 'V7', 'V8', 'V9', 'V10', 'V11', 'V12', 'V13', 'V14', 'V15', 'V16', 'V17', 'V18', 'V19', 'V20', 'V21', 'V22', 'V23', 'V24', 'V25', 'V26', 'V27', 'V28', 'Time_sin', 'Time_cos']"
CostSensitiveLearning___RandomizedSearchCV__niter_30__cv_5,6,8,DecisionTreeClassifier,resubstitution,314,21887,248,112,0.9840432604937724,0.5587188612099644,0.7370892018779343,0.6356275303643725,0.9887960243957533,0.011203975604246685,0.8629426131368438,0.8537159202228457,0.6339323176130891,0.6276285054762996,0.8629426131368437,0.41678995844089395,22561,0.6740418453723916,0.0706250616443664,0.6724648851480658,0.07130018297643244,"{'classifier__ccp_alpha': np.float64(0.005493784178160719), 'classifier__max_depth': 6, 'classifier__max_features': 'log2', 'classifier__max_leaf_nodes': 11, 'classifier__min_impurity_decrease': np.float64(0.08885617542080104), 'classifier__min_samples_leaf': 2, 'classifier__min_samples_split': 7, 'feature_selection_filter__k': 'all'}",3.788788080215454,"[0, 1, 2, 3, 4, 5, 6, 7, 8, 9, 10, 11, 12, 13, 14, 15, 16, 17, 18, 19, 20, 21, 22, 23, 24, 25, 26, 27, 28, 29, 30]","['Amount_log1p', 'V1', 'V2', 'V3', 'V4', 'V5', 'V6', 'V7', 'V8', 'V9', 'V10', 'V11', 'V12', 'V13', 'V14', 'V15', 'V16', 'V17', 'V18', 'V19', 'V20', 'V21', 'V22', 'V23', 'V24', 'V25', 'V26', 'V27', 'V28', 'Time_sin', 'Time_cos']"
CostSensitiveLearning___RandomizedSearchCV__niter_30__cv_5,6,9,DecisionTreeClassifier,resubstitution,319,21890,245,107,0.984397854705022,0.5656028368794326,0.7488262910798122,0.6444444444444445,0.9889315563587079,0.011068443641292114,0.86887892371926,0.8605451466831229,0.6431867972697531,0.6366267606722935,0.86887892371926,0.42828097214010763,22561,0.6681003368029523,0.047938093025232276,0.6553675889328063,0.029825778302926122,"{'classifier__ccp_alpha': np.float64(0.005434049417909655), 'classifier__max_depth': 6, 'classifier__max_features': 'log2', 'classifier__max_leaf_nodes': 17, 'classifier__min_impurity_decrease': np.float64(0.08447761323199038), 'classifier__min_samples_leaf': 5, 'classifier__min_samples_split': 4, 'feature_selection_filter__k': 'all'}",3.787645101547241,"[0, 1, 2, 3, 4, 5, 6, 7, 8, 9, 10, 11, 12, 13, 14, 15, 16, 17, 18, 19, 20, 21, 22, 23, 24, 25, 26, 27, 28, 29, 30]","['Amount_log1p', 'V1', 'V2', 'V3', 'V4', 'V5', 'V6', 'V7', 'V8', 'V9', 'V10', 'V11', 'V12', 'V13', 'V14', 'V15', 'V16', 'V17', 'V18', 'V19', 'V20', 'V21', 'V22', 'V23', 'V24', 'V25', 'V26', 'V27', 'V28', 'Time_sin', 'Time_cos']"
CostSensitiveLearning___RandomizedSearchCV__niter_30__cv_5,6,10,DecisionTreeClassifier,resubstitution,317,21889,246,109,0.9842648818758034,0.5630550621669627,0.744131455399061,0.641051567239636,0.988886379037723,0.011113620962276971,0.866508917218392,0.8578236767877466,0.6396071465889382,0.6331654433970211,0.866508917218392,0.4238183290083852,22561,0.6395709724949828,0.022257348099530776,0.6294163301517135,0.026131950652874224,"{'classifier__ccp_alpha': np.float64(0.007606134451822728), 'classifier__max_depth': 13, 'classifier__max_features': 'sqrt', 'classifier__max_leaf_nodes': 13, 'classifier__min_impurity_decrease': np.float64(0.06221477973856694), 'classifier__min_samples_leaf': 8, 'classifier__min_samples_split': 8, 'feature_selection_filter__k': 'all'}",3.8124752044677734,"[0, 1, 2, 3, 4, 5, 6, 7, 8, 9, 10, 11, 12, 13, 14, 15, 16, 17, 18, 19, 20, 21, 22, 23, 24, 25, 26, 27, 28, 29, 30]","['Amount_log1p', 'V1', 'V2', 'V3', 'V4', 'V5', 'V6', 'V7', 'V8', 'V9', 'V10', 'V11', 'V12', 'V13', 'V14', 'V15', 'V16', 'V17', 'V18', 'V19', 'V20', 'V21', 'V22', 'V23', 'V24', 'V25', 'V26', 'V27', 'V28', 'Time_sin', 'Time_cos']"
CostSensitiveLearning___RandomizedSearchCV__niter_30__cv_5,7,1,DecisionTreeClassifier,resubstitution,312,21887,247,114,0.9839982269503547,0.5581395348837209,0.7323943661971831,0.6335025380710659,0.9888406975693503,0.011159302430649665,0.8606175318832667,0.8510119599431519,0.6315161628459343,0.625475481358482,0.8606175318832666,0.41383144239011505,22560,0.6770020043121047,0.06812800977492489,0.6678044241242512,0.058026037797108805,"{'classifier__ccp_alpha': np.float64(0.002490707183149773), 'classifier__max_depth': 10, 'classifier__max_features': 'log2', 'classifier__max_leaf_nodes': 14, 'classifier__min_impurity_decrease': np.float64(0.09017984195830375), 'classifier__min_samples_leaf': 2, 'classifier__min_samples_split': 3, 'feature_selection_filter__k': 'all'}",3.826343536376953,"[0, 1, 2, 3, 4, 5, 6, 7, 8, 9, 10, 11, 12, 13, 14, 15, 16, 17, 18, 19, 20, 21, 22, 23, 24, 25, 26, 27, 28, 29, 30]","['Amount_log1p', 'V1', 'V2', 'V3', 'V4', 'V5', 'V6', 'V7', 'V8', 'V9', 'V10', 'V11', 'V12', 'V13', 'V14', 'V15', 'V16', 'V17', 'V18', 'V19', 'V20', 'V21', 'V22', 'V23', 'V24', 'V25', 'V26', 'V27', 'V28', 'Time_sin', 'Time_cos']"
CostSensitiveLearning___RandomizedSearchCV__niter_30__cv_5,7,2,DecisionTreeClassifier,resubstitution,314,21887,247,112,0.9840868794326241,0.5597147950089126,0.7370892018779343,0.6362715298885512,0.9888406975693503,0.011159302430649665,0.8629649497236422,0.853735205175359,0.6345217835063697,0.628292548061963,0.8629649497236423,0.4175242705394832,22560,0.6646549769281765,0.053358743054712825,0.6549106452103032,0.062381774400889316,"{'classifier__ccp_alpha': np.float64(0.005489086223149702), 'classifier__max_depth': 12, 'classifier__max_features': 'sqrt', 'classifier__max_leaf_nodes': 7, 'classifier__min_impurity_decrease': np.float64(0.042189911865158095), 'classifier__min_samples_leaf': 6, 'classifier__min_samples_split': 7, 'feature_selection_filter__k': 'all'}",3.815845012664795,"[0, 1, 2, 3, 4, 5, 6, 7, 8, 9, 10, 11, 12, 13, 14, 15, 16, 17, 18, 19, 20, 21, 22, 23, 24, 25, 26, 27, 28, 29, 30]","['Amount_log1p', 'V1', 'V2', 'V3', 'V4', 'V5', 'V6', 'V7', 'V8', 'V9', 'V10', 'V11', 'V12', 'V13', 'V14', 'V15', 'V16', 'V17', 'V18', 'V19', 'V20', 'V21', 'V22', 'V23', 'V24', 'V25', 'V26', 'V27', 'V28', 'Time_sin', 'Time_cos']"
CostSensitiveLearning___RandomizedSearchCV__niter_30__cv_5,7,3,DecisionTreeClassifier,resubstitution,354,21349,785,72,0.9620124113475177,0.3107989464442493,0.8309859154929577,0.4523961661341853,0.9645342007770851,0.03546579922291493,0.8977600581350214,0.8952733302500496,0.49454314437262803,0.43691939170966243,0.9108243176113396,0.6952183592132329,22560,0.651011490978572,0.16595431723712148,0.6336730551655511,0.15923481595972233,"{'classifier__ccp_alpha': np.float64(0.0036708211376433276), 'classifier__max_depth': 5, 'classifier__max_features': 'sqrt', 'classifier__max_leaf_nodes': 5, 'classifier__min_impurity_decrease': np.float64(0.013624218744234985), 'classifier__min_samples_leaf': 6, 'classifier__min_samples_split': 4, 'feature_selection_filter__k': 22}",3.7189524173736572,"[1, 2, 3, 4, 5, 6, 7, 8, 9, 10, 11, 12, 14, 16, 17, 18, 19, 20, 21, 27, 28, 29]","['V1', 'V2', 'V3', 'V4', 'V5', 'V6', 'V7', 'V8', 'V9', 'V10', 'V11', 'V12', 'V14', 'V16', 'V17', 'V18', 'V19', 'V20', 'V21', 'V27', 'V28', 'Time_sin']"
CostSensitiveLearning___RandomizedSearchCV__niter_30__cv_5,7,4,DecisionTreeClassifier,resubstitution,317,21890,244,109,0.9843528368794326,0.5650623885918004,0.744131455399061,0.6423505572441742,0.9889762356555526,0.011023764344447406,0.8665538455273067,0.8578626496085787,0.6407957572547813,0.6345049288742979,0.8665538455273069,0.4253122578977741,22560,0.6876268357605447,0.06254600166196359,0.6808386767599991,0.08458038748689588,"{'classifier__ccp_alpha': np.float64(0.0008373992389638219), 'classifier__max_depth': 12, 'classifier__max_features': 'sqrt', 'classifier__max_leaf_nodes': 2, 'classifier__min_impurity_decrease': np.float64(0.010568683531908452), 'classifier__min_samples_leaf': 1, 'classifier__min_samples_split': 6, 'feature_selection_filter__k': 'all'}",3.8221960067749023,"[0, 1, 2, 3, 4, 5, 6, 7, 8, 9, 10, 11, 12, 13, 14, 15, 16, 17, 18, 19, 20, 21, 22, 23, 24, 25, 26, 27, 28, 29, 30]","['Amount_log1p', 'V1', 'V2', 'V3', 'V4', 'V5', 'V6', 'V7', 'V8', 'V9', 'V10', 'V11', 'V12', 'V13', 'V14', 'V15', 'V16', 'V17', 'V18', 'V19', 'V20', 'V21', 'V22', 'V23', 'V24', 'V25', 'V26', 'V27', 'V28', 'Time_sin', 'Time_cos']"
CostSensitiveLearning___RandomizedSearchCV__niter_30__cv_5,7,5,DecisionTreeClassifier,resubstitution,313,21885,250,112,0.9839539007092198,0.5559502664298401,0.7364705882352941,0.6336032388663968,0.9887056697537836,0.0112943302462164,0.8625881289945388,0.8533186076695735,0.6320360938558095,0.6255641145436215,0.8625881289945388,0.41440555875424506,22560,0.651031358715483,0.05934405389233506,0.6377732668419758,0.06446737994906383,"{'classifier__ccp_alpha': np.float64(0.0010977272335425592), 'classifier__max_depth': 6, 'classifier__max_features': 'sqrt', 'classifier__max_leaf_nodes': 17, 'classifier__min_impurity_decrease': np.float64(0.08257937651534017), 'classifier__min_samples_leaf': 8, 'classifier__min_samples_split': 7, 'feature_selection_filter__k': 'all'}",4.0116870403289795,"[0, 1, 2, 3, 4, 5, 6, 7, 8, 9, 10, 11, 12, 13, 14, 15, 16, 17, 18, 19, 20, 21, 22, 23, 24, 25, 26, 27, 28, 29, 30]","['Amount_log1p', 'V1', 'V2', 'V3', 'V4', 'V5', 'V6', 'V7', 'V8', 'V9', 'V10', 'V11', 'V12', 'V13', 'V14', 'V15', 'V16', 'V17', 'V18', 'V19', 'V20', 'V21', 'V22', 'V23', 'V24', 'V25', 'V26', 'V27', 'V28', 'Time_sin', 'Time_cos']"
CostSensitiveLearning___RandomizedSearchCV__niter_30__cv_5,7,6,DecisionTreeClassifier,resubstitution,318,21894,241,107,0.9845744680851064,0.5688729874776386,0.7482352941176471,0.6463414634146342,0.9891122656426474,0.010887734357352574,0.8686737798801473,0.860284085054756,0.6448806724713824,0.6386061612353957,0.8686737798801473,0.43039375490233395,22560,0.6468710272923401,0.00645484975239159,0.6468558234742922,0.026740114873240267,"{'classifier__ccp_alpha': np.float64(0.005222010194871737), 'classifier__max_depth': 11, 'classifier__max_features': 'sqrt', 'classifier__max_leaf_nodes': 16, 'classifier__min_impurity_decrease': np.float64(0.09822527162189802), 'classifier__min_samples_leaf': 5, 'classifier__min_samples_split': 2, 'feature_selection_filter__k': 'all'}",3.864800453186035,"[0, 1, 2, 3, 4, 5, 6, 7, 8, 9, 10, 11, 12, 13, 14, 15, 16, 17, 18, 19, 20, 21, 22, 23, 24, 25, 26, 27, 28, 29, 30]","['Amount_log1p', 'V1', 'V2', 'V3', 'V4', 'V5', 'V6', 'V7', 'V8', 'V9', 'V10', 'V11', 'V12', 'V13', 'V14', 'V15', 'V16', 'V17', 'V18', 'V19', 'V20', 'V21', 'V22', 'V23', 'V24', 'V25', 'V26', 'V27', 'V28', 'Time_sin', 'Time_cos']"
CostSensitiveLearning___RandomizedSearchCV__niter_30__cv_5,7,7,DecisionTreeClassifier,resubstitution,339,22023,112,86,0.9912234042553192,0.7516629711751663,0.7976470588235294,0.773972602739726,0.994940140049695,0.005059859950305001,0.8962935994366121,0.8908485148531762,0.7698541604561375,0.7695014399451784,0.8965918229049017,0.6053273683049715,22560,0.7146994402079585,0.14453728769211657,0.7132392724673062,0.13584965337030702,"{'classifier__ccp_alpha': np.float64(0.007231715716636847), 'classifier__max_depth': 8, 'classifier__max_features': 'log2', 'classifier__max_leaf_nodes': 4, 'classifier__min_impurity_decrease': np.float64(0.02129472349267765), 'classifier__min_samples_leaf': 8, 'classifier__min_samples_split': 7, 'feature_selection_filter__k': 28}",3.9907681941986084,"[0, 1, 2, 3, 4, 5, 6, 7, 8, 9, 10, 11, 12, 14, 16, 17, 18, 19, 20, 21, 23, 24, 25, 26, 27, 28, 29, 30]","['Amount_log1p', 'V1', 'V2', 'V3', 'V4', 'V5', 'V6', 'V7', 'V8', 'V9', 'V10', 'V11', 'V12', 'V14', 'V16', 'V17', 'V18', 'V19', 'V20', 'V21', 'V23', 'V24', 'V25', 'V26', 'V27', 'V28', 'Time_sin', 'Time_cos']"
CostSensitiveLearning___RandomizedSearchCV__niter_30__cv_5,7,8,DecisionTreeClassifier,resubstitution,323,21890,245,103,0.9845751518106467,0.5686619718309859,0.7582159624413145,0.6498993963782697,0.9889315563587079,0.011068443641292114,0.8735737594000113,0.8659236062107931,0.6491342381159455,0.6421777384776693,0.8735737594000113,0.43573398474544395,22561,0.6682561704683811,0.05679629991403366,0.6596672390144253,0.028512565892782685,"{'classifier__ccp_alpha': np.float64(0.008132619486498826), 'classifier__max_depth': 7, 'classifier__max_features': 'sqrt', 'classifier__max_leaf_nodes': 19, 'classifier__min_impurity_decrease': np.float64(0.09226496387368904), 'classifier__min_samples_leaf': 9, 'classifier__min_samples_split': 8, 'feature_selection_filter__k': 'all'}",3.5668461322784424,"[0, 1, 2, 3, 4, 5, 6, 7, 8, 9, 10, 11, 12, 13, 14, 15, 16, 17, 18, 19, 20, 21, 22, 23, 24, 25, 26, 27, 28, 29, 30]","['Amount_log1p', 'V1', 'V2', 'V3', 'V4', 'V5', 'V6', 'V7', 'V8', 'V9', 'V10', 'V11', 'V12', 'V13', 'V14', 'V15', 'V16', 'V17', 'V18', 'V19', 'V20', 'V21', 'V22', 'V23', 'V24', 'V25', 'V26', 'V27', 'V28', 'Time_sin', 'Time_cos']"
CostSensitiveLearning___RandomizedSearchCV__niter_30__cv_5,7,9,DecisionTreeClassifier,resubstitution,319,21890,245,107,0.984397854705022,0.5656028368794326,0.7488262910798122,0.6444444444444445,0.9889315563587079,0.011068443641292114,0.86887892371926,0.8605451466831229,0.6431867972697531,0.6366267606722935,0.86887892371926,0.42828097214010763,22561,0.6557597352100514,0.06241962700992572,0.6451689839850778,0.05901460527273996,"{'classifier__ccp_alpha': np.float64(0.009451498957187568), 'classifier__max_depth': 4, 'classifier__max_features': 'sqrt', 'classifier__max_leaf_nodes': 4, 'classifier__min_impurity_decrease': np.float64(0.07905138351373064), 'classifier__min_samples_leaf': 3, 'classifier__min_samples_split': 7, 'feature_selection_filter__k': 'all'}",3.906925916671753,"[0, 1, 2, 3, 4, 5, 6, 7, 8, 9, 10, 11, 12, 13, 14, 15, 16, 17, 18, 19, 20, 21, 22, 23, 24, 25, 26, 27, 28, 29, 30]","['Amount_log1p', 'V1', 'V2', 'V3', 'V4', 'V5', 'V6', 'V7', 'V8', 'V9', 'V10', 'V11', 'V12', 'V13', 'V14', 'V15', 'V16', 'V17', 'V18', 'V19', 'V20', 'V21', 'V22', 'V23', 'V24', 'V25', 'V26', 'V27', 'V28', 'Time_sin', 'Time_cos']"
CostSensitiveLearning___RandomizedSearchCV__niter_30__cv_5,7,10,DecisionTreeClassifier,resubstitution,343,22028,107,83,0.9915783874828243,0.7622222222222222,0.8051643192488263,0.7831050228310502,0.9951660266546194,0.004833973345380604,0.9001651729517228,0.8951380767182937,0.7791182866240735,0.7788141363617693,0.901813773992498,0.6200713337914437,22561,0.7272330112976045,0.13962603825195632,0.7162445279927236,0.15503526271623017,"{'classifier__ccp_alpha': np.float64(0.0027030569335406984), 'classifier__max_depth': 14, 'classifier__max_features': 'log2', 'classifier__max_leaf_nodes': 19, 'classifier__min_impurity_decrease': np.float64(0.010532608531509315), 'classifier__min_samples_leaf': 8, 'classifier__min_samples_split': 3, 'feature_selection_filter__k': 28}",3.6868088245391846,"[0, 1, 2, 3, 4, 5, 6, 7, 8, 9, 10, 11, 12, 14, 16, 17, 18, 19, 20, 21, 22, 23, 24, 25, 27, 28, 29, 30]","['Amount_log1p', 'V1', 'V2', 'V3', 'V4', 'V5', 'V6', 'V7', 'V8', 'V9', 'V10', 'V11', 'V12', 'V14', 'V16', 'V17', 'V18', 'V19', 'V20', 'V21', 'V22', 'V23', 'V24', 'V25', 'V27', 'V28', 'Time_sin', 'Time_cos']"
CostSensitiveLearning___RandomizedSearchCV__niter_30__cv_5,8,1,DecisionTreeClassifier,resubstitution,320,21884,250,106,0.9842198581560284,0.5614035087719298,0.7511737089201878,0.642570281124498,0.9887051594831481,0.011294840516851923,0.869939434201668,0.8617942455583479,0.6417196434142347,0.6346744832178863,0.8699394342016679,0.4264101374453014,22560,0.628987377349372,0.013374943893883313,0.6236987663514312,0.048034453185046705,"{'classifier__ccp_alpha': np.float64(0.002526802201182077), 'classifier__max_depth': 19, 'classifier__max_features': 'log2', 'classifier__max_leaf_nodes': 6, 'classifier__min_impurity_decrease': np.float64(0.08853514580727667), 'classifier__min_samples_leaf': 9, 'classifier__min_samples_split': 8, 'feature_selection_filter__k': 'all'}",3.7590131759643555,"[0, 1, 2, 3, 4, 5, 6, 7, 8, 9, 10, 11, 12, 13, 14, 15, 16, 17, 18, 19, 20, 21, 22, 23, 24, 25, 26, 27, 28, 29, 30]","['Amount_log1p', 'V1', 'V2', 'V3', 'V4', 'V5', 'V6', 'V7', 'V8', 'V9', 'V10', 'V11', 'V12', 'V13', 'V14', 'V15', 'V16', 'V17', 'V18', 'V19', 'V20', 'V21', 'V22', 'V23', 'V24', 'V25', 'V26', 'V27', 'V28', 'Time_sin', 'Time_cos']"
CostSensitiveLearning___RandomizedSearchCV__niter_30__cv_5,8,2,DecisionTreeClassifier,resubstitution,349,21802,332,77,0.9818705673758865,0.5124816446402349,0.8192488262910798,0.6305329719963866,0.9850004517936207,0.014999548206379276,0.9021246390423503,0.8983097817724724,0.6397910227885841,0.6217450827893816,0.9021246390423503,0.42326310643461057,22560,0.6312676528581889,0.0071662543987265044,0.6295143559502121,0.02721949333715161,"{'classifier__ccp_alpha': np.float64(6.479745040494423e-05), 'classifier__max_depth': 13, 'classifier__max_features': 'sqrt', 'classifier__max_leaf_nodes': 13, 'classifier__min_impurity_decrease': np.float64(0.06397951906182302), 'classifier__min_samples_leaf': 9, 'classifier__min_samples_split': 5, 'feature_selection_filter__k': 24}",3.6025164127349854,"[0, 1, 2, 3, 4, 5, 6, 7, 8, 9, 10, 11, 12, 14, 16, 17, 18, 19, 20, 21, 24, 27, 28, 29]","['Amount_log1p', 'V1', 'V2', 'V3', 'V4', 'V5', 'V6', 'V7', 'V8', 'V9', 'V10', 'V11', 'V12', 'V14', 'V16', 'V17', 'V18', 'V19', 'V20', 'V21', 'V24', 'V27', 'V28', 'Time_sin']"
CostSensitiveLearning___RandomizedSearchCV__niter_30__cv_5,8,3,DecisionTreeClassifier,resubstitution,313,22040,94,113,0.9908244680851064,0.769041769041769,0.7347417840375586,0.751500600240096,0.9957531399656637,0.004246860034336275,0.8652474620016112,0.8553487233400028,0.7470307456268299,0.7468290198114294,0.8652474620016112,0.5700559866333764,22560,0.7038398213147652,0.06555542429156831,0.6873368466372837,0.08890501437306775,"{'classifier__ccp_alpha': np.float64(0.0005741329337689594), 'classifier__max_depth': 10, 'classifier__max_features': 'log2', 'classifier__max_leaf_nodes': 8, 'classifier__min_impurity_decrease': np.float64(0.059703063017263705), 'classifier__min_samples_leaf': 2, 'classifier__min_samples_split': 5, 'feature_selection_filter__k': 'all'}",3.745382785797119,"[0, 1, 2, 3, 4, 5, 6, 7, 8, 9, 10, 11, 12, 13, 14, 15, 16, 17, 18, 19, 20, 21, 22, 23, 24, 25, 26, 27, 28, 29, 30]","['Amount_log1p', 'V1', 'V2', 'V3', 'V4', 'V5', 'V6', 'V7', 'V8', 'V9', 'V10', 'V11', 'V12', 'V13', 'V14', 'V15', 'V16', 'V17', 'V18', 'V19', 'V20', 'V21', 'V22', 'V23', 'V24', 'V25', 'V26', 'V27', 'V28', 'Time_sin', 'Time_cos']"
CostSensitiveLearning___RandomizedSearchCV__niter_30__cv_5,8,4,DecisionTreeClassifier,resubstitution,320,21892,242,106,0.9845744680851064,0.5693950177935944,0.7511737089201878,0.6477732793522267,0.9890665943796874,0.010933405620312642,0.8701201516499375,0.8619517515901042,0.6464690278981323,0.6400405383546315,0.8701201516499375,0.43241314891697424,22560,0.6738081403084855,0.05040462616258506,0.6671551044093795,0.06504000705830978,"{'classifier__ccp_alpha': np.float64(0.0008182059189376168), 'classifier__max_depth': 10, 'classifier__max_features': 'sqrt', 'classifier__max_leaf_nodes': 11, 'classifier__min_impurity_decrease': np.float64(0.06471821105430647), 'classifier__min_samples_leaf': 4, 'classifier__min_samples_split': 2, 'feature_selection_filter__k': 'all'}",4.109896659851074,"[0, 1, 2, 3, 4, 5, 6, 7, 8, 9, 10, 11, 12, 13, 14, 15, 16, 17, 18, 19, 20, 21, 22, 23, 24, 25, 26, 27, 28, 29, 30]","['Amount_log1p', 'V1', 'V2', 'V3', 'V4', 'V5', 'V6', 'V7', 'V8', 'V9', 'V10', 'V11', 'V12', 'V13', 'V14', 'V15', 'V16', 'V17', 'V18', 'V19', 'V20', 'V21', 'V22', 'V23', 'V24', 'V25', 'V26', 'V27', 'V28', 'Time_sin', 'Time_cos']"
CostSensitiveLearning___RandomizedSearchCV__niter_30__cv_5,8,5,DecisionTreeClassifier,resubstitution,320,21895,240,105,0.9847074468085106,0.5714285714285714,0.7529411764705882,0.649746192893401,0.9891574429636323,0.010842557036367717,0.8710493097171103,0.8630048486652181,0.648470908863601,0.6420793171952026,0.8710493097171104,0.43490635615948503,22560,0.6409656870552918,0.021217134382958268,0.6334433625287469,0.05272375884140361,"{'classifier__ccp_alpha': np.float64(0.006850270688116922), 'classifier__max_depth': 3, 'classifier__max_features': 'log2', 'classifier__max_leaf_nodes': 10, 'classifier__min_impurity_decrease': np.float64(0.07316180754736182), 'classifier__min_samples_leaf': 7, 'classifier__min_samples_split': 8, 'feature_selection_filter__k': 'all'}",3.6767468452453613,"[0, 1, 2, 3, 4, 5, 6, 7, 8, 9, 10, 11, 12, 13, 14, 15, 16, 17, 18, 19, 20, 21, 22, 23, 24, 25, 26, 27, 28, 29, 30]","['Amount_log1p', 'V1', 'V2', 'V3', 'V4', 'V5', 'V6', 'V7', 'V8', 'V9', 'V10', 'V11', 'V12', 'V13', 'V14', 'V15', 'V16', 'V17', 'V18', 'V19', 'V20', 'V21', 'V22', 'V23', 'V24', 'V25', 'V26', 'V27', 'V28', 'Time_sin', 'Time_cos']"
CostSensitiveLearning___RandomizedSearchCV__niter_30__cv_5,8,6,DecisionTreeClassifier,resubstitution,317,21898,237,108,0.9847074468085106,0.572202166064982,0.7458823529411764,0.6475995914198162,0.9892929749265869,0.010707025073413146,0.8675876639338816,0.8590088310875615,0.6458024903488675,0.639922388451905,0.8675876639338816,0.43158273202513975,22560,0.6485142955072454,0.008068413549202,0.6476966620550508,0.03264874797534006,"{'classifier__ccp_alpha': np.float64(0.009015251166130691), 'classifier__max_depth': 11, 'classifier__max_features': 'log2', 'classifier__max_leaf_nodes': 13, 'classifier__min_impurity_decrease': np.float64(0.08292942753096737), 'classifier__min_samples_leaf': 6, 'classifier__min_samples_split': 6, 'feature_selection_filter__k': 'all'}",3.985720634460449,"[0, 1, 2, 3, 4, 5, 6, 7, 8, 9, 10, 11, 12, 13, 14, 15, 16, 17, 18, 19, 20, 21, 22, 23, 24, 25, 26, 27, 28, 29, 30]","['Amount_log1p', 'V1', 'V2', 'V3', 'V4', 'V5', 'V6', 'V7', 'V8', 'V9', 'V10', 'V11', 'V12', 'V13', 'V14', 'V15', 'V16', 'V17', 'V18', 'V19', 'V20', 'V21', 'V22', 'V23', 'V24', 'V25', 'V26', 'V27', 'V28', 'Time_sin', 'Time_cos']"
CostSensitiveLearning___RandomizedSearchCV__niter_30__cv_5,8,7,DecisionTreeClassifier,resubstitution,312,22041,94,113,0.9908244680851064,0.7684729064039408,0.7341176470588235,0.7509025270758123,0.9957533318274226,0.00424666817257735,0.8649354894431232,0.8549854343859499,0.7464336872424597,0.7462311694324502,0.8649354894431232,0.5691583871259436,22560,0.7096815904515112,0.04808937393191698,0.7016704010887181,0.04807463226640794,"{'classifier__ccp_alpha': np.float64(0.0005771022023436124), 'classifier__max_depth': 12, 'classifier__max_features': 'log2', 'classifier__max_leaf_nodes': 6, 'classifier__min_impurity_decrease': np.float64(0.0942968785384321), 'classifier__min_samples_leaf': 2, 'classifier__min_samples_split': 4, 'feature_selection_filter__k': 'all'}",3.8534793853759766,"[0, 1, 2, 3, 4, 5, 6, 7, 8, 9, 10, 11, 12, 13, 14, 15, 16, 17, 18, 19, 20, 21, 22, 23, 24, 25, 26, 27, 28, 29, 30]","['Amount_log1p', 'V1', 'V2', 'V3', 'V4', 'V5', 'V6', 'V7', 'V8', 'V9', 'V10', 'V11', 'V12', 'V13', 'V14', 'V15', 'V16', 'V17', 'V18', 'V19', 'V20', 'V21', 'V22', 'V23', 'V24', 'V25', 'V26', 'V27', 'V28', 'Time_sin', 'Time_cos']"
CostSensitiveLearning___RandomizedSearchCV__niter_30__cv_5,8,8,DecisionTreeClassifier,resubstitution,318,21886,249,108,0.984176233322991,0.5608465608465608,0.7464788732394366,0.6404833836858006,0.9887508470747685,0.011249152925231543,0.8676148601571025,0.8591167663588645,0.6393283709555148,0.6325601714489912,0.8676148601571024,0.4234471306528221,22561,0.6577607627447369,0.05145453922646947,0.6491936057970642,0.03426104959390351,"{'classifier__ccp_alpha': np.float64(0.007343193375869615), 'classifier__max_depth': 18, 'classifier__max_features': 'log2', 'classifier__max_leaf_nodes': 13, 'classifier__min_impurity_decrease': np.float64(0.07063147514763976), 'classifier__min_samples_leaf': 6, 'classifier__min_samples_split': 8, 'feature_selection_filter__k': 'all'}",4.053167343139648,"[0, 1, 2, 3, 4, 5, 6, 7, 8, 9, 10, 11, 12, 13, 14, 15, 16, 17, 18, 19, 20, 21, 22, 23, 24, 25, 26, 27, 28, 29, 30]","['Amount_log1p', 'V1', 'V2', 'V3', 'V4', 'V5', 'V6', 'V7', 'V8', 'V9', 'V10', 'V11', 'V12', 'V13', 'V14', 'V15', 'V16', 'V17', 'V18', 'V19', 'V20', 'V21', 'V22', 'V23', 'V24', 'V25', 'V26', 'V27', 'V28', 'Time_sin', 'Time_cos']"
CostSensitiveLearning___RandomizedSearchCV__niter_30__cv_5,8,9,DecisionTreeClassifier,resubstitution,341,22030,105,85,0.9915783874828243,0.7645739910313901,0.8004694835680751,0.7821100917431193,0.9952563812965891,0.00474361870341089,0.8978629324323322,0.8925650461195038,0.7780314209680437,0.7778186096655817,0.899434594162369,0.6184550192533681,22561,0.7166366796598048,0.13424257367912448,0.7173458091844267,0.15481003722829795,"{'classifier__ccp_alpha': np.float64(0.00690467990162589), 'classifier__max_depth': 11, 'classifier__max_features': 'log2', 'classifier__max_leaf_nodes': 4, 'classifier__min_impurity_decrease': np.float64(0.014058036554451925), 'classifier__min_samples_leaf': 2, 'classifier__min_samples_split': 5, 'feature_selection_filter__k': 28}",3.89046573638916,"[0, 1, 2, 3, 4, 5, 6, 7, 8, 9, 10, 11, 12, 14, 16, 17, 18, 19, 20, 21, 22, 23, 24, 25, 26, 27, 28, 29]","['Amount_log1p', 'V1', 'V2', 'V3', 'V4', 'V5', 'V6', 'V7', 'V8', 'V9', 'V10', 'V11', 'V12', 'V14', 'V16', 'V17', 'V18', 'V19', 'V20', 'V21', 'V22', 'V23', 'V24', 'V25', 'V26', 'V27', 'V28', 'Time_sin']"
CostSensitiveLearning___RandomizedSearchCV__niter_30__cv_5,8,10,DecisionTreeClassifier,resubstitution,314,21890,245,112,0.984176233322991,0.5617173524150268,0.7370892018779343,0.6375634517766497,0.9889315563587079,0.011068443641292114,0.863010379118321,0.8537744266422739,0.6357064483044079,0.6296256970778087,0.8630103791183211,0.41900011393007147,22561,0.6811106716722831,0.06724351913140175,0.666070159649214,0.09345707855892525,"{'classifier__ccp_alpha': np.float64(0.005557905998327344), 'classifier__max_depth': 6, 'classifier__max_features': 'sqrt', 'classifier__max_leaf_nodes': 11, 'classifier__min_impurity_decrease': np.float64(0.07776107933572246), 'classifier__min_samples_leaf': 9, 'classifier__min_samples_split': 8, 'feature_selection_filter__k': 'all'}",3.7543869018554688,"[0, 1, 2, 3, 4, 5, 6, 7, 8, 9, 10, 11, 12, 13, 14, 15, 16, 17, 18, 19, 20, 21, 22, 23, 24, 25, 26, 27, 28, 29, 30]","['Amount_log1p', 'V1', 'V2', 'V3', 'V4', 'V5', 'V6', 'V7', 'V8', 'V9', 'V10', 'V11', 'V12', 'V13', 'V14', 'V15', 'V16', 'V17', 'V18', 'V19', 'V20', 'V21', 'V22', 'V23', 'V24', 'V25', 'V26', 'V27', 'V28', 'Time_sin', 'Time_cos']"
CostSensitiveLearning___RandomizedSearchCV__niter_30__cv_5,9,1,DecisionTreeClassifier,resubstitution,319,21897,237,107,0.9847517730496453,0.5737410071942446,0.7488262910798122,0.6496945010183299,0.9892924911900244,0.010707508809975619,0.8690593911349183,0.860702170887778,0.6479967012387561,0.6420403346683758,0.8690593911349184,0.4343752582590805,22560,0.6726903611657612,0.058741019267599386,0.6586902672973693,0.05196164737264304,"{'classifier__ccp_alpha': np.float64(0.002499773516414545), 'classifier__max_depth': 12, 'classifier__max_features': 'sqrt', 'classifier__max_leaf_nodes': 16, 'classifier__min_impurity_decrease': np.float64(0.04708176698401422), 'classifier__min_samples_leaf': 4, 'classifier__min_samples_split': 5, 'feature_selection_filter__k': 'all'}",3.7453675270080566,"[0, 1, 2, 3, 4, 5, 6, 7, 8, 9, 10, 11, 12, 13, 14, 15, 16, 17, 18, 19, 20, 21, 22, 23, 24, 25, 26, 27, 28, 29, 30]","['Amount_log1p', 'V1', 'V2', 'V3', 'V4', 'V5', 'V6', 'V7', 'V8', 'V9', 'V10', 'V11', 'V12', 'V13', 'V14', 'V15', 'V16', 'V17', 'V18', 'V19', 'V20', 'V21', 'V22', 'V23', 'V24', 'V25', 'V26', 'V27', 'V28', 'Time_sin', 'Time_cos']"
CostSensitiveLearning___RandomizedSearchCV__niter_30__cv_5,9,2,DecisionTreeClassifier,resubstitution,320,21883,251,106,0.9841755319148936,0.5604203152364273,0.7511737089201878,0.641925777331996,0.9886599801210807,0.011340019878919305,0.8699168445206342,0.8617745552802724,0.6411328979141501,0.6340096814352998,0.8699168445206342,0.4256715883106516,22560,0.6381293838484683,0.006827435033859543,0.6324837314741566,0.03804172931867534,"{'classifier__ccp_alpha': np.float64(0.0031678789711837973), 'classifier__max_depth': 12, 'classifier__max_features': 'sqrt', 'classifier__max_leaf_nodes': 3, 'classifier__min_impurity_decrease': np.float64(0.04784590047029411), 'classifier__min_samples_leaf': 9, 'classifier__min_samples_split': 8, 'feature_selection_filter__k': 'all'}",3.686391592025757,"[0, 1, 2, 3, 4, 5, 6, 7, 8, 9, 10, 11, 12, 13, 14, 15, 16, 17, 18, 19, 20, 21, 22, 23, 24, 25, 26, 27, 28, 29, 30]","['Amount_log1p', 'V1', 'V2', 'V3', 'V4', 'V5', 'V6', 'V7', 'V8', 'V9', 'V10', 'V11', 'V12', 'V13', 'V14', 'V15', 'V16', 'V17', 'V18', 'V19', 'V20', 'V21', 'V22', 'V23', 'V24', 'V25', 'V26', 'V27', 'V28', 'Time_sin', 'Time_cos']"
CostSensitiveLearning___RandomizedSearchCV__niter_30__cv_5,9,3,DecisionTreeClassifier,resubstitution,342,22027,107,84,0.9915336879432625,0.7616926503340757,0.8028169014084507,0.7817142857142857,0.9951658082587874,0.004834191741212579,0.898991354833619,0.893832160181069,0.7776798939854599,0.7774004553905132,0.8994041733003969,0.6172102090425028,22560,0.7905643064804723,0.02889370424395456,0.7832138597960523,0.023851746616567884,"{'classifier__ccp_alpha': np.float64(0.003920149163389519), 'classifier__max_depth': 12, 'classifier__max_features': 'log2', 'classifier__max_leaf_nodes': 9, 'classifier__min_impurity_decrease': np.float64(0.01096694549268399), 'classifier__min_samples_leaf': 2, 'classifier__min_samples_split': 9, 'feature_selection_filter__k': 28}",3.7595856189727783,"[0, 1, 2, 3, 4, 5, 6, 7, 8, 9, 10, 11, 12, 14, 16, 17, 18, 19, 20, 21, 22, 23, 24, 25, 27, 28, 29, 30]","['Amount_log1p', 'V1', 'V2', 'V3', 'V4', 'V5', 'V6', 'V7', 'V8', 'V9', 'V10', 'V11', 'V12', 'V14', 'V16', 'V17', 'V18', 'V19', 'V20', 'V21', 'V22', 'V23', 'V24', 'V25', 'V27', 'V28', 'Time_sin', 'Time_cos']"
CostSensitiveLearning___RandomizedSearchCV__niter_30__cv_5,9,4,DecisionTreeClassifier,resubstitution,309,22034,100,117,0.9903812056737589,0.7555012224938875,0.7253521126760564,0.7401197604790419,0.9954820637932592,0.004517936206740791,0.8604170882346578,0.8497499738767641,0.7353799745023071,0.7352217508101515,0.8604170882346579,0.5531905780780505,22560,0.6567253512824927,0.05704736006463685,0.6570195241099638,0.08288830933375985,"{'classifier__ccp_alpha': np.float64(0.00023159455557809073), 'classifier__max_depth': 8, 'classifier__max_features': 'sqrt', 'classifier__max_leaf_nodes': 4, 'classifier__min_impurity_decrease': np.float64(0.05780086969289491), 'classifier__min_samples_leaf': 6, 'classifier__min_samples_split': 4, 'feature_selection_filter__k': 'all'}",3.640604257583618,"[0, 1, 2, 3, 4, 5, 6, 7, 8, 9, 10, 11, 12, 13, 14, 15, 16, 17, 18, 19, 20, 21, 22, 23, 24, 25, 26, 27, 28, 29, 30]","['Amount_log1p', 'V1', 'V2', 'V3', 'V4', 'V5', 'V6', 'V7', 'V8', 'V9', 'V10', 'V11', 'V12', 'V13', 'V14', 'V15', 'V16', 'V17', 'V18', 'V19', 'V20', 'V21', 'V22', 'V23', 'V24', 'V25', 'V26', 'V27', 'V28', 'Time_sin', 'Time_cos']"
CostSensitiveLearning___RandomizedSearchCV__niter_30__cv_5,9,5,DecisionTreeClassifier,resubstitution,343,22028,107,82,0.9916223404255319,0.7622222222222222,0.8070588235294117,0.784,0.9951660266546194,0.004833973345380604,0.9011124250920155,0.8961905615929663,0.7800630573210672,0.779731886865556,0.9015652612976519,0.6207745342753477,22560,0.7256836254853352,0.1474882020896458,0.7114659859833548,0.13146368389659396,"{'classifier__ccp_alpha': np.float64(0.006787907080436121), 'classifier__max_depth': 16, 'classifier__max_features': 'log2', 'classifier__max_leaf_nodes': 15, 'classifier__min_impurity_decrease': np.float64(0.015943241393604913), 'classifier__min_samples_leaf': 4, 'classifier__min_samples_split': 6, 'feature_selection_filter__k': 28}",3.85170316696167,"[0, 1, 2, 3, 4, 5, 6, 7, 8, 9, 10, 11, 12, 14, 16, 17, 18, 19, 20, 21, 22, 23, 24, 26, 27, 28, 29, 30]","['Amount_log1p', 'V1', 'V2', 'V3', 'V4', 'V5', 'V6', 'V7', 'V8', 'V9', 'V10', 'V11', 'V12', 'V14', 'V16', 'V17', 'V18', 'V19', 'V20', 'V21', 'V22', 'V23', 'V24', 'V26', 'V27', 'V28', 'Time_sin', 'Time_cos']"
CostSensitiveLearning___RandomizedSearchCV__niter_30__cv_5,9,6,DecisionTreeClassifier,resubstitution,316,21894,241,109,0.9844858156028369,0.5673249551166966,0.7435294117647059,0.6435845213849287,0.9891122656426474,0.010887734357352574,0.8663208387036767,0.85757452215101,0.6418851105757936,0.635801253386112,0.8663208387036767,0.4266543504410435,22560,0.6613403435865327,0.052528341908857246,0.646382251691222,0.03588715637937993,"{'classifier__ccp_alpha': np.float64(0.00820403315086375), 'classifier__max_depth': 6, 'classifier__max_features': 'sqrt', 'classifier__max_leaf_nodes': 6, 'classifier__min_impurity_decrease': np.float64(0.07005261713251808), 'classifier__min_samples_leaf': 4, 'classifier__min_samples_split': 9, 'feature_selection_filter__k': 'all'}",3.7718560695648193,"[0, 1, 2, 3, 4, 5, 6, 7, 8, 9, 10, 11, 12, 13, 14, 15, 16, 17, 18, 19, 20, 21, 22, 23, 24, 25, 26, 27, 28, 29, 30]","['Amount_log1p', 'V1', 'V2', 'V3', 'V4', 'V5', 'V6', 'V7', 'V8', 'V9', 'V10', 'V11', 'V12', 'V13', 'V14', 'V15', 'V16', 'V17', 'V18', 'V19', 'V20', 'V21', 'V22', 'V23', 'V24', 'V25', 'V26', 'V27', 'V28', 'Time_sin', 'Time_cos']"
CostSensitiveLearning___RandomizedSearchCV__niter_30__cv_5,9,7,DecisionTreeClassifier,resubstitution,348,21352,783,77,0.9618794326241135,0.3076923076923077,0.8188235294117647,0.4473007712082262,0.9646261576688503,0.03537384233114971,0.8917248435403076,0.8887398916360835,0.48810480698909925,0.43173820170517196,0.8917248435403075,0.25535882192484194,22560,0.6556265913266999,0.16878711279702174,0.6467505981223444,0.16897771866717534,"{'classifier__ccp_alpha': np.float64(0.007905993520222332), 'classifier__max_depth': 18, 'classifier__max_features': 'log2', 'classifier__max_leaf_nodes': 12, 'classifier__min_impurity_decrease': np.float64(0.011942846158833155), 'classifier__min_samples_leaf': 6, 'classifier__min_samples_split': 2, 'feature_selection_filter__k': 28}",3.8556346893310547,"[0, 1, 2, 3, 4, 5, 6, 7, 8, 9, 10, 11, 12, 13, 14, 16, 17, 18, 19, 20, 21, 22, 23, 24, 26, 27, 28, 29]","['Amount_log1p', 'V1', 'V2', 'V3', 'V4', 'V5', 'V6', 'V7', 'V8', 'V9', 'V10', 'V11', 'V12', 'V13', 'V14', 'V16', 'V17', 'V18', 'V19', 'V20', 'V21', 'V22', 'V23', 'V24', 'V26', 'V27', 'V28', 'Time_sin']"
CostSensitiveLearning___RandomizedSearchCV__niter_30__cv_5,9,8,DecisionTreeClassifier,resubstitution,317,21891,244,109,0.9843535304286157,0.5650623885918004,0.744131455399061,0.6423505572441742,0.9889767336796927,0.011023266320307257,0.8665540945393768,0.8578628656078309,0.6407961037421808,0.6345052842542601,0.8665540945393768,0.42531204374236065,22561,0.6966035176281912,0.05398056544290804,0.6861067539493174,0.06141102654925369,"{'classifier__ccp_alpha': np.float64(0.005705316251454068), 'classifier__max_depth': 11, 'classifier__max_features': 'sqrt', 'classifier__max_leaf_nodes': 2, 'classifier__min_impurity_decrease': np.float64(0.0973654351788043), 'classifier__min_samples_leaf': 7, 'classifier__min_samples_split': 4, 'feature_selection_filter__k': 'all'}",3.8771636486053467,"[0, 1, 2, 3, 4, 5, 6, 7, 8, 9, 10, 11, 12, 13, 14, 15, 16, 17, 18, 19, 20, 21, 22, 23, 24, 25, 26, 27, 28, 29, 30]","['Amount_log1p', 'V1', 'V2', 'V3', 'V4', 'V5', 'V6', 'V7', 'V8', 'V9', 'V10', 'V11', 'V12', 'V13', 'V14', 'V15', 'V16', 'V17', 'V18', 'V19', 'V20', 'V21', 'V22', 'V23', 'V24', 'V25', 'V26', 'V27', 'V28', 'Time_sin', 'Time_cos']"
CostSensitiveLearning___RandomizedSearchCV__niter_30__cv_5,9,9,DecisionTreeClassifier,resubstitution,319,21891,244,107,0.9844421789814282,0.566607460035524,0.7488262910798122,0.6450960566228514,0.9889767336796927,0.011023266320307257,0.8689015123797525,0.8605648025835078,0.6437825455825414,0.6372987905136743,0.8689015123797525,0.42903326037201645,22561,0.6664685142850048,0.057887961351274386,0.6644786453639551,0.05697103375823375,"{'classifier__ccp_alpha': np.float64(0.0010437621475745552), 'classifier__max_depth': 12, 'classifier__max_features': 'log2', 'classifier__max_leaf_nodes': 6, 'classifier__min_impurity_decrease': np.float64(0.09206703216076642), 'classifier__min_samples_leaf': 8, 'classifier__min_samples_split': 7, 'feature_selection_filter__k': 'all'}",3.7294912338256836,"[0, 1, 2, 3, 4, 5, 6, 7, 8, 9, 10, 11, 12, 13, 14, 15, 16, 17, 18, 19, 20, 21, 22, 23, 24, 25, 26, 27, 28, 29, 30]","['Amount_log1p', 'V1', 'V2', 'V3', 'V4', 'V5', 'V6', 'V7', 'V8', 'V9', 'V10', 'V11', 'V12', 'V13', 'V14', 'V15', 'V16', 'V17', 'V18', 'V19', 'V20', 'V21', 'V22', 'V23', 'V24', 'V25', 'V26', 'V27', 'V28', 'Time_sin', 'Time_cos']"
CostSensitiveLearning___RandomizedSearchCV__niter_30__cv_5,9,10,DecisionTreeClassifier,resubstitution,316,21887,248,110,0.9841319090465848,0.5602836879432624,0.7417840375586855,0.6383838383838384,0.9887960243957533,0.011203975604246685,0.8652900309772193,0.8564304451023786,0.6369291114002981,0.6304328986382984,0.8652900309772195,0.42048516662550445,22561,0.6342343919884575,0.012144541936813611,0.6293196393544489,0.026702521752233796,"{'classifier__ccp_alpha': np.float64(0.005026129528405222), 'classifier__max_depth': 14, 'classifier__max_features': 'sqrt', 'classifier__max_leaf_nodes': 13, 'classifier__min_impurity_decrease': np.float64(0.08068889276384353), 'classifier__min_samples_leaf': 3, 'classifier__min_samples_split': 6, 'feature_selection_filter__k': 'all'}",3.7636241912841797,"[0, 1, 2, 3, 4, 5, 6, 7, 8, 9, 10, 11, 12, 13, 14, 15, 16, 17, 18, 19, 20, 21, 22, 23, 24, 25, 26, 27, 28, 29, 30]","['Amount_log1p', 'V1', 'V2', 'V3', 'V4', 'V5', 'V6', 'V7', 'V8', 'V9', 'V10', 'V11', 'V12', 'V13', 'V14', 'V15', 'V16', 'V17', 'V18', 'V19', 'V20', 'V21', 'V22', 'V23', 'V24', 'V25', 'V26', 'V27', 'V28', 'Time_sin', 'Time_cos']"
CostSensitiveLearning___RandomizedSearchCV__niter_30__cv_5,10,1,DecisionTreeClassifier,resubstitution,316,22044,90,110,0.9911347517730497,0.7783251231527094,0.7417840375586855,0.7596153846153846,0.9959338574139334,0.0040661425860666345,0.8688589474863094,0.8595160486540688,0.755328685158646,0.7551021471549513,0.8688589474863095,0.5822250389104007,22560,0.7637938868984905,0.006290246358423469,0.7610947744767099,0.02355783728001343,"{'classifier__ccp_alpha': np.float64(0.0012191686493861931), 'classifier__max_depth': 3, 'classifier__max_features': 'log2', 'classifier__max_leaf_nodes': 14, 'classifier__min_impurity_decrease': np.float64(0.08125316847979247), 'classifier__min_samples_leaf': 6, 'classifier__min_samples_split': 2, 'feature_selection_filter__k': 'all'}",3.864720344543457,"[0, 1, 2, 3, 4, 5, 6, 7, 8, 9, 10, 11, 12, 13, 14, 15, 16, 17, 18, 19, 20, 21, 22, 23, 24, 25, 26, 27, 28, 29, 30]","['Amount_log1p', 'V1', 'V2', 'V3', 'V4', 'V5', 'V6', 'V7', 'V8', 'V9', 'V10', 'V11', 'V12', 'V13', 'V14', 'V15', 'V16', 'V17', 'V18', 'V19', 'V20', 'V21', 'V22', 'V23', 'V24', 'V25', 'V26', 'V27', 'V28', 'Time_sin', 'Time_cos']"
CostSensitiveLearning___RandomizedSearchCV__niter_30__cv_5,10,2,DecisionTreeClassifier,resubstitution,317,21899,235,109,0.9847517730496453,0.5742753623188406,0.744131455399061,0.6482617586912065,0.9893828499141593,0.010617150085840743,0.8667571526566101,0.8580389851594705,0.6462246393788724,0.6406008953856961,0.8667571526566101,0.43216792144582983,22560,0.690393967971349,0.06601265886087843,0.6837458603900274,0.061253132628342574,"{'classifier__ccp_alpha': np.float64(0.0014105839439942358), 'classifier__max_depth': 15, 'classifier__max_features': 'sqrt', 'classifier__max_leaf_nodes': 17, 'classifier__min_impurity_decrease': np.float64(0.0954305107472291), 'classifier__min_samples_leaf': 2, 'classifier__min_samples_split': 3, 'feature_selection_filter__k': 'all'}",3.7574524879455566,"[0, 1, 2, 3, 4, 5, 6, 7, 8, 9, 10, 11, 12, 13, 14, 15, 16, 17, 18, 19, 20, 21, 22, 23, 24, 25, 26, 27, 28, 29, 30]","['Amount_log1p', 'V1', 'V2', 'V3', 'V4', 'V5', 'V6', 'V7', 'V8', 'V9', 'V10', 'V11', 'V12', 'V13', 'V14', 'V15', 'V16', 'V17', 'V18', 'V19', 'V20', 'V21', 'V22', 'V23', 'V24', 'V25', 'V26', 'V27', 'V28', 'Time_sin', 'Time_cos']"
CostSensitiveLearning___RandomizedSearchCV__niter_30__cv_5,10,3,DecisionTreeClassifier,resubstitution,316,21886,248,110,0.9841312056737589,0.5602836879432624,0.7417840375586855,0.6383838383838384,0.988795518207283,0.011204481792717047,0.8652897778829842,0.8564302258886775,0.6369287603630925,0.6304325384535976,0.8652897778829842,0.4204853827456465,22560,0.6728273889553263,0.05036840388273443,0.6583521639139213,0.046873480431989696,"{'classifier__ccp_alpha': np.float64(0.001313138029068567), 'classifier__max_depth': 11, 'classifier__max_features': 'sqrt', 'classifier__max_leaf_nodes': 11, 'classifier__min_impurity_decrease': np.float64(0.08368840332210015), 'classifier__min_samples_leaf': 9, 'classifier__min_samples_split': 2, 'feature_selection_filter__k': 'all'}",3.703763484954834,"[0, 1, 2, 3, 4, 5, 6, 7, 8, 9, 10, 11, 12, 13, 14, 15, 16, 17, 18, 19, 20, 21, 22, 23, 24, 25, 26, 27, 28, 29, 30]","['Amount_log1p', 'V1', 'V2', 'V3', 'V4', 'V5', 'V6', 'V7', 'V8', 'V9', 'V10', 'V11', 'V12', 'V13', 'V14', 'V15', 'V16', 'V17', 'V18', 'V19', 'V20', 'V21', 'V22', 'V23', 'V24', 'V25', 'V26', 'V27', 'V28', 'Time_sin', 'Time_cos']"
CostSensitiveLearning___RandomizedSearchCV__niter_30__cv_5,10,4,DecisionTreeClassifier,resubstitution,315,21882,252,111,0.9839095744680851,0.5555555555555556,0.7394366197183099,0.6344410876132931,0.9886148007590133,0.011385199240986688,0.8640257102386616,0.854995898514569,0.6330864805555546,0.6263843471662662,0.8640257102386617,0.4157183348316852,22560,0.6308091514864624,0.010227589397562128,0.6281171960949974,0.056783043905350036,"{'classifier__ccp_alpha': np.float64(0.006396053492219368), 'classifier__max_depth': 8, 'classifier__max_features': 'log2', 'classifier__max_leaf_nodes': 10, 'classifier__min_impurity_decrease': np.float64(0.07139822456125902), 'classifier__min_samples_leaf': 6, 'classifier__min_samples_split': 5, 'feature_selection_filter__k': 'all'}",3.799440860748291,"[0, 1, 2, 3, 4, 5, 6, 7, 8, 9, 10, 11, 12, 13, 14, 15, 16, 17, 18, 19, 20, 21, 22, 23, 24, 25, 26, 27, 28, 29, 30]","['Amount_log1p', 'V1', 'V2', 'V3', 'V4', 'V5', 'V6', 'V7', 'V8', 'V9', 'V10', 'V11', 'V12', 'V13', 'V14', 'V15', 'V16', 'V17', 'V18', 'V19', 'V20', 'V21', 'V22', 'V23', 'V24', 'V25', 'V26', 'V27', 'V28', 'Time_sin', 'Time_cos']"
CostSensitiveLearning___RandomizedSearchCV__niter_30__cv_5,10,5,DecisionTreeClassifier,resubstitution,320,21892,243,105,0.9845744680851064,0.5683836589698046,0.7529411764705882,0.6477732793522267,0.9890219110006777,0.010978088999322289,0.870981543735633,0.8629457232202032,0.6466668570906223,0.6400450603900008,0.8709815437356331,0.4326137161905312,22560,0.6545374218925711,0.04461449236752401,0.6469655667144907,0.0715627448402989,"{'classifier__ccp_alpha': np.float64(0.0031547116274113864), 'classifier__max_depth': 6, 'classifier__max_features': 'log2', 'classifier__max_leaf_nodes': 11, 'classifier__min_impurity_decrease': np.float64(0.09537949321736633), 'classifier__min_samples_leaf': 9, 'classifier__min_samples_split': 2, 'feature_selection_filter__k': 'all'}",3.6093292236328125,"[0, 1, 2, 3, 4, 5, 6, 7, 8, 9, 10, 11, 12, 13, 14, 15, 16, 17, 18, 19, 20, 21, 22, 23, 24, 25, 26, 27, 28, 29, 30]","['Amount_log1p', 'V1', 'V2', 'V3', 'V4', 'V5', 'V6', 'V7', 'V8', 'V9', 'V10', 'V11', 'V12', 'V13', 'V14', 'V15', 'V16', 'V17', 'V18', 'V19', 'V20', 'V21', 'V22', 'V23', 'V24', 'V25', 'V26', 'V27', 'V28', 'Time_sin', 'Time_cos']"
CostSensitiveLearning___RandomizedSearchCV__niter_30__cv_5,10,6,DecisionTreeClassifier,resubstitution,341,22028,107,84,0.9915336879432625,0.7611607142857143,0.8023529411764706,0.7812142038946163,0.9951660266546194,0.004833973345380604,0.898759483915545,0.8935739412299554,0.7771810975921157,0.7769005823730667,0.9003665209476608,0.6171114380029522,22560,0.72558799220296,0.1447113041515257,0.7050083544727095,0.12919337733237757,"{'classifier__ccp_alpha': np.float64(0.008519313386932278), 'classifier__max_depth': 5, 'classifier__max_features': 'log2', 'classifier__max_leaf_nodes': 6, 'classifier__min_impurity_decrease': np.float64(0.01202861308053952), 'classifier__min_samples_leaf': 3, 'classifier__min_samples_split': 2, 'feature_selection_filter__k': 28}",3.717472791671753,"[0, 1, 2, 3, 4, 5, 6, 7, 8, 9, 10, 11, 12, 14, 15, 16, 17, 18, 19, 20, 21, 23, 24, 25, 26, 27, 28, 29]","['Amount_log1p', 'V1', 'V2', 'V3', 'V4', 'V5', 'V6', 'V7', 'V8', 'V9', 'V10', 'V11', 'V12', 'V14', 'V15', 'V16', 'V17', 'V18', 'V19', 'V20', 'V21', 'V23', 'V24', 'V25', 'V26', 'V27', 'V28', 'Time_sin']"
CostSensitiveLearning___RandomizedSearchCV__niter_30__cv_5,10,7,DecisionTreeClassifier,resubstitution,320,21888,247,105,0.9843971631205674,0.564373897707231,0.7529411764705882,0.6451612903225806,0.9888412017167382,0.011158798283261828,0.8708911890936633,0.8628668829913402,0.6442834471067381,0.6373515417464131,0.8708911890936633,0.42959460182812287,22560,0.6407648242046422,0.011018949613358484,0.6366967609046059,0.015666775142254858,"{'classifier__ccp_alpha': np.float64(0.006746062461065039), 'classifier__max_depth': 4, 'classifier__max_features': 'sqrt', 'classifier__max_leaf_nodes': 6, 'classifier__min_impurity_decrease': np.float64(0.06596459056504678), 'classifier__min_samples_leaf': 2, 'classifier__min_samples_split': 5, 'feature_selection_filter__k': 'all'}",3.8321220874786377,"[0, 1, 2, 3, 4, 5, 6, 7, 8, 9, 10, 11, 12, 13, 14, 15, 16, 17, 18, 19, 20, 21, 22, 23, 24, 25, 26, 27, 28, 29, 30]","['Amount_log1p', 'V1', 'V2', 'V3', 'V4', 'V5', 'V6', 'V7', 'V8', 'V9', 'V10', 'V11', 'V12', 'V13', 'V14', 'V15', 'V16', 'V17', 'V18', 'V19', 'V20', 'V21', 'V22', 'V23', 'V24', 'V25', 'V26', 'V27', 'V28', 'Time_sin', 'Time_cos']"
CostSensitiveLearning___RandomizedSearchCV__niter_30__cv_5,10,8,DecisionTreeClassifier,resubstitution,315,22039,96,111,0.9908248747839191,0.7664233576642335,0.7394366197183099,0.7526881720430108,0.9956629771854529,0.004337022814547065,0.8675497984518814,0.8580382661797084,0.7481401649804054,0.7480154326907902,0.8675497984518815,0.5716414915454848,22561,0.6983279278188429,0.05519634085605243,0.6896524717129997,0.07882028352834915,"{'classifier__ccp_alpha': np.float64(0.0008931644375264003), 'classifier__max_depth': 4, 'classifier__max_features': 'log2', 'classifier__max_leaf_nodes': 14, 'classifier__min_impurity_decrease': np.float64(0.0750603225586644), 'classifier__min_samples_leaf': 7, 'classifier__min_samples_split': 5, 'feature_selection_filter__k': 'all'}",3.6925745010375977,"[0, 1, 2, 3, 4, 5, 6, 7, 8, 9, 10, 11, 12, 13, 14, 15, 16, 17, 18, 19, 20, 21, 22, 23, 24, 25, 26, 27, 28, 29, 30]","['Amount_log1p', 'V1', 'V2', 'V3', 'V4', 'V5', 'V6', 'V7', 'V8', 'V9', 'V10', 'V11', 'V12', 'V13', 'V14', 'V15', 'V16', 'V17', 'V18', 'V19', 'V20', 'V21', 'V22', 'V23', 'V24', 'V25', 'V26', 'V27', 'V28', 'Time_sin', 'Time_cos']"
CostSensitiveLearning___RandomizedSearchCV__niter_30__cv_5,10,9,DecisionTreeClassifier,resubstitution,317,21893,242,109,0.9844421789814282,0.5670840787119857,0.744131455399061,0.6436548223350254,0.9890670883216626,0.010932911678337431,0.8665992718603618,0.8579020526377765,0.641991343694808,0.6358504752781815,0.8665992718603618,0.42681644695386006,22561,0.6558702963042407,0.05618925702429079,0.6479664570274519,0.06368010017446447,"{'classifier__ccp_alpha': np.float64(0.007479055164963538), 'classifier__max_depth': 16, 'classifier__max_features': 'sqrt', 'classifier__max_leaf_nodes': 2, 'classifier__min_impurity_decrease': np.float64(0.052038130910671124), 'classifier__min_samples_leaf': 4, 'classifier__min_samples_split': 9, 'feature_selection_filter__k': 'all'}",3.8062167167663574,"[0, 1, 2, 3, 4, 5, 6, 7, 8, 9, 10, 11, 12, 13, 14, 15, 16, 17, 18, 19, 20, 21, 22, 23, 24, 25, 26, 27, 28, 29, 30]","['Amount_log1p', 'V1', 'V2', 'V3', 'V4', 'V5', 'V6', 'V7', 'V8', 'V9', 'V10', 'V11', 'V12', 'V13', 'V14', 'V15', 'V16', 'V17', 'V18', 'V19', 'V20', 'V21', 'V22', 'V23', 'V24', 'V25', 'V26', 'V27', 'V28', 'Time_sin', 'Time_cos']"
CostSensitiveLearning___RandomizedSearchCV__niter_30__cv_5,10,10,DecisionTreeClassifier,resubstitution,318,21884,251,108,0.9840875847701787,0.5588752196836555,0.7464788732394366,0.6391959798994975,0.9886604924327987,0.011339507567201257,0.8675696828361177,0.8590775112919569,0.6381543666848623,0.631232121683125,0.8675696828361177,0.421975566122766,22561,0.6927688623259562,0.05747378060281479,0.6875259731974926,0.09947364950200616,"{'classifier__ccp_alpha': np.float64(0.000504140810136815), 'classifier__max_depth': 16, 'classifier__max_features': 'log2', 'classifier__max_leaf_nodes': 8, 'classifier__min_impurity_decrease': np.float64(0.08426010621534062), 'classifier__min_samples_leaf': 4, 'classifier__min_samples_split': 6, 'feature_selection_filter__k': 'all'}",3.941859722137451,"[0, 1, 2, 3, 4, 5, 6, 7, 8, 9, 10, 11, 12, 13, 14, 15, 16, 17, 18, 19, 20, 21, 22, 23, 24, 25, 26, 27, 28, 29, 30]","['Amount_log1p', 'V1', 'V2', 'V3', 'V4', 'V5', 'V6', 'V7', 'V8', 'V9', 'V10', 'V11', 'V12', 'V13', 'V14', 'V15', 'V16', 'V17', 'V18', 'V19', 'V20', 'V21', 'V22', 'V23', 'V24', 'V25', 'V26', 'V27', 'V28', 'Time_sin', 'Time_cos']"
