experiment_name,iteration,fold,model,split,tp,tn,fp,fn,accuracy,precision,recall,f1,specificity,fpr,balanced_accuracy,geometric_mean,mcc,kappa,roc_auc,average_precision,fold_size,cv_tuning_mean_train_score,cv_tuning_std_train_score,cv_tuning_mean_val_score,cv_tuning_std_val_score,best_params,tuning_time,selected_features_indices,selected_features_names
CostSensitiveLearning___RandomizedSearchCV__niter_30__cv_5,1,1,StackingClassifier,resubstitution,426,21949,185,0,0.9917996453900709,0.6972176759410802,1.0,0.8216007714561234,0.9916418180175296,0.008358181982470403,0.9958209090087649,0.9958121399227515,0.8314987695265518,0.8175407451241463,0.9998101618354445,0.9821725210592822,22560,0.8313863775059029,0.03860822279533715,0.7375598570963786,0.044676208574018904,"{'classifier__extratreesclassifier_0__ccp_alpha': np.float64(0.008095010461397155), 'classifier__extratreesclassifier_0__max_depth': 9, 'classifier__extratreesclassifier_0__max_features': 'log2', 'classifier__extratreesclassifier_0__max_leaf_nodes': 10, 'classifier__extratreesclassifier_0__min_impurity_decrease': np.float64(0.0690937738102466), 'classifier__extratreesclassifier_0__min_samples_leaf': 7, 'classifier__extratreesclassifier_0__min_samples_split': 3, 'classifier__extratreesclassifier_0__n_estimators': 971, 'classifier__randomforestclassifier_1__ccp_alpha': np.float64(0.0013752094414599325), 'classifier__randomforestclassifier_1__max_depth': 12, 'classifier__randomforestclassifier_1__max_features': 'sqrt', 'classifier__randomforestclassifier_1__max_leaf_nodes': 8, 'classifier__randomforestclassifier_1__max_samples': np.float64(0.7639936184136716), 'classifier__randomforestclassifier_1__min_impurity_decrease': np.float64(0.08172222002012158), 'classifier__randomforestclassifier_1__min_samples_leaf': 9, 'classifier__randomforestclassifier_1__min_samples_split': 5, 'classifier__randomforestclassifier_1__n_estimators': 671, 'classifier__xgbclassifier_2__colsample_bytree': np.float64(0.7043316699321636), 'classifier__xgbclassifier_2__gamma': np.float64(4.981268498789621), 'classifier__xgbclassifier_2__learning_rate': np.float64(0.1803181879503395), 'classifier__xgbclassifier_2__max_delta_step': 4, 'classifier__xgbclassifier_2__max_depth': 7, 'classifier__xgbclassifier_2__min_child_weight': 7, 'classifier__xgbclassifier_2__n_estimators': 208, 'classifier__xgbclassifier_2__reg_alpha': np.float64(0.0024794580392016254), 'classifier__xgbclassifier_2__reg_lambda': np.float64(0.31753320714310695), 'classifier__xgbclassifier_2__scale_pos_weight': np.float64(24.676995893194203), 'classifier__xgbclassifier_2__subsample': np.float64(0.942529716751237), 'feature_selection_filter__k': 'all'}",335.317626953125,"[0, 1, 2, 3, 4, 5, 6, 7, 8, 9, 10, 11, 12, 13, 14, 15, 16, 17, 18, 19, 20, 21, 22, 23, 24, 25, 26, 27, 28, 29, 30]","['Amount_log1p', 'V1', 'V2', 'V3', 'V4', 'V5', 'V6', 'V7', 'V8', 'V9', 'V10', 'V11', 'V12', 'V13', 'V14', 'V15', 'V16', 'V17', 'V18', 'V19', 'V20', 'V21', 'V22', 'V23', 'V24', 'V25', 'V26', 'V27', 'V28', 'Time_sin', 'Time_cos']"
CostSensitiveLearning___RandomizedSearchCV__niter_30__cv_5,1,2,StackingClassifier,resubstitution,426,21904,230,0,0.9898049645390071,0.649390243902439,1.0,0.7874306839186691,0.9896087467244963,0.01039125327550372,0.9948043733622481,0.9947908055086236,0.8016497149025923,0.7824494461617723,0.9998174796194412,0.9840297184668461,22560,0.8409101935164912,0.02023981125586803,0.7543952664020974,0.035205837088641966,"{'classifier__extratreesclassifier_0__ccp_alpha': np.float64(0.006510085307520719), 'classifier__extratreesclassifier_0__max_depth': 9, 'classifier__extratreesclassifier_0__max_features': 'log2', 'classifier__extratreesclassifier_0__max_leaf_nodes': 19, 'classifier__extratreesclassifier_0__min_impurity_decrease': np.float64(0.06262539317667523), 'classifier__extratreesclassifier_0__min_samples_leaf': 6, 'classifier__extratreesclassifier_0__min_samples_split': 2, 'classifier__extratreesclassifier_0__n_estimators': 633, 'classifier__randomforestclassifier_1__ccp_alpha': np.float64(0.0007269209411749277), 'classifier__randomforestclassifier_1__max_depth': 18, 'classifier__randomforestclassifier_1__max_features': 'sqrt', 'classifier__randomforestclassifier_1__max_leaf_nodes': 5, 'classifier__randomforestclassifier_1__max_samples': np.float64(0.6831318420258662), 'classifier__randomforestclassifier_1__min_impurity_decrease': np.float64(0.06165486870096914), 'classifier__randomforestclassifier_1__min_samples_leaf': 3, 'classifier__randomforestclassifier_1__min_samples_split': 9, 'classifier__randomforestclassifier_1__n_estimators': 159, 'classifier__xgbclassifier_2__colsample_bytree': np.float64(0.962302277385143), 'classifier__xgbclassifier_2__gamma': np.float64(4.9745652798443825), 'classifier__xgbclassifier_2__learning_rate': np.float64(0.06650992842618571), 'classifier__xgbclassifier_2__max_delta_step': 2, 'classifier__xgbclassifier_2__max_depth': 8, 'classifier__xgbclassifier_2__min_child_weight': 8, 'classifier__xgbclassifier_2__n_estimators': 242, 'classifier__xgbclassifier_2__reg_alpha': np.float64(0.5313647609207619), 'classifier__xgbclassifier_2__reg_lambda': np.float64(8.291650316660299), 'classifier__xgbclassifier_2__scale_pos_weight': np.float64(18.65315542782088), 'classifier__xgbclassifier_2__subsample': np.float64(0.8953154006479659), 'feature_selection_filter__k': 26}",260.18991017341614,"[0, 1, 2, 3, 4, 5, 6, 7, 8, 9, 10, 11, 12, 14, 16, 17, 18, 19, 20, 21, 22, 23, 24, 27, 28, 29]","['Amount_log1p', 'V1', 'V2', 'V3', 'V4', 'V5', 'V6', 'V7', 'V8', 'V9', 'V10', 'V11', 'V12', 'V14', 'V16', 'V17', 'V18', 'V19', 'V20', 'V21', 'V22', 'V23', 'V24', 'V27', 'V28', 'Time_sin']"
CostSensitiveLearning___RandomizedSearchCV__niter_30__cv_5,1,3,StackingClassifier,resubstitution,421,21990,144,5,0.993395390070922,0.7451327433628319,0.9882629107981221,0.8496468213925328,0.9934941718622933,0.006505828137706726,0.9908785413302077,0.9908750890730879,0.855170258478877,0.8463382456602293,0.9991661968437231,0.982259569697626,22560,0.8509477670569023,0.04153792542199551,0.7721366577812785,0.0457139472621831,"{'classifier__extratreesclassifier_0__ccp_alpha': np.float64(0.006974299182041918), 'classifier__extratreesclassifier_0__max_depth': 11, 'classifier__extratreesclassifier_0__max_features': 'sqrt', 'classifier__extratreesclassifier_0__max_leaf_nodes': 2, 'classifier__extratreesclassifier_0__min_impurity_decrease': np.float64(0.08217045624293119), 'classifier__extratreesclassifier_0__min_samples_leaf': 6, 'classifier__extratreesclassifier_0__min_samples_split': 3, 'classifier__extratreesclassifier_0__n_estimators': 121, 'classifier__randomforestclassifier_1__ccp_alpha': np.float64(0.0011046645159821556), 'classifier__randomforestclassifier_1__max_depth': 13, 'classifier__randomforestclassifier_1__max_features': 'sqrt', 'classifier__randomforestclassifier_1__max_leaf_nodes': 6, 'classifier__randomforestclassifier_1__max_samples': np.float64(0.6086240614847794), 'classifier__randomforestclassifier_1__min_impurity_decrease': np.float64(0.08971518866243715), 'classifier__randomforestclassifier_1__min_samples_leaf': 8, 'classifier__randomforestclassifier_1__min_samples_split': 8, 'classifier__randomforestclassifier_1__n_estimators': 122, 'classifier__xgbclassifier_2__colsample_bytree': np.float64(0.7269413610677278), 'classifier__xgbclassifier_2__gamma': np.float64(1.5371127941281122), 'classifier__xgbclassifier_2__learning_rate': np.float64(0.035408412642504765), 'classifier__xgbclassifier_2__max_delta_step': 2, 'classifier__xgbclassifier_2__max_depth': 6, 'classifier__xgbclassifier_2__min_child_weight': 9, 'classifier__xgbclassifier_2__n_estimators': 645, 'classifier__xgbclassifier_2__reg_alpha': np.float64(0.0002995182625516038), 'classifier__xgbclassifier_2__reg_lambda': np.float64(0.9769839390134032), 'classifier__xgbclassifier_2__scale_pos_weight': np.float64(1.7229899540691505), 'classifier__xgbclassifier_2__subsample': np.float64(0.9645659651689448), 'feature_selection_filter__k': 22}",255.87804412841797,"[1, 2, 3, 4, 5, 6, 7, 8, 9, 10, 11, 12, 14, 16, 17, 18, 19, 20, 21, 27, 28, 29]","['V1', 'V2', 'V3', 'V4', 'V5', 'V6', 'V7', 'V8', 'V9', 'V10', 'V11', 'V12', 'V14', 'V16', 'V17', 'V18', 'V19', 'V20', 'V21', 'V27', 'V28', 'Time_sin']"
CostSensitiveLearning___RandomizedSearchCV__niter_30__cv_5,1,4,StackingClassifier,resubstitution,426,21930,204,0,0.9909574468085106,0.6761904761904762,1.0,0.8068181818181818,0.9907834101382489,0.009216589861751112,0.9953917050691244,0.9953810376625872,0.8185098080676898,0.802365308804205,0.9998499324006447,0.9847614667135174,22560,0.8168791935801989,0.02495062021651257,0.7394826968304753,0.058840390914222045,"{'classifier__extratreesclassifier_0__ccp_alpha': np.float64(0.0008644155852636993), 'classifier__extratreesclassifier_0__max_depth': 5, 'classifier__extratreesclassifier_0__max_features': 'log2', 'classifier__extratreesclassifier_0__max_leaf_nodes': 19, 'classifier__extratreesclassifier_0__min_impurity_decrease': np.float64(0.06251366454093411), 'classifier__extratreesclassifier_0__min_samples_leaf': 7, 'classifier__extratreesclassifier_0__min_samples_split': 4, 'classifier__extratreesclassifier_0__n_estimators': 756, 'classifier__randomforestclassifier_1__ccp_alpha': np.float64(0.002239692138214402), 'classifier__randomforestclassifier_1__max_depth': 11, 'classifier__randomforestclassifier_1__max_features': 'log2', 'classifier__randomforestclassifier_1__max_leaf_nodes': 8, 'classifier__randomforestclassifier_1__max_samples': np.float64(0.6091511250852435), 'classifier__randomforestclassifier_1__min_impurity_decrease': np.float64(0.09004918405927789), 'classifier__randomforestclassifier_1__min_samples_leaf': 2, 'classifier__randomforestclassifier_1__min_samples_split': 8, 'classifier__randomforestclassifier_1__n_estimators': 383, 'classifier__xgbclassifier_2__colsample_bytree': np.float64(0.7757233095033074), 'classifier__xgbclassifier_2__gamma': np.float64(4.90816708922511), 'classifier__xgbclassifier_2__learning_rate': np.float64(0.07970187885462644), 'classifier__xgbclassifier_2__max_delta_step': 5, 'classifier__xgbclassifier_2__max_depth': 8, 'classifier__xgbclassifier_2__min_child_weight': 9, 'classifier__xgbclassifier_2__n_estimators': 331, 'classifier__xgbclassifier_2__reg_alpha': np.float64(0.043460516935262046), 'classifier__xgbclassifier_2__reg_lambda': np.float64(0.00024362076469639985), 'classifier__xgbclassifier_2__scale_pos_weight': np.float64(34.405111646011584), 'classifier__xgbclassifier_2__subsample': np.float64(0.9183885836552331), 'feature_selection_filter__k': 24}",218.2751748561859,"[0, 1, 2, 3, 4, 5, 6, 7, 8, 9, 10, 11, 12, 14, 16, 17, 18, 19, 20, 21, 23, 27, 28, 29]","['Amount_log1p', 'V1', 'V2', 'V3', 'V4', 'V5', 'V6', 'V7', 'V8', 'V9', 'V10', 'V11', 'V12', 'V14', 'V16', 'V17', 'V18', 'V19', 'V20', 'V21', 'V23', 'V27', 'V28', 'Time_sin']"
CostSensitiveLearning___RandomizedSearchCV__niter_30__cv_5,1,5,StackingClassifier,resubstitution,424,21918,217,1,0.9903368794326242,0.6614664586583463,0.9976470588235294,0.7954971857410882,0.9901965213462842,0.00980347865371578,0.9939217900849069,0.9939148088133161,0.8083194459930624,0.7907565953358795,0.9997089517532787,0.981796947548861,22560,0.812181235416196,0.03473588254687306,0.7382884773136843,0.04418643318546797,"{'classifier__extratreesclassifier_0__ccp_alpha': np.float64(0.0003581933730132203), 'classifier__extratreesclassifier_0__max_depth': 5, 'classifier__extratreesclassifier_0__max_features': 'sqrt', 'classifier__extratreesclassifier_0__max_leaf_nodes': 3, 'classifier__extratreesclassifier_0__min_impurity_decrease': np.float64(0.07296285811688971), 'classifier__extratreesclassifier_0__min_samples_leaf': 6, 'classifier__extratreesclassifier_0__min_samples_split': 7, 'classifier__extratreesclassifier_0__n_estimators': 460, 'classifier__randomforestclassifier_1__ccp_alpha': np.float64(0.008383842944442162), 'classifier__randomforestclassifier_1__max_depth': 10, 'classifier__randomforestclassifier_1__max_features': 'sqrt', 'classifier__randomforestclassifier_1__max_leaf_nodes': 12, 'classifier__randomforestclassifier_1__max_samples': np.float64(0.7623090734754812), 'classifier__randomforestclassifier_1__min_impurity_decrease': np.float64(0.08690014691491121), 'classifier__randomforestclassifier_1__min_samples_leaf': 2, 'classifier__randomforestclassifier_1__min_samples_split': 2, 'classifier__randomforestclassifier_1__n_estimators': 391, 'classifier__xgbclassifier_2__colsample_bytree': np.float64(0.6733438072775957), 'classifier__xgbclassifier_2__gamma': np.float64(4.369176827396562), 'classifier__xgbclassifier_2__learning_rate': np.float64(0.06633536122680776), 'classifier__xgbclassifier_2__max_delta_step': 2, 'classifier__xgbclassifier_2__max_depth': 4, 'classifier__xgbclassifier_2__min_child_weight': 7, 'classifier__xgbclassifier_2__n_estimators': 313, 'classifier__xgbclassifier_2__reg_alpha': np.float64(0.03048736416747315), 'classifier__xgbclassifier_2__reg_lambda': np.float64(0.9475821886211321), 'classifier__xgbclassifier_2__scale_pos_weight': np.float64(4.624407798545726), 'classifier__xgbclassifier_2__subsample': np.float64(0.729289223735679), 'feature_selection_filter__k': 22}",262.4871163368225,"[1, 2, 3, 4, 5, 6, 7, 8, 9, 10, 11, 12, 14, 16, 17, 18, 19, 20, 21, 23, 27, 29]","['V1', 'V2', 'V3', 'V4', 'V5', 'V6', 'V7', 'V8', 'V9', 'V10', 'V11', 'V12', 'V14', 'V16', 'V17', 'V18', 'V19', 'V20', 'V21', 'V23', 'V27', 'Time_sin']"
CostSensitiveLearning___RandomizedSearchCV__niter_30__cv_5,1,6,StackingClassifier,resubstitution,425,22050,85,0,0.9962322695035462,0.8333333333333334,1.0,0.9090909090909091,0.9961599277162865,0.003840072283713525,0.9980799638581432,0.9980781170410894,0.91111649809281,0.9071834115033325,0.9999120902483425,0.99185646214257,22560,0.9031766162682808,0.04056426701835162,0.8166755131504793,0.06409037417724865,"{'classifier__extratreesclassifier_0__ccp_alpha': np.float64(0.0025228362565073194), 'classifier__extratreesclassifier_0__max_depth': 5, 'classifier__extratreesclassifier_0__max_features': 'log2', 'classifier__extratreesclassifier_0__max_leaf_nodes': 11, 'classifier__extratreesclassifier_0__min_impurity_decrease': np.float64(0.07416018205913008), 'classifier__extratreesclassifier_0__min_samples_leaf': 9, 'classifier__extratreesclassifier_0__min_samples_split': 2, 'classifier__extratreesclassifier_0__n_estimators': 112, 'classifier__randomforestclassifier_1__ccp_alpha': np.float64(0.0037841066264689607), 'classifier__randomforestclassifier_1__max_depth': 3, 'classifier__randomforestclassifier_1__max_features': 'log2', 'classifier__randomforestclassifier_1__max_leaf_nodes': 2, 'classifier__randomforestclassifier_1__max_samples': np.float64(0.6071173393033185), 'classifier__randomforestclassifier_1__min_impurity_decrease': np.float64(0.047212702216868345), 'classifier__randomforestclassifier_1__min_samples_leaf': 7, 'classifier__randomforestclassifier_1__min_samples_split': 8, 'classifier__randomforestclassifier_1__n_estimators': 690, 'classifier__xgbclassifier_2__colsample_bytree': np.float64(0.6360250593317383), 'classifier__xgbclassifier_2__gamma': np.float64(0.9044125592422175), 'classifier__xgbclassifier_2__learning_rate': np.float64(0.0578755527496673), 'classifier__xgbclassifier_2__max_delta_step': 5, 'classifier__xgbclassifier_2__max_depth': 6, 'classifier__xgbclassifier_2__min_child_weight': 6, 'classifier__xgbclassifier_2__n_estimators': 444, 'classifier__xgbclassifier_2__reg_alpha': np.float64(0.000185162938922109), 'classifier__xgbclassifier_2__reg_lambda': np.float64(0.00015053137698371218), 'classifier__xgbclassifier_2__scale_pos_weight': np.float64(12.311573544159582), 'classifier__xgbclassifier_2__subsample': np.float64(0.8265297176879624), 'feature_selection_filter__k': 26}",285.0280272960663,"[0, 1, 2, 3, 4, 5, 6, 7, 8, 9, 10, 11, 12, 13, 14, 16, 17, 18, 19, 20, 21, 23, 24, 27, 28, 29]","['Amount_log1p', 'V1', 'V2', 'V3', 'V4', 'V5', 'V6', 'V7', 'V8', 'V9', 'V10', 'V11', 'V12', 'V13', 'V14', 'V16', 'V17', 'V18', 'V19', 'V20', 'V21', 'V23', 'V24', 'V27', 'V28', 'Time_sin']"
CostSensitiveLearning___RandomizedSearchCV__niter_30__cv_5,1,7,StackingClassifier,resubstitution,425,21936,199,0,0.9911790780141844,0.6810897435897436,1.0,0.8102955195424214,0.9910097131240118,0.00899028687598824,0.9955048565620059,0.9954947077327995,0.8215634798398591,0.8059463048259263,0.9998605349526303,0.9893703047527656,22560,0.8340321628520464,0.04506687126260788,0.7392401203520569,0.027543518669201447,"{'classifier__extratreesclassifier_0__ccp_alpha': np.float64(0.006444939665697464), 'classifier__extratreesclassifier_0__max_depth': 9, 'classifier__extratreesclassifier_0__max_features': 'log2', 'classifier__extratreesclassifier_0__max_leaf_nodes': 3, 'classifier__extratreesclassifier_0__min_impurity_decrease': np.float64(0.07300307164938968), 'classifier__extratreesclassifier_0__min_samples_leaf': 4, 'classifier__extratreesclassifier_0__min_samples_split': 5, 'classifier__extratreesclassifier_0__n_estimators': 877, 'classifier__randomforestclassifier_1__ccp_alpha': np.float64(0.009316268748812735), 'classifier__randomforestclassifier_1__max_depth': 10, 'classifier__randomforestclassifier_1__max_features': 'log2', 'classifier__randomforestclassifier_1__max_leaf_nodes': 3, 'classifier__randomforestclassifier_1__max_samples': np.float64(0.7563654186508397), 'classifier__randomforestclassifier_1__min_impurity_decrease': np.float64(0.06830312846768564), 'classifier__randomforestclassifier_1__min_samples_leaf': 5, 'classifier__randomforestclassifier_1__min_samples_split': 9, 'classifier__randomforestclassifier_1__n_estimators': 103, 'classifier__xgbclassifier_2__colsample_bytree': np.float64(0.8748004519703236), 'classifier__xgbclassifier_2__gamma': np.float64(3.034951087237745), 'classifier__xgbclassifier_2__learning_rate': np.float64(0.05205373851075142), 'classifier__xgbclassifier_2__max_delta_step': 7, 'classifier__xgbclassifier_2__max_depth': 5, 'classifier__xgbclassifier_2__min_child_weight': 3, 'classifier__xgbclassifier_2__n_estimators': 667, 'classifier__xgbclassifier_2__reg_alpha': np.float64(0.0001353859507465892), 'classifier__xgbclassifier_2__reg_lambda': np.float64(0.016851553639646438), 'classifier__xgbclassifier_2__scale_pos_weight': np.float64(11.439222078941135), 'classifier__xgbclassifier_2__subsample': np.float64(0.8778177238328131), 'feature_selection_filter__k': 26}",240.65417671203613,"[0, 1, 2, 3, 4, 5, 6, 7, 8, 9, 10, 11, 12, 14, 16, 17, 18, 19, 20, 21, 22, 24, 27, 28, 29, 30]","['Amount_log1p', 'V1', 'V2', 'V3', 'V4', 'V5', 'V6', 'V7', 'V8', 'V9', 'V10', 'V11', 'V12', 'V14', 'V16', 'V17', 'V18', 'V19', 'V20', 'V21', 'V22', 'V24', 'V27', 'V28', 'Time_sin', 'Time_cos']"
CostSensitiveLearning___RandomizedSearchCV__niter_30__cv_5,1,8,StackingClassifier,resubstitution,418,21909,226,8,0.9896281193209521,0.6490683229813664,0.9812206572769953,0.7813084112149533,0.9897899254574204,0.010210074542579606,0.9855052913672078,0.9854959772741227,0.7936609972779379,0.7762221287237117,0.9988032251940981,0.9772854894973607,22561,0.7841151190642425,0.012648155755496153,0.7261211167969875,0.039742129568697125,"{'classifier__extratreesclassifier_0__ccp_alpha': np.float64(0.008644531073640417), 'classifier__extratreesclassifier_0__max_depth': 12, 'classifier__extratreesclassifier_0__max_features': 'sqrt', 'classifier__extratreesclassifier_0__max_leaf_nodes': 4, 'classifier__extratreesclassifier_0__min_impurity_decrease': np.float64(0.09190098949795782), 'classifier__extratreesclassifier_0__min_samples_leaf': 5, 'classifier__extratreesclassifier_0__min_samples_split': 8, 'classifier__extratreesclassifier_0__n_estimators': 979, 'classifier__randomforestclassifier_1__ccp_alpha': np.float64(0.0004105204344145663), 'classifier__randomforestclassifier_1__max_depth': 13, 'classifier__randomforestclassifier_1__max_features': 'log2', 'classifier__randomforestclassifier_1__max_leaf_nodes': 2, 'classifier__randomforestclassifier_1__max_samples': np.float64(0.6048601670692838), 'classifier__randomforestclassifier_1__min_impurity_decrease': np.float64(0.08737739374466263), 'classifier__randomforestclassifier_1__min_samples_leaf': 5, 'classifier__randomforestclassifier_1__min_samples_split': 3, 'classifier__randomforestclassifier_1__n_estimators': 797, 'classifier__xgbclassifier_2__colsample_bytree': np.float64(0.6612037282740053), 'classifier__xgbclassifier_2__gamma': np.float64(0.5857563726200549), 'classifier__xgbclassifier_2__learning_rate': np.float64(0.014504144933921896), 'classifier__xgbclassifier_2__max_delta_step': 6, 'classifier__xgbclassifier_2__max_depth': 9, 'classifier__xgbclassifier_2__min_child_weight': 4, 'classifier__xgbclassifier_2__n_estimators': 349, 'classifier__xgbclassifier_2__reg_alpha': np.float64(0.2049091197722815), 'classifier__xgbclassifier_2__reg_lambda': np.float64(0.0036785720773633485), 'classifier__xgbclassifier_2__scale_pos_weight': np.float64(1.9611622614949826), 'classifier__xgbclassifier_2__subsample': np.float64(0.8122519905744469), 'feature_selection_filter__k': 26}",248.97069454193115,"[0, 1, 2, 3, 4, 5, 6, 7, 8, 9, 10, 11, 12, 13, 14, 16, 17, 18, 19, 20, 21, 23, 24, 27, 28, 29]","['Amount_log1p', 'V1', 'V2', 'V3', 'V4', 'V5', 'V6', 'V7', 'V8', 'V9', 'V10', 'V11', 'V12', 'V13', 'V14', 'V16', 'V17', 'V18', 'V19', 'V20', 'V21', 'V23', 'V24', 'V27', 'V28', 'Time_sin']"
CostSensitiveLearning___RandomizedSearchCV__niter_30__cv_5,1,9,StackingClassifier,resubstitution,426,21911,224,0,0.990071362085014,0.6553846153846153,1.0,0.79182156133829,0.9898802800993901,0.010119719900609891,0.9949401400496951,0.9949272737740131,0.8054516165790184,0.7869615151204992,0.9998322288220703,0.9855663403970928,22561,0.8036029872486722,0.03824943030569846,0.7220438705131236,0.07665069474335152,"{'classifier__extratreesclassifier_0__ccp_alpha': np.float64(0.009521020039274129), 'classifier__extratreesclassifier_0__max_depth': 3, 'classifier__extratreesclassifier_0__max_features': 'log2', 'classifier__extratreesclassifier_0__max_leaf_nodes': 3, 'classifier__extratreesclassifier_0__min_impurity_decrease': np.float64(0.0072424626943085385), 'classifier__extratreesclassifier_0__min_samples_leaf': 1, 'classifier__extratreesclassifier_0__min_samples_split': 7, 'classifier__extratreesclassifier_0__n_estimators': 161, 'classifier__randomforestclassifier_1__ccp_alpha': np.float64(0.005712666114139161), 'classifier__randomforestclassifier_1__max_depth': 11, 'classifier__randomforestclassifier_1__max_features': 'sqrt', 'classifier__randomforestclassifier_1__max_leaf_nodes': 7, 'classifier__randomforestclassifier_1__max_samples': np.float64(0.7127382052275931), 'classifier__randomforestclassifier_1__min_impurity_decrease': np.float64(0.098516958779239), 'classifier__randomforestclassifier_1__min_samples_leaf': 7, 'classifier__randomforestclassifier_1__min_samples_split': 7, 'classifier__randomforestclassifier_1__n_estimators': 272, 'classifier__xgbclassifier_2__colsample_bytree': np.float64(0.8834189464383582), 'classifier__xgbclassifier_2__gamma': np.float64(4.941743882829334), 'classifier__xgbclassifier_2__learning_rate': np.float64(0.010144345580115656), 'classifier__xgbclassifier_2__max_delta_step': 6, 'classifier__xgbclassifier_2__max_depth': 9, 'classifier__xgbclassifier_2__min_child_weight': 8, 'classifier__xgbclassifier_2__n_estimators': 675, 'classifier__xgbclassifier_2__reg_alpha': np.float64(0.5912803367053671), 'classifier__xgbclassifier_2__reg_lambda': np.float64(0.000115426601299243), 'classifier__xgbclassifier_2__scale_pos_weight': np.float64(20.01723143624668), 'classifier__xgbclassifier_2__subsample': np.float64(0.8758993643559605), 'feature_selection_filter__k': 28}",258.3889915943146,"[0, 1, 2, 3, 4, 5, 6, 7, 8, 9, 10, 11, 12, 14, 16, 17, 18, 19, 20, 21, 22, 23, 24, 25, 26, 27, 28, 29]","['Amount_log1p', 'V1', 'V2', 'V3', 'V4', 'V5', 'V6', 'V7', 'V8', 'V9', 'V10', 'V11', 'V12', 'V14', 'V16', 'V17', 'V18', 'V19', 'V20', 'V21', 'V22', 'V23', 'V24', 'V25', 'V26', 'V27', 'V28', 'Time_sin']"
CostSensitiveLearning___RandomizedSearchCV__niter_30__cv_5,1,10,StackingClassifier,resubstitution,426,21945,190,0,0.9915783874828243,0.6915584415584416,1.0,0.817658349328215,0.9914163090128756,0.008583690987124415,0.9957081545064378,0.9956989047964628,0.8280231383219714,0.8134945894334819,0.9998214117170457,0.9852594174933962,22561,0.8145614482211995,0.05417956121660244,0.7459938728674894,0.033618252997555755,"{'classifier__extratreesclassifier_0__ccp_alpha': np.float64(0.005648022970936108), 'classifier__extratreesclassifier_0__max_depth': 13, 'classifier__extratreesclassifier_0__max_features': 'log2', 'classifier__extratreesclassifier_0__max_leaf_nodes': 19, 'classifier__extratreesclassifier_0__min_impurity_decrease': np.float64(0.08606781746508793), 'classifier__extratreesclassifier_0__min_samples_leaf': 3, 'classifier__extratreesclassifier_0__min_samples_split': 4, 'classifier__extratreesclassifier_0__n_estimators': 915, 'classifier__randomforestclassifier_1__ccp_alpha': np.float64(0.00386128731437188), 'classifier__randomforestclassifier_1__max_depth': 14, 'classifier__randomforestclassifier_1__max_features': 'log2', 'classifier__randomforestclassifier_1__max_leaf_nodes': 2, 'classifier__randomforestclassifier_1__max_samples': np.float64(0.7765585200160532), 'classifier__randomforestclassifier_1__min_impurity_decrease': np.float64(0.08768053721509245), 'classifier__randomforestclassifier_1__min_samples_leaf': 3, 'classifier__randomforestclassifier_1__min_samples_split': 9, 'classifier__randomforestclassifier_1__n_estimators': 416, 'classifier__xgbclassifier_2__colsample_bytree': np.float64(0.9427095026932977), 'classifier__xgbclassifier_2__gamma': np.float64(3.012682676840033), 'classifier__xgbclassifier_2__learning_rate': np.float64(0.01424308766917477), 'classifier__xgbclassifier_2__max_delta_step': 7, 'classifier__xgbclassifier_2__max_depth': 9, 'classifier__xgbclassifier_2__min_child_weight': 6, 'classifier__xgbclassifier_2__n_estimators': 724, 'classifier__xgbclassifier_2__reg_alpha': np.float64(2.419398033690787), 'classifier__xgbclassifier_2__reg_lambda': np.float64(0.06027820233992484), 'classifier__xgbclassifier_2__scale_pos_weight': np.float64(3.9030305208095077), 'classifier__xgbclassifier_2__subsample': np.float64(0.6919222716001642), 'feature_selection_filter__k': 24}",307.73829221725464,"[0, 1, 2, 3, 4, 5, 6, 7, 8, 9, 10, 11, 12, 14, 16, 17, 18, 19, 20, 21, 23, 27, 28, 29]","['Amount_log1p', 'V1', 'V2', 'V3', 'V4', 'V5', 'V6', 'V7', 'V8', 'V9', 'V10', 'V11', 'V12', 'V14', 'V16', 'V17', 'V18', 'V19', 'V20', 'V21', 'V23', 'V27', 'V28', 'Time_sin']"
CostSensitiveLearning___RandomizedSearchCV__niter_30__cv_5,2,1,StackingClassifier,resubstitution,426,22031,103,0,0.9954343971631205,0.8052930056710775,1.0,0.8921465968586387,0.9953465257070571,0.0046534742929429385,0.9976732628535285,0.9976705496841415,0.8952907881637677,0.8898421415816333,0.9998912937884529,0.9905144339612744,22560,0.8757823163159706,0.02976383601712456,0.7854066945539058,0.037746188974431424,"{'classifier__extratreesclassifier_0__ccp_alpha': np.float64(0.0028004031787213692), 'classifier__extratreesclassifier_0__max_depth': 13, 'classifier__extratreesclassifier_0__max_features': 'log2', 'classifier__extratreesclassifier_0__max_leaf_nodes': 14, 'classifier__extratreesclassifier_0__min_impurity_decrease': np.float64(0.06829624415716103), 'classifier__extratreesclassifier_0__min_samples_leaf': 4, 'classifier__extratreesclassifier_0__min_samples_split': 7, 'classifier__extratreesclassifier_0__n_estimators': 265, 'classifier__randomforestclassifier_1__ccp_alpha': np.float64(0.006777928889294819), 'classifier__randomforestclassifier_1__max_depth': 14, 'classifier__randomforestclassifier_1__max_features': 'sqrt', 'classifier__randomforestclassifier_1__max_leaf_nodes': 17, 'classifier__randomforestclassifier_1__max_samples': np.float64(0.7677049176228726), 'classifier__randomforestclassifier_1__min_impurity_decrease': np.float64(0.09523826240955953), 'classifier__randomforestclassifier_1__min_samples_leaf': 2, 'classifier__randomforestclassifier_1__min_samples_split': 3, 'classifier__randomforestclassifier_1__n_estimators': 927, 'classifier__xgbclassifier_2__colsample_bytree': np.float64(0.6241428258602653), 'classifier__xgbclassifier_2__gamma': np.float64(2.835314165312661), 'classifier__xgbclassifier_2__learning_rate': np.float64(0.02906529679292621), 'classifier__xgbclassifier_2__max_delta_step': 6, 'classifier__xgbclassifier_2__max_depth': 9, 'classifier__xgbclassifier_2__min_child_weight': 4, 'classifier__xgbclassifier_2__n_estimators': 475, 'classifier__xgbclassifier_2__reg_alpha': np.float64(0.09399565434193043), 'classifier__xgbclassifier_2__reg_lambda': np.float64(0.3891224982425056), 'classifier__xgbclassifier_2__scale_pos_weight': np.float64(29.56173982426095), 'classifier__xgbclassifier_2__subsample': np.float64(0.7512482235144469), 'feature_selection_filter__k': 'all'}",276.75440669059753,"[0, 1, 2, 3, 4, 5, 6, 7, 8, 9, 10, 11, 12, 13, 14, 15, 16, 17, 18, 19, 20, 21, 22, 23, 24, 25, 26, 27, 28, 29, 30]","['Amount_log1p', 'V1', 'V2', 'V3', 'V4', 'V5', 'V6', 'V7', 'V8', 'V9', 'V10', 'V11', 'V12', 'V13', 'V14', 'V15', 'V16', 'V17', 'V18', 'V19', 'V20', 'V21', 'V22', 'V23', 'V24', 'V25', 'V26', 'V27', 'V28', 'Time_sin', 'Time_cos']"
CostSensitiveLearning___RandomizedSearchCV__niter_30__cv_5,2,2,StackingClassifier,resubstitution,426,21901,233,0,0.9896719858156028,0.6464339908952959,1.0,0.7852534562211981,0.989473208638294,0.010526791361705978,0.994736604319147,0.9947226792620615,0.7997681633723777,0.7802119506615869,0.9998536443200633,0.9886989189966185,22560,0.8089503960514545,0.033045788820577585,0.7266846889482933,0.03606816195436272,"{'classifier__extratreesclassifier_0__ccp_alpha': np.float64(0.008969848443241633), 'classifier__extratreesclassifier_0__max_depth': 15, 'classifier__extratreesclassifier_0__max_features': 'sqrt', 'classifier__extratreesclassifier_0__max_leaf_nodes': 15, 'classifier__extratreesclassifier_0__min_impurity_decrease': np.float64(0.07948459940085865), 'classifier__extratreesclassifier_0__min_samples_leaf': 9, 'classifier__extratreesclassifier_0__min_samples_split': 2, 'classifier__extratreesclassifier_0__n_estimators': 305, 'classifier__randomforestclassifier_1__ccp_alpha': np.float64(0.008258960704717771), 'classifier__randomforestclassifier_1__max_depth': 14, 'classifier__randomforestclassifier_1__max_features': 'log2', 'classifier__randomforestclassifier_1__max_leaf_nodes': 10, 'classifier__randomforestclassifier_1__max_samples': np.float64(0.5596403727105477), 'classifier__randomforestclassifier_1__min_impurity_decrease': np.float64(0.09413441099455098), 'classifier__randomforestclassifier_1__min_samples_leaf': 3, 'classifier__randomforestclassifier_1__min_samples_split': 8, 'classifier__randomforestclassifier_1__n_estimators': 542, 'classifier__xgbclassifier_2__colsample_bytree': np.float64(0.7355934253665198), 'classifier__xgbclassifier_2__gamma': np.float64(1.424592445331994), 'classifier__xgbclassifier_2__learning_rate': np.float64(0.08363993533876815), 'classifier__xgbclassifier_2__max_delta_step': 6, 'classifier__xgbclassifier_2__max_depth': 6, 'classifier__xgbclassifier_2__min_child_weight': 8, 'classifier__xgbclassifier_2__n_estimators': 343, 'classifier__xgbclassifier_2__reg_alpha': np.float64(0.00013860353782061357), 'classifier__xgbclassifier_2__reg_lambda': np.float64(0.030159613829981603), 'classifier__xgbclassifier_2__scale_pos_weight': np.float64(14.142785467181298), 'classifier__xgbclassifier_2__subsample': np.float64(0.7395540471676785), 'feature_selection_filter__k': 26}",257.2283847332001,"[0, 1, 2, 3, 4, 5, 6, 7, 8, 9, 10, 11, 12, 14, 16, 17, 18, 19, 20, 21, 23, 24, 27, 28, 29, 30]","['Amount_log1p', 'V1', 'V2', 'V3', 'V4', 'V5', 'V6', 'V7', 'V8', 'V9', 'V10', 'V11', 'V12', 'V14', 'V16', 'V17', 'V18', 'V19', 'V20', 'V21', 'V23', 'V24', 'V27', 'V28', 'Time_sin', 'Time_cos']"
CostSensitiveLearning___RandomizedSearchCV__niter_30__cv_5,2,3,StackingClassifier,resubstitution,426,22031,103,0,0.9954343971631205,0.8052930056710775,1.0,0.8921465968586387,0.9953465257070571,0.0046534742929429385,0.9976732628535285,0.9976705496841415,0.8952907881637677,0.8898421415816333,0.9998361452713752,0.9861737617102395,22560,0.885929936122911,0.021004118744243207,0.7993488061891423,0.047775503457341634,"{'classifier__extratreesclassifier_0__ccp_alpha': np.float64(0.008827253537551424), 'classifier__extratreesclassifier_0__max_depth': 17, 'classifier__extratreesclassifier_0__max_features': 'sqrt', 'classifier__extratreesclassifier_0__max_leaf_nodes': 17, 'classifier__extratreesclassifier_0__min_impurity_decrease': np.float64(0.06574665890667282), 'classifier__extratreesclassifier_0__min_samples_leaf': 1, 'classifier__extratreesclassifier_0__min_samples_split': 9, 'classifier__extratreesclassifier_0__n_estimators': 584, 'classifier__randomforestclassifier_1__ccp_alpha': np.float64(0.00041727725605836377), 'classifier__randomforestclassifier_1__max_depth': 17, 'classifier__randomforestclassifier_1__max_features': 'log2', 'classifier__randomforestclassifier_1__max_leaf_nodes': 10, 'classifier__randomforestclassifier_1__max_samples': np.float64(0.7676096236577554), 'classifier__randomforestclassifier_1__min_impurity_decrease': np.float64(0.09981594023795641), 'classifier__randomforestclassifier_1__min_samples_leaf': 7, 'classifier__randomforestclassifier_1__min_samples_split': 4, 'classifier__randomforestclassifier_1__n_estimators': 260, 'classifier__xgbclassifier_2__colsample_bytree': np.float64(0.6141538346152137), 'classifier__xgbclassifier_2__gamma': np.float64(3.0147266778023067), 'classifier__xgbclassifier_2__learning_rate': np.float64(0.16978969383223896), 'classifier__xgbclassifier_2__max_delta_step': 7, 'classifier__xgbclassifier_2__max_depth': 7, 'classifier__xgbclassifier_2__min_child_weight': 5, 'classifier__xgbclassifier_2__n_estimators': 654, 'classifier__xgbclassifier_2__reg_alpha': np.float64(0.01685322675263825), 'classifier__xgbclassifier_2__reg_lambda': np.float64(3.2110580845785615), 'classifier__xgbclassifier_2__scale_pos_weight': np.float64(30.90484945909061), 'classifier__xgbclassifier_2__subsample': np.float64(0.6444002454787628), 'feature_selection_filter__k': 'all'}",218.70324683189392,"[0, 1, 2, 3, 4, 5, 6, 7, 8, 9, 10, 11, 12, 13, 14, 15, 16, 17, 18, 19, 20, 21, 22, 23, 24, 25, 26, 27, 28, 29, 30]","['Amount_log1p', 'V1', 'V2', 'V3', 'V4', 'V5', 'V6', 'V7', 'V8', 'V9', 'V10', 'V11', 'V12', 'V13', 'V14', 'V15', 'V16', 'V17', 'V18', 'V19', 'V20', 'V21', 'V22', 'V23', 'V24', 'V25', 'V26', 'V27', 'V28', 'Time_sin', 'Time_cos']"
CostSensitiveLearning___RandomizedSearchCV__niter_30__cv_5,2,4,StackingClassifier,resubstitution,426,21970,164,0,0.9927304964539007,0.7220338983050848,1.0,0.8385826771653543,0.9925905846209452,0.007409415379054818,0.9962952923104726,0.9962884043392983,0.8465719397870355,0.8349632532022974,0.9998109042193282,0.9833720311194987,22560,0.812981061719517,0.027991236161600805,0.728119550558149,0.029425638435587667,"{'classifier__extratreesclassifier_0__ccp_alpha': np.float64(0.006554926643637597), 'classifier__extratreesclassifier_0__max_depth': 19, 'classifier__extratreesclassifier_0__max_features': 'sqrt', 'classifier__extratreesclassifier_0__max_leaf_nodes': 11, 'classifier__extratreesclassifier_0__min_impurity_decrease': np.float64(0.08933534633125916), 'classifier__extratreesclassifier_0__min_samples_leaf': 8, 'classifier__extratreesclassifier_0__min_samples_split': 7, 'classifier__extratreesclassifier_0__n_estimators': 932, 'classifier__randomforestclassifier_1__ccp_alpha': np.float64(0.0019468460528298294), 'classifier__randomforestclassifier_1__max_depth': 9, 'classifier__randomforestclassifier_1__max_features': 'log2', 'classifier__randomforestclassifier_1__max_leaf_nodes': 19, 'classifier__randomforestclassifier_1__max_samples': np.float64(0.7876572083854136), 'classifier__randomforestclassifier_1__min_impurity_decrease': np.float64(0.052818067467607144), 'classifier__randomforestclassifier_1__min_samples_leaf': 7, 'classifier__randomforestclassifier_1__min_samples_split': 7, 'classifier__randomforestclassifier_1__n_estimators': 953, 'classifier__xgbclassifier_2__colsample_bytree': np.float64(0.7705402594889431), 'classifier__xgbclassifier_2__gamma': np.float64(4.455973648192897), 'classifier__xgbclassifier_2__learning_rate': np.float64(0.05948700615632292), 'classifier__xgbclassifier_2__max_delta_step': 0, 'classifier__xgbclassifier_2__max_depth': 7, 'classifier__xgbclassifier_2__min_child_weight': 6, 'classifier__xgbclassifier_2__n_estimators': 231, 'classifier__xgbclassifier_2__reg_alpha': np.float64(0.07261601424624914), 'classifier__xgbclassifier_2__reg_lambda': np.float64(0.33344145023728083), 'classifier__xgbclassifier_2__scale_pos_weight': np.float64(31.549858548795665), 'classifier__xgbclassifier_2__subsample': np.float64(0.6286816483346627), 'feature_selection_filter__k': 'all'}",342.4112467765808,"[0, 1, 2, 3, 4, 5, 6, 7, 8, 9, 10, 11, 12, 13, 14, 15, 16, 17, 18, 19, 20, 21, 22, 23, 24, 25, 26, 27, 28, 29, 30]","['Amount_log1p', 'V1', 'V2', 'V3', 'V4', 'V5', 'V6', 'V7', 'V8', 'V9', 'V10', 'V11', 'V12', 'V13', 'V14', 'V15', 'V16', 'V17', 'V18', 'V19', 'V20', 'V21', 'V22', 'V23', 'V24', 'V25', 'V26', 'V27', 'V28', 'Time_sin', 'Time_cos']"
CostSensitiveLearning___RandomizedSearchCV__niter_30__cv_5,2,5,StackingClassifier,resubstitution,425,21944,191,0,0.9915336879432625,0.689935064935065,1.0,0.8165225744476465,0.9913711316918906,0.008628868308109383,0.9956855658459454,0.9956762183018587,0.8270318652377268,0.8123386419619744,0.9998469286065454,0.9886969596334364,22560,0.8375562877915629,0.02107429818395885,0.7443877733163035,0.02841453286244156,"{'classifier__extratreesclassifier_0__ccp_alpha': np.float64(0.003618594782435446), 'classifier__extratreesclassifier_0__max_depth': 13, 'classifier__extratreesclassifier_0__max_features': 'log2', 'classifier__extratreesclassifier_0__max_leaf_nodes': 6, 'classifier__extratreesclassifier_0__min_impurity_decrease': np.float64(0.08184759199557509), 'classifier__extratreesclassifier_0__min_samples_leaf': 4, 'classifier__extratreesclassifier_0__min_samples_split': 5, 'classifier__extratreesclassifier_0__n_estimators': 424, 'classifier__randomforestclassifier_1__ccp_alpha': np.float64(0.007541635267448333), 'classifier__randomforestclassifier_1__max_depth': 16, 'classifier__randomforestclassifier_1__max_features': 'log2', 'classifier__randomforestclassifier_1__max_leaf_nodes': 10, 'classifier__randomforestclassifier_1__max_samples': np.float64(0.6534609489467724), 'classifier__randomforestclassifier_1__min_impurity_decrease': np.float64(0.0956948113267666), 'classifier__randomforestclassifier_1__min_samples_leaf': 9, 'classifier__randomforestclassifier_1__min_samples_split': 8, 'classifier__randomforestclassifier_1__n_estimators': 661, 'classifier__xgbclassifier_2__colsample_bytree': np.float64(0.7078980149285461), 'classifier__xgbclassifier_2__gamma': np.float64(0.9382153254398073), 'classifier__xgbclassifier_2__learning_rate': np.float64(0.010946641210440646), 'classifier__xgbclassifier_2__max_delta_step': 7, 'classifier__xgbclassifier_2__max_depth': 7, 'classifier__xgbclassifier_2__min_child_weight': 1, 'classifier__xgbclassifier_2__n_estimators': 697, 'classifier__xgbclassifier_2__reg_alpha': np.float64(7.3269437055712), 'classifier__xgbclassifier_2__reg_lambda': np.float64(0.0024949987148791277), 'classifier__xgbclassifier_2__scale_pos_weight': np.float64(18.357179823814985), 'classifier__xgbclassifier_2__subsample': np.float64(0.8080312852916115), 'feature_selection_filter__k': 28}",344.80102729797363,"[0, 1, 2, 3, 4, 5, 6, 7, 8, 9, 10, 11, 12, 14, 16, 17, 18, 19, 20, 21, 22, 23, 24, 26, 27, 28, 29, 30]","['Amount_log1p', 'V1', 'V2', 'V3', 'V4', 'V5', 'V6', 'V7', 'V8', 'V9', 'V10', 'V11', 'V12', 'V14', 'V16', 'V17', 'V18', 'V19', 'V20', 'V21', 'V22', 'V23', 'V24', 'V26', 'V27', 'V28', 'Time_sin', 'Time_cos']"
CostSensitiveLearning___RandomizedSearchCV__niter_30__cv_5,2,6,StackingClassifier,resubstitution,425,22002,133,0,0.994104609929078,0.7616487455197133,1.0,0.8646998982706002,0.9939914163090129,0.006008583690987113,0.9969957081545064,0.9969911816606067,0.8700990261396243,0.8617429216788359,0.9998601097543152,0.987226893779492,22560,0.8584338618868831,0.02508273935955526,0.7707218693037508,0.035292339568629656,"{'classifier__extratreesclassifier_0__ccp_alpha': np.float64(0.003569302890239153), 'classifier__extratreesclassifier_0__max_depth': 12, 'classifier__extratreesclassifier_0__max_features': 'log2', 'classifier__extratreesclassifier_0__max_leaf_nodes': 14, 'classifier__extratreesclassifier_0__min_impurity_decrease': np.float64(0.07279245758207122), 'classifier__extratreesclassifier_0__min_samples_leaf': 2, 'classifier__extratreesclassifier_0__min_samples_split': 4, 'classifier__extratreesclassifier_0__n_estimators': 288, 'classifier__randomforestclassifier_1__ccp_alpha': np.float64(0.0064232536877866135), 'classifier__randomforestclassifier_1__max_depth': 4, 'classifier__randomforestclassifier_1__max_features': 'sqrt', 'classifier__randomforestclassifier_1__max_leaf_nodes': 10, 'classifier__randomforestclassifier_1__max_samples': np.float64(0.7032661764436494), 'classifier__randomforestclassifier_1__min_impurity_decrease': np.float64(0.09831591877818067), 'classifier__randomforestclassifier_1__min_samples_leaf': 1, 'classifier__randomforestclassifier_1__min_samples_split': 2, 'classifier__randomforestclassifier_1__n_estimators': 793, 'classifier__xgbclassifier_2__colsample_bytree': np.float64(0.8037537008045618), 'classifier__xgbclassifier_2__gamma': np.float64(3.847614987295197), 'classifier__xgbclassifier_2__learning_rate': np.float64(0.027949477199058742), 'classifier__xgbclassifier_2__max_delta_step': 0, 'classifier__xgbclassifier_2__max_depth': 8, 'classifier__xgbclassifier_2__min_child_weight': 9, 'classifier__xgbclassifier_2__n_estimators': 313, 'classifier__xgbclassifier_2__reg_alpha': np.float64(0.00022347533970758218), 'classifier__xgbclassifier_2__reg_lambda': np.float64(1.997872091999994), 'classifier__xgbclassifier_2__scale_pos_weight': np.float64(14.387992541066827), 'classifier__xgbclassifier_2__subsample': np.float64(0.6126489621395986), 'feature_selection_filter__k': 'all'}",328.2054843902588,"[0, 1, 2, 3, 4, 5, 6, 7, 8, 9, 10, 11, 12, 13, 14, 15, 16, 17, 18, 19, 20, 21, 22, 23, 24, 25, 26, 27, 28, 29, 30]","['Amount_log1p', 'V1', 'V2', 'V3', 'V4', 'V5', 'V6', 'V7', 'V8', 'V9', 'V10', 'V11', 'V12', 'V13', 'V14', 'V15', 'V16', 'V17', 'V18', 'V19', 'V20', 'V21', 'V22', 'V23', 'V24', 'V25', 'V26', 'V27', 'V28', 'Time_sin', 'Time_cos']"
CostSensitiveLearning___RandomizedSearchCV__niter_30__cv_5,2,7,StackingClassifier,resubstitution,425,21970,165,0,0.992686170212766,0.7203389830508474,1.0,0.8374384236453202,0.9925457420374971,0.007454257962502875,0.9962728710187485,0.9962658992645975,0.8455586262647549,0.8337984274609432,0.9998219482055303,0.9836891603873303,22560,0.836116827228435,0.030861783838565377,0.7539113522509193,0.017198663279506848,"{'classifier__extratreesclassifier_0__ccp_alpha': np.float64(0.0035547450925514303), 'classifier__extratreesclassifier_0__max_depth': 10, 'classifier__extratreesclassifier_0__max_features': 'log2', 'classifier__extratreesclassifier_0__max_leaf_nodes': 15, 'classifier__extratreesclassifier_0__min_impurity_decrease': np.float64(0.0326189546583008), 'classifier__extratreesclassifier_0__min_samples_leaf': 8, 'classifier__extratreesclassifier_0__min_samples_split': 8, 'classifier__extratreesclassifier_0__n_estimators': 817, 'classifier__randomforestclassifier_1__ccp_alpha': np.float64(0.0002884863812727179), 'classifier__randomforestclassifier_1__max_depth': 5, 'classifier__randomforestclassifier_1__max_features': 'log2', 'classifier__randomforestclassifier_1__max_leaf_nodes': 2, 'classifier__randomforestclassifier_1__max_samples': np.float64(0.744409772166335), 'classifier__randomforestclassifier_1__min_impurity_decrease': np.float64(0.020284395402982672), 'classifier__randomforestclassifier_1__min_samples_leaf': 9, 'classifier__randomforestclassifier_1__min_samples_split': 3, 'classifier__randomforestclassifier_1__n_estimators': 285, 'classifier__xgbclassifier_2__colsample_bytree': np.float64(0.9896664537635935), 'classifier__xgbclassifier_2__gamma': np.float64(0.19869646158083676), 'classifier__xgbclassifier_2__learning_rate': np.float64(0.05406010873395373), 'classifier__xgbclassifier_2__max_delta_step': 2, 'classifier__xgbclassifier_2__max_depth': 6, 'classifier__xgbclassifier_2__min_child_weight': 6, 'classifier__xgbclassifier_2__n_estimators': 369, 'classifier__xgbclassifier_2__reg_alpha': np.float64(9.305071944837543), 'classifier__xgbclassifier_2__reg_lambda': np.float64(0.00021774712946347484), 'classifier__xgbclassifier_2__scale_pos_weight': np.float64(6.122453026751244), 'classifier__xgbclassifier_2__subsample': np.float64(0.7158929270944736), 'feature_selection_filter__k': 26}",229.73422265052795,"[0, 1, 2, 3, 4, 5, 6, 7, 8, 9, 10, 11, 12, 14, 16, 17, 18, 19, 20, 21, 23, 24, 26, 27, 28, 29]","['Amount_log1p', 'V1', 'V2', 'V3', 'V4', 'V5', 'V6', 'V7', 'V8', 'V9', 'V10', 'V11', 'V12', 'V14', 'V16', 'V17', 'V18', 'V19', 'V20', 'V21', 'V23', 'V24', 'V26', 'V27', 'V28', 'Time_sin']"
CostSensitiveLearning___RandomizedSearchCV__niter_30__cv_5,2,8,StackingClassifier,resubstitution,426,21905,230,0,0.9898054164265768,0.649390243902439,1.0,0.7874306839186691,0.989609216173481,0.010390783826519034,0.9948046080867405,0.9947910414622163,0.8016499050452125,0.782449672125168,0.9999292646171434,0.9953040254459498,22561,0.8096257691869969,0.04726302031878063,0.7365783251180461,0.04148607652184598,"{'classifier__extratreesclassifier_0__ccp_alpha': np.float64(0.0006697044851516309), 'classifier__extratreesclassifier_0__max_depth': 14, 'classifier__extratreesclassifier_0__max_features': 'sqrt', 'classifier__extratreesclassifier_0__max_leaf_nodes': 16, 'classifier__extratreesclassifier_0__min_impurity_decrease': np.float64(0.08187748059238623), 'classifier__extratreesclassifier_0__min_samples_leaf': 9, 'classifier__extratreesclassifier_0__min_samples_split': 5, 'classifier__extratreesclassifier_0__n_estimators': 463, 'classifier__randomforestclassifier_1__ccp_alpha': np.float64(0.0017343602826125671), 'classifier__randomforestclassifier_1__max_depth': 4, 'classifier__randomforestclassifier_1__max_features': 'log2', 'classifier__randomforestclassifier_1__max_leaf_nodes': 2, 'classifier__randomforestclassifier_1__max_samples': np.float64(0.6204956945184023), 'classifier__randomforestclassifier_1__min_impurity_decrease': np.float64(0.08393396878178902), 'classifier__randomforestclassifier_1__min_samples_leaf': 4, 'classifier__randomforestclassifier_1__min_samples_split': 7, 'classifier__randomforestclassifier_1__n_estimators': 381, 'classifier__xgbclassifier_2__colsample_bytree': np.float64(0.6352203059086247), 'classifier__xgbclassifier_2__gamma': np.float64(1.0637276065962138), 'classifier__xgbclassifier_2__learning_rate': np.float64(0.12328553450522382), 'classifier__xgbclassifier_2__max_delta_step': 6, 'classifier__xgbclassifier_2__max_depth': 8, 'classifier__xgbclassifier_2__min_child_weight': 6, 'classifier__xgbclassifier_2__n_estimators': 264, 'classifier__xgbclassifier_2__reg_alpha': np.float64(0.018285375368136916), 'classifier__xgbclassifier_2__reg_lambda': np.float64(0.0016792501710385297), 'classifier__xgbclassifier_2__scale_pos_weight': np.float64(5.024757507449248), 'classifier__xgbclassifier_2__subsample': np.float64(0.8234917232703829), 'feature_selection_filter__k': 28}",214.9467236995697,"[0, 1, 2, 3, 4, 5, 6, 7, 8, 9, 10, 11, 12, 14, 16, 17, 18, 19, 20, 21, 22, 23, 24, 25, 26, 27, 28, 29]","['Amount_log1p', 'V1', 'V2', 'V3', 'V4', 'V5', 'V6', 'V7', 'V8', 'V9', 'V10', 'V11', 'V12', 'V14', 'V16', 'V17', 'V18', 'V19', 'V20', 'V21', 'V22', 'V23', 'V24', 'V25', 'V26', 'V27', 'V28', 'Time_sin']"
CostSensitiveLearning___RandomizedSearchCV__niter_30__cv_5,2,9,StackingClassifier,resubstitution,426,21975,160,0,0.9929081157750099,0.726962457337884,1.0,0.841897233201581,0.9927716286424215,0.007228371357578478,0.9963858143212108,0.9963792594401097,0.8495338149439539,0.8383626344791393,0.999790551152711,0.9797399873780156,22561,0.8335478225241773,0.028099399145181895,0.7489494055802629,0.04263438614863035,"{'classifier__extratreesclassifier_0__ccp_alpha': np.float64(0.008391908594191547), 'classifier__extratreesclassifier_0__max_depth': 5, 'classifier__extratreesclassifier_0__max_features': 'log2', 'classifier__extratreesclassifier_0__max_leaf_nodes': 10, 'classifier__extratreesclassifier_0__min_impurity_decrease': np.float64(0.09501292746304799), 'classifier__extratreesclassifier_0__min_samples_leaf': 5, 'classifier__extratreesclassifier_0__min_samples_split': 9, 'classifier__extratreesclassifier_0__n_estimators': 436, 'classifier__randomforestclassifier_1__ccp_alpha': np.float64(0.0036459219096025663), 'classifier__randomforestclassifier_1__max_depth': 17, 'classifier__randomforestclassifier_1__max_features': 'sqrt', 'classifier__randomforestclassifier_1__max_leaf_nodes': 13, 'classifier__randomforestclassifier_1__max_samples': np.float64(0.6713296921251096), 'classifier__randomforestclassifier_1__min_impurity_decrease': np.float64(0.050225283219908684), 'classifier__randomforestclassifier_1__min_samples_leaf': 7, 'classifier__randomforestclassifier_1__min_samples_split': 2, 'classifier__randomforestclassifier_1__n_estimators': 150, 'classifier__xgbclassifier_2__colsample_bytree': np.float64(0.604634217951854), 'classifier__xgbclassifier_2__gamma': np.float64(2.2343634344889547), 'classifier__xgbclassifier_2__learning_rate': np.float64(0.07050014297499323), 'classifier__xgbclassifier_2__max_delta_step': 2, 'classifier__xgbclassifier_2__max_depth': 6, 'classifier__xgbclassifier_2__min_child_weight': 8, 'classifier__xgbclassifier_2__n_estimators': 763, 'classifier__xgbclassifier_2__reg_alpha': np.float64(8.574899728687432), 'classifier__xgbclassifier_2__reg_lambda': np.float64(1.985270964127224), 'classifier__xgbclassifier_2__scale_pos_weight': np.float64(42.380475980165784), 'classifier__xgbclassifier_2__subsample': np.float64(0.8989383891221756), 'feature_selection_filter__k': 20}",223.02364444732666,"[1, 2, 3, 4, 5, 6, 7, 8, 9, 10, 11, 12, 14, 16, 17, 18, 19, 20, 21, 27]","['V1', 'V2', 'V3', 'V4', 'V5', 'V6', 'V7', 'V8', 'V9', 'V10', 'V11', 'V12', 'V14', 'V16', 'V17', 'V18', 'V19', 'V20', 'V21', 'V27']"
CostSensitiveLearning___RandomizedSearchCV__niter_30__cv_5,2,10,StackingClassifier,resubstitution,426,21933,202,0,0.9910464961659501,0.678343949044586,1.0,0.8083491461100569,0.9908741811610572,0.009125818838942812,0.9954370905805285,0.995426632736465,0.8198496844270369,0.8039375607838811,0.9998494089300505,0.9875447874115321,22561,0.8011935165540504,0.02810755786556256,0.7260981765433991,0.03524341785722643,"{'classifier__extratreesclassifier_0__ccp_alpha': np.float64(0.005453580096672904), 'classifier__extratreesclassifier_0__max_depth': 5, 'classifier__extratreesclassifier_0__max_features': 'log2', 'classifier__extratreesclassifier_0__max_leaf_nodes': 18, 'classifier__extratreesclassifier_0__min_impurity_decrease': np.float64(0.01637722178249208), 'classifier__extratreesclassifier_0__min_samples_leaf': 9, 'classifier__extratreesclassifier_0__min_samples_split': 8, 'classifier__extratreesclassifier_0__n_estimators': 302, 'classifier__randomforestclassifier_1__ccp_alpha': np.float64(0.008327332464562815), 'classifier__randomforestclassifier_1__max_depth': 16, 'classifier__randomforestclassifier_1__max_features': 'sqrt', 'classifier__randomforestclassifier_1__max_leaf_nodes': 2, 'classifier__randomforestclassifier_1__max_samples': np.float64(0.8655242257042619), 'classifier__randomforestclassifier_1__min_impurity_decrease': np.float64(0.06884259713981154), 'classifier__randomforestclassifier_1__min_samples_leaf': 1, 'classifier__randomforestclassifier_1__min_samples_split': 4, 'classifier__randomforestclassifier_1__n_estimators': 695, 'classifier__xgbclassifier_2__colsample_bytree': np.float64(0.6842412180679687), 'classifier__xgbclassifier_2__gamma': np.float64(2.9782502171313507), 'classifier__xgbclassifier_2__learning_rate': np.float64(0.013672697796036368), 'classifier__xgbclassifier_2__max_delta_step': 3, 'classifier__xgbclassifier_2__max_depth': 5, 'classifier__xgbclassifier_2__min_child_weight': 4, 'classifier__xgbclassifier_2__n_estimators': 512, 'classifier__xgbclassifier_2__reg_alpha': np.float64(0.18236769866092248), 'classifier__xgbclassifier_2__reg_lambda': np.float64(0.7607010430489087), 'classifier__xgbclassifier_2__scale_pos_weight': np.float64(13.195291827959391), 'classifier__xgbclassifier_2__subsample': np.float64(0.7545666277947117), 'feature_selection_filter__k': 'all'}",361.6284821033478,"[0, 1, 2, 3, 4, 5, 6, 7, 8, 9, 10, 11, 12, 13, 14, 15, 16, 17, 18, 19, 20, 21, 22, 23, 24, 25, 26, 27, 28, 29, 30]","['Amount_log1p', 'V1', 'V2', 'V3', 'V4', 'V5', 'V6', 'V7', 'V8', 'V9', 'V10', 'V11', 'V12', 'V13', 'V14', 'V15', 'V16', 'V17', 'V18', 'V19', 'V20', 'V21', 'V22', 'V23', 'V24', 'V25', 'V26', 'V27', 'V28', 'Time_sin', 'Time_cos']"
CostSensitiveLearning___RandomizedSearchCV__niter_30__cv_5,3,1,StackingClassifier,resubstitution,425,21991,143,1,0.9936170212765958,0.7482394366197183,0.9976525821596244,0.8551307847082495,0.9935393512243608,0.006460648775639233,0.9955959666919926,0.9955938425011384,0.8611642254815017,0.8519354711681084,0.9998317970229134,0.9878511978430005,22560,0.8659102537510213,0.020408076005199345,0.7840632609764477,0.020044339098737107,"{'classifier__extratreesclassifier_0__ccp_alpha': np.float64(0.006208995602414009), 'classifier__extratreesclassifier_0__max_depth': 18, 'classifier__extratreesclassifier_0__max_features': 'sqrt', 'classifier__extratreesclassifier_0__max_leaf_nodes': 11, 'classifier__extratreesclassifier_0__min_impurity_decrease': np.float64(0.0471035345817285), 'classifier__extratreesclassifier_0__min_samples_leaf': 4, 'classifier__extratreesclassifier_0__min_samples_split': 3, 'classifier__extratreesclassifier_0__n_estimators': 599, 'classifier__randomforestclassifier_1__ccp_alpha': np.float64(0.002021120043777296), 'classifier__randomforestclassifier_1__max_depth': 12, 'classifier__randomforestclassifier_1__max_features': 'log2', 'classifier__randomforestclassifier_1__max_leaf_nodes': 4, 'classifier__randomforestclassifier_1__max_samples': np.float64(0.8550794897054923), 'classifier__randomforestclassifier_1__min_impurity_decrease': np.float64(0.08560991045001748), 'classifier__randomforestclassifier_1__min_samples_leaf': 8, 'classifier__randomforestclassifier_1__min_samples_split': 2, 'classifier__randomforestclassifier_1__n_estimators': 450, 'classifier__xgbclassifier_2__colsample_bytree': np.float64(0.8917527122067403), 'classifier__xgbclassifier_2__gamma': np.float64(3.123609365363795), 'classifier__xgbclassifier_2__learning_rate': np.float64(0.03171872199413907), 'classifier__xgbclassifier_2__max_delta_step': 3, 'classifier__xgbclassifier_2__max_depth': 4, 'classifier__xgbclassifier_2__min_child_weight': 3, 'classifier__xgbclassifier_2__n_estimators': 448, 'classifier__xgbclassifier_2__reg_alpha': np.float64(0.009262851044459253), 'classifier__xgbclassifier_2__reg_lambda': np.float64(0.00029721092739062665), 'classifier__xgbclassifier_2__scale_pos_weight': np.float64(4.6344680572687125), 'classifier__xgbclassifier_2__subsample': np.float64(0.8375711807967117), 'feature_selection_filter__k': 20}",277.2998843193054,"[1, 2, 3, 4, 5, 6, 7, 8, 9, 10, 11, 12, 14, 16, 17, 18, 19, 20, 21, 27]","['V1', 'V2', 'V3', 'V4', 'V5', 'V6', 'V7', 'V8', 'V9', 'V10', 'V11', 'V12', 'V14', 'V16', 'V17', 'V18', 'V19', 'V20', 'V21', 'V27']"
CostSensitiveLearning___RandomizedSearchCV__niter_30__cv_5,3,2,StackingClassifier,resubstitution,426,21963,171,0,0.9924202127659575,0.7135678391959799,1.0,0.8328445747800587,0.9922743290864733,0.0077256709135267165,0.9961371645432366,0.9961296748347944,0.841460069697829,0.8290775515151901,0.9998655224622032,0.9876691277940489,22560,0.8265845616790598,0.031613455067993804,0.7473743188065608,0.024039038970143478,"{'classifier__extratreesclassifier_0__ccp_alpha': np.float64(0.003553388645888952), 'classifier__extratreesclassifier_0__max_depth': 15, 'classifier__extratreesclassifier_0__max_features': 'log2', 'classifier__extratreesclassifier_0__max_leaf_nodes': 12, 'classifier__extratreesclassifier_0__min_impurity_decrease': np.float64(0.09885712637888325), 'classifier__extratreesclassifier_0__min_samples_leaf': 5, 'classifier__extratreesclassifier_0__min_samples_split': 3, 'classifier__extratreesclassifier_0__n_estimators': 561, 'classifier__randomforestclassifier_1__ccp_alpha': np.float64(0.007709451998319246), 'classifier__randomforestclassifier_1__max_depth': 18, 'classifier__randomforestclassifier_1__max_features': 'log2', 'classifier__randomforestclassifier_1__max_leaf_nodes': 6, 'classifier__randomforestclassifier_1__max_samples': np.float64(0.7085079241014858), 'classifier__randomforestclassifier_1__min_impurity_decrease': np.float64(0.08760013088934823), 'classifier__randomforestclassifier_1__min_samples_leaf': 7, 'classifier__randomforestclassifier_1__min_samples_split': 8, 'classifier__randomforestclassifier_1__n_estimators': 783, 'classifier__xgbclassifier_2__colsample_bytree': np.float64(0.7350235214028489), 'classifier__xgbclassifier_2__gamma': np.float64(2.795704744068673), 'classifier__xgbclassifier_2__learning_rate': np.float64(0.026292153281593886), 'classifier__xgbclassifier_2__max_delta_step': 8, 'classifier__xgbclassifier_2__max_depth': 6, 'classifier__xgbclassifier_2__min_child_weight': 9, 'classifier__xgbclassifier_2__n_estimators': 538, 'classifier__xgbclassifier_2__reg_alpha': np.float64(0.17601346944524385), 'classifier__xgbclassifier_2__reg_lambda': np.float64(0.00011847549921082725), 'classifier__xgbclassifier_2__scale_pos_weight': np.float64(13.506900518473946), 'classifier__xgbclassifier_2__subsample': np.float64(0.747476237266459), 'feature_selection_filter__k': 26}",361.6621046066284,"[0, 1, 2, 3, 4, 5, 6, 7, 8, 9, 10, 11, 12, 14, 16, 17, 18, 19, 20, 21, 22, 23, 24, 27, 28, 29]","['Amount_log1p', 'V1', 'V2', 'V3', 'V4', 'V5', 'V6', 'V7', 'V8', 'V9', 'V10', 'V11', 'V12', 'V14', 'V16', 'V17', 'V18', 'V19', 'V20', 'V21', 'V22', 'V23', 'V24', 'V27', 'V28', 'Time_sin']"
CostSensitiveLearning___RandomizedSearchCV__niter_30__cv_5,3,3,StackingClassifier,resubstitution,426,21969,165,0,0.992686170212766,0.7208121827411168,1.0,0.8377581120943953,0.9925454052588778,0.0074545947411222,0.9962727026294389,0.9962657302441341,0.8458361661895984,0.8341175583516355,0.9999273524342344,0.9954702720672811,22560,0.8501889582718285,0.03146157597398056,0.7530080562720578,0.028436638970312567,"{'classifier__extratreesclassifier_0__ccp_alpha': np.float64(0.00349205441508751), 'classifier__extratreesclassifier_0__max_depth': 4, 'classifier__extratreesclassifier_0__max_features': 'sqrt', 'classifier__extratreesclassifier_0__max_leaf_nodes': 16, 'classifier__extratreesclassifier_0__min_impurity_decrease': np.float64(0.08029051236653954), 'classifier__extratreesclassifier_0__min_samples_leaf': 9, 'classifier__extratreesclassifier_0__min_samples_split': 3, 'classifier__extratreesclassifier_0__n_estimators': 144, 'classifier__randomforestclassifier_1__ccp_alpha': np.float64(0.005694530486300335), 'classifier__randomforestclassifier_1__max_depth': 10, 'classifier__randomforestclassifier_1__max_features': 'log2', 'classifier__randomforestclassifier_1__max_leaf_nodes': 2, 'classifier__randomforestclassifier_1__max_samples': np.float64(0.7149765435316504), 'classifier__randomforestclassifier_1__min_impurity_decrease': np.float64(0.020710271392661794), 'classifier__randomforestclassifier_1__min_samples_leaf': 3, 'classifier__randomforestclassifier_1__min_samples_split': 9, 'classifier__randomforestclassifier_1__n_estimators': 224, 'classifier__xgbclassifier_2__colsample_bytree': np.float64(0.6582810763554339), 'classifier__xgbclassifier_2__gamma': np.float64(1.1895096328386074), 'classifier__xgbclassifier_2__learning_rate': np.float64(0.1797328816571804), 'classifier__xgbclassifier_2__max_delta_step': 4, 'classifier__xgbclassifier_2__max_depth': 3, 'classifier__xgbclassifier_2__min_child_weight': 8, 'classifier__xgbclassifier_2__n_estimators': 582, 'classifier__xgbclassifier_2__reg_alpha': np.float64(0.0002225025864343392), 'classifier__xgbclassifier_2__reg_lambda': np.float64(0.05134514768368337), 'classifier__xgbclassifier_2__scale_pos_weight': np.float64(21.25013071002764), 'classifier__xgbclassifier_2__subsample': np.float64(0.6442446052976084), 'feature_selection_filter__k': 28}",249.72525668144226,"[0, 1, 2, 3, 4, 5, 6, 7, 8, 9, 10, 11, 12, 14, 15, 16, 17, 18, 19, 20, 21, 22, 23, 24, 27, 28, 29, 30]","['Amount_log1p', 'V1', 'V2', 'V3', 'V4', 'V5', 'V6', 'V7', 'V8', 'V9', 'V10', 'V11', 'V12', 'V14', 'V15', 'V16', 'V17', 'V18', 'V19', 'V20', 'V21', 'V22', 'V23', 'V24', 'V27', 'V28', 'Time_sin', 'Time_cos']"
CostSensitiveLearning___RandomizedSearchCV__niter_30__cv_5,3,4,StackingClassifier,resubstitution,426,22004,130,0,0.9942375886524822,0.7661870503597122,1.0,0.8676171079429735,0.994126682931237,0.00587331706876304,0.9970633414656185,0.997059016774452,0.8727468080027387,0.8647245450781653,0.9998750673978511,0.9849569495683748,22560,0.8891571159115859,0.03518440685252508,0.7903031162669476,0.03661136220004254,"{'classifier__extratreesclassifier_0__ccp_alpha': np.float64(0.0019319861356965763), 'classifier__extratreesclassifier_0__max_depth': 11, 'classifier__extratreesclassifier_0__max_features': 'log2', 'classifier__extratreesclassifier_0__max_leaf_nodes': 11, 'classifier__extratreesclassifier_0__min_impurity_decrease': np.float64(0.09687582658521521), 'classifier__extratreesclassifier_0__min_samples_leaf': 8, 'classifier__extratreesclassifier_0__min_samples_split': 9, 'classifier__extratreesclassifier_0__n_estimators': 272, 'classifier__randomforestclassifier_1__ccp_alpha': np.float64(0.00887208565364447), 'classifier__randomforestclassifier_1__max_depth': 7, 'classifier__randomforestclassifier_1__max_features': 'sqrt', 'classifier__randomforestclassifier_1__max_leaf_nodes': 2, 'classifier__randomforestclassifier_1__max_samples': np.float64(0.6241268911189778), 'classifier__randomforestclassifier_1__min_impurity_decrease': np.float64(0.07677405847927572), 'classifier__randomforestclassifier_1__min_samples_leaf': 1, 'classifier__randomforestclassifier_1__min_samples_split': 6, 'classifier__randomforestclassifier_1__n_estimators': 925, 'classifier__xgbclassifier_2__colsample_bytree': np.float64(0.9087496809173548), 'classifier__xgbclassifier_2__gamma': np.float64(1.1828020066882294), 'classifier__xgbclassifier_2__learning_rate': np.float64(0.07367376957907232), 'classifier__xgbclassifier_2__max_delta_step': 9, 'classifier__xgbclassifier_2__max_depth': 8, 'classifier__xgbclassifier_2__min_child_weight': 6, 'classifier__xgbclassifier_2__n_estimators': 392, 'classifier__xgbclassifier_2__reg_alpha': np.float64(0.00018097797723476666), 'classifier__xgbclassifier_2__reg_lambda': np.float64(0.00037313280848556764), 'classifier__xgbclassifier_2__scale_pos_weight': np.float64(46.93673016138274), 'classifier__xgbclassifier_2__subsample': np.float64(0.9836767092381514), 'feature_selection_filter__k': 'all'}",284.58125257492065,"[0, 1, 2, 3, 4, 5, 6, 7, 8, 9, 10, 11, 12, 13, 14, 15, 16, 17, 18, 19, 20, 21, 22, 23, 24, 25, 26, 27, 28, 29, 30]","['Amount_log1p', 'V1', 'V2', 'V3', 'V4', 'V5', 'V6', 'V7', 'V8', 'V9', 'V10', 'V11', 'V12', 'V13', 'V14', 'V15', 'V16', 'V17', 'V18', 'V19', 'V20', 'V21', 'V22', 'V23', 'V24', 'V25', 'V26', 'V27', 'V28', 'Time_sin', 'Time_cos']"
CostSensitiveLearning___RandomizedSearchCV__niter_30__cv_5,3,5,StackingClassifier,resubstitution,425,21996,139,0,0.9938386524822695,0.7535460992907801,1.0,0.8594539939332659,0.9937203523831036,0.006279647616896367,0.9968601761915519,0.9968552314067994,0.8653404505303952,0.8563678636011367,0.9998558577711636,0.9887814400699233,22560,0.861660558971893,0.03098116495863997,0.7678143548369777,0.016852178752739227,"{'classifier__extratreesclassifier_0__ccp_alpha': np.float64(0.00564766016425661), 'classifier__extratreesclassifier_0__max_depth': 11, 'classifier__extratreesclassifier_0__max_features': 'log2', 'classifier__extratreesclassifier_0__max_leaf_nodes': 15, 'classifier__extratreesclassifier_0__min_impurity_decrease': np.float64(0.06103759029571202), 'classifier__extratreesclassifier_0__min_samples_leaf': 5, 'classifier__extratreesclassifier_0__min_samples_split': 4, 'classifier__extratreesclassifier_0__n_estimators': 220, 'classifier__randomforestclassifier_1__ccp_alpha': np.float64(0.004799080883740385), 'classifier__randomforestclassifier_1__max_depth': 14, 'classifier__randomforestclassifier_1__max_features': 'log2', 'classifier__randomforestclassifier_1__max_leaf_nodes': 17, 'classifier__randomforestclassifier_1__max_samples': np.float64(0.7542903262436949), 'classifier__randomforestclassifier_1__min_impurity_decrease': np.float64(0.062384870811347706), 'classifier__randomforestclassifier_1__min_samples_leaf': 7, 'classifier__randomforestclassifier_1__min_samples_split': 3, 'classifier__randomforestclassifier_1__n_estimators': 327, 'classifier__xgbclassifier_2__colsample_bytree': np.float64(0.6657701994843304), 'classifier__xgbclassifier_2__gamma': np.float64(4.387235389161084), 'classifier__xgbclassifier_2__learning_rate': np.float64(0.1007348533286303), 'classifier__xgbclassifier_2__max_delta_step': 0, 'classifier__xgbclassifier_2__max_depth': 4, 'classifier__xgbclassifier_2__min_child_weight': 7, 'classifier__xgbclassifier_2__n_estimators': 420, 'classifier__xgbclassifier_2__reg_alpha': np.float64(0.007038905947731213), 'classifier__xgbclassifier_2__reg_lambda': np.float64(0.003515896348053836), 'classifier__xgbclassifier_2__scale_pos_weight': np.float64(7.269269331988477), 'classifier__xgbclassifier_2__subsample': np.float64(0.7212394063389096), 'feature_selection_filter__k': 'all'}",248.1094789505005,"[0, 1, 2, 3, 4, 5, 6, 7, 8, 9, 10, 11, 12, 13, 14, 15, 16, 17, 18, 19, 20, 21, 22, 23, 24, 25, 26, 27, 28, 29, 30]","['Amount_log1p', 'V1', 'V2', 'V3', 'V4', 'V5', 'V6', 'V7', 'V8', 'V9', 'V10', 'V11', 'V12', 'V13', 'V14', 'V15', 'V16', 'V17', 'V18', 'V19', 'V20', 'V21', 'V22', 'V23', 'V24', 'V25', 'V26', 'V27', 'V28', 'Time_sin', 'Time_cos']"
CostSensitiveLearning___RandomizedSearchCV__niter_30__cv_5,3,6,StackingClassifier,resubstitution,425,21948,187,0,0.9917109929078014,0.6944444444444444,1.0,0.819672131147541,0.9915518409758302,0.008448159024169843,0.9957759204879151,0.9957669611790854,0.8298058009825712,0.8155712119860876,0.9998433144208666,0.9870363235490126,22560,0.8277281128559041,0.03904768424032387,0.745752902336322,0.04265944867340238,"{'classifier__extratreesclassifier_0__ccp_alpha': np.float64(0.007258656897223538), 'classifier__extratreesclassifier_0__max_depth': 9, 'classifier__extratreesclassifier_0__max_features': 'sqrt', 'classifier__extratreesclassifier_0__max_leaf_nodes': 10, 'classifier__extratreesclassifier_0__min_impurity_decrease': np.float64(0.06884430314688429), 'classifier__extratreesclassifier_0__min_samples_leaf': 1, 'classifier__extratreesclassifier_0__min_samples_split': 7, 'classifier__extratreesclassifier_0__n_estimators': 374, 'classifier__randomforestclassifier_1__ccp_alpha': np.float64(0.0006816870961708399), 'classifier__randomforestclassifier_1__max_depth': 17, 'classifier__randomforestclassifier_1__max_features': 'log2', 'classifier__randomforestclassifier_1__max_leaf_nodes': 14, 'classifier__randomforestclassifier_1__max_samples': np.float64(0.7297862262445682), 'classifier__randomforestclassifier_1__min_impurity_decrease': np.float64(0.056299769300388686), 'classifier__randomforestclassifier_1__min_samples_leaf': 2, 'classifier__randomforestclassifier_1__min_samples_split': 6, 'classifier__randomforestclassifier_1__n_estimators': 953, 'classifier__xgbclassifier_2__colsample_bytree': np.float64(0.9039496691925906), 'classifier__xgbclassifier_2__gamma': np.float64(4.116055551952577), 'classifier__xgbclassifier_2__learning_rate': np.float64(0.0846521097928753), 'classifier__xgbclassifier_2__max_delta_step': 0, 'classifier__xgbclassifier_2__max_depth': 3, 'classifier__xgbclassifier_2__min_child_weight': 6, 'classifier__xgbclassifier_2__n_estimators': 435, 'classifier__xgbclassifier_2__reg_alpha': np.float64(0.007714832185833221), 'classifier__xgbclassifier_2__reg_lambda': np.float64(0.003328577313686723), 'classifier__xgbclassifier_2__scale_pos_weight': np.float64(21.308521335762176), 'classifier__xgbclassifier_2__subsample': np.float64(0.6606110420041637), 'feature_selection_filter__k': 'all'}",364.67201709747314,"[0, 1, 2, 3, 4, 5, 6, 7, 8, 9, 10, 11, 12, 13, 14, 15, 16, 17, 18, 19, 20, 21, 22, 23, 24, 25, 26, 27, 28, 29, 30]","['Amount_log1p', 'V1', 'V2', 'V3', 'V4', 'V5', 'V6', 'V7', 'V8', 'V9', 'V10', 'V11', 'V12', 'V13', 'V14', 'V15', 'V16', 'V17', 'V18', 'V19', 'V20', 'V21', 'V22', 'V23', 'V24', 'V25', 'V26', 'V27', 'V28', 'Time_sin', 'Time_cos']"
CostSensitiveLearning___RandomizedSearchCV__niter_30__cv_5,3,7,StackingClassifier,resubstitution,425,21896,239,0,0.9894060283687943,0.6400602409638554,1.0,0.7805325987144169,0.9892026202846171,0.01079737971538286,0.9946013101423086,0.9945866580065394,0.7957067723109118,0.7753721966518132,0.9998382120410847,0.9868829353347152,22560,0.782382973096154,0.02141427891447098,0.7084093243203642,0.036830140445601,"{'classifier__extratreesclassifier_0__ccp_alpha': np.float64(0.007301500162122136), 'classifier__extratreesclassifier_0__max_depth': 16, 'classifier__extratreesclassifier_0__max_features': 'sqrt', 'classifier__extratreesclassifier_0__max_leaf_nodes': 4, 'classifier__extratreesclassifier_0__min_impurity_decrease': np.float64(0.04406471352728674), 'classifier__extratreesclassifier_0__min_samples_leaf': 5, 'classifier__extratreesclassifier_0__min_samples_split': 6, 'classifier__extratreesclassifier_0__n_estimators': 960, 'classifier__randomforestclassifier_1__ccp_alpha': np.float64(0.00014820577314242578), 'classifier__randomforestclassifier_1__max_depth': 19, 'classifier__randomforestclassifier_1__max_features': 'sqrt', 'classifier__randomforestclassifier_1__max_leaf_nodes': 6, 'classifier__randomforestclassifier_1__max_samples': np.float64(0.5238390669821449), 'classifier__randomforestclassifier_1__min_impurity_decrease': np.float64(0.09767476351842293), 'classifier__randomforestclassifier_1__min_samples_leaf': 9, 'classifier__randomforestclassifier_1__min_samples_split': 7, 'classifier__randomforestclassifier_1__n_estimators': 289, 'classifier__xgbclassifier_2__colsample_bytree': np.float64(0.6931948232594952), 'classifier__xgbclassifier_2__gamma': np.float64(0.7288812824754315), 'classifier__xgbclassifier_2__learning_rate': np.float64(0.09142411217807776), 'classifier__xgbclassifier_2__max_delta_step': 7, 'classifier__xgbclassifier_2__max_depth': 9, 'classifier__xgbclassifier_2__min_child_weight': 7, 'classifier__xgbclassifier_2__n_estimators': 433, 'classifier__xgbclassifier_2__reg_alpha': np.float64(6.429803816528578), 'classifier__xgbclassifier_2__reg_lambda': np.float64(0.16134549143672763), 'classifier__xgbclassifier_2__scale_pos_weight': np.float64(3.234002726997569), 'classifier__xgbclassifier_2__subsample': np.float64(0.7323260702038654), 'feature_selection_filter__k': 26}",268.27154088020325,"[0, 1, 2, 3, 4, 5, 6, 7, 8, 9, 10, 11, 12, 14, 16, 17, 18, 19, 20, 21, 23, 24, 27, 28, 29, 30]","['Amount_log1p', 'V1', 'V2', 'V3', 'V4', 'V5', 'V6', 'V7', 'V8', 'V9', 'V10', 'V11', 'V12', 'V14', 'V16', 'V17', 'V18', 'V19', 'V20', 'V21', 'V23', 'V24', 'V27', 'V28', 'Time_sin', 'Time_cos']"
CostSensitiveLearning___RandomizedSearchCV__niter_30__cv_5,3,8,StackingClassifier,resubstitution,412,21896,239,14,0.9887859580692345,0.6328725038402457,0.9671361502347418,0.7650882079851439,0.9892026202846171,0.01079737971538286,0.9781693852596794,0.9781071587429384,0.7775792134126883,0.7596006409320933,0.9968139383700745,0.9548523003965379,22561,0.7823760591291451,0.03429042800525312,0.7209176085512663,0.031476846250979344,"{'classifier__extratreesclassifier_0__ccp_alpha': np.float64(0.007659904575770966), 'classifier__extratreesclassifier_0__max_depth': 4, 'classifier__extratreesclassifier_0__max_features': 'sqrt', 'classifier__extratreesclassifier_0__max_leaf_nodes': 8, 'classifier__extratreesclassifier_0__min_impurity_decrease': np.float64(0.04016316359777468), 'classifier__extratreesclassifier_0__min_samples_leaf': 2, 'classifier__extratreesclassifier_0__min_samples_split': 5, 'classifier__extratreesclassifier_0__n_estimators': 760, 'classifier__randomforestclassifier_1__ccp_alpha': np.float64(0.0033140249622173957), 'classifier__randomforestclassifier_1__max_depth': 14, 'classifier__randomforestclassifier_1__max_features': 'log2', 'classifier__randomforestclassifier_1__max_leaf_nodes': 2, 'classifier__randomforestclassifier_1__max_samples': np.float64(0.8275582028352839), 'classifier__randomforestclassifier_1__min_impurity_decrease': np.float64(0.07859462702590962), 'classifier__randomforestclassifier_1__min_samples_leaf': 4, 'classifier__randomforestclassifier_1__min_samples_split': 7, 'classifier__randomforestclassifier_1__n_estimators': 741, 'classifier__xgbclassifier_2__colsample_bytree': np.float64(0.9095435790497943), 'classifier__xgbclassifier_2__gamma': np.float64(4.709496695101557), 'classifier__xgbclassifier_2__learning_rate': np.float64(0.037161622986460995), 'classifier__xgbclassifier_2__max_delta_step': 8, 'classifier__xgbclassifier_2__max_depth': 3, 'classifier__xgbclassifier_2__min_child_weight': 8, 'classifier__xgbclassifier_2__n_estimators': 456, 'classifier__xgbclassifier_2__reg_alpha': np.float64(2.4299440379654333), 'classifier__xgbclassifier_2__reg_lambda': np.float64(0.00012222546870563087), 'classifier__xgbclassifier_2__scale_pos_weight': np.float64(3.086488487275715), 'classifier__xgbclassifier_2__subsample': np.float64(0.9029036652830974), 'feature_selection_filter__k': 22}",313.3712372779846,"[1, 2, 3, 4, 5, 6, 7, 8, 9, 10, 11, 12, 14, 16, 17, 18, 19, 20, 21, 27, 28, 29]","['V1', 'V2', 'V3', 'V4', 'V5', 'V6', 'V7', 'V8', 'V9', 'V10', 'V11', 'V12', 'V14', 'V16', 'V17', 'V18', 'V19', 'V20', 'V21', 'V27', 'V28', 'Time_sin']"
CostSensitiveLearning___RandomizedSearchCV__niter_30__cv_5,3,9,StackingClassifier,resubstitution,426,22004,131,0,0.9941935197907894,0.7648114901256733,1.0,0.866734486266531,0.9940817709509826,0.005918229049017398,0.9970408854754913,0.997036494292452,0.871943324160343,0.8638204508992093,0.9998000956571444,0.9834018430599428,22561,0.8429210998845894,0.01548001744483547,0.7631839301751974,0.026417613176101463,"{'classifier__extratreesclassifier_0__ccp_alpha': np.float64(0.006955872466958699), 'classifier__extratreesclassifier_0__max_depth': 8, 'classifier__extratreesclassifier_0__max_features': 'sqrt', 'classifier__extratreesclassifier_0__max_leaf_nodes': 5, 'classifier__extratreesclassifier_0__min_impurity_decrease': np.float64(0.05593270637665835), 'classifier__extratreesclassifier_0__min_samples_leaf': 5, 'classifier__extratreesclassifier_0__min_samples_split': 5, 'classifier__extratreesclassifier_0__n_estimators': 970, 'classifier__randomforestclassifier_1__ccp_alpha': np.float64(0.0015485861315355897), 'classifier__randomforestclassifier_1__max_depth': 14, 'classifier__randomforestclassifier_1__max_features': 'log2', 'classifier__randomforestclassifier_1__max_leaf_nodes': 11, 'classifier__randomforestclassifier_1__max_samples': np.float64(0.5560569506360753), 'classifier__randomforestclassifier_1__min_impurity_decrease': np.float64(0.08991634068743952), 'classifier__randomforestclassifier_1__min_samples_leaf': 4, 'classifier__randomforestclassifier_1__min_samples_split': 9, 'classifier__randomforestclassifier_1__n_estimators': 739, 'classifier__xgbclassifier_2__colsample_bytree': np.float64(0.7341768664162154), 'classifier__xgbclassifier_2__gamma': np.float64(1.4919441461142253), 'classifier__xgbclassifier_2__learning_rate': np.float64(0.08033114392652448), 'classifier__xgbclassifier_2__max_delta_step': 0, 'classifier__xgbclassifier_2__max_depth': 5, 'classifier__xgbclassifier_2__min_child_weight': 2, 'classifier__xgbclassifier_2__n_estimators': 220, 'classifier__xgbclassifier_2__reg_alpha': np.float64(8.637495066491065), 'classifier__xgbclassifier_2__reg_lambda': np.float64(3.900557314930215), 'classifier__xgbclassifier_2__scale_pos_weight': np.float64(8.955352170702797), 'classifier__xgbclassifier_2__subsample': np.float64(0.6872593632852162), 'feature_selection_filter__k': 'all'}",296.46271300315857,"[0, 1, 2, 3, 4, 5, 6, 7, 8, 9, 10, 11, 12, 13, 14, 15, 16, 17, 18, 19, 20, 21, 22, 23, 24, 25, 26, 27, 28, 29, 30]","['Amount_log1p', 'V1', 'V2', 'V3', 'V4', 'V5', 'V6', 'V7', 'V8', 'V9', 'V10', 'V11', 'V12', 'V13', 'V14', 'V15', 'V16', 'V17', 'V18', 'V19', 'V20', 'V21', 'V22', 'V23', 'V24', 'V25', 'V26', 'V27', 'V28', 'Time_sin', 'Time_cos']"
CostSensitiveLearning___RandomizedSearchCV__niter_30__cv_5,3,10,StackingClassifier,resubstitution,426,21924,211,0,0.9906475776782944,0.6687598116169545,1.0,0.8015051740357478,0.9904675852721934,0.009532414727806637,0.9952337926360967,0.9952223798087507,0.8138703310351912,0.7969091989080539,0.9999554589793106,0.9975142559994279,22561,0.8279813369793434,0.02587550884423233,0.735211320061616,0.02901716913611321,"{'classifier__extratreesclassifier_0__ccp_alpha': np.float64(0.008525941070426018), 'classifier__extratreesclassifier_0__max_depth': 8, 'classifier__extratreesclassifier_0__max_features': 'log2', 'classifier__extratreesclassifier_0__max_leaf_nodes': 7, 'classifier__extratreesclassifier_0__min_impurity_decrease': np.float64(0.0948152057835711), 'classifier__extratreesclassifier_0__min_samples_leaf': 3, 'classifier__extratreesclassifier_0__min_samples_split': 6, 'classifier__extratreesclassifier_0__n_estimators': 469, 'classifier__randomforestclassifier_1__ccp_alpha': np.float64(0.0002866683479184662), 'classifier__randomforestclassifier_1__max_depth': 6, 'classifier__randomforestclassifier_1__max_features': 'sqrt', 'classifier__randomforestclassifier_1__max_leaf_nodes': 17, 'classifier__randomforestclassifier_1__max_samples': np.float64(0.7284805734324304), 'classifier__randomforestclassifier_1__min_impurity_decrease': np.float64(0.09596484181584851), 'classifier__randomforestclassifier_1__min_samples_leaf': 5, 'classifier__randomforestclassifier_1__min_samples_split': 5, 'classifier__randomforestclassifier_1__n_estimators': 275, 'classifier__xgbclassifier_2__colsample_bytree': np.float64(0.9984102937827684), 'classifier__xgbclassifier_2__gamma': np.float64(2.517524863395335), 'classifier__xgbclassifier_2__learning_rate': np.float64(0.07827114871029481), 'classifier__xgbclassifier_2__max_delta_step': 8, 'classifier__xgbclassifier_2__max_depth': 4, 'classifier__xgbclassifier_2__min_child_weight': 2, 'classifier__xgbclassifier_2__n_estimators': 598, 'classifier__xgbclassifier_2__reg_alpha': np.float64(0.07700898278667405), 'classifier__xgbclassifier_2__reg_lambda': np.float64(0.5071382294834507), 'classifier__xgbclassifier_2__scale_pos_weight': np.float64(5.815614686502831), 'classifier__xgbclassifier_2__subsample': np.float64(0.7175719321862652), 'feature_selection_filter__k': 'all'}",331.8103697299957,"[0, 1, 2, 3, 4, 5, 6, 7, 8, 9, 10, 11, 12, 13, 14, 15, 16, 17, 18, 19, 20, 21, 22, 23, 24, 25, 26, 27, 28, 29, 30]","['Amount_log1p', 'V1', 'V2', 'V3', 'V4', 'V5', 'V6', 'V7', 'V8', 'V9', 'V10', 'V11', 'V12', 'V13', 'V14', 'V15', 'V16', 'V17', 'V18', 'V19', 'V20', 'V21', 'V22', 'V23', 'V24', 'V25', 'V26', 'V27', 'V28', 'Time_sin', 'Time_cos']"
CostSensitiveLearning___RandomizedSearchCV__niter_30__cv_5,4,1,StackingClassifier,resubstitution,426,21940,194,0,0.9914007092198581,0.6870967741935484,1.0,0.8145315487571702,0.9912352037589229,0.008764796241077066,0.9956176018794615,0.9956079568579808,0.8252723859246961,0.8102847393443817,0.9998147221935875,0.9840502960707384,22560,0.8277978380438892,0.022068855134854317,0.7407833918940787,0.019590653667175866,"{'classifier__extratreesclassifier_0__ccp_alpha': np.float64(0.003748154385772592), 'classifier__extratreesclassifier_0__max_depth': 18, 'classifier__extratreesclassifier_0__max_features': 'sqrt', 'classifier__extratreesclassifier_0__max_leaf_nodes': 4, 'classifier__extratreesclassifier_0__min_impurity_decrease': np.float64(0.08765221171826497), 'classifier__extratreesclassifier_0__min_samples_leaf': 2, 'classifier__extratreesclassifier_0__min_samples_split': 8, 'classifier__extratreesclassifier_0__n_estimators': 831, 'classifier__randomforestclassifier_1__ccp_alpha': np.float64(0.002496270551605998), 'classifier__randomforestclassifier_1__max_depth': 5, 'classifier__randomforestclassifier_1__max_features': 'log2', 'classifier__randomforestclassifier_1__max_leaf_nodes': 12, 'classifier__randomforestclassifier_1__max_samples': np.float64(0.867085474012049), 'classifier__randomforestclassifier_1__min_impurity_decrease': np.float64(0.077413886927215), 'classifier__randomforestclassifier_1__min_samples_leaf': 7, 'classifier__randomforestclassifier_1__min_samples_split': 4, 'classifier__randomforestclassifier_1__n_estimators': 217, 'classifier__xgbclassifier_2__colsample_bytree': np.float64(0.951840483780187), 'classifier__xgbclassifier_2__gamma': np.float64(1.7035579330257251), 'classifier__xgbclassifier_2__learning_rate': np.float64(0.02389250940583744), 'classifier__xgbclassifier_2__max_delta_step': 7, 'classifier__xgbclassifier_2__max_depth': 9, 'classifier__xgbclassifier_2__min_child_weight': 7, 'classifier__xgbclassifier_2__n_estimators': 443, 'classifier__xgbclassifier_2__reg_alpha': np.float64(1.814944102010786), 'classifier__xgbclassifier_2__reg_lambda': np.float64(6.86584204857067), 'classifier__xgbclassifier_2__scale_pos_weight': np.float64(9.434703855914341), 'classifier__xgbclassifier_2__subsample': np.float64(0.8202047878591432), 'feature_selection_filter__k': 20}",220.8539137840271,"[1, 2, 3, 4, 5, 6, 7, 8, 9, 10, 11, 12, 14, 16, 17, 18, 19, 20, 21, 27]","['V1', 'V2', 'V3', 'V4', 'V5', 'V6', 'V7', 'V8', 'V9', 'V10', 'V11', 'V12', 'V14', 'V16', 'V17', 'V18', 'V19', 'V20', 'V21', 'V27']"
CostSensitiveLearning___RandomizedSearchCV__niter_30__cv_5,4,2,StackingClassifier,resubstitution,426,21914,220,0,0.9902482269503546,0.6594427244582043,1.0,0.7947761194029851,0.9900605403451703,0.009939459654829674,0.9950302701725852,0.9950178593096559,0.8080149875489817,0.7899968215186236,0.9998288274873783,0.9870672271729676,22560,0.7952323050682794,0.050797170612181176,0.7224712742885192,0.04238355181660519,"{'classifier__extratreesclassifier_0__ccp_alpha': np.float64(0.0008061450149255045), 'classifier__extratreesclassifier_0__max_depth': 9, 'classifier__extratreesclassifier_0__max_features': 'log2', 'classifier__extratreesclassifier_0__max_leaf_nodes': 15, 'classifier__extratreesclassifier_0__min_impurity_decrease': np.float64(0.06852708125646793), 'classifier__extratreesclassifier_0__min_samples_leaf': 7, 'classifier__extratreesclassifier_0__min_samples_split': 2, 'classifier__extratreesclassifier_0__n_estimators': 423, 'classifier__randomforestclassifier_1__ccp_alpha': np.float64(0.0023038341601513326), 'classifier__randomforestclassifier_1__max_depth': 11, 'classifier__randomforestclassifier_1__max_features': 'sqrt', 'classifier__randomforestclassifier_1__max_leaf_nodes': 13, 'classifier__randomforestclassifier_1__max_samples': np.float64(0.6785195489689588), 'classifier__randomforestclassifier_1__min_impurity_decrease': np.float64(0.09895366131653771), 'classifier__randomforestclassifier_1__min_samples_leaf': 7, 'classifier__randomforestclassifier_1__min_samples_split': 6, 'classifier__randomforestclassifier_1__n_estimators': 562, 'classifier__xgbclassifier_2__colsample_bytree': np.float64(0.9804702228417318), 'classifier__xgbclassifier_2__gamma': np.float64(3.899782337008717), 'classifier__xgbclassifier_2__learning_rate': np.float64(0.09156474372413359), 'classifier__xgbclassifier_2__max_delta_step': 9, 'classifier__xgbclassifier_2__max_depth': 4, 'classifier__xgbclassifier_2__min_child_weight': 5, 'classifier__xgbclassifier_2__n_estimators': 232, 'classifier__xgbclassifier_2__reg_alpha': np.float64(4.8692205482568784), 'classifier__xgbclassifier_2__reg_lambda': np.float64(0.26308044126401814), 'classifier__xgbclassifier_2__scale_pos_weight': np.float64(5.993517713417177), 'classifier__xgbclassifier_2__subsample': np.float64(0.7342399098383255), 'feature_selection_filter__k': 28}",265.1494331359863,"[0, 1, 2, 3, 4, 5, 6, 7, 8, 9, 10, 11, 12, 13, 14, 16, 17, 18, 19, 20, 21, 23, 24, 26, 27, 28, 29, 30]","['Amount_log1p', 'V1', 'V2', 'V3', 'V4', 'V5', 'V6', 'V7', 'V8', 'V9', 'V10', 'V11', 'V12', 'V13', 'V14', 'V16', 'V17', 'V18', 'V19', 'V20', 'V21', 'V23', 'V24', 'V26', 'V27', 'V28', 'Time_sin', 'Time_cos']"
CostSensitiveLearning___RandomizedSearchCV__niter_30__cv_5,4,3,StackingClassifier,resubstitution,426,21973,161,0,0.992863475177305,0.7257240204429302,1.0,0.84106614017769,0.9927261227071473,0.007273877292852671,0.9963630613535737,0.996356423528823,0.8487904293580086,0.8375101931915118,0.999877824823705,0.9876295745937723,22560,0.8451957732678304,0.034550542113237395,0.7370847292204596,0.032670009215571914,"{'classifier__extratreesclassifier_0__ccp_alpha': np.float64(0.0033690857350105585), 'classifier__extratreesclassifier_0__max_depth': 15, 'classifier__extratreesclassifier_0__max_features': 'log2', 'classifier__extratreesclassifier_0__max_leaf_nodes': 13, 'classifier__extratreesclassifier_0__min_impurity_decrease': np.float64(0.06678644849399386), 'classifier__extratreesclassifier_0__min_samples_leaf': 2, 'classifier__extratreesclassifier_0__min_samples_split': 8, 'classifier__extratreesclassifier_0__n_estimators': 545, 'classifier__randomforestclassifier_1__ccp_alpha': np.float64(0.007882991443099377), 'classifier__randomforestclassifier_1__max_depth': 5, 'classifier__randomforestclassifier_1__max_features': 'sqrt', 'classifier__randomforestclassifier_1__max_leaf_nodes': 12, 'classifier__randomforestclassifier_1__max_samples': np.float64(0.8073205491231538), 'classifier__randomforestclassifier_1__min_impurity_decrease': np.float64(0.08097424956595156), 'classifier__randomforestclassifier_1__min_samples_leaf': 7, 'classifier__randomforestclassifier_1__min_samples_split': 5, 'classifier__randomforestclassifier_1__n_estimators': 647, 'classifier__xgbclassifier_2__colsample_bytree': np.float64(0.9186712075555282), 'classifier__xgbclassifier_2__gamma': np.float64(3.8824217481078405), 'classifier__xgbclassifier_2__learning_rate': np.float64(0.13155874212880075), 'classifier__xgbclassifier_2__max_delta_step': 3, 'classifier__xgbclassifier_2__max_depth': 3, 'classifier__xgbclassifier_2__min_child_weight': 7, 'classifier__xgbclassifier_2__n_estimators': 479, 'classifier__xgbclassifier_2__reg_alpha': np.float64(0.17987142057546684), 'classifier__xgbclassifier_2__reg_lambda': np.float64(0.0035825857818181372), 'classifier__xgbclassifier_2__scale_pos_weight': np.float64(27.509069000930644), 'classifier__xgbclassifier_2__subsample': np.float64(0.927643203782826), 'feature_selection_filter__k': 'all'}",303.88566184043884,"[0, 1, 2, 3, 4, 5, 6, 7, 8, 9, 10, 11, 12, 13, 14, 15, 16, 17, 18, 19, 20, 21, 22, 23, 24, 25, 26, 27, 28, 29, 30]","['Amount_log1p', 'V1', 'V2', 'V3', 'V4', 'V5', 'V6', 'V7', 'V8', 'V9', 'V10', 'V11', 'V12', 'V13', 'V14', 'V15', 'V16', 'V17', 'V18', 'V19', 'V20', 'V21', 'V22', 'V23', 'V24', 'V25', 'V26', 'V27', 'V28', 'Time_sin', 'Time_cos']"
CostSensitiveLearning___RandomizedSearchCV__niter_30__cv_5,4,4,StackingClassifier,resubstitution,426,21986,148,0,0.9934397163120567,0.7421602787456446,1.0,0.852,0.9933134544140236,0.006686545585976367,0.9966567272070118,0.9966511197074047,0.8586022304942557,0.8487206170354591,0.999857144129801,0.9897300606157703,22560,0.8491529994479368,0.02077216580216164,0.7657174872045741,0.03907469045308903,"{'classifier__extratreesclassifier_0__ccp_alpha': np.float64(0.005304247520182006), 'classifier__extratreesclassifier_0__max_depth': 14, 'classifier__extratreesclassifier_0__max_features': 'sqrt', 'classifier__extratreesclassifier_0__max_leaf_nodes': 16, 'classifier__extratreesclassifier_0__min_impurity_decrease': np.float64(0.07477272541862981), 'classifier__extratreesclassifier_0__min_samples_leaf': 2, 'classifier__extratreesclassifier_0__min_samples_split': 4, 'classifier__extratreesclassifier_0__n_estimators': 601, 'classifier__randomforestclassifier_1__ccp_alpha': np.float64(0.009430285435050242), 'classifier__randomforestclassifier_1__max_depth': 14, 'classifier__randomforestclassifier_1__max_features': 'sqrt', 'classifier__randomforestclassifier_1__max_leaf_nodes': 19, 'classifier__randomforestclassifier_1__max_samples': np.float64(0.8725601599705505), 'classifier__randomforestclassifier_1__min_impurity_decrease': np.float64(0.08212757857436237), 'classifier__randomforestclassifier_1__min_samples_leaf': 2, 'classifier__randomforestclassifier_1__min_samples_split': 2, 'classifier__randomforestclassifier_1__n_estimators': 926, 'classifier__xgbclassifier_2__colsample_bytree': np.float64(0.8924370814640019), 'classifier__xgbclassifier_2__gamma': np.float64(4.010192223436281), 'classifier__xgbclassifier_2__learning_rate': np.float64(0.028219556365713324), 'classifier__xgbclassifier_2__max_delta_step': 9, 'classifier__xgbclassifier_2__max_depth': 8, 'classifier__xgbclassifier_2__min_child_weight': 6, 'classifier__xgbclassifier_2__n_estimators': 259, 'classifier__xgbclassifier_2__reg_alpha': np.float64(0.006887322297474689), 'classifier__xgbclassifier_2__reg_lambda': np.float64(0.015210864712846467), 'classifier__xgbclassifier_2__scale_pos_weight': np.float64(3.4178186512791062), 'classifier__xgbclassifier_2__subsample': np.float64(0.6384417938498615), 'feature_selection_filter__k': 'all'}",313.5987722873688,"[0, 1, 2, 3, 4, 5, 6, 7, 8, 9, 10, 11, 12, 13, 14, 15, 16, 17, 18, 19, 20, 21, 22, 23, 24, 25, 26, 27, 28, 29, 30]","['Amount_log1p', 'V1', 'V2', 'V3', 'V4', 'V5', 'V6', 'V7', 'V8', 'V9', 'V10', 'V11', 'V12', 'V13', 'V14', 'V15', 'V16', 'V17', 'V18', 'V19', 'V20', 'V21', 'V22', 'V23', 'V24', 'V25', 'V26', 'V27', 'V28', 'Time_sin', 'Time_cos']"
CostSensitiveLearning___RandomizedSearchCV__niter_30__cv_5,4,5,StackingClassifier,resubstitution,425,21993,142,0,0.9937056737588652,0.7495590828924162,1.0,0.8568548387096774,0.9935848204201491,0.006415179579850938,0.9967924102100745,0.9967872493266299,0.8629892970193507,0.853704315136337,0.9998402317330818,0.9862282347800448,22560,0.8203642471209955,0.03467288993696221,0.747202769733408,0.02638379700318985,"{'classifier__extratreesclassifier_0__ccp_alpha': np.float64(0.009343491341829), 'classifier__extratreesclassifier_0__max_depth': 16, 'classifier__extratreesclassifier_0__max_features': 'log2', 'classifier__extratreesclassifier_0__max_leaf_nodes': 4, 'classifier__extratreesclassifier_0__min_impurity_decrease': np.float64(0.01333192619436474), 'classifier__extratreesclassifier_0__min_samples_leaf': 5, 'classifier__extratreesclassifier_0__min_samples_split': 7, 'classifier__extratreesclassifier_0__n_estimators': 339, 'classifier__randomforestclassifier_1__ccp_alpha': np.float64(0.0015598118029644659), 'classifier__randomforestclassifier_1__max_depth': 12, 'classifier__randomforestclassifier_1__max_features': 'log2', 'classifier__randomforestclassifier_1__max_leaf_nodes': 17, 'classifier__randomforestclassifier_1__max_samples': np.float64(0.8535473088508703), 'classifier__randomforestclassifier_1__min_impurity_decrease': np.float64(0.07903686339872693), 'classifier__randomforestclassifier_1__min_samples_leaf': 3, 'classifier__randomforestclassifier_1__min_samples_split': 5, 'classifier__randomforestclassifier_1__n_estimators': 372, 'classifier__xgbclassifier_2__colsample_bytree': np.float64(0.6248664003723878), 'classifier__xgbclassifier_2__gamma': np.float64(2.8055931108712766), 'classifier__xgbclassifier_2__learning_rate': np.float64(0.1409213633957231), 'classifier__xgbclassifier_2__max_delta_step': 3, 'classifier__xgbclassifier_2__max_depth': 5, 'classifier__xgbclassifier_2__min_child_weight': 5, 'classifier__xgbclassifier_2__n_estimators': 563, 'classifier__xgbclassifier_2__reg_alpha': np.float64(0.009239973265357217), 'classifier__xgbclassifier_2__reg_lambda': np.float64(8.79707661475268), 'classifier__xgbclassifier_2__scale_pos_weight': np.float64(16.527888800015187), 'classifier__xgbclassifier_2__subsample': np.float64(0.9168255171491997), 'feature_selection_filter__k': 28}",243.078537940979,"[0, 1, 2, 3, 4, 5, 6, 7, 8, 9, 10, 11, 12, 13, 14, 16, 17, 18, 19, 20, 21, 22, 23, 24, 26, 27, 28, 29]","['Amount_log1p', 'V1', 'V2', 'V3', 'V4', 'V5', 'V6', 'V7', 'V8', 'V9', 'V10', 'V11', 'V12', 'V13', 'V14', 'V16', 'V17', 'V18', 'V19', 'V20', 'V21', 'V22', 'V23', 'V24', 'V26', 'V27', 'V28', 'Time_sin']"
CostSensitiveLearning___RandomizedSearchCV__niter_30__cv_5,4,6,StackingClassifier,resubstitution,425,21939,196,0,0.9913120567375886,0.6843800322061192,1.0,0.8126195028680688,0.9911452450869663,0.008854754913033669,0.9955726225434831,0.9955627780742741,0.8236018545107581,0.8083321521410357,0.9998520309863271,0.9894430180284693,22560,0.8504000814032213,0.038055788739166825,0.7673807069535713,0.04134374435567951,"{'classifier__extratreesclassifier_0__ccp_alpha': np.float64(0.00924392360288518), 'classifier__extratreesclassifier_0__max_depth': 16, 'classifier__extratreesclassifier_0__max_features': 'sqrt', 'classifier__extratreesclassifier_0__max_leaf_nodes': 15, 'classifier__extratreesclassifier_0__min_impurity_decrease': np.float64(0.08047114706152818), 'classifier__extratreesclassifier_0__min_samples_leaf': 3, 'classifier__extratreesclassifier_0__min_samples_split': 9, 'classifier__extratreesclassifier_0__n_estimators': 300, 'classifier__randomforestclassifier_1__ccp_alpha': np.float64(0.001744815800611298), 'classifier__randomforestclassifier_1__max_depth': 15, 'classifier__randomforestclassifier_1__max_features': 'sqrt', 'classifier__randomforestclassifier_1__max_leaf_nodes': 9, 'classifier__randomforestclassifier_1__max_samples': np.float64(0.6841637887549594), 'classifier__randomforestclassifier_1__min_impurity_decrease': np.float64(0.07835553717596089), 'classifier__randomforestclassifier_1__min_samples_leaf': 4, 'classifier__randomforestclassifier_1__min_samples_split': 5, 'classifier__randomforestclassifier_1__n_estimators': 741, 'classifier__xgbclassifier_2__colsample_bytree': np.float64(0.6307840275102791), 'classifier__xgbclassifier_2__gamma': np.float64(4.4154184800094205), 'classifier__xgbclassifier_2__learning_rate': np.float64(0.026316699065849894), 'classifier__xgbclassifier_2__max_delta_step': 3, 'classifier__xgbclassifier_2__max_depth': 4, 'classifier__xgbclassifier_2__min_child_weight': 1, 'classifier__xgbclassifier_2__n_estimators': 559, 'classifier__xgbclassifier_2__reg_alpha': np.float64(0.2747042054965743), 'classifier__xgbclassifier_2__reg_lambda': np.float64(0.0009123347962954478), 'classifier__xgbclassifier_2__scale_pos_weight': np.float64(30.94753774239705), 'classifier__xgbclassifier_2__subsample': np.float64(0.6162584569408975), 'feature_selection_filter__k': 'all'}",271.13133549690247,"[0, 1, 2, 3, 4, 5, 6, 7, 8, 9, 10, 11, 12, 13, 14, 15, 16, 17, 18, 19, 20, 21, 22, 23, 24, 25, 26, 27, 28, 29, 30]","['Amount_log1p', 'V1', 'V2', 'V3', 'V4', 'V5', 'V6', 'V7', 'V8', 'V9', 'V10', 'V11', 'V12', 'V13', 'V14', 'V15', 'V16', 'V17', 'V18', 'V19', 'V20', 'V21', 'V22', 'V23', 'V24', 'V25', 'V26', 'V27', 'V28', 'Time_sin', 'Time_cos']"
CostSensitiveLearning___RandomizedSearchCV__niter_30__cv_5,4,7,StackingClassifier,resubstitution,425,21883,252,0,0.9888297872340426,0.6277695716395865,1.0,0.7713248638838476,0.9886153151118139,0.011384684888186114,0.9943076575559069,0.99429136328936,0.7877960477712986,0.765906396652841,0.9998753105940817,0.9901362137490652,22560,0.7988416781916967,0.0319171660180116,0.7166516763987534,0.04063148437004385,"{'classifier__extratreesclassifier_0__ccp_alpha': np.float64(0.004087496979709413), 'classifier__extratreesclassifier_0__max_depth': 13, 'classifier__extratreesclassifier_0__max_features': 'log2', 'classifier__extratreesclassifier_0__max_leaf_nodes': 4, 'classifier__extratreesclassifier_0__min_impurity_decrease': np.float64(0.07932957213818403), 'classifier__extratreesclassifier_0__min_samples_leaf': 1, 'classifier__extratreesclassifier_0__min_samples_split': 9, 'classifier__extratreesclassifier_0__n_estimators': 311, 'classifier__randomforestclassifier_1__ccp_alpha': np.float64(0.008475060294742803), 'classifier__randomforestclassifier_1__max_depth': 8, 'classifier__randomforestclassifier_1__max_features': 'sqrt', 'classifier__randomforestclassifier_1__max_leaf_nodes': 2, 'classifier__randomforestclassifier_1__max_samples': np.float64(0.7409777121750709), 'classifier__randomforestclassifier_1__min_impurity_decrease': np.float64(0.025621406736146213), 'classifier__randomforestclassifier_1__min_samples_leaf': 1, 'classifier__randomforestclassifier_1__min_samples_split': 6, 'classifier__randomforestclassifier_1__n_estimators': 775, 'classifier__xgbclassifier_2__colsample_bytree': np.float64(0.6739935228183639), 'classifier__xgbclassifier_2__gamma': np.float64(4.1111876620329495), 'classifier__xgbclassifier_2__learning_rate': np.float64(0.13823474450932702), 'classifier__xgbclassifier_2__max_delta_step': 0, 'classifier__xgbclassifier_2__max_depth': 5, 'classifier__xgbclassifier_2__min_child_weight': 1, 'classifier__xgbclassifier_2__n_estimators': 730, 'classifier__xgbclassifier_2__reg_alpha': np.float64(0.2117474521815053), 'classifier__xgbclassifier_2__reg_lambda': np.float64(0.03538143895079303), 'classifier__xgbclassifier_2__scale_pos_weight': np.float64(8.984919103766426), 'classifier__xgbclassifier_2__subsample': np.float64(0.7159391982284581), 'feature_selection_filter__k': 26}",295.6079604625702,"[0, 1, 2, 3, 4, 5, 6, 7, 8, 9, 10, 11, 12, 14, 16, 17, 18, 19, 20, 21, 23, 24, 25, 27, 28, 29]","['Amount_log1p', 'V1', 'V2', 'V3', 'V4', 'V5', 'V6', 'V7', 'V8', 'V9', 'V10', 'V11', 'V12', 'V14', 'V16', 'V17', 'V18', 'V19', 'V20', 'V21', 'V23', 'V24', 'V25', 'V27', 'V28', 'Time_sin']"
CostSensitiveLearning___RandomizedSearchCV__niter_30__cv_5,4,8,StackingClassifier,resubstitution,426,21976,159,0,0.9929524400514161,0.7282051282051282,1.0,0.8427299703264095,0.9928168059634064,0.007183194036593621,0.9964084029817032,0.9964019299275801,0.8502789480345778,0.839216573211722,0.9998353042734989,0.9822447867125106,22561,0.8368047412966595,0.04033013389200949,0.7647846874513666,0.057187894470806355,"{'classifier__extratreesclassifier_0__ccp_alpha': np.float64(0.002418167115585819), 'classifier__extratreesclassifier_0__max_depth': 6, 'classifier__extratreesclassifier_0__max_features': 'log2', 'classifier__extratreesclassifier_0__max_leaf_nodes': 14, 'classifier__extratreesclassifier_0__min_impurity_decrease': np.float64(0.08837510695577828), 'classifier__extratreesclassifier_0__min_samples_leaf': 2, 'classifier__extratreesclassifier_0__min_samples_split': 6, 'classifier__extratreesclassifier_0__n_estimators': 515, 'classifier__randomforestclassifier_1__ccp_alpha': np.float64(0.0029998710387096118), 'classifier__randomforestclassifier_1__max_depth': 9, 'classifier__randomforestclassifier_1__max_features': 'sqrt', 'classifier__randomforestclassifier_1__max_leaf_nodes': 2, 'classifier__randomforestclassifier_1__max_samples': np.float64(0.5007484327517462), 'classifier__randomforestclassifier_1__min_impurity_decrease': np.float64(0.027382859365449232), 'classifier__randomforestclassifier_1__min_samples_leaf': 2, 'classifier__randomforestclassifier_1__min_samples_split': 2, 'classifier__randomforestclassifier_1__n_estimators': 866, 'classifier__xgbclassifier_2__colsample_bytree': np.float64(0.9583780998812432), 'classifier__xgbclassifier_2__gamma': np.float64(2.934848277974611), 'classifier__xgbclassifier_2__learning_rate': np.float64(0.028677372126206645), 'classifier__xgbclassifier_2__max_delta_step': 9, 'classifier__xgbclassifier_2__max_depth': 7, 'classifier__xgbclassifier_2__min_child_weight': 5, 'classifier__xgbclassifier_2__n_estimators': 533, 'classifier__xgbclassifier_2__reg_alpha': np.float64(0.01040350142967248), 'classifier__xgbclassifier_2__reg_lambda': np.float64(1.0639476785893593), 'classifier__xgbclassifier_2__scale_pos_weight': np.float64(16.802604464940973), 'classifier__xgbclassifier_2__subsample': np.float64(0.8466422996166482), 'feature_selection_filter__k': 20}",290.41025161743164,"[1, 2, 3, 4, 5, 6, 7, 8, 9, 10, 11, 12, 14, 16, 17, 18, 19, 20, 21, 27]","['V1', 'V2', 'V3', 'V4', 'V5', 'V6', 'V7', 'V8', 'V9', 'V10', 'V11', 'V12', 'V14', 'V16', 'V17', 'V18', 'V19', 'V20', 'V21', 'V27']"
CostSensitiveLearning___RandomizedSearchCV__niter_30__cv_5,4,9,StackingClassifier,resubstitution,426,21958,177,0,0.9921546030761048,0.7064676616915423,1.0,0.8279883381924198,0.9920036141856788,0.00799638581432116,0.9960018070928394,0.9959937822023182,0.8371490152316464,0.8240955569789555,0.9998349861233511,0.9854438970560029,22561,0.809245822331192,0.035132926355310026,0.7315417546569317,0.04323947957157962,"{'classifier__extratreesclassifier_0__ccp_alpha': np.float64(0.008539951400972197), 'classifier__extratreesclassifier_0__max_depth': 3, 'classifier__extratreesclassifier_0__max_features': 'sqrt', 'classifier__extratreesclassifier_0__max_leaf_nodes': 18, 'classifier__extratreesclassifier_0__min_impurity_decrease': np.float64(0.07378533205495406), 'classifier__extratreesclassifier_0__min_samples_leaf': 9, 'classifier__extratreesclassifier_0__min_samples_split': 7, 'classifier__extratreesclassifier_0__n_estimators': 957, 'classifier__randomforestclassifier_1__ccp_alpha': np.float64(0.0009480883903648085), 'classifier__randomforestclassifier_1__max_depth': 15, 'classifier__randomforestclassifier_1__max_features': 'log2', 'classifier__randomforestclassifier_1__max_leaf_nodes': 8, 'classifier__randomforestclassifier_1__max_samples': np.float64(0.8305599175145729), 'classifier__randomforestclassifier_1__min_impurity_decrease': np.float64(0.09690098263630963), 'classifier__randomforestclassifier_1__min_samples_leaf': 4, 'classifier__randomforestclassifier_1__min_samples_split': 4, 'classifier__randomforestclassifier_1__n_estimators': 491, 'classifier__xgbclassifier_2__colsample_bytree': np.float64(0.9663871117160344), 'classifier__xgbclassifier_2__gamma': np.float64(4.578867365288976), 'classifier__xgbclassifier_2__learning_rate': np.float64(0.010162583946485008), 'classifier__xgbclassifier_2__max_delta_step': 5, 'classifier__xgbclassifier_2__max_depth': 7, 'classifier__xgbclassifier_2__min_child_weight': 1, 'classifier__xgbclassifier_2__n_estimators': 662, 'classifier__xgbclassifier_2__reg_alpha': np.float64(0.4182264924076769), 'classifier__xgbclassifier_2__reg_lambda': np.float64(0.0005230028849988888), 'classifier__xgbclassifier_2__scale_pos_weight': np.float64(12.408338984709298), 'classifier__xgbclassifier_2__subsample': np.float64(0.7567779868394385), 'feature_selection_filter__k': 28}",305.3857181072235,"[0, 1, 2, 3, 4, 5, 6, 7, 8, 9, 10, 11, 12, 14, 16, 17, 18, 19, 20, 21, 22, 23, 24, 25, 26, 27, 28, 29]","['Amount_log1p', 'V1', 'V2', 'V3', 'V4', 'V5', 'V6', 'V7', 'V8', 'V9', 'V10', 'V11', 'V12', 'V14', 'V16', 'V17', 'V18', 'V19', 'V20', 'V21', 'V22', 'V23', 'V24', 'V25', 'V26', 'V27', 'V28', 'Time_sin']"
CostSensitiveLearning___RandomizedSearchCV__niter_30__cv_5,4,10,StackingClassifier,resubstitution,426,21965,170,0,0.9924648730109481,0.714765100671141,1.0,0.8336594911937377,0.9923198554325728,0.007680144567427161,0.9961599277162865,0.9961525261889229,0.8421850161135823,0.8299136789869421,0.9998620288859124,0.9875945011436031,22561,0.8307698676530093,0.01739912050077992,0.7446931611760358,0.0313638404121362,"{'classifier__extratreesclassifier_0__ccp_alpha': np.float64(0.00493825209884717), 'classifier__extratreesclassifier_0__max_depth': 8, 'classifier__extratreesclassifier_0__max_features': 'log2', 'classifier__extratreesclassifier_0__max_leaf_nodes': 3, 'classifier__extratreesclassifier_0__min_impurity_decrease': np.float64(0.014814680611211141), 'classifier__extratreesclassifier_0__min_samples_leaf': 1, 'classifier__extratreesclassifier_0__min_samples_split': 8, 'classifier__extratreesclassifier_0__n_estimators': 595, 'classifier__randomforestclassifier_1__ccp_alpha': np.float64(0.0023390787677819913), 'classifier__randomforestclassifier_1__max_depth': 6, 'classifier__randomforestclassifier_1__max_features': 'log2', 'classifier__randomforestclassifier_1__max_leaf_nodes': 2, 'classifier__randomforestclassifier_1__max_samples': np.float64(0.5045904536702145), 'classifier__randomforestclassifier_1__min_impurity_decrease': np.float64(0.03663244973159337), 'classifier__randomforestclassifier_1__min_samples_leaf': 4, 'classifier__randomforestclassifier_1__min_samples_split': 2, 'classifier__randomforestclassifier_1__n_estimators': 110, 'classifier__xgbclassifier_2__colsample_bytree': np.float64(0.7655023582634246), 'classifier__xgbclassifier_2__gamma': np.float64(1.9446056377476757), 'classifier__xgbclassifier_2__learning_rate': np.float64(0.16315131680954145), 'classifier__xgbclassifier_2__max_delta_step': 9, 'classifier__xgbclassifier_2__max_depth': 8, 'classifier__xgbclassifier_2__min_child_weight': 3, 'classifier__xgbclassifier_2__n_estimators': 341, 'classifier__xgbclassifier_2__reg_alpha': np.float64(0.00907075235793547), 'classifier__xgbclassifier_2__reg_lambda': np.float64(0.0002356474251536503), 'classifier__xgbclassifier_2__scale_pos_weight': np.float64(15.59780853890149), 'classifier__xgbclassifier_2__subsample': np.float64(0.9279960626436553), 'feature_selection_filter__k': 26}",244.00349974632263,"[0, 1, 2, 3, 4, 5, 6, 7, 8, 9, 10, 11, 12, 14, 16, 17, 18, 19, 20, 21, 22, 23, 24, 27, 28, 29]","['Amount_log1p', 'V1', 'V2', 'V3', 'V4', 'V5', 'V6', 'V7', 'V8', 'V9', 'V10', 'V11', 'V12', 'V14', 'V16', 'V17', 'V18', 'V19', 'V20', 'V21', 'V22', 'V23', 'V24', 'V27', 'V28', 'Time_sin']"
CostSensitiveLearning___RandomizedSearchCV__niter_30__cv_5,5,1,StackingClassifier,resubstitution,426,21951,183,0,0.9918882978723405,0.6995073891625616,1.0,0.8231884057971014,0.9917321767416644,0.008267823258335638,0.9958660883708321,0.9958575082518906,0.8329009459119768,0.8191700555199019,0.9999602294347998,0.9977564102170786,22560,0.8257249304702639,0.04907147022026919,0.7500562667947144,0.059640337746828635,"{'classifier__extratreesclassifier_0__ccp_alpha': np.float64(0.008973623147860715), 'classifier__extratreesclassifier_0__max_depth': 19, 'classifier__extratreesclassifier_0__max_features': 'log2', 'classifier__extratreesclassifier_0__max_leaf_nodes': 19, 'classifier__extratreesclassifier_0__min_impurity_decrease': np.float64(0.09494402020228038), 'classifier__extratreesclassifier_0__min_samples_leaf': 1, 'classifier__extratreesclassifier_0__min_samples_split': 9, 'classifier__extratreesclassifier_0__n_estimators': 868, 'classifier__randomforestclassifier_1__ccp_alpha': np.float64(0.0010286332566862232), 'classifier__randomforestclassifier_1__max_depth': 6, 'classifier__randomforestclassifier_1__max_features': 'sqrt', 'classifier__randomforestclassifier_1__max_leaf_nodes': 13, 'classifier__randomforestclassifier_1__max_samples': np.float64(0.8769664164685524), 'classifier__randomforestclassifier_1__min_impurity_decrease': np.float64(0.08756194071160457), 'classifier__randomforestclassifier_1__min_samples_leaf': 3, 'classifier__randomforestclassifier_1__min_samples_split': 9, 'classifier__randomforestclassifier_1__n_estimators': 183, 'classifier__xgbclassifier_2__colsample_bytree': np.float64(0.8432811182332965), 'classifier__xgbclassifier_2__gamma': np.float64(0.8752346245106585), 'classifier__xgbclassifier_2__learning_rate': np.float64(0.15144660266337986), 'classifier__xgbclassifier_2__max_delta_step': 1, 'classifier__xgbclassifier_2__max_depth': 9, 'classifier__xgbclassifier_2__min_child_weight': 3, 'classifier__xgbclassifier_2__n_estimators': 384, 'classifier__xgbclassifier_2__reg_alpha': np.float64(0.8436093633028361), 'classifier__xgbclassifier_2__reg_lambda': np.float64(0.07881043923674885), 'classifier__xgbclassifier_2__scale_pos_weight': np.float64(11.869222707147259), 'classifier__xgbclassifier_2__subsample': np.float64(0.6470330665647233), 'feature_selection_filter__k': 24}",260.80673837661743,"[0, 1, 2, 3, 4, 5, 6, 7, 8, 9, 10, 11, 12, 14, 16, 17, 18, 19, 20, 21, 24, 27, 28, 29]","['Amount_log1p', 'V1', 'V2', 'V3', 'V4', 'V5', 'V6', 'V7', 'V8', 'V9', 'V10', 'V11', 'V12', 'V14', 'V16', 'V17', 'V18', 'V19', 'V20', 'V21', 'V24', 'V27', 'V28', 'Time_sin']"
CostSensitiveLearning___RandomizedSearchCV__niter_30__cv_5,5,2,StackingClassifier,resubstitution,426,21976,158,0,0.9929964539007092,0.7294520547945206,1.0,0.8435643564356435,0.9928616607933496,0.0071383392066504125,0.9964308303966748,0.9964244380751355,0.8510258389687172,0.8400720171256035,0.999879203536632,0.9870077461178879,22560,0.8432387033223948,0.03788475763827226,0.7542536492236455,0.0315590896967474,"{'classifier__extratreesclassifier_0__ccp_alpha': np.float64(0.006231445127707466), 'classifier__extratreesclassifier_0__max_depth': 14, 'classifier__extratreesclassifier_0__max_features': 'log2', 'classifier__extratreesclassifier_0__max_leaf_nodes': 10, 'classifier__extratreesclassifier_0__min_impurity_decrease': np.float64(0.05663789399674118), 'classifier__extratreesclassifier_0__min_samples_leaf': 5, 'classifier__extratreesclassifier_0__min_samples_split': 3, 'classifier__extratreesclassifier_0__n_estimators': 872, 'classifier__randomforestclassifier_1__ccp_alpha': np.float64(0.003468334921020877), 'classifier__randomforestclassifier_1__max_depth': 8, 'classifier__randomforestclassifier_1__max_features': 'log2', 'classifier__randomforestclassifier_1__max_leaf_nodes': 3, 'classifier__randomforestclassifier_1__max_samples': np.float64(0.6634244292129573), 'classifier__randomforestclassifier_1__min_impurity_decrease': np.float64(0.09435345688068687), 'classifier__randomforestclassifier_1__min_samples_leaf': 4, 'classifier__randomforestclassifier_1__min_samples_split': 4, 'classifier__randomforestclassifier_1__n_estimators': 637, 'classifier__xgbclassifier_2__colsample_bytree': np.float64(0.897801697793223), 'classifier__xgbclassifier_2__gamma': np.float64(1.9117190740720473), 'classifier__xgbclassifier_2__learning_rate': np.float64(0.02038597117393486), 'classifier__xgbclassifier_2__max_delta_step': 0, 'classifier__xgbclassifier_2__max_depth': 8, 'classifier__xgbclassifier_2__min_child_weight': 4, 'classifier__xgbclassifier_2__n_estimators': 677, 'classifier__xgbclassifier_2__reg_alpha': np.float64(0.00010347474314641739), 'classifier__xgbclassifier_2__reg_lambda': np.float64(2.470141730215059), 'classifier__xgbclassifier_2__scale_pos_weight': np.float64(33.91837467697546), 'classifier__xgbclassifier_2__subsample': np.float64(0.8651126556291051), 'feature_selection_filter__k': 'all'}",255.06451511383057,"[0, 1, 2, 3, 4, 5, 6, 7, 8, 9, 10, 11, 12, 13, 14, 15, 16, 17, 18, 19, 20, 21, 22, 23, 24, 25, 26, 27, 28, 29, 30]","['Amount_log1p', 'V1', 'V2', 'V3', 'V4', 'V5', 'V6', 'V7', 'V8', 'V9', 'V10', 'V11', 'V12', 'V13', 'V14', 'V15', 'V16', 'V17', 'V18', 'V19', 'V20', 'V21', 'V22', 'V23', 'V24', 'V25', 'V26', 'V27', 'V28', 'Time_sin', 'Time_cos']"
CostSensitiveLearning___RandomizedSearchCV__niter_30__cv_5,5,3,StackingClassifier,resubstitution,426,21914,220,0,0.9902482269503546,0.6594427244582043,1.0,0.7947761194029851,0.9900605403451703,0.009939459654829674,0.9950302701725852,0.9950178593096559,0.8080149875489817,0.7899968215186236,0.9998343423390862,0.9837048294160178,22560,0.8123158021904067,0.03617077500847825,0.7391486866188195,0.05343423895223345,"{'classifier__extratreesclassifier_0__ccp_alpha': np.float64(0.009535793966442276), 'classifier__extratreesclassifier_0__max_depth': 7, 'classifier__extratreesclassifier_0__max_features': 'log2', 'classifier__extratreesclassifier_0__max_leaf_nodes': 6, 'classifier__extratreesclassifier_0__min_impurity_decrease': np.float64(0.09802901166145338), 'classifier__extratreesclassifier_0__min_samples_leaf': 6, 'classifier__extratreesclassifier_0__min_samples_split': 7, 'classifier__extratreesclassifier_0__n_estimators': 827, 'classifier__randomforestclassifier_1__ccp_alpha': np.float64(0.0009728330815012698), 'classifier__randomforestclassifier_1__max_depth': 3, 'classifier__randomforestclassifier_1__max_features': 'log2', 'classifier__randomforestclassifier_1__max_leaf_nodes': 18, 'classifier__randomforestclassifier_1__max_samples': np.float64(0.8964325417438181), 'classifier__randomforestclassifier_1__min_impurity_decrease': np.float64(0.07018424676365467), 'classifier__randomforestclassifier_1__min_samples_leaf': 3, 'classifier__randomforestclassifier_1__min_samples_split': 5, 'classifier__randomforestclassifier_1__n_estimators': 142, 'classifier__xgbclassifier_2__colsample_bytree': np.float64(0.6266552452263168), 'classifier__xgbclassifier_2__gamma': np.float64(2.2374019638213065), 'classifier__xgbclassifier_2__learning_rate': np.float64(0.08198220408792906), 'classifier__xgbclassifier_2__max_delta_step': 4, 'classifier__xgbclassifier_2__max_depth': 9, 'classifier__xgbclassifier_2__min_child_weight': 7, 'classifier__xgbclassifier_2__n_estimators': 456, 'classifier__xgbclassifier_2__reg_alpha': np.float64(0.000616228264463561), 'classifier__xgbclassifier_2__reg_lambda': np.float64(0.010290283688589775), 'classifier__xgbclassifier_2__scale_pos_weight': np.float64(19.738836596616295), 'classifier__xgbclassifier_2__subsample': np.float64(0.8054224521556257), 'feature_selection_filter__k': 20}",252.886465549469,"[1, 2, 3, 4, 5, 6, 7, 8, 9, 10, 11, 12, 14, 16, 17, 18, 19, 20, 21, 27]","['V1', 'V2', 'V3', 'V4', 'V5', 'V6', 'V7', 'V8', 'V9', 'V10', 'V11', 'V12', 'V14', 'V16', 'V17', 'V18', 'V19', 'V20', 'V21', 'V27']"
CostSensitiveLearning___RandomizedSearchCV__niter_30__cv_5,5,4,StackingClassifier,resubstitution,426,21943,191,0,0.9915336879432625,0.6904376012965965,1.0,0.8168744007670182,0.9913707418451252,0.008629258154874808,0.9956853709225626,0.9956760225319907,0.8273328453501502,0.8126897137399305,0.9998472810296314,0.9817933741212237,22560,0.8409330795947021,0.01989102857961182,0.7511506329204348,0.02126791347361148,"{'classifier__extratreesclassifier_0__ccp_alpha': np.float64(0.003992324107269378), 'classifier__extratreesclassifier_0__max_depth': 9, 'classifier__extratreesclassifier_0__max_features': 'log2', 'classifier__extratreesclassifier_0__max_leaf_nodes': 5, 'classifier__extratreesclassifier_0__min_impurity_decrease': np.float64(0.05966542110703106), 'classifier__extratreesclassifier_0__min_samples_leaf': 4, 'classifier__extratreesclassifier_0__min_samples_split': 8, 'classifier__extratreesclassifier_0__n_estimators': 532, 'classifier__randomforestclassifier_1__ccp_alpha': np.float64(0.004580736063200082), 'classifier__randomforestclassifier_1__max_depth': 16, 'classifier__randomforestclassifier_1__max_features': 'log2', 'classifier__randomforestclassifier_1__max_leaf_nodes': 2, 'classifier__randomforestclassifier_1__max_samples': np.float64(0.5576231460471412), 'classifier__randomforestclassifier_1__min_impurity_decrease': np.float64(0.040745901888376825), 'classifier__randomforestclassifier_1__min_samples_leaf': 4, 'classifier__randomforestclassifier_1__min_samples_split': 8, 'classifier__randomforestclassifier_1__n_estimators': 644, 'classifier__xgbclassifier_2__colsample_bytree': np.float64(0.6171631679564081), 'classifier__xgbclassifier_2__gamma': np.float64(1.4883337653249833), 'classifier__xgbclassifier_2__learning_rate': np.float64(0.01185384615473601), 'classifier__xgbclassifier_2__max_delta_step': 2, 'classifier__xgbclassifier_2__max_depth': 6, 'classifier__xgbclassifier_2__min_child_weight': 6, 'classifier__xgbclassifier_2__n_estimators': 779, 'classifier__xgbclassifier_2__reg_alpha': np.float64(5.373926638512412), 'classifier__xgbclassifier_2__reg_lambda': np.float64(0.021220850729304463), 'classifier__xgbclassifier_2__scale_pos_weight': np.float64(9.900508639968203), 'classifier__xgbclassifier_2__subsample': np.float64(0.729873328437079), 'feature_selection_filter__k': 28}",345.0685987472534,"[0, 1, 2, 3, 4, 5, 6, 7, 8, 9, 10, 11, 12, 14, 16, 17, 18, 19, 20, 21, 22, 23, 24, 26, 27, 28, 29, 30]","['Amount_log1p', 'V1', 'V2', 'V3', 'V4', 'V5', 'V6', 'V7', 'V8', 'V9', 'V10', 'V11', 'V12', 'V14', 'V16', 'V17', 'V18', 'V19', 'V20', 'V21', 'V22', 'V23', 'V24', 'V26', 'V27', 'V28', 'Time_sin', 'Time_cos']"
CostSensitiveLearning___RandomizedSearchCV__niter_30__cv_5,5,5,StackingClassifier,resubstitution,425,21935,200,0,0.9911347517730497,0.68,1.0,0.8095238095238095,0.9909645358030269,0.009035464196973098,0.9954822679015134,0.9954720165846084,0.8208872543449912,0.8051540047718267,0.9998179088215363,0.9832207623367659,22560,0.7978047279121531,0.04395531400616401,0.7201186701990384,0.027867173516863485,"{'classifier__extratreesclassifier_0__ccp_alpha': np.float64(0.004932690419075946), 'classifier__extratreesclassifier_0__max_depth': 8, 'classifier__extratreesclassifier_0__max_features': 'log2', 'classifier__extratreesclassifier_0__max_leaf_nodes': 12, 'classifier__extratreesclassifier_0__min_impurity_decrease': np.float64(0.0641794184814905), 'classifier__extratreesclassifier_0__min_samples_leaf': 2, 'classifier__extratreesclassifier_0__min_samples_split': 8, 'classifier__extratreesclassifier_0__n_estimators': 622, 'classifier__randomforestclassifier_1__ccp_alpha': np.float64(0.009412755036866486), 'classifier__randomforestclassifier_1__max_depth': 7, 'classifier__randomforestclassifier_1__max_features': 'sqrt', 'classifier__randomforestclassifier_1__max_leaf_nodes': 18, 'classifier__randomforestclassifier_1__max_samples': np.float64(0.6594712319843903), 'classifier__randomforestclassifier_1__min_impurity_decrease': np.float64(0.057754757576437554), 'classifier__randomforestclassifier_1__min_samples_leaf': 3, 'classifier__randomforestclassifier_1__min_samples_split': 5, 'classifier__randomforestclassifier_1__n_estimators': 495, 'classifier__xgbclassifier_2__colsample_bytree': np.float64(0.8648774103572239), 'classifier__xgbclassifier_2__gamma': np.float64(3.666004768155164), 'classifier__xgbclassifier_2__learning_rate': np.float64(0.014581704228823074), 'classifier__xgbclassifier_2__max_delta_step': 7, 'classifier__xgbclassifier_2__max_depth': 5, 'classifier__xgbclassifier_2__min_child_weight': 5, 'classifier__xgbclassifier_2__n_estimators': 755, 'classifier__xgbclassifier_2__reg_alpha': np.float64(0.005527291831364033), 'classifier__xgbclassifier_2__reg_lambda': np.float64(3.0509187738321426), 'classifier__xgbclassifier_2__scale_pos_weight': np.float64(28.004440252404315), 'classifier__xgbclassifier_2__subsample': np.float64(0.8829863576514205), 'feature_selection_filter__k': 'all'}",272.13346672058105,"[0, 1, 2, 3, 4, 5, 6, 7, 8, 9, 10, 11, 12, 13, 14, 15, 16, 17, 18, 19, 20, 21, 22, 23, 24, 25, 26, 27, 28, 29, 30]","['Amount_log1p', 'V1', 'V2', 'V3', 'V4', 'V5', 'V6', 'V7', 'V8', 'V9', 'V10', 'V11', 'V12', 'V13', 'V14', 'V15', 'V16', 'V17', 'V18', 'V19', 'V20', 'V21', 'V22', 'V23', 'V24', 'V25', 'V26', 'V27', 'V28', 'Time_sin', 'Time_cos']"
CostSensitiveLearning___RandomizedSearchCV__niter_30__cv_5,5,6,StackingClassifier,resubstitution,424,21960,175,1,0.9921985815602837,0.7078464106844741,0.9976470588235294,0.828125,0.9920939688276486,0.007906031172351446,0.994870513825589,0.9948666393429151,0.8369824166659837,0.8242515477625332,0.9997716685047635,0.9865257785326866,22560,0.8292662659029304,0.027887988617421755,0.7433549356026958,0.029323970708822488,"{'classifier__extratreesclassifier_0__ccp_alpha': np.float64(0.00831743741825434), 'classifier__extratreesclassifier_0__max_depth': 6, 'classifier__extratreesclassifier_0__max_features': 'log2', 'classifier__extratreesclassifier_0__max_leaf_nodes': 5, 'classifier__extratreesclassifier_0__min_impurity_decrease': np.float64(0.036211792544216595), 'classifier__extratreesclassifier_0__min_samples_leaf': 6, 'classifier__extratreesclassifier_0__min_samples_split': 4, 'classifier__extratreesclassifier_0__n_estimators': 687, 'classifier__randomforestclassifier_1__ccp_alpha': np.float64(0.00504218698898022), 'classifier__randomforestclassifier_1__max_depth': 10, 'classifier__randomforestclassifier_1__max_features': 'log2', 'classifier__randomforestclassifier_1__max_leaf_nodes': 3, 'classifier__randomforestclassifier_1__max_samples': np.float64(0.868780305790132), 'classifier__randomforestclassifier_1__min_impurity_decrease': np.float64(0.09896977122345924), 'classifier__randomforestclassifier_1__min_samples_leaf': 9, 'classifier__randomforestclassifier_1__min_samples_split': 7, 'classifier__randomforestclassifier_1__n_estimators': 162, 'classifier__xgbclassifier_2__colsample_bytree': np.float64(0.8162760650039981), 'classifier__xgbclassifier_2__gamma': np.float64(1.0333311671189493), 'classifier__xgbclassifier_2__learning_rate': np.float64(0.012246411311548517), 'classifier__xgbclassifier_2__max_delta_step': 9, 'classifier__xgbclassifier_2__max_depth': 6, 'classifier__xgbclassifier_2__min_child_weight': 8, 'classifier__xgbclassifier_2__n_estimators': 526, 'classifier__xgbclassifier_2__reg_alpha': np.float64(0.11788240584598297), 'classifier__xgbclassifier_2__reg_lambda': np.float64(0.2684271867223145), 'classifier__xgbclassifier_2__scale_pos_weight': np.float64(5.046651147902734), 'classifier__xgbclassifier_2__subsample': np.float64(0.7853372049374336), 'feature_selection_filter__k': 26}",293.3796052932739,"[0, 1, 2, 3, 4, 5, 6, 7, 8, 9, 10, 11, 12, 14, 16, 17, 18, 19, 20, 21, 22, 23, 24, 27, 28, 29]","['Amount_log1p', 'V1', 'V2', 'V3', 'V4', 'V5', 'V6', 'V7', 'V8', 'V9', 'V10', 'V11', 'V12', 'V14', 'V16', 'V17', 'V18', 'V19', 'V20', 'V21', 'V22', 'V23', 'V24', 'V27', 'V28', 'Time_sin']"
CostSensitiveLearning___RandomizedSearchCV__niter_30__cv_5,5,7,StackingClassifier,resubstitution,425,22012,123,0,0.9945478723404255,0.7755474452554745,1.0,0.8735868448098664,0.9944431895188616,0.00555681048113843,0.9972215947594307,0.9972177242302012,0.8782015002737461,0.8708461872145694,0.9998134442392272,0.9804775640415533,22560,0.8624377395714256,0.03497711455365916,0.7695866242678701,0.020204522581341543,"{'classifier__extratreesclassifier_0__ccp_alpha': np.float64(0.009286864726626487), 'classifier__extratreesclassifier_0__max_depth': 17, 'classifier__extratreesclassifier_0__max_features': 'sqrt', 'classifier__extratreesclassifier_0__max_leaf_nodes': 11, 'classifier__extratreesclassifier_0__min_impurity_decrease': np.float64(0.0634302232932084), 'classifier__extratreesclassifier_0__min_samples_leaf': 3, 'classifier__extratreesclassifier_0__min_samples_split': 2, 'classifier__extratreesclassifier_0__n_estimators': 333, 'classifier__randomforestclassifier_1__ccp_alpha': np.float64(0.003382768422891246), 'classifier__randomforestclassifier_1__max_depth': 6, 'classifier__randomforestclassifier_1__max_features': 'log2', 'classifier__randomforestclassifier_1__max_leaf_nodes': 19, 'classifier__randomforestclassifier_1__max_samples': np.float64(0.7618942440920244), 'classifier__randomforestclassifier_1__min_impurity_decrease': np.float64(0.09360024333323519), 'classifier__randomforestclassifier_1__min_samples_leaf': 2, 'classifier__randomforestclassifier_1__min_samples_split': 7, 'classifier__randomforestclassifier_1__n_estimators': 375, 'classifier__xgbclassifier_2__colsample_bytree': np.float64(0.760648820272601), 'classifier__xgbclassifier_2__gamma': np.float64(1.3293716342211233), 'classifier__xgbclassifier_2__learning_rate': np.float64(0.08131769464111485), 'classifier__xgbclassifier_2__max_delta_step': 9, 'classifier__xgbclassifier_2__max_depth': 6, 'classifier__xgbclassifier_2__min_child_weight': 5, 'classifier__xgbclassifier_2__n_estimators': 366, 'classifier__xgbclassifier_2__reg_alpha': np.float64(9.679976154522135), 'classifier__xgbclassifier_2__reg_lambda': np.float64(0.033155531840388705), 'classifier__xgbclassifier_2__scale_pos_weight': np.float64(37.58613906946708), 'classifier__xgbclassifier_2__subsample': np.float64(0.7427235521783999), 'feature_selection_filter__k': 20}",312.27512192726135,"[1, 2, 3, 4, 5, 6, 7, 8, 9, 10, 11, 12, 14, 16, 17, 18, 19, 20, 21, 27]","['V1', 'V2', 'V3', 'V4', 'V5', 'V6', 'V7', 'V8', 'V9', 'V10', 'V11', 'V12', 'V14', 'V16', 'V17', 'V18', 'V19', 'V20', 'V21', 'V27']"
CostSensitiveLearning___RandomizedSearchCV__niter_30__cv_5,5,8,StackingClassifier,resubstitution,426,21901,234,0,0.9896281193209521,0.6454545454545455,1.0,0.7845303867403315,0.9894285068895414,0.010571493110458574,0.9947142534447707,0.9947002095553923,0.7991439965201257,0.779469053874848,0.9998479242293608,0.986668643815677,22561,0.7845620699632081,0.017940758239395654,0.7113262211773268,0.025609377350189772,"{'classifier__extratreesclassifier_0__ccp_alpha': np.float64(0.0030866017786735003), 'classifier__extratreesclassifier_0__max_depth': 19, 'classifier__extratreesclassifier_0__max_features': 'sqrt', 'classifier__extratreesclassifier_0__max_leaf_nodes': 10, 'classifier__extratreesclassifier_0__min_impurity_decrease': np.float64(0.08690687925580469), 'classifier__extratreesclassifier_0__min_samples_leaf': 7, 'classifier__extratreesclassifier_0__min_samples_split': 9, 'classifier__extratreesclassifier_0__n_estimators': 525, 'classifier__randomforestclassifier_1__ccp_alpha': np.float64(0.0010864750278853231), 'classifier__randomforestclassifier_1__max_depth': 9, 'classifier__randomforestclassifier_1__max_features': 'log2', 'classifier__randomforestclassifier_1__max_leaf_nodes': 7, 'classifier__randomforestclassifier_1__max_samples': np.float64(0.5668294459246553), 'classifier__randomforestclassifier_1__min_impurity_decrease': np.float64(0.08499388636334965), 'classifier__randomforestclassifier_1__min_samples_leaf': 8, 'classifier__randomforestclassifier_1__min_samples_split': 6, 'classifier__randomforestclassifier_1__n_estimators': 437, 'classifier__xgbclassifier_2__colsample_bytree': np.float64(0.9494102040441026), 'classifier__xgbclassifier_2__gamma': np.float64(2.381750118806381), 'classifier__xgbclassifier_2__learning_rate': np.float64(0.0808512864333441), 'classifier__xgbclassifier_2__max_delta_step': 2, 'classifier__xgbclassifier_2__max_depth': 7, 'classifier__xgbclassifier_2__min_child_weight': 5, 'classifier__xgbclassifier_2__n_estimators': 656, 'classifier__xgbclassifier_2__reg_alpha': np.float64(0.0012475177956129083), 'classifier__xgbclassifier_2__reg_lambda': np.float64(0.0001490513253426538), 'classifier__xgbclassifier_2__scale_pos_weight': np.float64(9.566945934246988), 'classifier__xgbclassifier_2__subsample': np.float64(0.6583795635343266), 'feature_selection_filter__k': 20}",269.28462314605713,"[1, 2, 3, 4, 5, 6, 7, 8, 9, 10, 11, 12, 14, 16, 17, 18, 19, 20, 21, 27]","['V1', 'V2', 'V3', 'V4', 'V5', 'V6', 'V7', 'V8', 'V9', 'V10', 'V11', 'V12', 'V14', 'V16', 'V17', 'V18', 'V19', 'V20', 'V21', 'V27']"
CostSensitiveLearning___RandomizedSearchCV__niter_30__cv_5,5,9,StackingClassifier,resubstitution,426,21948,187,0,0.9917113603120429,0.6949429037520392,1.0,0.8200192492781521,0.9915518409758302,0.008448159024169843,0.9957759204879151,0.9957669611790854,0.8301035571471932,0.8159177939423271,0.9998004138072922,0.9830655288213697,22561,0.8132310683755613,0.0509442940002775,0.7374653784219001,0.021163391142696587,"{'classifier__extratreesclassifier_0__ccp_alpha': np.float64(0.0053442203885294285), 'classifier__extratreesclassifier_0__max_depth': 13, 'classifier__extratreesclassifier_0__max_features': 'sqrt', 'classifier__extratreesclassifier_0__max_leaf_nodes': 5, 'classifier__extratreesclassifier_0__min_impurity_decrease': np.float64(0.08697490329911572), 'classifier__extratreesclassifier_0__min_samples_leaf': 2, 'classifier__extratreesclassifier_0__min_samples_split': 3, 'classifier__extratreesclassifier_0__n_estimators': 902, 'classifier__randomforestclassifier_1__ccp_alpha': np.float64(0.0022621712022839126), 'classifier__randomforestclassifier_1__max_depth': 18, 'classifier__randomforestclassifier_1__max_features': 'sqrt', 'classifier__randomforestclassifier_1__max_leaf_nodes': 14, 'classifier__randomforestclassifier_1__max_samples': np.float64(0.6743295166293772), 'classifier__randomforestclassifier_1__min_impurity_decrease': np.float64(0.0765776835146525), 'classifier__randomforestclassifier_1__min_samples_leaf': 4, 'classifier__randomforestclassifier_1__min_samples_split': 6, 'classifier__randomforestclassifier_1__n_estimators': 448, 'classifier__xgbclassifier_2__colsample_bytree': np.float64(0.6911316184443121), 'classifier__xgbclassifier_2__gamma': np.float64(2.899789556269781), 'classifier__xgbclassifier_2__learning_rate': np.float64(0.01792035843890846), 'classifier__xgbclassifier_2__max_delta_step': 4, 'classifier__xgbclassifier_2__max_depth': 9, 'classifier__xgbclassifier_2__min_child_weight': 9, 'classifier__xgbclassifier_2__n_estimators': 330, 'classifier__xgbclassifier_2__reg_alpha': np.float64(0.0012274323317267688), 'classifier__xgbclassifier_2__reg_lambda': np.float64(0.000275378220904312), 'classifier__xgbclassifier_2__scale_pos_weight': np.float64(15.353660267693831), 'classifier__xgbclassifier_2__subsample': np.float64(0.8448931579331878), 'feature_selection_filter__k': 20}",244.9394760131836,"[1, 2, 3, 4, 5, 6, 7, 8, 9, 10, 11, 12, 14, 16, 17, 18, 19, 20, 21, 27]","['V1', 'V2', 'V3', 'V4', 'V5', 'V6', 'V7', 'V8', 'V9', 'V10', 'V11', 'V12', 'V14', 'V16', 'V17', 'V18', 'V19', 'V20', 'V21', 'V27']"
CostSensitiveLearning___RandomizedSearchCV__niter_30__cv_5,5,10,StackingClassifier,resubstitution,426,21992,143,0,0.9936616284739151,0.7486818980667839,1.0,0.8562814070351759,0.9935396430991642,0.006460356900835795,0.9967698215495822,0.9967645876028924,0.8624645765479747,0.8531091738180693,0.9998762395925134,0.9895334248408995,22561,0.8444228901906892,0.04033024629111607,0.7656981460110245,0.02604861512677137,"{'classifier__extratreesclassifier_0__ccp_alpha': np.float64(0.008117254066281939), 'classifier__extratreesclassifier_0__max_depth': 8, 'classifier__extratreesclassifier_0__max_features': 'sqrt', 'classifier__extratreesclassifier_0__max_leaf_nodes': 15, 'classifier__extratreesclassifier_0__min_impurity_decrease': np.float64(0.08020444558641482), 'classifier__extratreesclassifier_0__min_samples_leaf': 4, 'classifier__extratreesclassifier_0__min_samples_split': 4, 'classifier__extratreesclassifier_0__n_estimators': 961, 'classifier__randomforestclassifier_1__ccp_alpha': np.float64(0.009615649521375376), 'classifier__randomforestclassifier_1__max_depth': 11, 'classifier__randomforestclassifier_1__max_features': 'log2', 'classifier__randomforestclassifier_1__max_leaf_nodes': 7, 'classifier__randomforestclassifier_1__max_samples': np.float64(0.6421128658448213), 'classifier__randomforestclassifier_1__min_impurity_decrease': np.float64(0.09334677604013691), 'classifier__randomforestclassifier_1__min_samples_leaf': 5, 'classifier__randomforestclassifier_1__min_samples_split': 9, 'classifier__randomforestclassifier_1__n_estimators': 794, 'classifier__xgbclassifier_2__colsample_bytree': np.float64(0.7289572645295407), 'classifier__xgbclassifier_2__gamma': np.float64(1.668250575079665), 'classifier__xgbclassifier_2__learning_rate': np.float64(0.09134773510726624), 'classifier__xgbclassifier_2__max_delta_step': 9, 'classifier__xgbclassifier_2__max_depth': 9, 'classifier__xgbclassifier_2__min_child_weight': 9, 'classifier__xgbclassifier_2__n_estimators': 366, 'classifier__xgbclassifier_2__reg_alpha': np.float64(1.0745985918359304), 'classifier__xgbclassifier_2__reg_lambda': np.float64(0.07171718824727565), 'classifier__xgbclassifier_2__scale_pos_weight': np.float64(3.6479666957452146), 'classifier__xgbclassifier_2__subsample': np.float64(0.8900472858359595), 'feature_selection_filter__k': 24}",259.06480073928833,"[1, 2, 3, 4, 5, 6, 7, 8, 9, 10, 11, 12, 14, 16, 17, 18, 19, 20, 21, 23, 24, 27, 28, 29]","['V1', 'V2', 'V3', 'V4', 'V5', 'V6', 'V7', 'V8', 'V9', 'V10', 'V11', 'V12', 'V14', 'V16', 'V17', 'V18', 'V19', 'V20', 'V21', 'V23', 'V24', 'V27', 'V28', 'Time_sin']"
CostSensitiveLearning___RandomizedSearchCV__niter_30__cv_5,6,1,StackingClassifier,resubstitution,426,21966,168,0,0.9925531914893617,0.7171717171717171,1.0,0.8352941176470589,0.9924098671726755,0.007590132827324458,0.9962049335863378,0.9961977048621802,0.8436399045673357,0.8315902626923163,0.9998141919193848,0.983082808786068,22560,0.8086345406113422,0.03455705391382843,0.7213181572902735,0.03557325506322535,"{'classifier__extratreesclassifier_0__ccp_alpha': np.float64(0.006092381554512402), 'classifier__extratreesclassifier_0__max_depth': 13, 'classifier__extratreesclassifier_0__max_features': 'log2', 'classifier__extratreesclassifier_0__max_leaf_nodes': 11, 'classifier__extratreesclassifier_0__min_impurity_decrease': np.float64(0.07041056148980238), 'classifier__extratreesclassifier_0__min_samples_leaf': 2, 'classifier__extratreesclassifier_0__min_samples_split': 3, 'classifier__extratreesclassifier_0__n_estimators': 625, 'classifier__randomforestclassifier_1__ccp_alpha': np.float64(0.005195130579254226), 'classifier__randomforestclassifier_1__max_depth': 14, 'classifier__randomforestclassifier_1__max_features': 'log2', 'classifier__randomforestclassifier_1__max_leaf_nodes': 3, 'classifier__randomforestclassifier_1__max_samples': np.float64(0.6939601511237312), 'classifier__randomforestclassifier_1__min_impurity_decrease': np.float64(0.0921100760147776), 'classifier__randomforestclassifier_1__min_samples_leaf': 4, 'classifier__randomforestclassifier_1__min_samples_split': 5, 'classifier__randomforestclassifier_1__n_estimators': 151, 'classifier__xgbclassifier_2__colsample_bytree': np.float64(0.7683682687181339), 'classifier__xgbclassifier_2__gamma': np.float64(3.4621784898237733), 'classifier__xgbclassifier_2__learning_rate': np.float64(0.06577102415511939), 'classifier__xgbclassifier_2__max_delta_step': 3, 'classifier__xgbclassifier_2__max_depth': 8, 'classifier__xgbclassifier_2__min_child_weight': 5, 'classifier__xgbclassifier_2__n_estimators': 725, 'classifier__xgbclassifier_2__reg_alpha': np.float64(0.07425099790047679), 'classifier__xgbclassifier_2__reg_lambda': np.float64(8.541661540699927), 'classifier__xgbclassifier_2__scale_pos_weight': np.float64(37.07266442963953), 'classifier__xgbclassifier_2__subsample': np.float64(0.6078936297974068), 'feature_selection_filter__k': 'all'}",226.25010514259338,"[0, 1, 2, 3, 4, 5, 6, 7, 8, 9, 10, 11, 12, 13, 14, 15, 16, 17, 18, 19, 20, 21, 22, 23, 24, 25, 26, 27, 28, 29, 30]","['Amount_log1p', 'V1', 'V2', 'V3', 'V4', 'V5', 'V6', 'V7', 'V8', 'V9', 'V10', 'V11', 'V12', 'V13', 'V14', 'V15', 'V16', 'V17', 'V18', 'V19', 'V20', 'V21', 'V22', 'V23', 'V24', 'V25', 'V26', 'V27', 'V28', 'Time_sin', 'Time_cos']"
CostSensitiveLearning___RandomizedSearchCV__niter_30__cv_5,6,2,StackingClassifier,resubstitution,426,21952,182,0,0.9919326241134752,0.7006578947368421,1.0,0.8239845261121856,0.9917773561037319,0.008222643896268145,0.9958886780518659,0.9958801916414102,0.8336046031394693,0.8199870367096812,0.9998378421488238,0.9823738982274516,22560,0.8203048975280793,0.03262764017882341,0.7380062691899003,0.021629373193691393,"{'classifier__extratreesclassifier_0__ccp_alpha': np.float64(0.0015779872334571144), 'classifier__extratreesclassifier_0__max_depth': 13, 'classifier__extratreesclassifier_0__max_features': 'sqrt', 'classifier__extratreesclassifier_0__max_leaf_nodes': 7, 'classifier__extratreesclassifier_0__min_impurity_decrease': np.float64(0.0715964479842681), 'classifier__extratreesclassifier_0__min_samples_leaf': 2, 'classifier__extratreesclassifier_0__min_samples_split': 3, 'classifier__extratreesclassifier_0__n_estimators': 403, 'classifier__randomforestclassifier_1__ccp_alpha': np.float64(0.009417632358635466), 'classifier__randomforestclassifier_1__max_depth': 3, 'classifier__randomforestclassifier_1__max_features': 'log2', 'classifier__randomforestclassifier_1__max_leaf_nodes': 9, 'classifier__randomforestclassifier_1__max_samples': np.float64(0.7845897897874122), 'classifier__randomforestclassifier_1__min_impurity_decrease': np.float64(0.09762873628378357), 'classifier__randomforestclassifier_1__min_samples_leaf': 6, 'classifier__randomforestclassifier_1__min_samples_split': 7, 'classifier__randomforestclassifier_1__n_estimators': 913, 'classifier__xgbclassifier_2__colsample_bytree': np.float64(0.921299200946027), 'classifier__xgbclassifier_2__gamma': np.float64(0.04586449348944477), 'classifier__xgbclassifier_2__learning_rate': np.float64(0.019086213829761386), 'classifier__xgbclassifier_2__max_delta_step': 6, 'classifier__xgbclassifier_2__max_depth': 5, 'classifier__xgbclassifier_2__min_child_weight': 7, 'classifier__xgbclassifier_2__n_estimators': 601, 'classifier__xgbclassifier_2__reg_alpha': np.float64(6.497547722839111), 'classifier__xgbclassifier_2__reg_lambda': np.float64(0.0027697558880326327), 'classifier__xgbclassifier_2__scale_pos_weight': np.float64(8.114938884808463), 'classifier__xgbclassifier_2__subsample': np.float64(0.7506655872335712), 'feature_selection_filter__k': 24}",349.1199712753296,"[0, 1, 2, 3, 4, 5, 6, 7, 8, 9, 10, 11, 12, 14, 16, 17, 18, 19, 20, 21, 23, 27, 28, 29]","['Amount_log1p', 'V1', 'V2', 'V3', 'V4', 'V5', 'V6', 'V7', 'V8', 'V9', 'V10', 'V11', 'V12', 'V14', 'V16', 'V17', 'V18', 'V19', 'V20', 'V21', 'V23', 'V27', 'V28', 'Time_sin']"
CostSensitiveLearning___RandomizedSearchCV__niter_30__cv_5,6,3,StackingClassifier,resubstitution,426,21987,147,0,0.9934840425531914,0.743455497382199,1.0,0.8528528528528528,0.9933586337760911,0.006641366223908873,0.9966793168880456,0.996673785035049,0.859370663423476,0.8495948432517686,0.9999192922663538,0.9954447955218307,22560,0.8441529483246338,0.041183006975310875,0.7709416514727225,0.04940367076962236,"{'classifier__extratreesclassifier_0__ccp_alpha': np.float64(0.005444211574057754), 'classifier__extratreesclassifier_0__max_depth': 13, 'classifier__extratreesclassifier_0__max_features': 'sqrt', 'classifier__extratreesclassifier_0__max_leaf_nodes': 8, 'classifier__extratreesclassifier_0__min_impurity_decrease': np.float64(0.06220975049192724), 'classifier__extratreesclassifier_0__min_samples_leaf': 3, 'classifier__extratreesclassifier_0__min_samples_split': 6, 'classifier__extratreesclassifier_0__n_estimators': 838, 'classifier__randomforestclassifier_1__ccp_alpha': np.float64(0.00533759744033284), 'classifier__randomforestclassifier_1__max_depth': 15, 'classifier__randomforestclassifier_1__max_features': 'sqrt', 'classifier__randomforestclassifier_1__max_leaf_nodes': 2, 'classifier__randomforestclassifier_1__max_samples': np.float64(0.8777020446065951), 'classifier__randomforestclassifier_1__min_impurity_decrease': np.float64(0.07984910041807827), 'classifier__randomforestclassifier_1__min_samples_leaf': 7, 'classifier__randomforestclassifier_1__min_samples_split': 7, 'classifier__randomforestclassifier_1__n_estimators': 817, 'classifier__xgbclassifier_2__colsample_bytree': np.float64(0.7292571568861201), 'classifier__xgbclassifier_2__gamma': np.float64(2.1075517275945828), 'classifier__xgbclassifier_2__learning_rate': np.float64(0.18546080909330623), 'classifier__xgbclassifier_2__max_delta_step': 4, 'classifier__xgbclassifier_2__max_depth': 6, 'classifier__xgbclassifier_2__min_child_weight': 9, 'classifier__xgbclassifier_2__n_estimators': 619, 'classifier__xgbclassifier_2__reg_alpha': np.float64(0.0003669261560499641), 'classifier__xgbclassifier_2__reg_lambda': np.float64(0.032948196361417305), 'classifier__xgbclassifier_2__scale_pos_weight': np.float64(2.185971497924762), 'classifier__xgbclassifier_2__subsample': np.float64(0.7125615286098278), 'feature_selection_filter__k': 'all'}",273.51142263412476,"[0, 1, 2, 3, 4, 5, 6, 7, 8, 9, 10, 11, 12, 13, 14, 15, 16, 17, 18, 19, 20, 21, 22, 23, 24, 25, 26, 27, 28, 29, 30]","['Amount_log1p', 'V1', 'V2', 'V3', 'V4', 'V5', 'V6', 'V7', 'V8', 'V9', 'V10', 'V11', 'V12', 'V13', 'V14', 'V15', 'V16', 'V17', 'V18', 'V19', 'V20', 'V21', 'V22', 'V23', 'V24', 'V25', 'V26', 'V27', 'V28', 'Time_sin', 'Time_cos']"
CostSensitiveLearning___RandomizedSearchCV__niter_30__cv_5,6,4,StackingClassifier,resubstitution,426,21963,171,0,0.9924202127659575,0.7135678391959799,1.0,0.8328445747800587,0.9922743290864733,0.0077256709135267165,0.9961371645432366,0.9961296748347944,0.841460069697829,0.8290775515151901,0.9998923013094378,0.9902817646005442,22560,0.8409086362862869,0.04765652751476277,0.7601810133391889,0.027104325432625316,"{'classifier__extratreesclassifier_0__ccp_alpha': np.float64(0.007901760787631457), 'classifier__extratreesclassifier_0__max_depth': 6, 'classifier__extratreesclassifier_0__max_features': 'sqrt', 'classifier__extratreesclassifier_0__max_leaf_nodes': 6, 'classifier__extratreesclassifier_0__min_impurity_decrease': np.float64(0.06339063620668632), 'classifier__extratreesclassifier_0__min_samples_leaf': 2, 'classifier__extratreesclassifier_0__min_samples_split': 8, 'classifier__extratreesclassifier_0__n_estimators': 261, 'classifier__randomforestclassifier_1__ccp_alpha': np.float64(0.007747853307548783), 'classifier__randomforestclassifier_1__max_depth': 5, 'classifier__randomforestclassifier_1__max_features': 'sqrt', 'classifier__randomforestclassifier_1__max_leaf_nodes': 11, 'classifier__randomforestclassifier_1__max_samples': np.float64(0.651650474865579), 'classifier__randomforestclassifier_1__min_impurity_decrease': np.float64(0.08524726987984899), 'classifier__randomforestclassifier_1__min_samples_leaf': 8, 'classifier__randomforestclassifier_1__min_samples_split': 6, 'classifier__randomforestclassifier_1__n_estimators': 302, 'classifier__xgbclassifier_2__colsample_bytree': np.float64(0.9837534142319888), 'classifier__xgbclassifier_2__gamma': np.float64(1.5816845008764395), 'classifier__xgbclassifier_2__learning_rate': np.float64(0.17026303760684552), 'classifier__xgbclassifier_2__max_delta_step': 0, 'classifier__xgbclassifier_2__max_depth': 9, 'classifier__xgbclassifier_2__min_child_weight': 8, 'classifier__xgbclassifier_2__n_estimators': 449, 'classifier__xgbclassifier_2__reg_alpha': np.float64(0.012825299798625869), 'classifier__xgbclassifier_2__reg_lambda': np.float64(0.010031303939019907), 'classifier__xgbclassifier_2__scale_pos_weight': np.float64(13.853650645576552), 'classifier__xgbclassifier_2__subsample': np.float64(0.9239766876562112), 'feature_selection_filter__k': 20}",236.33597683906555,"[1, 2, 3, 4, 5, 6, 7, 8, 9, 10, 11, 12, 14, 16, 17, 18, 19, 20, 21, 27]","['V1', 'V2', 'V3', 'V4', 'V5', 'V6', 'V7', 'V8', 'V9', 'V10', 'V11', 'V12', 'V14', 'V16', 'V17', 'V18', 'V19', 'V20', 'V21', 'V27']"
CostSensitiveLearning___RandomizedSearchCV__niter_30__cv_5,6,5,StackingClassifier,resubstitution,423,21933,202,2,0.9909574468085106,0.6768,0.9952941176470588,0.8057142857142857,0.9908741811610572,0.009125818838942812,0.993084149404058,0.9930816904152177,0.8169141860103613,0.8012570848672633,0.9997742196946545,0.9886229466693076,22560,0.8006054749238543,0.03452272603551693,0.7218002106819812,0.05035946197084401,"{'classifier__extratreesclassifier_0__ccp_alpha': np.float64(0.0014051372977702693), 'classifier__extratreesclassifier_0__max_depth': 9, 'classifier__extratreesclassifier_0__max_features': 'sqrt', 'classifier__extratreesclassifier_0__max_leaf_nodes': 8, 'classifier__extratreesclassifier_0__min_impurity_decrease': np.float64(0.04525734007445073), 'classifier__extratreesclassifier_0__min_samples_leaf': 3, 'classifier__extratreesclassifier_0__min_samples_split': 5, 'classifier__extratreesclassifier_0__n_estimators': 502, 'classifier__randomforestclassifier_1__ccp_alpha': np.float64(0.0021876776705937228), 'classifier__randomforestclassifier_1__max_depth': 3, 'classifier__randomforestclassifier_1__max_features': 'log2', 'classifier__randomforestclassifier_1__max_leaf_nodes': 3, 'classifier__randomforestclassifier_1__max_samples': np.float64(0.8305614861597644), 'classifier__randomforestclassifier_1__min_impurity_decrease': np.float64(0.07731755205154418), 'classifier__randomforestclassifier_1__min_samples_leaf': 5, 'classifier__randomforestclassifier_1__min_samples_split': 7, 'classifier__randomforestclassifier_1__n_estimators': 977, 'classifier__xgbclassifier_2__colsample_bytree': np.float64(0.7924127489881756), 'classifier__xgbclassifier_2__gamma': np.float64(4.950260956738997), 'classifier__xgbclassifier_2__learning_rate': np.float64(0.12669436903237868), 'classifier__xgbclassifier_2__max_delta_step': 8, 'classifier__xgbclassifier_2__max_depth': 5, 'classifier__xgbclassifier_2__min_child_weight': 5, 'classifier__xgbclassifier_2__n_estimators': 506, 'classifier__xgbclassifier_2__reg_alpha': np.float64(0.0003824689117327642), 'classifier__xgbclassifier_2__reg_lambda': np.float64(0.000627521468371202), 'classifier__xgbclassifier_2__scale_pos_weight': np.float64(3.05535427770299), 'classifier__xgbclassifier_2__subsample': np.float64(0.6657973587285614), 'feature_selection_filter__k': 'all'}",281.60950899124146,"[0, 1, 2, 3, 4, 5, 6, 7, 8, 9, 10, 11, 12, 13, 14, 15, 16, 17, 18, 19, 20, 21, 22, 23, 24, 25, 26, 27, 28, 29, 30]","['Amount_log1p', 'V1', 'V2', 'V3', 'V4', 'V5', 'V6', 'V7', 'V8', 'V9', 'V10', 'V11', 'V12', 'V13', 'V14', 'V15', 'V16', 'V17', 'V18', 'V19', 'V20', 'V21', 'V22', 'V23', 'V24', 'V25', 'V26', 'V27', 'V28', 'Time_sin', 'Time_cos']"
CostSensitiveLearning___RandomizedSearchCV__niter_30__cv_5,6,6,StackingClassifier,resubstitution,425,21954,181,0,0.99197695035461,0.7013201320132013,1.0,0.8244422890397672,0.9918229049017393,0.0081770950982607,0.9959114524508696,0.9959030599921557,0.8340176080871463,0.8204663506308845,0.9998465034082303,0.9892401771294795,22560,0.843067919351868,0.018101202544701413,0.7667222080488777,0.028094308692462457,"{'classifier__extratreesclassifier_0__ccp_alpha': np.float64(0.006517086339538775), 'classifier__extratreesclassifier_0__max_depth': 15, 'classifier__extratreesclassifier_0__max_features': 'log2', 'classifier__extratreesclassifier_0__max_leaf_nodes': 3, 'classifier__extratreesclassifier_0__min_impurity_decrease': np.float64(0.07065922345789916), 'classifier__extratreesclassifier_0__min_samples_leaf': 6, 'classifier__extratreesclassifier_0__min_samples_split': 8, 'classifier__extratreesclassifier_0__n_estimators': 383, 'classifier__randomforestclassifier_1__ccp_alpha': np.float64(0.0011159745706303026), 'classifier__randomforestclassifier_1__max_depth': 10, 'classifier__randomforestclassifier_1__max_features': 'log2', 'classifier__randomforestclassifier_1__max_leaf_nodes': 2, 'classifier__randomforestclassifier_1__max_samples': np.float64(0.5736152117740436), 'classifier__randomforestclassifier_1__min_impurity_decrease': np.float64(0.0652674375463989), 'classifier__randomforestclassifier_1__min_samples_leaf': 2, 'classifier__randomforestclassifier_1__min_samples_split': 4, 'classifier__randomforestclassifier_1__n_estimators': 586, 'classifier__xgbclassifier_2__colsample_bytree': np.float64(0.8011244465127612), 'classifier__xgbclassifier_2__gamma': np.float64(2.8785562308358195), 'classifier__xgbclassifier_2__learning_rate': np.float64(0.03261598294134721), 'classifier__xgbclassifier_2__max_delta_step': 5, 'classifier__xgbclassifier_2__max_depth': 7, 'classifier__xgbclassifier_2__min_child_weight': 5, 'classifier__xgbclassifier_2__n_estimators': 414, 'classifier__xgbclassifier_2__reg_alpha': np.float64(0.022472541984966222), 'classifier__xgbclassifier_2__reg_lambda': np.float64(0.00041399800054147594), 'classifier__xgbclassifier_2__scale_pos_weight': np.float64(2.792180952711622), 'classifier__xgbclassifier_2__subsample': np.float64(0.6248142095570441), 'feature_selection_filter__k': 28}",318.84083366394043,"[0, 1, 2, 3, 4, 5, 6, 7, 8, 9, 10, 11, 12, 14, 16, 17, 18, 19, 20, 21, 22, 23, 24, 26, 27, 28, 29, 30]","['Amount_log1p', 'V1', 'V2', 'V3', 'V4', 'V5', 'V6', 'V7', 'V8', 'V9', 'V10', 'V11', 'V12', 'V14', 'V16', 'V17', 'V18', 'V19', 'V20', 'V21', 'V22', 'V23', 'V24', 'V26', 'V27', 'V28', 'Time_sin', 'Time_cos']"
CostSensitiveLearning___RandomizedSearchCV__niter_30__cv_5,6,7,StackingClassifier,resubstitution,422,21917,218,3,0.9902039007092198,0.659375,0.9929411764705882,0.7924882629107981,0.9901513440252993,0.009848655974700748,0.9915462602479437,0.9915452790570962,0.8050416656099026,0.7876809866112493,0.9993867577299724,0.9798364888549879,22560,0.7843892854357191,0.03301240180584375,0.7064617153978856,0.024550843808195052,"{'classifier__extratreesclassifier_0__ccp_alpha': np.float64(0.008851491081605824), 'classifier__extratreesclassifier_0__max_depth': 14, 'classifier__extratreesclassifier_0__max_features': 'log2', 'classifier__extratreesclassifier_0__max_leaf_nodes': 15, 'classifier__extratreesclassifier_0__min_impurity_decrease': np.float64(0.04344158949834605), 'classifier__extratreesclassifier_0__min_samples_leaf': 5, 'classifier__extratreesclassifier_0__min_samples_split': 6, 'classifier__extratreesclassifier_0__n_estimators': 138, 'classifier__randomforestclassifier_1__ccp_alpha': np.float64(0.004748131768338599), 'classifier__randomforestclassifier_1__max_depth': 10, 'classifier__randomforestclassifier_1__max_features': 'log2', 'classifier__randomforestclassifier_1__max_leaf_nodes': 8, 'classifier__randomforestclassifier_1__max_samples': np.float64(0.8914924951050505), 'classifier__randomforestclassifier_1__min_impurity_decrease': np.float64(0.07558124607426797), 'classifier__randomforestclassifier_1__min_samples_leaf': 8, 'classifier__randomforestclassifier_1__min_samples_split': 3, 'classifier__randomforestclassifier_1__n_estimators': 111, 'classifier__xgbclassifier_2__colsample_bytree': np.float64(0.6597480905003826), 'classifier__xgbclassifier_2__gamma': np.float64(4.7368044141520915), 'classifier__xgbclassifier_2__learning_rate': np.float64(0.059394091454102044), 'classifier__xgbclassifier_2__max_delta_step': 3, 'classifier__xgbclassifier_2__max_depth': 9, 'classifier__xgbclassifier_2__min_child_weight': 4, 'classifier__xgbclassifier_2__n_estimators': 757, 'classifier__xgbclassifier_2__reg_alpha': np.float64(3.893768065778917), 'classifier__xgbclassifier_2__reg_lambda': np.float64(0.00028983765503594924), 'classifier__xgbclassifier_2__scale_pos_weight': np.float64(3.7129949277637375), 'classifier__xgbclassifier_2__subsample': np.float64(0.9889162559108974), 'feature_selection_filter__k': 28}",214.1037561893463,"[0, 1, 2, 3, 4, 5, 6, 7, 8, 9, 10, 11, 12, 14, 16, 17, 18, 19, 20, 21, 22, 23, 24, 26, 27, 28, 29, 30]","['Amount_log1p', 'V1', 'V2', 'V3', 'V4', 'V5', 'V6', 'V7', 'V8', 'V9', 'V10', 'V11', 'V12', 'V14', 'V16', 'V17', 'V18', 'V19', 'V20', 'V21', 'V22', 'V23', 'V24', 'V26', 'V27', 'V28', 'Time_sin', 'Time_cos']"
CostSensitiveLearning___RandomizedSearchCV__niter_30__cv_5,6,8,StackingClassifier,resubstitution,426,21941,194,0,0.9914010903771996,0.6870967741935484,1.0,0.8145315487571702,0.991235599728936,0.008764400271063955,0.995617799864468,0.9956081557163622,0.8252725507609951,0.8102849318911378,0.9998943741509367,0.9931734261289922,22561,0.8319856217645913,0.017379660753636623,0.7353879502640438,0.02770271418019651,"{'classifier__extratreesclassifier_0__ccp_alpha': np.float64(0.008954279212401264), 'classifier__extratreesclassifier_0__max_depth': 18, 'classifier__extratreesclassifier_0__max_features': 'log2', 'classifier__extratreesclassifier_0__max_leaf_nodes': 4, 'classifier__extratreesclassifier_0__min_impurity_decrease': np.float64(0.07584260439714545), 'classifier__extratreesclassifier_0__min_samples_leaf': 8, 'classifier__extratreesclassifier_0__min_samples_split': 3, 'classifier__extratreesclassifier_0__n_estimators': 265, 'classifier__randomforestclassifier_1__ccp_alpha': np.float64(0.006632472689035072), 'classifier__randomforestclassifier_1__max_depth': 16, 'classifier__randomforestclassifier_1__max_features': 'log2', 'classifier__randomforestclassifier_1__max_leaf_nodes': 2, 'classifier__randomforestclassifier_1__max_samples': np.float64(0.8014991884511167), 'classifier__randomforestclassifier_1__min_impurity_decrease': np.float64(0.09828952993713597), 'classifier__randomforestclassifier_1__min_samples_leaf': 3, 'classifier__randomforestclassifier_1__min_samples_split': 8, 'classifier__randomforestclassifier_1__n_estimators': 972, 'classifier__xgbclassifier_2__colsample_bytree': np.float64(0.8389991209001366), 'classifier__xgbclassifier_2__gamma': np.float64(2.7920625406480597), 'classifier__xgbclassifier_2__learning_rate': np.float64(0.11996077220582245), 'classifier__xgbclassifier_2__max_delta_step': 2, 'classifier__xgbclassifier_2__max_depth': 3, 'classifier__xgbclassifier_2__min_child_weight': 8, 'classifier__xgbclassifier_2__n_estimators': 498, 'classifier__xgbclassifier_2__reg_alpha': np.float64(0.005761655150736751), 'classifier__xgbclassifier_2__reg_lambda': np.float64(0.0004487903960004588), 'classifier__xgbclassifier_2__scale_pos_weight': np.float64(3.45044081806354), 'classifier__xgbclassifier_2__subsample': np.float64(0.6516561780747213), 'feature_selection_filter__k': 28}",302.13911151885986,"[0, 1, 2, 3, 4, 5, 6, 7, 8, 9, 10, 11, 12, 14, 16, 17, 18, 19, 20, 21, 23, 24, 25, 26, 27, 28, 29, 30]","['Amount_log1p', 'V1', 'V2', 'V3', 'V4', 'V5', 'V6', 'V7', 'V8', 'V9', 'V10', 'V11', 'V12', 'V14', 'V16', 'V17', 'V18', 'V19', 'V20', 'V21', 'V23', 'V24', 'V25', 'V26', 'V27', 'V28', 'Time_sin', 'Time_cos']"
CostSensitiveLearning___RandomizedSearchCV__niter_30__cv_5,6,9,StackingClassifier,resubstitution,426,21978,157,0,0.9930410886042286,0.7307032590051458,1.0,0.844400396432111,0.9929071606053761,0.0070928393946239066,0.996453580302688,0.9964472693551707,0.8517749104921405,0.8409294458388887,0.9998434701272919,0.9862137582103012,22561,0.834155249427168,0.015335375049680973,0.758537839457803,0.03609988243364222,"{'classifier__extratreesclassifier_0__ccp_alpha': np.float64(5.688507352573424e-05), 'classifier__extratreesclassifier_0__max_depth': 12, 'classifier__extratreesclassifier_0__max_features': 'sqrt', 'classifier__extratreesclassifier_0__max_leaf_nodes': 4, 'classifier__extratreesclassifier_0__min_impurity_decrease': np.float64(0.058138896226021176), 'classifier__extratreesclassifier_0__min_samples_leaf': 9, 'classifier__extratreesclassifier_0__min_samples_split': 8, 'classifier__extratreesclassifier_0__n_estimators': 469, 'classifier__randomforestclassifier_1__ccp_alpha': np.float64(0.00440464946493085), 'classifier__randomforestclassifier_1__max_depth': 18, 'classifier__randomforestclassifier_1__max_features': 'log2', 'classifier__randomforestclassifier_1__max_leaf_nodes': 15, 'classifier__randomforestclassifier_1__max_samples': np.float64(0.8561646253768302), 'classifier__randomforestclassifier_1__min_impurity_decrease': np.float64(0.09809208570123115), 'classifier__randomforestclassifier_1__min_samples_leaf': 9, 'classifier__randomforestclassifier_1__min_samples_split': 4, 'classifier__randomforestclassifier_1__n_estimators': 537, 'classifier__xgbclassifier_2__colsample_bytree': np.float64(0.7524293618705913), 'classifier__xgbclassifier_2__gamma': np.float64(2.6463289090424658), 'classifier__xgbclassifier_2__learning_rate': np.float64(0.1757622284949713), 'classifier__xgbclassifier_2__max_delta_step': 1, 'classifier__xgbclassifier_2__max_depth': 8, 'classifier__xgbclassifier_2__min_child_weight': 5, 'classifier__xgbclassifier_2__n_estimators': 688, 'classifier__xgbclassifier_2__reg_alpha': np.float64(0.0011223618296324217), 'classifier__xgbclassifier_2__reg_lambda': np.float64(0.052896189882936866), 'classifier__xgbclassifier_2__scale_pos_weight': np.float64(17.266342305185816), 'classifier__xgbclassifier_2__subsample': np.float64(0.7002780916553584), 'feature_selection_filter__k': 28}",311.6343672275543,"[0, 1, 2, 3, 4, 5, 6, 7, 8, 9, 10, 11, 12, 13, 14, 16, 17, 18, 19, 20, 21, 22, 24, 25, 27, 28, 29, 30]","['Amount_log1p', 'V1', 'V2', 'V3', 'V4', 'V5', 'V6', 'V7', 'V8', 'V9', 'V10', 'V11', 'V12', 'V13', 'V14', 'V16', 'V17', 'V18', 'V19', 'V20', 'V21', 'V22', 'V24', 'V25', 'V27', 'V28', 'Time_sin', 'Time_cos']"
CostSensitiveLearning___RandomizedSearchCV__niter_30__cv_5,6,10,StackingClassifier,resubstitution,426,21999,136,0,0.9939718984087584,0.7580071174377224,1.0,0.8623481781376519,0.9938558843460583,0.006144115653941684,0.9969279421730292,0.9969232088511423,0.8679572766223427,0.8593263242910465,0.9998444245777351,0.9849274640209664,22561,0.8669900305301091,0.04387224385673943,0.7773446430207326,0.029837684889583327,"{'classifier__extratreesclassifier_0__ccp_alpha': np.float64(0.004123905636723606), 'classifier__extratreesclassifier_0__max_depth': 16, 'classifier__extratreesclassifier_0__max_features': 'log2', 'classifier__extratreesclassifier_0__max_leaf_nodes': 6, 'classifier__extratreesclassifier_0__min_impurity_decrease': np.float64(0.09605481561073036), 'classifier__extratreesclassifier_0__min_samples_leaf': 5, 'classifier__extratreesclassifier_0__min_samples_split': 5, 'classifier__extratreesclassifier_0__n_estimators': 911, 'classifier__randomforestclassifier_1__ccp_alpha': np.float64(0.0035143426451322325), 'classifier__randomforestclassifier_1__max_depth': 7, 'classifier__randomforestclassifier_1__max_features': 'sqrt', 'classifier__randomforestclassifier_1__max_leaf_nodes': 6, 'classifier__randomforestclassifier_1__max_samples': np.float64(0.8701596310764179), 'classifier__randomforestclassifier_1__min_impurity_decrease': np.float64(0.08298279746512419), 'classifier__randomforestclassifier_1__min_samples_leaf': 2, 'classifier__randomforestclassifier_1__min_samples_split': 9, 'classifier__randomforestclassifier_1__n_estimators': 658, 'classifier__xgbclassifier_2__colsample_bytree': np.float64(0.66978693377514), 'classifier__xgbclassifier_2__gamma': np.float64(1.827636913350736), 'classifier__xgbclassifier_2__learning_rate': np.float64(0.01790892005908043), 'classifier__xgbclassifier_2__max_delta_step': 0, 'classifier__xgbclassifier_2__max_depth': 5, 'classifier__xgbclassifier_2__min_child_weight': 3, 'classifier__xgbclassifier_2__n_estimators': 687, 'classifier__xgbclassifier_2__reg_alpha': np.float64(0.11079206883444673), 'classifier__xgbclassifier_2__reg_lambda': np.float64(0.0007638075888945679), 'classifier__xgbclassifier_2__scale_pos_weight': np.float64(16.13914031515626), 'classifier__xgbclassifier_2__subsample': np.float64(0.7233326978675646), 'feature_selection_filter__k': 20}",289.0479574203491,"[1, 2, 3, 4, 5, 6, 7, 8, 9, 10, 11, 12, 14, 16, 17, 18, 19, 20, 21, 27]","['V1', 'V2', 'V3', 'V4', 'V5', 'V6', 'V7', 'V8', 'V9', 'V10', 'V11', 'V12', 'V14', 'V16', 'V17', 'V18', 'V19', 'V20', 'V21', 'V27']"
CostSensitiveLearning___RandomizedSearchCV__niter_30__cv_5,7,1,StackingClassifier,resubstitution,426,21963,171,0,0.9924202127659575,0.7135678391959799,1.0,0.8328445747800587,0.9922743290864733,0.0077256709135267165,0.9961371645432366,0.9961296748347944,0.841460069697829,0.8290775515151901,0.9998207673194978,0.9831588402260012,22560,0.8175760128455355,0.03213881749809621,0.7367208191429307,0.02260496887812714,"{'classifier__extratreesclassifier_0__ccp_alpha': np.float64(0.008057856289057646), 'classifier__extratreesclassifier_0__max_depth': 15, 'classifier__extratreesclassifier_0__max_features': 'log2', 'classifier__extratreesclassifier_0__max_leaf_nodes': 15, 'classifier__extratreesclassifier_0__min_impurity_decrease': np.float64(0.03480665419985803), 'classifier__extratreesclassifier_0__min_samples_leaf': 7, 'classifier__extratreesclassifier_0__min_samples_split': 5, 'classifier__extratreesclassifier_0__n_estimators': 470, 'classifier__randomforestclassifier_1__ccp_alpha': np.float64(0.009515575048638137), 'classifier__randomforestclassifier_1__max_depth': 12, 'classifier__randomforestclassifier_1__max_features': 'sqrt', 'classifier__randomforestclassifier_1__max_leaf_nodes': 6, 'classifier__randomforestclassifier_1__max_samples': np.float64(0.88007352094181), 'classifier__randomforestclassifier_1__min_impurity_decrease': np.float64(0.09185799047362905), 'classifier__randomforestclassifier_1__min_samples_leaf': 1, 'classifier__randomforestclassifier_1__min_samples_split': 6, 'classifier__randomforestclassifier_1__n_estimators': 650, 'classifier__xgbclassifier_2__colsample_bytree': np.float64(0.7890936956778786), 'classifier__xgbclassifier_2__gamma': np.float64(4.03356808308344), 'classifier__xgbclassifier_2__learning_rate': np.float64(0.036285892829026035), 'classifier__xgbclassifier_2__max_delta_step': 8, 'classifier__xgbclassifier_2__max_depth': 9, 'classifier__xgbclassifier_2__min_child_weight': 9, 'classifier__xgbclassifier_2__n_estimators': 578, 'classifier__xgbclassifier_2__reg_alpha': np.float64(7.614202009187024), 'classifier__xgbclassifier_2__reg_lambda': np.float64(0.04901000822962769), 'classifier__xgbclassifier_2__scale_pos_weight': np.float64(33.10996149514824), 'classifier__xgbclassifier_2__subsample': np.float64(0.6724746954824357), 'feature_selection_filter__k': 28}",279.2500219345093,"[0, 1, 2, 3, 4, 5, 6, 7, 8, 9, 10, 11, 12, 13, 14, 16, 17, 18, 19, 20, 21, 22, 23, 24, 27, 28, 29, 30]","['Amount_log1p', 'V1', 'V2', 'V3', 'V4', 'V5', 'V6', 'V7', 'V8', 'V9', 'V10', 'V11', 'V12', 'V13', 'V14', 'V16', 'V17', 'V18', 'V19', 'V20', 'V21', 'V22', 'V23', 'V24', 'V27', 'V28', 'Time_sin', 'Time_cos']"
CostSensitiveLearning___RandomizedSearchCV__niter_30__cv_5,7,2,StackingClassifier,resubstitution,426,21952,182,0,0.9919326241134752,0.7006578947368421,1.0,0.8239845261121856,0.9917773561037319,0.008222643896268145,0.9958886780518659,0.9958801916414102,0.8336046031394693,0.8199870367096812,0.9998207673194978,0.9811668942371875,22560,0.8120713041388269,0.028856050515812106,0.7268397492612615,0.031366200589249243,"{'classifier__extratreesclassifier_0__ccp_alpha': np.float64(0.004321112056009026), 'classifier__extratreesclassifier_0__max_depth': 9, 'classifier__extratreesclassifier_0__max_features': 'log2', 'classifier__extratreesclassifier_0__max_leaf_nodes': 14, 'classifier__extratreesclassifier_0__min_impurity_decrease': np.float64(0.0459353745644712), 'classifier__extratreesclassifier_0__min_samples_leaf': 8, 'classifier__extratreesclassifier_0__min_samples_split': 6, 'classifier__extratreesclassifier_0__n_estimators': 963, 'classifier__randomforestclassifier_1__ccp_alpha': np.float64(0.003071202514971392), 'classifier__randomforestclassifier_1__max_depth': 9, 'classifier__randomforestclassifier_1__max_features': 'log2', 'classifier__randomforestclassifier_1__max_leaf_nodes': 3, 'classifier__randomforestclassifier_1__max_samples': np.float64(0.8791557329409476), 'classifier__randomforestclassifier_1__min_impurity_decrease': np.float64(0.0677544430493336), 'classifier__randomforestclassifier_1__min_samples_leaf': 2, 'classifier__randomforestclassifier_1__min_samples_split': 5, 'classifier__randomforestclassifier_1__n_estimators': 472, 'classifier__xgbclassifier_2__colsample_bytree': np.float64(0.8601306766509491), 'classifier__xgbclassifier_2__gamma': np.float64(4.630802100023624), 'classifier__xgbclassifier_2__learning_rate': np.float64(0.023454114831375474), 'classifier__xgbclassifier_2__max_delta_step': 3, 'classifier__xgbclassifier_2__max_depth': 8, 'classifier__xgbclassifier_2__min_child_weight': 4, 'classifier__xgbclassifier_2__n_estimators': 752, 'classifier__xgbclassifier_2__reg_alpha': np.float64(0.00201893078554596), 'classifier__xgbclassifier_2__reg_lambda': np.float64(0.011924547844212194), 'classifier__xgbclassifier_2__scale_pos_weight': np.float64(41.23782168632686), 'classifier__xgbclassifier_2__subsample': np.float64(0.7468069336930774), 'feature_selection_filter__k': 'all'}",251.860009431839,"[0, 1, 2, 3, 4, 5, 6, 7, 8, 9, 10, 11, 12, 13, 14, 15, 16, 17, 18, 19, 20, 21, 22, 23, 24, 25, 26, 27, 28, 29, 30]","['Amount_log1p', 'V1', 'V2', 'V3', 'V4', 'V5', 'V6', 'V7', 'V8', 'V9', 'V10', 'V11', 'V12', 'V13', 'V14', 'V15', 'V16', 'V17', 'V18', 'V19', 'V20', 'V21', 'V22', 'V23', 'V24', 'V25', 'V26', 'V27', 'V28', 'Time_sin', 'Time_cos']"
CostSensitiveLearning___RandomizedSearchCV__niter_30__cv_5,7,3,StackingClassifier,resubstitution,423,22038,96,3,0.9956117021276596,0.815028901734104,0.9929577464788732,0.8952380952380953,0.9956627812415288,0.004337218758471151,0.994310263860201,0.9943093439742361,0.8975632244151924,0.8930191734334396,0.9997714518186496,0.9882704412039662,22560,0.8848496000522308,0.021347748144876666,0.8141170171278681,0.0235740633377388,"{'classifier__extratreesclassifier_0__ccp_alpha': np.float64(0.002273685871644342), 'classifier__extratreesclassifier_0__max_depth': 3, 'classifier__extratreesclassifier_0__max_features': 'log2', 'classifier__extratreesclassifier_0__max_leaf_nodes': 2, 'classifier__extratreesclassifier_0__min_impurity_decrease': np.float64(0.08612087519709508), 'classifier__extratreesclassifier_0__min_samples_leaf': 7, 'classifier__extratreesclassifier_0__min_samples_split': 3, 'classifier__extratreesclassifier_0__n_estimators': 657, 'classifier__randomforestclassifier_1__ccp_alpha': np.float64(0.007660769990190171), 'classifier__randomforestclassifier_1__max_depth': 18, 'classifier__randomforestclassifier_1__max_features': 'sqrt', 'classifier__randomforestclassifier_1__max_leaf_nodes': 5, 'classifier__randomforestclassifier_1__max_samples': np.float64(0.6870380251364399), 'classifier__randomforestclassifier_1__min_impurity_decrease': np.float64(0.08441959109916898), 'classifier__randomforestclassifier_1__min_samples_leaf': 8, 'classifier__randomforestclassifier_1__min_samples_split': 6, 'classifier__randomforestclassifier_1__n_estimators': 868, 'classifier__xgbclassifier_2__colsample_bytree': np.float64(0.8249694463198294), 'classifier__xgbclassifier_2__gamma': np.float64(2.4334054495892037), 'classifier__xgbclassifier_2__learning_rate': np.float64(0.014165037211712717), 'classifier__xgbclassifier_2__max_delta_step': 3, 'classifier__xgbclassifier_2__max_depth': 6, 'classifier__xgbclassifier_2__min_child_weight': 5, 'classifier__xgbclassifier_2__n_estimators': 474, 'classifier__xgbclassifier_2__reg_alpha': np.float64(0.007643599068606786), 'classifier__xgbclassifier_2__reg_lambda': np.float64(0.0026162458994480773), 'classifier__xgbclassifier_2__scale_pos_weight': np.float64(2.338155483858256), 'classifier__xgbclassifier_2__subsample': np.float64(0.7170923217385358), 'feature_selection_filter__k': 'all'}",238.64699983596802,"[0, 1, 2, 3, 4, 5, 6, 7, 8, 9, 10, 11, 12, 13, 14, 15, 16, 17, 18, 19, 20, 21, 22, 23, 24, 25, 26, 27, 28, 29, 30]","['Amount_log1p', 'V1', 'V2', 'V3', 'V4', 'V5', 'V6', 'V7', 'V8', 'V9', 'V10', 'V11', 'V12', 'V13', 'V14', 'V15', 'V16', 'V17', 'V18', 'V19', 'V20', 'V21', 'V22', 'V23', 'V24', 'V25', 'V26', 'V27', 'V28', 'Time_sin', 'Time_cos']"
CostSensitiveLearning___RandomizedSearchCV__niter_30__cv_5,7,4,StackingClassifier,resubstitution,424,21927,207,2,0.9907358156028369,0.6719492868462758,0.9953051643192489,0.8022705771050141,0.9906478720520466,0.00935212794795337,0.9929765181856478,0.9929737877080526,0.8138922025401255,0.7977098981187308,0.999683108136485,0.9852938899534907,22560,0.8057683311687885,0.042116032260843914,0.7443749659765405,0.04147058233271279,"{'classifier__extratreesclassifier_0__ccp_alpha': np.float64(0.004570055462298519), 'classifier__extratreesclassifier_0__max_depth': 3, 'classifier__extratreesclassifier_0__max_features': 'log2', 'classifier__extratreesclassifier_0__max_leaf_nodes': 4, 'classifier__extratreesclassifier_0__min_impurity_decrease': np.float64(0.05082285566305153), 'classifier__extratreesclassifier_0__min_samples_leaf': 5, 'classifier__extratreesclassifier_0__min_samples_split': 9, 'classifier__extratreesclassifier_0__n_estimators': 458, 'classifier__randomforestclassifier_1__ccp_alpha': np.float64(0.0056794729847984395), 'classifier__randomforestclassifier_1__max_depth': 19, 'classifier__randomforestclassifier_1__max_features': 'sqrt', 'classifier__randomforestclassifier_1__max_leaf_nodes': 19, 'classifier__randomforestclassifier_1__max_samples': np.float64(0.5766932392520755), 'classifier__randomforestclassifier_1__min_impurity_decrease': np.float64(0.03956016225924568), 'classifier__randomforestclassifier_1__min_samples_leaf': 8, 'classifier__randomforestclassifier_1__min_samples_split': 3, 'classifier__randomforestclassifier_1__n_estimators': 102, 'classifier__xgbclassifier_2__colsample_bytree': np.float64(0.8261309151273857), 'classifier__xgbclassifier_2__gamma': np.float64(3.5692935990085513), 'classifier__xgbclassifier_2__learning_rate': np.float64(0.012172438333088962), 'classifier__xgbclassifier_2__max_delta_step': 2, 'classifier__xgbclassifier_2__max_depth': 7, 'classifier__xgbclassifier_2__min_child_weight': 8, 'classifier__xgbclassifier_2__n_estimators': 551, 'classifier__xgbclassifier_2__reg_alpha': np.float64(0.5134175296576408), 'classifier__xgbclassifier_2__reg_lambda': np.float64(0.0003538433966974398), 'classifier__xgbclassifier_2__scale_pos_weight': np.float64(4.535167610511769), 'classifier__xgbclassifier_2__subsample': np.float64(0.6908083570141449), 'feature_selection_filter__k': 26}",283.50874519348145,"[0, 1, 2, 3, 4, 5, 6, 7, 8, 9, 10, 11, 12, 14, 16, 17, 18, 19, 20, 21, 23, 24, 26, 27, 28, 29]","['Amount_log1p', 'V1', 'V2', 'V3', 'V4', 'V5', 'V6', 'V7', 'V8', 'V9', 'V10', 'V11', 'V12', 'V14', 'V16', 'V17', 'V18', 'V19', 'V20', 'V21', 'V23', 'V24', 'V26', 'V27', 'V28', 'Time_sin']"
CostSensitiveLearning___RandomizedSearchCV__niter_30__cv_5,7,5,StackingClassifier,resubstitution,425,21956,179,0,0.9920656028368794,0.7036423841059603,1.0,0.826044703595724,0.991913259543709,0.008086740456290986,0.9959566297718545,0.9959484221302372,0.8354353420652311,0.8221105474511076,0.9998594719568423,0.9880145087260719,22560,0.825497434145601,0.029308685303946345,0.7489069988079888,0.04528696386205764,"{'classifier__extratreesclassifier_0__ccp_alpha': np.float64(0.006513273869947225), 'classifier__extratreesclassifier_0__max_depth': 18, 'classifier__extratreesclassifier_0__max_features': 'log2', 'classifier__extratreesclassifier_0__max_leaf_nodes': 16, 'classifier__extratreesclassifier_0__min_impurity_decrease': np.float64(0.07214089311924825), 'classifier__extratreesclassifier_0__min_samples_leaf': 6, 'classifier__extratreesclassifier_0__min_samples_split': 5, 'classifier__extratreesclassifier_0__n_estimators': 933, 'classifier__randomforestclassifier_1__ccp_alpha': np.float64(0.006043492039328424), 'classifier__randomforestclassifier_1__max_depth': 7, 'classifier__randomforestclassifier_1__max_features': 'log2', 'classifier__randomforestclassifier_1__max_leaf_nodes': 9, 'classifier__randomforestclassifier_1__max_samples': np.float64(0.8613664676148263), 'classifier__randomforestclassifier_1__min_impurity_decrease': np.float64(0.06827827877661748), 'classifier__randomforestclassifier_1__min_samples_leaf': 9, 'classifier__randomforestclassifier_1__min_samples_split': 6, 'classifier__randomforestclassifier_1__n_estimators': 998, 'classifier__xgbclassifier_2__colsample_bytree': np.float64(0.6715514700257166), 'classifier__xgbclassifier_2__gamma': np.float64(0.22904637197817546), 'classifier__xgbclassifier_2__learning_rate': np.float64(0.06563812843086701), 'classifier__xgbclassifier_2__max_delta_step': 3, 'classifier__xgbclassifier_2__max_depth': 7, 'classifier__xgbclassifier_2__min_child_weight': 5, 'classifier__xgbclassifier_2__n_estimators': 524, 'classifier__xgbclassifier_2__reg_alpha': np.float64(8.101736180639856), 'classifier__xgbclassifier_2__reg_lambda': np.float64(1.7233931155973503), 'classifier__xgbclassifier_2__scale_pos_weight': np.float64(48.138502492447124), 'classifier__xgbclassifier_2__subsample': np.float64(0.8481078476672332), 'feature_selection_filter__k': 'all'}",361.22030758857727,"[0, 1, 2, 3, 4, 5, 6, 7, 8, 9, 10, 11, 12, 13, 14, 15, 16, 17, 18, 19, 20, 21, 22, 23, 24, 25, 26, 27, 28, 29, 30]","['Amount_log1p', 'V1', 'V2', 'V3', 'V4', 'V5', 'V6', 'V7', 'V8', 'V9', 'V10', 'V11', 'V12', 'V13', 'V14', 'V15', 'V16', 'V17', 'V18', 'V19', 'V20', 'V21', 'V22', 'V23', 'V24', 'V25', 'V26', 'V27', 'V28', 'Time_sin', 'Time_cos']"
CostSensitiveLearning___RandomizedSearchCV__niter_30__cv_5,7,6,StackingClassifier,resubstitution,425,21991,144,0,0.9936170212765958,0.7469244288224957,1.0,0.8551307847082495,0.9934944657781793,0.0065055342218206524,0.9967472328890896,0.9967419253639226,0.8614321136280426,0.8519374011838117,0.999840125433503,0.984966868369641,22560,0.8516582867733785,0.028913405865487796,0.7684284264310441,0.021984769068467015,"{'classifier__extratreesclassifier_0__ccp_alpha': np.float64(0.004321750761794841), 'classifier__extratreesclassifier_0__max_depth': 14, 'classifier__extratreesclassifier_0__max_features': 'log2', 'classifier__extratreesclassifier_0__max_leaf_nodes': 11, 'classifier__extratreesclassifier_0__min_impurity_decrease': np.float64(0.04155808780113928), 'classifier__extratreesclassifier_0__min_samples_leaf': 8, 'classifier__extratreesclassifier_0__min_samples_split': 8, 'classifier__extratreesclassifier_0__n_estimators': 805, 'classifier__randomforestclassifier_1__ccp_alpha': np.float64(0.00470997516674897), 'classifier__randomforestclassifier_1__max_depth': 12, 'classifier__randomforestclassifier_1__max_features': 'sqrt', 'classifier__randomforestclassifier_1__max_leaf_nodes': 16, 'classifier__randomforestclassifier_1__max_samples': np.float64(0.8576577553784257), 'classifier__randomforestclassifier_1__min_impurity_decrease': np.float64(0.09755915502556918), 'classifier__randomforestclassifier_1__min_samples_leaf': 3, 'classifier__randomforestclassifier_1__min_samples_split': 6, 'classifier__randomforestclassifier_1__n_estimators': 151, 'classifier__xgbclassifier_2__colsample_bytree': np.float64(0.6295555548465931), 'classifier__xgbclassifier_2__gamma': np.float64(4.61380739889538), 'classifier__xgbclassifier_2__learning_rate': np.float64(0.0656349580347759), 'classifier__xgbclassifier_2__max_delta_step': 2, 'classifier__xgbclassifier_2__max_depth': 4, 'classifier__xgbclassifier_2__min_child_weight': 9, 'classifier__xgbclassifier_2__n_estimators': 693, 'classifier__xgbclassifier_2__reg_alpha': np.float64(0.006023864360439651), 'classifier__xgbclassifier_2__reg_lambda': np.float64(0.3538292483102463), 'classifier__xgbclassifier_2__scale_pos_weight': np.float64(18.178717792420468), 'classifier__xgbclassifier_2__subsample': np.float64(0.8080764681517079), 'feature_selection_filter__k': 'all'}",235.57528567314148,"[0, 1, 2, 3, 4, 5, 6, 7, 8, 9, 10, 11, 12, 13, 14, 15, 16, 17, 18, 19, 20, 21, 22, 23, 24, 25, 26, 27, 28, 29, 30]","['Amount_log1p', 'V1', 'V2', 'V3', 'V4', 'V5', 'V6', 'V7', 'V8', 'V9', 'V10', 'V11', 'V12', 'V13', 'V14', 'V15', 'V16', 'V17', 'V18', 'V19', 'V20', 'V21', 'V22', 'V23', 'V24', 'V25', 'V26', 'V27', 'V28', 'Time_sin', 'Time_cos']"
CostSensitiveLearning___RandomizedSearchCV__niter_30__cv_5,7,7,StackingClassifier,resubstitution,425,21971,164,0,0.9927304964539007,0.7215619694397284,1.0,0.8382642998027613,0.9925909193584821,0.007409080641517907,0.996295459679241,0.9962885723315721,0.8462953731530717,0.8346454264745908,0.9998282198806787,0.9838079579606781,22560,0.8199428513156851,0.019389370921000352,0.7381786861383184,0.046097852180043544,"{'classifier__extratreesclassifier_0__ccp_alpha': np.float64(0.005667388562488444), 'classifier__extratreesclassifier_0__max_depth': 4, 'classifier__extratreesclassifier_0__max_features': 'sqrt', 'classifier__extratreesclassifier_0__max_leaf_nodes': 19, 'classifier__extratreesclassifier_0__min_impurity_decrease': np.float64(0.05265435972712782), 'classifier__extratreesclassifier_0__min_samples_leaf': 5, 'classifier__extratreesclassifier_0__min_samples_split': 6, 'classifier__extratreesclassifier_0__n_estimators': 229, 'classifier__randomforestclassifier_1__ccp_alpha': np.float64(0.0027740967032908073), 'classifier__randomforestclassifier_1__max_depth': 3, 'classifier__randomforestclassifier_1__max_features': 'log2', 'classifier__randomforestclassifier_1__max_leaf_nodes': 5, 'classifier__randomforestclassifier_1__max_samples': np.float64(0.8472018923922551), 'classifier__randomforestclassifier_1__min_impurity_decrease': np.float64(0.0715769353963261), 'classifier__randomforestclassifier_1__min_samples_leaf': 9, 'classifier__randomforestclassifier_1__min_samples_split': 2, 'classifier__randomforestclassifier_1__n_estimators': 818, 'classifier__xgbclassifier_2__colsample_bytree': np.float64(0.8541787334638042), 'classifier__xgbclassifier_2__gamma': np.float64(3.0465928707656627), 'classifier__xgbclassifier_2__learning_rate': np.float64(0.04622668761422755), 'classifier__xgbclassifier_2__max_delta_step': 8, 'classifier__xgbclassifier_2__max_depth': 6, 'classifier__xgbclassifier_2__min_child_weight': 7, 'classifier__xgbclassifier_2__n_estimators': 314, 'classifier__xgbclassifier_2__reg_alpha': np.float64(0.000304080418134012), 'classifier__xgbclassifier_2__reg_lambda': np.float64(1.0624859070575547), 'classifier__xgbclassifier_2__scale_pos_weight': np.float64(18.749630935031746), 'classifier__xgbclassifier_2__subsample': np.float64(0.8933325782720363), 'feature_selection_filter__k': 'all'}",300.90119338035583,"[0, 1, 2, 3, 4, 5, 6, 7, 8, 9, 10, 11, 12, 13, 14, 15, 16, 17, 18, 19, 20, 21, 22, 23, 24, 25, 26, 27, 28, 29, 30]","['Amount_log1p', 'V1', 'V2', 'V3', 'V4', 'V5', 'V6', 'V7', 'V8', 'V9', 'V10', 'V11', 'V12', 'V13', 'V14', 'V15', 'V16', 'V17', 'V18', 'V19', 'V20', 'V21', 'V22', 'V23', 'V24', 'V25', 'V26', 'V27', 'V28', 'Time_sin', 'Time_cos']"
CostSensitiveLearning___RandomizedSearchCV__niter_30__cv_5,7,8,StackingClassifier,resubstitution,426,21969,166,0,0.9926421701165729,0.7195945945945946,1.0,0.8369351669941061,0.9925005647165123,0.007499435283487732,0.9962502823582562,0.9962432256816165,0.8451023852185514,0.8332736640817312,0.9998307441213806,0.9837644331926568,22561,0.8572482659808627,0.025147255675843964,0.784164959157667,0.036270359632478946,"{'classifier__extratreesclassifier_0__ccp_alpha': np.float64(0.004514798354652324), 'classifier__extratreesclassifier_0__max_depth': 11, 'classifier__extratreesclassifier_0__max_features': 'sqrt', 'classifier__extratreesclassifier_0__max_leaf_nodes': 10, 'classifier__extratreesclassifier_0__min_impurity_decrease': np.float64(0.03285527231718116), 'classifier__extratreesclassifier_0__min_samples_leaf': 9, 'classifier__extratreesclassifier_0__min_samples_split': 8, 'classifier__extratreesclassifier_0__n_estimators': 864, 'classifier__randomforestclassifier_1__ccp_alpha': np.float64(0.0015376743824489214), 'classifier__randomforestclassifier_1__max_depth': 15, 'classifier__randomforestclassifier_1__max_features': 'sqrt', 'classifier__randomforestclassifier_1__max_leaf_nodes': 2, 'classifier__randomforestclassifier_1__max_samples': np.float64(0.6539425048631274), 'classifier__randomforestclassifier_1__min_impurity_decrease': np.float64(0.09313268052673629), 'classifier__randomforestclassifier_1__min_samples_leaf': 9, 'classifier__randomforestclassifier_1__min_samples_split': 9, 'classifier__randomforestclassifier_1__n_estimators': 160, 'classifier__xgbclassifier_2__colsample_bytree': np.float64(0.6780710232197601), 'classifier__xgbclassifier_2__gamma': np.float64(4.594626606415347), 'classifier__xgbclassifier_2__learning_rate': np.float64(0.04129378361225485), 'classifier__xgbclassifier_2__max_delta_step': 7, 'classifier__xgbclassifier_2__max_depth': 4, 'classifier__xgbclassifier_2__min_child_weight': 4, 'classifier__xgbclassifier_2__n_estimators': 323, 'classifier__xgbclassifier_2__reg_alpha': np.float64(0.5270630960093501), 'classifier__xgbclassifier_2__reg_lambda': np.float64(0.06619462891530957), 'classifier__xgbclassifier_2__scale_pos_weight': np.float64(13.098193153421542), 'classifier__xgbclassifier_2__subsample': np.float64(0.8097599483408945), 'feature_selection_filter__k': 22}",227.84239387512207,"[0, 1, 2, 3, 4, 5, 6, 7, 8, 9, 10, 11, 12, 14, 16, 17, 18, 19, 20, 21, 27, 29]","['Amount_log1p', 'V1', 'V2', 'V3', 'V4', 'V5', 'V6', 'V7', 'V8', 'V9', 'V10', 'V11', 'V12', 'V14', 'V16', 'V17', 'V18', 'V19', 'V20', 'V21', 'V27', 'Time_sin']"
CostSensitiveLearning___RandomizedSearchCV__niter_30__cv_5,7,9,StackingClassifier,resubstitution,426,21954,181,0,0.9919773059704801,0.7018121911037891,1.0,0.8247821878025169,0.9918229049017393,0.0081770950982607,0.9959114524508696,0.9959030599921557,0.8343101378240676,0.8208057547301912,0.9998395462754693,0.9859334794381555,22561,0.8310313046165992,0.0264694975379498,0.7447741425600801,0.03522156349670698,"{'classifier__extratreesclassifier_0__ccp_alpha': np.float64(0.007772570369887749), 'classifier__extratreesclassifier_0__max_depth': 6, 'classifier__extratreesclassifier_0__max_features': 'log2', 'classifier__extratreesclassifier_0__max_leaf_nodes': 2, 'classifier__extratreesclassifier_0__min_impurity_decrease': np.float64(0.028140793418690326), 'classifier__extratreesclassifier_0__min_samples_leaf': 3, 'classifier__extratreesclassifier_0__min_samples_split': 9, 'classifier__extratreesclassifier_0__n_estimators': 634, 'classifier__randomforestclassifier_1__ccp_alpha': np.float64(0.002782287058259532), 'classifier__randomforestclassifier_1__max_depth': 14, 'classifier__randomforestclassifier_1__max_features': 'log2', 'classifier__randomforestclassifier_1__max_leaf_nodes': 10, 'classifier__randomforestclassifier_1__max_samples': np.float64(0.5428254438295884), 'classifier__randomforestclassifier_1__min_impurity_decrease': np.float64(0.09098440089815406), 'classifier__randomforestclassifier_1__min_samples_leaf': 7, 'classifier__randomforestclassifier_1__min_samples_split': 6, 'classifier__randomforestclassifier_1__n_estimators': 383, 'classifier__xgbclassifier_2__colsample_bytree': np.float64(0.6980725169666738), 'classifier__xgbclassifier_2__gamma': np.float64(2.558041881460744), 'classifier__xgbclassifier_2__learning_rate': np.float64(0.05495825734801895), 'classifier__xgbclassifier_2__max_delta_step': 0, 'classifier__xgbclassifier_2__max_depth': 8, 'classifier__xgbclassifier_2__min_child_weight': 6, 'classifier__xgbclassifier_2__n_estimators': 328, 'classifier__xgbclassifier_2__reg_alpha': np.float64(0.001015392823353069), 'classifier__xgbclassifier_2__reg_lambda': np.float64(0.7263217080897372), 'classifier__xgbclassifier_2__scale_pos_weight': np.float64(32.53407011396229), 'classifier__xgbclassifier_2__subsample': np.float64(0.6596025828073865), 'feature_selection_filter__k': 'all'}",281.59786009788513,"[0, 1, 2, 3, 4, 5, 6, 7, 8, 9, 10, 11, 12, 13, 14, 15, 16, 17, 18, 19, 20, 21, 22, 23, 24, 25, 26, 27, 28, 29, 30]","['Amount_log1p', 'V1', 'V2', 'V3', 'V4', 'V5', 'V6', 'V7', 'V8', 'V9', 'V10', 'V11', 'V12', 'V13', 'V14', 'V15', 'V16', 'V17', 'V18', 'V19', 'V20', 'V21', 'V22', 'V23', 'V24', 'V25', 'V26', 'V27', 'V28', 'Time_sin', 'Time_cos']"
CostSensitiveLearning___RandomizedSearchCV__niter_30__cv_5,7,10,StackingClassifier,resubstitution,426,21961,174,0,0.9922875759053233,0.71,1.0,0.8304093567251462,0.9921391461486334,0.00786085385136659,0.9960695730743168,0.9960618184373063,0.8392966065495139,0.8265794725359428,0.9998328651223658,0.9847388743532397,22561,0.8318006043842766,0.021579863930906017,0.7370905940410475,0.02813894149145262,"{'classifier__extratreesclassifier_0__ccp_alpha': np.float64(0.00595925935844524), 'classifier__extratreesclassifier_0__max_depth': 17, 'classifier__extratreesclassifier_0__max_features': 'sqrt', 'classifier__extratreesclassifier_0__max_leaf_nodes': 14, 'classifier__extratreesclassifier_0__min_impurity_decrease': np.float64(0.021519883726425926), 'classifier__extratreesclassifier_0__min_samples_leaf': 2, 'classifier__extratreesclassifier_0__min_samples_split': 7, 'classifier__extratreesclassifier_0__n_estimators': 606, 'classifier__randomforestclassifier_1__ccp_alpha': np.float64(0.007243958643198412), 'classifier__randomforestclassifier_1__max_depth': 12, 'classifier__randomforestclassifier_1__max_features': 'sqrt', 'classifier__randomforestclassifier_1__max_leaf_nodes': 9, 'classifier__randomforestclassifier_1__max_samples': np.float64(0.8636548168130751), 'classifier__randomforestclassifier_1__min_impurity_decrease': np.float64(0.07665093140915924), 'classifier__randomforestclassifier_1__min_samples_leaf': 9, 'classifier__randomforestclassifier_1__min_samples_split': 2, 'classifier__randomforestclassifier_1__n_estimators': 327, 'classifier__xgbclassifier_2__colsample_bytree': np.float64(0.7012600748562048), 'classifier__xgbclassifier_2__gamma': np.float64(1.108360212096653), 'classifier__xgbclassifier_2__learning_rate': np.float64(0.01515722339904981), 'classifier__xgbclassifier_2__max_delta_step': 0, 'classifier__xgbclassifier_2__max_depth': 8, 'classifier__xgbclassifier_2__min_child_weight': 5, 'classifier__xgbclassifier_2__n_estimators': 595, 'classifier__xgbclassifier_2__reg_alpha': np.float64(0.10967559953875845), 'classifier__xgbclassifier_2__reg_lambda': np.float64(6.145493806032994), 'classifier__xgbclassifier_2__scale_pos_weight': np.float64(44.303000214135984), 'classifier__xgbclassifier_2__subsample': np.float64(0.9348817868477666), 'feature_selection_filter__k': 'all'}",280.5519211292267,"[0, 1, 2, 3, 4, 5, 6, 7, 8, 9, 10, 11, 12, 13, 14, 15, 16, 17, 18, 19, 20, 21, 22, 23, 24, 25, 26, 27, 28, 29, 30]","['Amount_log1p', 'V1', 'V2', 'V3', 'V4', 'V5', 'V6', 'V7', 'V8', 'V9', 'V10', 'V11', 'V12', 'V13', 'V14', 'V15', 'V16', 'V17', 'V18', 'V19', 'V20', 'V21', 'V22', 'V23', 'V24', 'V25', 'V26', 'V27', 'V28', 'Time_sin', 'Time_cos']"
CostSensitiveLearning___RandomizedSearchCV__niter_30__cv_5,8,1,StackingClassifier,resubstitution,426,21978,156,0,0.9930851063829788,0.7319587628865979,1.0,0.8452380952380952,0.9929520195174845,0.007047980482515537,0.9964760097587422,0.9964697785269178,0.8525256194459888,0.8417882331616783,0.9998974449692037,0.9906955120826847,22560,0.8434587064312185,0.051077687464598794,0.7569656715635202,0.051996199084244216,"{'classifier__extratreesclassifier_0__ccp_alpha': np.float64(0.005144190357267318), 'classifier__extratreesclassifier_0__max_depth': 10, 'classifier__extratreesclassifier_0__max_features': 'log2', 'classifier__extratreesclassifier_0__max_leaf_nodes': 12, 'classifier__extratreesclassifier_0__min_impurity_decrease': np.float64(0.05508881413186989), 'classifier__extratreesclassifier_0__min_samples_leaf': 7, 'classifier__extratreesclassifier_0__min_samples_split': 7, 'classifier__extratreesclassifier_0__n_estimators': 378, 'classifier__randomforestclassifier_1__ccp_alpha': np.float64(0.0066919732626905095), 'classifier__randomforestclassifier_1__max_depth': 8, 'classifier__randomforestclassifier_1__max_features': 'log2', 'classifier__randomforestclassifier_1__max_leaf_nodes': 17, 'classifier__randomforestclassifier_1__max_samples': np.float64(0.7940366241573682), 'classifier__randomforestclassifier_1__min_impurity_decrease': np.float64(0.07850508675891582), 'classifier__randomforestclassifier_1__min_samples_leaf': 2, 'classifier__randomforestclassifier_1__min_samples_split': 2, 'classifier__randomforestclassifier_1__n_estimators': 116, 'classifier__xgbclassifier_2__colsample_bytree': np.float64(0.9280807680406818), 'classifier__xgbclassifier_2__gamma': np.float64(1.45140491436483), 'classifier__xgbclassifier_2__learning_rate': np.float64(0.05011840000384562), 'classifier__xgbclassifier_2__max_delta_step': 2, 'classifier__xgbclassifier_2__max_depth': 5, 'classifier__xgbclassifier_2__min_child_weight': 4, 'classifier__xgbclassifier_2__n_estimators': 781, 'classifier__xgbclassifier_2__reg_alpha': np.float64(0.23243109949342486), 'classifier__xgbclassifier_2__reg_lambda': np.float64(0.7693951243107875), 'classifier__xgbclassifier_2__scale_pos_weight': np.float64(10.303778609133126), 'classifier__xgbclassifier_2__subsample': np.float64(0.9735863907446244), 'feature_selection_filter__k': 20}",265.64432740211487,"[1, 2, 3, 4, 5, 6, 7, 8, 9, 10, 11, 12, 14, 16, 17, 18, 19, 20, 21, 27]","['V1', 'V2', 'V3', 'V4', 'V5', 'V6', 'V7', 'V8', 'V9', 'V10', 'V11', 'V12', 'V14', 'V16', 'V17', 'V18', 'V19', 'V20', 'V21', 'V27']"
CostSensitiveLearning___RandomizedSearchCV__niter_30__cv_5,8,2,StackingClassifier,resubstitution,426,21962,172,0,0.9923758865248227,0.7123745819397993,1.0,0.83203125,0.9922291497244059,0.007770850275594099,0.9961145748622029,0.9961069971265165,0.8407370728851001,0.8282432003195476,0.9998850365528613,0.9880012332185462,22560,0.836518924303217,0.04367236216898366,0.7600997379902046,0.023323968886397112,"{'classifier__extratreesclassifier_0__ccp_alpha': np.float64(0.0017587606910683218), 'classifier__extratreesclassifier_0__max_depth': 12, 'classifier__extratreesclassifier_0__max_features': 'log2', 'classifier__extratreesclassifier_0__max_leaf_nodes': 12, 'classifier__extratreesclassifier_0__min_impurity_decrease': np.float64(0.04340409226084562), 'classifier__extratreesclassifier_0__min_samples_leaf': 9, 'classifier__extratreesclassifier_0__min_samples_split': 7, 'classifier__extratreesclassifier_0__n_estimators': 667, 'classifier__randomforestclassifier_1__ccp_alpha': np.float64(0.006591949887703813), 'classifier__randomforestclassifier_1__max_depth': 17, 'classifier__randomforestclassifier_1__max_features': 'sqrt', 'classifier__randomforestclassifier_1__max_leaf_nodes': 2, 'classifier__randomforestclassifier_1__max_samples': np.float64(0.5957219289509313), 'classifier__randomforestclassifier_1__min_impurity_decrease': np.float64(0.0005482574956083398), 'classifier__randomforestclassifier_1__min_samples_leaf': 6, 'classifier__randomforestclassifier_1__min_samples_split': 6, 'classifier__randomforestclassifier_1__n_estimators': 111, 'classifier__xgbclassifier_2__colsample_bytree': np.float64(0.876708458002302), 'classifier__xgbclassifier_2__gamma': np.float64(3.4276823883297913), 'classifier__xgbclassifier_2__learning_rate': np.float64(0.09787462447137685), 'classifier__xgbclassifier_2__max_delta_step': 4, 'classifier__xgbclassifier_2__max_depth': 6, 'classifier__xgbclassifier_2__min_child_weight': 3, 'classifier__xgbclassifier_2__n_estimators': 220, 'classifier__xgbclassifier_2__reg_alpha': np.float64(0.4690305191882151), 'classifier__xgbclassifier_2__reg_lambda': np.float64(0.0005951996164736208), 'classifier__xgbclassifier_2__scale_pos_weight': np.float64(6.493520670868752), 'classifier__xgbclassifier_2__subsample': np.float64(0.6257633862423085), 'feature_selection_filter__k': 20}",269.9058082103729,"[1, 2, 3, 4, 5, 6, 7, 8, 9, 10, 11, 12, 14, 16, 17, 18, 19, 20, 21, 27]","['V1', 'V2', 'V3', 'V4', 'V5', 'V6', 'V7', 'V8', 'V9', 'V10', 'V11', 'V12', 'V14', 'V16', 'V17', 'V18', 'V19', 'V20', 'V21', 'V27']"
CostSensitiveLearning___RandomizedSearchCV__niter_30__cv_5,8,3,StackingClassifier,resubstitution,426,21985,149,0,0.993395390070922,0.7408695652173913,1.0,0.8511488511488512,0.9932682750519563,0.006731724948043749,0.9966341375259782,0.9966284538643055,0.8578357856151556,0.8478481088289052,0.9998267063905677,0.9830420616493433,22560,0.8536707767222712,0.012003863979322406,0.7599887005770993,0.02027632018568356,"{'classifier__extratreesclassifier_0__ccp_alpha': np.float64(0.008740574659003039), 'classifier__extratreesclassifier_0__max_depth': 7, 'classifier__extratreesclassifier_0__max_features': 'log2', 'classifier__extratreesclassifier_0__max_leaf_nodes': 9, 'classifier__extratreesclassifier_0__min_impurity_decrease': np.float64(0.0847200712888343), 'classifier__extratreesclassifier_0__min_samples_leaf': 1, 'classifier__extratreesclassifier_0__min_samples_split': 4, 'classifier__extratreesclassifier_0__n_estimators': 337, 'classifier__randomforestclassifier_1__ccp_alpha': np.float64(0.0014925513561034065), 'classifier__randomforestclassifier_1__max_depth': 12, 'classifier__randomforestclassifier_1__max_features': 'log2', 'classifier__randomforestclassifier_1__max_leaf_nodes': 2, 'classifier__randomforestclassifier_1__max_samples': np.float64(0.5322903017747502), 'classifier__randomforestclassifier_1__min_impurity_decrease': np.float64(0.015534798935009886), 'classifier__randomforestclassifier_1__min_samples_leaf': 8, 'classifier__randomforestclassifier_1__min_samples_split': 4, 'classifier__randomforestclassifier_1__n_estimators': 678, 'classifier__xgbclassifier_2__colsample_bytree': np.float64(0.8666732853255856), 'classifier__xgbclassifier_2__gamma': np.float64(2.3158866451826388), 'classifier__xgbclassifier_2__learning_rate': np.float64(0.015788438695769746), 'classifier__xgbclassifier_2__max_delta_step': 8, 'classifier__xgbclassifier_2__max_depth': 7, 'classifier__xgbclassifier_2__min_child_weight': 6, 'classifier__xgbclassifier_2__n_estimators': 456, 'classifier__xgbclassifier_2__reg_alpha': np.float64(0.3856074954951331), 'classifier__xgbclassifier_2__reg_lambda': np.float64(0.09946124092050021), 'classifier__xgbclassifier_2__scale_pos_weight': np.float64(5.878795764126526), 'classifier__xgbclassifier_2__subsample': np.float64(0.6216565789375283), 'feature_selection_filter__k': 'all'}",353.3647463321686,"[0, 1, 2, 3, 4, 5, 6, 7, 8, 9, 10, 11, 12, 13, 14, 15, 16, 17, 18, 19, 20, 21, 22, 23, 24, 25, 26, 27, 28, 29, 30]","['Amount_log1p', 'V1', 'V2', 'V3', 'V4', 'V5', 'V6', 'V7', 'V8', 'V9', 'V10', 'V11', 'V12', 'V13', 'V14', 'V15', 'V16', 'V17', 'V18', 'V19', 'V20', 'V21', 'V22', 'V23', 'V24', 'V25', 'V26', 'V27', 'V28', 'Time_sin', 'Time_cos']"
CostSensitiveLearning___RandomizedSearchCV__niter_30__cv_5,8,4,StackingClassifier,resubstitution,426,22000,134,0,0.9940602836879433,0.7607142857142857,1.0,0.8640973630831643,0.9939459654829674,0.006054034517032569,0.9969729827414837,0.9969683874040176,0.8695452231890941,0.8611184616741643,0.9998851426077019,0.9924120868982209,22560,0.8325289739583619,0.047291797005148004,0.7553046133257657,0.04876504588149327,"{'classifier__extratreesclassifier_0__ccp_alpha': np.float64(0.00022184476779683272), 'classifier__extratreesclassifier_0__max_depth': 13, 'classifier__extratreesclassifier_0__max_features': 'log2', 'classifier__extratreesclassifier_0__max_leaf_nodes': 16, 'classifier__extratreesclassifier_0__min_impurity_decrease': np.float64(0.09226708579474296), 'classifier__extratreesclassifier_0__min_samples_leaf': 6, 'classifier__extratreesclassifier_0__min_samples_split': 6, 'classifier__extratreesclassifier_0__n_estimators': 501, 'classifier__randomforestclassifier_1__ccp_alpha': np.float64(0.0054351032088977595), 'classifier__randomforestclassifier_1__max_depth': 7, 'classifier__randomforestclassifier_1__max_features': 'sqrt', 'classifier__randomforestclassifier_1__max_leaf_nodes': 3, 'classifier__randomforestclassifier_1__max_samples': np.float64(0.7916555502885604), 'classifier__randomforestclassifier_1__min_impurity_decrease': np.float64(0.08721963647271419), 'classifier__randomforestclassifier_1__min_samples_leaf': 4, 'classifier__randomforestclassifier_1__min_samples_split': 8, 'classifier__randomforestclassifier_1__n_estimators': 431, 'classifier__xgbclassifier_2__colsample_bytree': np.float64(0.9664631161890508), 'classifier__xgbclassifier_2__gamma': np.float64(3.0809644891371395), 'classifier__xgbclassifier_2__learning_rate': np.float64(0.031848930118754365), 'classifier__xgbclassifier_2__max_delta_step': 1, 'classifier__xgbclassifier_2__max_depth': 6, 'classifier__xgbclassifier_2__min_child_weight': 3, 'classifier__xgbclassifier_2__n_estimators': 682, 'classifier__xgbclassifier_2__reg_alpha': np.float64(2.146629478926896), 'classifier__xgbclassifier_2__reg_lambda': np.float64(0.08919604323435155), 'classifier__xgbclassifier_2__scale_pos_weight': np.float64(5.218610775477731), 'classifier__xgbclassifier_2__subsample': np.float64(0.6691173644000351), 'feature_selection_filter__k': 28}",284.2644808292389,"[0, 1, 2, 3, 4, 5, 6, 7, 8, 9, 10, 11, 12, 13, 14, 16, 17, 18, 19, 20, 21, 22, 23, 24, 26, 27, 28, 29]","['Amount_log1p', 'V1', 'V2', 'V3', 'V4', 'V5', 'V6', 'V7', 'V8', 'V9', 'V10', 'V11', 'V12', 'V13', 'V14', 'V16', 'V17', 'V18', 'V19', 'V20', 'V21', 'V22', 'V23', 'V24', 'V26', 'V27', 'V28', 'Time_sin']"
CostSensitiveLearning___RandomizedSearchCV__niter_30__cv_5,8,5,StackingClassifier,resubstitution,425,21926,209,0,0.9907358156028369,0.6703470031545742,1.0,0.8026440037771483,0.9905579399141631,0.009442060085836923,0.9952789699570815,0.9952677729707534,0.8148727179581041,0.7980895969277334,0.9998475664040181,0.9873807021154472,22560,0.8038978950193147,0.06340308970871608,0.7161213785370475,0.06399879768686552,"{'classifier__extratreesclassifier_0__ccp_alpha': np.float64(0.001557957771036088), 'classifier__extratreesclassifier_0__max_depth': 18, 'classifier__extratreesclassifier_0__max_features': 'log2', 'classifier__extratreesclassifier_0__max_leaf_nodes': 15, 'classifier__extratreesclassifier_0__min_impurity_decrease': np.float64(0.08299251789456522), 'classifier__extratreesclassifier_0__min_samples_leaf': 9, 'classifier__extratreesclassifier_0__min_samples_split': 7, 'classifier__extratreesclassifier_0__n_estimators': 317, 'classifier__randomforestclassifier_1__ccp_alpha': np.float64(0.0039382142683622055), 'classifier__randomforestclassifier_1__max_depth': 10, 'classifier__randomforestclassifier_1__max_features': 'log2', 'classifier__randomforestclassifier_1__max_leaf_nodes': 17, 'classifier__randomforestclassifier_1__max_samples': np.float64(0.6817037454980535), 'classifier__randomforestclassifier_1__min_impurity_decrease': np.float64(0.03518792981352561), 'classifier__randomforestclassifier_1__min_samples_leaf': 9, 'classifier__randomforestclassifier_1__min_samples_split': 8, 'classifier__randomforestclassifier_1__n_estimators': 215, 'classifier__xgbclassifier_2__colsample_bytree': np.float64(0.9981414587497613), 'classifier__xgbclassifier_2__gamma': np.float64(0.07566483137040447), 'classifier__xgbclassifier_2__learning_rate': np.float64(0.02355771263206716), 'classifier__xgbclassifier_2__max_delta_step': 5, 'classifier__xgbclassifier_2__max_depth': 6, 'classifier__xgbclassifier_2__min_child_weight': 9, 'classifier__xgbclassifier_2__n_estimators': 709, 'classifier__xgbclassifier_2__reg_alpha': np.float64(0.0995708867622022), 'classifier__xgbclassifier_2__reg_lambda': np.float64(0.0009039161074549119), 'classifier__xgbclassifier_2__scale_pos_weight': np.float64(25.773401903984016), 'classifier__xgbclassifier_2__subsample': np.float64(0.6243079050926165), 'feature_selection_filter__k': 'all'}",282.9586343765259,"[0, 1, 2, 3, 4, 5, 6, 7, 8, 9, 10, 11, 12, 13, 14, 15, 16, 17, 18, 19, 20, 21, 22, 23, 24, 25, 26, 27, 28, 29, 30]","['Amount_log1p', 'V1', 'V2', 'V3', 'V4', 'V5', 'V6', 'V7', 'V8', 'V9', 'V10', 'V11', 'V12', 'V13', 'V14', 'V15', 'V16', 'V17', 'V18', 'V19', 'V20', 'V21', 'V22', 'V23', 'V24', 'V25', 'V26', 'V27', 'V28', 'Time_sin', 'Time_cos']"
CostSensitiveLearning___RandomizedSearchCV__niter_30__cv_5,8,6,StackingClassifier,resubstitution,425,21996,139,0,0.9938386524822695,0.7535460992907801,1.0,0.8594539939332659,0.9937203523831036,0.006279647616896367,0.9968601761915519,0.9968552314067994,0.8653404505303952,0.8563678636011367,0.9998186529185877,0.9828976548472194,22560,0.8714393042986558,0.021824596367778996,0.779837489536766,0.022926072062555876,"{'classifier__extratreesclassifier_0__ccp_alpha': np.float64(0.0011378291700678423), 'classifier__extratreesclassifier_0__max_depth': 7, 'classifier__extratreesclassifier_0__max_features': 'sqrt', 'classifier__extratreesclassifier_0__max_leaf_nodes': 3, 'classifier__extratreesclassifier_0__min_impurity_decrease': np.float64(0.07288686741038282), 'classifier__extratreesclassifier_0__min_samples_leaf': 4, 'classifier__extratreesclassifier_0__min_samples_split': 2, 'classifier__extratreesclassifier_0__n_estimators': 676, 'classifier__randomforestclassifier_1__ccp_alpha': np.float64(0.0022447257107725362), 'classifier__randomforestclassifier_1__max_depth': 11, 'classifier__randomforestclassifier_1__max_features': 'log2', 'classifier__randomforestclassifier_1__max_leaf_nodes': 16, 'classifier__randomforestclassifier_1__max_samples': np.float64(0.6651575108029899), 'classifier__randomforestclassifier_1__min_impurity_decrease': np.float64(0.08146598743216614), 'classifier__randomforestclassifier_1__min_samples_leaf': 5, 'classifier__randomforestclassifier_1__min_samples_split': 6, 'classifier__randomforestclassifier_1__n_estimators': 939, 'classifier__xgbclassifier_2__colsample_bytree': np.float64(0.9443452081342899), 'classifier__xgbclassifier_2__gamma': np.float64(3.9945178122559577), 'classifier__xgbclassifier_2__learning_rate': np.float64(0.06289872740784777), 'classifier__xgbclassifier_2__max_delta_step': 7, 'classifier__xgbclassifier_2__max_depth': 9, 'classifier__xgbclassifier_2__min_child_weight': 8, 'classifier__xgbclassifier_2__n_estimators': 593, 'classifier__xgbclassifier_2__reg_alpha': np.float64(0.004703809308484125), 'classifier__xgbclassifier_2__reg_lambda': np.float64(0.011491337502335988), 'classifier__xgbclassifier_2__scale_pos_weight': np.float64(45.46561154317206), 'classifier__xgbclassifier_2__subsample': np.float64(0.8210808920212127), 'feature_selection_filter__k': 'all'}",294.09318566322327,"[0, 1, 2, 3, 4, 5, 6, 7, 8, 9, 10, 11, 12, 13, 14, 15, 16, 17, 18, 19, 20, 21, 22, 23, 24, 25, 26, 27, 28, 29, 30]","['Amount_log1p', 'V1', 'V2', 'V3', 'V4', 'V5', 'V6', 'V7', 'V8', 'V9', 'V10', 'V11', 'V12', 'V13', 'V14', 'V15', 'V16', 'V17', 'V18', 'V19', 'V20', 'V21', 'V22', 'V23', 'V24', 'V25', 'V26', 'V27', 'V28', 'Time_sin', 'Time_cos']"
CostSensitiveLearning___RandomizedSearchCV__niter_30__cv_5,8,7,StackingClassifier,resubstitution,425,21963,172,0,0.9923758865248227,0.711892797319933,1.0,0.8317025440313112,0.9922295007906031,0.007770499209396875,0.9961147503953016,0.996107173345621,0.8404528748842395,0.8279151017323706,0.9999403659363,0.9963948609307639,22560,0.8402261047770139,0.037538498599841444,0.766297059260911,0.039848704352197555,"{'classifier__extratreesclassifier_0__ccp_alpha': np.float64(0.0012905772933077242), 'classifier__extratreesclassifier_0__max_depth': 12, 'classifier__extratreesclassifier_0__max_features': 'sqrt', 'classifier__extratreesclassifier_0__max_leaf_nodes': 12, 'classifier__extratreesclassifier_0__min_impurity_decrease': np.float64(0.08307095513911038), 'classifier__extratreesclassifier_0__min_samples_leaf': 6, 'classifier__extratreesclassifier_0__min_samples_split': 9, 'classifier__extratreesclassifier_0__n_estimators': 518, 'classifier__randomforestclassifier_1__ccp_alpha': np.float64(0.0004252834470931688), 'classifier__randomforestclassifier_1__max_depth': 9, 'classifier__randomforestclassifier_1__max_features': 'sqrt', 'classifier__randomforestclassifier_1__max_leaf_nodes': 2, 'classifier__randomforestclassifier_1__max_samples': np.float64(0.8803916565150993), 'classifier__randomforestclassifier_1__min_impurity_decrease': np.float64(0.012397204067964141), 'classifier__randomforestclassifier_1__min_samples_leaf': 3, 'classifier__randomforestclassifier_1__min_samples_split': 6, 'classifier__randomforestclassifier_1__n_estimators': 317, 'classifier__xgbclassifier_2__colsample_bytree': np.float64(0.6950959371667217), 'classifier__xgbclassifier_2__gamma': np.float64(0.9623510863333912), 'classifier__xgbclassifier_2__learning_rate': np.float64(0.02286698097688456), 'classifier__xgbclassifier_2__max_delta_step': 2, 'classifier__xgbclassifier_2__max_depth': 7, 'classifier__xgbclassifier_2__min_child_weight': 3, 'classifier__xgbclassifier_2__n_estimators': 711, 'classifier__xgbclassifier_2__reg_alpha': np.float64(0.0002937561003812895), 'classifier__xgbclassifier_2__reg_lambda': np.float64(2.0175730726589767), 'classifier__xgbclassifier_2__scale_pos_weight': np.float64(7.078489640336968), 'classifier__xgbclassifier_2__subsample': np.float64(0.7742083316507182), 'feature_selection_filter__k': 'all'}",317.77210569381714,"[0, 1, 2, 3, 4, 5, 6, 7, 8, 9, 10, 11, 12, 13, 14, 15, 16, 17, 18, 19, 20, 21, 22, 23, 24, 25, 26, 27, 28, 29, 30]","['Amount_log1p', 'V1', 'V2', 'V3', 'V4', 'V5', 'V6', 'V7', 'V8', 'V9', 'V10', 'V11', 'V12', 'V13', 'V14', 'V15', 'V16', 'V17', 'V18', 'V19', 'V20', 'V21', 'V22', 'V23', 'V24', 'V25', 'V26', 'V27', 'V28', 'Time_sin', 'Time_cos']"
CostSensitiveLearning___RandomizedSearchCV__niter_30__cv_5,8,8,StackingClassifier,resubstitution,424,21966,169,2,0.9924205487345419,0.715008431703204,0.9953051643192489,0.8321884200196271,0.9923650327535577,0.0076349672464423035,0.9938350985364033,0.9938340112863197,0.8402991132079268,0.8284176116060439,0.9997221488709381,0.9810569878180507,22561,0.8185366433898287,0.030960527263307048,0.7472387903670336,0.027727816419835412,"{'classifier__extratreesclassifier_0__ccp_alpha': np.float64(0.006938035991612058), 'classifier__extratreesclassifier_0__max_depth': 4, 'classifier__extratreesclassifier_0__max_features': 'sqrt', 'classifier__extratreesclassifier_0__max_leaf_nodes': 12, 'classifier__extratreesclassifier_0__min_impurity_decrease': np.float64(0.03299815696525438), 'classifier__extratreesclassifier_0__min_samples_leaf': 9, 'classifier__extratreesclassifier_0__min_samples_split': 4, 'classifier__extratreesclassifier_0__n_estimators': 228, 'classifier__randomforestclassifier_1__ccp_alpha': np.float64(0.002558713923088465), 'classifier__randomforestclassifier_1__max_depth': 9, 'classifier__randomforestclassifier_1__max_features': 'sqrt', 'classifier__randomforestclassifier_1__max_leaf_nodes': 2, 'classifier__randomforestclassifier_1__max_samples': np.float64(0.6094310948087766), 'classifier__randomforestclassifier_1__min_impurity_decrease': np.float64(0.007179045509995419), 'classifier__randomforestclassifier_1__min_samples_leaf': 1, 'classifier__randomforestclassifier_1__min_samples_split': 8, 'classifier__randomforestclassifier_1__n_estimators': 258, 'classifier__xgbclassifier_2__colsample_bytree': np.float64(0.7098427831003609), 'classifier__xgbclassifier_2__gamma': np.float64(4.781103921687945), 'classifier__xgbclassifier_2__learning_rate': np.float64(0.0187348669474304), 'classifier__xgbclassifier_2__max_delta_step': 1, 'classifier__xgbclassifier_2__max_depth': 6, 'classifier__xgbclassifier_2__min_child_weight': 9, 'classifier__xgbclassifier_2__n_estimators': 763, 'classifier__xgbclassifier_2__reg_alpha': np.float64(0.7616938424657023), 'classifier__xgbclassifier_2__reg_lambda': np.float64(0.0007646938859532408), 'classifier__xgbclassifier_2__scale_pos_weight': np.float64(4.082981716019449), 'classifier__xgbclassifier_2__subsample': np.float64(0.6380812374045849), 'feature_selection_filter__k': 24}",280.3593981266022,"[0, 1, 2, 3, 4, 5, 6, 7, 8, 9, 10, 11, 12, 14, 16, 17, 18, 19, 20, 21, 23, 27, 28, 29]","['Amount_log1p', 'V1', 'V2', 'V3', 'V4', 'V5', 'V6', 'V7', 'V8', 'V9', 'V10', 'V11', 'V12', 'V14', 'V16', 'V17', 'V18', 'V19', 'V20', 'V21', 'V23', 'V27', 'V28', 'Time_sin']"
CostSensitiveLearning___RandomizedSearchCV__niter_30__cv_5,8,9,StackingClassifier,resubstitution,413,21948,187,13,0.9911351447187625,0.6883333333333334,0.9694835680751174,0.8050682261208577,0.9915518409758302,0.008448159024169843,0.9805177045254738,0.9804556169050689,0.812984510006974,0.8006660603861412,0.9966127614266277,0.9583549054487828,22561,0.7916900543641547,0.02562804826522734,0.7467261750793137,0.01318858844605212,"{'classifier__extratreesclassifier_0__ccp_alpha': np.float64(0.004730679419543646), 'classifier__extratreesclassifier_0__max_depth': 8, 'classifier__extratreesclassifier_0__max_features': 'log2', 'classifier__extratreesclassifier_0__max_leaf_nodes': 11, 'classifier__extratreesclassifier_0__min_impurity_decrease': np.float64(0.09533520267475325), 'classifier__extratreesclassifier_0__min_samples_leaf': 6, 'classifier__extratreesclassifier_0__min_samples_split': 8, 'classifier__extratreesclassifier_0__n_estimators': 177, 'classifier__randomforestclassifier_1__ccp_alpha': np.float64(0.00934293702180935), 'classifier__randomforestclassifier_1__max_depth': 10, 'classifier__randomforestclassifier_1__max_features': 'log2', 'classifier__randomforestclassifier_1__max_leaf_nodes': 2, 'classifier__randomforestclassifier_1__max_samples': np.float64(0.561431052739009), 'classifier__randomforestclassifier_1__min_impurity_decrease': np.float64(0.04034973878557011), 'classifier__randomforestclassifier_1__min_samples_leaf': 2, 'classifier__randomforestclassifier_1__min_samples_split': 3, 'classifier__randomforestclassifier_1__n_estimators': 461, 'classifier__xgbclassifier_2__colsample_bytree': np.float64(0.6632840602118555), 'classifier__xgbclassifier_2__gamma': np.float64(1.4547564742132046), 'classifier__xgbclassifier_2__learning_rate': np.float64(0.039292139121527826), 'classifier__xgbclassifier_2__max_delta_step': 0, 'classifier__xgbclassifier_2__max_depth': 8, 'classifier__xgbclassifier_2__min_child_weight': 7, 'classifier__xgbclassifier_2__n_estimators': 689, 'classifier__xgbclassifier_2__reg_alpha': np.float64(0.03044040233155196), 'classifier__xgbclassifier_2__reg_lambda': np.float64(7.8450116804601935), 'classifier__xgbclassifier_2__scale_pos_weight': np.float64(1.5889983633644464), 'classifier__xgbclassifier_2__subsample': np.float64(0.6209565292424356), 'feature_selection_filter__k': 20}",262.34000873565674,"[1, 2, 3, 4, 5, 6, 7, 8, 9, 10, 11, 12, 14, 16, 17, 18, 19, 20, 21, 27]","['V1', 'V2', 'V3', 'V4', 'V5', 'V6', 'V7', 'V8', 'V9', 'V10', 'V11', 'V12', 'V14', 'V16', 'V17', 'V18', 'V19', 'V20', 'V21', 'V27']"
CostSensitiveLearning___RandomizedSearchCV__niter_30__cv_5,8,10,StackingClassifier,resubstitution,426,21871,264,0,0.9882983910287665,0.6173913043478261,1.0,0.7634408602150538,0.9880731872599955,0.011926812740004511,0.9940365936299977,0.9940187056891814,0.7810427605922498,0.7577854198478124,0.9999202503629564,0.9952529771235781,22561,0.8050811395067885,0.0241904843637046,0.7184657736621282,0.014042001405354547,"{'classifier__extratreesclassifier_0__ccp_alpha': np.float64(0.005719007480842579), 'classifier__extratreesclassifier_0__max_depth': 5, 'classifier__extratreesclassifier_0__max_features': 'log2', 'classifier__extratreesclassifier_0__max_leaf_nodes': 13, 'classifier__extratreesclassifier_0__min_impurity_decrease': np.float64(0.026878650864547805), 'classifier__extratreesclassifier_0__min_samples_leaf': 1, 'classifier__extratreesclassifier_0__min_samples_split': 8, 'classifier__extratreesclassifier_0__n_estimators': 129, 'classifier__randomforestclassifier_1__ccp_alpha': np.float64(0.0037690872589693338), 'classifier__randomforestclassifier_1__max_depth': 11, 'classifier__randomforestclassifier_1__max_features': 'sqrt', 'classifier__randomforestclassifier_1__max_leaf_nodes': 2, 'classifier__randomforestclassifier_1__max_samples': np.float64(0.5550623196653844), 'classifier__randomforestclassifier_1__min_impurity_decrease': np.float64(0.01278382956902221), 'classifier__randomforestclassifier_1__min_samples_leaf': 3, 'classifier__randomforestclassifier_1__min_samples_split': 4, 'classifier__randomforestclassifier_1__n_estimators': 942, 'classifier__xgbclassifier_2__colsample_bytree': np.float64(0.6229395075886895), 'classifier__xgbclassifier_2__gamma': np.float64(0.2621379853267636), 'classifier__xgbclassifier_2__learning_rate': np.float64(0.1351134836395882), 'classifier__xgbclassifier_2__max_delta_step': 3, 'classifier__xgbclassifier_2__max_depth': 6, 'classifier__xgbclassifier_2__min_child_weight': 7, 'classifier__xgbclassifier_2__n_estimators': 650, 'classifier__xgbclassifier_2__reg_alpha': np.float64(0.0008645269481956526), 'classifier__xgbclassifier_2__reg_lambda': np.float64(5.894860125409515), 'classifier__xgbclassifier_2__scale_pos_weight': np.float64(28.551734268175018), 'classifier__xgbclassifier_2__subsample': np.float64(0.8399804734424409), 'feature_selection_filter__k': 28}",349.60969519615173,"[0, 1, 2, 3, 4, 5, 6, 7, 8, 9, 10, 11, 12, 13, 14, 16, 17, 18, 19, 20, 21, 23, 24, 26, 27, 28, 29, 30]","['Amount_log1p', 'V1', 'V2', 'V3', 'V4', 'V5', 'V6', 'V7', 'V8', 'V9', 'V10', 'V11', 'V12', 'V13', 'V14', 'V16', 'V17', 'V18', 'V19', 'V20', 'V21', 'V23', 'V24', 'V26', 'V27', 'V28', 'Time_sin', 'Time_cos']"
CostSensitiveLearning___RandomizedSearchCV__niter_30__cv_5,9,1,StackingClassifier,resubstitution,426,21969,165,0,0.992686170212766,0.7208121827411168,1.0,0.8377581120943953,0.9925454052588778,0.0074545947411222,0.9962727026294389,0.9962657302441341,0.8458361661895984,0.8341175583516355,0.9998487657973988,0.9878941208056606,22560,0.8493566447772729,0.017144076069241343,0.7565396939847607,0.016667539542604214,"{'classifier__extratreesclassifier_0__ccp_alpha': np.float64(0.0034418396044946175), 'classifier__extratreesclassifier_0__max_depth': 14, 'classifier__extratreesclassifier_0__max_features': 'sqrt', 'classifier__extratreesclassifier_0__max_leaf_nodes': 7, 'classifier__extratreesclassifier_0__min_impurity_decrease': np.float64(0.02560306246339843), 'classifier__extratreesclassifier_0__min_samples_leaf': 5, 'classifier__extratreesclassifier_0__min_samples_split': 7, 'classifier__extratreesclassifier_0__n_estimators': 294, 'classifier__randomforestclassifier_1__ccp_alpha': np.float64(0.00265612096558409), 'classifier__randomforestclassifier_1__max_depth': 19, 'classifier__randomforestclassifier_1__max_features': 'sqrt', 'classifier__randomforestclassifier_1__max_leaf_nodes': 2, 'classifier__randomforestclassifier_1__max_samples': np.float64(0.7498886849544983), 'classifier__randomforestclassifier_1__min_impurity_decrease': np.float64(0.0028220377812645525), 'classifier__randomforestclassifier_1__min_samples_leaf': 1, 'classifier__randomforestclassifier_1__min_samples_split': 4, 'classifier__randomforestclassifier_1__n_estimators': 950, 'classifier__xgbclassifier_2__colsample_bytree': np.float64(0.9751227379325538), 'classifier__xgbclassifier_2__gamma': np.float64(2.4710109786568744), 'classifier__xgbclassifier_2__learning_rate': np.float64(0.01050380704673718), 'classifier__xgbclassifier_2__max_delta_step': 7, 'classifier__xgbclassifier_2__max_depth': 8, 'classifier__xgbclassifier_2__min_child_weight': 8, 'classifier__xgbclassifier_2__n_estimators': 774, 'classifier__xgbclassifier_2__reg_alpha': np.float64(1.125929102257267), 'classifier__xgbclassifier_2__reg_lambda': np.float64(4.731651917565075), 'classifier__xgbclassifier_2__scale_pos_weight': np.float64(15.871946452309187), 'classifier__xgbclassifier_2__subsample': np.float64(0.6145736071430419), 'feature_selection_filter__k': 'all'}",273.46612000465393,"[0, 1, 2, 3, 4, 5, 6, 7, 8, 9, 10, 11, 12, 13, 14, 15, 16, 17, 18, 19, 20, 21, 22, 23, 24, 25, 26, 27, 28, 29, 30]","['Amount_log1p', 'V1', 'V2', 'V3', 'V4', 'V5', 'V6', 'V7', 'V8', 'V9', 'V10', 'V11', 'V12', 'V13', 'V14', 'V15', 'V16', 'V17', 'V18', 'V19', 'V20', 'V21', 'V22', 'V23', 'V24', 'V25', 'V26', 'V27', 'V28', 'Time_sin', 'Time_cos']"
CostSensitiveLearning___RandomizedSearchCV__niter_30__cv_5,9,2,StackingClassifier,resubstitution,426,21926,208,0,0.9907801418439717,0.6719242902208202,1.0,0.8037735849056604,0.9906026926899792,0.009397307310020753,0.9953013463449896,0.9952902554983543,0.8158492576306897,0.7992387254041255,0.9998457962618639,0.9861919522800815,22560,0.8352813277794219,0.053810576417214824,0.7535757181715833,0.029251220909298593,"{'classifier__extratreesclassifier_0__ccp_alpha': np.float64(0.0012910116084806978), 'classifier__extratreesclassifier_0__max_depth': 15, 'classifier__extratreesclassifier_0__max_features': 'log2', 'classifier__extratreesclassifier_0__max_leaf_nodes': 2, 'classifier__extratreesclassifier_0__min_impurity_decrease': np.float64(0.021065262755406322), 'classifier__extratreesclassifier_0__min_samples_leaf': 1, 'classifier__extratreesclassifier_0__min_samples_split': 7, 'classifier__extratreesclassifier_0__n_estimators': 106, 'classifier__randomforestclassifier_1__ccp_alpha': np.float64(0.008457525073029278), 'classifier__randomforestclassifier_1__max_depth': 7, 'classifier__randomforestclassifier_1__max_features': 'sqrt', 'classifier__randomforestclassifier_1__max_leaf_nodes': 2, 'classifier__randomforestclassifier_1__max_samples': np.float64(0.6934900382588844), 'classifier__randomforestclassifier_1__min_impurity_decrease': np.float64(0.047783534906591964), 'classifier__randomforestclassifier_1__min_samples_leaf': 6, 'classifier__randomforestclassifier_1__min_samples_split': 6, 'classifier__randomforestclassifier_1__n_estimators': 865, 'classifier__xgbclassifier_2__colsample_bytree': np.float64(0.7693323476440341), 'classifier__xgbclassifier_2__gamma': np.float64(2.905950845641022), 'classifier__xgbclassifier_2__learning_rate': np.float64(0.09522365381003546), 'classifier__xgbclassifier_2__max_delta_step': 5, 'classifier__xgbclassifier_2__max_depth': 8, 'classifier__xgbclassifier_2__min_child_weight': 5, 'classifier__xgbclassifier_2__n_estimators': 234, 'classifier__xgbclassifier_2__reg_alpha': np.float64(0.12254621035284768), 'classifier__xgbclassifier_2__reg_lambda': np.float64(0.006988342929904744), 'classifier__xgbclassifier_2__scale_pos_weight': np.float64(8.373828892523747), 'classifier__xgbclassifier_2__subsample': np.float64(0.682452614514091), 'feature_selection_filter__k': 28}",298.5640070438385,"[0, 1, 2, 3, 4, 5, 6, 7, 8, 9, 10, 11, 12, 13, 14, 16, 17, 18, 19, 20, 21, 22, 23, 24, 27, 28, 29, 30]","['Amount_log1p', 'V1', 'V2', 'V3', 'V4', 'V5', 'V6', 'V7', 'V8', 'V9', 'V10', 'V11', 'V12', 'V13', 'V14', 'V16', 'V17', 'V18', 'V19', 'V20', 'V21', 'V22', 'V23', 'V24', 'V27', 'V28', 'Time_sin', 'Time_cos']"
CostSensitiveLearning___RandomizedSearchCV__niter_30__cv_5,9,3,StackingClassifier,resubstitution,426,22044,90,0,0.9960106382978723,0.8255813953488372,1.0,0.9044585987261147,0.9959338574139334,0.0040661425860666345,0.9979669287069667,0.9979648578050899,0.9067659365453385,0.9024403744629031,0.9998409177391993,0.9824561673035594,22560,0.8855838733044828,0.012134157862790668,0.7830571492345691,0.026305404341725583,"{'classifier__extratreesclassifier_0__ccp_alpha': np.float64(0.004146067088720042), 'classifier__extratreesclassifier_0__max_depth': 17, 'classifier__extratreesclassifier_0__max_features': 'sqrt', 'classifier__extratreesclassifier_0__max_leaf_nodes': 17, 'classifier__extratreesclassifier_0__min_impurity_decrease': np.float64(0.08428589425423022), 'classifier__extratreesclassifier_0__min_samples_leaf': 5, 'classifier__extratreesclassifier_0__min_samples_split': 8, 'classifier__extratreesclassifier_0__n_estimators': 162, 'classifier__randomforestclassifier_1__ccp_alpha': np.float64(0.005440234421453888), 'classifier__randomforestclassifier_1__max_depth': 11, 'classifier__randomforestclassifier_1__max_features': 'log2', 'classifier__randomforestclassifier_1__max_leaf_nodes': 2, 'classifier__randomforestclassifier_1__max_samples': np.float64(0.5075068492243668), 'classifier__randomforestclassifier_1__min_impurity_decrease': np.float64(0.03812792728231639), 'classifier__randomforestclassifier_1__min_samples_leaf': 8, 'classifier__randomforestclassifier_1__min_samples_split': 4, 'classifier__randomforestclassifier_1__n_estimators': 120, 'classifier__xgbclassifier_2__colsample_bytree': np.float64(0.7141894855563231), 'classifier__xgbclassifier_2__gamma': np.float64(2.0317344759707945), 'classifier__xgbclassifier_2__learning_rate': np.float64(0.07721434538382127), 'classifier__xgbclassifier_2__max_delta_step': 7, 'classifier__xgbclassifier_2__max_depth': 6, 'classifier__xgbclassifier_2__min_child_weight': 8, 'classifier__xgbclassifier_2__n_estimators': 341, 'classifier__xgbclassifier_2__reg_alpha': np.float64(0.6347702686033357), 'classifier__xgbclassifier_2__reg_lambda': np.float64(0.00011183526232011512), 'classifier__xgbclassifier_2__scale_pos_weight': np.float64(10.899488881315134), 'classifier__xgbclassifier_2__subsample': np.float64(0.8901115820378365), 'feature_selection_filter__k': 22}",348.03102803230286,"[1, 2, 3, 4, 5, 6, 7, 8, 9, 10, 11, 12, 14, 16, 17, 18, 19, 20, 21, 27, 28, 29]","['V1', 'V2', 'V3', 'V4', 'V5', 'V6', 'V7', 'V8', 'V9', 'V10', 'V11', 'V12', 'V14', 'V16', 'V17', 'V18', 'V19', 'V20', 'V21', 'V27', 'V28', 'Time_sin']"
CostSensitiveLearning___RandomizedSearchCV__niter_30__cv_5,9,4,StackingClassifier,resubstitution,426,21976,158,0,0.9929964539007092,0.7294520547945206,1.0,0.8435643564356435,0.9928616607933496,0.0071383392066504125,0.9964308303966748,0.9964244380751355,0.8510258389687172,0.8400720171256035,0.999824161074395,0.9822313470028904,22560,0.8491639243359332,0.026228083433644998,0.762908268361741,0.01180226230128373,"{'classifier__extratreesclassifier_0__ccp_alpha': np.float64(0.004515473925448581), 'classifier__extratreesclassifier_0__max_depth': 18, 'classifier__extratreesclassifier_0__max_features': 'log2', 'classifier__extratreesclassifier_0__max_leaf_nodes': 9, 'classifier__extratreesclassifier_0__min_impurity_decrease': np.float64(0.09209658759345664), 'classifier__extratreesclassifier_0__min_samples_leaf': 9, 'classifier__extratreesclassifier_0__min_samples_split': 5, 'classifier__extratreesclassifier_0__n_estimators': 767, 'classifier__randomforestclassifier_1__ccp_alpha': np.float64(0.009717631762618502), 'classifier__randomforestclassifier_1__max_depth': 8, 'classifier__randomforestclassifier_1__max_features': 'log2', 'classifier__randomforestclassifier_1__max_leaf_nodes': 2, 'classifier__randomforestclassifier_1__max_samples': np.float64(0.672417991822208), 'classifier__randomforestclassifier_1__min_impurity_decrease': np.float64(0.07951457094570263), 'classifier__randomforestclassifier_1__min_samples_leaf': 7, 'classifier__randomforestclassifier_1__min_samples_split': 5, 'classifier__randomforestclassifier_1__n_estimators': 953, 'classifier__xgbclassifier_2__colsample_bytree': np.float64(0.9283620260898133), 'classifier__xgbclassifier_2__gamma': np.float64(4.23854523911397), 'classifier__xgbclassifier_2__learning_rate': np.float64(0.0595337708928048), 'classifier__xgbclassifier_2__max_delta_step': 5, 'classifier__xgbclassifier_2__max_depth': 7, 'classifier__xgbclassifier_2__min_child_weight': 5, 'classifier__xgbclassifier_2__n_estimators': 478, 'classifier__xgbclassifier_2__reg_alpha': np.float64(0.008793848918684047), 'classifier__xgbclassifier_2__reg_lambda': np.float64(0.55212759119569), 'classifier__xgbclassifier_2__scale_pos_weight': np.float64(4.553564107562711), 'classifier__xgbclassifier_2__subsample': np.float64(0.921689906927531), 'feature_selection_filter__k': 'all'}",273.55695605278015,"[0, 1, 2, 3, 4, 5, 6, 7, 8, 9, 10, 11, 12, 13, 14, 15, 16, 17, 18, 19, 20, 21, 22, 23, 24, 25, 26, 27, 28, 29, 30]","['Amount_log1p', 'V1', 'V2', 'V3', 'V4', 'V5', 'V6', 'V7', 'V8', 'V9', 'V10', 'V11', 'V12', 'V13', 'V14', 'V15', 'V16', 'V17', 'V18', 'V19', 'V20', 'V21', 'V22', 'V23', 'V24', 'V25', 'V26', 'V27', 'V28', 'Time_sin', 'Time_cos']"
CostSensitiveLearning___RandomizedSearchCV__niter_30__cv_5,9,5,StackingClassifier,resubstitution,425,21929,206,0,0.9908687943262411,0.6735340729001584,1.0,0.8049242424242424,0.9906934718771176,0.009306528122882352,0.9953467359385588,0.9953358588321419,0.8168633968473514,0.8004312275384431,0.9998394876360301,0.9843609189254151,22560,0.8166298512995389,0.023715568462376657,0.7351837324572934,0.017973002563982564,"{'classifier__extratreesclassifier_0__ccp_alpha': np.float64(0.0067568306024338365), 'classifier__extratreesclassifier_0__max_depth': 10, 'classifier__extratreesclassifier_0__max_features': 'sqrt', 'classifier__extratreesclassifier_0__max_leaf_nodes': 16, 'classifier__extratreesclassifier_0__min_impurity_decrease': np.float64(0.06477912885921001), 'classifier__extratreesclassifier_0__min_samples_leaf': 9, 'classifier__extratreesclassifier_0__min_samples_split': 4, 'classifier__extratreesclassifier_0__n_estimators': 917, 'classifier__randomforestclassifier_1__ccp_alpha': np.float64(0.007006822774278544), 'classifier__randomforestclassifier_1__max_depth': 4, 'classifier__randomforestclassifier_1__max_features': 'log2', 'classifier__randomforestclassifier_1__max_leaf_nodes': 11, 'classifier__randomforestclassifier_1__max_samples': np.float64(0.7636664002726512), 'classifier__randomforestclassifier_1__min_impurity_decrease': np.float64(0.08837646306160915), 'classifier__randomforestclassifier_1__min_samples_leaf': 6, 'classifier__randomforestclassifier_1__min_samples_split': 5, 'classifier__randomforestclassifier_1__n_estimators': 223, 'classifier__xgbclassifier_2__colsample_bytree': np.float64(0.7057613595897878), 'classifier__xgbclassifier_2__gamma': np.float64(3.0644195937443226), 'classifier__xgbclassifier_2__learning_rate': np.float64(0.010984187308302786), 'classifier__xgbclassifier_2__max_delta_step': 3, 'classifier__xgbclassifier_2__max_depth': 7, 'classifier__xgbclassifier_2__min_child_weight': 3, 'classifier__xgbclassifier_2__n_estimators': 797, 'classifier__xgbclassifier_2__reg_alpha': np.float64(0.036150586311512294), 'classifier__xgbclassifier_2__reg_lambda': np.float64(0.0007557981230698887), 'classifier__xgbclassifier_2__scale_pos_weight': np.float64(24.903272860812198), 'classifier__xgbclassifier_2__subsample': np.float64(0.7402043221197516), 'feature_selection_filter__k': 'all'}",223.69780158996582,"[0, 1, 2, 3, 4, 5, 6, 7, 8, 9, 10, 11, 12, 13, 14, 15, 16, 17, 18, 19, 20, 21, 22, 23, 24, 25, 26, 27, 28, 29, 30]","['Amount_log1p', 'V1', 'V2', 'V3', 'V4', 'V5', 'V6', 'V7', 'V8', 'V9', 'V10', 'V11', 'V12', 'V13', 'V14', 'V15', 'V16', 'V17', 'V18', 'V19', 'V20', 'V21', 'V22', 'V23', 'V24', 'V25', 'V26', 'V27', 'V28', 'Time_sin', 'Time_cos']"
CostSensitiveLearning___RandomizedSearchCV__niter_30__cv_5,9,6,StackingClassifier,resubstitution,425,21974,161,0,0.992863475177305,0.7252559726962458,1.0,0.8407517309594461,0.9927264513214367,0.007273548678563335,0.9963632256607183,0.996356588436809,0.8485168166126236,0.8371963141291417,0.9998420388259212,0.9862618308406168,22560,0.8240404948227515,0.025600131695321143,0.7428664921368507,0.02101080045349126,"{'classifier__extratreesclassifier_0__ccp_alpha': np.float64(0.00942139632431713), 'classifier__extratreesclassifier_0__max_depth': 16, 'classifier__extratreesclassifier_0__max_features': 'log2', 'classifier__extratreesclassifier_0__max_leaf_nodes': 5, 'classifier__extratreesclassifier_0__min_impurity_decrease': np.float64(0.006407299250701548), 'classifier__extratreesclassifier_0__min_samples_leaf': 1, 'classifier__extratreesclassifier_0__min_samples_split': 6, 'classifier__extratreesclassifier_0__n_estimators': 100, 'classifier__randomforestclassifier_1__ccp_alpha': np.float64(0.006109645809534718), 'classifier__randomforestclassifier_1__max_depth': 14, 'classifier__randomforestclassifier_1__max_features': 'log2', 'classifier__randomforestclassifier_1__max_leaf_nodes': 7, 'classifier__randomforestclassifier_1__max_samples': np.float64(0.7301638078091256), 'classifier__randomforestclassifier_1__min_impurity_decrease': np.float64(0.04075662245303571), 'classifier__randomforestclassifier_1__min_samples_leaf': 5, 'classifier__randomforestclassifier_1__min_samples_split': 3, 'classifier__randomforestclassifier_1__n_estimators': 700, 'classifier__xgbclassifier_2__colsample_bytree': np.float64(0.9549716290453882), 'classifier__xgbclassifier_2__gamma': np.float64(4.834324488794441), 'classifier__xgbclassifier_2__learning_rate': np.float64(0.018281632730998986), 'classifier__xgbclassifier_2__max_delta_step': 2, 'classifier__xgbclassifier_2__max_depth': 5, 'classifier__xgbclassifier_2__min_child_weight': 5, 'classifier__xgbclassifier_2__n_estimators': 588, 'classifier__xgbclassifier_2__reg_alpha': np.float64(0.24532762199972624), 'classifier__xgbclassifier_2__reg_lambda': np.float64(0.09095911983806071), 'classifier__xgbclassifier_2__scale_pos_weight': np.float64(33.09943377364495), 'classifier__xgbclassifier_2__subsample': np.float64(0.8122191867244113), 'feature_selection_filter__k': 'all'}",259.0005671977997,"[0, 1, 2, 3, 4, 5, 6, 7, 8, 9, 10, 11, 12, 13, 14, 15, 16, 17, 18, 19, 20, 21, 22, 23, 24, 25, 26, 27, 28, 29, 30]","['Amount_log1p', 'V1', 'V2', 'V3', 'V4', 'V5', 'V6', 'V7', 'V8', 'V9', 'V10', 'V11', 'V12', 'V13', 'V14', 'V15', 'V16', 'V17', 'V18', 'V19', 'V20', 'V21', 'V22', 'V23', 'V24', 'V25', 'V26', 'V27', 'V28', 'Time_sin', 'Time_cos']"
CostSensitiveLearning___RandomizedSearchCV__niter_30__cv_5,9,7,StackingClassifier,resubstitution,425,21969,166,0,0.9926418439716312,0.7191201353637902,1.0,0.8366141732283464,0.9925005647165123,0.007499435283487732,0.9962502823582562,0.9962432256816165,0.8448237333595551,0.8329530689012388,0.9998134442392271,0.9730196711979074,22560,0.8486082651431917,0.015997740749737695,0.7525628808963176,0.030905803485674777,"{'classifier__extratreesclassifier_0__ccp_alpha': np.float64(0.0016934171183135172), 'classifier__extratreesclassifier_0__max_depth': 18, 'classifier__extratreesclassifier_0__max_features': 'log2', 'classifier__extratreesclassifier_0__max_leaf_nodes': 6, 'classifier__extratreesclassifier_0__min_impurity_decrease': np.float64(0.05584966883104171), 'classifier__extratreesclassifier_0__min_samples_leaf': 6, 'classifier__extratreesclassifier_0__min_samples_split': 6, 'classifier__extratreesclassifier_0__n_estimators': 943, 'classifier__randomforestclassifier_1__ccp_alpha': np.float64(0.0015826363698941126), 'classifier__randomforestclassifier_1__max_depth': 16, 'classifier__randomforestclassifier_1__max_features': 'log2', 'classifier__randomforestclassifier_1__max_leaf_nodes': 2, 'classifier__randomforestclassifier_1__max_samples': np.float64(0.6115273317215181), 'classifier__randomforestclassifier_1__min_impurity_decrease': np.float64(0.068909933561453), 'classifier__randomforestclassifier_1__min_samples_leaf': 3, 'classifier__randomforestclassifier_1__min_samples_split': 5, 'classifier__randomforestclassifier_1__n_estimators': 364, 'classifier__xgbclassifier_2__colsample_bytree': np.float64(0.7982232209871423), 'classifier__xgbclassifier_2__gamma': np.float64(4.596588368591656), 'classifier__xgbclassifier_2__learning_rate': np.float64(0.18254673615418793), 'classifier__xgbclassifier_2__max_delta_step': 4, 'classifier__xgbclassifier_2__max_depth': 5, 'classifier__xgbclassifier_2__min_child_weight': 8, 'classifier__xgbclassifier_2__n_estimators': 381, 'classifier__xgbclassifier_2__reg_alpha': np.float64(0.00037415580256153685), 'classifier__xgbclassifier_2__reg_lambda': np.float64(0.0669405240757146), 'classifier__xgbclassifier_2__scale_pos_weight': np.float64(29.273962413097777), 'classifier__xgbclassifier_2__subsample': np.float64(0.9971968436065816), 'feature_selection_filter__k': 'all'}",301.8832416534424,"[0, 1, 2, 3, 4, 5, 6, 7, 8, 9, 10, 11, 12, 13, 14, 15, 16, 17, 18, 19, 20, 21, 22, 23, 24, 25, 26, 27, 28, 29, 30]","['Amount_log1p', 'V1', 'V2', 'V3', 'V4', 'V5', 'V6', 'V7', 'V8', 'V9', 'V10', 'V11', 'V12', 'V13', 'V14', 'V15', 'V16', 'V17', 'V18', 'V19', 'V20', 'V21', 'V22', 'V23', 'V24', 'V25', 'V26', 'V27', 'V28', 'Time_sin', 'Time_cos']"
CostSensitiveLearning___RandomizedSearchCV__niter_30__cv_5,9,8,StackingClassifier,resubstitution,426,21949,186,0,0.9917556845884491,0.696078431372549,1.0,0.8208092485549133,0.991597018296815,0.008402981703184986,0.9957985091484075,0.9957896456063474,0.8308003954318652,0.8167285920963778,0.9998865264472914,0.9897643300848572,22561,0.8395072028128681,0.027692881941487828,0.7499799261098172,0.058730821322643324,"{'classifier__extratreesclassifier_0__ccp_alpha': np.float64(0.007210491822904588), 'classifier__extratreesclassifier_0__max_depth': 6, 'classifier__extratreesclassifier_0__max_features': 'log2', 'classifier__extratreesclassifier_0__max_leaf_nodes': 14, 'classifier__extratreesclassifier_0__min_impurity_decrease': np.float64(0.026408970330924597), 'classifier__extratreesclassifier_0__min_samples_leaf': 1, 'classifier__extratreesclassifier_0__min_samples_split': 8, 'classifier__extratreesclassifier_0__n_estimators': 170, 'classifier__randomforestclassifier_1__ccp_alpha': np.float64(0.007983795853604505), 'classifier__randomforestclassifier_1__max_depth': 19, 'classifier__randomforestclassifier_1__max_features': 'sqrt', 'classifier__randomforestclassifier_1__max_leaf_nodes': 11, 'classifier__randomforestclassifier_1__max_samples': np.float64(0.7601835768654713), 'classifier__randomforestclassifier_1__min_impurity_decrease': np.float64(0.09396403790765831), 'classifier__randomforestclassifier_1__min_samples_leaf': 2, 'classifier__randomforestclassifier_1__min_samples_split': 6, 'classifier__randomforestclassifier_1__n_estimators': 971, 'classifier__xgbclassifier_2__colsample_bytree': np.float64(0.9694337494748452), 'classifier__xgbclassifier_2__gamma': np.float64(2.943661586239403), 'classifier__xgbclassifier_2__learning_rate': np.float64(0.03213385714614588), 'classifier__xgbclassifier_2__max_delta_step': 8, 'classifier__xgbclassifier_2__max_depth': 7, 'classifier__xgbclassifier_2__min_child_weight': 2, 'classifier__xgbclassifier_2__n_estimators': 398, 'classifier__xgbclassifier_2__reg_alpha': np.float64(0.011342423565957917), 'classifier__xgbclassifier_2__reg_lambda': np.float64(0.0001802182569392478), 'classifier__xgbclassifier_2__scale_pos_weight': np.float64(19.480297092947485), 'classifier__xgbclassifier_2__subsample': np.float64(0.8017538963212325), 'feature_selection_filter__k': 'all'}",267.56236934661865,"[0, 1, 2, 3, 4, 5, 6, 7, 8, 9, 10, 11, 12, 13, 14, 15, 16, 17, 18, 19, 20, 21, 22, 23, 24, 25, 26, 27, 28, 29, 30]","['Amount_log1p', 'V1', 'V2', 'V3', 'V4', 'V5', 'V6', 'V7', 'V8', 'V9', 'V10', 'V11', 'V12', 'V13', 'V14', 'V15', 'V16', 'V17', 'V18', 'V19', 'V20', 'V21', 'V22', 'V23', 'V24', 'V25', 'V26', 'V27', 'V28', 'Time_sin', 'Time_cos']"
CostSensitiveLearning___RandomizedSearchCV__niter_30__cv_5,9,9,StackingClassifier,resubstitution,424,21992,143,2,0.9935729799211028,0.7477954144620811,0.9953051643192489,0.8539778449144008,0.9935396430991642,0.006460356900835795,0.9944224037092065,0.9944220118905763,0.8598626012893773,0.8507597335016911,0.999757145387194,0.9820412774396134,22561,0.8620640126197128,0.023282437770073914,0.7879779158040027,0.023363166180050875,"{'classifier__extratreesclassifier_0__ccp_alpha': np.float64(0.005640919351346816), 'classifier__extratreesclassifier_0__max_depth': 8, 'classifier__extratreesclassifier_0__max_features': 'log2', 'classifier__extratreesclassifier_0__max_leaf_nodes': 4, 'classifier__extratreesclassifier_0__min_impurity_decrease': np.float64(0.06173028013561285), 'classifier__extratreesclassifier_0__min_samples_leaf': 5, 'classifier__extratreesclassifier_0__min_samples_split': 2, 'classifier__extratreesclassifier_0__n_estimators': 696, 'classifier__randomforestclassifier_1__ccp_alpha': np.float64(0.0010827621735973291), 'classifier__randomforestclassifier_1__max_depth': 16, 'classifier__randomforestclassifier_1__max_features': 'log2', 'classifier__randomforestclassifier_1__max_leaf_nodes': 2, 'classifier__randomforestclassifier_1__max_samples': np.float64(0.7763884021736318), 'classifier__randomforestclassifier_1__min_impurity_decrease': np.float64(0.013238839145660276), 'classifier__randomforestclassifier_1__min_samples_leaf': 2, 'classifier__randomforestclassifier_1__min_samples_split': 9, 'classifier__randomforestclassifier_1__n_estimators': 492, 'classifier__xgbclassifier_2__colsample_bytree': np.float64(0.6679411157560192), 'classifier__xgbclassifier_2__gamma': np.float64(3.1905203964361277), 'classifier__xgbclassifier_2__learning_rate': np.float64(0.016223957386803035), 'classifier__xgbclassifier_2__max_delta_step': 7, 'classifier__xgbclassifier_2__max_depth': 8, 'classifier__xgbclassifier_2__min_child_weight': 5, 'classifier__xgbclassifier_2__n_estimators': 397, 'classifier__xgbclassifier_2__reg_alpha': np.float64(0.0006708670356312628), 'classifier__xgbclassifier_2__reg_lambda': np.float64(0.602066473527148), 'classifier__xgbclassifier_2__scale_pos_weight': np.float64(3.257188206683655), 'classifier__xgbclassifier_2__subsample': np.float64(0.8152203824488167), 'feature_selection_filter__k': 26}",242.11307096481323,"[0, 1, 2, 3, 4, 5, 6, 7, 8, 9, 10, 11, 12, 14, 16, 17, 18, 19, 20, 21, 23, 24, 26, 27, 28, 29]","['Amount_log1p', 'V1', 'V2', 'V3', 'V4', 'V5', 'V6', 'V7', 'V8', 'V9', 'V10', 'V11', 'V12', 'V14', 'V16', 'V17', 'V18', 'V19', 'V20', 'V21', 'V23', 'V24', 'V26', 'V27', 'V28', 'Time_sin']"
CostSensitiveLearning___RandomizedSearchCV__niter_30__cv_5,9,10,StackingClassifier,resubstitution,426,21895,240,0,0.989362173662515,0.6396396396396397,1.0,0.7802197802197802,0.9891574429636323,0.010842557036367717,0.9945787214818161,0.9945639461410374,0.7954271244835225,0.7750384516630812,0.9999206745631533,0.9955043644332884,22561,0.8048971633718814,0.034483891070203554,0.7169471511834212,0.034438912820110294,"{'classifier__extratreesclassifier_0__ccp_alpha': np.float64(0.004377958949637106), 'classifier__extratreesclassifier_0__max_depth': 10, 'classifier__extratreesclassifier_0__max_features': 'log2', 'classifier__extratreesclassifier_0__max_leaf_nodes': 11, 'classifier__extratreesclassifier_0__min_impurity_decrease': np.float64(0.08909178284718973), 'classifier__extratreesclassifier_0__min_samples_leaf': 6, 'classifier__extratreesclassifier_0__min_samples_split': 6, 'classifier__extratreesclassifier_0__n_estimators': 424, 'classifier__randomforestclassifier_1__ccp_alpha': np.float64(0.0020006685642247955), 'classifier__randomforestclassifier_1__max_depth': 10, 'classifier__randomforestclassifier_1__max_features': 'sqrt', 'classifier__randomforestclassifier_1__max_leaf_nodes': 12, 'classifier__randomforestclassifier_1__max_samples': np.float64(0.811602597779459), 'classifier__randomforestclassifier_1__min_impurity_decrease': np.float64(0.06873624275100539), 'classifier__randomforestclassifier_1__min_samples_leaf': 8, 'classifier__randomforestclassifier_1__min_samples_split': 8, 'classifier__randomforestclassifier_1__n_estimators': 726, 'classifier__xgbclassifier_2__colsample_bytree': np.float64(0.9433301199229769), 'classifier__xgbclassifier_2__gamma': np.float64(3.38451450670924), 'classifier__xgbclassifier_2__learning_rate': np.float64(0.05069931871850969), 'classifier__xgbclassifier_2__max_delta_step': 2, 'classifier__xgbclassifier_2__max_depth': 3, 'classifier__xgbclassifier_2__min_child_weight': 1, 'classifier__xgbclassifier_2__n_estimators': 737, 'classifier__xgbclassifier_2__reg_alpha': np.float64(0.22901776022269554), 'classifier__xgbclassifier_2__reg_lambda': np.float64(0.02044450651996645), 'classifier__xgbclassifier_2__scale_pos_weight': np.float64(17.58386834059218), 'classifier__xgbclassifier_2__subsample': np.float64(0.7389982262562987), 'feature_selection_filter__k': 'all'}",286.45835304260254,"[0, 1, 2, 3, 4, 5, 6, 7, 8, 9, 10, 11, 12, 13, 14, 15, 16, 17, 18, 19, 20, 21, 22, 23, 24, 25, 26, 27, 28, 29, 30]","['Amount_log1p', 'V1', 'V2', 'V3', 'V4', 'V5', 'V6', 'V7', 'V8', 'V9', 'V10', 'V11', 'V12', 'V13', 'V14', 'V15', 'V16', 'V17', 'V18', 'V19', 'V20', 'V21', 'V22', 'V23', 'V24', 'V25', 'V26', 'V27', 'V28', 'Time_sin', 'Time_cos']"
CostSensitiveLearning___RandomizedSearchCV__niter_30__cv_5,10,1,StackingClassifier,resubstitution,426,22001,133,0,0.994104609929078,0.7620751341681574,1.0,0.86497461928934,0.9939911448450348,0.006008855154965187,0.9969955724225175,0.996991045518983,0.8703424240319096,0.8620172826057565,0.9998521595522959,0.9873727750154866,22560,0.8447960371424138,0.018531906379319656,0.7608400446772967,0.03530977057461008,"{'classifier__extratreesclassifier_0__ccp_alpha': np.float64(0.009665154008379397), 'classifier__extratreesclassifier_0__max_depth': 10, 'classifier__extratreesclassifier_0__max_features': 'log2', 'classifier__extratreesclassifier_0__max_leaf_nodes': 4, 'classifier__extratreesclassifier_0__min_impurity_decrease': np.float64(0.012665211842997305), 'classifier__extratreesclassifier_0__min_samples_leaf': 2, 'classifier__extratreesclassifier_0__min_samples_split': 4, 'classifier__extratreesclassifier_0__n_estimators': 509, 'classifier__randomforestclassifier_1__ccp_alpha': np.float64(0.008753154363904433), 'classifier__randomforestclassifier_1__max_depth': 7, 'classifier__randomforestclassifier_1__max_features': 'sqrt', 'classifier__randomforestclassifier_1__max_leaf_nodes': 13, 'classifier__randomforestclassifier_1__max_samples': np.float64(0.6988954778618625), 'classifier__randomforestclassifier_1__min_impurity_decrease': np.float64(0.08668017297751586), 'classifier__randomforestclassifier_1__min_samples_leaf': 1, 'classifier__randomforestclassifier_1__min_samples_split': 7, 'classifier__randomforestclassifier_1__n_estimators': 689, 'classifier__xgbclassifier_2__colsample_bytree': np.float64(0.7689214525162548), 'classifier__xgbclassifier_2__gamma': np.float64(0.5325562338520262), 'classifier__xgbclassifier_2__learning_rate': np.float64(0.01821839122728308), 'classifier__xgbclassifier_2__max_delta_step': 6, 'classifier__xgbclassifier_2__max_depth': 8, 'classifier__xgbclassifier_2__min_child_weight': 4, 'classifier__xgbclassifier_2__n_estimators': 774, 'classifier__xgbclassifier_2__reg_alpha': np.float64(6.515909475816427), 'classifier__xgbclassifier_2__reg_lambda': np.float64(0.00011766345695862114), 'classifier__xgbclassifier_2__scale_pos_weight': np.float64(8.288349434240516), 'classifier__xgbclassifier_2__subsample': np.float64(0.7109426936359787), 'feature_selection_filter__k': 'all'}",273.0551223754883,"[0, 1, 2, 3, 4, 5, 6, 7, 8, 9, 10, 11, 12, 13, 14, 15, 16, 17, 18, 19, 20, 21, 22, 23, 24, 25, 26, 27, 28, 29, 30]","['Amount_log1p', 'V1', 'V2', 'V3', 'V4', 'V5', 'V6', 'V7', 'V8', 'V9', 'V10', 'V11', 'V12', 'V13', 'V14', 'V15', 'V16', 'V17', 'V18', 'V19', 'V20', 'V21', 'V22', 'V23', 'V24', 'V25', 'V26', 'V27', 'V28', 'Time_sin', 'Time_cos']"
CostSensitiveLearning___RandomizedSearchCV__niter_30__cv_5,10,2,StackingClassifier,resubstitution,426,21917,217,0,0.9903812056737589,0.6625194401244168,1.0,0.7970065481758652,0.9901960784313726,0.009803921568627416,0.9950980392156863,0.9950859653474028,0.8099531785824079,0.7922881449563584,0.9998419782876047,0.9854780263887247,22560,0.8134391064406039,0.03434196418675948,0.7368263913543098,0.06307361446861792,"{'classifier__extratreesclassifier_0__ccp_alpha': np.float64(0.007726452124332502), 'classifier__extratreesclassifier_0__max_depth': 19, 'classifier__extratreesclassifier_0__max_features': 'log2', 'classifier__extratreesclassifier_0__max_leaf_nodes': 12, 'classifier__extratreesclassifier_0__min_impurity_decrease': np.float64(0.05784342489920953), 'classifier__extratreesclassifier_0__min_samples_leaf': 3, 'classifier__extratreesclassifier_0__min_samples_split': 4, 'classifier__extratreesclassifier_0__n_estimators': 346, 'classifier__randomforestclassifier_1__ccp_alpha': np.float64(0.0045703273257997655), 'classifier__randomforestclassifier_1__max_depth': 4, 'classifier__randomforestclassifier_1__max_features': 'sqrt', 'classifier__randomforestclassifier_1__max_leaf_nodes': 10, 'classifier__randomforestclassifier_1__max_samples': np.float64(0.8355422135666366), 'classifier__randomforestclassifier_1__min_impurity_decrease': np.float64(0.08997075025161937), 'classifier__randomforestclassifier_1__min_samples_leaf': 3, 'classifier__randomforestclassifier_1__min_samples_split': 8, 'classifier__randomforestclassifier_1__n_estimators': 794, 'classifier__xgbclassifier_2__colsample_bytree': np.float64(0.7736692145154447), 'classifier__xgbclassifier_2__gamma': np.float64(2.134901763936376), 'classifier__xgbclassifier_2__learning_rate': np.float64(0.013751898029342196), 'classifier__xgbclassifier_2__max_delta_step': 3, 'classifier__xgbclassifier_2__max_depth': 8, 'classifier__xgbclassifier_2__min_child_weight': 8, 'classifier__xgbclassifier_2__n_estimators': 506, 'classifier__xgbclassifier_2__reg_alpha': np.float64(0.7350237780136988), 'classifier__xgbclassifier_2__reg_lambda': np.float64(0.0008065690581581711), 'classifier__xgbclassifier_2__scale_pos_weight': np.float64(16.29100232776782), 'classifier__xgbclassifier_2__subsample': np.float64(0.6811494446695807), 'feature_selection_filter__k': 20}",302.16494393348694,"[1, 2, 3, 4, 5, 6, 7, 8, 9, 10, 11, 12, 14, 16, 17, 18, 19, 20, 21, 27]","['V1', 'V2', 'V3', 'V4', 'V5', 'V6', 'V7', 'V8', 'V9', 'V10', 'V11', 'V12', 'V14', 'V16', 'V17', 'V18', 'V19', 'V20', 'V21', 'V27']"
CostSensitiveLearning___RandomizedSearchCV__niter_30__cv_5,10,3,StackingClassifier,resubstitution,425,21979,155,1,0.9930851063829788,0.7327586206896551,0.9976525821596244,0.8449304174950298,0.9929971988795518,0.007002801120448154,0.9953248905195882,0.9953221687169732,0.8519754084667492,0.8414788389816766,0.9998200249356141,0.9875249965351176,22560,0.8326722131579354,0.017282010110248398,0.7612616485705525,0.02610117524663745,"{'classifier__extratreesclassifier_0__ccp_alpha': np.float64(0.008408382885912438), 'classifier__extratreesclassifier_0__max_depth': 5, 'classifier__extratreesclassifier_0__max_features': 'sqrt', 'classifier__extratreesclassifier_0__max_leaf_nodes': 9, 'classifier__extratreesclassifier_0__min_impurity_decrease': np.float64(0.09985319204680715), 'classifier__extratreesclassifier_0__min_samples_leaf': 3, 'classifier__extratreesclassifier_0__min_samples_split': 2, 'classifier__extratreesclassifier_0__n_estimators': 193, 'classifier__randomforestclassifier_1__ccp_alpha': np.float64(0.008356807078569114), 'classifier__randomforestclassifier_1__max_depth': 4, 'classifier__randomforestclassifier_1__max_features': 'sqrt', 'classifier__randomforestclassifier_1__max_leaf_nodes': 14, 'classifier__randomforestclassifier_1__max_samples': np.float64(0.7932901463451489), 'classifier__randomforestclassifier_1__min_impurity_decrease': np.float64(0.0728951014591253), 'classifier__randomforestclassifier_1__min_samples_leaf': 6, 'classifier__randomforestclassifier_1__min_samples_split': 7, 'classifier__randomforestclassifier_1__n_estimators': 100, 'classifier__xgbclassifier_2__colsample_bytree': np.float64(0.6818556152656295), 'classifier__xgbclassifier_2__gamma': np.float64(4.962751834083594), 'classifier__xgbclassifier_2__learning_rate': np.float64(0.015694856646689268), 'classifier__xgbclassifier_2__max_delta_step': 7, 'classifier__xgbclassifier_2__max_depth': 9, 'classifier__xgbclassifier_2__min_child_weight': 7, 'classifier__xgbclassifier_2__n_estimators': 660, 'classifier__xgbclassifier_2__reg_alpha': np.float64(0.0015926046545074234), 'classifier__xgbclassifier_2__reg_lambda': np.float64(0.07843313604793765), 'classifier__xgbclassifier_2__scale_pos_weight': np.float64(4.494779056946036), 'classifier__xgbclassifier_2__subsample': np.float64(0.7506002412206089), 'feature_selection_filter__k': 20}",250.63326740264893,"[1, 2, 3, 4, 5, 6, 7, 8, 9, 10, 11, 12, 14, 16, 17, 18, 19, 20, 21, 27]","['V1', 'V2', 'V3', 'V4', 'V5', 'V6', 'V7', 'V8', 'V9', 'V10', 'V11', 'V12', 'V14', 'V16', 'V17', 'V18', 'V19', 'V20', 'V21', 'V27']"
CostSensitiveLearning___RandomizedSearchCV__niter_30__cv_5,10,4,StackingClassifier,resubstitution,426,21958,176,0,0.9921985815602837,0.707641196013289,1.0,0.8287937743190662,0.9920484322761363,0.00795156772386374,0.9960242161380681,0.9960162811300507,0.8378629596294332,0.8249217682647423,0.9998497202909636,0.987997663072576,22560,0.8096546089311645,0.06196898168011096,0.7292655504575113,0.04805427180141164,"{'classifier__extratreesclassifier_0__ccp_alpha': np.float64(0.0026921929679224934), 'classifier__extratreesclassifier_0__max_depth': 13, 'classifier__extratreesclassifier_0__max_features': 'log2', 'classifier__extratreesclassifier_0__max_leaf_nodes': 12, 'classifier__extratreesclassifier_0__min_impurity_decrease': np.float64(0.08858209347107303), 'classifier__extratreesclassifier_0__min_samples_leaf': 7, 'classifier__extratreesclassifier_0__min_samples_split': 6, 'classifier__extratreesclassifier_0__n_estimators': 835, 'classifier__randomforestclassifier_1__ccp_alpha': np.float64(0.009519176773167843), 'classifier__randomforestclassifier_1__max_depth': 4, 'classifier__randomforestclassifier_1__max_features': 'log2', 'classifier__randomforestclassifier_1__max_leaf_nodes': 4, 'classifier__randomforestclassifier_1__max_samples': np.float64(0.5455483433918192), 'classifier__randomforestclassifier_1__min_impurity_decrease': np.float64(0.06114351859291087), 'classifier__randomforestclassifier_1__min_samples_leaf': 3, 'classifier__randomforestclassifier_1__min_samples_split': 5, 'classifier__randomforestclassifier_1__n_estimators': 211, 'classifier__xgbclassifier_2__colsample_bytree': np.float64(0.9130731719536425), 'classifier__xgbclassifier_2__gamma': np.float64(3.8422088777800885), 'classifier__xgbclassifier_2__learning_rate': np.float64(0.023892429454598824), 'classifier__xgbclassifier_2__max_delta_step': 7, 'classifier__xgbclassifier_2__max_depth': 5, 'classifier__xgbclassifier_2__min_child_weight': 5, 'classifier__xgbclassifier_2__n_estimators': 574, 'classifier__xgbclassifier_2__reg_alpha': np.float64(0.05480191170744159), 'classifier__xgbclassifier_2__reg_lambda': np.float64(0.0002595613406139524), 'classifier__xgbclassifier_2__scale_pos_weight': np.float64(8.706411030937389), 'classifier__xgbclassifier_2__subsample': np.float64(0.7201753618871318), 'feature_selection_filter__k': 26}",226.30086541175842,"[0, 1, 2, 3, 4, 5, 6, 7, 8, 9, 10, 11, 12, 14, 16, 17, 18, 19, 20, 21, 23, 24, 26, 27, 28, 29]","['Amount_log1p', 'V1', 'V2', 'V3', 'V4', 'V5', 'V6', 'V7', 'V8', 'V9', 'V10', 'V11', 'V12', 'V14', 'V16', 'V17', 'V18', 'V19', 'V20', 'V21', 'V23', 'V24', 'V26', 'V27', 'V28', 'Time_sin']"
CostSensitiveLearning___RandomizedSearchCV__niter_30__cv_5,10,5,StackingClassifier,resubstitution,425,21985,150,0,0.9933510638297872,0.7391304347826086,1.0,0.85,0.9932234018522702,0.006776598147729795,0.996611700926135,0.9966059411082547,0.8568089897096844,0.846678371184233,0.9998398065347667,0.9872362159726468,22560,0.8663414789190632,0.025745884867273677,0.7689182477320736,0.028546458864919685,"{'classifier__extratreesclassifier_0__ccp_alpha': np.float64(0.0013303467078510489), 'classifier__extratreesclassifier_0__max_depth': 13, 'classifier__extratreesclassifier_0__max_features': 'log2', 'classifier__extratreesclassifier_0__max_leaf_nodes': 12, 'classifier__extratreesclassifier_0__min_impurity_decrease': np.float64(0.09704093714288525), 'classifier__extratreesclassifier_0__min_samples_leaf': 7, 'classifier__extratreesclassifier_0__min_samples_split': 4, 'classifier__extratreesclassifier_0__n_estimators': 951, 'classifier__randomforestclassifier_1__ccp_alpha': np.float64(0.006827225059481006), 'classifier__randomforestclassifier_1__max_depth': 12, 'classifier__randomforestclassifier_1__max_features': 'log2', 'classifier__randomforestclassifier_1__max_leaf_nodes': 5, 'classifier__randomforestclassifier_1__max_samples': np.float64(0.5707494328485055), 'classifier__randomforestclassifier_1__min_impurity_decrease': np.float64(0.060570846977741614), 'classifier__randomforestclassifier_1__min_samples_leaf': 7, 'classifier__randomforestclassifier_1__min_samples_split': 4, 'classifier__randomforestclassifier_1__n_estimators': 110, 'classifier__xgbclassifier_2__colsample_bytree': np.float64(0.9541962386127457), 'classifier__xgbclassifier_2__gamma': np.float64(3.328463616989128), 'classifier__xgbclassifier_2__learning_rate': np.float64(0.048860547931003334), 'classifier__xgbclassifier_2__max_delta_step': 2, 'classifier__xgbclassifier_2__max_depth': 4, 'classifier__xgbclassifier_2__min_child_weight': 2, 'classifier__xgbclassifier_2__n_estimators': 540, 'classifier__xgbclassifier_2__reg_alpha': np.float64(0.00010782443408907235), 'classifier__xgbclassifier_2__reg_lambda': np.float64(3.8483032357413824), 'classifier__xgbclassifier_2__scale_pos_weight': np.float64(26.895091638896762), 'classifier__xgbclassifier_2__subsample': np.float64(0.7223156955795591), 'feature_selection_filter__k': 28}",209.61977982521057,"[0, 1, 2, 3, 4, 5, 6, 7, 8, 9, 10, 11, 12, 14, 15, 16, 17, 18, 19, 20, 21, 22, 23, 24, 27, 28, 29, 30]","['Amount_log1p', 'V1', 'V2', 'V3', 'V4', 'V5', 'V6', 'V7', 'V8', 'V9', 'V10', 'V11', 'V12', 'V14', 'V15', 'V16', 'V17', 'V18', 'V19', 'V20', 'V21', 'V22', 'V23', 'V24', 'V27', 'V28', 'Time_sin', 'Time_cos']"
CostSensitiveLearning___RandomizedSearchCV__niter_30__cv_5,10,6,StackingClassifier,resubstitution,425,21996,139,0,0.9938386524822695,0.7535460992907801,1.0,0.8594539939332659,0.9937203523831036,0.006279647616896367,0.9968601761915519,0.9968552314067994,0.8653404505303952,0.8563678636011367,0.9998338537583545,0.9835715187757383,22560,0.8503707579243744,0.02243001981287808,0.7622142335471005,0.023195462124075267,"{'classifier__extratreesclassifier_0__ccp_alpha': np.float64(0.0064328585530263), 'classifier__extratreesclassifier_0__max_depth': 17, 'classifier__extratreesclassifier_0__max_features': 'log2', 'classifier__extratreesclassifier_0__max_leaf_nodes': 17, 'classifier__extratreesclassifier_0__min_impurity_decrease': np.float64(0.07589321886240866), 'classifier__extratreesclassifier_0__min_samples_leaf': 3, 'classifier__extratreesclassifier_0__min_samples_split': 3, 'classifier__extratreesclassifier_0__n_estimators': 904, 'classifier__randomforestclassifier_1__ccp_alpha': np.float64(0.001390944766798151), 'classifier__randomforestclassifier_1__max_depth': 5, 'classifier__randomforestclassifier_1__max_features': 'log2', 'classifier__randomforestclassifier_1__max_leaf_nodes': 19, 'classifier__randomforestclassifier_1__max_samples': np.float64(0.6426659388267186), 'classifier__randomforestclassifier_1__min_impurity_decrease': np.float64(0.08120464138291089), 'classifier__randomforestclassifier_1__min_samples_leaf': 5, 'classifier__randomforestclassifier_1__min_samples_split': 2, 'classifier__randomforestclassifier_1__n_estimators': 143, 'classifier__xgbclassifier_2__colsample_bytree': np.float64(0.9873339843747095), 'classifier__xgbclassifier_2__gamma': np.float64(4.44351833065181), 'classifier__xgbclassifier_2__learning_rate': np.float64(0.024759943895221778), 'classifier__xgbclassifier_2__max_delta_step': 7, 'classifier__xgbclassifier_2__max_depth': 5, 'classifier__xgbclassifier_2__min_child_weight': 8, 'classifier__xgbclassifier_2__n_estimators': 555, 'classifier__xgbclassifier_2__reg_alpha': np.float64(0.0251388775326722), 'classifier__xgbclassifier_2__reg_lambda': np.float64(0.03475674217115397), 'classifier__xgbclassifier_2__scale_pos_weight': np.float64(34.53992800783559), 'classifier__xgbclassifier_2__subsample': np.float64(0.8437619742871352), 'feature_selection_filter__k': 'all'}",276.49918937683105,"[0, 1, 2, 3, 4, 5, 6, 7, 8, 9, 10, 11, 12, 13, 14, 15, 16, 17, 18, 19, 20, 21, 22, 23, 24, 25, 26, 27, 28, 29, 30]","['Amount_log1p', 'V1', 'V2', 'V3', 'V4', 'V5', 'V6', 'V7', 'V8', 'V9', 'V10', 'V11', 'V12', 'V13', 'V14', 'V15', 'V16', 'V17', 'V18', 'V19', 'V20', 'V21', 'V22', 'V23', 'V24', 'V25', 'V26', 'V27', 'V28', 'Time_sin', 'Time_cos']"
CostSensitiveLearning___RandomizedSearchCV__niter_30__cv_5,10,7,StackingClassifier,resubstitution,425,22009,126,0,0.9944148936170213,0.7713248638838476,1.0,0.8709016393442623,0.9943076575559069,0.0056923424440931125,0.9971538287779534,0.9971497668634872,0.8757478053771972,0.8680959489489893,0.9998139757371212,0.9828643381528952,22560,0.8405748355715718,0.029731777402300378,0.7575909850849571,0.03736416302076116,"{'classifier__extratreesclassifier_0__ccp_alpha': np.float64(0.007998985903328931), 'classifier__extratreesclassifier_0__max_depth': 12, 'classifier__extratreesclassifier_0__max_features': 'log2', 'classifier__extratreesclassifier_0__max_leaf_nodes': 17, 'classifier__extratreesclassifier_0__min_impurity_decrease': np.float64(0.09469896513996312), 'classifier__extratreesclassifier_0__min_samples_leaf': 6, 'classifier__extratreesclassifier_0__min_samples_split': 4, 'classifier__extratreesclassifier_0__n_estimators': 396, 'classifier__randomforestclassifier_1__ccp_alpha': np.float64(0.009374966983732986), 'classifier__randomforestclassifier_1__max_depth': 4, 'classifier__randomforestclassifier_1__max_features': 'log2', 'classifier__randomforestclassifier_1__max_leaf_nodes': 8, 'classifier__randomforestclassifier_1__max_samples': np.float64(0.7056772799639908), 'classifier__randomforestclassifier_1__min_impurity_decrease': np.float64(0.06724121551238495), 'classifier__randomforestclassifier_1__min_samples_leaf': 6, 'classifier__randomforestclassifier_1__min_samples_split': 8, 'classifier__randomforestclassifier_1__n_estimators': 277, 'classifier__xgbclassifier_2__colsample_bytree': np.float64(0.62418021844823), 'classifier__xgbclassifier_2__gamma': np.float64(0.23939425465242803), 'classifier__xgbclassifier_2__learning_rate': np.float64(0.10752414357234036), 'classifier__xgbclassifier_2__max_delta_step': 1, 'classifier__xgbclassifier_2__max_depth': 6, 'classifier__xgbclassifier_2__min_child_weight': 9, 'classifier__xgbclassifier_2__n_estimators': 214, 'classifier__xgbclassifier_2__reg_alpha': np.float64(9.540748303327115), 'classifier__xgbclassifier_2__reg_lambda': np.float64(0.5018705168325573), 'classifier__xgbclassifier_2__scale_pos_weight': np.float64(39.327119569709026), 'classifier__xgbclassifier_2__subsample': np.float64(0.7889179407693384), 'feature_selection_filter__k': 'all'}",247.41155624389648,"[0, 1, 2, 3, 4, 5, 6, 7, 8, 9, 10, 11, 12, 13, 14, 15, 16, 17, 18, 19, 20, 21, 22, 23, 24, 25, 26, 27, 28, 29, 30]","['Amount_log1p', 'V1', 'V2', 'V3', 'V4', 'V5', 'V6', 'V7', 'V8', 'V9', 'V10', 'V11', 'V12', 'V13', 'V14', 'V15', 'V16', 'V17', 'V18', 'V19', 'V20', 'V21', 'V22', 'V23', 'V24', 'V25', 'V26', 'V27', 'V28', 'Time_sin', 'Time_cos']"
CostSensitiveLearning___RandomizedSearchCV__niter_30__cv_5,10,8,StackingClassifier,resubstitution,426,21948,187,0,0.9917113603120429,0.6949429037520392,1.0,0.8200192492781521,0.9915518409758302,0.008448159024169843,0.9957759204879151,0.9957669611790854,0.8301035571471932,0.8159177939423271,0.99985948368473,0.9893790464328959,22561,0.848262178147918,0.030174075877459697,0.7639844773321656,0.04923052525128659,"{'classifier__extratreesclassifier_0__ccp_alpha': np.float64(0.005906430354901587), 'classifier__extratreesclassifier_0__max_depth': 4, 'classifier__extratreesclassifier_0__max_features': 'log2', 'classifier__extratreesclassifier_0__max_leaf_nodes': 10, 'classifier__extratreesclassifier_0__min_impurity_decrease': np.float64(0.05898419213119824), 'classifier__extratreesclassifier_0__min_samples_leaf': 9, 'classifier__extratreesclassifier_0__min_samples_split': 7, 'classifier__extratreesclassifier_0__n_estimators': 934, 'classifier__randomforestclassifier_1__ccp_alpha': np.float64(0.005533219997237013), 'classifier__randomforestclassifier_1__max_depth': 18, 'classifier__randomforestclassifier_1__max_features': 'log2', 'classifier__randomforestclassifier_1__max_leaf_nodes': 9, 'classifier__randomforestclassifier_1__max_samples': np.float64(0.6710371043593796), 'classifier__randomforestclassifier_1__min_impurity_decrease': np.float64(0.09665377044431261), 'classifier__randomforestclassifier_1__min_samples_leaf': 8, 'classifier__randomforestclassifier_1__min_samples_split': 9, 'classifier__randomforestclassifier_1__n_estimators': 305, 'classifier__xgbclassifier_2__colsample_bytree': np.float64(0.7909869131652101), 'classifier__xgbclassifier_2__gamma': np.float64(3.396197678885176), 'classifier__xgbclassifier_2__learning_rate': np.float64(0.03990863840922536), 'classifier__xgbclassifier_2__max_delta_step': 4, 'classifier__xgbclassifier_2__max_depth': 5, 'classifier__xgbclassifier_2__min_child_weight': 2, 'classifier__xgbclassifier_2__n_estimators': 493, 'classifier__xgbclassifier_2__reg_alpha': np.float64(0.07481638120407329), 'classifier__xgbclassifier_2__reg_lambda': np.float64(0.8959849500264288), 'classifier__xgbclassifier_2__scale_pos_weight': np.float64(5.6606027985505944), 'classifier__xgbclassifier_2__subsample': np.float64(0.7675618843344039), 'feature_selection_filter__k': 28}",221.0570194721222,"[0, 1, 2, 3, 4, 5, 6, 7, 8, 9, 10, 11, 12, 14, 16, 17, 18, 19, 20, 21, 22, 23, 24, 26, 27, 28, 29, 30]","['Amount_log1p', 'V1', 'V2', 'V3', 'V4', 'V5', 'V6', 'V7', 'V8', 'V9', 'V10', 'V11', 'V12', 'V14', 'V16', 'V17', 'V18', 'V19', 'V20', 'V21', 'V22', 'V23', 'V24', 'V26', 'V27', 'V28', 'Time_sin', 'Time_cos']"
CostSensitiveLearning___RandomizedSearchCV__niter_30__cv_5,10,9,StackingClassifier,resubstitution,426,21911,224,0,0.990071362085014,0.6553846153846153,1.0,0.79182156133829,0.9898802800993901,0.010119719900609891,0.9949401400496951,0.9949272737740131,0.8054516165790184,0.7869615151204992,0.9998722096906414,0.9899826936937327,22561,0.8075046623090965,0.03247168835698137,0.7260444523045654,0.027890252489528672,"{'classifier__extratreesclassifier_0__ccp_alpha': np.float64(0.008230344480231187), 'classifier__extratreesclassifier_0__max_depth': 4, 'classifier__extratreesclassifier_0__max_features': 'sqrt', 'classifier__extratreesclassifier_0__max_leaf_nodes': 13, 'classifier__extratreesclassifier_0__min_impurity_decrease': np.float64(0.028386884484149333), 'classifier__extratreesclassifier_0__min_samples_leaf': 8, 'classifier__extratreesclassifier_0__min_samples_split': 5, 'classifier__extratreesclassifier_0__n_estimators': 265, 'classifier__randomforestclassifier_1__ccp_alpha': np.float64(0.008406625489487892), 'classifier__randomforestclassifier_1__max_depth': 6, 'classifier__randomforestclassifier_1__max_features': 'log2', 'classifier__randomforestclassifier_1__max_leaf_nodes': 14, 'classifier__randomforestclassifier_1__max_samples': np.float64(0.5313195823630112), 'classifier__randomforestclassifier_1__min_impurity_decrease': np.float64(0.09843037490019345), 'classifier__randomforestclassifier_1__min_samples_leaf': 7, 'classifier__randomforestclassifier_1__min_samples_split': 4, 'classifier__randomforestclassifier_1__n_estimators': 651, 'classifier__xgbclassifier_2__colsample_bytree': np.float64(0.8135953045919149), 'classifier__xgbclassifier_2__gamma': np.float64(4.846787013726103), 'classifier__xgbclassifier_2__learning_rate': np.float64(0.09961911044375925), 'classifier__xgbclassifier_2__max_delta_step': 7, 'classifier__xgbclassifier_2__max_depth': 3, 'classifier__xgbclassifier_2__min_child_weight': 2, 'classifier__xgbclassifier_2__n_estimators': 558, 'classifier__xgbclassifier_2__reg_alpha': np.float64(0.00895836430325468), 'classifier__xgbclassifier_2__reg_lambda': np.float64(0.3916660971640783), 'classifier__xgbclassifier_2__scale_pos_weight': np.float64(10.135736421841411), 'classifier__xgbclassifier_2__subsample': np.float64(0.609574976408939), 'feature_selection_filter__k': 'all'}",249.7294704914093,"[0, 1, 2, 3, 4, 5, 6, 7, 8, 9, 10, 11, 12, 13, 14, 15, 16, 17, 18, 19, 20, 21, 22, 23, 24, 25, 26, 27, 28, 29, 30]","['Amount_log1p', 'V1', 'V2', 'V3', 'V4', 'V5', 'V6', 'V7', 'V8', 'V9', 'V10', 'V11', 'V12', 'V13', 'V14', 'V15', 'V16', 'V17', 'V18', 'V19', 'V20', 'V21', 'V22', 'V23', 'V24', 'V25', 'V26', 'V27', 'V28', 'Time_sin', 'Time_cos']"
CostSensitiveLearning___RandomizedSearchCV__niter_30__cv_5,10,10,StackingClassifier,resubstitution,426,21983,152,0,0.9932627099862594,0.7370242214532872,1.0,0.848605577689243,0.9931330472103004,0.006866952789699621,0.9965665236051502,0.9965606088995793,0.855548426986867,0.8452409942276626,0.9998236387680802,0.9843676861229882,22561,0.8644631278953318,0.02948760438887856,0.7680217928756201,0.02086622866579623,"{'classifier__extratreesclassifier_0__ccp_alpha': np.float64(0.0012298270250314135), 'classifier__extratreesclassifier_0__max_depth': 12, 'classifier__extratreesclassifier_0__max_features': 'log2', 'classifier__extratreesclassifier_0__max_leaf_nodes': 8, 'classifier__extratreesclassifier_0__min_impurity_decrease': np.float64(0.07728669043396792), 'classifier__extratreesclassifier_0__min_samples_leaf': 8, 'classifier__extratreesclassifier_0__min_samples_split': 3, 'classifier__extratreesclassifier_0__n_estimators': 743, 'classifier__randomforestclassifier_1__ccp_alpha': np.float64(0.009027915219185702), 'classifier__randomforestclassifier_1__max_depth': 15, 'classifier__randomforestclassifier_1__max_features': 'log2', 'classifier__randomforestclassifier_1__max_leaf_nodes': 9, 'classifier__randomforestclassifier_1__max_samples': np.float64(0.675478188488974), 'classifier__randomforestclassifier_1__min_impurity_decrease': np.float64(0.09494034476984115), 'classifier__randomforestclassifier_1__min_samples_leaf': 5, 'classifier__randomforestclassifier_1__min_samples_split': 4, 'classifier__randomforestclassifier_1__n_estimators': 109, 'classifier__xgbclassifier_2__colsample_bytree': np.float64(0.8919929759083043), 'classifier__xgbclassifier_2__gamma': np.float64(4.470349729849367), 'classifier__xgbclassifier_2__learning_rate': np.float64(0.0335701666036012), 'classifier__xgbclassifier_2__max_delta_step': 0, 'classifier__xgbclassifier_2__max_depth': 6, 'classifier__xgbclassifier_2__min_child_weight': 8, 'classifier__xgbclassifier_2__n_estimators': 726, 'classifier__xgbclassifier_2__reg_alpha': np.float64(0.4428840575219382), 'classifier__xgbclassifier_2__reg_lambda': np.float64(0.0004462319116175652), 'classifier__xgbclassifier_2__scale_pos_weight': np.float64(13.680977942926138), 'classifier__xgbclassifier_2__subsample': np.float64(0.963334383942374), 'feature_selection_filter__k': 26}",340.0455343723297,"[0, 1, 2, 3, 4, 5, 6, 7, 8, 9, 10, 11, 12, 14, 16, 17, 18, 19, 20, 21, 22, 23, 24, 27, 28, 29]","['Amount_log1p', 'V1', 'V2', 'V3', 'V4', 'V5', 'V6', 'V7', 'V8', 'V9', 'V10', 'V11', 'V12', 'V14', 'V16', 'V17', 'V18', 'V19', 'V20', 'V21', 'V22', 'V23', 'V24', 'V27', 'V28', 'Time_sin']"
