experiment_name,iteration,fold,model,split,tp,tn,fp,fn,accuracy,precision,recall,f1,specificity,fpr,balanced_accuracy,geometric_mean,mcc,kappa,roc_auc,average_precision,fold_size,cv_tuning_mean_train_score,cv_tuning_std_train_score,cv_tuning_mean_val_score,cv_tuning_std_val_score,best_params,tuning_time,selected_features_indices,selected_features_names
CostSensitiveLearning___RandomizedSearchCV__niter_30__cv_5,1,1,BalancedRandomForestClassifier,resubstitution,426,424,21710,0,0.037677304964539006,0.019244669316949764,1.0,0.037762609697721834,0.019156049516580825,0.9808439504834192,0.5095780247582904,0.13840538109690975,0.019200308288298742,0.0007370319685414684,0.9909509767862922,0.8781993657878842,22560,0.03895210573509566,0.001135758522967487,0.03902049190597871,0.00122962473166594,"{'classifier__ccp_alpha': np.float64(0.0011005192452767675), 'classifier__max_depth': 15, 'classifier__max_features': 'sqrt', 'classifier__max_leaf_nodes': 4, 'classifier__min_impurity_decrease': np.float64(0.0006952130531190704), 'classifier__min_samples_leaf': 8, 'classifier__min_samples_split': 4, 'classifier__n_estimators': 748, 'feature_selection_filter__k': 'all'}",107.28000950813293,"[0, 1, 2, 3, 4, 5, 6, 7, 8, 9, 10, 11, 12, 13, 14, 15, 16, 17, 18, 19, 20, 21, 22, 23, 24, 25, 26, 27, 28, 29, 30]","['Amount_log1p', 'V1', 'V2', 'V3', 'V4', 'V5', 'V6', 'V7', 'V8', 'V9', 'V10', 'V11', 'V12', 'V13', 'V14', 'V15', 'V16', 'V17', 'V18', 'V19', 'V20', 'V21', 'V22', 'V23', 'V24', 'V25', 'V26', 'V27', 'V28', 'Time_sin', 'Time_cos']"
CostSensitiveLearning___RandomizedSearchCV__niter_30__cv_5,1,2,BalancedRandomForestClassifier,resubstitution,426,0,22134,0,0.018882978723404255,0.018882978723404255,1.0,0.037066040198381625,0.0,1.0,0.5,0.0,0.0,0.0,0.5,0.018882978723404255,22560,0.037066039269558405,4.26998610137036e-05,0.03706602533963419,0.0001707715842063917,"{'classifier__ccp_alpha': np.float64(0.0011505456638977896), 'classifier__max_depth': 19, 'classifier__max_features': 'log2', 'classifier__max_leaf_nodes': 19, 'classifier__min_impurity_decrease': np.float64(0.08110363919968716), 'classifier__min_samples_leaf': 3, 'classifier__min_samples_split': 8, 'classifier__n_estimators': 514, 'feature_selection_filter__k': 20}",101.89011335372925,"[1, 2, 3, 4, 5, 6, 7, 8, 9, 10, 11, 12, 14, 16, 17, 18, 19, 20, 21, 27]","['V1', 'V2', 'V3', 'V4', 'V5', 'V6', 'V7', 'V8', 'V9', 'V10', 'V11', 'V12', 'V14', 'V16', 'V17', 'V18', 'V19', 'V20', 'V21', 'V27']"
CostSensitiveLearning___RandomizedSearchCV__niter_30__cv_5,1,3,BalancedRandomForestClassifier,resubstitution,426,0,22134,0,0.018882978723404255,0.018882978723404255,1.0,0.037066040198381625,0.0,1.0,0.5,0.0,0.0,0.0,0.5,0.018882978723404255,22560,0.037066039269558405,4.26998610137036e-05,0.03706602533963419,0.0001707715842063917,"{'classifier__ccp_alpha': np.float64(0.008348421486656495), 'classifier__max_depth': 16, 'classifier__max_features': 'log2', 'classifier__max_leaf_nodes': 5, 'classifier__min_impurity_decrease': np.float64(0.03605008362562857), 'classifier__min_samples_leaf': 4, 'classifier__min_samples_split': 9, 'classifier__n_estimators': 220, 'feature_selection_filter__k': 22}",93.19285130500793,"[1, 2, 3, 4, 5, 6, 7, 8, 9, 10, 11, 12, 14, 16, 17, 18, 19, 20, 21, 27, 28, 29]","['V1', 'V2', 'V3', 'V4', 'V5', 'V6', 'V7', 'V8', 'V9', 'V10', 'V11', 'V12', 'V14', 'V16', 'V17', 'V18', 'V19', 'V20', 'V21', 'V27', 'V28', 'Time_sin']"
CostSensitiveLearning___RandomizedSearchCV__niter_30__cv_5,1,4,BalancedRandomForestClassifier,resubstitution,426,0,22134,0,0.018882978723404255,0.018882978723404255,1.0,0.037066040198381625,0.0,1.0,0.5,0.0,0.0,0.0,0.5,0.018882978723404255,22560,0.037066039269558405,4.26998610137036e-05,0.03706602533963419,0.0001707715842063917,"{'classifier__ccp_alpha': np.float64(0.009890115134756001), 'classifier__max_depth': 6, 'classifier__max_features': 'sqrt', 'classifier__max_leaf_nodes': 2, 'classifier__min_impurity_decrease': np.float64(0.0420138493756127), 'classifier__min_samples_leaf': 6, 'classifier__min_samples_split': 5, 'classifier__n_estimators': 680, 'feature_selection_filter__k': 22}",103.06148862838745,"[0, 1, 2, 3, 4, 5, 6, 7, 8, 9, 10, 11, 12, 14, 16, 17, 18, 19, 20, 21, 27, 29]","['Amount_log1p', 'V1', 'V2', 'V3', 'V4', 'V5', 'V6', 'V7', 'V8', 'V9', 'V10', 'V11', 'V12', 'V14', 'V16', 'V17', 'V18', 'V19', 'V20', 'V21', 'V27', 'Time_sin']"
CostSensitiveLearning___RandomizedSearchCV__niter_30__cv_5,1,5,BalancedRandomForestClassifier,resubstitution,425,0,22135,0,0.018838652482269503,0.018838652482269503,1.0,0.036980639547530995,0.0,1.0,0.5,0.0,0.0,0.0,0.5,0.018838652482269503,22560,0.036980639547530995,0.0,0.036980639547530995,0.0,"{'classifier__ccp_alpha': np.float64(0.007838323508057507), 'classifier__max_depth': 11, 'classifier__max_features': 'sqrt', 'classifier__max_leaf_nodes': 13, 'classifier__min_impurity_decrease': np.float64(0.03130769356316798), 'classifier__min_samples_leaf': 1, 'classifier__min_samples_split': 5, 'classifier__n_estimators': 742, 'feature_selection_filter__k': 20}",113.43551516532898,"[1, 2, 3, 4, 5, 6, 7, 8, 9, 10, 11, 12, 14, 16, 17, 18, 19, 20, 21, 27]","['V1', 'V2', 'V3', 'V4', 'V5', 'V6', 'V7', 'V8', 'V9', 'V10', 'V11', 'V12', 'V14', 'V16', 'V17', 'V18', 'V19', 'V20', 'V21', 'V27']"
CostSensitiveLearning___RandomizedSearchCV__niter_30__cv_5,1,6,BalancedRandomForestClassifier,resubstitution,425,0,22135,0,0.018838652482269503,0.018838652482269503,1.0,0.036980639547530995,0.0,1.0,0.5,0.0,0.0,0.0,0.5,0.018838652482269503,22560,0.036980639547530995,0.0,0.036980639547530995,0.0,"{'classifier__ccp_alpha': np.float64(0.0011348847189364953), 'classifier__max_depth': 10, 'classifier__max_features': 'sqrt', 'classifier__max_leaf_nodes': 10, 'classifier__min_impurity_decrease': np.float64(0.08234311740954803), 'classifier__min_samples_leaf': 8, 'classifier__min_samples_split': 5, 'classifier__n_estimators': 820, 'feature_selection_filter__k': 'all'}",93.1774332523346,"[0, 1, 2, 3, 4, 5, 6, 7, 8, 9, 10, 11, 12, 13, 14, 15, 16, 17, 18, 19, 20, 21, 22, 23, 24, 25, 26, 27, 28, 29, 30]","['Amount_log1p', 'V1', 'V2', 'V3', 'V4', 'V5', 'V6', 'V7', 'V8', 'V9', 'V10', 'V11', 'V12', 'V13', 'V14', 'V15', 'V16', 'V17', 'V18', 'V19', 'V20', 'V21', 'V22', 'V23', 'V24', 'V25', 'V26', 'V27', 'V28', 'Time_sin', 'Time_cos']"
CostSensitiveLearning___RandomizedSearchCV__niter_30__cv_5,1,7,BalancedRandomForestClassifier,resubstitution,425,0,22135,0,0.018838652482269503,0.018838652482269503,1.0,0.036980639547530995,0.0,1.0,0.5,0.0,0.0,0.0,0.5,0.018838652482269503,22560,0.036980639547530995,0.0,0.036980639547530995,0.0,"{'classifier__ccp_alpha': np.float64(0.0001749027093115263), 'classifier__max_depth': 7, 'classifier__max_features': 'log2', 'classifier__max_leaf_nodes': 18, 'classifier__min_impurity_decrease': np.float64(0.02989763774589579), 'classifier__min_samples_leaf': 7, 'classifier__min_samples_split': 4, 'classifier__n_estimators': 448, 'feature_selection_filter__k': 20}",104.60822653770447,"[1, 2, 3, 4, 5, 6, 7, 8, 9, 10, 11, 12, 14, 16, 17, 18, 19, 20, 21, 27]","['V1', 'V2', 'V3', 'V4', 'V5', 'V6', 'V7', 'V8', 'V9', 'V10', 'V11', 'V12', 'V14', 'V16', 'V17', 'V18', 'V19', 'V20', 'V21', 'V27']"
CostSensitiveLearning___RandomizedSearchCV__niter_30__cv_5,1,8,BalancedRandomForestClassifier,resubstitution,426,0,22135,0,0.018882141749035946,0.018882141749035946,1.0,0.03706442772001566,0.0,1.0,0.5,0.0,0.0,0.0,0.5,0.018882141749035946,22561,0.03706442589754318,4.189317500609135e-05,0.03706439856996653,0.0001675180448710539,"{'classifier__ccp_alpha': np.float64(0.0030096445585591457), 'classifier__max_depth': 11, 'classifier__max_features': 'log2', 'classifier__max_leaf_nodes': 14, 'classifier__min_impurity_decrease': np.float64(0.0683276759974987), 'classifier__min_samples_leaf': 2, 'classifier__min_samples_split': 4, 'classifier__n_estimators': 648, 'feature_selection_filter__k': 28}",94.77898859977722,"[0, 1, 2, 3, 4, 5, 6, 7, 8, 9, 10, 11, 12, 13, 14, 16, 17, 18, 19, 20, 21, 23, 24, 25, 26, 27, 28, 29]","['Amount_log1p', 'V1', 'V2', 'V3', 'V4', 'V5', 'V6', 'V7', 'V8', 'V9', 'V10', 'V11', 'V12', 'V13', 'V14', 'V16', 'V17', 'V18', 'V19', 'V20', 'V21', 'V23', 'V24', 'V25', 'V26', 'V27', 'V28', 'Time_sin']"
CostSensitiveLearning___RandomizedSearchCV__niter_30__cv_5,1,9,BalancedRandomForestClassifier,resubstitution,426,0,22135,0,0.018882141749035946,0.018882141749035946,1.0,0.03706442772001566,0.0,1.0,0.5,0.0,0.0,0.0,0.5,0.018882141749035946,22561,0.03706442589754318,4.189317500609135e-05,0.03706439856996653,0.0001675180448710539,"{'classifier__ccp_alpha': np.float64(0.004946016455380215), 'classifier__max_depth': 14, 'classifier__max_features': 'log2', 'classifier__max_leaf_nodes': 3, 'classifier__min_impurity_decrease': np.float64(0.06099381327355646), 'classifier__min_samples_leaf': 7, 'classifier__min_samples_split': 7, 'classifier__n_estimators': 170, 'feature_selection_filter__k': 'all'}",92.11535787582397,"[0, 1, 2, 3, 4, 5, 6, 7, 8, 9, 10, 11, 12, 13, 14, 15, 16, 17, 18, 19, 20, 21, 22, 23, 24, 25, 26, 27, 28, 29, 30]","['Amount_log1p', 'V1', 'V2', 'V3', 'V4', 'V5', 'V6', 'V7', 'V8', 'V9', 'V10', 'V11', 'V12', 'V13', 'V14', 'V15', 'V16', 'V17', 'V18', 'V19', 'V20', 'V21', 'V22', 'V23', 'V24', 'V25', 'V26', 'V27', 'V28', 'Time_sin', 'Time_cos']"
CostSensitiveLearning___RandomizedSearchCV__niter_30__cv_5,1,10,BalancedRandomForestClassifier,resubstitution,426,1668,20467,0,0.09281503479455698,0.020389604173646676,1.0,0.039964351048360616,0.07535577140275582,0.9246442285972442,0.5376778857013779,0.27451005701568715,0.03919788707445842,0.0030682344386856464,0.9905713552453945,0.8859435201691022,22561,0.04198574416402927,0.002038396730462163,0.04189452260229574,0.002369100495155964,"{'classifier__ccp_alpha': np.float64(0.00019103206133850748), 'classifier__max_depth': 6, 'classifier__max_features': 'sqrt', 'classifier__max_leaf_nodes': 4, 'classifier__min_impurity_decrease': np.float64(0.000684128794413652), 'classifier__min_samples_leaf': 5, 'classifier__min_samples_split': 3, 'classifier__n_estimators': 741, 'feature_selection_filter__k': 20}",104.9652009010315,"[1, 2, 3, 4, 5, 6, 7, 8, 9, 10, 11, 12, 14, 16, 17, 18, 19, 20, 21, 27]","['V1', 'V2', 'V3', 'V4', 'V5', 'V6', 'V7', 'V8', 'V9', 'V10', 'V11', 'V12', 'V14', 'V16', 'V17', 'V18', 'V19', 'V20', 'V21', 'V27']"
CostSensitiveLearning___RandomizedSearchCV__niter_30__cv_5,2,1,BalancedRandomForestClassifier,resubstitution,426,0,22134,0,0.018882978723404255,0.018882978723404255,1.0,0.037066040198381625,0.0,1.0,0.5,0.0,0.0,0.0,0.5,0.018882978723404255,22560,0.037066039269558405,4.26998610137036e-05,0.03706602533963419,0.0001707715842063917,"{'classifier__ccp_alpha': np.float64(0.00823110340709792), 'classifier__max_depth': 14, 'classifier__max_features': 'log2', 'classifier__max_leaf_nodes': 2, 'classifier__min_impurity_decrease': np.float64(0.06352133648107298), 'classifier__min_samples_leaf': 4, 'classifier__min_samples_split': 5, 'classifier__n_estimators': 965, 'feature_selection_filter__k': 26}",101.22950482368469,"[0, 1, 2, 3, 4, 5, 6, 7, 8, 9, 10, 11, 12, 14, 16, 17, 18, 19, 20, 21, 22, 23, 24, 27, 28, 29]","['Amount_log1p', 'V1', 'V2', 'V3', 'V4', 'V5', 'V6', 'V7', 'V8', 'V9', 'V10', 'V11', 'V12', 'V14', 'V16', 'V17', 'V18', 'V19', 'V20', 'V21', 'V22', 'V23', 'V24', 'V27', 'V28', 'Time_sin']"
CostSensitiveLearning___RandomizedSearchCV__niter_30__cv_5,2,2,BalancedRandomForestClassifier,resubstitution,426,0,22134,0,0.018882978723404255,0.018882978723404255,1.0,0.037066040198381625,0.0,1.0,0.5,0.0,0.0,0.0,0.5,0.018882978723404255,22560,0.037066039269558405,4.26998610137036e-05,0.03706602533963419,0.0001707715842063917,"{'classifier__ccp_alpha': np.float64(0.00846662407210134), 'classifier__max_depth': 8, 'classifier__max_features': 'log2', 'classifier__max_leaf_nodes': 18, 'classifier__min_impurity_decrease': np.float64(0.04529132457633039), 'classifier__min_samples_leaf': 6, 'classifier__min_samples_split': 4, 'classifier__n_estimators': 222, 'feature_selection_filter__k': 22}",92.70406150817871,"[1, 2, 3, 4, 5, 6, 7, 8, 9, 10, 11, 12, 14, 16, 17, 18, 19, 20, 21, 27, 28, 29]","['V1', 'V2', 'V3', 'V4', 'V5', 'V6', 'V7', 'V8', 'V9', 'V10', 'V11', 'V12', 'V14', 'V16', 'V17', 'V18', 'V19', 'V20', 'V21', 'V27', 'V28', 'Time_sin']"
CostSensitiveLearning___RandomizedSearchCV__niter_30__cv_5,2,3,BalancedRandomForestClassifier,resubstitution,426,0,22134,0,0.018882978723404255,0.018882978723404255,1.0,0.037066040198381625,0.0,1.0,0.5,0.0,0.0,0.0,0.5,0.018882978723404255,22560,0.037066039269558405,4.26998610137036e-05,0.03706602533963419,0.0001707715842063917,"{'classifier__ccp_alpha': np.float64(0.004201829671407738), 'classifier__max_depth': 5, 'classifier__max_features': 'log2', 'classifier__max_leaf_nodes': 3, 'classifier__min_impurity_decrease': np.float64(0.05182827281674762), 'classifier__min_samples_leaf': 8, 'classifier__min_samples_split': 3, 'classifier__n_estimators': 109, 'feature_selection_filter__k': 22}",97.31136918067932,"[1, 2, 3, 4, 5, 6, 7, 8, 9, 10, 11, 12, 14, 16, 17, 18, 19, 20, 21, 27, 28, 29]","['V1', 'V2', 'V3', 'V4', 'V5', 'V6', 'V7', 'V8', 'V9', 'V10', 'V11', 'V12', 'V14', 'V16', 'V17', 'V18', 'V19', 'V20', 'V21', 'V27', 'V28', 'Time_sin']"
CostSensitiveLearning___RandomizedSearchCV__niter_30__cv_5,2,4,BalancedRandomForestClassifier,resubstitution,426,0,22134,0,0.018882978723404255,0.018882978723404255,1.0,0.037066040198381625,0.0,1.0,0.5,0.0,0.0,0.0,0.5,0.018882978723404255,22560,0.037066039269558405,4.26998610137036e-05,0.03706602533963419,0.0001707715842063917,"{'classifier__ccp_alpha': np.float64(0.00093108286671858), 'classifier__max_depth': 10, 'classifier__max_features': 'sqrt', 'classifier__max_leaf_nodes': 7, 'classifier__min_impurity_decrease': np.float64(0.05311238298072532), 'classifier__min_samples_leaf': 2, 'classifier__min_samples_split': 8, 'classifier__n_estimators': 468, 'feature_selection_filter__k': 26}",104.14727926254272,"[0, 1, 2, 3, 4, 5, 6, 7, 8, 9, 10, 11, 12, 14, 16, 17, 18, 19, 20, 21, 23, 24, 26, 27, 28, 29]","['Amount_log1p', 'V1', 'V2', 'V3', 'V4', 'V5', 'V6', 'V7', 'V8', 'V9', 'V10', 'V11', 'V12', 'V14', 'V16', 'V17', 'V18', 'V19', 'V20', 'V21', 'V23', 'V24', 'V26', 'V27', 'V28', 'Time_sin']"
CostSensitiveLearning___RandomizedSearchCV__niter_30__cv_5,2,5,BalancedRandomForestClassifier,resubstitution,425,0,22135,0,0.018838652482269503,0.018838652482269503,1.0,0.036980639547530995,0.0,1.0,0.5,0.0,0.0,0.0,0.5,0.018838652482269503,22560,0.036980639547530995,0.0,0.036980639547530995,0.0,"{'classifier__ccp_alpha': np.float64(0.009841918505425767), 'classifier__max_depth': 18, 'classifier__max_features': 'sqrt', 'classifier__max_leaf_nodes': 4, 'classifier__min_impurity_decrease': np.float64(0.04130003988473893), 'classifier__min_samples_leaf': 8, 'classifier__min_samples_split': 8, 'classifier__n_estimators': 456, 'feature_selection_filter__k': 22}",100.93520927429199,"[1, 2, 3, 4, 5, 6, 7, 8, 9, 10, 11, 12, 14, 16, 17, 18, 19, 20, 21, 27, 28, 29]","['V1', 'V2', 'V3', 'V4', 'V5', 'V6', 'V7', 'V8', 'V9', 'V10', 'V11', 'V12', 'V14', 'V16', 'V17', 'V18', 'V19', 'V20', 'V21', 'V27', 'V28', 'Time_sin']"
CostSensitiveLearning___RandomizedSearchCV__niter_30__cv_5,2,6,BalancedRandomForestClassifier,resubstitution,425,0,22135,0,0.018838652482269503,0.018838652482269503,1.0,0.036980639547530995,0.0,1.0,0.5,0.0,0.0,0.0,0.5,0.018838652482269503,22560,0.036980639547530995,0.0,0.036980639547530995,0.0,"{'classifier__ccp_alpha': np.float64(0.0008734964290217506), 'classifier__max_depth': 8, 'classifier__max_features': 'sqrt', 'classifier__max_leaf_nodes': 17, 'classifier__min_impurity_decrease': np.float64(0.09704023846297166), 'classifier__min_samples_leaf': 9, 'classifier__min_samples_split': 2, 'classifier__n_estimators': 821, 'feature_selection_filter__k': 22}",111.62196087837219,"[1, 2, 3, 4, 5, 6, 7, 8, 9, 10, 11, 12, 14, 16, 17, 18, 19, 20, 21, 27, 28, 29]","['V1', 'V2', 'V3', 'V4', 'V5', 'V6', 'V7', 'V8', 'V9', 'V10', 'V11', 'V12', 'V14', 'V16', 'V17', 'V18', 'V19', 'V20', 'V21', 'V27', 'V28', 'Time_sin']"
CostSensitiveLearning___RandomizedSearchCV__niter_30__cv_5,2,7,BalancedRandomForestClassifier,resubstitution,425,0,22135,0,0.018838652482269503,0.018838652482269503,1.0,0.036980639547530995,0.0,1.0,0.5,0.0,0.0,0.0,0.5,0.018838652482269503,22560,0.036980639547530995,0.0,0.036980639547530995,0.0,"{'classifier__ccp_alpha': np.float64(0.003651055830226939), 'classifier__max_depth': 17, 'classifier__max_features': 'log2', 'classifier__max_leaf_nodes': 5, 'classifier__min_impurity_decrease': np.float64(0.09650639859718202), 'classifier__min_samples_leaf': 2, 'classifier__min_samples_split': 4, 'classifier__n_estimators': 137, 'feature_selection_filter__k': 20}",103.13312911987305,"[1, 2, 3, 4, 5, 6, 7, 8, 9, 10, 11, 12, 14, 16, 17, 18, 19, 20, 21, 27]","['V1', 'V2', 'V3', 'V4', 'V5', 'V6', 'V7', 'V8', 'V9', 'V10', 'V11', 'V12', 'V14', 'V16', 'V17', 'V18', 'V19', 'V20', 'V21', 'V27']"
CostSensitiveLearning___RandomizedSearchCV__niter_30__cv_5,2,8,BalancedRandomForestClassifier,resubstitution,426,0,22135,0,0.018882141749035946,0.018882141749035946,1.0,0.03706442772001566,0.0,1.0,0.5,0.0,0.0,0.0,0.5,0.018882141749035946,22561,0.03706442589754318,4.189317500609135e-05,0.03706439856996653,0.0001675180448710539,"{'classifier__ccp_alpha': np.float64(0.009240351155744253), 'classifier__max_depth': 16, 'classifier__max_features': 'log2', 'classifier__max_leaf_nodes': 13, 'classifier__min_impurity_decrease': np.float64(0.09791617846798668), 'classifier__min_samples_leaf': 1, 'classifier__min_samples_split': 9, 'classifier__n_estimators': 167, 'feature_selection_filter__k': 20}",105.49378252029419,"[1, 2, 3, 4, 5, 6, 7, 8, 9, 10, 11, 12, 14, 16, 17, 18, 19, 20, 21, 27]","['V1', 'V2', 'V3', 'V4', 'V5', 'V6', 'V7', 'V8', 'V9', 'V10', 'V11', 'V12', 'V14', 'V16', 'V17', 'V18', 'V19', 'V20', 'V21', 'V27']"
CostSensitiveLearning___RandomizedSearchCV__niter_30__cv_5,2,9,BalancedRandomForestClassifier,resubstitution,426,0,22135,0,0.018882141749035946,0.018882141749035946,1.0,0.03706442772001566,0.0,1.0,0.5,0.0,0.0,0.0,0.5,0.018882141749035946,22561,0.03706442589754318,4.189317500609135e-05,0.03706439856996653,0.0001675180448710539,"{'classifier__ccp_alpha': np.float64(0.0030087333004661875), 'classifier__max_depth': 9, 'classifier__max_features': 'sqrt', 'classifier__max_leaf_nodes': 17, 'classifier__min_impurity_decrease': np.float64(0.06316323553454099), 'classifier__min_samples_leaf': 2, 'classifier__min_samples_split': 4, 'classifier__n_estimators': 261, 'feature_selection_filter__k': 24}",96.84709310531616,"[0, 1, 2, 3, 4, 5, 6, 7, 8, 9, 10, 11, 12, 14, 16, 17, 18, 19, 20, 21, 24, 27, 28, 29]","['Amount_log1p', 'V1', 'V2', 'V3', 'V4', 'V5', 'V6', 'V7', 'V8', 'V9', 'V10', 'V11', 'V12', 'V14', 'V16', 'V17', 'V18', 'V19', 'V20', 'V21', 'V24', 'V27', 'V28', 'Time_sin']"
CostSensitiveLearning___RandomizedSearchCV__niter_30__cv_5,2,10,BalancedRandomForestClassifier,resubstitution,426,0,22135,0,0.018882141749035946,0.018882141749035946,1.0,0.03706442772001566,0.0,1.0,0.5,0.0,0.0,0.0,0.9891493301348638,0.8755465532222273,22561,0.03706482924054698,4.210209226928998e-05,0.03706761777689123,0.00016602551996682598,"{'classifier__ccp_alpha': np.float64(0.003176186266722566), 'classifier__max_depth': 16, 'classifier__max_features': 'log2', 'classifier__max_leaf_nodes': 19, 'classifier__min_impurity_decrease': np.float64(0.0017448193399611234), 'classifier__min_samples_leaf': 7, 'classifier__min_samples_split': 7, 'classifier__n_estimators': 828, 'feature_selection_filter__k': 28}",105.96513152122498,"[0, 1, 2, 3, 4, 5, 6, 7, 8, 9, 10, 11, 12, 14, 15, 16, 17, 18, 19, 20, 21, 22, 23, 24, 27, 28, 29, 30]","['Amount_log1p', 'V1', 'V2', 'V3', 'V4', 'V5', 'V6', 'V7', 'V8', 'V9', 'V10', 'V11', 'V12', 'V14', 'V15', 'V16', 'V17', 'V18', 'V19', 'V20', 'V21', 'V22', 'V23', 'V24', 'V27', 'V28', 'Time_sin', 'Time_cos']"
CostSensitiveLearning___RandomizedSearchCV__niter_30__cv_5,3,1,BalancedRandomForestClassifier,resubstitution,426,0,22134,0,0.018882978723404255,0.018882978723404255,1.0,0.037066040198381625,0.0,1.0,0.5,0.0,0.0,0.0,0.9857959161250446,0.8255835688649017,22560,0.037130733673099936,0.0001460382948700589,0.037129309452945014,0.0001854058296745922,"{'classifier__ccp_alpha': np.float64(0.0005682917782949237), 'classifier__max_depth': 14, 'classifier__max_features': 'sqrt', 'classifier__max_leaf_nodes': 18, 'classifier__min_impurity_decrease': np.float64(0.0034753106975925156), 'classifier__min_samples_leaf': 6, 'classifier__min_samples_split': 2, 'classifier__n_estimators': 144, 'feature_selection_filter__k': 22}",95.81555581092834,"[1, 2, 3, 4, 5, 6, 7, 8, 9, 10, 11, 12, 14, 16, 17, 18, 19, 20, 21, 27, 28, 29]","['V1', 'V2', 'V3', 'V4', 'V5', 'V6', 'V7', 'V8', 'V9', 'V10', 'V11', 'V12', 'V14', 'V16', 'V17', 'V18', 'V19', 'V20', 'V21', 'V27', 'V28', 'Time_sin']"
CostSensitiveLearning___RandomizedSearchCV__niter_30__cv_5,3,2,BalancedRandomForestClassifier,resubstitution,426,0,22134,0,0.018882978723404255,0.018882978723404255,1.0,0.037066040198381625,0.0,1.0,0.5,0.0,0.0,0.0,0.5,0.018882978723404255,22560,0.037066039269558405,4.26998610137036e-05,0.03706602533963419,0.0001707715842063917,"{'classifier__ccp_alpha': np.float64(0.0055394102250058645), 'classifier__max_depth': 14, 'classifier__max_features': 'log2', 'classifier__max_leaf_nodes': 2, 'classifier__min_impurity_decrease': np.float64(0.05256725610928528), 'classifier__min_samples_leaf': 3, 'classifier__min_samples_split': 8, 'classifier__n_estimators': 929, 'feature_selection_filter__k': 28}",111.10267400741577,"[0, 1, 2, 3, 4, 5, 6, 7, 8, 9, 10, 11, 12, 14, 16, 17, 18, 19, 20, 21, 22, 23, 24, 25, 26, 27, 28, 29]","['Amount_log1p', 'V1', 'V2', 'V3', 'V4', 'V5', 'V6', 'V7', 'V8', 'V9', 'V10', 'V11', 'V12', 'V14', 'V16', 'V17', 'V18', 'V19', 'V20', 'V21', 'V22', 'V23', 'V24', 'V25', 'V26', 'V27', 'V28', 'Time_sin']"
CostSensitiveLearning___RandomizedSearchCV__niter_30__cv_5,3,3,BalancedRandomForestClassifier,resubstitution,426,0,22134,0,0.018882978723404255,0.018882978723404255,1.0,0.037066040198381625,0.0,1.0,0.5,0.0,0.0,0.0,0.5,0.018882978723404255,22560,0.037066039269558405,4.26998610137036e-05,0.03706602533963419,0.0001707715842063917,"{'classifier__ccp_alpha': np.float64(0.003790985254337701), 'classifier__max_depth': 9, 'classifier__max_features': 'sqrt', 'classifier__max_leaf_nodes': 19, 'classifier__min_impurity_decrease': np.float64(0.04498588988554526), 'classifier__min_samples_leaf': 6, 'classifier__min_samples_split': 2, 'classifier__n_estimators': 131, 'feature_selection_filter__k': 20}",103.5486626625061,"[1, 2, 3, 4, 5, 6, 7, 8, 9, 10, 11, 12, 14, 16, 17, 18, 19, 20, 21, 27]","['V1', 'V2', 'V3', 'V4', 'V5', 'V6', 'V7', 'V8', 'V9', 'V10', 'V11', 'V12', 'V14', 'V16', 'V17', 'V18', 'V19', 'V20', 'V21', 'V27']"
CostSensitiveLearning___RandomizedSearchCV__niter_30__cv_5,3,4,BalancedRandomForestClassifier,resubstitution,426,0,22134,0,0.018882978723404255,0.018882978723404255,1.0,0.037066040198381625,0.0,1.0,0.5,0.0,0.0,0.0,0.9852695659514752,0.8168037227152383,22560,0.03712417252238762,0.00013350453282452254,0.037137501207856964,0.00019337033297852783,"{'classifier__ccp_alpha': np.float64(0.00345025529538485), 'classifier__max_depth': 18, 'classifier__max_features': 'log2', 'classifier__max_leaf_nodes': 10, 'classifier__min_impurity_decrease': np.float64(0.003371300555049628), 'classifier__min_samples_leaf': 3, 'classifier__min_samples_split': 2, 'classifier__n_estimators': 201, 'feature_selection_filter__k': 20}",102.14081740379333,"[1, 2, 3, 4, 5, 6, 7, 8, 9, 10, 11, 12, 14, 16, 17, 18, 19, 20, 21, 27]","['V1', 'V2', 'V3', 'V4', 'V5', 'V6', 'V7', 'V8', 'V9', 'V10', 'V11', 'V12', 'V14', 'V16', 'V17', 'V18', 'V19', 'V20', 'V21', 'V27']"
CostSensitiveLearning___RandomizedSearchCV__niter_30__cv_5,3,5,BalancedRandomForestClassifier,resubstitution,425,0,22135,0,0.018838652482269503,0.018838652482269503,1.0,0.036980639547530995,0.0,1.0,0.5,0.0,0.0,0.0,0.5,0.018838652482269503,22560,0.036980639547530995,0.0,0.036980639547530995,0.0,"{'classifier__ccp_alpha': np.float64(0.0015428757813127582), 'classifier__max_depth': 16, 'classifier__max_features': 'log2', 'classifier__max_leaf_nodes': 12, 'classifier__min_impurity_decrease': np.float64(0.09216329958916931), 'classifier__min_samples_leaf': 8, 'classifier__min_samples_split': 7, 'classifier__n_estimators': 353, 'feature_selection_filter__k': 'all'}",93.5621817111969,"[0, 1, 2, 3, 4, 5, 6, 7, 8, 9, 10, 11, 12, 13, 14, 15, 16, 17, 18, 19, 20, 21, 22, 23, 24, 25, 26, 27, 28, 29, 30]","['Amount_log1p', 'V1', 'V2', 'V3', 'V4', 'V5', 'V6', 'V7', 'V8', 'V9', 'V10', 'V11', 'V12', 'V13', 'V14', 'V15', 'V16', 'V17', 'V18', 'V19', 'V20', 'V21', 'V22', 'V23', 'V24', 'V25', 'V26', 'V27', 'V28', 'Time_sin', 'Time_cos']"
CostSensitiveLearning___RandomizedSearchCV__niter_30__cv_5,3,6,BalancedRandomForestClassifier,resubstitution,425,0,22135,0,0.018838652482269503,0.018838652482269503,1.0,0.036980639547530995,0.0,1.0,0.5,0.0,0.0,0.0,0.5,0.018838652482269503,22560,0.036980639547530995,0.0,0.036980639547530995,0.0,"{'classifier__ccp_alpha': np.float64(0.005458514299349786), 'classifier__max_depth': 13, 'classifier__max_features': 'log2', 'classifier__max_leaf_nodes': 9, 'classifier__min_impurity_decrease': np.float64(0.06210095758109675), 'classifier__min_samples_leaf': 4, 'classifier__min_samples_split': 8, 'classifier__n_estimators': 573, 'feature_selection_filter__k': 'all'}",91.0619432926178,"[0, 1, 2, 3, 4, 5, 6, 7, 8, 9, 10, 11, 12, 13, 14, 15, 16, 17, 18, 19, 20, 21, 22, 23, 24, 25, 26, 27, 28, 29, 30]","['Amount_log1p', 'V1', 'V2', 'V3', 'V4', 'V5', 'V6', 'V7', 'V8', 'V9', 'V10', 'V11', 'V12', 'V13', 'V14', 'V15', 'V16', 'V17', 'V18', 'V19', 'V20', 'V21', 'V22', 'V23', 'V24', 'V25', 'V26', 'V27', 'V28', 'Time_sin', 'Time_cos']"
CostSensitiveLearning___RandomizedSearchCV__niter_30__cv_5,3,7,BalancedRandomForestClassifier,resubstitution,425,35,22100,0,0.020390070921985817,0.018867924528301886,1.0,0.037037037037037035,0.001581206234470296,0.9984187937655297,0.5007906031172351,0.03976438399460371,0.005462058210570989,5.966637969978539e-05,0.9910981012237738,0.8786322251615025,22560,0.04034678827213234,0.0028097705243020753,0.04031384896024543,0.002879540442012637,"{'classifier__ccp_alpha': np.float64(0.002962672844961487), 'classifier__max_depth': 14, 'classifier__max_features': 'log2', 'classifier__max_leaf_nodes': 11, 'classifier__min_impurity_decrease': np.float64(0.0015894399656419035), 'classifier__min_samples_leaf': 5, 'classifier__min_samples_split': 9, 'classifier__n_estimators': 242, 'feature_selection_filter__k': 24}",91.86905455589294,"[1, 2, 3, 4, 5, 6, 7, 8, 9, 10, 11, 12, 14, 16, 17, 18, 19, 20, 21, 23, 24, 27, 28, 29]","['V1', 'V2', 'V3', 'V4', 'V5', 'V6', 'V7', 'V8', 'V9', 'V10', 'V11', 'V12', 'V14', 'V16', 'V17', 'V18', 'V19', 'V20', 'V21', 'V23', 'V24', 'V27', 'V28', 'Time_sin']"
CostSensitiveLearning___RandomizedSearchCV__niter_30__cv_5,3,8,BalancedRandomForestClassifier,resubstitution,426,0,22135,0,0.018882141749035946,0.018882141749035946,1.0,0.03706442772001566,0.0,1.0,0.5,0.0,0.0,0.0,0.5,0.018882141749035946,22561,0.03706442589754318,4.189317500609135e-05,0.03706439856996653,0.0001675180448710539,"{'classifier__ccp_alpha': np.float64(0.0029624916167243355), 'classifier__max_depth': 12, 'classifier__max_features': 'log2', 'classifier__max_leaf_nodes': 19, 'classifier__min_impurity_decrease': np.float64(0.05613489757705725), 'classifier__min_samples_leaf': 9, 'classifier__min_samples_split': 3, 'classifier__n_estimators': 906, 'feature_selection_filter__k': 20}",110.4065248966217,"[1, 2, 3, 4, 5, 6, 7, 8, 9, 10, 11, 12, 14, 16, 17, 18, 19, 20, 21, 27]","['V1', 'V2', 'V3', 'V4', 'V5', 'V6', 'V7', 'V8', 'V9', 'V10', 'V11', 'V12', 'V14', 'V16', 'V17', 'V18', 'V19', 'V20', 'V21', 'V27']"
CostSensitiveLearning___RandomizedSearchCV__niter_30__cv_5,3,9,BalancedRandomForestClassifier,resubstitution,426,0,22135,0,0.018882141749035946,0.018882141749035946,1.0,0.03706442772001566,0.0,1.0,0.5,0.0,0.0,0.0,0.7063080690300981,0.03184182662528842,22561,0.03706442589754318,4.189317500609135e-05,0.03706439856996653,0.0001675180448710539,"{'classifier__ccp_alpha': np.float64(0.009274805386189588), 'classifier__max_depth': 3, 'classifier__max_features': 'sqrt', 'classifier__max_leaf_nodes': 16, 'classifier__min_impurity_decrease': np.float64(0.00323902656103231), 'classifier__min_samples_leaf': 8, 'classifier__min_samples_split': 2, 'classifier__n_estimators': 379, 'feature_selection_filter__k': 28}",113.51184940338135,"[0, 1, 2, 3, 4, 5, 6, 7, 8, 9, 10, 11, 12, 13, 14, 16, 17, 18, 19, 20, 21, 22, 24, 25, 27, 28, 29, 30]","['Amount_log1p', 'V1', 'V2', 'V3', 'V4', 'V5', 'V6', 'V7', 'V8', 'V9', 'V10', 'V11', 'V12', 'V13', 'V14', 'V16', 'V17', 'V18', 'V19', 'V20', 'V21', 'V22', 'V24', 'V25', 'V27', 'V28', 'Time_sin', 'Time_cos']"
CostSensitiveLearning___RandomizedSearchCV__niter_30__cv_5,3,10,BalancedRandomForestClassifier,resubstitution,426,0,22135,0,0.018882141749035946,0.018882141749035946,1.0,0.03706442772001566,0.0,1.0,0.5,0.0,0.0,0.0,0.9886384870475772,0.8468723124507271,22561,0.03716374529484153,0.00021300989113992797,0.03716551432087929,0.00022808148278510984,"{'classifier__ccp_alpha': np.float64(0.003695627506418979), 'classifier__max_depth': 10, 'classifier__max_features': 'sqrt', 'classifier__max_leaf_nodes': 8, 'classifier__min_impurity_decrease': np.float64(0.002333337605301811), 'classifier__min_samples_leaf': 7, 'classifier__min_samples_split': 7, 'classifier__n_estimators': 251, 'feature_selection_filter__k': 'all'}",107.3107340335846,"[0, 1, 2, 3, 4, 5, 6, 7, 8, 9, 10, 11, 12, 13, 14, 15, 16, 17, 18, 19, 20, 21, 22, 23, 24, 25, 26, 27, 28, 29, 30]","['Amount_log1p', 'V1', 'V2', 'V3', 'V4', 'V5', 'V6', 'V7', 'V8', 'V9', 'V10', 'V11', 'V12', 'V13', 'V14', 'V15', 'V16', 'V17', 'V18', 'V19', 'V20', 'V21', 'V22', 'V23', 'V24', 'V25', 'V26', 'V27', 'V28', 'Time_sin', 'Time_cos']"
CostSensitiveLearning___RandomizedSearchCV__niter_30__cv_5,4,1,BalancedRandomForestClassifier,resubstitution,426,0,22134,0,0.018882978723404255,0.018882978723404255,1.0,0.037066040198381625,0.0,1.0,0.5,0.0,0.0,0.0,0.988294090921239,0.8833147482981548,22560,0.03712294358747181,0.00013116969995137455,0.03713914171835295,0.00019509165408828486,"{'classifier__ccp_alpha': np.float64(0.004360168025274725), 'classifier__max_depth': 17, 'classifier__max_features': 'log2', 'classifier__max_leaf_nodes': 5, 'classifier__min_impurity_decrease': np.float64(0.001809680887677201), 'classifier__min_samples_leaf': 5, 'classifier__min_samples_split': 7, 'classifier__n_estimators': 769, 'feature_selection_filter__k': 20}",85.76235628128052,"[1, 2, 3, 4, 5, 6, 7, 8, 9, 10, 11, 12, 14, 16, 17, 18, 19, 20, 21, 27]","['V1', 'V2', 'V3', 'V4', 'V5', 'V6', 'V7', 'V8', 'V9', 'V10', 'V11', 'V12', 'V14', 'V16', 'V17', 'V18', 'V19', 'V20', 'V21', 'V27']"
CostSensitiveLearning___RandomizedSearchCV__niter_30__cv_5,4,2,BalancedRandomForestClassifier,resubstitution,426,0,22134,0,0.018882978723404255,0.018882978723404255,1.0,0.037066040198381625,0.0,1.0,0.5,0.0,0.0,0.0,0.5,0.018882978723404255,22560,0.037066039269558405,4.26998610137036e-05,0.03706602533963419,0.0001707715842063917,"{'classifier__ccp_alpha': np.float64(0.00642689915786079), 'classifier__max_depth': 17, 'classifier__max_features': 'sqrt', 'classifier__max_leaf_nodes': 18, 'classifier__min_impurity_decrease': np.float64(0.017338118411792235), 'classifier__min_samples_leaf': 2, 'classifier__min_samples_split': 8, 'classifier__n_estimators': 462, 'feature_selection_filter__k': 22}",93.05366468429565,"[1, 2, 3, 4, 5, 6, 7, 8, 9, 10, 11, 12, 14, 16, 17, 18, 19, 20, 21, 27, 28, 29]","['V1', 'V2', 'V3', 'V4', 'V5', 'V6', 'V7', 'V8', 'V9', 'V10', 'V11', 'V12', 'V14', 'V16', 'V17', 'V18', 'V19', 'V20', 'V21', 'V27', 'V28', 'Time_sin']"
CostSensitiveLearning___RandomizedSearchCV__niter_30__cv_5,4,3,BalancedRandomForestClassifier,resubstitution,426,0,22134,0,0.018882978723404255,0.018882978723404255,1.0,0.037066040198381625,0.0,1.0,0.5,0.0,0.0,0.0,0.5,0.018882978723404255,22560,0.037066039269558405,4.26998610137036e-05,0.03706602533963419,0.0001707715842063917,"{'classifier__ccp_alpha': np.float64(0.0020220229343024133), 'classifier__max_depth': 12, 'classifier__max_features': 'log2', 'classifier__max_leaf_nodes': 6, 'classifier__min_impurity_decrease': np.float64(0.03270852010814347), 'classifier__min_samples_leaf': 6, 'classifier__min_samples_split': 5, 'classifier__n_estimators': 899, 'feature_selection_filter__k': 22}",113.156005859375,"[1, 2, 3, 4, 5, 6, 7, 8, 9, 10, 11, 12, 14, 16, 17, 18, 19, 20, 21, 27, 28, 29]","['V1', 'V2', 'V3', 'V4', 'V5', 'V6', 'V7', 'V8', 'V9', 'V10', 'V11', 'V12', 'V14', 'V16', 'V17', 'V18', 'V19', 'V20', 'V21', 'V27', 'V28', 'Time_sin']"
CostSensitiveLearning___RandomizedSearchCV__niter_30__cv_5,4,4,BalancedRandomForestClassifier,resubstitution,426,11825,10309,0,0.543040780141844,0.03968327899394504,1.0,0.07633724576650838,0.5342459564470949,0.46575404355290506,0.7671229782235475,0.7309213066035871,0.14560436580362923,0.04152099144951704,0.9946001117393801,0.8970398648374135,22560,0.09178382388551347,0.013512888043945525,0.08878447163973341,0.009884497164319448,"{'classifier__ccp_alpha': np.float64(0.001140913965735), 'classifier__max_depth': 16, 'classifier__max_features': 'sqrt', 'classifier__max_leaf_nodes': 15, 'classifier__min_impurity_decrease': np.float64(0.0009172780543765358), 'classifier__min_samples_leaf': 8, 'classifier__min_samples_split': 2, 'classifier__n_estimators': 393, 'feature_selection_filter__k': 20}",100.21806764602661,"[1, 2, 3, 4, 5, 6, 7, 8, 9, 10, 11, 12, 14, 16, 17, 18, 19, 20, 21, 27]","['V1', 'V2', 'V3', 'V4', 'V5', 'V6', 'V7', 'V8', 'V9', 'V10', 'V11', 'V12', 'V14', 'V16', 'V17', 'V18', 'V19', 'V20', 'V21', 'V27']"
CostSensitiveLearning___RandomizedSearchCV__niter_30__cv_5,4,5,BalancedRandomForestClassifier,resubstitution,425,0,22135,0,0.018838652482269503,0.018838652482269503,1.0,0.036980639547530995,0.0,1.0,0.5,0.0,0.0,0.0,0.5,0.018838652482269503,22560,0.036980639547530995,0.0,0.036980639547530995,0.0,"{'classifier__ccp_alpha': np.float64(0.003108297997563553), 'classifier__max_depth': 10, 'classifier__max_features': 'sqrt', 'classifier__max_leaf_nodes': 12, 'classifier__min_impurity_decrease': np.float64(0.01937135186735427), 'classifier__min_samples_leaf': 3, 'classifier__min_samples_split': 7, 'classifier__n_estimators': 140, 'feature_selection_filter__k': 28}",83.79968500137329,"[0, 1, 2, 3, 4, 5, 6, 7, 8, 9, 10, 11, 12, 13, 14, 16, 17, 18, 19, 20, 21, 22, 23, 24, 26, 27, 28, 29]","['Amount_log1p', 'V1', 'V2', 'V3', 'V4', 'V5', 'V6', 'V7', 'V8', 'V9', 'V10', 'V11', 'V12', 'V13', 'V14', 'V16', 'V17', 'V18', 'V19', 'V20', 'V21', 'V22', 'V23', 'V24', 'V26', 'V27', 'V28', 'Time_sin']"
CostSensitiveLearning___RandomizedSearchCV__niter_30__cv_5,4,6,BalancedRandomForestClassifier,resubstitution,425,0,22135,0,0.018838652482269503,0.018838652482269503,1.0,0.036980639547530995,0.0,1.0,0.5,0.0,0.0,0.0,0.5,0.018838652482269503,22560,0.036980639547530995,0.0,0.036980639547530995,0.0,"{'classifier__ccp_alpha': np.float64(0.009191090317991818), 'classifier__max_depth': 14, 'classifier__max_features': 'log2', 'classifier__max_leaf_nodes': 2, 'classifier__min_impurity_decrease': np.float64(0.034115110179783435), 'classifier__min_samples_leaf': 6, 'classifier__min_samples_split': 6, 'classifier__n_estimators': 887, 'feature_selection_filter__k': 20}",109.44878053665161,"[1, 2, 3, 4, 5, 6, 7, 8, 9, 10, 11, 12, 14, 16, 17, 18, 19, 20, 21, 27]","['V1', 'V2', 'V3', 'V4', 'V5', 'V6', 'V7', 'V8', 'V9', 'V10', 'V11', 'V12', 'V14', 'V16', 'V17', 'V18', 'V19', 'V20', 'V21', 'V27']"
CostSensitiveLearning___RandomizedSearchCV__niter_30__cv_5,4,7,BalancedRandomForestClassifier,resubstitution,425,0,22135,0,0.018838652482269503,0.018838652482269503,1.0,0.036980639547530995,0.0,1.0,0.5,0.0,0.0,0.0,0.5,0.018838652482269503,22560,0.036980639547530995,0.0,0.036980639547530995,0.0,"{'classifier__ccp_alpha': np.float64(0.0004818122750023768), 'classifier__max_depth': 11, 'classifier__max_features': 'log2', 'classifier__max_leaf_nodes': 16, 'classifier__min_impurity_decrease': np.float64(0.08312348765608482), 'classifier__min_samples_leaf': 9, 'classifier__min_samples_split': 5, 'classifier__n_estimators': 808, 'feature_selection_filter__k': 28}",109.08622407913208,"[0, 1, 2, 3, 4, 5, 6, 7, 8, 9, 10, 11, 12, 14, 15, 16, 17, 18, 19, 20, 21, 23, 24, 25, 27, 28, 29, 30]","['Amount_log1p', 'V1', 'V2', 'V3', 'V4', 'V5', 'V6', 'V7', 'V8', 'V9', 'V10', 'V11', 'V12', 'V14', 'V15', 'V16', 'V17', 'V18', 'V19', 'V20', 'V21', 'V23', 'V24', 'V25', 'V27', 'V28', 'Time_sin', 'Time_cos']"
CostSensitiveLearning___RandomizedSearchCV__niter_30__cv_5,4,8,BalancedRandomForestClassifier,resubstitution,426,0,22135,0,0.018882141749035946,0.018882141749035946,1.0,0.03706442772001566,0.0,1.0,0.5,0.0,0.0,0.0,0.5,0.018882141749035946,22561,0.03706442589754318,4.189317500609135e-05,0.03706439856996653,0.0001675180448710539,"{'classifier__ccp_alpha': np.float64(0.005006681263403812), 'classifier__max_depth': 13, 'classifier__max_features': 'log2', 'classifier__max_leaf_nodes': 10, 'classifier__min_impurity_decrease': np.float64(0.08202779358194151), 'classifier__min_samples_leaf': 2, 'classifier__min_samples_split': 9, 'classifier__n_estimators': 718, 'feature_selection_filter__k': 26}",95.76798415184021,"[0, 1, 2, 3, 4, 5, 6, 7, 8, 9, 10, 11, 12, 14, 16, 17, 18, 19, 20, 21, 23, 24, 27, 28, 29, 30]","['Amount_log1p', 'V1', 'V2', 'V3', 'V4', 'V5', 'V6', 'V7', 'V8', 'V9', 'V10', 'V11', 'V12', 'V14', 'V16', 'V17', 'V18', 'V19', 'V20', 'V21', 'V23', 'V24', 'V27', 'V28', 'Time_sin', 'Time_cos']"
CostSensitiveLearning___RandomizedSearchCV__niter_30__cv_5,4,9,BalancedRandomForestClassifier,resubstitution,426,579,21556,0,0.04454589778821861,0.01937949231189155,1.0,0.03802213495180293,0.02615766885023718,0.9738423311497628,0.5130788344251186,0.16173332634382187,0.02251493598436772,0.001013331004633744,0.9921101414601607,0.8868878230275365,22561,0.04389622245728678,0.0029297019792261614,0.04384813451781019,0.002892554523304892,"{'classifier__ccp_alpha': np.float64(0.0025752082404325504), 'classifier__max_depth': 19, 'classifier__max_features': 'log2', 'classifier__max_leaf_nodes': 14, 'classifier__min_impurity_decrease': np.float64(0.0015691041386025285), 'classifier__min_samples_leaf': 3, 'classifier__min_samples_split': 8, 'classifier__n_estimators': 263, 'feature_selection_filter__k': 24}",93.05735158920288,"[0, 1, 2, 3, 4, 5, 6, 7, 8, 9, 10, 11, 12, 14, 16, 17, 18, 19, 20, 21, 24, 27, 28, 29]","['Amount_log1p', 'V1', 'V2', 'V3', 'V4', 'V5', 'V6', 'V7', 'V8', 'V9', 'V10', 'V11', 'V12', 'V14', 'V16', 'V17', 'V18', 'V19', 'V20', 'V21', 'V24', 'V27', 'V28', 'Time_sin']"
CostSensitiveLearning___RandomizedSearchCV__niter_30__cv_5,4,10,BalancedRandomForestClassifier,resubstitution,426,0,22135,0,0.018882141749035946,0.018882141749035946,1.0,0.03706442772001566,0.0,1.0,0.5,0.0,0.0,0.0,0.5,0.018882141749035946,22561,0.03706442589754318,4.189317500609135e-05,0.03706439856996653,0.0001675180448710539,"{'classifier__ccp_alpha': np.float64(0.003554191178052365), 'classifier__max_depth': 17, 'classifier__max_features': 'log2', 'classifier__max_leaf_nodes': 13, 'classifier__min_impurity_decrease': np.float64(0.09138191856450266), 'classifier__min_samples_leaf': 2, 'classifier__min_samples_split': 7, 'classifier__n_estimators': 142, 'feature_selection_filter__k': 22}",99.55302906036377,"[1, 2, 3, 4, 5, 6, 7, 8, 9, 10, 11, 12, 14, 16, 17, 18, 19, 20, 21, 27, 28, 29]","['V1', 'V2', 'V3', 'V4', 'V5', 'V6', 'V7', 'V8', 'V9', 'V10', 'V11', 'V12', 'V14', 'V16', 'V17', 'V18', 'V19', 'V20', 'V21', 'V27', 'V28', 'Time_sin']"
CostSensitiveLearning___RandomizedSearchCV__niter_30__cv_5,5,1,BalancedRandomForestClassifier,resubstitution,426,0,22134,0,0.018882978723404255,0.018882978723404255,1.0,0.037066040198381625,0.0,1.0,0.5,0.0,0.0,0.0,0.5,0.018882978723404255,22560,0.037066039269558405,4.26998610137036e-05,0.03706602533963419,0.0001707715842063917,"{'classifier__ccp_alpha': np.float64(0.002752256698013377), 'classifier__max_depth': 6, 'classifier__max_features': 'log2', 'classifier__max_leaf_nodes': 15, 'classifier__min_impurity_decrease': np.float64(0.07806442586931758), 'classifier__min_samples_leaf': 3, 'classifier__min_samples_split': 8, 'classifier__n_estimators': 180, 'feature_selection_filter__k': 24}",95.41447687149048,"[0, 1, 2, 3, 4, 5, 6, 7, 8, 9, 10, 11, 12, 14, 16, 17, 18, 19, 20, 21, 24, 27, 28, 29]","['Amount_log1p', 'V1', 'V2', 'V3', 'V4', 'V5', 'V6', 'V7', 'V8', 'V9', 'V10', 'V11', 'V12', 'V14', 'V16', 'V17', 'V18', 'V19', 'V20', 'V21', 'V24', 'V27', 'V28', 'Time_sin']"
CostSensitiveLearning___RandomizedSearchCV__niter_30__cv_5,5,2,BalancedRandomForestClassifier,resubstitution,426,0,22134,0,0.018882978723404255,0.018882978723404255,1.0,0.037066040198381625,0.0,1.0,0.5,0.0,0.0,0.0,0.5,0.018882978723404255,22560,0.037066039269558405,4.26998610137036e-05,0.03706602533963419,0.0001707715842063917,"{'classifier__ccp_alpha': np.float64(0.002570424271051399), 'classifier__max_depth': 11, 'classifier__max_features': 'log2', 'classifier__max_leaf_nodes': 2, 'classifier__min_impurity_decrease': np.float64(0.09068535028184238), 'classifier__min_samples_leaf': 4, 'classifier__min_samples_split': 6, 'classifier__n_estimators': 355, 'feature_selection_filter__k': 24}",83.13575267791748,"[0, 1, 2, 3, 4, 5, 6, 7, 8, 9, 10, 11, 12, 14, 16, 17, 18, 19, 20, 21, 24, 27, 28, 29]","['Amount_log1p', 'V1', 'V2', 'V3', 'V4', 'V5', 'V6', 'V7', 'V8', 'V9', 'V10', 'V11', 'V12', 'V14', 'V16', 'V17', 'V18', 'V19', 'V20', 'V21', 'V24', 'V27', 'V28', 'Time_sin']"
CostSensitiveLearning___RandomizedSearchCV__niter_30__cv_5,5,3,BalancedRandomForestClassifier,resubstitution,426,0,22134,0,0.018882978723404255,0.018882978723404255,1.0,0.037066040198381625,0.0,1.0,0.5,0.0,0.0,0.0,0.5,0.018882978723404255,22560,0.037066039269558405,4.26998610137036e-05,0.03706602533963419,0.0001707715842063917,"{'classifier__ccp_alpha': np.float64(0.0004604099363148551), 'classifier__max_depth': 17, 'classifier__max_features': 'log2', 'classifier__max_leaf_nodes': 2, 'classifier__min_impurity_decrease': np.float64(0.07267563874318304), 'classifier__min_samples_leaf': 5, 'classifier__min_samples_split': 3, 'classifier__n_estimators': 989, 'feature_selection_filter__k': 'all'}",109.69292259216309,"[0, 1, 2, 3, 4, 5, 6, 7, 8, 9, 10, 11, 12, 13, 14, 15, 16, 17, 18, 19, 20, 21, 22, 23, 24, 25, 26, 27, 28, 29, 30]","['Amount_log1p', 'V1', 'V2', 'V3', 'V4', 'V5', 'V6', 'V7', 'V8', 'V9', 'V10', 'V11', 'V12', 'V13', 'V14', 'V15', 'V16', 'V17', 'V18', 'V19', 'V20', 'V21', 'V22', 'V23', 'V24', 'V25', 'V26', 'V27', 'V28', 'Time_sin', 'Time_cos']"
CostSensitiveLearning___RandomizedSearchCV__niter_30__cv_5,5,4,BalancedRandomForestClassifier,resubstitution,426,11984,10150,0,0.5500886524822695,0.04027987897125567,1.0,0.07744046536993274,0.5414294750158127,0.45857052498418727,0.7707147375079064,0.7358189145542623,0.14767773605085985,0.0426864900096644,0.99518617078817,0.9009303238502578,22560,0.09612829312386002,0.012028727488110085,0.09360461796681617,0.010998690424196336,"{'classifier__ccp_alpha': np.float64(0.0018296085048042977), 'classifier__max_depth': 6, 'classifier__max_features': 'sqrt', 'classifier__max_leaf_nodes': 18, 'classifier__min_impurity_decrease': np.float64(8.371144428263034e-05), 'classifier__min_samples_leaf': 1, 'classifier__min_samples_split': 6, 'classifier__n_estimators': 623, 'feature_selection_filter__k': 26}",100.08590006828308,"[0, 1, 2, 3, 4, 5, 6, 7, 8, 9, 10, 11, 12, 14, 16, 17, 18, 19, 20, 21, 23, 24, 27, 28, 29, 30]","['Amount_log1p', 'V1', 'V2', 'V3', 'V4', 'V5', 'V6', 'V7', 'V8', 'V9', 'V10', 'V11', 'V12', 'V14', 'V16', 'V17', 'V18', 'V19', 'V20', 'V21', 'V23', 'V24', 'V27', 'V28', 'Time_sin', 'Time_cos']"
CostSensitiveLearning___RandomizedSearchCV__niter_30__cv_5,5,5,BalancedRandomForestClassifier,resubstitution,425,0,22135,0,0.018838652482269503,0.018838652482269503,1.0,0.036980639547530995,0.0,1.0,0.5,0.0,0.0,0.0,0.6853962981171686,0.02964688483136801,22560,0.036980639547530995,0.0,0.036980639547530995,0.0,"{'classifier__ccp_alpha': np.float64(0.002026069536288905), 'classifier__max_depth': 15, 'classifier__max_features': 'sqrt', 'classifier__max_leaf_nodes': 5, 'classifier__min_impurity_decrease': np.float64(0.011280624385619765), 'classifier__min_samples_leaf': 2, 'classifier__min_samples_split': 4, 'classifier__n_estimators': 881, 'feature_selection_filter__k': 20}",105.36715054512024,"[1, 2, 3, 4, 5, 6, 7, 8, 9, 10, 11, 12, 14, 16, 17, 18, 19, 20, 21, 27]","['V1', 'V2', 'V3', 'V4', 'V5', 'V6', 'V7', 'V8', 'V9', 'V10', 'V11', 'V12', 'V14', 'V16', 'V17', 'V18', 'V19', 'V20', 'V21', 'V27']"
CostSensitiveLearning___RandomizedSearchCV__niter_30__cv_5,5,6,BalancedRandomForestClassifier,resubstitution,425,0,22135,0,0.018838652482269503,0.018838652482269503,1.0,0.036980639547530995,0.0,1.0,0.5,0.0,0.0,0.0,0.6688717628456398,0.028211925222735555,22560,0.036980639547530995,0.0,0.036980639547530995,0.0,"{'classifier__ccp_alpha': np.float64(0.006562641852329568), 'classifier__max_depth': 18, 'classifier__max_features': 'log2', 'classifier__max_leaf_nodes': 8, 'classifier__min_impurity_decrease': np.float64(0.009783217731538719), 'classifier__min_samples_leaf': 1, 'classifier__min_samples_split': 3, 'classifier__n_estimators': 672, 'feature_selection_filter__k': 20}",108.89862489700317,"[1, 2, 3, 4, 5, 6, 7, 8, 9, 10, 11, 12, 14, 16, 17, 18, 19, 20, 21, 27]","['V1', 'V2', 'V3', 'V4', 'V5', 'V6', 'V7', 'V8', 'V9', 'V10', 'V11', 'V12', 'V14', 'V16', 'V17', 'V18', 'V19', 'V20', 'V21', 'V27']"
CostSensitiveLearning___RandomizedSearchCV__niter_30__cv_5,5,7,BalancedRandomForestClassifier,resubstitution,425,784,21351,0,0.05359042553191489,0.019516899338721527,1.0,0.03828656366830323,0.03541901965213463,0.9645809803478653,0.5177095098260673,0.18819941459030798,0.0262920033703579,0.0013815838357676968,0.9904413824260221,0.8738791012941639,22560,0.045496211301407,0.0033404127824155235,0.045148147920353474,0.0027704843858455,"{'classifier__ccp_alpha': np.float64(0.0033519948637027396), 'classifier__max_depth': 9, 'classifier__max_features': 'log2', 'classifier__max_leaf_nodes': 17, 'classifier__min_impurity_decrease': np.float64(0.0002407874896818596), 'classifier__min_samples_leaf': 4, 'classifier__min_samples_split': 5, 'classifier__n_estimators': 268, 'feature_selection_filter__k': 20}",103.2885992527008,"[1, 2, 3, 4, 5, 6, 7, 8, 9, 10, 11, 12, 14, 16, 17, 18, 19, 20, 21, 27]","['V1', 'V2', 'V3', 'V4', 'V5', 'V6', 'V7', 'V8', 'V9', 'V10', 'V11', 'V12', 'V14', 'V16', 'V17', 'V18', 'V19', 'V20', 'V21', 'V27']"
CostSensitiveLearning___RandomizedSearchCV__niter_30__cv_5,5,8,BalancedRandomForestClassifier,resubstitution,426,0,22135,0,0.018882141749035946,0.018882141749035946,1.0,0.03706442772001566,0.0,1.0,0.5,0.0,0.0,0.0,0.7058929361122688,0.03179074964667631,22561,0.03706442589754318,4.189317500609135e-05,0.03706439856996653,0.0001675180448710539,"{'classifier__ccp_alpha': np.float64(0.00499694320468834), 'classifier__max_depth': 7, 'classifier__max_features': 'log2', 'classifier__max_leaf_nodes': 13, 'classifier__min_impurity_decrease': np.float64(0.009692170943916412), 'classifier__min_samples_leaf': 9, 'classifier__min_samples_split': 4, 'classifier__n_estimators': 352, 'feature_selection_filter__k': 22}",104.17320132255554,"[1, 2, 3, 4, 5, 6, 7, 8, 9, 10, 11, 12, 14, 16, 17, 18, 19, 20, 21, 27, 28, 29]","['V1', 'V2', 'V3', 'V4', 'V5', 'V6', 'V7', 'V8', 'V9', 'V10', 'V11', 'V12', 'V14', 'V16', 'V17', 'V18', 'V19', 'V20', 'V21', 'V27', 'V28', 'Time_sin']"
CostSensitiveLearning___RandomizedSearchCV__niter_30__cv_5,5,9,BalancedRandomForestClassifier,resubstitution,426,0,22135,0,0.018882141749035946,0.018882141749035946,1.0,0.03706442772001566,0.0,1.0,0.5,0.0,0.0,0.0,0.5,0.018882141749035946,22561,0.03706442589754318,4.189317500609135e-05,0.03706439856996653,0.0001675180448710539,"{'classifier__ccp_alpha': np.float64(0.001530541987661469), 'classifier__max_depth': 6, 'classifier__max_features': 'log2', 'classifier__max_leaf_nodes': 6, 'classifier__min_impurity_decrease': np.float64(0.04098421423590053), 'classifier__min_samples_leaf': 3, 'classifier__min_samples_split': 4, 'classifier__n_estimators': 580, 'feature_selection_filter__k': 26}",102.07729864120483,"[0, 1, 2, 3, 4, 5, 6, 7, 8, 9, 10, 11, 12, 14, 16, 17, 18, 19, 20, 21, 22, 23, 24, 27, 28, 29]","['Amount_log1p', 'V1', 'V2', 'V3', 'V4', 'V5', 'V6', 'V7', 'V8', 'V9', 'V10', 'V11', 'V12', 'V14', 'V16', 'V17', 'V18', 'V19', 'V20', 'V21', 'V22', 'V23', 'V24', 'V27', 'V28', 'Time_sin']"
CostSensitiveLearning___RandomizedSearchCV__niter_30__cv_5,5,10,BalancedRandomForestClassifier,resubstitution,426,0,22135,0,0.018882141749035946,0.018882141749035946,1.0,0.03706442772001566,0.0,1.0,0.5,0.0,0.0,0.0,0.5,0.018882141749035946,22561,0.03706442589754318,4.189317500609135e-05,0.03706439856996653,0.0001675180448710539,"{'classifier__ccp_alpha': np.float64(0.0020100359611797394), 'classifier__max_depth': 13, 'classifier__max_features': 'sqrt', 'classifier__max_leaf_nodes': 16, 'classifier__min_impurity_decrease': np.float64(0.03330788124976835), 'classifier__min_samples_leaf': 3, 'classifier__min_samples_split': 6, 'classifier__n_estimators': 782, 'feature_selection_filter__k': 'all'}",107.09945321083069,"[0, 1, 2, 3, 4, 5, 6, 7, 8, 9, 10, 11, 12, 13, 14, 15, 16, 17, 18, 19, 20, 21, 22, 23, 24, 25, 26, 27, 28, 29, 30]","['Amount_log1p', 'V1', 'V2', 'V3', 'V4', 'V5', 'V6', 'V7', 'V8', 'V9', 'V10', 'V11', 'V12', 'V13', 'V14', 'V15', 'V16', 'V17', 'V18', 'V19', 'V20', 'V21', 'V22', 'V23', 'V24', 'V25', 'V26', 'V27', 'V28', 'Time_sin', 'Time_cos']"
CostSensitiveLearning___RandomizedSearchCV__niter_30__cv_5,6,1,BalancedRandomForestClassifier,resubstitution,426,0,22134,0,0.018882978723404255,0.018882978723404255,1.0,0.037066040198381625,0.0,1.0,0.5,0.0,0.0,0.0,0.5,0.018882978723404255,22560,0.037066039269558405,4.26998610137036e-05,0.03706602533963419,0.0001707715842063917,"{'classifier__ccp_alpha': np.float64(0.008858804994376258), 'classifier__max_depth': 6, 'classifier__max_features': 'sqrt', 'classifier__max_leaf_nodes': 13, 'classifier__min_impurity_decrease': np.float64(0.08242742305909817), 'classifier__min_samples_leaf': 8, 'classifier__min_samples_split': 4, 'classifier__n_estimators': 690, 'feature_selection_filter__k': 24}",98.52821660041809,"[0, 1, 2, 3, 4, 5, 6, 7, 8, 9, 10, 11, 12, 14, 16, 17, 18, 19, 20, 21, 24, 27, 28, 29]","['Amount_log1p', 'V1', 'V2', 'V3', 'V4', 'V5', 'V6', 'V7', 'V8', 'V9', 'V10', 'V11', 'V12', 'V14', 'V16', 'V17', 'V18', 'V19', 'V20', 'V21', 'V24', 'V27', 'V28', 'Time_sin']"
CostSensitiveLearning___RandomizedSearchCV__niter_30__cv_5,6,2,BalancedRandomForestClassifier,resubstitution,426,0,22134,0,0.018882978723404255,0.018882978723404255,1.0,0.037066040198381625,0.0,1.0,0.5,0.0,0.0,0.0,0.5,0.018882978723404255,22560,0.037066039269558405,4.26998610137036e-05,0.03706602533963419,0.0001707715842063917,"{'classifier__ccp_alpha': np.float64(0.006063543377764755), 'classifier__max_depth': 7, 'classifier__max_features': 'sqrt', 'classifier__max_leaf_nodes': 17, 'classifier__min_impurity_decrease': np.float64(0.022252073855700705), 'classifier__min_samples_leaf': 1, 'classifier__min_samples_split': 7, 'classifier__n_estimators': 337, 'feature_selection_filter__k': 28}",96.8851568698883,"[0, 1, 2, 3, 4, 5, 6, 7, 8, 9, 10, 11, 12, 13, 14, 16, 17, 18, 19, 20, 21, 22, 23, 24, 27, 28, 29, 30]","['Amount_log1p', 'V1', 'V2', 'V3', 'V4', 'V5', 'V6', 'V7', 'V8', 'V9', 'V10', 'V11', 'V12', 'V13', 'V14', 'V16', 'V17', 'V18', 'V19', 'V20', 'V21', 'V22', 'V23', 'V24', 'V27', 'V28', 'Time_sin', 'Time_cos']"
CostSensitiveLearning___RandomizedSearchCV__niter_30__cv_5,6,3,BalancedRandomForestClassifier,resubstitution,426,0,22134,0,0.018882978723404255,0.018882978723404255,1.0,0.037066040198381625,0.0,1.0,0.5,0.0,0.0,0.0,0.5,0.018882978723404255,22560,0.037066039269558405,4.26998610137036e-05,0.03706602533963419,0.0001707715842063917,"{'classifier__ccp_alpha': np.float64(0.007193857862439585), 'classifier__max_depth': 3, 'classifier__max_features': 'log2', 'classifier__max_leaf_nodes': 5, 'classifier__min_impurity_decrease': np.float64(0.054317335354859365), 'classifier__min_samples_leaf': 9, 'classifier__min_samples_split': 5, 'classifier__n_estimators': 522, 'feature_selection_filter__k': 20}",105.91949772834778,"[1, 2, 3, 4, 5, 6, 7, 8, 9, 10, 11, 12, 14, 16, 17, 18, 19, 20, 21, 27]","['V1', 'V2', 'V3', 'V4', 'V5', 'V6', 'V7', 'V8', 'V9', 'V10', 'V11', 'V12', 'V14', 'V16', 'V17', 'V18', 'V19', 'V20', 'V21', 'V27']"
CostSensitiveLearning___RandomizedSearchCV__niter_30__cv_5,6,4,BalancedRandomForestClassifier,resubstitution,426,0,22134,0,0.018882978723404255,0.018882978723404255,1.0,0.037066040198381625,0.0,1.0,0.5,0.0,0.0,0.0,0.5,0.018882978723404255,22560,0.037066039269558405,4.26998610137036e-05,0.03706602533963419,0.0001707715842063917,"{'classifier__ccp_alpha': np.float64(0.002288034875569012), 'classifier__max_depth': 8, 'classifier__max_features': 'sqrt', 'classifier__max_leaf_nodes': 6, 'classifier__min_impurity_decrease': np.float64(0.05329833834341422), 'classifier__min_samples_leaf': 2, 'classifier__min_samples_split': 2, 'classifier__n_estimators': 120, 'feature_selection_filter__k': 24}",101.79600596427917,"[0, 1, 2, 3, 4, 5, 6, 7, 8, 9, 10, 11, 12, 14, 16, 17, 18, 19, 20, 21, 24, 27, 28, 29]","['Amount_log1p', 'V1', 'V2', 'V3', 'V4', 'V5', 'V6', 'V7', 'V8', 'V9', 'V10', 'V11', 'V12', 'V14', 'V16', 'V17', 'V18', 'V19', 'V20', 'V21', 'V24', 'V27', 'V28', 'Time_sin']"
CostSensitiveLearning___RandomizedSearchCV__niter_30__cv_5,6,5,BalancedRandomForestClassifier,resubstitution,425,0,22135,0,0.018838652482269503,0.018838652482269503,1.0,0.036980639547530995,0.0,1.0,0.5,0.0,0.0,0.0,0.5,0.018838652482269503,22560,0.036980639547530995,0.0,0.036980639547530995,0.0,"{'classifier__ccp_alpha': np.float64(0.0021468688901682665), 'classifier__max_depth': 9, 'classifier__max_features': 'sqrt', 'classifier__max_leaf_nodes': 3, 'classifier__min_impurity_decrease': np.float64(0.09038804747351074), 'classifier__min_samples_leaf': 7, 'classifier__min_samples_split': 7, 'classifier__n_estimators': 607, 'feature_selection_filter__k': 22}",92.0726044178009,"[1, 2, 3, 4, 5, 6, 7, 8, 9, 10, 11, 12, 14, 16, 17, 18, 19, 20, 21, 27, 28, 29]","['V1', 'V2', 'V3', 'V4', 'V5', 'V6', 'V7', 'V8', 'V9', 'V10', 'V11', 'V12', 'V14', 'V16', 'V17', 'V18', 'V19', 'V20', 'V21', 'V27', 'V28', 'Time_sin']"
CostSensitiveLearning___RandomizedSearchCV__niter_30__cv_5,6,6,BalancedRandomForestClassifier,resubstitution,425,0,22135,0,0.018838652482269503,0.018838652482269503,1.0,0.036980639547530995,0.0,1.0,0.5,0.0,0.0,0.0,0.99034247066796,0.8701967290839159,22560,0.037409931837447445,0.0007232525666020867,0.03744184672212786,0.0008031511937676237,"{'classifier__ccp_alpha': np.float64(0.003218338639209367), 'classifier__max_depth': 7, 'classifier__max_features': 'sqrt', 'classifier__max_leaf_nodes': 7, 'classifier__min_impurity_decrease': np.float64(0.0023271498583203876), 'classifier__min_samples_leaf': 4, 'classifier__min_samples_split': 6, 'classifier__n_estimators': 631, 'feature_selection_filter__k': 22}",119.41379189491272,"[1, 2, 3, 4, 5, 6, 7, 8, 9, 10, 11, 12, 14, 16, 17, 18, 19, 20, 21, 27, 28, 29]","['V1', 'V2', 'V3', 'V4', 'V5', 'V6', 'V7', 'V8', 'V9', 'V10', 'V11', 'V12', 'V14', 'V16', 'V17', 'V18', 'V19', 'V20', 'V21', 'V27', 'V28', 'Time_sin']"
CostSensitiveLearning___RandomizedSearchCV__niter_30__cv_5,6,7,BalancedRandomForestClassifier,resubstitution,425,0,22135,0,0.018838652482269503,0.018838652482269503,1.0,0.036980639547530995,0.0,1.0,0.5,0.0,0.0,0.0,0.5,0.018838652482269503,22560,0.036980639547530995,0.0,0.036980639547530995,0.0,"{'classifier__ccp_alpha': np.float64(0.007322672480688519), 'classifier__max_depth': 4, 'classifier__max_features': 'sqrt', 'classifier__max_leaf_nodes': 9, 'classifier__min_impurity_decrease': np.float64(0.04059719526686533), 'classifier__min_samples_leaf': 3, 'classifier__min_samples_split': 9, 'classifier__n_estimators': 102, 'feature_selection_filter__k': 22}",97.23288631439209,"[1, 2, 3, 4, 5, 6, 7, 8, 9, 10, 11, 12, 14, 16, 17, 18, 19, 20, 21, 27, 28, 29]","['V1', 'V2', 'V3', 'V4', 'V5', 'V6', 'V7', 'V8', 'V9', 'V10', 'V11', 'V12', 'V14', 'V16', 'V17', 'V18', 'V19', 'V20', 'V21', 'V27', 'V28', 'Time_sin']"
CostSensitiveLearning___RandomizedSearchCV__niter_30__cv_5,6,8,BalancedRandomForestClassifier,resubstitution,426,0,22135,0,0.018882141749035946,0.018882141749035946,1.0,0.03706442772001566,0.0,1.0,0.5,0.0,0.0,0.0,0.9554300276472477,0.2750964085302836,22561,0.03706442589754318,4.189317500609135e-05,0.03706439856996653,0.0001675180448710539,"{'classifier__ccp_alpha': np.float64(0.006722785586307918), 'classifier__max_depth': 11, 'classifier__max_features': 'log2', 'classifier__max_leaf_nodes': 10, 'classifier__min_impurity_decrease': np.float64(0.0031446387626298147), 'classifier__min_samples_leaf': 6, 'classifier__min_samples_split': 6, 'classifier__n_estimators': 485, 'feature_selection_filter__k': 26}",92.94189262390137,"[0, 1, 2, 3, 4, 5, 6, 7, 8, 9, 10, 11, 12, 14, 16, 17, 18, 19, 20, 21, 23, 24, 26, 27, 28, 29]","['Amount_log1p', 'V1', 'V2', 'V3', 'V4', 'V5', 'V6', 'V7', 'V8', 'V9', 'V10', 'V11', 'V12', 'V14', 'V16', 'V17', 'V18', 'V19', 'V20', 'V21', 'V23', 'V24', 'V26', 'V27', 'V28', 'Time_sin']"
CostSensitiveLearning___RandomizedSearchCV__niter_30__cv_5,6,9,BalancedRandomForestClassifier,resubstitution,426,0,22135,0,0.018882141749035946,0.018882141749035946,1.0,0.03706442772001566,0.0,1.0,0.5,0.0,0.0,0.0,0.5,0.018882141749035946,22561,0.03706442589754318,4.189317500609135e-05,0.03706439856996653,0.0001675180448710539,"{'classifier__ccp_alpha': np.float64(0.005434049417909655), 'classifier__max_depth': 6, 'classifier__max_features': 'log2', 'classifier__max_leaf_nodes': 17, 'classifier__min_impurity_decrease': np.float64(0.08447761323199038), 'classifier__min_samples_leaf': 5, 'classifier__min_samples_split': 4, 'classifier__n_estimators': 153, 'feature_selection_filter__k': 24}",98.34521961212158,"[0, 1, 2, 3, 4, 5, 6, 7, 8, 9, 10, 11, 12, 14, 16, 17, 18, 19, 20, 21, 24, 27, 28, 29]","['Amount_log1p', 'V1', 'V2', 'V3', 'V4', 'V5', 'V6', 'V7', 'V8', 'V9', 'V10', 'V11', 'V12', 'V14', 'V16', 'V17', 'V18', 'V19', 'V20', 'V21', 'V24', 'V27', 'V28', 'Time_sin']"
CostSensitiveLearning___RandomizedSearchCV__niter_30__cv_5,6,10,BalancedRandomForestClassifier,resubstitution,426,0,22135,0,0.018882141749035946,0.018882141749035946,1.0,0.03706442772001566,0.0,1.0,0.5,0.0,0.0,0.0,0.5,0.018882141749035946,22561,0.03706442589754318,4.189317500609135e-05,0.03706439856996653,0.0001675180448710539,"{'classifier__ccp_alpha': np.float64(0.005163986277024461), 'classifier__max_depth': 9, 'classifier__max_features': 'log2', 'classifier__max_leaf_nodes': 13, 'classifier__min_impurity_decrease': np.float64(0.06852769816973125), 'classifier__min_samples_leaf': 9, 'classifier__min_samples_split': 6, 'classifier__n_estimators': 675, 'feature_selection_filter__k': 20}",101.55237293243408,"[1, 2, 3, 4, 5, 6, 7, 8, 9, 10, 11, 12, 14, 16, 17, 18, 19, 20, 21, 27]","['V1', 'V2', 'V3', 'V4', 'V5', 'V6', 'V7', 'V8', 'V9', 'V10', 'V11', 'V12', 'V14', 'V16', 'V17', 'V18', 'V19', 'V20', 'V21', 'V27']"
CostSensitiveLearning___RandomizedSearchCV__niter_30__cv_5,7,1,BalancedRandomForestClassifier,resubstitution,426,0,22134,0,0.018882978723404255,0.018882978723404255,1.0,0.037066040198381625,0.0,1.0,0.5,0.0,0.0,0.0,0.5,0.018882978723404255,22560,0.037066039269558405,4.26998610137036e-05,0.03706602533963419,0.0001707715842063917,"{'classifier__ccp_alpha': np.float64(0.005976815849360632), 'classifier__max_depth': 17, 'classifier__max_features': 'sqrt', 'classifier__max_leaf_nodes': 17, 'classifier__min_impurity_decrease': np.float64(0.07307402679090344), 'classifier__min_samples_leaf': 9, 'classifier__min_samples_split': 7, 'classifier__n_estimators': 428, 'feature_selection_filter__k': 22}",96.18209886550903,"[1, 2, 3, 4, 5, 6, 7, 8, 9, 10, 11, 12, 14, 16, 17, 18, 19, 20, 21, 27, 28, 29]","['V1', 'V2', 'V3', 'V4', 'V5', 'V6', 'V7', 'V8', 'V9', 'V10', 'V11', 'V12', 'V14', 'V16', 'V17', 'V18', 'V19', 'V20', 'V21', 'V27', 'V28', 'Time_sin']"
CostSensitiveLearning___RandomizedSearchCV__niter_30__cv_5,7,2,BalancedRandomForestClassifier,resubstitution,426,2775,19359,0,0.14188829787234042,0.021531463229719484,1.0,0.0421552619860472,0.1253727297370561,0.8746272702629438,0.5626863648685281,0.3540801176810922,0.05195631165068381,0.005384381726634135,0.9938736360817234,0.8917166966422312,22560,0.04832559759447896,0.00500695409073859,0.04773119637264119,0.004471001961544543,"{'classifier__ccp_alpha': np.float64(0.0021527348928559766), 'classifier__max_depth': 7, 'classifier__max_features': 'sqrt', 'classifier__max_leaf_nodes': 16, 'classifier__min_impurity_decrease': np.float64(0.0013673686339184755), 'classifier__min_samples_leaf': 4, 'classifier__min_samples_split': 6, 'classifier__n_estimators': 539, 'feature_selection_filter__k': 'all'}",105.9848906993866,"[0, 1, 2, 3, 4, 5, 6, 7, 8, 9, 10, 11, 12, 13, 14, 15, 16, 17, 18, 19, 20, 21, 22, 23, 24, 25, 26, 27, 28, 29, 30]","['Amount_log1p', 'V1', 'V2', 'V3', 'V4', 'V5', 'V6', 'V7', 'V8', 'V9', 'V10', 'V11', 'V12', 'V13', 'V14', 'V15', 'V16', 'V17', 'V18', 'V19', 'V20', 'V21', 'V22', 'V23', 'V24', 'V25', 'V26', 'V27', 'V28', 'Time_sin', 'Time_cos']"
CostSensitiveLearning___RandomizedSearchCV__niter_30__cv_5,7,3,BalancedRandomForestClassifier,resubstitution,426,0,22134,0,0.018882978723404255,0.018882978723404255,1.0,0.037066040198381625,0.0,1.0,0.5,0.0,0.0,0.0,0.5,0.018882978723404255,22560,0.037066039269558405,4.26998610137036e-05,0.03706602533963419,0.0001707715842063917,"{'classifier__ccp_alpha': np.float64(0.0014792062434808473), 'classifier__max_depth': 17, 'classifier__max_features': 'sqrt', 'classifier__max_leaf_nodes': 10, 'classifier__min_impurity_decrease': np.float64(0.09990267438600757), 'classifier__min_samples_leaf': 4, 'classifier__min_samples_split': 9, 'classifier__n_estimators': 637, 'feature_selection_filter__k': 'all'}",95.6086847782135,"[0, 1, 2, 3, 4, 5, 6, 7, 8, 9, 10, 11, 12, 13, 14, 15, 16, 17, 18, 19, 20, 21, 22, 23, 24, 25, 26, 27, 28, 29, 30]","['Amount_log1p', 'V1', 'V2', 'V3', 'V4', 'V5', 'V6', 'V7', 'V8', 'V9', 'V10', 'V11', 'V12', 'V13', 'V14', 'V15', 'V16', 'V17', 'V18', 'V19', 'V20', 'V21', 'V22', 'V23', 'V24', 'V25', 'V26', 'V27', 'V28', 'Time_sin', 'Time_cos']"
CostSensitiveLearning___RandomizedSearchCV__niter_30__cv_5,7,4,BalancedRandomForestClassifier,resubstitution,426,0,22134,0,0.018882978723404255,0.018882978723404255,1.0,0.037066040198381625,0.0,1.0,0.5,0.0,0.0,0.0,0.988837675006395,0.8809020595215649,22560,0.037608571626041774,0.0010915333236411783,0.03764711071808934,0.001127495318486338,"{'classifier__ccp_alpha': np.float64(0.0017566709488574883), 'classifier__max_depth': 10, 'classifier__max_features': 'sqrt', 'classifier__max_leaf_nodes': 7, 'classifier__min_impurity_decrease': np.float64(0.002570251837925797), 'classifier__min_samples_leaf': 1, 'classifier__min_samples_split': 2, 'classifier__n_estimators': 803, 'feature_selection_filter__k': 22}",105.72614741325378,"[1, 2, 3, 4, 5, 6, 7, 8, 9, 10, 11, 12, 14, 16, 17, 18, 19, 20, 21, 23, 27, 29]","['V1', 'V2', 'V3', 'V4', 'V5', 'V6', 'V7', 'V8', 'V9', 'V10', 'V11', 'V12', 'V14', 'V16', 'V17', 'V18', 'V19', 'V20', 'V21', 'V23', 'V27', 'Time_sin']"
CostSensitiveLearning___RandomizedSearchCV__niter_30__cv_5,7,5,BalancedRandomForestClassifier,resubstitution,425,0,22135,0,0.018838652482269503,0.018838652482269503,1.0,0.036980639547530995,0.0,1.0,0.5,0.0,0.0,0.0,0.5,0.018838652482269503,22560,0.036980639547530995,0.0,0.036980639547530995,0.0,"{'classifier__ccp_alpha': np.float64(8.564797748379039e-05), 'classifier__max_depth': 10, 'classifier__max_features': 'log2', 'classifier__max_leaf_nodes': 12, 'classifier__min_impurity_decrease': np.float64(0.0852059817475304), 'classifier__min_samples_leaf': 6, 'classifier__min_samples_split': 4, 'classifier__n_estimators': 438, 'feature_selection_filter__k': 'all'}",105.43121695518494,"[0, 1, 2, 3, 4, 5, 6, 7, 8, 9, 10, 11, 12, 13, 14, 15, 16, 17, 18, 19, 20, 21, 22, 23, 24, 25, 26, 27, 28, 29, 30]","['Amount_log1p', 'V1', 'V2', 'V3', 'V4', 'V5', 'V6', 'V7', 'V8', 'V9', 'V10', 'V11', 'V12', 'V13', 'V14', 'V15', 'V16', 'V17', 'V18', 'V19', 'V20', 'V21', 'V22', 'V23', 'V24', 'V25', 'V26', 'V27', 'V28', 'Time_sin', 'Time_cos']"
CostSensitiveLearning___RandomizedSearchCV__niter_30__cv_5,7,6,BalancedRandomForestClassifier,resubstitution,425,0,22135,0,0.018838652482269503,0.018838652482269503,1.0,0.036980639547530995,0.0,1.0,0.5,0.0,0.0,0.0,0.5,0.018838652482269503,22560,0.036980639547530995,0.0,0.036980639547530995,0.0,"{'classifier__ccp_alpha': np.float64(0.0016270495944513486), 'classifier__max_depth': 9, 'classifier__max_features': 'sqrt', 'classifier__max_leaf_nodes': 13, 'classifier__min_impurity_decrease': np.float64(0.022526441436875846), 'classifier__min_samples_leaf': 7, 'classifier__min_samples_split': 8, 'classifier__n_estimators': 691, 'feature_selection_filter__k': 20}",103.42812776565552,"[1, 2, 3, 4, 5, 6, 7, 8, 9, 10, 11, 12, 14, 16, 17, 18, 19, 20, 21, 27]","['V1', 'V2', 'V3', 'V4', 'V5', 'V6', 'V7', 'V8', 'V9', 'V10', 'V11', 'V12', 'V14', 'V16', 'V17', 'V18', 'V19', 'V20', 'V21', 'V27']"
CostSensitiveLearning___RandomizedSearchCV__niter_30__cv_5,7,7,BalancedRandomForestClassifier,resubstitution,425,0,22135,0,0.018838652482269503,0.018838652482269503,1.0,0.036980639547530995,0.0,1.0,0.5,0.0,0.0,0.0,0.5,0.018838652482269503,22560,0.036980639547530995,0.0,0.036980639547530995,0.0,"{'classifier__ccp_alpha': np.float64(0.0023361113598360595), 'classifier__max_depth': 14, 'classifier__max_features': 'sqrt', 'classifier__max_leaf_nodes': 11, 'classifier__min_impurity_decrease': np.float64(0.06836749409645193), 'classifier__min_samples_leaf': 7, 'classifier__min_samples_split': 7, 'classifier__n_estimators': 493, 'feature_selection_filter__k': 28}",99.90683197975159,"[0, 1, 2, 3, 4, 5, 6, 7, 8, 9, 10, 11, 12, 14, 16, 17, 18, 19, 20, 21, 23, 24, 25, 26, 27, 28, 29, 30]","['Amount_log1p', 'V1', 'V2', 'V3', 'V4', 'V5', 'V6', 'V7', 'V8', 'V9', 'V10', 'V11', 'V12', 'V14', 'V16', 'V17', 'V18', 'V19', 'V20', 'V21', 'V23', 'V24', 'V25', 'V26', 'V27', 'V28', 'Time_sin', 'Time_cos']"
CostSensitiveLearning___RandomizedSearchCV__niter_30__cv_5,7,8,BalancedRandomForestClassifier,resubstitution,426,0,22135,0,0.018882141749035946,0.018882141749035946,1.0,0.03706442772001566,0.0,1.0,0.5,0.0,0.0,0.0,0.5,0.018882141749035946,22561,0.03706442589754318,4.189317500609135e-05,0.03706439856996653,0.0001675180448710539,"{'classifier__ccp_alpha': np.float64(0.006114605116500002), 'classifier__max_depth': 16, 'classifier__max_features': 'sqrt', 'classifier__max_leaf_nodes': 17, 'classifier__min_impurity_decrease': np.float64(0.019456924820600064), 'classifier__min_samples_leaf': 5, 'classifier__min_samples_split': 9, 'classifier__n_estimators': 398, 'feature_selection_filter__k': 22}",88.22672700881958,"[0, 1, 2, 3, 4, 5, 6, 7, 8, 9, 10, 11, 12, 14, 16, 17, 18, 19, 20, 21, 27, 29]","['Amount_log1p', 'V1', 'V2', 'V3', 'V4', 'V5', 'V6', 'V7', 'V8', 'V9', 'V10', 'V11', 'V12', 'V14', 'V16', 'V17', 'V18', 'V19', 'V20', 'V21', 'V27', 'Time_sin']"
CostSensitiveLearning___RandomizedSearchCV__niter_30__cv_5,7,9,BalancedRandomForestClassifier,resubstitution,426,0,22135,0,0.018882141749035946,0.018882141749035946,1.0,0.03706442772001566,0.0,1.0,0.5,0.0,0.0,0.0,0.5,0.018882141749035946,22561,0.03706442589754318,4.189317500609135e-05,0.03706439856996653,0.0001675180448710539,"{'classifier__ccp_alpha': np.float64(0.0011605886230508433), 'classifier__max_depth': 18, 'classifier__max_features': 'log2', 'classifier__max_leaf_nodes': 17, 'classifier__min_impurity_decrease': np.float64(0.08543326607308578), 'classifier__min_samples_leaf': 1, 'classifier__min_samples_split': 8, 'classifier__n_estimators': 966, 'feature_selection_filter__k': 26}",108.13128852844238,"[0, 1, 2, 3, 4, 5, 6, 7, 8, 9, 10, 11, 12, 14, 16, 17, 18, 19, 20, 21, 22, 23, 24, 27, 28, 29]","['Amount_log1p', 'V1', 'V2', 'V3', 'V4', 'V5', 'V6', 'V7', 'V8', 'V9', 'V10', 'V11', 'V12', 'V14', 'V16', 'V17', 'V18', 'V19', 'V20', 'V21', 'V22', 'V23', 'V24', 'V27', 'V28', 'Time_sin']"
CostSensitiveLearning___RandomizedSearchCV__niter_30__cv_5,7,10,BalancedRandomForestClassifier,resubstitution,426,0,22135,0,0.018882141749035946,0.018882141749035946,1.0,0.03706442772001566,0.0,1.0,0.5,0.0,0.0,0.0,0.5,0.018882141749035946,22561,0.03706442589754318,4.189317500609135e-05,0.03706439856996653,0.0001675180448710539,"{'classifier__ccp_alpha': np.float64(0.006121701756176187), 'classifier__max_depth': 12, 'classifier__max_features': 'sqrt', 'classifier__max_leaf_nodes': 10, 'classifier__min_impurity_decrease': np.float64(0.020902369933186705), 'classifier__min_samples_leaf': 8, 'classifier__min_samples_split': 6, 'classifier__n_estimators': 366, 'feature_selection_filter__k': 22}",105.19653940200806,"[1, 2, 3, 4, 5, 6, 7, 8, 9, 10, 11, 12, 14, 16, 17, 18, 19, 20, 21, 27, 28, 29]","['V1', 'V2', 'V3', 'V4', 'V5', 'V6', 'V7', 'V8', 'V9', 'V10', 'V11', 'V12', 'V14', 'V16', 'V17', 'V18', 'V19', 'V20', 'V21', 'V27', 'V28', 'Time_sin']"
CostSensitiveLearning___RandomizedSearchCV__niter_30__cv_5,8,1,BalancedRandomForestClassifier,resubstitution,426,12647,9487,0,0.5794769503546099,0.04297387269242409,1.0,0.08240642228455364,0.571383392066504,0.428616607933496,0.7856916960332521,0.7558990620886522,0.15669893793268472,0.0479321613044269,0.9964908574364169,0.9173440135172183,22560,0.10148652240808465,0.0062023735263732616,0.09954566851395882,0.0073468065134721615,"{'classifier__ccp_alpha': np.float64(0.0012006750028401526), 'classifier__max_depth': 8, 'classifier__max_features': 'log2', 'classifier__max_leaf_nodes': 10, 'classifier__min_impurity_decrease': np.float64(0.0004944924811720709), 'classifier__min_samples_leaf': 2, 'classifier__min_samples_split': 4, 'classifier__n_estimators': 558, 'feature_selection_filter__k': 'all'}",106.60233211517334,"[0, 1, 2, 3, 4, 5, 6, 7, 8, 9, 10, 11, 12, 13, 14, 15, 16, 17, 18, 19, 20, 21, 22, 23, 24, 25, 26, 27, 28, 29, 30]","['Amount_log1p', 'V1', 'V2', 'V3', 'V4', 'V5', 'V6', 'V7', 'V8', 'V9', 'V10', 'V11', 'V12', 'V13', 'V14', 'V15', 'V16', 'V17', 'V18', 'V19', 'V20', 'V21', 'V22', 'V23', 'V24', 'V25', 'V26', 'V27', 'V28', 'Time_sin', 'Time_cos']"
CostSensitiveLearning___RandomizedSearchCV__niter_30__cv_5,8,2,BalancedRandomForestClassifier,resubstitution,426,0,22134,0,0.018882978723404255,0.018882978723404255,1.0,0.037066040198381625,0.0,1.0,0.5,0.0,0.0,0.0,0.5,0.018882978723404255,22560,0.037066039269558405,4.26998610137036e-05,0.03706602533963419,0.0001707715842063917,"{'classifier__ccp_alpha': np.float64(0.008519854927300882), 'classifier__max_depth': 5, 'classifier__max_features': 'sqrt', 'classifier__max_leaf_nodes': 14, 'classifier__min_impurity_decrease': np.float64(0.09044443997479495), 'classifier__min_samples_leaf': 8, 'classifier__min_samples_split': 7, 'classifier__n_estimators': 340, 'feature_selection_filter__k': 22}",107.09767031669617,"[1, 2, 3, 4, 5, 6, 7, 8, 9, 10, 11, 12, 14, 16, 17, 18, 19, 20, 21, 27, 28, 29]","['V1', 'V2', 'V3', 'V4', 'V5', 'V6', 'V7', 'V8', 'V9', 'V10', 'V11', 'V12', 'V14', 'V16', 'V17', 'V18', 'V19', 'V20', 'V21', 'V27', 'V28', 'Time_sin']"
CostSensitiveLearning___RandomizedSearchCV__niter_30__cv_5,8,3,BalancedRandomForestClassifier,resubstitution,426,10786,11348,0,0.4969858156028369,0.03618141668082215,1.0,0.06983606557377049,0.48730459925905845,0.5126954007409416,0.7436522996295292,0.6980720587869553,0.13278317196193593,0.03465178307773664,0.9940431647443166,0.8903095428510703,22560,0.08243898505530264,0.00989014836367989,0.08113467643666201,0.00922960834237351,"{'classifier__ccp_alpha': np.float64(0.001516319671751467), 'classifier__max_depth': 9, 'classifier__max_features': 'sqrt', 'classifier__max_leaf_nodes': 10, 'classifier__min_impurity_decrease': np.float64(0.0009412201954591471), 'classifier__min_samples_leaf': 4, 'classifier__min_samples_split': 7, 'classifier__n_estimators': 194, 'feature_selection_filter__k': 20}",97.63878273963928,"[1, 2, 3, 4, 5, 6, 7, 8, 9, 10, 11, 12, 14, 16, 17, 18, 19, 20, 21, 27]","['V1', 'V2', 'V3', 'V4', 'V5', 'V6', 'V7', 'V8', 'V9', 'V10', 'V11', 'V12', 'V14', 'V16', 'V17', 'V18', 'V19', 'V20', 'V21', 'V27']"
CostSensitiveLearning___RandomizedSearchCV__niter_30__cv_5,8,4,BalancedRandomForestClassifier,resubstitution,426,0,22134,0,0.018882978723404255,0.018882978723404255,1.0,0.037066040198381625,0.0,1.0,0.5,0.0,0.0,0.0,0.5,0.018882978723404255,22560,0.037066039269558405,4.26998610137036e-05,0.03706602533963419,0.0001707715842063917,"{'classifier__ccp_alpha': np.float64(0.001960923097399394), 'classifier__max_depth': 18, 'classifier__max_features': 'sqrt', 'classifier__max_leaf_nodes': 8, 'classifier__min_impurity_decrease': np.float64(0.05584901912272033), 'classifier__min_samples_leaf': 6, 'classifier__min_samples_split': 3, 'classifier__n_estimators': 515, 'feature_selection_filter__k': 22}",100.83224105834961,"[1, 2, 3, 4, 5, 6, 7, 8, 9, 10, 11, 12, 14, 16, 17, 18, 19, 20, 21, 27, 28, 29]","['V1', 'V2', 'V3', 'V4', 'V5', 'V6', 'V7', 'V8', 'V9', 'V10', 'V11', 'V12', 'V14', 'V16', 'V17', 'V18', 'V19', 'V20', 'V21', 'V27', 'V28', 'Time_sin']"
CostSensitiveLearning___RandomizedSearchCV__niter_30__cv_5,8,5,BalancedRandomForestClassifier,resubstitution,425,856,21279,0,0.05678191489361702,0.01958164393660155,1.0,0.03841113471010891,0.03867178676304495,0.961328213236955,0.5193358933815225,0.19665143468341378,0.027518305885103594,0.0015133683085868377,0.9899445913445568,0.8802717214349576,22560,0.04481156119775446,0.005278067390585936,0.04478036003829448,0.005351042693782645,"{'classifier__ccp_alpha': np.float64(0.003751686332887789), 'classifier__max_depth': 17, 'classifier__max_features': 'sqrt', 'classifier__max_leaf_nodes': 12, 'classifier__min_impurity_decrease': np.float64(0.00024915068582371803), 'classifier__min_samples_leaf': 2, 'classifier__min_samples_split': 5, 'classifier__n_estimators': 991, 'feature_selection_filter__k': 20}",110.574627161026,"[1, 2, 3, 4, 5, 6, 7, 8, 9, 10, 11, 12, 14, 16, 17, 18, 19, 20, 21, 27]","['V1', 'V2', 'V3', 'V4', 'V5', 'V6', 'V7', 'V8', 'V9', 'V10', 'V11', 'V12', 'V14', 'V16', 'V17', 'V18', 'V19', 'V20', 'V21', 'V27']"
CostSensitiveLearning___RandomizedSearchCV__niter_30__cv_5,8,6,BalancedRandomForestClassifier,resubstitution,425,1112,21023,0,0.06812943262411347,0.019815367400223795,1.0,0.038860695835047775,0.050237180935170545,0.9497628190648295,0.5251185904675852,0.2241365229835837,0.03155104114576764,0.0019889564518699165,0.9906550977291753,0.8812478058310685,22560,0.04133151654076981,0.002156507092933298,0.041202612551537385,0.002133980696920703,"{'classifier__ccp_alpha': np.float64(0.0017949733169477656), 'classifier__max_depth': 3, 'classifier__max_features': 'sqrt', 'classifier__max_leaf_nodes': 15, 'classifier__min_impurity_decrease': np.float64(0.0015674749016446278), 'classifier__min_samples_leaf': 9, 'classifier__min_samples_split': 5, 'classifier__n_estimators': 841, 'feature_selection_filter__k': 20}",114.17133641242981,"[1, 2, 3, 4, 5, 6, 7, 8, 9, 10, 11, 12, 14, 16, 17, 18, 19, 20, 21, 27]","['V1', 'V2', 'V3', 'V4', 'V5', 'V6', 'V7', 'V8', 'V9', 'V10', 'V11', 'V12', 'V14', 'V16', 'V17', 'V18', 'V19', 'V20', 'V21', 'V27']"
CostSensitiveLearning___RandomizedSearchCV__niter_30__cv_5,8,7,BalancedRandomForestClassifier,resubstitution,425,12,22123,0,0.019370567375886525,0.018848678375022174,1.0,0.036999956470639445,0.0005421278518183872,0.9994578721481816,0.5002710639259091,0.02328363914465235,0.003196622204306674,2.0436578205274003e-05,0.9924619248196229,0.893560969652157,22560,0.03795982447352403,0.0009913424325975332,0.037927899211283235,0.0009181506555963506,"{'classifier__ccp_alpha': np.float64(1.1517314088319575e-05), 'classifier__max_depth': 17, 'classifier__max_features': 'log2', 'classifier__max_leaf_nodes': 5, 'classifier__min_impurity_decrease': np.float64(0.0016116711319045574), 'classifier__min_samples_leaf': 4, 'classifier__min_samples_split': 9, 'classifier__n_estimators': 524, 'feature_selection_filter__k': 28}",106.98758244514465,"[0, 1, 2, 3, 4, 5, 6, 7, 8, 9, 10, 11, 12, 14, 16, 17, 18, 19, 20, 21, 22, 23, 24, 25, 26, 27, 28, 29]","['Amount_log1p', 'V1', 'V2', 'V3', 'V4', 'V5', 'V6', 'V7', 'V8', 'V9', 'V10', 'V11', 'V12', 'V14', 'V16', 'V17', 'V18', 'V19', 'V20', 'V21', 'V22', 'V23', 'V24', 'V25', 'V26', 'V27', 'V28', 'Time_sin']"
CostSensitiveLearning___RandomizedSearchCV__niter_30__cv_5,8,8,BalancedRandomForestClassifier,resubstitution,426,0,22135,0,0.018882141749035946,0.018882141749035946,1.0,0.03706442772001566,0.0,1.0,0.5,0.0,0.0,0.0,0.5,0.018882141749035946,22561,0.03706442589754318,4.189317500609135e-05,0.03706439856996653,0.0001675180448710539,"{'classifier__ccp_alpha': np.float64(0.008478437525621175), 'classifier__max_depth': 5, 'classifier__max_features': 'sqrt', 'classifier__max_leaf_nodes': 9, 'classifier__min_impurity_decrease': np.float64(0.0970209133854743), 'classifier__min_samples_leaf': 7, 'classifier__min_samples_split': 2, 'classifier__n_estimators': 684, 'feature_selection_filter__k': 20}",99.95996022224426,"[1, 2, 3, 4, 5, 6, 7, 8, 9, 10, 11, 12, 14, 16, 17, 18, 19, 20, 21, 27]","['V1', 'V2', 'V3', 'V4', 'V5', 'V6', 'V7', 'V8', 'V9', 'V10', 'V11', 'V12', 'V14', 'V16', 'V17', 'V18', 'V19', 'V20', 'V21', 'V27']"
CostSensitiveLearning___RandomizedSearchCV__niter_30__cv_5,8,9,BalancedRandomForestClassifier,resubstitution,426,0,22135,0,0.018882141749035946,0.018882141749035946,1.0,0.03706442772001566,0.0,1.0,0.5,0.0,0.0,0.0,0.5,0.018882141749035946,22561,0.03706442589754318,4.189317500609135e-05,0.03706439856996653,0.0001675180448710539,"{'classifier__ccp_alpha': np.float64(0.006779555482085757), 'classifier__max_depth': 13, 'classifier__max_features': 'log2', 'classifier__max_leaf_nodes': 19, 'classifier__min_impurity_decrease': np.float64(0.09508648660726736), 'classifier__min_samples_leaf': 2, 'classifier__min_samples_split': 5, 'classifier__n_estimators': 188, 'feature_selection_filter__k': 22}",91.60983228683472,"[1, 2, 3, 4, 5, 6, 7, 8, 9, 10, 11, 12, 14, 16, 17, 18, 19, 20, 21, 27, 28, 29]","['V1', 'V2', 'V3', 'V4', 'V5', 'V6', 'V7', 'V8', 'V9', 'V10', 'V11', 'V12', 'V14', 'V16', 'V17', 'V18', 'V19', 'V20', 'V21', 'V27', 'V28', 'Time_sin']"
CostSensitiveLearning___RandomizedSearchCV__niter_30__cv_5,8,10,BalancedRandomForestClassifier,resubstitution,426,0,22135,0,0.018882141749035946,0.018882141749035946,1.0,0.03706442772001566,0.0,1.0,0.5,0.0,0.0,0.0,0.5,0.018882141749035946,22561,0.03706442589754318,4.189317500609135e-05,0.03706439856996653,0.0001675180448710539,"{'classifier__ccp_alpha': np.float64(0.001113308280052444), 'classifier__max_depth': 11, 'classifier__max_features': 'log2', 'classifier__max_leaf_nodes': 3, 'classifier__min_impurity_decrease': np.float64(0.015194455722114298), 'classifier__min_samples_leaf': 1, 'classifier__min_samples_split': 8, 'classifier__n_estimators': 134, 'feature_selection_filter__k': 28}",92.72948002815247,"[0, 1, 2, 3, 4, 5, 6, 7, 8, 9, 10, 11, 12, 13, 14, 16, 17, 18, 19, 20, 21, 23, 24, 26, 27, 28, 29, 30]","['Amount_log1p', 'V1', 'V2', 'V3', 'V4', 'V5', 'V6', 'V7', 'V8', 'V9', 'V10', 'V11', 'V12', 'V13', 'V14', 'V16', 'V17', 'V18', 'V19', 'V20', 'V21', 'V23', 'V24', 'V26', 'V27', 'V28', 'Time_sin', 'Time_cos']"
CostSensitiveLearning___RandomizedSearchCV__niter_30__cv_5,9,1,BalancedRandomForestClassifier,resubstitution,426,7592,14542,0,0.3554078014184397,0.02846071619454837,1.0,0.05534623879433546,0.3430017168157586,0.6569982831842414,0.6715008584078793,0.5856634842772414,0.09880321106389282,0.019335395461767768,0.9957789112919133,0.9087737746519828,22560,0.06317780916351519,0.0033510030078854045,0.06243269723266328,0.0028024154560522896,"{'classifier__ccp_alpha': np.float64(0.0008038858677173366), 'classifier__max_depth': 5, 'classifier__max_features': 'log2', 'classifier__max_leaf_nodes': 14, 'classifier__min_impurity_decrease': np.float64(0.0006688932078309229), 'classifier__min_samples_leaf': 2, 'classifier__min_samples_split': 8, 'classifier__n_estimators': 872, 'feature_selection_filter__k': 'all'}",97.80459475517273,"[0, 1, 2, 3, 4, 5, 6, 7, 8, 9, 10, 11, 12, 13, 14, 15, 16, 17, 18, 19, 20, 21, 22, 23, 24, 25, 26, 27, 28, 29, 30]","['Amount_log1p', 'V1', 'V2', 'V3', 'V4', 'V5', 'V6', 'V7', 'V8', 'V9', 'V10', 'V11', 'V12', 'V13', 'V14', 'V15', 'V16', 'V17', 'V18', 'V19', 'V20', 'V21', 'V22', 'V23', 'V24', 'V25', 'V26', 'V27', 'V28', 'Time_sin', 'Time_cos']"
CostSensitiveLearning___RandomizedSearchCV__niter_30__cv_5,9,2,BalancedRandomForestClassifier,resubstitution,426,0,22134,0,0.018882978723404255,0.018882978723404255,1.0,0.037066040198381625,0.0,1.0,0.5,0.0,0.0,0.0,0.5,0.018882978723404255,22560,0.037066039269558405,4.26998610137036e-05,0.03706602533963419,0.0001707715842063917,"{'classifier__ccp_alpha': np.float64(0.006964691855978616), 'classifier__max_depth': 5, 'classifier__max_features': 'sqrt', 'classifier__max_leaf_nodes': 4, 'classifier__min_impurity_decrease': np.float64(0.05513147690828912), 'classifier__min_samples_leaf': 4, 'classifier__min_samples_split': 4, 'classifier__n_estimators': 223, 'feature_selection_filter__k': 22}",99.57872080802917,"[1, 2, 3, 4, 5, 6, 7, 8, 9, 10, 11, 12, 14, 16, 17, 18, 19, 20, 21, 27, 28, 29]","['V1', 'V2', 'V3', 'V4', 'V5', 'V6', 'V7', 'V8', 'V9', 'V10', 'V11', 'V12', 'V14', 'V16', 'V17', 'V18', 'V19', 'V20', 'V21', 'V27', 'V28', 'Time_sin']"
CostSensitiveLearning___RandomizedSearchCV__niter_30__cv_5,9,3,BalancedRandomForestClassifier,resubstitution,426,0,22134,0,0.018882978723404255,0.018882978723404255,1.0,0.037066040198381625,0.0,1.0,0.5,0.0,0.0,0.0,0.5,0.018882978723404255,22560,0.037066039269558405,4.26998610137036e-05,0.03706602533963419,0.0001707715842063917,"{'classifier__ccp_alpha': np.float64(0.0010606490595473272), 'classifier__max_depth': 10, 'classifier__max_features': 'sqrt', 'classifier__max_leaf_nodes': 11, 'classifier__min_impurity_decrease': np.float64(0.045824118376088144), 'classifier__min_samples_leaf': 5, 'classifier__min_samples_split': 6, 'classifier__n_estimators': 562, 'feature_selection_filter__k': 'all'}",101.95614242553711,"[0, 1, 2, 3, 4, 5, 6, 7, 8, 9, 10, 11, 12, 13, 14, 15, 16, 17, 18, 19, 20, 21, 22, 23, 24, 25, 26, 27, 28, 29, 30]","['Amount_log1p', 'V1', 'V2', 'V3', 'V4', 'V5', 'V6', 'V7', 'V8', 'V9', 'V10', 'V11', 'V12', 'V13', 'V14', 'V15', 'V16', 'V17', 'V18', 'V19', 'V20', 'V21', 'V22', 'V23', 'V24', 'V25', 'V26', 'V27', 'V28', 'Time_sin', 'Time_cos']"
CostSensitiveLearning___RandomizedSearchCV__niter_30__cv_5,9,4,BalancedRandomForestClassifier,resubstitution,426,4696,17438,0,0.22703900709219857,0.023846842812360054,1.0,0.04658283214871514,0.21216228426854614,0.7878377157314539,0.6060811421342731,0.4606107730704376,0.07112946396299687,0.010067863930078524,0.9930265760703798,0.8878093717428314,22560,0.054576849512348466,0.0035374471316658627,0.05421149392479961,0.002713322494282297,"{'classifier__ccp_alpha': np.float64(0.000361977943157622), 'classifier__max_depth': 19, 'classifier__max_features': 'sqrt', 'classifier__max_leaf_nodes': 9, 'classifier__min_impurity_decrease': np.float64(0.0016412673564719649), 'classifier__min_samples_leaf': 7, 'classifier__min_samples_split': 3, 'classifier__n_estimators': 696, 'feature_selection_filter__k': 20}",99.84535813331604,"[1, 2, 3, 4, 5, 6, 7, 8, 9, 10, 11, 12, 14, 16, 17, 18, 19, 20, 21, 27]","['V1', 'V2', 'V3', 'V4', 'V5', 'V6', 'V7', 'V8', 'V9', 'V10', 'V11', 'V12', 'V14', 'V16', 'V17', 'V18', 'V19', 'V20', 'V21', 'V27']"
CostSensitiveLearning___RandomizedSearchCV__niter_30__cv_5,9,5,BalancedRandomForestClassifier,resubstitution,425,95,22040,0,0.02304964539007092,0.018918317382595147,1.0,0.03713411970292704,0.004291845493562232,0.9957081545064378,0.5021459227467812,0.06551217820804184,0.009010798810553425,0.00016237580638678306,0.9918432612710771,0.8800524084577882,22560,0.038512675052879405,0.001452085394172658,0.03832548269867579,0.0011970027751389022,"{'classifier__ccp_alpha': np.float64(0.002169960052344816), 'classifier__max_depth': 3, 'classifier__max_features': 'log2', 'classifier__max_leaf_nodes': 6, 'classifier__min_impurity_decrease': np.float64(0.0005601273811186137), 'classifier__min_samples_leaf': 8, 'classifier__min_samples_split': 2, 'classifier__n_estimators': 560, 'feature_selection_filter__k': 28}",88.38845658302307,"[0, 1, 2, 3, 4, 5, 6, 7, 8, 9, 10, 11, 12, 14, 16, 17, 18, 19, 20, 21, 22, 23, 24, 26, 27, 28, 29, 30]","['Amount_log1p', 'V1', 'V2', 'V3', 'V4', 'V5', 'V6', 'V7', 'V8', 'V9', 'V10', 'V11', 'V12', 'V14', 'V16', 'V17', 'V18', 'V19', 'V20', 'V21', 'V22', 'V23', 'V24', 'V26', 'V27', 'V28', 'Time_sin', 'Time_cos']"
CostSensitiveLearning___RandomizedSearchCV__niter_30__cv_5,9,6,BalancedRandomForestClassifier,resubstitution,425,0,22135,0,0.018838652482269503,0.018838652482269503,1.0,0.036980639547530995,0.0,1.0,0.5,0.0,0.0,0.0,0.5,0.018838652482269503,22560,0.036980639547530995,0.0,0.036980639547530995,0.0,"{'classifier__ccp_alpha': np.float64(0.005238333199546759), 'classifier__max_depth': 5, 'classifier__max_features': 'sqrt', 'classifier__max_leaf_nodes': 6, 'classifier__min_impurity_decrease': np.float64(0.06903532353996533), 'classifier__min_samples_leaf': 5, 'classifier__min_samples_split': 9, 'classifier__n_estimators': 891, 'feature_selection_filter__k': 22}",96.83106255531311,"[1, 2, 3, 4, 5, 6, 7, 8, 9, 10, 11, 12, 14, 16, 17, 18, 19, 20, 21, 27, 28, 29]","['V1', 'V2', 'V3', 'V4', 'V5', 'V6', 'V7', 'V8', 'V9', 'V10', 'V11', 'V12', 'V14', 'V16', 'V17', 'V18', 'V19', 'V20', 'V21', 'V27', 'V28', 'Time_sin']"
CostSensitiveLearning___RandomizedSearchCV__niter_30__cv_5,9,7,BalancedRandomForestClassifier,resubstitution,425,0,22135,0,0.018838652482269503,0.018838652482269503,1.0,0.036980639547530995,0.0,1.0,0.5,0.0,0.0,0.0,0.6834643564224877,0.029494586449360146,22560,0.036980639547530995,0.0,0.036980639547530995,0.0,"{'classifier__ccp_alpha': np.float64(0.008666370428503978), 'classifier__max_depth': 8, 'classifier__max_features': 'sqrt', 'classifier__max_leaf_nodes': 12, 'classifier__min_impurity_decrease': np.float64(0.004159344374768737), 'classifier__min_samples_leaf': 6, 'classifier__min_samples_split': 5, 'classifier__n_estimators': 213, 'feature_selection_filter__k': 20}",90.22303295135498,"[1, 2, 3, 4, 5, 6, 7, 8, 9, 10, 11, 12, 14, 16, 17, 18, 19, 20, 21, 27]","['V1', 'V2', 'V3', 'V4', 'V5', 'V6', 'V7', 'V8', 'V9', 'V10', 'V11', 'V12', 'V14', 'V16', 'V17', 'V18', 'V19', 'V20', 'V21', 'V27']"
CostSensitiveLearning___RandomizedSearchCV__niter_30__cv_5,9,8,BalancedRandomForestClassifier,resubstitution,426,266,21869,0,0.030672399273081866,0.019107423189055842,1.0,0.03749834954447427,0.01201716738197425,0.9879828326180258,0.5060085836909871,0.10962284151569074,0.015153121879701893,0.00045912878158149706,0.992418322903311,0.895621225441325,22561,0.04123550645002321,0.002134569486443485,0.04114576343912856,0.0022055152156937622,"{'classifier__ccp_alpha': np.float64(0.003147441530480801), 'classifier__max_depth': 19, 'classifier__max_features': 'log2', 'classifier__max_leaf_nodes': 13, 'classifier__min_impurity_decrease': np.float64(0.0006840872118641262), 'classifier__min_samples_leaf': 4, 'classifier__min_samples_split': 3, 'classifier__n_estimators': 203, 'feature_selection_filter__k': 28}",101.13849782943726,"[0, 1, 2, 3, 4, 5, 6, 7, 8, 9, 10, 11, 12, 14, 16, 17, 18, 19, 20, 21, 22, 23, 24, 25, 27, 28, 29, 30]","['Amount_log1p', 'V1', 'V2', 'V3', 'V4', 'V5', 'V6', 'V7', 'V8', 'V9', 'V10', 'V11', 'V12', 'V14', 'V16', 'V17', 'V18', 'V19', 'V20', 'V21', 'V22', 'V23', 'V24', 'V25', 'V27', 'V28', 'Time_sin', 'Time_cos']"
CostSensitiveLearning___RandomizedSearchCV__niter_30__cv_5,9,9,BalancedRandomForestClassifier,resubstitution,426,22,22113,0,0.019857275829972074,0.018900572341275124,1.0,0.037099934683213584,0.0009939010616670432,0.9990060989383329,0.5004969505308335,0.031526196435140146,0.0043342010701060115,3.756989207048811e-05,0.9916027980244997,0.8914469406088288,22561,0.03781367393808989,0.0005152762934181312,0.03769993369387878,0.0004011149509630248,"{'classifier__ccp_alpha': np.float64(0.0011032806135288975), 'classifier__max_depth': 4, 'classifier__max_features': 'sqrt', 'classifier__max_leaf_nodes': 17, 'classifier__min_impurity_decrease': np.float64(0.002185094774928853), 'classifier__min_samples_leaf': 4, 'classifier__min_samples_split': 8, 'classifier__n_estimators': 404, 'feature_selection_filter__k': 'all'}",96.8875184059143,"[0, 1, 2, 3, 4, 5, 6, 7, 8, 9, 10, 11, 12, 13, 14, 15, 16, 17, 18, 19, 20, 21, 22, 23, 24, 25, 26, 27, 28, 29, 30]","['Amount_log1p', 'V1', 'V2', 'V3', 'V4', 'V5', 'V6', 'V7', 'V8', 'V9', 'V10', 'V11', 'V12', 'V13', 'V14', 'V15', 'V16', 'V17', 'V18', 'V19', 'V20', 'V21', 'V22', 'V23', 'V24', 'V25', 'V26', 'V27', 'V28', 'Time_sin', 'Time_cos']"
CostSensitiveLearning___RandomizedSearchCV__niter_30__cv_5,9,10,BalancedRandomForestClassifier,resubstitution,426,0,22135,0,0.018882141749035946,0.018882141749035946,1.0,0.03706442772001566,0.0,1.0,0.5,0.0,0.0,0.0,0.5,0.018882141749035946,22561,0.03706442589754318,4.189317500609135e-05,0.03706439856996653,0.0001675180448710539,"{'classifier__ccp_alpha': np.float64(0.0065015360547174906), 'classifier__max_depth': 15, 'classifier__max_features': 'log2', 'classifier__max_leaf_nodes': 11, 'classifier__min_impurity_decrease': np.float64(0.058251855255138985), 'classifier__min_samples_leaf': 6, 'classifier__min_samples_split': 7, 'classifier__n_estimators': 387, 'feature_selection_filter__k': 24}",108.48863363265991,"[0, 1, 2, 3, 4, 5, 6, 7, 8, 9, 10, 11, 12, 14, 16, 17, 18, 19, 20, 21, 24, 27, 28, 29]","['Amount_log1p', 'V1', 'V2', 'V3', 'V4', 'V5', 'V6', 'V7', 'V8', 'V9', 'V10', 'V11', 'V12', 'V14', 'V16', 'V17', 'V18', 'V19', 'V20', 'V21', 'V24', 'V27', 'V28', 'Time_sin']"
CostSensitiveLearning___RandomizedSearchCV__niter_30__cv_5,10,1,BalancedRandomForestClassifier,resubstitution,426,0,22134,0,0.018882978723404255,0.018882978723404255,1.0,0.037066040198381625,0.0,1.0,0.5,0.0,0.0,0.0,0.5,0.018882978723404255,22560,0.037066039269558405,4.26998610137036e-05,0.03706602533963419,0.0001707715842063917,"{'classifier__ccp_alpha': np.float64(0.007809038987924661), 'classifier__max_depth': 13, 'classifier__max_features': 'sqrt', 'classifier__max_leaf_nodes': 4, 'classifier__min_impurity_decrease': np.float64(0.03569017747719349), 'classifier__min_samples_leaf': 3, 'classifier__min_samples_split': 2, 'classifier__n_estimators': 346, 'feature_selection_filter__k': 28}",98.86792492866516,"[0, 1, 2, 3, 4, 5, 6, 7, 8, 9, 10, 11, 12, 14, 16, 17, 18, 19, 20, 21, 22, 23, 24, 25, 26, 27, 28, 29]","['Amount_log1p', 'V1', 'V2', 'V3', 'V4', 'V5', 'V6', 'V7', 'V8', 'V9', 'V10', 'V11', 'V12', 'V14', 'V16', 'V17', 'V18', 'V19', 'V20', 'V21', 'V22', 'V23', 'V24', 'V25', 'V26', 'V27', 'V28', 'Time_sin']"
CostSensitiveLearning___RandomizedSearchCV__niter_30__cv_5,10,2,BalancedRandomForestClassifier,resubstitution,426,0,22134,0,0.018882978723404255,0.018882978723404255,1.0,0.037066040198381625,0.0,1.0,0.5,0.0,0.0,0.0,0.6839064112696418,0.0296020644975471,22560,0.037066039269558405,4.26998610137036e-05,0.03706602533963419,0.0001707715842063917,"{'classifier__ccp_alpha': np.float64(0.004195086163487056), 'classifier__max_depth': 4, 'classifier__max_features': 'sqrt', 'classifier__max_leaf_nodes': 14, 'classifier__min_impurity_decrease': np.float64(0.014224351487779285), 'classifier__min_samples_leaf': 6, 'classifier__min_samples_split': 4, 'classifier__n_estimators': 938, 'feature_selection_filter__k': 'all'}",100.771639585495,"[0, 1, 2, 3, 4, 5, 6, 7, 8, 9, 10, 11, 12, 13, 14, 15, 16, 17, 18, 19, 20, 21, 22, 23, 24, 25, 26, 27, 28, 29, 30]","['Amount_log1p', 'V1', 'V2', 'V3', 'V4', 'V5', 'V6', 'V7', 'V8', 'V9', 'V10', 'V11', 'V12', 'V13', 'V14', 'V15', 'V16', 'V17', 'V18', 'V19', 'V20', 'V21', 'V22', 'V23', 'V24', 'V25', 'V26', 'V27', 'V28', 'Time_sin', 'Time_cos']"
CostSensitiveLearning___RandomizedSearchCV__niter_30__cv_5,10,3,BalancedRandomForestClassifier,resubstitution,426,0,22134,0,0.018882978723404255,0.018882978723404255,1.0,0.037066040198381625,0.0,1.0,0.5,0.0,0.0,0.0,0.5,0.018882978723404255,22560,0.037066039269558405,4.26998610137036e-05,0.03706602533963419,0.0001707715842063917,"{'classifier__ccp_alpha': np.float64(0.008114036263085848), 'classifier__max_depth': 18, 'classifier__max_features': 'sqrt', 'classifier__max_leaf_nodes': 7, 'classifier__min_impurity_decrease': np.float64(0.08747629125809048), 'classifier__min_samples_leaf': 4, 'classifier__min_samples_split': 8, 'classifier__n_estimators': 247, 'feature_selection_filter__k': 20}",93.88867592811584,"[1, 2, 3, 4, 5, 6, 7, 8, 9, 10, 11, 12, 14, 16, 17, 18, 19, 20, 21, 27]","['V1', 'V2', 'V3', 'V4', 'V5', 'V6', 'V7', 'V8', 'V9', 'V10', 'V11', 'V12', 'V14', 'V16', 'V17', 'V18', 'V19', 'V20', 'V21', 'V27']"
CostSensitiveLearning___RandomizedSearchCV__niter_30__cv_5,10,4,BalancedRandomForestClassifier,resubstitution,426,12,22122,0,0.019414893617021277,0.018893028206492815,1.0,0.0370854008879603,0.0005421523448088912,0.9994578476551911,0.5002710761724044,0.023284165108693317,0.00320045302147846,2.0485589253493863e-05,0.9909629079558524,0.8836779472372632,22560,0.037662573963120026,0.00027753315404867,0.03768753719373267,0.0005213706645846052,"{'classifier__ccp_alpha': np.float64(0.001556019304734908), 'classifier__max_depth': 14, 'classifier__max_features': 'log2', 'classifier__max_leaf_nodes': 10, 'classifier__min_impurity_decrease': np.float64(0.0021013419292758686), 'classifier__min_samples_leaf': 3, 'classifier__min_samples_split': 6, 'classifier__n_estimators': 341, 'feature_selection_filter__k': 24}",96.6747784614563,"[0, 1, 2, 3, 4, 5, 6, 7, 8, 9, 10, 11, 12, 14, 16, 17, 18, 19, 20, 21, 23, 27, 28, 29]","['Amount_log1p', 'V1', 'V2', 'V3', 'V4', 'V5', 'V6', 'V7', 'V8', 'V9', 'V10', 'V11', 'V12', 'V14', 'V16', 'V17', 'V18', 'V19', 'V20', 'V21', 'V23', 'V27', 'V28', 'Time_sin']"
CostSensitiveLearning___RandomizedSearchCV__niter_30__cv_5,10,5,BalancedRandomForestClassifier,resubstitution,425,1543,20592,0,0.08723404255319149,0.02022172527001951,1.0,0.039641824456673816,0.06970860627964762,0.9302913937203524,0.5348543031398239,0.26402387445011033,0.03754501678176467,0.002815288060604826,0.9908322459772254,0.8825192113313128,22560,0.04340337301347874,0.0032327315503533813,0.04317636390862436,0.0030520923896822853,"{'classifier__ccp_alpha': np.float64(0.0027492722354663514), 'classifier__max_depth': 14, 'classifier__max_features': 'log2', 'classifier__max_leaf_nodes': 9, 'classifier__min_impurity_decrease': np.float64(0.0017807603190886146), 'classifier__min_samples_leaf': 3, 'classifier__min_samples_split': 3, 'classifier__n_estimators': 499, 'feature_selection_filter__k': 20}",89.5345995426178,"[1, 2, 3, 4, 5, 6, 7, 8, 9, 10, 11, 12, 14, 16, 17, 18, 19, 20, 21, 27]","['V1', 'V2', 'V3', 'V4', 'V5', 'V6', 'V7', 'V8', 'V9', 'V10', 'V11', 'V12', 'V14', 'V16', 'V17', 'V18', 'V19', 'V20', 'V21', 'V27']"
CostSensitiveLearning___RandomizedSearchCV__niter_30__cv_5,10,6,BalancedRandomForestClassifier,resubstitution,425,1081,21054,0,0.06675531914893618,0.019786768471530332,1.0,0.038805697589481374,0.04883668398463971,0.9511633160153603,0.5244183419923198,0.220990235043632,0.031085690581381,0.0019307745714518543,0.9893512270957627,0.8826947683729771,22560,0.041461341208796916,0.003927250135321696,0.04117488006386604,0.0035182668984211686,"{'classifier__ccp_alpha': np.float64(0.0022135407371925587), 'classifier__max_depth': 18, 'classifier__max_features': 'sqrt', 'classifier__max_leaf_nodes': 4, 'classifier__min_impurity_decrease': np.float64(0.00035773125682481144), 'classifier__min_samples_leaf': 8, 'classifier__min_samples_split': 3, 'classifier__n_estimators': 772, 'feature_selection_filter__k': 20}",93.01530504226685,"[1, 2, 3, 4, 5, 6, 7, 8, 9, 10, 11, 12, 14, 16, 17, 18, 19, 20, 21, 27]","['V1', 'V2', 'V3', 'V4', 'V5', 'V6', 'V7', 'V8', 'V9', 'V10', 'V11', 'V12', 'V14', 'V16', 'V17', 'V18', 'V19', 'V20', 'V21', 'V27']"
CostSensitiveLearning___RandomizedSearchCV__niter_30__cv_5,10,7,BalancedRandomForestClassifier,resubstitution,425,0,22135,0,0.018838652482269503,0.018838652482269503,1.0,0.036980639547530995,0.0,1.0,0.5,0.0,0.0,0.0,0.9488545423138759,0.2517109430466624,22560,0.036980639547530995,0.0,0.036980639547530995,0.0,"{'classifier__ccp_alpha': np.float64(0.007493422613186888), 'classifier__max_depth': 8, 'classifier__max_features': 'sqrt', 'classifier__max_leaf_nodes': 10, 'classifier__min_impurity_decrease': np.float64(0.007758451546789492), 'classifier__min_samples_leaf': 8, 'classifier__min_samples_split': 2, 'classifier__n_estimators': 729, 'feature_selection_filter__k': 26}",110.58560061454773,"[0, 1, 2, 3, 4, 5, 6, 7, 8, 9, 10, 11, 12, 14, 16, 17, 18, 19, 20, 21, 22, 23, 24, 27, 28, 29]","['Amount_log1p', 'V1', 'V2', 'V3', 'V4', 'V5', 'V6', 'V7', 'V8', 'V9', 'V10', 'V11', 'V12', 'V14', 'V16', 'V17', 'V18', 'V19', 'V20', 'V21', 'V22', 'V23', 'V24', 'V27', 'V28', 'Time_sin']"
CostSensitiveLearning___RandomizedSearchCV__niter_30__cv_5,10,8,BalancedRandomForestClassifier,resubstitution,426,0,22135,0,0.018882141749035946,0.018882141749035946,1.0,0.03706442772001566,0.0,1.0,0.5,0.0,0.0,0.0,0.5,0.018882141749035946,22561,0.03706442589754318,4.189317500609135e-05,0.03706439856996653,0.0001675180448710539,"{'classifier__ccp_alpha': np.float64(0.004909623875237653), 'classifier__max_depth': 15, 'classifier__max_features': 'log2', 'classifier__max_leaf_nodes': 7, 'classifier__min_impurity_decrease': np.float64(0.09589612373175739), 'classifier__min_samples_leaf': 2, 'classifier__min_samples_split': 9, 'classifier__n_estimators': 760, 'feature_selection_filter__k': 28}",84.36212611198425,"[0, 1, 2, 3, 4, 5, 6, 7, 8, 9, 10, 11, 12, 14, 16, 17, 18, 19, 20, 21, 22, 23, 24, 26, 27, 28, 29, 30]","['Amount_log1p', 'V1', 'V2', 'V3', 'V4', 'V5', 'V6', 'V7', 'V8', 'V9', 'V10', 'V11', 'V12', 'V14', 'V16', 'V17', 'V18', 'V19', 'V20', 'V21', 'V22', 'V23', 'V24', 'V26', 'V27', 'V28', 'Time_sin', 'Time_cos']"
CostSensitiveLearning___RandomizedSearchCV__niter_30__cv_5,10,9,BalancedRandomForestClassifier,resubstitution,426,0,22135,0,0.018882141749035946,0.018882141749035946,1.0,0.03706442772001566,0.0,1.0,0.5,0.0,0.0,0.0,0.5,0.018882141749035946,22561,0.03706442589754318,4.189317500609135e-05,0.03706439856996653,0.0001675180448710539,"{'classifier__ccp_alpha': np.float64(0.007479055164963538), 'classifier__max_depth': 16, 'classifier__max_features': 'sqrt', 'classifier__max_leaf_nodes': 2, 'classifier__min_impurity_decrease': np.float64(0.052038130910671124), 'classifier__min_samples_leaf': 4, 'classifier__min_samples_split': 9, 'classifier__n_estimators': 249, 'feature_selection_filter__k': 'all'}",98.12236261367798,"[0, 1, 2, 3, 4, 5, 6, 7, 8, 9, 10, 11, 12, 13, 14, 15, 16, 17, 18, 19, 20, 21, 22, 23, 24, 25, 26, 27, 28, 29, 30]","['Amount_log1p', 'V1', 'V2', 'V3', 'V4', 'V5', 'V6', 'V7', 'V8', 'V9', 'V10', 'V11', 'V12', 'V13', 'V14', 'V15', 'V16', 'V17', 'V18', 'V19', 'V20', 'V21', 'V22', 'V23', 'V24', 'V25', 'V26', 'V27', 'V28', 'Time_sin', 'Time_cos']"
CostSensitiveLearning___RandomizedSearchCV__niter_30__cv_5,10,10,BalancedRandomForestClassifier,resubstitution,426,0,22135,0,0.018882141749035946,0.018882141749035946,1.0,0.03706442772001566,0.0,1.0,0.5,0.0,0.0,0.0,0.5,0.018882141749035946,22561,0.03706442589754318,4.189317500609135e-05,0.03706439856996653,0.0001675180448710539,"{'classifier__ccp_alpha': np.float64(0.00917385483951649), 'classifier__max_depth': 10, 'classifier__max_features': 'log2', 'classifier__max_leaf_nodes': 4, 'classifier__min_impurity_decrease': np.float64(0.042138618879779946), 'classifier__min_samples_leaf': 2, 'classifier__min_samples_split': 2, 'classifier__n_estimators': 911, 'feature_selection_filter__k': 20}",98.27483487129211,"[1, 2, 3, 4, 5, 6, 7, 8, 9, 10, 11, 12, 14, 16, 17, 18, 19, 20, 21, 27]","['V1', 'V2', 'V3', 'V4', 'V5', 'V6', 'V7', 'V8', 'V9', 'V10', 'V11', 'V12', 'V14', 'V16', 'V17', 'V18', 'V19', 'V20', 'V21', 'V27']"
