experiment_name,iteration,fold,model,split,tp,tn,fp,fn,accuracy,precision,recall,f1,specificity,fpr,balanced_accuracy,geometric_mean,mcc,kappa,roc_auc,average_precision,fold_size,cv_tuning_mean_train_score,cv_tuning_std_train_score,cv_tuning_mean_val_score,cv_tuning_std_val_score,best_params,tuning_time,selected_features_indices,selected_features_names
CostSensitiveLearning_ClusterCentroids___RandomizedSearchCV__niter_30__cv_5,1,1,RandomForestClassifier,resubstitution,352,22106,28,74,0.9954787234042554,0.9263157894736842,0.8262910798122066,0.8734491315136477,0.9987349778621126,0.0012650221378873727,0.9125130288371597,0.9084304064175226,0.8726294157901511,0.8711550090707518,0.9650194016725272,0.8493571684300119,22560,0.873709646274461,0.0025189987806271915,0.873233466728504,0.01104434133367312,"{'classifier__ccp_alpha': np.float64(0.001834045098534338), 'classifier__max_depth': 14, 'classifier__max_features': 'log2', 'classifier__max_leaf_nodes': 13, 'classifier__max_samples': np.float64(0.5092249700165663), 'classifier__min_impurity_decrease': np.float64(0.052477466025838915), 'classifier__min_samples_leaf': 3, 'classifier__min_samples_split': 5, 'classifier__n_estimators': 666, 'feature_selection_filter__k': 26}",77.09553170204163,"[0, 1, 2, 3, 4, 5, 6, 7, 8, 9, 10, 11, 12, 14, 16, 17, 18, 19, 20, 21, 22, 23, 24, 27, 28, 29]","['Amount_log1p', 'V1', 'V2', 'V3', 'V4', 'V5', 'V6', 'V7', 'V8', 'V9', 'V10', 'V11', 'V12', 'V14', 'V16', 'V17', 'V18', 'V19', 'V20', 'V21', 'V22', 'V23', 'V24', 'V27', 'V28', 'Time_sin']"
CostSensitiveLearning_ClusterCentroids___RandomizedSearchCV__niter_30__cv_5,1,2,RandomForestClassifier,resubstitution,357,22116,18,69,0.9961436170212766,0.952,0.8380281690140845,0.8913857677902621,0.9991867714827867,0.0008132285172133269,0.9186074702484356,0.9150664787920133,0.8913050596776161,0.8894308283561658,0.9605058137142485,0.8651013959706836,22560,0.8890979929168564,0.0036385857699484394,0.8886641981207198,0.012788481147332097,"{'classifier__ccp_alpha': np.float64(0.0008164113622514768), 'classifier__max_depth': 5, 'classifier__max_features': 'log2', 'classifier__max_leaf_nodes': 18, 'classifier__max_samples': np.float64(0.627762024114255), 'classifier__min_impurity_decrease': np.float64(0.09626579377157113), 'classifier__min_samples_leaf': 1, 'classifier__min_samples_split': 3, 'classifier__n_estimators': 967, 'feature_selection_filter__k': 'all'}",73.3855676651001,"[0, 1, 2, 3, 4, 5, 6, 7, 8, 9, 10, 11, 12, 13, 14, 15, 16, 17, 18, 19, 20, 21, 22, 23, 24, 25, 26, 27, 28, 29, 30]","['Amount_log1p', 'V1', 'V2', 'V3', 'V4', 'V5', 'V6', 'V7', 'V8', 'V9', 'V10', 'V11', 'V12', 'V13', 'V14', 'V15', 'V16', 'V17', 'V18', 'V19', 'V20', 'V21', 'V22', 'V23', 'V24', 'V25', 'V26', 'V27', 'V28', 'Time_sin', 'Time_cos']"
CostSensitiveLearning_ClusterCentroids___RandomizedSearchCV__niter_30__cv_5,1,3,RandomForestClassifier,resubstitution,356,22109,25,70,0.9957890070921985,0.9343832020997376,0.8356807511737089,0.8822800495662949,0.9988705159483148,0.0011294840516852256,0.9172756335610118,0.9136393506701415,0.8815649299666616,0.8801429962506099,0.9671309005201354,0.8634909706282106,22560,0.8829358741451788,0.009496604854588102,0.8836479749906057,0.03181622063772145,"{'classifier__ccp_alpha': np.float64(0.006527682098573468), 'classifier__max_depth': 6, 'classifier__max_features': 'log2', 'classifier__max_leaf_nodes': 13, 'classifier__max_samples': np.float64(0.7256997968048688), 'classifier__min_impurity_decrease': np.float64(0.05940776294527925), 'classifier__min_samples_leaf': 6, 'classifier__min_samples_split': 3, 'classifier__n_estimators': 446, 'feature_selection_filter__k': 'all'}",72.49675631523132,"[0, 1, 2, 3, 4, 5, 6, 7, 8, 9, 10, 11, 12, 13, 14, 15, 16, 17, 18, 19, 20, 21, 22, 23, 24, 25, 26, 27, 28, 29, 30]","['Amount_log1p', 'V1', 'V2', 'V3', 'V4', 'V5', 'V6', 'V7', 'V8', 'V9', 'V10', 'V11', 'V12', 'V13', 'V14', 'V15', 'V16', 'V17', 'V18', 'V19', 'V20', 'V21', 'V22', 'V23', 'V24', 'V25', 'V26', 'V27', 'V28', 'Time_sin', 'Time_cos']"
CostSensitiveLearning_ClusterCentroids___RandomizedSearchCV__niter_30__cv_5,1,4,RandomForestClassifier,resubstitution,357,22111,23,69,0.9959219858156029,0.9394736842105263,0.8380281690140845,0.8858560794044665,0.9989608746724497,0.0010391253275503498,0.9184945218432671,0.9149630335256509,0.8852826567367126,0.8837868709265605,0.9643795197921665,0.8678580847416849,22560,0.8840113470059094,0.0049174540733622684,0.8835734718458296,0.01343322933360939,"{'classifier__ccp_alpha': np.float64(0.00242758156780113), 'classifier__max_depth': 11, 'classifier__max_features': 'log2', 'classifier__max_leaf_nodes': 15, 'classifier__max_samples': np.float64(0.8869589658812904), 'classifier__min_impurity_decrease': np.float64(0.08277189129825646), 'classifier__min_samples_leaf': 7, 'classifier__min_samples_split': 2, 'classifier__n_estimators': 856, 'feature_selection_filter__k': 22}",73.87284207344055,"[0, 1, 2, 3, 4, 5, 6, 7, 8, 9, 10, 11, 12, 14, 16, 17, 18, 19, 20, 21, 27, 29]","['Amount_log1p', 'V1', 'V2', 'V3', 'V4', 'V5', 'V6', 'V7', 'V8', 'V9', 'V10', 'V11', 'V12', 'V14', 'V16', 'V17', 'V18', 'V19', 'V20', 'V21', 'V27', 'Time_sin']"
CostSensitiveLearning_ClusterCentroids___RandomizedSearchCV__niter_30__cv_5,1,5,RandomForestClassifier,resubstitution,354,22111,24,71,0.9957890070921985,0.9365079365079365,0.8329411764705882,0.8816936488169365,0.9989157442963632,0.001084255703636794,0.9159284603834756,0.9121612002542128,0.8811231503969933,0.87955747825999,0.9595670418155968,0.8528904007984612,22560,0.881805767063765,0.004818101380865908,0.8796060050698375,0.008256234460509807,"{'classifier__ccp_alpha': np.float64(0.008493761547644633), 'classifier__max_depth': 10, 'classifier__max_features': 'sqrt', 'classifier__max_leaf_nodes': 2, 'classifier__max_samples': np.float64(0.6412118375259613), 'classifier__min_impurity_decrease': np.float64(0.04542064508554448), 'classifier__min_samples_leaf': 2, 'classifier__min_samples_split': 8, 'classifier__n_estimators': 487, 'feature_selection_filter__k': 20}",73.56684279441833,"[1, 2, 3, 4, 5, 6, 7, 8, 9, 10, 11, 12, 14, 16, 17, 18, 19, 20, 21, 27]","['V1', 'V2', 'V3', 'V4', 'V5', 'V6', 'V7', 'V8', 'V9', 'V10', 'V11', 'V12', 'V14', 'V16', 'V17', 'V18', 'V19', 'V20', 'V21', 'V27']"
CostSensitiveLearning_ClusterCentroids___RandomizedSearchCV__niter_30__cv_5,1,6,RandomForestClassifier,resubstitution,362,22107,28,63,0.9959663120567376,0.9282051282051282,0.851764705882353,0.8883435582822086,0.9987350350124238,0.0012649649875762226,0.9252498704473884,0.9223270858820957,0.8871422516605186,0.8862934715783527,0.963723302196415,0.8741189820672431,22560,0.8918980213145611,0.0026681464690258318,0.8937250524569365,0.015976080142225166,"{'classifier__ccp_alpha': np.float64(0.007837188832670547), 'classifier__max_depth': 17, 'classifier__max_features': 'sqrt', 'classifier__max_leaf_nodes': 11, 'classifier__max_samples': np.float64(0.549464600671005), 'classifier__min_impurity_decrease': np.float64(0.06683410311964537), 'classifier__min_samples_leaf': 4, 'classifier__min_samples_split': 4, 'classifier__n_estimators': 884, 'feature_selection_filter__k': 26}",75.80874943733215,"[0, 1, 2, 3, 4, 5, 6, 7, 8, 9, 10, 11, 12, 13, 14, 16, 17, 18, 19, 20, 21, 23, 24, 27, 28, 29]","['Amount_log1p', 'V1', 'V2', 'V3', 'V4', 'V5', 'V6', 'V7', 'V8', 'V9', 'V10', 'V11', 'V12', 'V13', 'V14', 'V16', 'V17', 'V18', 'V19', 'V20', 'V21', 'V23', 'V24', 'V27', 'V28', 'Time_sin']"
CostSensitiveLearning_ClusterCentroids___RandomizedSearchCV__niter_30__cv_5,1,7,RandomForestClassifier,resubstitution,353,22116,19,72,0.9959663120567376,0.9489247311827957,0.8305882352941176,0.8858218318695107,0.9991416309012876,0.0008583690987123971,0.9148649330977026,0.9109749085563154,0.8858096404204088,0.8837779634649221,0.9607777940179913,0.8604990403192253,22560,0.8851595165072954,0.0065040332555792385,0.8846520246684315,0.015540771028381223,"{'classifier__ccp_alpha': np.float64(0.0007395112777456125), 'classifier__max_depth': 6, 'classifier__max_features': 'log2', 'classifier__max_leaf_nodes': 19, 'classifier__max_samples': np.float64(0.8154280955522668), 'classifier__min_impurity_decrease': np.float64(0.06974843423393928), 'classifier__min_samples_leaf': 8, 'classifier__min_samples_split': 7, 'classifier__n_estimators': 400, 'feature_selection_filter__k': 26}",73.95773673057556,"[0, 1, 2, 3, 4, 5, 6, 7, 8, 9, 10, 11, 12, 14, 16, 17, 18, 19, 20, 21, 22, 24, 27, 28, 29, 30]","['Amount_log1p', 'V1', 'V2', 'V3', 'V4', 'V5', 'V6', 'V7', 'V8', 'V9', 'V10', 'V11', 'V12', 'V14', 'V16', 'V17', 'V18', 'V19', 'V20', 'V21', 'V22', 'V24', 'V27', 'V28', 'Time_sin', 'Time_cos']"
CostSensitiveLearning_ClusterCentroids___RandomizedSearchCV__niter_30__cv_5,1,8,RandomForestClassifier,resubstitution,359,22110,25,67,0.9959221665706307,0.9348958333333334,0.8427230046948356,0.8864197530864197,0.9988705669753783,0.001129433024621651,0.9207967858351069,0.9174809019825562,0.8855844085959428,0.8843492498736018,0.9681185978910887,0.8613497212131953,22561,0.8868959879874021,0.006193078910183542,0.8892167068175846,0.016634657054463604,"{'classifier__ccp_alpha': np.float64(0.0068510555864761125), 'classifier__max_depth': 3, 'classifier__max_features': 'log2', 'classifier__max_leaf_nodes': 4, 'classifier__max_samples': np.float64(0.7487049636766385), 'classifier__min_impurity_decrease': np.float64(0.09896307120494116), 'classifier__min_samples_leaf': 4, 'classifier__min_samples_split': 8, 'classifier__n_estimators': 710, 'feature_selection_filter__k': 26}",75.41934084892273,"[0, 1, 2, 3, 4, 5, 6, 7, 8, 9, 10, 11, 12, 13, 14, 16, 17, 18, 19, 20, 21, 23, 24, 27, 28, 29]","['Amount_log1p', 'V1', 'V2', 'V3', 'V4', 'V5', 'V6', 'V7', 'V8', 'V9', 'V10', 'V11', 'V12', 'V13', 'V14', 'V16', 'V17', 'V18', 'V19', 'V20', 'V21', 'V23', 'V24', 'V27', 'V28', 'Time_sin']"
CostSensitiveLearning_ClusterCentroids___RandomizedSearchCV__niter_30__cv_5,1,9,RandomForestClassifier,resubstitution,352,22111,24,74,0.9956562209121936,0.9361702127659575,0.8262910798122066,0.8778054862842892,0.9989157442963632,0.001084255703636794,0.912603412054285,0.9085126135591383,0.8773719273246519,0.8756030442955467,0.9732561395024768,0.8659072849373912,22561,0.8732106983751589,0.011187348458658156,0.8718521916676101,0.03217870452634908,"{'classifier__ccp_alpha': np.float64(0.004946016455380215), 'classifier__max_depth': 14, 'classifier__max_features': 'log2', 'classifier__max_leaf_nodes': 3, 'classifier__max_samples': np.float64(0.7439752530942259), 'classifier__min_impurity_decrease': np.float64(0.002143623215939916), 'classifier__min_samples_leaf': 7, 'classifier__min_samples_split': 8, 'classifier__n_estimators': 849, 'feature_selection_filter__k': 'all'}",76.40984320640564,"[0, 1, 2, 3, 4, 5, 6, 7, 8, 9, 10, 11, 12, 13, 14, 15, 16, 17, 18, 19, 20, 21, 22, 23, 24, 25, 26, 27, 28, 29, 30]","['Amount_log1p', 'V1', 'V2', 'V3', 'V4', 'V5', 'V6', 'V7', 'V8', 'V9', 'V10', 'V11', 'V12', 'V13', 'V14', 'V15', 'V16', 'V17', 'V18', 'V19', 'V20', 'V21', 'V22', 'V23', 'V24', 'V25', 'V26', 'V27', 'V28', 'Time_sin', 'Time_cos']"
CostSensitiveLearning_ClusterCentroids___RandomizedSearchCV__niter_30__cv_5,1,10,RandomForestClassifier,resubstitution,352,22114,21,74,0.9957891937414122,0.9436997319034852,0.8262910798122066,0.8811013767209012,0.9990512762593178,0.0009487237406822224,0.9126711780357621,0.9085742445436558,0.8809782806963886,0.8789676201346442,0.9603796485713469,0.855545551327732,22561,0.8829988984390656,0.013493085345401062,0.882369603891059,0.04448833415239855,"{'classifier__ccp_alpha': np.float64(0.005044463711096328), 'classifier__max_depth': 11, 'classifier__max_features': 'log2', 'classifier__max_leaf_nodes': 2, 'classifier__max_samples': np.float64(0.7837430386980397), 'classifier__min_impurity_decrease': np.float64(0.09608867240211177), 'classifier__min_samples_leaf': 4, 'classifier__min_samples_split': 4, 'classifier__n_estimators': 558, 'feature_selection_filter__k': 'all'}",74.30434584617615,"[0, 1, 2, 3, 4, 5, 6, 7, 8, 9, 10, 11, 12, 13, 14, 15, 16, 17, 18, 19, 20, 21, 22, 23, 24, 25, 26, 27, 28, 29, 30]","['Amount_log1p', 'V1', 'V2', 'V3', 'V4', 'V5', 'V6', 'V7', 'V8', 'V9', 'V10', 'V11', 'V12', 'V13', 'V14', 'V15', 'V16', 'V17', 'V18', 'V19', 'V20', 'V21', 'V22', 'V23', 'V24', 'V25', 'V26', 'V27', 'V28', 'Time_sin', 'Time_cos']"
CostSensitiveLearning_ClusterCentroids___RandomizedSearchCV__niter_30__cv_5,2,1,RandomForestClassifier,resubstitution,358,22110,24,68,0.9959219858156029,0.93717277486911,0.8403755868544601,0.8861386138613861,0.9989156953103823,0.0010843046896177322,0.9196456410824212,0.9162228788152987,0.8854307355944834,0.8840686954644961,0.9618352111403399,0.8615762040246923,22560,0.885847709487663,0.005686261992854877,0.8869813783025166,0.023241336716908208,"{'classifier__ccp_alpha': np.float64(0.0018821937901900487), 'classifier__max_depth': 12, 'classifier__max_features': 'sqrt', 'classifier__max_leaf_nodes': 18, 'classifier__max_samples': np.float64(0.8530022084544473), 'classifier__min_impurity_decrease': np.float64(0.07118459101804224), 'classifier__min_samples_leaf': 8, 'classifier__min_samples_split': 4, 'classifier__n_estimators': 786, 'feature_selection_filter__k': 22}",74.37268114089966,"[1, 2, 3, 4, 5, 6, 7, 8, 9, 10, 11, 12, 14, 16, 17, 18, 19, 20, 21, 27, 28, 29]","['V1', 'V2', 'V3', 'V4', 'V5', 'V6', 'V7', 'V8', 'V9', 'V10', 'V11', 'V12', 'V14', 'V16', 'V17', 'V18', 'V19', 'V20', 'V21', 'V27', 'V28', 'Time_sin']"
CostSensitiveLearning_ClusterCentroids___RandomizedSearchCV__niter_30__cv_5,2,2,RandomForestClassifier,resubstitution,354,22111,23,72,0.9957890070921985,0.9389920424403183,0.8309859154929577,0.8816936488169365,0.9989608746724497,0.0010391253275503498,0.9149733950827037,0.9111105404841563,0.8812602620614495,0.8795581280392859,0.9641785458693548,0.8538755001604691,22560,0.8777720751127485,0.004660655429657825,0.8814078533439774,0.011761016765019084,"{'classifier__ccp_alpha': np.float64(0.001428498305746585), 'classifier__max_depth': 14, 'classifier__max_features': 'log2', 'classifier__max_leaf_nodes': 10, 'classifier__max_samples': np.float64(0.5596403727105477), 'classifier__min_impurity_decrease': np.float64(0.09413441099455098), 'classifier__min_samples_leaf': 3, 'classifier__min_samples_split': 8, 'classifier__n_estimators': 542, 'feature_selection_filter__k': 22}",74.14391589164734,"[1, 2, 3, 4, 5, 6, 7, 8, 9, 10, 11, 12, 14, 16, 17, 18, 19, 20, 21, 27, 28, 29]","['V1', 'V2', 'V3', 'V4', 'V5', 'V6', 'V7', 'V8', 'V9', 'V10', 'V11', 'V12', 'V14', 'V16', 'V17', 'V18', 'V19', 'V20', 'V21', 'V27', 'V28', 'Time_sin']"
CostSensitiveLearning_ClusterCentroids___RandomizedSearchCV__niter_30__cv_5,2,3,RandomForestClassifier,resubstitution,361,22112,22,65,0.9961436170212766,0.9425587467362925,0.8474178403755869,0.892459826946848,0.999006054034517,0.0009939459654829674,0.923211947205052,0.9200954042011444,0.8918090640521386,0.8905020796972941,0.9617077332220183,0.8618840439357964,22560,0.889895095915049,0.006379196369049184,0.8896718697941701,0.02350720780801543,"{'classifier__ccp_alpha': np.float64(0.006577059739633074), 'classifier__max_depth': 18, 'classifier__max_features': 'log2', 'classifier__max_leaf_nodes': 11, 'classifier__max_samples': np.float64(0.7469617136418887), 'classifier__min_impurity_decrease': np.float64(0.087586539451767), 'classifier__min_samples_leaf': 2, 'classifier__min_samples_split': 4, 'classifier__n_estimators': 608, 'feature_selection_filter__k': 20}",71.32105469703674,"[1, 2, 3, 4, 5, 6, 7, 8, 9, 10, 11, 12, 14, 16, 17, 18, 19, 20, 21, 27]","['V1', 'V2', 'V3', 'V4', 'V5', 'V6', 'V7', 'V8', 'V9', 'V10', 'V11', 'V12', 'V14', 'V16', 'V17', 'V18', 'V19', 'V20', 'V21', 'V27']"
CostSensitiveLearning_ClusterCentroids___RandomizedSearchCV__niter_30__cv_5,2,4,RandomForestClassifier,resubstitution,357,22106,28,69,0.9957003546099291,0.9272727272727272,0.8380281690140845,0.8803945745992602,0.9987349778621126,0.0012650221378873727,0.9183815734380986,0.9148595765624955,0.8793770311357118,0.8782111003142229,0.9631482761209891,0.8578104176162175,22560,0.8780168924724314,0.005323395365303495,0.8822048574858952,0.01660368078411822,"{'classifier__ccp_alpha': np.float64(0.003919554086745776), 'classifier__max_depth': 12, 'classifier__max_features': 'sqrt', 'classifier__max_leaf_nodes': 14, 'classifier__max_samples': np.float64(0.759987844394642), 'classifier__min_impurity_decrease': np.float64(0.07272722271507036), 'classifier__min_samples_leaf': 2, 'classifier__min_samples_split': 7, 'classifier__n_estimators': 380, 'feature_selection_filter__k': 24}",71.50077033042908,"[0, 1, 2, 3, 4, 5, 6, 7, 8, 9, 10, 11, 12, 14, 16, 17, 18, 19, 20, 21, 24, 27, 28, 29]","['Amount_log1p', 'V1', 'V2', 'V3', 'V4', 'V5', 'V6', 'V7', 'V8', 'V9', 'V10', 'V11', 'V12', 'V14', 'V16', 'V17', 'V18', 'V19', 'V20', 'V21', 'V24', 'V27', 'V28', 'Time_sin']"
CostSensitiveLearning_ClusterCentroids___RandomizedSearchCV__niter_30__cv_5,2,5,RandomForestClassifier,resubstitution,357,22110,25,68,0.995877659574468,0.9345549738219895,0.84,0.8847583643122676,0.9988705669753783,0.001129433024621651,0.9194352834876891,0.9159974215352998,0.8839675324471555,0.882665724150813,0.9684691531909805,0.8587768009604494,22560,0.8847569865131636,0.005772835260755016,0.8842953342030542,0.015731851934110856,"{'classifier__ccp_alpha': np.float64(0.007319755462337112), 'classifier__max_depth': 12, 'classifier__max_features': 'log2', 'classifier__max_leaf_nodes': 18, 'classifier__max_samples': np.float64(0.5137423415867324), 'classifier__min_impurity_decrease': np.float64(0.04011881007056405), 'classifier__min_samples_leaf': 8, 'classifier__min_samples_split': 6, 'classifier__n_estimators': 898, 'feature_selection_filter__k': 'all'}",72.93449687957764,"[0, 1, 2, 3, 4, 5, 6, 7, 8, 9, 10, 11, 12, 13, 14, 15, 16, 17, 18, 19, 20, 21, 22, 23, 24, 25, 26, 27, 28, 29, 30]","['Amount_log1p', 'V1', 'V2', 'V3', 'V4', 'V5', 'V6', 'V7', 'V8', 'V9', 'V10', 'V11', 'V12', 'V13', 'V14', 'V15', 'V16', 'V17', 'V18', 'V19', 'V20', 'V21', 'V22', 'V23', 'V24', 'V25', 'V26', 'V27', 'V28', 'Time_sin', 'Time_cos']"
CostSensitiveLearning_ClusterCentroids___RandomizedSearchCV__niter_30__cv_5,2,6,RandomForestClassifier,resubstitution,353,22114,21,72,0.995877659574468,0.9438502673796791,0.8305882352941176,0.8836045056320401,0.9990512762593178,0.0009487237406822224,0.9148197557767177,0.9109337168622988,0.8833816016565789,0.8815148801019227,0.9594485709350375,0.8568365950908942,22560,0.8838854149771043,0.008533420034385758,0.8866779705129236,0.022175363187962448,"{'classifier__ccp_alpha': np.float64(0.004678638043853316), 'classifier__max_depth': 3, 'classifier__max_features': 'log2', 'classifier__max_leaf_nodes': 14, 'classifier__max_samples': np.float64(0.6942177321749752), 'classifier__min_impurity_decrease': np.float64(0.08571818623852734), 'classifier__min_samples_leaf': 3, 'classifier__min_samples_split': 3, 'classifier__n_estimators': 839, 'feature_selection_filter__k': 'all'}",74.31625819206238,"[0, 1, 2, 3, 4, 5, 6, 7, 8, 9, 10, 11, 12, 13, 14, 15, 16, 17, 18, 19, 20, 21, 22, 23, 24, 25, 26, 27, 28, 29, 30]","['Amount_log1p', 'V1', 'V2', 'V3', 'V4', 'V5', 'V6', 'V7', 'V8', 'V9', 'V10', 'V11', 'V12', 'V13', 'V14', 'V15', 'V16', 'V17', 'V18', 'V19', 'V20', 'V21', 'V22', 'V23', 'V24', 'V25', 'V26', 'V27', 'V28', 'Time_sin', 'Time_cos']"
CostSensitiveLearning_ClusterCentroids___RandomizedSearchCV__niter_30__cv_5,2,7,RandomForestClassifier,resubstitution,355,22110,25,70,0.9957890070921985,0.9342105263157895,0.8352941176470589,0.8819875776397516,0.9988705669753783,0.001129433024621651,0.9170823423112187,0.9134279987417268,0.8812790751624666,0.8798506542286605,0.9697681871935582,0.8598631427106127,22560,0.879792741980082,0.007485440293624181,0.8802526310935874,0.018613494424138045,"{'classifier__ccp_alpha': np.float64(0.003497384435716636), 'classifier__max_depth': 19, 'classifier__max_features': 'log2', 'classifier__max_leaf_nodes': 7, 'classifier__max_samples': np.float64(0.5983774919525113), 'classifier__min_impurity_decrease': np.float64(0.056829513145390934), 'classifier__min_samples_leaf': 8, 'classifier__min_samples_split': 4, 'classifier__n_estimators': 523, 'feature_selection_filter__k': 26}",75.14783668518066,"[0, 1, 2, 3, 4, 5, 6, 7, 8, 9, 10, 11, 12, 14, 16, 17, 18, 19, 20, 21, 23, 24, 26, 27, 28, 29]","['Amount_log1p', 'V1', 'V2', 'V3', 'V4', 'V5', 'V6', 'V7', 'V8', 'V9', 'V10', 'V11', 'V12', 'V14', 'V16', 'V17', 'V18', 'V19', 'V20', 'V21', 'V23', 'V24', 'V26', 'V27', 'V28', 'Time_sin']"
CostSensitiveLearning_ClusterCentroids___RandomizedSearchCV__niter_30__cv_5,2,8,RandomForestClassifier,resubstitution,359,22111,24,67,0.9959664908470369,0.9373368146214099,0.8427230046948356,0.8875154511742892,0.9989157442963632,0.001084255703636794,0.9208193744955995,0.9175016498461511,0.8867673784245503,0.8854677849746504,0.9724670210859314,0.8698067424256415,22561,0.8884028410486045,0.009023296962032506,0.8895469983743555,0.03115508437828377,"{'classifier__ccp_alpha': np.float64(0.009240351155744253), 'classifier__max_depth': 16, 'classifier__max_features': 'log2', 'classifier__max_leaf_nodes': 13, 'classifier__max_samples': np.float64(0.8916647138719467), 'classifier__min_impurity_decrease': np.float64(0.03978552935538715), 'classifier__min_samples_leaf': 4, 'classifier__min_samples_split': 2, 'classifier__n_estimators': 695, 'feature_selection_filter__k': 'all'}",73.8075602054596,"[0, 1, 2, 3, 4, 5, 6, 7, 8, 9, 10, 11, 12, 13, 14, 15, 16, 17, 18, 19, 20, 21, 22, 23, 24, 25, 26, 27, 28, 29, 30]","['Amount_log1p', 'V1', 'V2', 'V3', 'V4', 'V5', 'V6', 'V7', 'V8', 'V9', 'V10', 'V11', 'V12', 'V13', 'V14', 'V15', 'V16', 'V17', 'V18', 'V19', 'V20', 'V21', 'V22', 'V23', 'V24', 'V25', 'V26', 'V27', 'V28', 'Time_sin', 'Time_cos']"
CostSensitiveLearning_ClusterCentroids___RandomizedSearchCV__niter_30__cv_5,2,9,RandomForestClassifier,resubstitution,355,22108,27,71,0.9956562209121936,0.9293193717277487,0.8333333333333334,0.8787128712871287,0.9987802123334086,0.0012197876665913654,0.9160567728333711,0.9123140049408284,0.8778584473747438,0.8765080577199598,0.9604713288389324,0.8524231945675403,22561,0.8782318236757817,0.003964860886436333,0.8787355424730257,0.007283039998259536,"{'classifier__ccp_alpha': np.float64(0.0030087333004661875), 'classifier__max_depth': 9, 'classifier__max_features': 'sqrt', 'classifier__max_leaf_nodes': 17, 'classifier__max_samples': np.float64(0.752652942138164), 'classifier__min_impurity_decrease': np.float64(0.07410731581372827), 'classifier__min_samples_leaf': 3, 'classifier__min_samples_split': 3, 'classifier__n_estimators': 827, 'feature_selection_filter__k': 24}",72.84339570999146,"[0, 1, 2, 3, 4, 5, 6, 7, 8, 9, 10, 11, 12, 14, 16, 17, 18, 19, 20, 21, 24, 27, 28, 29]","['Amount_log1p', 'V1', 'V2', 'V3', 'V4', 'V5', 'V6', 'V7', 'V8', 'V9', 'V10', 'V11', 'V12', 'V14', 'V16', 'V17', 'V18', 'V19', 'V20', 'V21', 'V24', 'V27', 'V28', 'Time_sin']"
CostSensitiveLearning_ClusterCentroids___RandomizedSearchCV__niter_30__cv_5,2,10,RandomForestClassifier,resubstitution,351,22112,23,75,0.9956562209121936,0.9385026737967914,0.823943661971831,0.8775,0.9989609216173481,0.0010390783826519367,0.9114522917945895,0.9072417097577431,0.8772208615821749,0.87529841819743,0.9648822685378137,0.8586624357793098,22561,0.8776040300384782,0.007423429461608721,0.8777625066905383,0.01941201124005241,"{'classifier__ccp_alpha': np.float64(0.006858485015440278), 'classifier__max_depth': 19, 'classifier__max_features': 'log2', 'classifier__max_leaf_nodes': 12, 'classifier__max_samples': np.float64(0.5562940722856067), 'classifier__min_impurity_decrease': np.float64(0.048700177585656215), 'classifier__min_samples_leaf': 3, 'classifier__min_samples_split': 5, 'classifier__n_estimators': 366, 'feature_selection_filter__k': 'all'}",70.0702588558197,"[0, 1, 2, 3, 4, 5, 6, 7, 8, 9, 10, 11, 12, 13, 14, 15, 16, 17, 18, 19, 20, 21, 22, 23, 24, 25, 26, 27, 28, 29, 30]","['Amount_log1p', 'V1', 'V2', 'V3', 'V4', 'V5', 'V6', 'V7', 'V8', 'V9', 'V10', 'V11', 'V12', 'V13', 'V14', 'V15', 'V16', 'V17', 'V18', 'V19', 'V20', 'V21', 'V22', 'V23', 'V24', 'V25', 'V26', 'V27', 'V28', 'Time_sin', 'Time_cos']"
CostSensitiveLearning_ClusterCentroids___RandomizedSearchCV__niter_30__cv_5,3,1,RandomForestClassifier,resubstitution,360,22111,23,66,0.9960549645390071,0.9399477806788512,0.8450704225352113,0.8899876390605687,0.9989608746724497,0.0010391253275503498,0.9220156486038305,0.9187993733430554,0.8892881760126398,0.8879848861271169,0.960451301526214,0.8661021109300691,22560,0.8907337674673494,0.012424052862499037,0.8867657342657342,0.0402198747531094,"{'classifier__ccp_alpha': np.float64(0.002402763294204019), 'classifier__max_depth': 4, 'classifier__max_features': 'sqrt', 'classifier__max_leaf_nodes': 12, 'classifier__max_samples': np.float64(0.507142861396566), 'classifier__min_impurity_decrease': np.float64(0.09961258185466165), 'classifier__min_samples_leaf': 9, 'classifier__min_samples_split': 8, 'classifier__n_estimators': 228, 'feature_selection_filter__k': 'all'}",71.85428619384766,"[0, 1, 2, 3, 4, 5, 6, 7, 8, 9, 10, 11, 12, 13, 14, 15, 16, 17, 18, 19, 20, 21, 22, 23, 24, 25, 26, 27, 28, 29, 30]","['Amount_log1p', 'V1', 'V2', 'V3', 'V4', 'V5', 'V6', 'V7', 'V8', 'V9', 'V10', 'V11', 'V12', 'V13', 'V14', 'V15', 'V16', 'V17', 'V18', 'V19', 'V20', 'V21', 'V22', 'V23', 'V24', 'V25', 'V26', 'V27', 'V28', 'Time_sin', 'Time_cos']"
CostSensitiveLearning_ClusterCentroids___RandomizedSearchCV__niter_30__cv_5,3,2,RandomForestClassifier,resubstitution,356,22109,25,70,0.9957890070921985,0.9343832020997376,0.8356807511737089,0.8822800495662949,0.9988705159483148,0.0011294840516852256,0.9172756335610118,0.9136393506701415,0.8815649299666616,0.8801429962506099,0.9664507178003717,0.8686437065817421,22560,0.8846661267453746,0.006613860594363134,0.8828014008650623,0.015848833983663973,"{'classifier__ccp_alpha': np.float64(0.009794664083900296), 'classifier__max_depth': 19, 'classifier__max_features': 'log2', 'classifier__max_leaf_nodes': 16, 'classifier__max_samples': np.float64(0.6527321722317649), 'classifier__min_impurity_decrease': np.float64(0.04451733120552697), 'classifier__min_samples_leaf': 4, 'classifier__min_samples_split': 3, 'classifier__n_estimators': 626, 'feature_selection_filter__k': 'all'}",73.23177075386047,"[0, 1, 2, 3, 4, 5, 6, 7, 8, 9, 10, 11, 12, 13, 14, 15, 16, 17, 18, 19, 20, 21, 22, 23, 24, 25, 26, 27, 28, 29, 30]","['Amount_log1p', 'V1', 'V2', 'V3', 'V4', 'V5', 'V6', 'V7', 'V8', 'V9', 'V10', 'V11', 'V12', 'V13', 'V14', 'V15', 'V16', 'V17', 'V18', 'V19', 'V20', 'V21', 'V22', 'V23', 'V24', 'V25', 'V26', 'V27', 'V28', 'Time_sin', 'Time_cos']"
CostSensitiveLearning_ClusterCentroids___RandomizedSearchCV__niter_30__cv_5,3,3,RandomForestClassifier,resubstitution,356,22107,27,70,0.9957003546099291,0.9295039164490861,0.8356807511737089,0.8800988875154512,0.99878015722418,0.0012198427758199903,0.9172304541989444,0.9135980254173592,0.8792046238546444,0.8779161118464084,0.9665161006095607,0.8577058152637564,22560,0.8799272204540133,0.004272461240140331,0.8795687539636583,0.018247277774898776,"{'classifier__ccp_alpha': np.float64(0.007219998572759238), 'classifier__max_depth': 17, 'classifier__max_features': 'log2', 'classifier__max_leaf_nodes': 11, 'classifier__max_samples': np.float64(0.5391838581808565), 'classifier__min_impurity_decrease': np.float64(0.06130394992698051), 'classifier__min_samples_leaf': 8, 'classifier__min_samples_split': 8, 'classifier__n_estimators': 513, 'feature_selection_filter__k': 22}",69.8446261882782,"[0, 1, 2, 3, 4, 5, 6, 7, 8, 9, 10, 11, 12, 14, 16, 17, 18, 19, 20, 21, 27, 29]","['Amount_log1p', 'V1', 'V2', 'V3', 'V4', 'V5', 'V6', 'V7', 'V8', 'V9', 'V10', 'V11', 'V12', 'V14', 'V16', 'V17', 'V18', 'V19', 'V20', 'V21', 'V27', 'Time_sin']"
CostSensitiveLearning_ClusterCentroids___RandomizedSearchCV__niter_30__cv_5,3,4,RandomForestClassifier,resubstitution,357,22112,22,69,0.9959663120567376,0.941952506596306,0.8380281690140845,0.8869565217391304,0.999006054034517,0.0009939459654829674,0.9185171115243007,0.9149837235145398,0.8864776721138269,0.8849101676364001,0.9647618474922908,0.8659808227095996,22560,0.8863224833959601,0.008989103448063127,0.8851317293523021,0.024820895697006264,"{'classifier__ccp_alpha': np.float64(0.0015462484571343994), 'classifier__max_depth': 19, 'classifier__max_features': 'log2', 'classifier__max_leaf_nodes': 5, 'classifier__max_samples': np.float64(0.5885148789310618), 'classifier__min_impurity_decrease': np.float64(0.053739448336430906), 'classifier__min_samples_leaf': 5, 'classifier__min_samples_split': 4, 'classifier__n_estimators': 519, 'feature_selection_filter__k': 'all'}",72.75881361961365,"[0, 1, 2, 3, 4, 5, 6, 7, 8, 9, 10, 11, 12, 13, 14, 15, 16, 17, 18, 19, 20, 21, 22, 23, 24, 25, 26, 27, 28, 29, 30]","['Amount_log1p', 'V1', 'V2', 'V3', 'V4', 'V5', 'V6', 'V7', 'V8', 'V9', 'V10', 'V11', 'V12', 'V13', 'V14', 'V15', 'V16', 'V17', 'V18', 'V19', 'V20', 'V21', 'V22', 'V23', 'V24', 'V25', 'V26', 'V27', 'V28', 'Time_sin', 'Time_cos']"
CostSensitiveLearning_ClusterCentroids___RandomizedSearchCV__niter_30__cv_5,3,5,RandomForestClassifier,resubstitution,355,22114,21,70,0.9959663120567376,0.9441489361702128,0.8352941176470589,0.8863920099875156,0.9990512762593178,0.0009487237406822224,0.9171726969531884,0.9135106207851088,0.8860663630859967,0.8843465367506884,0.967544931503209,0.8558108727524647,22560,0.8851291804163092,0.0091919115287384,0.8821482593515076,0.034706450823889456,"{'classifier__ccp_alpha': np.float64(0.00029220974189063663), 'classifier__max_depth': 10, 'classifier__max_features': 'log2', 'classifier__max_leaf_nodes': 13, 'classifier__max_samples': np.float64(0.877217935724071), 'classifier__min_impurity_decrease': np.float64(0.04327501584639135), 'classifier__min_samples_leaf': 1, 'classifier__min_samples_split': 9, 'classifier__n_estimators': 951, 'feature_selection_filter__k': 'all'}",76.21938157081604,"[0, 1, 2, 3, 4, 5, 6, 7, 8, 9, 10, 11, 12, 13, 14, 15, 16, 17, 18, 19, 20, 21, 22, 23, 24, 25, 26, 27, 28, 29, 30]","['Amount_log1p', 'V1', 'V2', 'V3', 'V4', 'V5', 'V6', 'V7', 'V8', 'V9', 'V10', 'V11', 'V12', 'V13', 'V14', 'V15', 'V16', 'V17', 'V18', 'V19', 'V20', 'V21', 'V22', 'V23', 'V24', 'V25', 'V26', 'V27', 'V28', 'Time_sin', 'Time_cos']"
CostSensitiveLearning_ClusterCentroids___RandomizedSearchCV__niter_30__cv_5,3,6,RandomForestClassifier,resubstitution,352,22113,22,73,0.9957890070921985,0.9411764705882353,0.8282352941176471,0.8811013767209012,0.9990060989383329,0.0009939010616670796,0.91362069652799,0.9096219600358786,0.8808281387009901,0.8789668130073404,0.9662426022136887,0.8594034418548243,22560,0.8823894948959884,0.006421150228458456,0.8819750643182267,0.025596609878683892,"{'classifier__ccp_alpha': np.float64(0.004474472108776345), 'classifier__max_depth': 16, 'classifier__max_features': 'log2', 'classifier__max_leaf_nodes': 19, 'classifier__max_samples': np.float64(0.5959215789675442), 'classifier__min_impurity_decrease': np.float64(0.06763390832394035), 'classifier__min_samples_leaf': 8, 'classifier__min_samples_split': 9, 'classifier__n_estimators': 716, 'feature_selection_filter__k': 'all'}",71.97739839553833,"[0, 1, 2, 3, 4, 5, 6, 7, 8, 9, 10, 11, 12, 13, 14, 15, 16, 17, 18, 19, 20, 21, 22, 23, 24, 25, 26, 27, 28, 29, 30]","['Amount_log1p', 'V1', 'V2', 'V3', 'V4', 'V5', 'V6', 'V7', 'V8', 'V9', 'V10', 'V11', 'V12', 'V13', 'V14', 'V15', 'V16', 'V17', 'V18', 'V19', 'V20', 'V21', 'V22', 'V23', 'V24', 'V25', 'V26', 'V27', 'V28', 'Time_sin', 'Time_cos']"
CostSensitiveLearning_ClusterCentroids___RandomizedSearchCV__niter_30__cv_5,3,7,RandomForestClassifier,resubstitution,352,22110,25,73,0.9956560283687943,0.9336870026525199,0.8282352941176471,0.8778054862842892,0.9988705669753783,0.001129433024621651,0.9135529305465127,0.9095602551916576,0.8772320932951339,0.8756022589740314,0.9629889847061481,0.8517400509907823,22560,0.8795455385692579,0.0059836706710890706,0.8797186707347342,0.02563965852864748,"{'classifier__ccp_alpha': np.float64(0.0019477788250579753), 'classifier__max_depth': 13, 'classifier__max_features': 'log2', 'classifier__max_leaf_nodes': 16, 'classifier__max_samples': np.float64(0.6987376944418066), 'classifier__min_impurity_decrease': np.float64(0.0845448472456437), 'classifier__min_samples_leaf': 7, 'classifier__min_samples_split': 4, 'classifier__n_estimators': 533, 'feature_selection_filter__k': 'all'}",70.43453550338745,"[0, 1, 2, 3, 4, 5, 6, 7, 8, 9, 10, 11, 12, 13, 14, 15, 16, 17, 18, 19, 20, 21, 22, 23, 24, 25, 26, 27, 28, 29, 30]","['Amount_log1p', 'V1', 'V2', 'V3', 'V4', 'V5', 'V6', 'V7', 'V8', 'V9', 'V10', 'V11', 'V12', 'V13', 'V14', 'V15', 'V16', 'V17', 'V18', 'V19', 'V20', 'V21', 'V22', 'V23', 'V24', 'V25', 'V26', 'V27', 'V28', 'Time_sin', 'Time_cos']"
CostSensitiveLearning_ClusterCentroids___RandomizedSearchCV__niter_30__cv_5,3,8,RandomForestClassifier,resubstitution,358,22110,25,68,0.9958778422942246,0.9347258485639687,0.8403755868544601,0.8850432632880099,0.9988705669753783,0.001129433024621651,0.9196230769149192,0.9162021823339982,0.8842464924251664,0.8829505934356318,0.967468723189222,0.865310770126651,22561,0.8827267145923319,0.008730246611381366,0.885359559085886,0.02215207925197585,"{'classifier__ccp_alpha': np.float64(0.004247554056383714), 'classifier__max_depth': 9, 'classifier__max_features': 'log2', 'classifier__max_leaf_nodes': 9, 'classifier__max_samples': np.float64(0.6461761453234064), 'classifier__min_impurity_decrease': np.float64(0.06924111521663792), 'classifier__min_samples_leaf': 1, 'classifier__min_samples_split': 6, 'classifier__n_estimators': 483, 'feature_selection_filter__k': 26}",73.13564610481262,"[0, 1, 2, 3, 4, 5, 6, 7, 8, 9, 10, 11, 12, 13, 14, 16, 17, 18, 19, 20, 21, 23, 24, 27, 28, 29]","['Amount_log1p', 'V1', 'V2', 'V3', 'V4', 'V5', 'V6', 'V7', 'V8', 'V9', 'V10', 'V11', 'V12', 'V13', 'V14', 'V16', 'V17', 'V18', 'V19', 'V20', 'V21', 'V23', 'V24', 'V27', 'V28', 'Time_sin']"
CostSensitiveLearning_ClusterCentroids___RandomizedSearchCV__niter_30__cv_5,3,9,RandomForestClassifier,resubstitution,356,22113,22,70,0.9959221665706307,0.9417989417989417,0.8356807511737089,0.8855721393034826,0.9990060989383329,0.0009939010616670796,0.9173434250560208,0.9137013555795475,0.8851402599225251,0.8835037661809055,0.9629033215935929,0.860606193472362,22561,0.886714847294097,0.00781610743034422,0.8791458892724716,0.025823009092272742,"{'classifier__ccp_alpha': np.float64(0.005399820931109029), 'classifier__max_depth': 8, 'classifier__max_features': 'log2', 'classifier__max_leaf_nodes': 5, 'classifier__max_samples': np.float64(0.6549674154137005), 'classifier__min_impurity_decrease': np.float64(0.09422726106369905), 'classifier__min_samples_leaf': 6, 'classifier__min_samples_split': 9, 'classifier__n_estimators': 484, 'feature_selection_filter__k': 26}",72.52780365943909,"[0, 1, 2, 3, 4, 5, 6, 7, 8, 9, 10, 11, 12, 14, 16, 17, 18, 19, 20, 21, 22, 24, 25, 27, 28, 29]","['Amount_log1p', 'V1', 'V2', 'V3', 'V4', 'V5', 'V6', 'V7', 'V8', 'V9', 'V10', 'V11', 'V12', 'V14', 'V16', 'V17', 'V18', 'V19', 'V20', 'V21', 'V22', 'V24', 'V25', 'V27', 'V28', 'Time_sin']"
CostSensitiveLearning_ClusterCentroids___RandomizedSearchCV__niter_30__cv_5,3,10,RandomForestClassifier,resubstitution,354,22111,24,72,0.995744869465006,0.9365079365079365,0.8309859154929577,0.8805970149253731,0.9989157442963632,0.001084255703636794,0.9149508298946605,0.9110899594850349,0.8800658243956405,0.8784387125365971,0.9647822103163366,0.8575563524775621,22561,0.8814918140023487,0.010121532442733637,0.8777783018310575,0.033885557571103245,"{'classifier__ccp_alpha': np.float64(0.007741283987633739), 'classifier__max_depth': 5, 'classifier__max_features': 'log2', 'classifier__max_leaf_nodes': 15, 'classifier__max_samples': np.float64(0.7155514888934505), 'classifier__min_impurity_decrease': np.float64(0.09536010719836284), 'classifier__min_samples_leaf': 3, 'classifier__min_samples_split': 8, 'classifier__n_estimators': 761, 'feature_selection_filter__k': 26}",74.71134996414185,"[0, 1, 2, 3, 4, 5, 6, 7, 8, 9, 10, 11, 12, 14, 16, 17, 18, 19, 20, 21, 22, 23, 24, 27, 28, 29]","['Amount_log1p', 'V1', 'V2', 'V3', 'V4', 'V5', 'V6', 'V7', 'V8', 'V9', 'V10', 'V11', 'V12', 'V14', 'V16', 'V17', 'V18', 'V19', 'V20', 'V21', 'V22', 'V23', 'V24', 'V27', 'V28', 'Time_sin']"
CostSensitiveLearning_ClusterCentroids___RandomizedSearchCV__niter_30__cv_5,4,1,RandomForestClassifier,resubstitution,356,22111,23,70,0.995877659574468,0.9393139841688655,0.8356807511737089,0.884472049689441,0.9989608746724497,0.0010391253275503498,0.9173208129230792,0.9136806740538064,0.8839437446591013,0.8823807207712661,0.9690552125742014,0.8647398383355173,22560,0.8825441075717609,0.004836805319561309,0.8832184317216221,0.014358026084035877,"{'classifier__ccp_alpha': np.float64(0.008405644806270542), 'classifier__max_depth': 18, 'classifier__max_features': 'log2', 'classifier__max_leaf_nodes': 15, 'classifier__max_samples': np.float64(0.5374151773397787), 'classifier__min_impurity_decrease': np.float64(0.0692380644416473), 'classifier__min_samples_leaf': 4, 'classifier__min_samples_split': 4, 'classifier__n_estimators': 988, 'feature_selection_filter__k': 'all'}",73.6027102470398,"[0, 1, 2, 3, 4, 5, 6, 7, 8, 9, 10, 11, 12, 13, 14, 15, 16, 17, 18, 19, 20, 21, 22, 23, 24, 25, 26, 27, 28, 29, 30]","['Amount_log1p', 'V1', 'V2', 'V3', 'V4', 'V5', 'V6', 'V7', 'V8', 'V9', 'V10', 'V11', 'V12', 'V13', 'V14', 'V15', 'V16', 'V17', 'V18', 'V19', 'V20', 'V21', 'V22', 'V23', 'V24', 'V25', 'V26', 'V27', 'V28', 'Time_sin', 'Time_cos']"
CostSensitiveLearning_ClusterCentroids___RandomizedSearchCV__niter_30__cv_5,4,2,RandomForestClassifier,resubstitution,356,22110,24,70,0.9958333333333333,0.9368421052631579,0.8356807511737089,0.8833746898263027,0.9989156953103823,0.0010843046896177322,0.9172982232420456,0.9136600125955978,0.8827520085474002,0.8812604985553988,0.9669469483992295,0.8609739668103988,22560,0.8830996040744254,0.005336502161281183,0.880003805206182,0.02273669793300845,"{'classifier__ccp_alpha': np.float64(0.00769637082324668), 'classifier__max_depth': 5, 'classifier__max_features': 'log2', 'classifier__max_leaf_nodes': 10, 'classifier__max_samples': np.float64(0.7044319373549728), 'classifier__min_impurity_decrease': np.float64(0.07514660860550743), 'classifier__min_samples_leaf': 6, 'classifier__min_samples_split': 3, 'classifier__n_estimators': 406, 'feature_selection_filter__k': 'all'}",70.16488480567932,"[0, 1, 2, 3, 4, 5, 6, 7, 8, 9, 10, 11, 12, 13, 14, 15, 16, 17, 18, 19, 20, 21, 22, 23, 24, 25, 26, 27, 28, 29, 30]","['Amount_log1p', 'V1', 'V2', 'V3', 'V4', 'V5', 'V6', 'V7', 'V8', 'V9', 'V10', 'V11', 'V12', 'V13', 'V14', 'V15', 'V16', 'V17', 'V18', 'V19', 'V20', 'V21', 'V22', 'V23', 'V24', 'V25', 'V26', 'V27', 'V28', 'Time_sin', 'Time_cos']"
CostSensitiveLearning_ClusterCentroids___RandomizedSearchCV__niter_30__cv_5,4,3,RandomForestClassifier,resubstitution,351,22111,23,75,0.9956560283687943,0.9385026737967914,0.823943661971831,0.8775,0.9989608746724497,0.0010391253275503498,0.9114522683221403,0.9072416884404075,0.8772207650952792,0.8752983188556468,0.961900010647906,0.8524489680565176,22560,0.8769915847426508,0.009556834803603441,0.8775388849661253,0.02983596213313446,"{'classifier__ccp_alpha': np.float64(0.005674886008259167), 'classifier__max_depth': 14, 'classifier__max_features': 'log2', 'classifier__max_leaf_nodes': 19, 'classifier__max_samples': np.float64(0.6447025959485193), 'classifier__min_impurity_decrease': np.float64(0.07824968706733568), 'classifier__min_samples_leaf': 5, 'classifier__min_samples_split': 8, 'classifier__n_estimators': 355, 'feature_selection_filter__k': 'all'}",69.60852575302124,"[0, 1, 2, 3, 4, 5, 6, 7, 8, 9, 10, 11, 12, 13, 14, 15, 16, 17, 18, 19, 20, 21, 22, 23, 24, 25, 26, 27, 28, 29, 30]","['Amount_log1p', 'V1', 'V2', 'V3', 'V4', 'V5', 'V6', 'V7', 'V8', 'V9', 'V10', 'V11', 'V12', 'V13', 'V14', 'V15', 'V16', 'V17', 'V18', 'V19', 'V20', 'V21', 'V22', 'V23', 'V24', 'V25', 'V26', 'V27', 'V28', 'Time_sin', 'Time_cos']"
CostSensitiveLearning_ClusterCentroids___RandomizedSearchCV__niter_30__cv_5,4,4,RandomForestClassifier,resubstitution,355,22110,24,71,0.9957890070921985,0.9366754617414248,0.8333333333333334,0.8819875776397516,0.9989156953103823,0.0010843046896177322,0.9161245143218578,0.9123758798280374,0.8814098172043757,0.8798512739061319,0.9585167021526162,0.8607975629086069,22560,0.8817953713866427,0.004524134016239747,0.8818613265424238,0.02137888927709906,"{'classifier__ccp_alpha': np.float64(0.00460981746042697), 'classifier__max_depth': 3, 'classifier__max_features': 'sqrt', 'classifier__max_leaf_nodes': 10, 'classifier__max_samples': np.float64(0.7837774193599994), 'classifier__min_impurity_decrease': np.float64(0.0991622517676573), 'classifier__min_samples_leaf': 3, 'classifier__min_samples_split': 2, 'classifier__n_estimators': 645, 'feature_selection_filter__k': 26}",76.99805617332458,"[0, 1, 2, 3, 4, 5, 6, 7, 8, 9, 10, 11, 12, 14, 16, 17, 18, 19, 20, 21, 22, 23, 24, 27, 28, 29]","['Amount_log1p', 'V1', 'V2', 'V3', 'V4', 'V5', 'V6', 'V7', 'V8', 'V9', 'V10', 'V11', 'V12', 'V14', 'V16', 'V17', 'V18', 'V19', 'V20', 'V21', 'V22', 'V23', 'V24', 'V27', 'V28', 'Time_sin']"
CostSensitiveLearning_ClusterCentroids___RandomizedSearchCV__niter_30__cv_5,4,5,RandomForestClassifier,resubstitution,355,22110,25,70,0.9957890070921985,0.9342105263157895,0.8352941176470589,0.8819875776397516,0.9988705669753783,0.001129433024621651,0.9170823423112187,0.9134279987417268,0.8812790751624666,0.8798506542286605,0.9636409200228545,0.8626984170923612,22560,0.8815050269398735,0.00572921222184638,0.8815655119201302,0.019644339178167505,"{'classifier__ccp_alpha': np.float64(0.0023078379046915553), 'classifier__max_depth': 4, 'classifier__max_features': 'log2', 'classifier__max_leaf_nodes': 12, 'classifier__max_samples': np.float64(0.6819838719710196), 'classifier__min_impurity_decrease': np.float64(0.08597026607719804), 'classifier__min_samples_leaf': 7, 'classifier__min_samples_split': 9, 'classifier__n_estimators': 648, 'feature_selection_filter__k': 26}",73.7113664150238,"[0, 1, 2, 3, 4, 5, 6, 7, 8, 9, 10, 11, 12, 14, 16, 17, 18, 19, 20, 21, 22, 23, 24, 27, 28, 29]","['Amount_log1p', 'V1', 'V2', 'V3', 'V4', 'V5', 'V6', 'V7', 'V8', 'V9', 'V10', 'V11', 'V12', 'V14', 'V16', 'V17', 'V18', 'V19', 'V20', 'V21', 'V22', 'V23', 'V24', 'V27', 'V28', 'Time_sin']"
CostSensitiveLearning_ClusterCentroids___RandomizedSearchCV__niter_30__cv_5,4,6,RandomForestClassifier,resubstitution,361,22110,25,64,0.9960549645390071,0.9352331606217616,0.8494117647058823,0.8902589395807645,0.9988705669753783,0.001129433024621651,0.9241411658406303,0.9211147653834029,0.889321876537539,0.8882550481242828,0.9648571466535565,0.8680215020399944,22560,0.8878072651482917,0.0043379525904171925,0.8913949165928339,0.01984964682786984,"{'classifier__ccp_alpha': np.float64(0.0034672086136043325), 'classifier__max_depth': 10, 'classifier__max_features': 'sqrt', 'classifier__max_leaf_nodes': 4, 'classifier__max_samples': np.float64(0.5517802519089884), 'classifier__min_impurity_decrease': np.float64(0.042217135623359284), 'classifier__min_samples_leaf': 3, 'classifier__min_samples_split': 9, 'classifier__n_estimators': 547, 'feature_selection_filter__k': 'all'}",72.44126582145691,"[0, 1, 2, 3, 4, 5, 6, 7, 8, 9, 10, 11, 12, 13, 14, 15, 16, 17, 18, 19, 20, 21, 22, 23, 24, 25, 26, 27, 28, 29, 30]","['Amount_log1p', 'V1', 'V2', 'V3', 'V4', 'V5', 'V6', 'V7', 'V8', 'V9', 'V10', 'V11', 'V12', 'V13', 'V14', 'V15', 'V16', 'V17', 'V18', 'V19', 'V20', 'V21', 'V22', 'V23', 'V24', 'V25', 'V26', 'V27', 'V28', 'Time_sin', 'Time_cos']"
CostSensitiveLearning_ClusterCentroids___RandomizedSearchCV__niter_30__cv_5,4,7,RandomForestClassifier,resubstitution,353,22115,20,72,0.9959219858156029,0.9463806970509383,0.8305882352941176,0.8847117794486216,0.9990964535803026,0.0009035464196973653,0.9148423444372101,0.9109543129421337,0.8845931993129557,0.882645032774826,0.965730238243931,0.869860317503448,22560,0.8838682638094447,0.007769518281711861,0.8856213202396784,0.02835957344712569,"{'classifier__ccp_alpha': np.float64(0.00014873201001824765), 'classifier__max_depth': 16, 'classifier__max_features': 'log2', 'classifier__max_leaf_nodes': 7, 'classifier__max_samples': np.float64(0.5278848541260588), 'classifier__min_impurity_decrease': np.float64(0.051744305667635396), 'classifier__min_samples_leaf': 3, 'classifier__min_samples_split': 6, 'classifier__n_estimators': 379, 'feature_selection_filter__k': 26}",76.1972246170044,"[0, 1, 2, 3, 4, 5, 6, 7, 8, 9, 10, 11, 12, 14, 16, 17, 18, 19, 20, 21, 23, 24, 25, 27, 28, 29]","['Amount_log1p', 'V1', 'V2', 'V3', 'V4', 'V5', 'V6', 'V7', 'V8', 'V9', 'V10', 'V11', 'V12', 'V14', 'V16', 'V17', 'V18', 'V19', 'V20', 'V21', 'V23', 'V24', 'V25', 'V27', 'V28', 'Time_sin']"
CostSensitiveLearning_ClusterCentroids___RandomizedSearchCV__niter_30__cv_5,4,8,RandomForestClassifier,resubstitution,355,22119,16,71,0.9961437879526617,0.9568733153638814,0.8333333333333334,0.890840652446675,0.9992771628642422,0.0007228371357578256,0.9163052480987878,0.9125409410286944,0.89108849868604,0.8888873918944354,0.9645950850044169,0.861192293582201,22561,0.8912503621199537,0.007197474993504859,0.8913532651455547,0.0245055540519389,"{'classifier__ccp_alpha': np.float64(0.008324001744598807), 'classifier__max_depth': 9, 'classifier__max_features': 'log2', 'classifier__max_leaf_nodes': 2, 'classifier__max_samples': np.float64(0.5033811481073737), 'classifier__min_impurity_decrease': np.float64(0.09631443532550445), 'classifier__min_samples_leaf': 5, 'classifier__min_samples_split': 4, 'classifier__n_estimators': 628, 'feature_selection_filter__k': 28}",74.00993394851685,"[0, 1, 2, 3, 4, 5, 6, 7, 8, 9, 10, 11, 12, 13, 14, 16, 17, 18, 19, 20, 21, 22, 23, 24, 27, 28, 29, 30]","['Amount_log1p', 'V1', 'V2', 'V3', 'V4', 'V5', 'V6', 'V7', 'V8', 'V9', 'V10', 'V11', 'V12', 'V13', 'V14', 'V16', 'V17', 'V18', 'V19', 'V20', 'V21', 'V22', 'V23', 'V24', 'V27', 'V28', 'Time_sin', 'Time_cos']"
CostSensitiveLearning_ClusterCentroids___RandomizedSearchCV__niter_30__cv_5,4,9,RandomForestClassifier,resubstitution,355,22109,26,71,0.9957005451885999,0.931758530183727,0.8333333333333334,0.8798017348203222,0.9988253896543935,0.0011746103456065082,0.9160793614938634,0.9123346378268564,0.8790376443900397,0.877619789381737,0.9618962703258177,0.8528464498014439,22561,0.878972971320294,0.006436858931439164,0.8795315317275264,0.025417701735365335,"{'classifier__ccp_alpha': np.float64(0.005219157165002548), 'classifier__max_depth': 9, 'classifier__max_features': 'log2', 'classifier__max_leaf_nodes': 12, 'classifier__max_samples': np.float64(0.5620436479880866), 'classifier__min_impurity_decrease': np.float64(0.079793726584369), 'classifier__min_samples_leaf': 8, 'classifier__min_samples_split': 5, 'classifier__n_estimators': 883, 'feature_selection_filter__k': 22}",75.15212893486023,"[1, 2, 3, 4, 5, 6, 7, 8, 9, 10, 11, 12, 14, 16, 17, 18, 19, 20, 21, 27, 28, 29]","['V1', 'V2', 'V3', 'V4', 'V5', 'V6', 'V7', 'V8', 'V9', 'V10', 'V11', 'V12', 'V14', 'V16', 'V17', 'V18', 'V19', 'V20', 'V21', 'V27', 'V28', 'Time_sin']"
CostSensitiveLearning_ClusterCentroids___RandomizedSearchCV__niter_30__cv_5,4,10,RandomForestClassifier,resubstitution,355,22108,27,71,0.9956562209121936,0.9293193717277487,0.8333333333333334,0.8787128712871287,0.9987802123334086,0.0012197876665913654,0.9160567728333711,0.9123140049408284,0.8778584473747438,0.8765080577199598,0.9650839757315066,0.8535817406690585,22561,0.8804811368962465,0.004970181346333622,0.880780414199333,0.012295175502087906,"{'classifier__ccp_alpha': np.float64(0.003104285573117448), 'classifier__max_depth': 6, 'classifier__max_features': 'log2', 'classifier__max_leaf_nodes': 12, 'classifier__max_samples': np.float64(0.5744149114526729), 'classifier__min_impurity_decrease': np.float64(0.07172979317803128), 'classifier__min_samples_leaf': 4, 'classifier__min_samples_split': 7, 'classifier__n_estimators': 250, 'feature_selection_filter__k': 'all'}",71.45984292030334,"[0, 1, 2, 3, 4, 5, 6, 7, 8, 9, 10, 11, 12, 13, 14, 15, 16, 17, 18, 19, 20, 21, 22, 23, 24, 25, 26, 27, 28, 29, 30]","['Amount_log1p', 'V1', 'V2', 'V3', 'V4', 'V5', 'V6', 'V7', 'V8', 'V9', 'V10', 'V11', 'V12', 'V13', 'V14', 'V15', 'V16', 'V17', 'V18', 'V19', 'V20', 'V21', 'V22', 'V23', 'V24', 'V25', 'V26', 'V27', 'V28', 'Time_sin', 'Time_cos']"
CostSensitiveLearning_ClusterCentroids___RandomizedSearchCV__niter_30__cv_5,5,1,RandomForestClassifier,resubstitution,363,22112,22,63,0.9962322695035462,0.9428571428571428,0.852112676056338,0.8951911220715166,0.999006054034517,0.0009939459654829674,0.9255593650454275,0.9226406245661606,0.8944637019512889,0.893277768316587,0.9687917723503152,0.8658847141454106,22560,0.8947001429100497,0.0036588261649224667,0.8957388989351014,0.018065717348789957,"{'classifier__ccp_alpha': np.float64(0.002752256698013377), 'classifier__max_depth': 6, 'classifier__max_features': 'log2', 'classifier__max_leaf_nodes': 15, 'classifier__max_samples': np.float64(0.8122577034772703), 'classifier__min_impurity_decrease': np.float64(0.07757529055931682), 'classifier__min_samples_leaf': 1, 'classifier__min_samples_split': 8, 'classifier__n_estimators': 398, 'feature_selection_filter__k': 22}",70.76866912841797,"[1, 2, 3, 4, 5, 6, 7, 8, 9, 10, 11, 12, 14, 16, 17, 18, 19, 20, 21, 27, 28, 29]","['V1', 'V2', 'V3', 'V4', 'V5', 'V6', 'V7', 'V8', 'V9', 'V10', 'V11', 'V12', 'V14', 'V16', 'V17', 'V18', 'V19', 'V20', 'V21', 'V27', 'V28', 'Time_sin']"
CostSensitiveLearning_ClusterCentroids___RandomizedSearchCV__niter_30__cv_5,5,2,RandomForestClassifier,resubstitution,355,22106,28,71,0.9956117021276596,0.9268929503916449,0.8333333333333334,0.8776266996291718,0.9987349778621126,0.0012650221378873727,0.9160341555977229,0.9122933454862132,0.8766837358151456,0.8753989182762312,0.9624110889244384,0.8615245536609345,22560,0.8751670192660553,0.005976256339520311,0.8761362299256316,0.01971674349749642,"{'classifier__ccp_alpha': np.float64(0.003234791017148938), 'classifier__max_depth': 12, 'classifier__max_features': 'sqrt', 'classifier__max_leaf_nodes': 8, 'classifier__max_samples': np.float64(0.8976168310851922), 'classifier__min_impurity_decrease': np.float64(0.07326445531800418), 'classifier__min_samples_leaf': 5, 'classifier__min_samples_split': 3, 'classifier__n_estimators': 795, 'feature_selection_filter__k': 26}",72.97154259681702,"[0, 1, 2, 3, 4, 5, 6, 7, 8, 9, 10, 11, 12, 14, 16, 17, 18, 19, 20, 21, 22, 23, 24, 27, 28, 29]","['Amount_log1p', 'V1', 'V2', 'V3', 'V4', 'V5', 'V6', 'V7', 'V8', 'V9', 'V10', 'V11', 'V12', 'V14', 'V16', 'V17', 'V18', 'V19', 'V20', 'V21', 'V22', 'V23', 'V24', 'V27', 'V28', 'Time_sin']"
CostSensitiveLearning_ClusterCentroids___RandomizedSearchCV__niter_30__cv_5,5,3,RandomForestClassifier,resubstitution,353,22106,28,73,0.9955230496453901,0.926509186351706,0.8286384976525821,0.8748451053283767,0.9987349778621126,0.0012650221378873727,0.9136867377573474,0.9097198753510588,0.8739827842017268,0.8725730802243326,0.9632842384265535,0.849505190063098,22560,0.8761580494262416,0.006045807518441003,0.8746391409415093,0.016805962688562014,"{'classifier__ccp_alpha': np.float64(0.0020702036365103185), 'classifier__max_depth': 12, 'classifier__max_features': 'log2', 'classifier__max_leaf_nodes': 10, 'classifier__max_samples': np.float64(0.5581214802930028), 'classifier__min_impurity_decrease': np.float64(0.064081099945611), 'classifier__min_samples_leaf': 8, 'classifier__min_samples_split': 6, 'classifier__n_estimators': 490, 'feature_selection_filter__k': 26}",70.9778618812561,"[0, 1, 2, 3, 4, 5, 6, 7, 8, 9, 10, 11, 12, 13, 14, 16, 17, 18, 19, 20, 21, 23, 24, 27, 28, 29]","['Amount_log1p', 'V1', 'V2', 'V3', 'V4', 'V5', 'V6', 'V7', 'V8', 'V9', 'V10', 'V11', 'V12', 'V13', 'V14', 'V16', 'V17', 'V18', 'V19', 'V20', 'V21', 'V23', 'V24', 'V27', 'V28', 'Time_sin']"
CostSensitiveLearning_ClusterCentroids___RandomizedSearchCV__niter_30__cv_5,5,4,RandomForestClassifier,resubstitution,355,22109,25,71,0.9957446808510638,0.9342105263157895,0.8333333333333334,0.8808933002481389,0.9988705159483148,0.0011294840516852256,0.9161019246408241,0.9123552469425469,0.880221360358088,0.8787341261842371,0.963807247872646,0.8618627561214227,22560,0.8790215843226271,0.008035587336141379,0.8830141673216338,0.01685867973768922,"{'classifier__ccp_alpha': np.float64(0.008515747798433027), 'classifier__max_depth': 15, 'classifier__max_features': 'log2', 'classifier__max_leaf_nodes': 14, 'classifier__max_samples': np.float64(0.5688551385344547), 'classifier__min_impurity_decrease': np.float64(0.06047154781290503), 'classifier__min_samples_leaf': 1, 'classifier__min_samples_split': 9, 'classifier__n_estimators': 331, 'feature_selection_filter__k': 20}",71.60182356834412,"[1, 2, 3, 4, 5, 6, 7, 8, 9, 10, 11, 12, 14, 16, 17, 18, 19, 20, 21, 27]","['V1', 'V2', 'V3', 'V4', 'V5', 'V6', 'V7', 'V8', 'V9', 'V10', 'V11', 'V12', 'V14', 'V16', 'V17', 'V18', 'V19', 'V20', 'V21', 'V27']"
CostSensitiveLearning_ClusterCentroids___RandomizedSearchCV__niter_30__cv_5,5,5,RandomForestClassifier,resubstitution,356,22108,27,69,0.9957446808510638,0.9295039164490861,0.8376470588235294,0.8811881188118812,0.9987802123334086,0.0012197876665913654,0.918213635578469,0.9146722403529146,0.8802613372169832,0.8790276228527956,0.9658874553209584,0.8553770956616414,22560,0.8833682671510692,0.007453427721393231,0.8809445840256455,0.02614660121965787,"{'classifier__ccp_alpha': np.float64(0.002026069536288905), 'classifier__max_depth': 15, 'classifier__max_features': 'sqrt', 'classifier__max_leaf_nodes': 5, 'classifier__max_samples': np.float64(0.5451224975424791), 'classifier__min_impurity_decrease': np.float64(0.07280879037635532), 'classifier__min_samples_leaf': 2, 'classifier__min_samples_split': 4, 'classifier__n_estimators': 881, 'feature_selection_filter__k': 20}",71.8713026046753,"[1, 2, 3, 4, 5, 6, 7, 8, 9, 10, 11, 12, 14, 16, 17, 18, 19, 20, 21, 27]","['V1', 'V2', 'V3', 'V4', 'V5', 'V6', 'V7', 'V8', 'V9', 'V10', 'V11', 'V12', 'V14', 'V16', 'V17', 'V18', 'V19', 'V20', 'V21', 'V27']"
CostSensitiveLearning_ClusterCentroids___RandomizedSearchCV__niter_30__cv_5,5,6,RandomForestClassifier,resubstitution,353,22111,24,72,0.9957446808510638,0.9363395225464191,0.8305882352941176,0.8802992518703242,0.9989157442963632,0.001084255703636794,0.9147519897952404,0.9108719258285581,0.8797755482607564,0.8781409883827247,0.9606649038653184,0.8594641420431332,22560,0.881588293617013,0.008012185045562859,0.8787269957299374,0.03152464606448384,"{'classifier__ccp_alpha': np.float64(0.0020208391313305575), 'classifier__max_depth': 8, 'classifier__max_features': 'log2', 'classifier__max_leaf_nodes': 17, 'classifier__max_samples': np.float64(0.7865043051003882), 'classifier__min_impurity_decrease': np.float64(0.07507347557610167), 'classifier__min_samples_leaf': 9, 'classifier__min_samples_split': 8, 'classifier__n_estimators': 804, 'feature_selection_filter__k': 26}",72.96343636512756,"[0, 1, 2, 3, 4, 5, 6, 7, 8, 9, 10, 11, 12, 14, 16, 17, 18, 19, 20, 21, 22, 23, 24, 27, 28, 29]","['Amount_log1p', 'V1', 'V2', 'V3', 'V4', 'V5', 'V6', 'V7', 'V8', 'V9', 'V10', 'V11', 'V12', 'V14', 'V16', 'V17', 'V18', 'V19', 'V20', 'V21', 'V22', 'V23', 'V24', 'V27', 'V28', 'Time_sin']"
CostSensitiveLearning_ClusterCentroids___RandomizedSearchCV__niter_30__cv_5,5,7,RandomForestClassifier,resubstitution,356,22114,21,69,0.9960106382978723,0.9442970822281167,0.8376470588235294,0.8877805486284289,0.9990512762593178,0.0009487237406822224,0.9183491675414236,0.9147963506554401,0.8874059131576243,0.8857571766088044,0.966592593576848,0.8620106866058544,22560,0.8871282733130595,0.007028613973718367,0.8850337627782011,0.018209355361025963,"{'classifier__ccp_alpha': np.float64(0.0015717208583559338), 'classifier__max_depth': 8, 'classifier__max_features': 'log2', 'classifier__max_leaf_nodes': 11, 'classifier__max_samples': np.float64(0.6269870174077831), 'classifier__min_impurity_decrease': np.float64(0.09434500187424932), 'classifier__min_samples_leaf': 9, 'classifier__min_samples_split': 8, 'classifier__n_estimators': 179, 'feature_selection_filter__k': 'all'}",72.12931060791016,"[0, 1, 2, 3, 4, 5, 6, 7, 8, 9, 10, 11, 12, 13, 14, 15, 16, 17, 18, 19, 20, 21, 22, 23, 24, 25, 26, 27, 28, 29, 30]","['Amount_log1p', 'V1', 'V2', 'V3', 'V4', 'V5', 'V6', 'V7', 'V8', 'V9', 'V10', 'V11', 'V12', 'V13', 'V14', 'V15', 'V16', 'V17', 'V18', 'V19', 'V20', 'V21', 'V22', 'V23', 'V24', 'V25', 'V26', 'V27', 'V28', 'Time_sin', 'Time_cos']"
CostSensitiveLearning_ClusterCentroids___RandomizedSearchCV__niter_30__cv_5,5,8,RandomForestClassifier,resubstitution,357,22110,25,69,0.9958335180178184,0.9345549738219895,0.8380281690140845,0.8836633663366337,0.9988705669753783,0.001129433024621651,0.9184493679947314,0.9149216755135036,0.8829067004274334,0.8815485451599614,0.9644320330536793,0.8564151066339202,22561,0.8870249771598854,0.0036064840765925965,0.880033079702865,0.022460495170723703,"{'classifier__ccp_alpha': np.float64(0.00012343959188117592), 'classifier__max_depth': 11, 'classifier__max_features': 'log2', 'classifier__max_leaf_nodes': 17, 'classifier__max_samples': np.float64(0.5186952550137274), 'classifier__min_impurity_decrease': np.float64(0.08801444775086942), 'classifier__min_samples_leaf': 4, 'classifier__min_samples_split': 6, 'classifier__n_estimators': 890, 'feature_selection_filter__k': 'all'}",73.32595181465149,"[0, 1, 2, 3, 4, 5, 6, 7, 8, 9, 10, 11, 12, 13, 14, 15, 16, 17, 18, 19, 20, 21, 22, 23, 24, 25, 26, 27, 28, 29, 30]","['Amount_log1p', 'V1', 'V2', 'V3', 'V4', 'V5', 'V6', 'V7', 'V8', 'V9', 'V10', 'V11', 'V12', 'V13', 'V14', 'V15', 'V16', 'V17', 'V18', 'V19', 'V20', 'V21', 'V22', 'V23', 'V24', 'V25', 'V26', 'V27', 'V28', 'Time_sin', 'Time_cos']"
CostSensitiveLearning_ClusterCentroids___RandomizedSearchCV__niter_30__cv_5,5,9,RandomForestClassifier,resubstitution,355,22113,22,71,0.9958778422942246,0.9416445623342176,0.8333333333333334,0.8841843088418431,0.9990060989383329,0.0009939010616670796,0.9161697161358331,0.9124171647051642,0.88380087916331,0.8820938407315783,0.9610049196617853,0.8539445564678478,22561,0.884180968014444,0.007756026037180496,0.8813762364559139,0.02086904081438186,"{'classifier__ccp_alpha': np.float64(0.006810958550309424), 'classifier__max_depth': 10, 'classifier__max_features': 'log2', 'classifier__max_leaf_nodes': 19, 'classifier__max_samples': np.float64(0.7920868420213563), 'classifier__min_impurity_decrease': np.float64(0.08471079241094326), 'classifier__min_samples_leaf': 8, 'classifier__min_samples_split': 7, 'classifier__n_estimators': 352, 'feature_selection_filter__k': 'all'}",69.92560148239136,"[0, 1, 2, 3, 4, 5, 6, 7, 8, 9, 10, 11, 12, 13, 14, 15, 16, 17, 18, 19, 20, 21, 22, 23, 24, 25, 26, 27, 28, 29, 30]","['Amount_log1p', 'V1', 'V2', 'V3', 'V4', 'V5', 'V6', 'V7', 'V8', 'V9', 'V10', 'V11', 'V12', 'V13', 'V14', 'V15', 'V16', 'V17', 'V18', 'V19', 'V20', 'V21', 'V22', 'V23', 'V24', 'V25', 'V26', 'V27', 'V28', 'Time_sin', 'Time_cos']"
CostSensitiveLearning_ClusterCentroids___RandomizedSearchCV__niter_30__cv_5,5,10,RandomForestClassifier,resubstitution,356,22112,23,70,0.9958778422942246,0.9393139841688655,0.8356807511737089,0.884472049689441,0.9989609216173481,0.0010390783826519367,0.9173208363955285,0.9136806955224379,0.8839438366859417,0.8823808151458596,0.9594425373110584,0.8580125105806958,22561,0.8839883949363143,0.00287507390711821,0.8829676881051143,0.012464860608966673,"{'classifier__ccp_alpha': np.float64(0.005580532313148981), 'classifier__max_depth': 18, 'classifier__max_features': 'log2', 'classifier__max_leaf_nodes': 16, 'classifier__max_samples': np.float64(0.8904226784907565), 'classifier__min_impurity_decrease': np.float64(0.07518403693940867), 'classifier__min_samples_leaf': 9, 'classifier__min_samples_split': 2, 'classifier__n_estimators': 577, 'feature_selection_filter__k': 20}",72.23402380943298,"[1, 2, 3, 4, 5, 6, 7, 8, 9, 10, 11, 12, 14, 16, 17, 18, 19, 20, 21, 27]","['V1', 'V2', 'V3', 'V4', 'V5', 'V6', 'V7', 'V8', 'V9', 'V10', 'V11', 'V12', 'V14', 'V16', 'V17', 'V18', 'V19', 'V20', 'V21', 'V27']"
CostSensitiveLearning_ClusterCentroids___RandomizedSearchCV__niter_30__cv_5,6,1,RandomForestClassifier,resubstitution,354,22108,26,72,0.9956560283687943,0.9315789473684211,0.8309859154929577,0.8784119106699751,0.9988253365862474,0.001174663413752608,0.9149056260396026,0.9110487290703415,0.8776907121687757,0.8762077538130754,0.9618532404632305,0.8502463722228379,22560,0.8784339645440505,0.007205286791672652,0.8791693966157368,0.01714756610570316,"{'classifier__ccp_alpha': np.float64(0.0048674904570575805), 'classifier__max_depth': 3, 'classifier__max_features': 'log2', 'classifier__max_leaf_nodes': 2, 'classifier__max_samples': np.float64(0.7870715542023698), 'classifier__min_impurity_decrease': np.float64(0.08403491643961539), 'classifier__min_samples_leaf': 3, 'classifier__min_samples_split': 5, 'classifier__n_estimators': 385, 'feature_selection_filter__k': 24}",72.12166142463684,"[0, 1, 2, 3, 4, 5, 6, 7, 8, 9, 10, 11, 12, 14, 16, 17, 18, 19, 20, 21, 24, 27, 28, 29]","['Amount_log1p', 'V1', 'V2', 'V3', 'V4', 'V5', 'V6', 'V7', 'V8', 'V9', 'V10', 'V11', 'V12', 'V14', 'V16', 'V17', 'V18', 'V19', 'V20', 'V21', 'V24', 'V27', 'V28', 'Time_sin']"
CostSensitiveLearning_ClusterCentroids___RandomizedSearchCV__niter_30__cv_5,6,2,RandomForestClassifier,resubstitution,351,22107,27,75,0.9954787234042554,0.9285714285714286,0.823943661971831,0.8731343283582089,0.99878015722418,0.0012198427758199903,0.9113619095980054,0.9071596222540397,0.8724540700194171,0.8708410285838988,0.9599462153481717,0.8518189578488747,22560,0.874448804762023,0.006188977343233523,0.8767493483010977,0.027995237607135525,"{'classifier__ccp_alpha': np.float64(0.00855009825443817), 'classifier__max_depth': 19, 'classifier__max_features': 'log2', 'classifier__max_leaf_nodes': 15, 'classifier__max_samples': np.float64(0.7807726270305282), 'classifier__min_impurity_decrease': np.float64(0.07364000613201385), 'classifier__min_samples_leaf': 4, 'classifier__min_samples_split': 8, 'classifier__n_estimators': 512, 'feature_selection_filter__k': 22}",72.61095237731934,"[1, 2, 3, 4, 5, 6, 7, 8, 9, 10, 11, 12, 14, 16, 17, 18, 19, 20, 21, 27, 28, 29]","['V1', 'V2', 'V3', 'V4', 'V5', 'V6', 'V7', 'V8', 'V9', 'V10', 'V11', 'V12', 'V14', 'V16', 'V17', 'V18', 'V19', 'V20', 'V21', 'V27', 'V28', 'Time_sin']"
CostSensitiveLearning_ClusterCentroids___RandomizedSearchCV__niter_30__cv_5,6,3,RandomForestClassifier,resubstitution,357,22112,22,69,0.9959663120567376,0.941952506596306,0.8380281690140845,0.8869565217391304,0.999006054034517,0.0009939459654829674,0.9185171115243007,0.9149837235145398,0.8864776721138269,0.8849101676364001,0.9659542750918331,0.8658522423930661,22560,0.8901227997857,0.004373889817374501,0.8876376371969654,0.009549457545357987,"{'classifier__ccp_alpha': np.float64(0.005090980347943435), 'classifier__max_depth': 7, 'classifier__max_features': 'log2', 'classifier__max_leaf_nodes': 6, 'classifier__max_samples': np.float64(0.6072437205391934), 'classifier__min_impurity_decrease': np.float64(0.09396670794792612), 'classifier__min_samples_leaf': 4, 'classifier__min_samples_split': 4, 'classifier__n_estimators': 874, 'feature_selection_filter__k': 'all'}",71.12606406211853,"[0, 1, 2, 3, 4, 5, 6, 7, 8, 9, 10, 11, 12, 13, 14, 15, 16, 17, 18, 19, 20, 21, 22, 23, 24, 25, 26, 27, 28, 29, 30]","['Amount_log1p', 'V1', 'V2', 'V3', 'V4', 'V5', 'V6', 'V7', 'V8', 'V9', 'V10', 'V11', 'V12', 'V13', 'V14', 'V15', 'V16', 'V17', 'V18', 'V19', 'V20', 'V21', 'V22', 'V23', 'V24', 'V25', 'V26', 'V27', 'V28', 'Time_sin', 'Time_cos']"
CostSensitiveLearning_ClusterCentroids___RandomizedSearchCV__niter_30__cv_5,6,4,RandomForestClassifier,resubstitution,361,22119,15,65,0.9964539007092199,0.9601063829787234,0.8474178403755869,0.9002493765586035,0.9993223095689889,0.0006776904310110687,0.923370074972288,0.9202410300644588,0.9002664274858463,0.8984513835998984,0.961669553479426,0.865858699696943,22560,0.8964287232333434,0.004155044491140893,0.8976313512663208,0.019278258601275355,"{'classifier__ccp_alpha': np.float64(0.004813621412114959), 'classifier__max_depth': 13, 'classifier__max_features': 'log2', 'classifier__max_leaf_nodes': 2, 'classifier__max_samples': np.float64(0.8517315910205872), 'classifier__min_impurity_decrease': np.float64(0.030732587048174567), 'classifier__min_samples_leaf': 9, 'classifier__min_samples_split': 3, 'classifier__n_estimators': 344, 'feature_selection_filter__k': 'all'}",72.01405000686646,"[0, 1, 2, 3, 4, 5, 6, 7, 8, 9, 10, 11, 12, 13, 14, 15, 16, 17, 18, 19, 20, 21, 22, 23, 24, 25, 26, 27, 28, 29, 30]","['Amount_log1p', 'V1', 'V2', 'V3', 'V4', 'V5', 'V6', 'V7', 'V8', 'V9', 'V10', 'V11', 'V12', 'V13', 'V14', 'V15', 'V16', 'V17', 'V18', 'V19', 'V20', 'V21', 'V22', 'V23', 'V24', 'V25', 'V26', 'V27', 'V28', 'Time_sin', 'Time_cos']"
CostSensitiveLearning_ClusterCentroids___RandomizedSearchCV__niter_30__cv_5,6,5,RandomForestClassifier,resubstitution,357,22114,21,68,0.9960549645390071,0.9444444444444444,0.84,0.8891656288916563,0.9990512762593178,0.0009487237406822224,0.9195256381296588,0.9160802759899521,0.8887435872993698,0.8871643743698854,0.9660864481324494,0.870380657368347,22560,0.8877196400273076,0.004111563057618031,0.8865814539656791,0.018238219311388075,"{'classifier__ccp_alpha': np.float64(0.0029104019720003005), 'classifier__max_depth': 9, 'classifier__max_features': 'log2', 'classifier__max_leaf_nodes': 15, 'classifier__max_samples': np.float64(0.544500389776511), 'classifier__min_impurity_decrease': np.float64(0.07526286898597676), 'classifier__min_samples_leaf': 9, 'classifier__min_samples_split': 2, 'classifier__n_estimators': 396, 'feature_selection_filter__k': 26}",70.4805805683136,"[0, 1, 2, 3, 4, 5, 6, 7, 8, 9, 10, 11, 12, 14, 16, 17, 18, 19, 20, 21, 22, 24, 26, 27, 28, 29]","['Amount_log1p', 'V1', 'V2', 'V3', 'V4', 'V5', 'V6', 'V7', 'V8', 'V9', 'V10', 'V11', 'V12', 'V14', 'V16', 'V17', 'V18', 'V19', 'V20', 'V21', 'V22', 'V24', 'V26', 'V27', 'V28', 'Time_sin']"
CostSensitiveLearning_ClusterCentroids___RandomizedSearchCV__niter_30__cv_5,6,6,RandomForestClassifier,resubstitution,351,22111,24,74,0.9956560283687943,0.936,0.8258823529411765,0.8775,0.9989157442963632,0.001084255703636794,0.9123990486187699,0.9082878867900128,0.877074588113322,0.8752976014213799,0.9616532773488886,0.8558008371295326,22560,0.8811267025215221,0.004598400477272007,0.88095233486185,0.017808735611765946,"{'classifier__ccp_alpha': np.float64(0.0034907969368337933), 'classifier__max_depth': 14, 'classifier__max_features': 'log2', 'classifier__max_leaf_nodes': 2, 'classifier__max_samples': np.float64(0.5736152117740436), 'classifier__min_impurity_decrease': np.float64(0.0652674375463989), 'classifier__min_samples_leaf': 2, 'classifier__min_samples_split': 4, 'classifier__n_estimators': 586, 'feature_selection_filter__k': 'all'}",72.95652604103088,"[0, 1, 2, 3, 4, 5, 6, 7, 8, 9, 10, 11, 12, 13, 14, 15, 16, 17, 18, 19, 20, 21, 22, 23, 24, 25, 26, 27, 28, 29, 30]","['Amount_log1p', 'V1', 'V2', 'V3', 'V4', 'V5', 'V6', 'V7', 'V8', 'V9', 'V10', 'V11', 'V12', 'V13', 'V14', 'V15', 'V16', 'V17', 'V18', 'V19', 'V20', 'V21', 'V22', 'V23', 'V24', 'V25', 'V26', 'V27', 'V28', 'Time_sin', 'Time_cos']"
CostSensitiveLearning_ClusterCentroids___RandomizedSearchCV__niter_30__cv_5,6,7,RandomForestClassifier,resubstitution,353,22110,25,72,0.9957003546099291,0.9338624338624338,0.8305882352941176,0.8792029887920298,0.9988705669753783,0.001129433024621651,0.914729401134748,0.910851327885794,0.8785830047628678,0.8770218462233581,0.9645164565035411,0.8542271879626478,22560,0.8780946967218567,0.009906879111182211,0.8782319319954727,0.02495877419084669,"{'classifier__ccp_alpha': np.float64(0.0030469708949997167), 'classifier__max_depth': 11, 'classifier__max_features': 'log2', 'classifier__max_leaf_nodes': 11, 'classifier__max_samples': np.float64(0.529036098689879), 'classifier__min_impurity_decrease': np.float64(0.054847623238047906), 'classifier__min_samples_leaf': 1, 'classifier__min_samples_split': 6, 'classifier__n_estimators': 865, 'feature_selection_filter__k': 24}",72.92282247543335,"[0, 1, 2, 3, 4, 5, 6, 7, 8, 9, 10, 11, 12, 14, 16, 17, 18, 19, 20, 21, 23, 27, 28, 29]","['Amount_log1p', 'V1', 'V2', 'V3', 'V4', 'V5', 'V6', 'V7', 'V8', 'V9', 'V10', 'V11', 'V12', 'V14', 'V16', 'V17', 'V18', 'V19', 'V20', 'V21', 'V23', 'V27', 'V28', 'Time_sin']"
CostSensitiveLearning_ClusterCentroids___RandomizedSearchCV__niter_30__cv_5,6,8,RandomForestClassifier,resubstitution,352,22114,21,74,0.9957891937414122,0.9436997319034852,0.8262910798122066,0.8811013767209012,0.9990512762593178,0.0009487237406822224,0.9126711780357621,0.9085742445436558,0.8809782806963886,0.8789676201346442,0.959369362777069,0.8546487530997423,22561,0.8813065493001762,0.0031875403112107416,0.8782316255145866,0.007291252126508367,"{'classifier__ccp_alpha': np.float64(0.007958859003574856), 'classifier__max_depth': 9, 'classifier__max_features': 'log2', 'classifier__max_leaf_nodes': 6, 'classifier__max_samples': np.float64(0.8275913947208182), 'classifier__min_impurity_decrease': np.float64(0.09632698446441228), 'classifier__min_samples_leaf': 5, 'classifier__min_samples_split': 4, 'classifier__n_estimators': 945, 'feature_selection_filter__k': 'all'}",73.34523606300354,"[0, 1, 2, 3, 4, 5, 6, 7, 8, 9, 10, 11, 12, 13, 14, 15, 16, 17, 18, 19, 20, 21, 22, 23, 24, 25, 26, 27, 28, 29, 30]","['Amount_log1p', 'V1', 'V2', 'V3', 'V4', 'V5', 'V6', 'V7', 'V8', 'V9', 'V10', 'V11', 'V12', 'V13', 'V14', 'V15', 'V16', 'V17', 'V18', 'V19', 'V20', 'V21', 'V22', 'V23', 'V24', 'V25', 'V26', 'V27', 'V28', 'Time_sin', 'Time_cos']"
CostSensitiveLearning_ClusterCentroids___RandomizedSearchCV__niter_30__cv_5,6,9,RandomForestClassifier,resubstitution,357,22112,23,69,0.9959221665706307,0.9394736842105263,0.8380281690140845,0.8858560794044665,0.9989609216173481,0.0010390783826519367,0.9184945453157163,0.9149630550244139,0.8852827478636126,0.8837869643052907,0.964859573827272,0.8639934651871916,22561,0.8831800006418209,0.003336300692569376,0.8841835972041439,0.007389354321687491,"{'classifier__ccp_alpha': np.float64(0.0025155065329556846), 'classifier__max_depth': 4, 'classifier__max_features': 'log2', 'classifier__max_leaf_nodes': 19, 'classifier__max_samples': np.float64(0.6668362942334644), 'classifier__min_impurity_decrease': np.float64(0.0695591028292074), 'classifier__min_samples_leaf': 9, 'classifier__min_samples_split': 2, 'classifier__n_estimators': 689, 'feature_selection_filter__k': 'all'}",75.10954165458679,"[0, 1, 2, 3, 4, 5, 6, 7, 8, 9, 10, 11, 12, 13, 14, 15, 16, 17, 18, 19, 20, 21, 22, 23, 24, 25, 26, 27, 28, 29, 30]","['Amount_log1p', 'V1', 'V2', 'V3', 'V4', 'V5', 'V6', 'V7', 'V8', 'V9', 'V10', 'V11', 'V12', 'V13', 'V14', 'V15', 'V16', 'V17', 'V18', 'V19', 'V20', 'V21', 'V22', 'V23', 'V24', 'V25', 'V26', 'V27', 'V28', 'Time_sin', 'Time_cos']"
CostSensitiveLearning_ClusterCentroids___RandomizedSearchCV__niter_30__cv_5,6,10,RandomForestClassifier,resubstitution,358,22105,30,68,0.9956562209121936,0.9226804123711341,0.8403755868544601,0.8796068796068796,0.9986446803704541,0.0013553196295459369,0.9195101336124571,0.9160985805716572,0.8783931151332134,0.8773999979372387,0.9639059717843238,0.8556709358583195,22561,0.8812754118027055,0.0034585137717386225,0.881729095772213,0.011520714502639631,"{'classifier__ccp_alpha': np.float64(0.0018696742613792106), 'classifier__max_depth': 7, 'classifier__max_features': 'log2', 'classifier__max_leaf_nodes': 5, 'classifier__max_samples': np.float64(0.7315158141901668), 'classifier__min_impurity_decrease': np.float64(0.07348190582693818), 'classifier__min_samples_leaf': 5, 'classifier__min_samples_split': 2, 'classifier__n_estimators': 715, 'feature_selection_filter__k': 22}",74.24934363365173,"[1, 2, 3, 4, 5, 6, 7, 8, 9, 10, 11, 12, 14, 16, 17, 18, 19, 20, 21, 27, 28, 29]","['V1', 'V2', 'V3', 'V4', 'V5', 'V6', 'V7', 'V8', 'V9', 'V10', 'V11', 'V12', 'V14', 'V16', 'V17', 'V18', 'V19', 'V20', 'V21', 'V27', 'V28', 'Time_sin']"
CostSensitiveLearning_ClusterCentroids___RandomizedSearchCV__niter_30__cv_5,7,1,RandomForestClassifier,resubstitution,353,22109,25,73,0.9956560283687943,0.9338624338624338,0.8286384976525821,0.8781094527363185,0.9988705159483148,0.0011294840516852256,0.9137545068004485,0.9097816021908066,0.8775285096271784,0.875906086286491,0.9661485145322706,0.8594174001193879,22560,0.8778917336124895,0.010531229569707914,0.8763745461949268,0.03163992776545953,"{'classifier__ccp_alpha': np.float64(0.0010467910700600635), 'classifier__max_depth': 13, 'classifier__max_features': 'log2', 'classifier__max_leaf_nodes': 4, 'classifier__max_samples': np.float64(0.5528227552377536), 'classifier__min_impurity_decrease': np.float64(0.07148644177265678), 'classifier__min_samples_leaf': 5, 'classifier__min_samples_split': 7, 'classifier__n_estimators': 376, 'feature_selection_filter__k': 26}",69.53195762634277,"[0, 1, 2, 3, 4, 5, 6, 7, 8, 9, 10, 11, 12, 13, 14, 16, 17, 18, 19, 20, 21, 23, 24, 27, 28, 29]","['Amount_log1p', 'V1', 'V2', 'V3', 'V4', 'V5', 'V6', 'V7', 'V8', 'V9', 'V10', 'V11', 'V12', 'V13', 'V14', 'V16', 'V17', 'V18', 'V19', 'V20', 'V21', 'V23', 'V24', 'V27', 'V28', 'Time_sin']"
CostSensitiveLearning_ClusterCentroids___RandomizedSearchCV__niter_30__cv_5,7,2,RandomForestClassifier,resubstitution,354,22111,23,72,0.9957890070921985,0.9389920424403183,0.8309859154929577,0.8816936488169365,0.9989608746724497,0.0010391253275503498,0.9149733950827037,0.9111105404841563,0.8812602620614495,0.8795581280392859,0.9618003721252244,0.8560851866218976,22560,0.8780654768565608,0.008513354300629073,0.8790858180951181,0.021109106589093388,"{'classifier__ccp_alpha': np.float64(0.007390109245971626), 'classifier__max_depth': 12, 'classifier__max_features': 'sqrt', 'classifier__max_leaf_nodes': 8, 'classifier__max_samples': np.float64(0.7072602561828895), 'classifier__min_impurity_decrease': np.float64(0.08961576237559969), 'classifier__min_samples_leaf': 2, 'classifier__min_samples_split': 7, 'classifier__n_estimators': 806, 'feature_selection_filter__k': 26}",74.54862236976624,"[0, 1, 2, 3, 4, 5, 6, 7, 8, 9, 10, 11, 12, 14, 16, 17, 18, 19, 20, 21, 23, 24, 25, 27, 28, 29]","['Amount_log1p', 'V1', 'V2', 'V3', 'V4', 'V5', 'V6', 'V7', 'V8', 'V9', 'V10', 'V11', 'V12', 'V14', 'V16', 'V17', 'V18', 'V19', 'V20', 'V21', 'V23', 'V24', 'V25', 'V27', 'V28', 'Time_sin']"
CostSensitiveLearning_ClusterCentroids___RandomizedSearchCV__niter_30__cv_5,7,3,RandomForestClassifier,resubstitution,365,22114,20,61,0.9964095744680851,0.948051948051948,0.8568075117370892,0.9001233045622689,0.9990964127586518,0.0009035872413482027,0.9279519622478705,0.9252206825407614,0.8994925922231479,0.8982999909840418,0.9858036051009833,0.8879218625054616,22560,0.9009179088662618,0.007872845681626727,0.8972514833760659,0.01816723027756305,"{'classifier__ccp_alpha': np.float64(0.0006880489754246965), 'classifier__max_depth': 3, 'classifier__max_features': 'log2', 'classifier__max_leaf_nodes': 7, 'classifier__max_samples': np.float64(0.8885319067278632), 'classifier__min_impurity_decrease': np.float64(0.0005300195788470186), 'classifier__min_samples_leaf': 6, 'classifier__min_samples_split': 4, 'classifier__n_estimators': 730, 'feature_selection_filter__k': 26}",76.67429113388062,"[0, 1, 2, 3, 4, 5, 6, 7, 8, 9, 10, 11, 12, 14, 16, 17, 18, 19, 20, 21, 22, 24, 27, 28, 29, 30]","['Amount_log1p', 'V1', 'V2', 'V3', 'V4', 'V5', 'V6', 'V7', 'V8', 'V9', 'V10', 'V11', 'V12', 'V14', 'V16', 'V17', 'V18', 'V19', 'V20', 'V21', 'V22', 'V24', 'V27', 'V28', 'Time_sin', 'Time_cos']"
CostSensitiveLearning_ClusterCentroids___RandomizedSearchCV__niter_30__cv_5,7,4,RandomForestClassifier,resubstitution,355,22115,19,71,0.9960106382978723,0.9491978609625669,0.8333333333333334,0.8875,0.9991415921207193,0.0008584078792807093,0.9162374627270263,0.9124790372572582,0.8874228522391937,0.8854780479286553,0.9611888599147065,0.8570920227832092,22560,0.8829652381853983,0.007930430232988662,0.8809323367427222,0.016234458795063376,"{'classifier__ccp_alpha': np.float64(0.008116656996671539), 'classifier__max_depth': 3, 'classifier__max_features': 'sqrt', 'classifier__max_leaf_nodes': 2, 'classifier__max_samples': np.float64(0.8847891552425096), 'classifier__min_impurity_decrease': np.float64(0.05637635835681917), 'classifier__min_samples_leaf': 3, 'classifier__min_samples_split': 2, 'classifier__n_estimators': 951, 'feature_selection_filter__k': 'all'}",75.9885995388031,"[0, 1, 2, 3, 4, 5, 6, 7, 8, 9, 10, 11, 12, 13, 14, 15, 16, 17, 18, 19, 20, 21, 22, 23, 24, 25, 26, 27, 28, 29, 30]","['Amount_log1p', 'V1', 'V2', 'V3', 'V4', 'V5', 'V6', 'V7', 'V8', 'V9', 'V10', 'V11', 'V12', 'V13', 'V14', 'V15', 'V16', 'V17', 'V18', 'V19', 'V20', 'V21', 'V22', 'V23', 'V24', 'V25', 'V26', 'V27', 'V28', 'Time_sin', 'Time_cos']"
CostSensitiveLearning_ClusterCentroids___RandomizedSearchCV__niter_30__cv_5,7,5,RandomForestClassifier,resubstitution,353,22112,23,72,0.9957890070921985,0.9388297872340425,0.8305882352941176,0.8813982521847691,0.9989609216173481,0.0010390783826519367,0.9147745784557328,0.9108925233055426,0.8809728079449036,0.8792628680364329,0.9649018456264367,0.8586876874411393,22560,0.8815783813209166,0.005017097201606882,0.8786415857515602,0.01662903388689607,"{'classifier__ccp_alpha': np.float64(0.009276600879872697), 'classifier__max_depth': 13, 'classifier__max_features': 'log2', 'classifier__max_leaf_nodes': 16, 'classifier__max_samples': np.float64(0.7538488798379986), 'classifier__min_impurity_decrease': np.float64(0.0821962452975457), 'classifier__min_samples_leaf': 9, 'classifier__min_samples_split': 5, 'classifier__n_estimators': 737, 'feature_selection_filter__k': 'all'}",73.48897576332092,"[0, 1, 2, 3, 4, 5, 6, 7, 8, 9, 10, 11, 12, 13, 14, 15, 16, 17, 18, 19, 20, 21, 22, 23, 24, 25, 26, 27, 28, 29, 30]","['Amount_log1p', 'V1', 'V2', 'V3', 'V4', 'V5', 'V6', 'V7', 'V8', 'V9', 'V10', 'V11', 'V12', 'V13', 'V14', 'V15', 'V16', 'V17', 'V18', 'V19', 'V20', 'V21', 'V22', 'V23', 'V24', 'V25', 'V26', 'V27', 'V28', 'Time_sin', 'Time_cos']"
CostSensitiveLearning_ClusterCentroids___RandomizedSearchCV__niter_30__cv_5,7,6,RandomForestClassifier,resubstitution,355,22110,25,70,0.9957890070921985,0.9342105263157895,0.8352941176470589,0.8819875776397516,0.9988705669753783,0.001129433024621651,0.9170823423112187,0.9134279987417268,0.8812790751624666,0.8798506542286605,0.9634112066330939,0.8621979243209187,22560,0.8837584559021339,0.006742342474434324,0.8828916277038251,0.02477162240660047,"{'classifier__ccp_alpha': np.float64(0.008642509977594427), 'classifier__max_depth': 9, 'classifier__max_features': 'sqrt', 'classifier__max_leaf_nodes': 8, 'classifier__max_samples': np.float64(0.7269816578577823), 'classifier__min_impurity_decrease': np.float64(0.0780595419569872), 'classifier__min_samples_leaf': 6, 'classifier__min_samples_split': 9, 'classifier__n_estimators': 415, 'feature_selection_filter__k': 20}",71.83096551895142,"[1, 2, 3, 4, 5, 6, 7, 8, 9, 10, 11, 12, 14, 16, 17, 18, 19, 20, 21, 27]","['V1', 'V2', 'V3', 'V4', 'V5', 'V6', 'V7', 'V8', 'V9', 'V10', 'V11', 'V12', 'V14', 'V16', 'V17', 'V18', 'V19', 'V20', 'V21', 'V27']"
CostSensitiveLearning_ClusterCentroids___RandomizedSearchCV__niter_30__cv_5,7,7,RandomForestClassifier,resubstitution,351,22110,25,74,0.9956117021276596,0.9335106382978723,0.8258823529411765,0.8764044943820225,0.9988705669753783,0.001129433024621651,0.9123764599582774,0.9082673472812466,0.8758792528038104,0.8741791993221775,0.9585624576462616,0.8462647539883765,22560,0.8787218362625033,0.006012024271821947,0.8782826143517735,0.012431382778523981,"{'classifier__ccp_alpha': np.float64(0.0073268932084952455), 'classifier__max_depth': 11, 'classifier__max_features': 'log2', 'classifier__max_leaf_nodes': 2, 'classifier__max_samples': np.float64(0.6888162881822226), 'classifier__min_impurity_decrease': np.float64(0.0663396097957415), 'classifier__min_samples_leaf': 9, 'classifier__min_samples_split': 6, 'classifier__n_estimators': 313, 'feature_selection_filter__k': 'all'}",70.74647259712219,"[0, 1, 2, 3, 4, 5, 6, 7, 8, 9, 10, 11, 12, 13, 14, 15, 16, 17, 18, 19, 20, 21, 22, 23, 24, 25, 26, 27, 28, 29, 30]","['Amount_log1p', 'V1', 'V2', 'V3', 'V4', 'V5', 'V6', 'V7', 'V8', 'V9', 'V10', 'V11', 'V12', 'V13', 'V14', 'V15', 'V16', 'V17', 'V18', 'V19', 'V20', 'V21', 'V22', 'V23', 'V24', 'V25', 'V26', 'V27', 'V28', 'Time_sin', 'Time_cos']"
CostSensitiveLearning_ClusterCentroids___RandomizedSearchCV__niter_30__cv_5,7,8,RandomForestClassifier,resubstitution,363,22111,24,63,0.9961437879526617,0.937984496124031,0.852112676056338,0.8929889298892989,0.9989157442963632,0.001084255703636794,0.9255142101763506,0.9225989204563284,0.8920950350775753,0.8910300471859087,0.9724159579872125,0.8750355170239188,22561,0.894080610717906,0.0063070788061267815,0.8947808553548642,0.028635591425244196,"{'classifier__ccp_alpha': np.float64(0.0009579087871479841), 'classifier__max_depth': 5, 'classifier__max_features': 'log2', 'classifier__max_leaf_nodes': 15, 'classifier__max_samples': np.float64(0.6450334279733579), 'classifier__min_impurity_decrease': np.float64(0.06203114200411585), 'classifier__min_samples_leaf': 6, 'classifier__min_samples_split': 4, 'classifier__n_estimators': 788, 'feature_selection_filter__k': 26}",74.99642181396484,"[0, 1, 2, 3, 4, 5, 6, 7, 8, 9, 10, 11, 12, 14, 16, 17, 18, 19, 20, 21, 22, 24, 26, 27, 28, 29]","['Amount_log1p', 'V1', 'V2', 'V3', 'V4', 'V5', 'V6', 'V7', 'V8', 'V9', 'V10', 'V11', 'V12', 'V14', 'V16', 'V17', 'V18', 'V19', 'V20', 'V21', 'V22', 'V24', 'V26', 'V27', 'V28', 'Time_sin']"
CostSensitiveLearning_ClusterCentroids___RandomizedSearchCV__niter_30__cv_5,7,9,RandomForestClassifier,resubstitution,355,22111,24,71,0.9957891937414122,0.9366754617414248,0.8333333333333334,0.8819875776397516,0.9989157442963632,0.001084255703636794,0.9161245388148482,0.9123759021991078,0.8814099112715816,0.8798513703102867,0.9673311762753314,0.8601233940743843,22561,0.8826050023948901,0.01193405618748096,0.8814564363159894,0.0340214080010686,"{'classifier__ccp_alpha': np.float64(0.009699201193871304), 'classifier__max_depth': 6, 'classifier__max_features': 'log2', 'classifier__max_leaf_nodes': 5, 'classifier__max_samples': np.float64(0.7318844972103421), 'classifier__min_impurity_decrease': np.float64(0.04248022354872419), 'classifier__min_samples_leaf': 4, 'classifier__min_samples_split': 3, 'classifier__n_estimators': 576, 'feature_selection_filter__k': 'all'}",72.02763032913208,"[0, 1, 2, 3, 4, 5, 6, 7, 8, 9, 10, 11, 12, 13, 14, 15, 16, 17, 18, 19, 20, 21, 22, 23, 24, 25, 26, 27, 28, 29, 30]","['Amount_log1p', 'V1', 'V2', 'V3', 'V4', 'V5', 'V6', 'V7', 'V8', 'V9', 'V10', 'V11', 'V12', 'V13', 'V14', 'V15', 'V16', 'V17', 'V18', 'V19', 'V20', 'V21', 'V22', 'V23', 'V24', 'V25', 'V26', 'V27', 'V28', 'Time_sin', 'Time_cos']"
CostSensitiveLearning_ClusterCentroids___RandomizedSearchCV__niter_30__cv_5,7,10,RandomForestClassifier,resubstitution,355,22111,24,71,0.9957891937414122,0.9366754617414248,0.8333333333333334,0.8819875776397516,0.9989157442963632,0.001084255703636794,0.9161245388148482,0.9123759021991078,0.8814099112715816,0.8798513703102867,0.9631128764909311,0.8554504789690268,22561,0.8803623545424861,0.007883394915169914,0.8820778753311187,0.017806844308566404,"{'classifier__ccp_alpha': np.float64(0.0035782577536467397), 'classifier__max_depth': 4, 'classifier__max_features': 'sqrt', 'classifier__max_leaf_nodes': 19, 'classifier__max_samples': np.float64(0.8257188772763748), 'classifier__min_impurity_decrease': np.float64(0.06438823585075994), 'classifier__min_samples_leaf': 2, 'classifier__min_samples_split': 5, 'classifier__n_estimators': 983, 'feature_selection_filter__k': 'all'}",75.81537675857544,"[0, 1, 2, 3, 4, 5, 6, 7, 8, 9, 10, 11, 12, 13, 14, 15, 16, 17, 18, 19, 20, 21, 22, 23, 24, 25, 26, 27, 28, 29, 30]","['Amount_log1p', 'V1', 'V2', 'V3', 'V4', 'V5', 'V6', 'V7', 'V8', 'V9', 'V10', 'V11', 'V12', 'V13', 'V14', 'V15', 'V16', 'V17', 'V18', 'V19', 'V20', 'V21', 'V22', 'V23', 'V24', 'V25', 'V26', 'V27', 'V28', 'Time_sin', 'Time_cos']"
CostSensitiveLearning_ClusterCentroids___RandomizedSearchCV__niter_30__cv_5,8,1,RandomForestClassifier,resubstitution,356,22111,23,70,0.995877659574468,0.9393139841688655,0.8356807511737089,0.884472049689441,0.9989608746724497,0.0010391253275503498,0.9173208129230792,0.9136806740538064,0.8839437446591013,0.8823807207712661,0.966689765410935,0.8655726135823887,22560,0.8844007266193874,0.004951869884518136,0.883369560091403,0.021606712611771564,"{'classifier__ccp_alpha': np.float64(0.0058827206295739495), 'classifier__max_depth': 8, 'classifier__max_features': 'log2', 'classifier__max_leaf_nodes': 4, 'classifier__max_samples': np.float64(0.5242549276800155), 'classifier__min_impurity_decrease': np.float64(0.07469237067365701), 'classifier__min_samples_leaf': 5, 'classifier__min_samples_split': 8, 'classifier__n_estimators': 685, 'feature_selection_filter__k': 26}",73.46519994735718,"[0, 1, 2, 3, 4, 5, 6, 7, 8, 9, 10, 11, 12, 14, 16, 17, 18, 19, 20, 21, 22, 23, 24, 27, 28, 29]","['Amount_log1p', 'V1', 'V2', 'V3', 'V4', 'V5', 'V6', 'V7', 'V8', 'V9', 'V10', 'V11', 'V12', 'V14', 'V16', 'V17', 'V18', 'V19', 'V20', 'V21', 'V22', 'V23', 'V24', 'V27', 'V28', 'Time_sin']"
CostSensitiveLearning_ClusterCentroids___RandomizedSearchCV__niter_30__cv_5,8,2,RandomForestClassifier,resubstitution,361,22108,26,65,0.9959663120567376,0.9328165374677002,0.8474178403755869,0.8880688806888068,0.9988253365862474,0.001174663413752608,0.9231215884809172,0.9200121790728296,0.8870788431823182,0.8860198419281488,0.9665846120365457,0.8716864803613307,22560,0.8888116304099279,0.005832171802504127,0.8922313703353048,0.023091227745954852,"{'classifier__ccp_alpha': np.float64(0.009825879990025212), 'classifier__max_depth': 8, 'classifier__max_features': 'log2', 'classifier__max_leaf_nodes': 10, 'classifier__max_samples': np.float64(0.6359005744535052), 'classifier__min_impurity_decrease': np.float64(0.060027843773583715), 'classifier__min_samples_leaf': 4, 'classifier__min_samples_split': 5, 'classifier__n_estimators': 158, 'feature_selection_filter__k': 'all'}",71.44619417190552,"[0, 1, 2, 3, 4, 5, 6, 7, 8, 9, 10, 11, 12, 13, 14, 15, 16, 17, 18, 19, 20, 21, 22, 23, 24, 25, 26, 27, 28, 29, 30]","['Amount_log1p', 'V1', 'V2', 'V3', 'V4', 'V5', 'V6', 'V7', 'V8', 'V9', 'V10', 'V11', 'V12', 'V13', 'V14', 'V15', 'V16', 'V17', 'V18', 'V19', 'V20', 'V21', 'V22', 'V23', 'V24', 'V25', 'V26', 'V27', 'V28', 'Time_sin', 'Time_cos']"
CostSensitiveLearning_ClusterCentroids___RandomizedSearchCV__niter_30__cv_5,8,3,RandomForestClassifier,resubstitution,353,22110,24,73,0.9957003546099291,0.9363395225464191,0.8286384976525821,0.8792029887920298,0.9989156953103823,0.0010843046896177322,0.9137770964814822,0.9098021768734011,0.8787197367378776,0.8770225096822183,0.9630317218512423,0.8545846267692797,22560,0.8810949743106947,0.00655080603452906,0.8780745569748231,0.019672696711622344,"{'classifier__ccp_alpha': np.float64(0.005675755118305448), 'classifier__max_depth': 10, 'classifier__max_features': 'log2', 'classifier__max_leaf_nodes': 12, 'classifier__max_samples': np.float64(0.7764426837842718), 'classifier__min_impurity_decrease': np.float64(0.06403466417265379), 'classifier__min_samples_leaf': 1, 'classifier__min_samples_split': 2, 'classifier__n_estimators': 778, 'feature_selection_filter__k': 'all'}",72.97292923927307,"[0, 1, 2, 3, 4, 5, 6, 7, 8, 9, 10, 11, 12, 13, 14, 15, 16, 17, 18, 19, 20, 21, 22, 23, 24, 25, 26, 27, 28, 29, 30]","['Amount_log1p', 'V1', 'V2', 'V3', 'V4', 'V5', 'V6', 'V7', 'V8', 'V9', 'V10', 'V11', 'V12', 'V13', 'V14', 'V15', 'V16', 'V17', 'V18', 'V19', 'V20', 'V21', 'V22', 'V23', 'V24', 'V25', 'V26', 'V27', 'V28', 'Time_sin', 'Time_cos']"
CostSensitiveLearning_ClusterCentroids___RandomizedSearchCV__niter_30__cv_5,8,4,RandomForestClassifier,resubstitution,357,22110,24,69,0.995877659574468,0.937007874015748,0.8380281690140845,0.8847583643122676,0.9989156953103823,0.0010843046896177322,0.9184719321622334,0.9149423430688902,0.8840923118883066,0.8826663015927023,0.9673448661609123,0.8557171632165592,22560,0.882849711024576,0.009561396995000908,0.8823404210111987,0.028497015118888393,"{'classifier__ccp_alpha': np.float64(0.001213945433880269), 'classifier__max_depth': 6, 'classifier__max_features': 'log2', 'classifier__max_leaf_nodes': 10, 'classifier__max_samples': np.float64(0.6214008645756217), 'classifier__min_impurity_decrease': np.float64(0.044476981298219365), 'classifier__min_samples_leaf': 1, 'classifier__min_samples_split': 9, 'classifier__n_estimators': 360, 'feature_selection_filter__k': 28}",72.9568703174591,"[0, 1, 2, 3, 4, 5, 6, 7, 8, 9, 10, 11, 12, 13, 14, 16, 17, 18, 19, 20, 21, 22, 23, 24, 26, 27, 28, 29]","['Amount_log1p', 'V1', 'V2', 'V3', 'V4', 'V5', 'V6', 'V7', 'V8', 'V9', 'V10', 'V11', 'V12', 'V13', 'V14', 'V16', 'V17', 'V18', 'V19', 'V20', 'V21', 'V22', 'V23', 'V24', 'V26', 'V27', 'V28', 'Time_sin']"
CostSensitiveLearning_ClusterCentroids___RandomizedSearchCV__niter_30__cv_5,8,5,RandomForestClassifier,resubstitution,357,22111,24,68,0.9959219858156029,0.937007874015748,0.84,0.8858560794044665,0.9989157442963632,0.001084255703636794,0.9194578721481816,0.916018135851548,0.8851545476123538,0.883786285290022,0.9665263157894737,0.8627375013274338,22560,0.8868397604902236,0.00844124594553588,0.885326351032689,0.03682202192396289,"{'classifier__ccp_alpha': np.float64(0.001502777129602926), 'classifier__max_depth': 16, 'classifier__max_features': 'log2', 'classifier__max_leaf_nodes': 6, 'classifier__max_samples': np.float64(0.6300523966523505), 'classifier__min_impurity_decrease': np.float64(0.050766969587699974), 'classifier__min_samples_leaf': 5, 'classifier__min_samples_split': 4, 'classifier__n_estimators': 730, 'feature_selection_filter__k': 'all'}",73.78996443748474,"[0, 1, 2, 3, 4, 5, 6, 7, 8, 9, 10, 11, 12, 13, 14, 15, 16, 17, 18, 19, 20, 21, 22, 23, 24, 25, 26, 27, 28, 29, 30]","['Amount_log1p', 'V1', 'V2', 'V3', 'V4', 'V5', 'V6', 'V7', 'V8', 'V9', 'V10', 'V11', 'V12', 'V13', 'V14', 'V15', 'V16', 'V17', 'V18', 'V19', 'V20', 'V21', 'V22', 'V23', 'V24', 'V25', 'V26', 'V27', 'V28', 'Time_sin', 'Time_cos']"
CostSensitiveLearning_ClusterCentroids___RandomizedSearchCV__niter_30__cv_5,8,6,RandomForestClassifier,resubstitution,352,22111,24,73,0.9957003546099291,0.9361702127659575,0.8282352941176471,0.8789013732833958,0.9989157442963632,0.001084255703636794,0.9135755192070052,0.9095808239381736,0.8784260303743571,0.8767210336793052,0.963407060949521,0.8554603374801971,22560,0.8795967444596571,0.0065492681599730925,0.8767794631797292,0.019455398467830523,"{'classifier__ccp_alpha': np.float64(0.005603305699895213), 'classifier__max_depth': 13, 'classifier__max_features': 'sqrt', 'classifier__max_leaf_nodes': 9, 'classifier__max_samples': np.float64(0.5746246402217817), 'classifier__min_impurity_decrease': np.float64(0.08252160417363247), 'classifier__min_samples_leaf': 3, 'classifier__min_samples_split': 6, 'classifier__n_estimators': 895, 'feature_selection_filter__k': 26}",75.84700012207031,"[0, 1, 2, 3, 4, 5, 6, 7, 8, 9, 10, 11, 12, 14, 16, 17, 18, 19, 20, 21, 22, 23, 24, 27, 28, 29]","['Amount_log1p', 'V1', 'V2', 'V3', 'V4', 'V5', 'V6', 'V7', 'V8', 'V9', 'V10', 'V11', 'V12', 'V14', 'V16', 'V17', 'V18', 'V19', 'V20', 'V21', 'V22', 'V23', 'V24', 'V27', 'V28', 'Time_sin']"
CostSensitiveLearning_ClusterCentroids___RandomizedSearchCV__niter_30__cv_5,8,7,RandomForestClassifier,resubstitution,357,22108,27,68,0.9957890070921985,0.9296875,0.84,0.8825710754017305,0.9987802123334086,0.0012197876665913654,0.9193901061667042,0.9159559914974427,0.8816073170114372,0.8804327450927885,0.968070689219894,0.8640517456719738,22560,0.8859042953457571,0.009408374150414381,0.8819073772402269,0.02998187457202092,"{'classifier__ccp_alpha': np.float64(0.007215148325776822), 'classifier__max_depth': 10, 'classifier__max_features': 'log2', 'classifier__max_leaf_nodes': 5, 'classifier__max_samples': np.float64(0.526003612340793), 'classifier__min_impurity_decrease': np.float64(0.05029171288288529), 'classifier__min_samples_leaf': 7, 'classifier__min_samples_split': 7, 'classifier__n_estimators': 350, 'feature_selection_filter__k': 'all'}",71.01661491394043,"[0, 1, 2, 3, 4, 5, 6, 7, 8, 9, 10, 11, 12, 13, 14, 15, 16, 17, 18, 19, 20, 21, 22, 23, 24, 25, 26, 27, 28, 29, 30]","['Amount_log1p', 'V1', 'V2', 'V3', 'V4', 'V5', 'V6', 'V7', 'V8', 'V9', 'V10', 'V11', 'V12', 'V13', 'V14', 'V15', 'V16', 'V17', 'V18', 'V19', 'V20', 'V21', 'V22', 'V23', 'V24', 'V25', 'V26', 'V27', 'V28', 'Time_sin', 'Time_cos']"
CostSensitiveLearning_ClusterCentroids___RandomizedSearchCV__niter_30__cv_5,8,8,RandomForestClassifier,resubstitution,358,22108,27,68,0.9957891937414122,0.9298701298701298,0.8403755868544601,0.8828606658446363,0.9987802123334086,0.0012197876665913654,0.9195778995939343,0.9161607430349276,0.8818915710194721,0.8807223081636764,0.9625711198142852,0.8655903148686974,22561,0.8836563322629607,0.005879638109938938,0.8807105108582721,0.021743624939734016,"{'classifier__ccp_alpha': np.float64(9.504892788098963e-05), 'classifier__max_depth': 17, 'classifier__max_features': 'log2', 'classifier__max_leaf_nodes': 10, 'classifier__max_samples': np.float64(0.5827767248520852), 'classifier__min_impurity_decrease': np.float64(0.07043615158600801), 'classifier__min_samples_leaf': 9, 'classifier__min_samples_split': 5, 'classifier__n_estimators': 573, 'feature_selection_filter__k': 20}",70.94333100318909,"[1, 2, 3, 4, 5, 6, 7, 8, 9, 10, 11, 12, 14, 16, 17, 18, 19, 20, 21, 27]","['V1', 'V2', 'V3', 'V4', 'V5', 'V6', 'V7', 'V8', 'V9', 'V10', 'V11', 'V12', 'V14', 'V16', 'V17', 'V18', 'V19', 'V20', 'V21', 'V27']"
CostSensitiveLearning_ClusterCentroids___RandomizedSearchCV__niter_30__cv_5,8,9,RandomForestClassifier,resubstitution,355,22109,26,71,0.9957005451885999,0.931758530183727,0.8333333333333334,0.8798017348203222,0.9988253896543935,0.0011746103456065082,0.9160793614938634,0.9123346378268564,0.8790376443900397,0.877619789381737,0.9630467012601929,0.8531774940686667,22561,0.8837257785357592,0.007391590556675899,0.8856060000519765,0.02585926530658791,"{'classifier__ccp_alpha': np.float64(0.007031279726208074), 'classifier__max_depth': 19, 'classifier__max_features': 'log2', 'classifier__max_leaf_nodes': 16, 'classifier__max_samples': np.float64(0.544508036415516), 'classifier__min_impurity_decrease': np.float64(0.06282477116125838), 'classifier__min_samples_leaf': 6, 'classifier__min_samples_split': 5, 'classifier__n_estimators': 371, 'feature_selection_filter__k': 22}",70.75586366653442,"[1, 2, 3, 4, 5, 6, 7, 8, 9, 10, 11, 12, 14, 16, 17, 18, 19, 20, 21, 27, 28, 29]","['V1', 'V2', 'V3', 'V4', 'V5', 'V6', 'V7', 'V8', 'V9', 'V10', 'V11', 'V12', 'V14', 'V16', 'V17', 'V18', 'V19', 'V20', 'V21', 'V27', 'V28', 'Time_sin']"
CostSensitiveLearning_ClusterCentroids___RandomizedSearchCV__niter_30__cv_5,8,10,RandomForestClassifier,resubstitution,355,22108,27,71,0.9956562209121936,0.9293193717277487,0.8333333333333334,0.8787128712871287,0.9987802123334086,0.0012197876665913654,0.9160567728333711,0.9123140049408284,0.8778584473747438,0.8765080577199598,0.9668420734481431,0.8543395923359264,22561,0.8800143235910969,0.008302610946679861,0.8794582841326728,0.02186859844510391,"{'classifier__ccp_alpha': np.float64(0.006021802348543658), 'classifier__max_depth': 14, 'classifier__max_features': 'log2', 'classifier__max_leaf_nodes': 8, 'classifier__max_samples': np.float64(0.5767643268633071), 'classifier__min_impurity_decrease': np.float64(0.048315706405742675), 'classifier__min_samples_leaf': 8, 'classifier__min_samples_split': 5, 'classifier__n_estimators': 984, 'feature_selection_filter__k': 'all'}",71.03738760948181,"[0, 1, 2, 3, 4, 5, 6, 7, 8, 9, 10, 11, 12, 13, 14, 15, 16, 17, 18, 19, 20, 21, 22, 23, 24, 25, 26, 27, 28, 29, 30]","['Amount_log1p', 'V1', 'V2', 'V3', 'V4', 'V5', 'V6', 'V7', 'V8', 'V9', 'V10', 'V11', 'V12', 'V13', 'V14', 'V15', 'V16', 'V17', 'V18', 'V19', 'V20', 'V21', 'V22', 'V23', 'V24', 'V25', 'V26', 'V27', 'V28', 'Time_sin', 'Time_cos']"
CostSensitiveLearning_ClusterCentroids___RandomizedSearchCV__niter_30__cv_5,9,1,RandomForestClassifier,resubstitution,354,22116,18,72,0.9960106382978723,0.9516129032258065,0.8309859154929577,0.8872180451127819,0.9991867714827867,0.0008132285172133269,0.9150863434878722,0.911213550189568,0.8873044194116492,0.8851969157866454,0.9646889878168442,0.8629508381624167,22560,0.8865725836548091,0.007128549995734624,0.8867834148369524,0.02801370518923782,"{'classifier__ccp_alpha': np.float64(0.0008861578173246998), 'classifier__max_depth': 3, 'classifier__max_features': 'log2', 'classifier__max_leaf_nodes': 15, 'classifier__max_samples': np.float64(0.7607965658433873), 'classifier__min_impurity_decrease': np.float64(0.06318535809318405), 'classifier__min_samples_leaf': 2, 'classifier__min_samples_split': 5, 'classifier__n_estimators': 966, 'feature_selection_filter__k': 'all'}",72.9613926410675,"[0, 1, 2, 3, 4, 5, 6, 7, 8, 9, 10, 11, 12, 13, 14, 15, 16, 17, 18, 19, 20, 21, 22, 23, 24, 25, 26, 27, 28, 29, 30]","['Amount_log1p', 'V1', 'V2', 'V3', 'V4', 'V5', 'V6', 'V7', 'V8', 'V9', 'V10', 'V11', 'V12', 'V13', 'V14', 'V15', 'V16', 'V17', 'V18', 'V19', 'V20', 'V21', 'V22', 'V23', 'V24', 'V25', 'V26', 'V27', 'V28', 'Time_sin', 'Time_cos']"
CostSensitiveLearning_ClusterCentroids___RandomizedSearchCV__niter_30__cv_5,9,2,RandomForestClassifier,resubstitution,358,22104,30,68,0.9956560283687943,0.9226804123711341,0.8403755868544601,0.8796068796068796,0.9986446191379778,0.0013553808620222485,0.9195101029962189,0.9160985524860996,0.8783930170210703,0.8773998983212357,0.9647449317452257,0.8573398451953715,22560,0.8806776204913911,0.007196274226773224,0.883380907461175,0.020531237493126853,"{'classifier__ccp_alpha': np.float64(0.008693692898411813), 'classifier__max_depth': 10, 'classifier__max_features': 'log2', 'classifier__max_leaf_nodes': 4, 'classifier__max_samples': np.float64(0.7343746210248852), 'classifier__min_impurity_decrease': np.float64(0.06249035020955999), 'classifier__min_samples_leaf': 9, 'classifier__min_samples_split': 8, 'classifier__n_estimators': 362, 'feature_selection_filter__k': 22}",74.99956750869751,"[1, 2, 3, 4, 5, 6, 7, 8, 9, 10, 11, 12, 14, 16, 17, 18, 19, 20, 21, 27, 28, 29]","['V1', 'V2', 'V3', 'V4', 'V5', 'V6', 'V7', 'V8', 'V9', 'V10', 'V11', 'V12', 'V14', 'V16', 'V17', 'V18', 'V19', 'V20', 'V21', 'V27', 'V28', 'Time_sin']"
CostSensitiveLearning_ClusterCentroids___RandomizedSearchCV__niter_30__cv_5,9,3,RandomForestClassifier,resubstitution,357,22111,23,69,0.9959219858156029,0.9394736842105263,0.8380281690140845,0.8858560794044665,0.9989608746724497,0.0010391253275503498,0.9184945218432671,0.9149630335256509,0.8852826567367126,0.8837868709265605,0.9608478936023901,0.8616149832878777,22560,0.8854870219560983,0.007008397327229652,0.8833461265831204,0.03170719809275878,"{'classifier__ccp_alpha': np.float64(0.006066607658343183), 'classifier__max_depth': 10, 'classifier__max_features': 'sqrt', 'classifier__max_leaf_nodes': 10, 'classifier__max_samples': np.float64(0.6261629252892545), 'classifier__min_impurity_decrease': np.float64(0.0889230133023532), 'classifier__min_samples_leaf': 3, 'classifier__min_samples_split': 5, 'classifier__n_estimators': 555, 'feature_selection_filter__k': 'all'}",74.66717076301575,"[0, 1, 2, 3, 4, 5, 6, 7, 8, 9, 10, 11, 12, 13, 14, 15, 16, 17, 18, 19, 20, 21, 22, 23, 24, 25, 26, 27, 28, 29, 30]","['Amount_log1p', 'V1', 'V2', 'V3', 'V4', 'V5', 'V6', 'V7', 'V8', 'V9', 'V10', 'V11', 'V12', 'V13', 'V14', 'V15', 'V16', 'V17', 'V18', 'V19', 'V20', 'V21', 'V22', 'V23', 'V24', 'V25', 'V26', 'V27', 'V28', 'Time_sin', 'Time_cos']"
CostSensitiveLearning_ClusterCentroids___RandomizedSearchCV__niter_30__cv_5,9,4,RandomForestClassifier,resubstitution,354,22110,24,72,0.9957446808510638,0.9365079365079365,0.8309859154929577,0.8805970149253731,0.9989156953103823,0.0010843046896177322,0.91495080540167,0.9110899371454952,0.8800657294310592,0.8784386151377871,0.9653602089025828,0.8584956648370431,22560,0.8811056203115288,0.009414762365239021,0.8809608498105526,0.03383986944926475,"{'classifier__ccp_alpha': np.float64(0.003596768161080326), 'classifier__max_depth': 19, 'classifier__max_features': 'log2', 'classifier__max_leaf_nodes': 6, 'classifier__max_samples': np.float64(0.8229403364474057), 'classifier__min_impurity_decrease': np.float64(0.07711577200852102), 'classifier__min_samples_leaf': 2, 'classifier__min_samples_split': 2, 'classifier__n_estimators': 413, 'feature_selection_filter__k': 26}",71.98519968986511,"[0, 1, 2, 3, 4, 5, 6, 7, 8, 9, 10, 11, 12, 14, 16, 17, 18, 19, 20, 21, 23, 24, 25, 27, 28, 29]","['Amount_log1p', 'V1', 'V2', 'V3', 'V4', 'V5', 'V6', 'V7', 'V8', 'V9', 'V10', 'V11', 'V12', 'V14', 'V16', 'V17', 'V18', 'V19', 'V20', 'V21', 'V23', 'V24', 'V25', 'V27', 'V28', 'Time_sin']"
CostSensitiveLearning_ClusterCentroids___RandomizedSearchCV__niter_30__cv_5,9,5,RandomForestClassifier,resubstitution,354,22112,23,71,0.9958333333333333,0.9389920424403183,0.8329411764705882,0.8827930174563591,0.9989609216173481,0.0010390783826519367,0.9159510490439682,0.9121818268854609,0.8823190032263791,0.880679717791418,0.9661120131811477,0.8608484862929904,22560,0.8821660537496271,0.005686624800969021,0.8791844277491732,0.009459513904360518,"{'classifier__ccp_alpha': np.float64(0.008155807729404505), 'classifier__max_depth': 9, 'classifier__max_features': 'log2', 'classifier__max_leaf_nodes': 5, 'classifier__max_samples': np.float64(0.8113589383218579), 'classifier__min_impurity_decrease': np.float64(0.08332086749651785), 'classifier__min_samples_leaf': 6, 'classifier__min_samples_split': 9, 'classifier__n_estimators': 407, 'feature_selection_filter__k': 'all'}",71.57363200187683,"[0, 1, 2, 3, 4, 5, 6, 7, 8, 9, 10, 11, 12, 13, 14, 15, 16, 17, 18, 19, 20, 21, 22, 23, 24, 25, 26, 27, 28, 29, 30]","['Amount_log1p', 'V1', 'V2', 'V3', 'V4', 'V5', 'V6', 'V7', 'V8', 'V9', 'V10', 'V11', 'V12', 'V13', 'V14', 'V15', 'V16', 'V17', 'V18', 'V19', 'V20', 'V21', 'V22', 'V23', 'V24', 'V25', 'V26', 'V27', 'V28', 'Time_sin', 'Time_cos']"
CostSensitiveLearning_ClusterCentroids___RandomizedSearchCV__niter_30__cv_5,9,6,RandomForestClassifier,resubstitution,353,22113,22,72,0.9958333333333333,0.9413333333333334,0.8305882352941176,0.8825,0.9990060989383329,0.0009939010616670796,0.9147971671162253,0.910913120316779,0.8821748151881594,0.8803874952409154,0.9615050425862688,0.8529885735635812,22560,0.8837225382584004,0.009001502973925353,0.8826773743227385,0.029398502201011603,"{'classifier__ccp_alpha': np.float64(0.0016213611238858595), 'classifier__max_depth': 3, 'classifier__max_features': 'log2', 'classifier__max_leaf_nodes': 19, 'classifier__max_samples': np.float64(0.6641955670970323), 'classifier__min_impurity_decrease': np.float64(0.08591721433033439), 'classifier__min_samples_leaf': 4, 'classifier__min_samples_split': 2, 'classifier__n_estimators': 715, 'feature_selection_filter__k': 'all'}",72.00000548362732,"[0, 1, 2, 3, 4, 5, 6, 7, 8, 9, 10, 11, 12, 13, 14, 15, 16, 17, 18, 19, 20, 21, 22, 23, 24, 25, 26, 27, 28, 29, 30]","['Amount_log1p', 'V1', 'V2', 'V3', 'V4', 'V5', 'V6', 'V7', 'V8', 'V9', 'V10', 'V11', 'V12', 'V13', 'V14', 'V15', 'V16', 'V17', 'V18', 'V19', 'V20', 'V21', 'V22', 'V23', 'V24', 'V25', 'V26', 'V27', 'V28', 'Time_sin', 'Time_cos']"
CostSensitiveLearning_ClusterCentroids___RandomizedSearchCV__niter_30__cv_5,9,7,RandomForestClassifier,resubstitution,356,22111,24,69,0.995877659574468,0.9368421052631579,0.8376470588235294,0.884472049689441,0.9989157442963632,0.001084255703636794,0.9182814015599463,0.9147342976090737,0.8838126416038752,0.882380114139636,0.9649222551455641,0.8582704682777988,22560,0.8852247250507277,0.001839355731290299,0.8866473644768498,0.007521882888845538,"{'classifier__ccp_alpha': np.float64(0.006134736866690825), 'classifier__max_depth': 18, 'classifier__max_features': 'log2', 'classifier__max_leaf_nodes': 16, 'classifier__max_samples': np.float64(0.892303407412217), 'classifier__min_impurity_decrease': np.float64(0.04527385319476023), 'classifier__min_samples_leaf': 4, 'classifier__min_samples_split': 3, 'classifier__n_estimators': 251, 'feature_selection_filter__k': 26}",70.7963535785675,"[0, 1, 2, 3, 4, 5, 6, 7, 8, 9, 10, 11, 12, 14, 16, 17, 18, 19, 20, 21, 22, 23, 24, 27, 28, 29]","['Amount_log1p', 'V1', 'V2', 'V3', 'V4', 'V5', 'V6', 'V7', 'V8', 'V9', 'V10', 'V11', 'V12', 'V14', 'V16', 'V17', 'V18', 'V19', 'V20', 'V21', 'V22', 'V23', 'V24', 'V27', 'V28', 'Time_sin']"
CostSensitiveLearning_ClusterCentroids___RandomizedSearchCV__niter_30__cv_5,9,8,RandomForestClassifier,resubstitution,358,22111,24,68,0.9959221665706307,0.93717277486911,0.8403755868544601,0.8861386138613861,0.9989157442963632,0.001084255703636794,0.9196456655754117,0.9162229012806961,0.8854308269537781,0.8840687888799622,0.9674482025046902,0.8641205055484589,22561,0.8868919030444082,0.005588900356253689,0.8861277543847065,0.022884283665493013,"{'classifier__ccp_alpha': np.float64(0.00736004797981745), 'classifier__max_depth': 14, 'classifier__max_features': 'log2', 'classifier__max_leaf_nodes': 9, 'classifier__max_samples': np.float64(0.6521511100062336), 'classifier__min_impurity_decrease': np.float64(0.05691476435018566), 'classifier__min_samples_leaf': 6, 'classifier__min_samples_split': 7, 'classifier__n_estimators': 920, 'feature_selection_filter__k': 'all'}",72.8974986076355,"[0, 1, 2, 3, 4, 5, 6, 7, 8, 9, 10, 11, 12, 13, 14, 15, 16, 17, 18, 19, 20, 21, 22, 23, 24, 25, 26, 27, 28, 29, 30]","['Amount_log1p', 'V1', 'V2', 'V3', 'V4', 'V5', 'V6', 'V7', 'V8', 'V9', 'V10', 'V11', 'V12', 'V13', 'V14', 'V15', 'V16', 'V17', 'V18', 'V19', 'V20', 'V21', 'V22', 'V23', 'V24', 'V25', 'V26', 'V27', 'V28', 'Time_sin', 'Time_cos']"
CostSensitiveLearning_ClusterCentroids___RandomizedSearchCV__niter_30__cv_5,9,9,RandomForestClassifier,resubstitution,356,22112,23,70,0.9958778422942246,0.9393139841688655,0.8356807511737089,0.884472049689441,0.9989609216173481,0.0010390783826519367,0.9173208363955285,0.9136806955224379,0.8839438366859417,0.8823808151458596,0.960785873285038,0.8660042589308786,22561,0.8852571580083589,0.014816671725541903,0.881967133571098,0.037166508122325706,"{'classifier__ccp_alpha': np.float64(0.0015875736448290312), 'classifier__max_depth': 11, 'classifier__max_features': 'sqrt', 'classifier__max_leaf_nodes': 13, 'classifier__max_samples': np.float64(0.7824409260612737), 'classifier__min_impurity_decrease': np.float64(0.09316465255797739), 'classifier__min_samples_leaf': 2, 'classifier__min_samples_split': 4, 'classifier__n_estimators': 251, 'feature_selection_filter__k': 26}",70.24700617790222,"[0, 1, 2, 3, 4, 5, 6, 7, 8, 9, 10, 11, 12, 14, 16, 17, 18, 19, 20, 21, 23, 24, 26, 27, 28, 29]","['Amount_log1p', 'V1', 'V2', 'V3', 'V4', 'V5', 'V6', 'V7', 'V8', 'V9', 'V10', 'V11', 'V12', 'V14', 'V16', 'V17', 'V18', 'V19', 'V20', 'V21', 'V23', 'V24', 'V26', 'V27', 'V28', 'Time_sin']"
CostSensitiveLearning_ClusterCentroids___RandomizedSearchCV__niter_30__cv_5,9,10,RandomForestClassifier,resubstitution,355,22107,28,71,0.9956118966357874,0.9268929503916449,0.8333333333333334,0.8776266996291718,0.9987350350124238,0.0012649649875762226,0.9160341841728785,0.9122933715881567,0.8766838344270148,0.8753990188185757,0.9632253955931962,0.8591712013422166,22561,0.8789532806392157,0.007916137580614987,0.8794179900734169,0.02341817072660499,"{'classifier__ccp_alpha': np.float64(0.0041773563178652455), 'classifier__max_depth': 19, 'classifier__max_features': 'sqrt', 'classifier__max_leaf_nodes': 12, 'classifier__max_samples': np.float64(0.7010536513184917), 'classifier__min_impurity_decrease': np.float64(0.07965493073920349), 'classifier__min_samples_leaf': 2, 'classifier__min_samples_split': 6, 'classifier__n_estimators': 844, 'feature_selection_filter__k': 'all'}",74.79699993133545,"[0, 1, 2, 3, 4, 5, 6, 7, 8, 9, 10, 11, 12, 13, 14, 15, 16, 17, 18, 19, 20, 21, 22, 23, 24, 25, 26, 27, 28, 29, 30]","['Amount_log1p', 'V1', 'V2', 'V3', 'V4', 'V5', 'V6', 'V7', 'V8', 'V9', 'V10', 'V11', 'V12', 'V13', 'V14', 'V15', 'V16', 'V17', 'V18', 'V19', 'V20', 'V21', 'V22', 'V23', 'V24', 'V25', 'V26', 'V27', 'V28', 'Time_sin', 'Time_cos']"
CostSensitiveLearning_ClusterCentroids___RandomizedSearchCV__niter_30__cv_5,10,1,RandomForestClassifier,resubstitution,357,22105,29,69,0.9956560283687943,0.9248704663212435,0.8380281690140845,0.8793103448275862,0.9986897985000451,0.0013102014999548661,0.9183589837570648,0.9148388837659,0.8782095863542463,0.8771040200006137,0.9654041686339839,0.857054460399223,22560,0.8839225408571846,0.007387621535546909,0.8820368335655129,0.021349419215352647,"{'classifier__ccp_alpha': np.float64(0.001129131400687311), 'classifier__max_depth': 17, 'classifier__max_features': 'sqrt', 'classifier__max_leaf_nodes': 18, 'classifier__max_samples': np.float64(0.6832274338103586), 'classifier__min_impurity_decrease': np.float64(0.07681516566166945), 'classifier__min_samples_leaf': 3, 'classifier__min_samples_split': 2, 'classifier__n_estimators': 443, 'feature_selection_filter__k': 20}",71.71981978416443,"[1, 2, 3, 4, 5, 6, 7, 8, 9, 10, 11, 12, 14, 16, 17, 18, 19, 20, 21, 27]","['V1', 'V2', 'V3', 'V4', 'V5', 'V6', 'V7', 'V8', 'V9', 'V10', 'V11', 'V12', 'V14', 'V16', 'V17', 'V18', 'V19', 'V20', 'V21', 'V27']"
CostSensitiveLearning_ClusterCentroids___RandomizedSearchCV__niter_30__cv_5,10,2,RandomForestClassifier,resubstitution,354,22107,27,72,0.9956117021276596,0.9291338582677166,0.8309859154929577,0.8773234200743495,0.99878015722418,0.0012198427758199903,0.9148830363585689,0.9110281243337855,0.8765101661233717,0.875096385566425,0.9652176181694849,0.862295275396695,22560,0.8792235635205573,0.005561840715000541,0.8798411078990265,0.0373912648946386,"{'classifier__ccp_alpha': np.float64(0.002207292553921624), 'classifier__max_depth': 6, 'classifier__max_features': 'log2', 'classifier__max_leaf_nodes': 8, 'classifier__max_samples': np.float64(0.5610095175790838), 'classifier__min_impurity_decrease': np.float64(0.050896991441270224), 'classifier__min_samples_leaf': 7, 'classifier__min_samples_split': 2, 'classifier__n_estimators': 250, 'feature_selection_filter__k': 'all'}",71.65574669837952,"[0, 1, 2, 3, 4, 5, 6, 7, 8, 9, 10, 11, 12, 13, 14, 15, 16, 17, 18, 19, 20, 21, 22, 23, 24, 25, 26, 27, 28, 29, 30]","['Amount_log1p', 'V1', 'V2', 'V3', 'V4', 'V5', 'V6', 'V7', 'V8', 'V9', 'V10', 'V11', 'V12', 'V13', 'V14', 'V15', 'V16', 'V17', 'V18', 'V19', 'V20', 'V21', 'V22', 'V23', 'V24', 'V25', 'V26', 'V27', 'V28', 'Time_sin', 'Time_cos']"
CostSensitiveLearning_ClusterCentroids___RandomizedSearchCV__niter_30__cv_5,10,3,RandomForestClassifier,resubstitution,354,22118,16,72,0.9960992907801418,0.9567567567567568,0.8309859154929577,0.8894472361809045,0.9992771302069214,0.0007228697930785621,0.9151315228499396,0.9112547508113054,0.8897560454140782,0.8874718577618164,0.9595324423878289,0.8578581670140262,22560,0.8852509420447989,0.002850094259865145,0.8834694755529687,0.01788605799990696,"{'classifier__ccp_alpha': np.float64(0.00762811621283998), 'classifier__max_depth': 13, 'classifier__max_features': 'log2', 'classifier__max_leaf_nodes': 7, 'classifier__max_samples': np.float64(0.7552289217277348), 'classifier__min_impurity_decrease': np.float64(0.09383493516373191), 'classifier__min_samples_leaf': 2, 'classifier__min_samples_split': 9, 'classifier__n_estimators': 467, 'feature_selection_filter__k': 'all'}",72.55043959617615,"[0, 1, 2, 3, 4, 5, 6, 7, 8, 9, 10, 11, 12, 13, 14, 15, 16, 17, 18, 19, 20, 21, 22, 23, 24, 25, 26, 27, 28, 29, 30]","['Amount_log1p', 'V1', 'V2', 'V3', 'V4', 'V5', 'V6', 'V7', 'V8', 'V9', 'V10', 'V11', 'V12', 'V13', 'V14', 'V15', 'V16', 'V17', 'V18', 'V19', 'V20', 'V21', 'V22', 'V23', 'V24', 'V25', 'V26', 'V27', 'V28', 'Time_sin', 'Time_cos']"
CostSensitiveLearning_ClusterCentroids___RandomizedSearchCV__niter_30__cv_5,10,4,RandomForestClassifier,resubstitution,356,22110,24,70,0.9958333333333333,0.9368421052631579,0.8356807511737089,0.8833746898263027,0.9989156953103823,0.0010843046896177322,0.9172982232420456,0.9136600125955978,0.8827520085474002,0.8812604985553988,0.9641341619185914,0.8533699321371687,22560,0.8823327174933224,0.009342529263544456,0.8828513309631629,0.026561855024734623,"{'classifier__ccp_alpha': np.float64(0.007699584602470669), 'classifier__max_depth': 5, 'classifier__max_features': 'log2', 'classifier__max_leaf_nodes': 12, 'classifier__max_samples': np.float64(0.5476948011044978), 'classifier__min_impurity_decrease': np.float64(0.09324114287207548), 'classifier__min_samples_leaf': 4, 'classifier__min_samples_split': 5, 'classifier__n_estimators': 357, 'feature_selection_filter__k': 22}",68.76553606987,"[1, 2, 3, 4, 5, 6, 7, 8, 9, 10, 11, 12, 14, 16, 17, 18, 19, 20, 21, 27, 28, 29]","['V1', 'V2', 'V3', 'V4', 'V5', 'V6', 'V7', 'V8', 'V9', 'V10', 'V11', 'V12', 'V14', 'V16', 'V17', 'V18', 'V19', 'V20', 'V21', 'V27', 'V28', 'Time_sin']"
CostSensitiveLearning_ClusterCentroids___RandomizedSearchCV__niter_30__cv_5,10,5,RandomForestClassifier,resubstitution,356,22112,23,69,0.9959219858156029,0.9393139841688655,0.8376470588235294,0.8855721393034826,0.9989609216173481,0.0010390783826519367,0.9183039902204387,0.914754982425575,0.8850056948331676,0.883503058190658,0.9644523047077425,0.8583136943526172,22560,0.8874982120165992,0.004326636022841672,0.8865880558254962,0.015986301780792137,"{'classifier__ccp_alpha': np.float64(0.0030162744359904115), 'classifier__max_depth': 3, 'classifier__max_features': 'log2', 'classifier__max_leaf_nodes': 14, 'classifier__max_samples': np.float64(0.6445981850128291), 'classifier__min_impurity_decrease': np.float64(0.057090347308271484), 'classifier__min_samples_leaf': 1, 'classifier__min_samples_split': 9, 'classifier__n_estimators': 956, 'feature_selection_filter__k': 'all'}",71.37312841415405,"[0, 1, 2, 3, 4, 5, 6, 7, 8, 9, 10, 11, 12, 13, 14, 15, 16, 17, 18, 19, 20, 21, 22, 23, 24, 25, 26, 27, 28, 29, 30]","['Amount_log1p', 'V1', 'V2', 'V3', 'V4', 'V5', 'V6', 'V7', 'V8', 'V9', 'V10', 'V11', 'V12', 'V13', 'V14', 'V15', 'V16', 'V17', 'V18', 'V19', 'V20', 'V21', 'V22', 'V23', 'V24', 'V25', 'V26', 'V27', 'V28', 'Time_sin', 'Time_cos']"
CostSensitiveLearning_ClusterCentroids___RandomizedSearchCV__niter_30__cv_5,10,6,RandomForestClassifier,resubstitution,350,22109,26,75,0.9955230496453901,0.9308510638297872,0.8235294117647058,0.8739076154806492,0.9988253896543935,0.0011746103456065082,0.9111774007095497,0.9069520856129809,0.8733324752332638,0.8716373649650497,0.9588846516695677,0.8541539422241986,22560,0.8749903857838932,0.006766829697736053,0.8747015837780161,0.023830059452822624,"{'classifier__ccp_alpha': np.float64(0.00862369323517298), 'classifier__max_depth': 17, 'classifier__max_features': 'log2', 'classifier__max_leaf_nodes': 2, 'classifier__max_samples': np.float64(0.6391190135238951), 'classifier__min_impurity_decrease': np.float64(0.02443150341176318), 'classifier__min_samples_leaf': 6, 'classifier__min_samples_split': 6, 'classifier__n_estimators': 900, 'feature_selection_filter__k': 28}",74.03475999832153,"[0, 1, 2, 3, 4, 5, 6, 7, 8, 9, 10, 11, 12, 14, 15, 16, 17, 18, 19, 20, 21, 23, 24, 25, 26, 27, 28, 29]","['Amount_log1p', 'V1', 'V2', 'V3', 'V4', 'V5', 'V6', 'V7', 'V8', 'V9', 'V10', 'V11', 'V12', 'V14', 'V15', 'V16', 'V17', 'V18', 'V19', 'V20', 'V21', 'V23', 'V24', 'V25', 'V26', 'V27', 'V28', 'Time_sin']"
CostSensitiveLearning_ClusterCentroids___RandomizedSearchCV__niter_30__cv_5,10,7,RandomForestClassifier,resubstitution,358,22110,25,67,0.9959219858156029,0.9347258485639687,0.8423529411764706,0.8861386138613861,0.9988705669753783,0.001129433024621651,0.9206117540759244,0.9172794339492839,0.8853089272900687,0.8840681385672624,0.9652341912595171,0.8635841635908414,22560,0.8861304451822132,0.005459253941462203,0.8867310844683386,0.014430057361630852,"{'classifier__ccp_alpha': np.float64(0.007957687909013519), 'classifier__max_depth': 9, 'classifier__max_features': 'sqrt', 'classifier__max_leaf_nodes': 18, 'classifier__max_samples': np.float64(0.7362466229243007), 'classifier__min_impurity_decrease': np.float64(0.09991158720206494), 'classifier__min_samples_leaf': 9, 'classifier__min_samples_split': 5, 'classifier__n_estimators': 817, 'feature_selection_filter__k': 20}",75.76156973838806,"[1, 2, 3, 4, 5, 6, 7, 8, 9, 10, 11, 12, 14, 16, 17, 18, 19, 20, 21, 27]","['V1', 'V2', 'V3', 'V4', 'V5', 'V6', 'V7', 'V8', 'V9', 'V10', 'V11', 'V12', 'V14', 'V16', 'V17', 'V18', 'V19', 'V20', 'V21', 'V27']"
CostSensitiveLearning_ClusterCentroids___RandomizedSearchCV__niter_30__cv_5,10,8,RandomForestClassifier,resubstitution,358,22110,25,68,0.9958778422942246,0.9347258485639687,0.8403755868544601,0.8850432632880099,0.9988705669753783,0.001129433024621651,0.9196230769149192,0.9162021823339982,0.8842464924251664,0.8829505934356318,0.9617307261989222,0.8633803492707149,22561,0.8868596501428583,0.00754989780717476,0.8864530169694966,0.02645990032505145,"{'classifier__ccp_alpha': np.float64(0.0038798328462121144), 'classifier__max_depth': 10, 'classifier__max_features': 'sqrt', 'classifier__max_leaf_nodes': 14, 'classifier__max_samples': np.float64(0.8722416507401409), 'classifier__min_impurity_decrease': np.float64(0.09139669210843153), 'classifier__min_samples_leaf': 9, 'classifier__min_samples_split': 5, 'classifier__n_estimators': 498, 'feature_selection_filter__k': 22}",73.44354295730591,"[1, 2, 3, 4, 5, 6, 7, 8, 9, 10, 11, 12, 14, 16, 17, 18, 19, 20, 21, 27, 28, 29]","['V1', 'V2', 'V3', 'V4', 'V5', 'V6', 'V7', 'V8', 'V9', 'V10', 'V11', 'V12', 'V14', 'V16', 'V17', 'V18', 'V19', 'V20', 'V21', 'V27', 'V28', 'Time_sin']"
CostSensitiveLearning_ClusterCentroids___RandomizedSearchCV__niter_30__cv_5,10,9,RandomForestClassifier,resubstitution,355,22111,24,71,0.9957891937414122,0.9366754617414248,0.8333333333333334,0.8819875776397516,0.9989157442963632,0.001084255703636794,0.9161245388148482,0.9123759021991078,0.8814099112715816,0.8798513703102867,0.967687080240649,0.8625278588778114,22561,0.8828600949938092,0.008730200611277963,0.8826995876887256,0.03095902654007897,"{'classifier__ccp_alpha': np.float64(0.006946767048527824), 'classifier__max_depth': 16, 'classifier__max_features': 'log2', 'classifier__max_leaf_nodes': 13, 'classifier__max_samples': np.float64(0.67365630615509), 'classifier__min_impurity_decrease': np.float64(0.05874214020670254), 'classifier__min_samples_leaf': 4, 'classifier__min_samples_split': 5, 'classifier__n_estimators': 792, 'feature_selection_filter__k': 'all'}",73.64238905906677,"[0, 1, 2, 3, 4, 5, 6, 7, 8, 9, 10, 11, 12, 13, 14, 15, 16, 17, 18, 19, 20, 21, 22, 23, 24, 25, 26, 27, 28, 29, 30]","['Amount_log1p', 'V1', 'V2', 'V3', 'V4', 'V5', 'V6', 'V7', 'V8', 'V9', 'V10', 'V11', 'V12', 'V13', 'V14', 'V15', 'V16', 'V17', 'V18', 'V19', 'V20', 'V21', 'V22', 'V23', 'V24', 'V25', 'V26', 'V27', 'V28', 'Time_sin', 'Time_cos']"
CostSensitiveLearning_ClusterCentroids___RandomizedSearchCV__niter_30__cv_5,10,10,RandomForestClassifier,resubstitution,356,22109,26,70,0.995744869465006,0.9319371727748691,0.8356807511737089,0.8811881188118812,0.9988253896543935,0.0011746103456065082,0.9172530704140511,0.9136187125479404,0.8803825739010885,0.8790283014399605,0.9662087955789855,0.8600133672263106,22561,0.8824234450340054,0.007386957047003012,0.8798092192179195,0.016838129855079643,"{'classifier__ccp_alpha': np.float64(0.008268590212643439), 'classifier__max_depth': 17, 'classifier__max_features': 'log2', 'classifier__max_leaf_nodes': 9, 'classifier__max_samples': np.float64(0.6012732216336377), 'classifier__min_impurity_decrease': np.float64(0.03601622024618736), 'classifier__min_samples_leaf': 8, 'classifier__min_samples_split': 7, 'classifier__n_estimators': 670, 'feature_selection_filter__k': 'all'}",72.87327146530151,"[0, 1, 2, 3, 4, 5, 6, 7, 8, 9, 10, 11, 12, 13, 14, 15, 16, 17, 18, 19, 20, 21, 22, 23, 24, 25, 26, 27, 28, 29, 30]","['Amount_log1p', 'V1', 'V2', 'V3', 'V4', 'V5', 'V6', 'V7', 'V8', 'V9', 'V10', 'V11', 'V12', 'V13', 'V14', 'V15', 'V16', 'V17', 'V18', 'V19', 'V20', 'V21', 'V22', 'V23', 'V24', 'V25', 'V26', 'V27', 'V28', 'Time_sin', 'Time_cos']"
