experiment_name,iteration,fold,model,split,tp,tn,fp,fn,accuracy,precision,recall,f1,specificity,fpr,balanced_accuracy,geometric_mean,mcc,kappa,roc_auc,average_precision,fold_size,cv_tuning_mean_train_score,cv_tuning_std_train_score,cv_tuning_mean_val_score,cv_tuning_std_val_score,best_params,tuning_time,selected_features_indices,selected_features_names
CostSensitiveLearning_with_RandomUnderSampler___RandomizedSearchCV__niter_30__cv_5,1,1,MLA,resubstitution,283,17686,21,58,0.9956227836879432,0.930921052631579,0.8299120234604106,0.8775193798449612,0.9988140283503699,0.0011859716496300798,0.9143630259053903,0.9104547058085314,0.8767951088516935,0.8752984178605714,0.9635062396417939,0.8562261290578564,22560,0.867450143558866,0.00715933375113209,0.8685786557176831,0.024244373073377106,"{'classifier__estimator__ccp_alpha': np.float64(0.005467102793432797), 'classifier__estimator__max_depth': 14, 'classifier__estimator__max_features': 'log2', 'classifier__estimator__max_leaf_nodes': 11, 'classifier__estimator__min_impurity_decrease': np.float64(0.08948273504276488), 'classifier__estimator__min_samples_leaf': 8, 'classifier__estimator__min_samples_split': 7, 'classifier__max_features': np.float64(0.5979914312095727), 'classifier__max_samples': np.float64(0.522613644455269), 'classifier__n_estimators': 395, 'feature_selection_filter__k': 28}",39.409942388534546,"[0, 1, 2, 3, 4, 5, 6, 7, 8, 9, 10, 11, 12, 14, 16, 17, 18, 19, 20, 21, 22, 23, 24, 26, 27, 28, 29, 30]","['Amount_log1p', 'V1', 'V2', 'V3', 'V4', 'V5', 'V6', 'V7', 'V8', 'V9', 'V10', 'V11', 'V12', 'V14', 'V16', 'V17', 'V18', 'V19', 'V20', 'V21', 'V22', 'V23', 'V24', 'V26', 'V27', 'V28', 'Time_sin', 'Time_cos']"
CostSensitiveLearning_with_RandomUnderSampler___RandomizedSearchCV__niter_30__cv_5,1,2,MLA,resubstitution,280,17687,20,61,0.9955119680851063,0.9333333333333333,0.8211143695014663,0.8736349453978159,0.9988705031908285,0.0011294968091715152,0.9099924363461473,0.9056417191368502,0.8732129870635081,0.8713598742996408,0.9623695385641179,0.8529188092946951,22560,0.8800437250600842,0.010657429989507045,0.8723683994101737,0.02450539194007819,"{'classifier__estimator__ccp_alpha': np.float64(0.001396923220343891), 'classifier__estimator__max_depth': 11, 'classifier__estimator__max_features': 'log2', 'classifier__estimator__max_leaf_nodes': 2, 'classifier__estimator__min_impurity_decrease': np.float64(0.02980035006887627), 'classifier__estimator__min_samples_leaf': 1, 'classifier__estimator__min_samples_split': 8, 'classifier__max_features': np.float64(0.7377981835036266), 'classifier__max_samples': np.float64(0.8181868387857614), 'classifier__n_estimators': 633, 'feature_selection_filter__k': 20}",37.05128526687622,"[1, 2, 3, 4, 5, 6, 7, 8, 9, 10, 11, 12, 14, 16, 17, 18, 19, 20, 21, 27]","['V1', 'V2', 'V3', 'V4', 'V5', 'V6', 'V7', 'V8', 'V9', 'V10', 'V11', 'V12', 'V14', 'V16', 'V17', 'V18', 'V19', 'V20', 'V21', 'V27']"
CostSensitiveLearning_with_RandomUnderSampler___RandomizedSearchCV__niter_30__cv_5,1,3,MLA,resubstitution,288,17671,36,53,0.9950687056737588,0.8888888888888888,0.844574780058651,0.8661654135338346,0.9979669057434912,0.0020330942565087717,0.9212708429010712,0.918072807528968,0.8639482011104728,0.8636551613146374,0.9626988647232144,0.8614936687949137,22560,0.8668324499619162,0.008847609960577638,0.8669714088560128,0.025184724532391182,"{'classifier__estimator__ccp_alpha': np.float64(0.005870198704928197), 'classifier__estimator__max_depth': 19, 'classifier__estimator__max_features': 'log2', 'classifier__estimator__max_leaf_nodes': 2, 'classifier__estimator__min_impurity_decrease': np.float64(0.009734347167209402), 'classifier__estimator__min_samples_leaf': 3, 'classifier__estimator__min_samples_split': 8, 'classifier__max_features': np.float64(0.9279764754582693), 'classifier__max_samples': np.float64(0.6893389938917076), 'classifier__n_estimators': 937, 'feature_selection_filter__k': 26}",43.6255943775177,"[0, 1, 2, 3, 4, 5, 6, 7, 8, 9, 10, 11, 12, 14, 16, 17, 18, 19, 20, 21, 23, 24, 27, 28, 29, 30]","['Amount_log1p', 'V1', 'V2', 'V3', 'V4', 'V5', 'V6', 'V7', 'V8', 'V9', 'V10', 'V11', 'V12', 'V14', 'V16', 'V17', 'V18', 'V19', 'V20', 'V21', 'V23', 'V24', 'V27', 'V28', 'Time_sin', 'Time_cos']"
CostSensitiveLearning_with_RandomUnderSampler___RandomizedSearchCV__niter_30__cv_5,1,4,MLA,resubstitution,281,17682,25,60,0.9952903368794326,0.9183006535947712,0.8240469208211144,0.8686244204018547,0.9985881289885357,0.0014118710114643385,0.9113175249048251,0.9071292481567996,0.8675507546294086,0.8662337540036225,0.9643342336736784,0.8605916595940574,22560,0.8688550629958562,0.0075891684633971924,0.8650455747182779,0.025741104058845315,"{'classifier__estimator__ccp_alpha': np.float64(0.009890115134756001), 'classifier__estimator__max_depth': 6, 'classifier__estimator__max_features': 'sqrt', 'classifier__estimator__max_leaf_nodes': 2, 'classifier__estimator__min_impurity_decrease': np.float64(0.0420138493756127), 'classifier__estimator__min_samples_leaf': 6, 'classifier__estimator__min_samples_split': 5, 'classifier__max_features': np.float64(0.9573202821344433), 'classifier__max_samples': np.float64(0.740436982544221), 'classifier__n_estimators': 677, 'feature_selection_filter__k': 'all'}",41.649022340774536,"[0, 1, 2, 3, 4, 5, 6, 7, 8, 9, 10, 11, 12, 13, 14, 15, 16, 17, 18, 19, 20, 21, 22, 23, 24, 25, 26, 27, 28, 29, 30]","['Amount_log1p', 'V1', 'V2', 'V3', 'V4', 'V5', 'V6', 'V7', 'V8', 'V9', 'V10', 'V11', 'V12', 'V13', 'V14', 'V15', 'V16', 'V17', 'V18', 'V19', 'V20', 'V21', 'V22', 'V23', 'V24', 'V25', 'V26', 'V27', 'V28', 'Time_sin', 'Time_cos']"
CostSensitiveLearning_with_RandomUnderSampler___RandomizedSearchCV__niter_30__cv_5,1,5,MLA,resubstitution,281,17682,26,59,0.9952903368794326,0.9153094462540716,0.8264705882352941,0.8686244204018547,0.9985317370679919,0.0014682629320080798,0.912501162651643,0.9084366307597868,0.8674034638699996,0.8662329608513767,0.9641017187313146,0.8493685410782065,22560,0.8658741233214494,0.0061178239086239865,0.8704557207498385,0.024323379850539714,"{'classifier__estimator__ccp_alpha': np.float64(0.0019512729674487105), 'classifier__estimator__max_depth': 5, 'classifier__estimator__max_features': 'log2', 'classifier__estimator__max_leaf_nodes': 2, 'classifier__estimator__min_impurity_decrease': np.float64(0.0006246276335343693), 'classifier__estimator__min_samples_leaf': 5, 'classifier__estimator__min_samples_split': 7, 'classifier__max_features': np.float64(0.5693554620065604), 'classifier__max_samples': np.float64(0.553572597574249), 'classifier__n_estimators': 999, 'feature_selection_filter__k': 20}",46.97925138473511,"[1, 2, 3, 4, 5, 6, 7, 8, 9, 10, 11, 12, 14, 16, 17, 18, 19, 20, 21, 27]","['V1', 'V2', 'V3', 'V4', 'V5', 'V6', 'V7', 'V8', 'V9', 'V10', 'V11', 'V12', 'V14', 'V16', 'V17', 'V18', 'V19', 'V20', 'V21', 'V27']"
CostSensitiveLearning_with_RandomUnderSampler___RandomizedSearchCV__niter_30__cv_5,1,6,MLA,resubstitution,285,17689,19,55,0.9958998226950354,0.9375,0.8382352941176471,0.8850931677018633,0.9989270386266095,0.0010729613733905241,0.9185811663721283,0.9150605990999974,0.8844460332142273,0.8830124791173799,0.9649708008344517,0.8704709384430005,22560,0.8863149622964857,0.010644262458751177,0.8895923285369622,0.0400339123987907,"{'classifier__estimator__ccp_alpha': np.float64(0.005275039881773684), 'classifier__estimator__max_depth': 16, 'classifier__estimator__max_features': 'log2', 'classifier__estimator__max_leaf_nodes': 4, 'classifier__estimator__min_impurity_decrease': np.float64(0.09359030561693325), 'classifier__estimator__min_samples_leaf': 3, 'classifier__estimator__min_samples_split': 6, 'classifier__max_features': np.float64(0.5139706536510842), 'classifier__max_samples': np.float64(0.8192614284974342), 'classifier__n_estimators': 213, 'feature_selection_filter__k': 26}",31.843825340270996,"[0, 1, 2, 3, 4, 5, 6, 7, 8, 9, 10, 11, 12, 14, 16, 17, 18, 19, 20, 21, 23, 24, 25, 27, 28, 29]","['Amount_log1p', 'V1', 'V2', 'V3', 'V4', 'V5', 'V6', 'V7', 'V8', 'V9', 'V10', 'V11', 'V12', 'V14', 'V16', 'V17', 'V18', 'V19', 'V20', 'V21', 'V23', 'V24', 'V25', 'V27', 'V28', 'Time_sin']"
CostSensitiveLearning_with_RandomUnderSampler___RandomizedSearchCV__niter_30__cv_5,1,7,MLA,resubstitution,281,17683,25,59,0.995345744680851,0.9183006535947712,0.8264705882352941,0.8699690402476781,0.9985882087192229,0.0014117912807770638,0.9125293984772584,0.9084623185718849,0.86885461784345,0.8676061887735212,0.9622953733108334,0.8461602999169808,22560,0.8809189230699251,0.0072672107945769004,0.8796753271027782,0.02828002800626481,"{'classifier__estimator__ccp_alpha': np.float64(0.004401864942317294), 'classifier__estimator__max_depth': 18, 'classifier__estimator__max_features': 'log2', 'classifier__estimator__max_leaf_nodes': 2, 'classifier__estimator__min_impurity_decrease': np.float64(0.0771969229798149), 'classifier__estimator__min_samples_leaf': 7, 'classifier__estimator__min_samples_split': 8, 'classifier__max_features': np.float64(0.9815389586634518), 'classifier__max_samples': np.float64(0.5897327062430766), 'classifier__n_estimators': 701, 'feature_selection_filter__k': 28}",37.817033767700195,"[0, 1, 2, 3, 4, 5, 6, 7, 8, 9, 10, 11, 12, 13, 14, 16, 17, 18, 19, 20, 21, 22, 24, 25, 27, 28, 29, 30]","['Amount_log1p', 'V1', 'V2', 'V3', 'V4', 'V5', 'V6', 'V7', 'V8', 'V9', 'V10', 'V11', 'V12', 'V13', 'V14', 'V16', 'V17', 'V18', 'V19', 'V20', 'V21', 'V22', 'V24', 'V25', 'V27', 'V28', 'Time_sin', 'Time_cos']"
CostSensitiveLearning_with_RandomUnderSampler___RandomizedSearchCV__niter_30__cv_5,1,8,MLA,resubstitution,289,17679,28,52,0.9955673758865248,0.9116719242902208,0.8475073313782991,0.878419452887538,0.9984187044671599,0.0015812955328401435,0.9229630179227295,0.9198734542431047,0.8767702980170831,0.876165048085706,0.9752138384226661,0.8714749535861486,22561,0.8811592033742528,0.00753273391475606,0.8787858518293301,0.01846095537905452,"{'classifier__estimator__ccp_alpha': np.float64(0.006340266857304928), 'classifier__estimator__max_depth': 4, 'classifier__estimator__max_features': 'log2', 'classifier__estimator__max_leaf_nodes': 2, 'classifier__estimator__min_impurity_decrease': np.float64(0.05686217582112443), 'classifier__estimator__min_samples_leaf': 7, 'classifier__estimator__min_samples_split': 9, 'classifier__max_features': np.float64(0.9585578427750815), 'classifier__max_samples': np.float64(0.8538104564650183), 'classifier__n_estimators': 450, 'feature_selection_filter__k': 24}",44.42187738418579,"[0, 1, 2, 3, 4, 5, 6, 7, 8, 9, 10, 11, 12, 14, 16, 17, 18, 19, 20, 21, 23, 27, 28, 29]","['Amount_log1p', 'V1', 'V2', 'V3', 'V4', 'V5', 'V6', 'V7', 'V8', 'V9', 'V10', 'V11', 'V12', 'V14', 'V16', 'V17', 'V18', 'V19', 'V20', 'V21', 'V23', 'V27', 'V28', 'Time_sin']"
CostSensitiveLearning_with_RandomUnderSampler___RandomizedSearchCV__niter_30__cv_5,1,9,MLA,resubstitution,284,17685,22,57,0.9956227836879432,0.9281045751633987,0.8328445747800587,0.8778979907264297,0.9987575535099114,0.0012424464900886445,0.915801064144985,0.9120360793090007,0.8770074337536725,0.8756760772504256,0.9641656372291423,0.8471237308133472,22561,0.874338181902537,0.009460556054796478,0.869776250880902,0.021575435646760236,"{'classifier__estimator__ccp_alpha': np.float64(0.009189621567851667), 'classifier__estimator__max_depth': 3, 'classifier__estimator__max_features': 'log2', 'classifier__estimator__max_leaf_nodes': 2, 'classifier__estimator__min_impurity_decrease': np.float64(0.03672839247247999), 'classifier__estimator__min_samples_leaf': 2, 'classifier__estimator__min_samples_split': 5, 'classifier__max_features': np.float64(0.5554153993389251), 'classifier__max_samples': np.float64(0.5850146123306676), 'classifier__n_estimators': 681, 'feature_selection_filter__k': 20}",41.187445878982544,"[1, 2, 3, 4, 5, 6, 7, 8, 9, 10, 11, 12, 14, 16, 17, 18, 19, 20, 21, 27]","['V1', 'V2', 'V3', 'V4', 'V5', 'V6', 'V7', 'V8', 'V9', 'V10', 'V11', 'V12', 'V14', 'V16', 'V17', 'V18', 'V19', 'V20', 'V21', 'V27']"
CostSensitiveLearning_with_RandomUnderSampler___RandomizedSearchCV__niter_30__cv_5,1,10,MLA,resubstitution,283,17673,34,58,0.9949024822695035,0.8927444794952681,0.8299120234604106,0.8601823708206687,0.9980798554244085,0.0019201445755915314,0.9139959394424095,0.9101200318586252,0.858182223555762,0.857589805298562,0.9637683259615173,0.8651959807201259,22561,0.8623824825327671,0.007170393662288197,0.8672801936988357,0.016693137197241192,"{'classifier__estimator__ccp_alpha': np.float64(0.004162563874873824), 'classifier__estimator__max_depth': 19, 'classifier__estimator__max_features': 'sqrt', 'classifier__estimator__max_leaf_nodes': 3, 'classifier__estimator__min_impurity_decrease': np.float64(0.08603773147207142), 'classifier__estimator__min_samples_leaf': 6, 'classifier__estimator__min_samples_split': 7, 'classifier__max_features': np.float64(0.7028798842241408), 'classifier__max_samples': np.float64(0.9540958663163741), 'classifier__n_estimators': 645, 'feature_selection_filter__k': 20}",41.74584650993347,"[1, 2, 3, 4, 5, 6, 7, 8, 9, 10, 11, 12, 14, 16, 17, 18, 19, 20, 21, 27]","['V1', 'V2', 'V3', 'V4', 'V5', 'V6', 'V7', 'V8', 'V9', 'V10', 'V11', 'V12', 'V14', 'V16', 'V17', 'V18', 'V19', 'V20', 'V21', 'V27']"
CostSensitiveLearning_with_RandomUnderSampler___RandomizedSearchCV__niter_30__cv_5,2,1,MLA,resubstitution,280,17686,21,61,0.9954565602836879,0.9302325581395349,0.8211143695014663,0.8722741433021807,0.9988140283503699,0.0011859716496300798,0.9099641989259182,0.9056161168718971,0.8717257783270702,0.8699704275363935,0.9631239993726488,0.8692356788844589,22560,0.8736128112403531,0.01289652910333087,0.87577840685389,0.04233203511590751,"{'classifier__estimator__ccp_alpha': np.float64(0.0037953303903767856), 'classifier__estimator__max_depth': 18, 'classifier__estimator__max_features': 'log2', 'classifier__estimator__max_leaf_nodes': 2, 'classifier__estimator__min_impurity_decrease': np.float64(0.02774982134389439), 'classifier__estimator__min_samples_leaf': 3, 'classifier__estimator__min_samples_split': 8, 'classifier__max_features': np.float64(0.707333126393286), 'classifier__max_samples': np.float64(0.6105927801942317), 'classifier__n_estimators': 471, 'feature_selection_filter__k': 20}",38.76147508621216,"[1, 2, 3, 4, 5, 6, 7, 8, 9, 10, 11, 12, 14, 16, 17, 18, 19, 20, 21, 27]","['V1', 'V2', 'V3', 'V4', 'V5', 'V6', 'V7', 'V8', 'V9', 'V10', 'V11', 'V12', 'V14', 'V16', 'V17', 'V18', 'V19', 'V20', 'V21', 'V27']"
CostSensitiveLearning_with_RandomUnderSampler___RandomizedSearchCV__niter_30__cv_5,2,2,MLA,resubstitution,283,17680,27,58,0.9952903368794326,0.9129032258064517,0.8299120234604106,0.869431643625192,0.9984751793076184,0.0015248206923815788,0.9141936013840145,0.9103002561980206,0.8680602949777275,0.8670390995601599,0.9635679313663417,0.8692158788552833,22560,0.8642789147153312,0.012190352010526085,0.8663811936257757,0.029778318334358764,"{'classifier__estimator__ccp_alpha': np.float64(0.008497603158089007), 'classifier__estimator__max_depth': 18, 'classifier__estimator__max_features': 'sqrt', 'classifier__estimator__max_leaf_nodes': 6, 'classifier__estimator__min_impurity_decrease': np.float64(0.08861075845259757), 'classifier__estimator__min_samples_leaf': 6, 'classifier__estimator__min_samples_split': 7, 'classifier__max_features': np.float64(0.5869177101501588), 'classifier__max_samples': np.float64(0.8638169491492074), 'classifier__n_estimators': 423, 'feature_selection_filter__k': 22}",37.171539545059204,"[1, 2, 3, 4, 5, 6, 7, 8, 9, 10, 11, 12, 14, 16, 17, 18, 19, 20, 21, 27, 28, 29]","['V1', 'V2', 'V3', 'V4', 'V5', 'V6', 'V7', 'V8', 'V9', 'V10', 'V11', 'V12', 'V14', 'V16', 'V17', 'V18', 'V19', 'V20', 'V21', 'V27', 'V28', 'Time_sin']"
CostSensitiveLearning_with_RandomUnderSampler___RandomizedSearchCV__niter_30__cv_5,2,3,MLA,resubstitution,276,17689,18,65,0.9954011524822695,0.9387755102040817,0.8093841642228738,0.8692913385826772,0.9989834528717456,0.0010165471282543859,0.9041838085473097,0.8992004154108685,0.8694343964146958,0.8669637899632432,0.9618348493488086,0.8441818651967928,22560,0.8676350350332797,0.0038782203132735403,0.8686777579863827,0.013116942380050896,"{'classifier__estimator__ccp_alpha': np.float64(0.0039069204079839525), 'classifier__estimator__max_depth': 13, 'classifier__estimator__max_features': 'log2', 'classifier__estimator__max_leaf_nodes': 2, 'classifier__estimator__min_impurity_decrease': np.float64(0.09807494410333134), 'classifier__estimator__min_samples_leaf': 4, 'classifier__estimator__min_samples_split': 8, 'classifier__max_features': np.float64(0.5881700691193159), 'classifier__max_samples': np.float64(0.5606283993193794), 'classifier__n_estimators': 258, 'feature_selection_filter__k': 28}",37.83397459983826,"[0, 1, 2, 3, 4, 5, 6, 7, 8, 9, 10, 11, 12, 13, 14, 16, 17, 18, 19, 20, 21, 23, 24, 25, 26, 27, 28, 29]","['Amount_log1p', 'V1', 'V2', 'V3', 'V4', 'V5', 'V6', 'V7', 'V8', 'V9', 'V10', 'V11', 'V12', 'V13', 'V14', 'V16', 'V17', 'V18', 'V19', 'V20', 'V21', 'V23', 'V24', 'V25', 'V26', 'V27', 'V28', 'Time_sin']"
CostSensitiveLearning_with_RandomUnderSampler___RandomizedSearchCV__niter_30__cv_5,2,4,MLA,resubstitution,286,17680,27,55,0.9954565602836879,0.9137380191693291,0.8387096774193549,0.8746177370030581,0.9984751793076184,0.0015248206923815788,0.9185924283634866,0.9151124496739869,0.8731387889080635,0.8723084168095637,0.9693124660177967,0.8511235457547717,22560,0.8722111666400683,0.006016593872522863,0.8712629669228568,0.02571945125524266,"{'classifier__estimator__ccp_alpha': np.float64(0.007808627946833988), 'classifier__estimator__max_depth': 7, 'classifier__estimator__max_features': 'sqrt', 'classifier__estimator__max_leaf_nodes': 2, 'classifier__estimator__min_impurity_decrease': np.float64(0.09093556447063052), 'classifier__estimator__min_samples_leaf': 8, 'classifier__estimator__min_samples_split': 6, 'classifier__max_features': np.float64(0.8775079249889064), 'classifier__max_samples': np.float64(0.5340916488488978), 'classifier__n_estimators': 329, 'feature_selection_filter__k': 28}",44.92361116409302,"[0, 1, 2, 3, 4, 5, 6, 7, 8, 9, 10, 11, 12, 13, 14, 16, 17, 18, 19, 20, 21, 22, 23, 24, 26, 27, 28, 29]","['Amount_log1p', 'V1', 'V2', 'V3', 'V4', 'V5', 'V6', 'V7', 'V8', 'V9', 'V10', 'V11', 'V12', 'V13', 'V14', 'V16', 'V17', 'V18', 'V19', 'V20', 'V21', 'V22', 'V23', 'V24', 'V26', 'V27', 'V28', 'Time_sin']"
CostSensitiveLearning_with_RandomUnderSampler___RandomizedSearchCV__niter_30__cv_5,2,5,MLA,resubstitution,288,17686,22,52,0.9958998226950354,0.9290322580645162,0.8470588235294118,0.8861538461538462,0.9987576236729162,0.001242376327083794,0.922908223601164,0.9197860934474991,0.8850487007653302,0.8840706919898614,0.9647748109860614,0.8710807324362677,22560,0.8839936243893257,0.010247031200308893,0.8801843910240799,0.018049608181685082,"{'classifier__estimator__ccp_alpha': np.float64(0.004348124973151565), 'classifier__estimator__max_depth': 5, 'classifier__estimator__max_features': 'sqrt', 'classifier__estimator__max_leaf_nodes': 2, 'classifier__estimator__min_impurity_decrease': np.float64(0.05276519550888901), 'classifier__estimator__min_samples_leaf': 1, 'classifier__estimator__min_samples_split': 7, 'classifier__max_features': np.float64(0.8460372908363902), 'classifier__max_samples': np.float64(0.5551033336171847), 'classifier__n_estimators': 260, 'feature_selection_filter__k': 24}",43.48352003097534,"[0, 1, 2, 3, 4, 5, 6, 7, 8, 9, 10, 11, 12, 14, 16, 17, 18, 19, 20, 21, 22, 27, 28, 29]","['Amount_log1p', 'V1', 'V2', 'V3', 'V4', 'V5', 'V6', 'V7', 'V8', 'V9', 'V10', 'V11', 'V12', 'V14', 'V16', 'V17', 'V18', 'V19', 'V20', 'V21', 'V22', 'V27', 'V28', 'Time_sin']"
CostSensitiveLearning_with_RandomUnderSampler___RandomizedSearchCV__niter_30__cv_5,2,6,MLA,resubstitution,284,17686,22,56,0.9956781914893617,0.9281045751633987,0.8352941176470589,0.8792569659442725,0.9987576236729162,0.001242376327083794,0.9170258706599875,0.9133763561693186,0.8783249262248393,0.8770628895754126,0.96239843407433,0.8629952913234837,22560,0.8783816814527304,0.008761806269178328,0.8726480858465454,0.022388529994058576,"{'classifier__estimator__ccp_alpha': np.float64(0.008663932160012424), 'classifier__estimator__max_depth': 8, 'classifier__estimator__max_features': 'sqrt', 'classifier__estimator__max_leaf_nodes': 2, 'classifier__estimator__min_impurity_decrease': np.float64(0.03335692813508847), 'classifier__estimator__min_samples_leaf': 1, 'classifier__estimator__min_samples_split': 8, 'classifier__max_features': np.float64(0.9971079075381862), 'classifier__max_samples': np.float64(0.9066487904281555), 'classifier__n_estimators': 324, 'feature_selection_filter__k': 28}",51.12917184829712,"[0, 1, 2, 3, 4, 5, 6, 7, 8, 9, 10, 11, 12, 13, 14, 16, 17, 18, 19, 20, 21, 22, 23, 24, 25, 27, 28, 29]","['Amount_log1p', 'V1', 'V2', 'V3', 'V4', 'V5', 'V6', 'V7', 'V8', 'V9', 'V10', 'V11', 'V12', 'V13', 'V14', 'V16', 'V17', 'V18', 'V19', 'V20', 'V21', 'V22', 'V23', 'V24', 'V25', 'V27', 'V28', 'Time_sin']"
CostSensitiveLearning_with_RandomUnderSampler___RandomizedSearchCV__niter_30__cv_5,2,7,MLA,resubstitution,284,17681,27,56,0.9954011524822695,0.9131832797427653,0.8352941176470589,0.8725038402457758,0.9984752654167608,0.0015247345832392067,0.9168846915319098,0.9132472369619883,0.8710636303534006,0.8701669161661076,0.9663069367118882,0.8630337260623602,22560,0.8740121109007004,0.008594917661051745,0.8812932855336513,0.012596525101593245,"{'classifier__estimator__ccp_alpha': np.float64(0.003974375696856146), 'classifier__estimator__max_depth': 13, 'classifier__estimator__max_features': 'sqrt', 'classifier__estimator__max_leaf_nodes': 2, 'classifier__estimator__min_impurity_decrease': np.float64(0.09412539220290125), 'classifier__estimator__min_samples_leaf': 8, 'classifier__estimator__min_samples_split': 9, 'classifier__max_features': np.float64(0.550669897308796), 'classifier__max_samples': np.float64(0.9205805632004045), 'classifier__n_estimators': 615, 'feature_selection_filter__k': 22}",36.495596408843994,"[1, 2, 3, 4, 5, 6, 7, 8, 9, 10, 11, 12, 14, 16, 17, 18, 19, 20, 21, 27, 28, 29]","['V1', 'V2', 'V3', 'V4', 'V5', 'V6', 'V7', 'V8', 'V9', 'V10', 'V11', 'V12', 'V14', 'V16', 'V17', 'V18', 'V19', 'V20', 'V21', 'V27', 'V28', 'Time_sin']"
CostSensitiveLearning_with_RandomUnderSampler___RandomizedSearchCV__niter_30__cv_5,2,8,MLA,resubstitution,284,17673,34,57,0.994957890070922,0.8930817610062893,0.8328445747800587,0.8619119878603946,0.9980798554244085,0.0019201445755915314,0.9154622151022336,0.9117265998025307,0.8598907620940426,0.8593472365098662,0.9717672998086977,0.8579740230524798,22561,0.8653017742430009,0.007669878243615544,0.8714916683230637,0.03473189594625911,"{'classifier__estimator__ccp_alpha': np.float64(0.008753952607224369), 'classifier__estimator__max_depth': 6, 'classifier__estimator__max_features': 'log2', 'classifier__estimator__max_leaf_nodes': 9, 'classifier__estimator__min_impurity_decrease': np.float64(0.0935166641420025), 'classifier__estimator__min_samples_leaf': 1, 'classifier__estimator__min_samples_split': 6, 'classifier__max_features': np.float64(0.9253317659993563), 'classifier__max_samples': np.float64(0.5395585406106215), 'classifier__n_estimators': 675, 'feature_selection_filter__k': 'all'}",40.43121552467346,"[0, 1, 2, 3, 4, 5, 6, 7, 8, 9, 10, 11, 12, 13, 14, 15, 16, 17, 18, 19, 20, 21, 22, 23, 24, 25, 26, 27, 28, 29, 30]","['Amount_log1p', 'V1', 'V2', 'V3', 'V4', 'V5', 'V6', 'V7', 'V8', 'V9', 'V10', 'V11', 'V12', 'V13', 'V14', 'V15', 'V16', 'V17', 'V18', 'V19', 'V20', 'V21', 'V22', 'V23', 'V24', 'V25', 'V26', 'V27', 'V28', 'Time_sin', 'Time_cos']"
CostSensitiveLearning_with_RandomUnderSampler___RandomizedSearchCV__niter_30__cv_5,2,9,MLA,resubstitution,286,17674,33,55,0.9951241134751773,0.896551724137931,0.8387096774193549,0.8666666666666667,0.998136330264867,0.0018636697351329667,0.918423003842111,0.914957157235783,0.8646846914333888,0.8641861270132123,0.9659638060862653,0.8652688562214605,22561,0.875876107644751,0.005500756645838342,0.878593767486778,0.03566810785800509,"{'classifier__estimator__ccp_alpha': np.float64(0.003093028474169337), 'classifier__estimator__max_depth': 3, 'classifier__estimator__max_features': 'log2', 'classifier__estimator__max_leaf_nodes': 9, 'classifier__estimator__min_impurity_decrease': np.float64(0.06919133769899048), 'classifier__estimator__min_samples_leaf': 6, 'classifier__estimator__min_samples_split': 8, 'classifier__max_features': np.float64(0.5090917856689499), 'classifier__max_samples': np.float64(0.500957322371404), 'classifier__n_estimators': 516, 'feature_selection_filter__k': 24}",44.825035095214844,"[1, 2, 3, 4, 5, 6, 7, 8, 9, 10, 11, 12, 14, 16, 17, 18, 19, 20, 21, 23, 24, 27, 28, 29]","['V1', 'V2', 'V3', 'V4', 'V5', 'V6', 'V7', 'V8', 'V9', 'V10', 'V11', 'V12', 'V14', 'V16', 'V17', 'V18', 'V19', 'V20', 'V21', 'V23', 'V24', 'V27', 'V28', 'Time_sin']"
CostSensitiveLearning_with_RandomUnderSampler___RandomizedSearchCV__niter_30__cv_5,2,10,MLA,resubstitution,285,17670,37,56,0.9948470744680851,0.8850931677018633,0.8357771260997068,0.8597285067873304,0.9979104309030327,0.0020895690969673364,0.9168437785013697,0.9132528193468973,0.8574715003968562,0.8571060307060484,0.9646711781396989,0.8548028290206324,22561,0.8686745241124985,0.011259303623379334,0.8652846196373286,0.035455774142211446,"{'classifier__estimator__ccp_alpha': np.float64(0.007343384434893865), 'classifier__estimator__max_depth': 4, 'classifier__estimator__max_features': 'sqrt', 'classifier__estimator__max_leaf_nodes': 2, 'classifier__estimator__min_impurity_decrease': np.float64(0.021106019774499187), 'classifier__estimator__min_samples_leaf': 3, 'classifier__estimator__min_samples_split': 8, 'classifier__max_features': np.float64(0.9014550609468958), 'classifier__max_samples': np.float64(0.8927401991612377), 'classifier__n_estimators': 341, 'feature_selection_filter__k': 28}",45.42755913734436,"[0, 1, 2, 3, 4, 5, 6, 7, 8, 9, 10, 11, 12, 14, 15, 16, 17, 18, 19, 20, 21, 22, 23, 24, 27, 28, 29, 30]","['Amount_log1p', 'V1', 'V2', 'V3', 'V4', 'V5', 'V6', 'V7', 'V8', 'V9', 'V10', 'V11', 'V12', 'V14', 'V15', 'V16', 'V17', 'V18', 'V19', 'V20', 'V21', 'V22', 'V23', 'V24', 'V27', 'V28', 'Time_sin', 'Time_cos']"
CostSensitiveLearning_with_RandomUnderSampler___RandomizedSearchCV__niter_30__cv_5,3,1,MLA,resubstitution,288,17680,27,53,0.9955673758865248,0.9142857142857143,0.844574780058651,0.8780487804878049,0.9984751793076184,0.0015248206923815788,0.9215249796831347,0.918306569157465,0.8765094666455712,0.8757950556480887,0.9643517889026774,0.8671263075009208,22560,0.8810307304707223,0.006719189792007296,0.8772542997864872,0.023040018196638045,"{'classifier__estimator__ccp_alpha': np.float64(0.002227386552670807), 'classifier__estimator__max_depth': 4, 'classifier__estimator__max_features': 'log2', 'classifier__estimator__max_leaf_nodes': 2, 'classifier__estimator__min_impurity_decrease': np.float64(0.027416303014425415), 'classifier__estimator__min_samples_leaf': 4, 'classifier__estimator__min_samples_split': 3, 'classifier__max_features': np.float64(0.6678143878909013), 'classifier__max_samples': np.float64(0.579340920150065), 'classifier__n_estimators': 416, 'feature_selection_filter__k': 28}",42.79434061050415,"[0, 1, 2, 3, 4, 5, 6, 7, 8, 9, 10, 11, 12, 14, 16, 17, 18, 19, 20, 21, 22, 23, 24, 25, 27, 28, 29, 30]","['Amount_log1p', 'V1', 'V2', 'V3', 'V4', 'V5', 'V6', 'V7', 'V8', 'V9', 'V10', 'V11', 'V12', 'V14', 'V16', 'V17', 'V18', 'V19', 'V20', 'V21', 'V22', 'V23', 'V24', 'V25', 'V27', 'V28', 'Time_sin', 'Time_cos']"
CostSensitiveLearning_with_RandomUnderSampler___RandomizedSearchCV__niter_30__cv_5,3,2,MLA,resubstitution,285,17689,18,56,0.9958998226950354,0.9405940594059405,0.8357771260997068,0.8850931677018633,0.9989834528717456,0.0010165471282543859,0.9173802894857261,0.9137436835690353,0.8846109250370302,0.8830132374280697,0.9621152361666866,0.8665164141958205,22560,0.8835843007843828,0.008497683226503794,0.8837163647227024,0.02380923083608602,"{'classifier__estimator__ccp_alpha': np.float64(0.0003658918774129583), 'classifier__estimator__max_depth': 11, 'classifier__estimator__max_features': 'log2', 'classifier__estimator__max_leaf_nodes': 2, 'classifier__estimator__min_impurity_decrease': np.float64(0.01646921784744524), 'classifier__estimator__min_samples_leaf': 5, 'classifier__estimator__min_samples_split': 8, 'classifier__max_features': np.float64(0.5380737730872337), 'classifier__max_samples': np.float64(0.7402905322469431), 'classifier__n_estimators': 538, 'feature_selection_filter__k': 26}",40.74168395996094,"[0, 1, 2, 3, 4, 5, 6, 7, 8, 9, 10, 11, 12, 14, 16, 17, 18, 19, 20, 21, 22, 23, 24, 27, 28, 29]","['Amount_log1p', 'V1', 'V2', 'V3', 'V4', 'V5', 'V6', 'V7', 'V8', 'V9', 'V10', 'V11', 'V12', 'V14', 'V16', 'V17', 'V18', 'V19', 'V20', 'V21', 'V22', 'V23', 'V24', 'V27', 'V28', 'Time_sin']"
CostSensitiveLearning_with_RandomUnderSampler___RandomizedSearchCV__niter_30__cv_5,3,3,MLA,resubstitution,281,17676,31,60,0.994957890070922,0.9006410256410257,0.8240469208211144,0.8606431852986217,0.9982492799457842,0.0017507200542158374,0.9111481003834493,0.9069753278624607,0.8589597818074312,0.8580808395031004,0.968237125433933,0.8552853447257595,22560,0.8760384217101723,0.009396744932395876,0.8701938948963303,0.023029160309468808,"{'classifier__estimator__ccp_alpha': np.float64(0.0032538188176461937), 'classifier__estimator__max_depth': 18, 'classifier__estimator__max_features': 'log2', 'classifier__estimator__max_leaf_nodes': 2, 'classifier__estimator__min_impurity_decrease': np.float64(0.08125945489088435), 'classifier__estimator__min_samples_leaf': 3, 'classifier__estimator__min_samples_split': 7, 'classifier__max_features': np.float64(0.8475354277522709), 'classifier__max_samples': np.float64(0.665935823882553), 'classifier__n_estimators': 485, 'feature_selection_filter__k': 'all'}",43.87647986412048,"[0, 1, 2, 3, 4, 5, 6, 7, 8, 9, 10, 11, 12, 13, 14, 15, 16, 17, 18, 19, 20, 21, 22, 23, 24, 25, 26, 27, 28, 29, 30]","['Amount_log1p', 'V1', 'V2', 'V3', 'V4', 'V5', 'V6', 'V7', 'V8', 'V9', 'V10', 'V11', 'V12', 'V13', 'V14', 'V15', 'V16', 'V17', 'V18', 'V19', 'V20', 'V21', 'V22', 'V23', 'V24', 'V25', 'V26', 'V27', 'V28', 'Time_sin', 'Time_cos']"
CostSensitiveLearning_with_RandomUnderSampler___RandomizedSearchCV__niter_30__cv_5,3,4,MLA,resubstitution,283,17679,28,58,0.9952349290780141,0.909967845659164,0.8299120234604106,0.8680981595092024,0.9984187044671599,0.0015812955328401435,0.9141653639637852,0.9102745120484602,0.8666289206103198,0.865677028010088,0.9655723741642015,0.8547282655409059,22560,0.8725170417740875,0.0065201289839368496,0.8713466909184653,0.02994202747247171,"{'classifier__estimator__ccp_alpha': np.float64(0.005571012064508489), 'classifier__estimator__max_depth': 18, 'classifier__estimator__max_features': 'log2', 'classifier__estimator__max_leaf_nodes': 6, 'classifier__estimator__min_impurity_decrease': np.float64(0.0981798639605756), 'classifier__estimator__min_samples_leaf': 5, 'classifier__estimator__min_samples_split': 5, 'classifier__max_features': np.float64(0.5407557955152452), 'classifier__max_samples': np.float64(0.6851519023863204), 'classifier__n_estimators': 827, 'feature_selection_filter__k': 'all'}",44.997814655303955,"[0, 1, 2, 3, 4, 5, 6, 7, 8, 9, 10, 11, 12, 13, 14, 15, 16, 17, 18, 19, 20, 21, 22, 23, 24, 25, 26, 27, 28, 29, 30]","['Amount_log1p', 'V1', 'V2', 'V3', 'V4', 'V5', 'V6', 'V7', 'V8', 'V9', 'V10', 'V11', 'V12', 'V13', 'V14', 'V15', 'V16', 'V17', 'V18', 'V19', 'V20', 'V21', 'V22', 'V23', 'V24', 'V25', 'V26', 'V27', 'V28', 'Time_sin', 'Time_cos']"
CostSensitiveLearning_with_RandomUnderSampler___RandomizedSearchCV__niter_30__cv_5,3,5,MLA,resubstitution,280,17684,24,60,0.995345744680851,0.9210526315789473,0.8235294117647058,0.8695652173913043,0.9986446803704541,0.0013553196295459369,0.91108704606758,0.9068700382014132,0.8686112429554239,0.8672033546737826,0.9639609548359664,0.850042221723564,22560,0.8700228833646604,0.008570445495116048,0.8692372689326178,0.039479599333635325,"{'classifier__estimator__ccp_alpha': np.float64(0.005576741270619672), 'classifier__estimator__max_depth': 5, 'classifier__estimator__max_features': 'sqrt', 'classifier__estimator__max_leaf_nodes': 2, 'classifier__estimator__min_impurity_decrease': np.float64(0.0903489032968205), 'classifier__estimator__min_samples_leaf': 9, 'classifier__estimator__min_samples_split': 2, 'classifier__max_features': np.float64(0.7695527371595337), 'classifier__max_samples': np.float64(0.8321637581704533), 'classifier__n_estimators': 925, 'feature_selection_filter__k': 20}",44.58811616897583,"[1, 2, 3, 4, 5, 6, 7, 8, 9, 10, 11, 12, 14, 16, 17, 18, 19, 20, 21, 27]","['V1', 'V2', 'V3', 'V4', 'V5', 'V6', 'V7', 'V8', 'V9', 'V10', 'V11', 'V12', 'V14', 'V16', 'V17', 'V18', 'V19', 'V20', 'V21', 'V27']"
CostSensitiveLearning_with_RandomUnderSampler___RandomizedSearchCV__niter_30__cv_5,3,6,MLA,resubstitution,276,17680,28,64,0.9949024822695035,0.9078947368421053,0.8117647058823529,0.8571428571428571,0.9984187937655297,0.0015812062344703337,0.9050917498239412,0.9002672594671478,0.8559434107483812,0.8545560551189049,0.9606519652134629,0.8354698249894916,22560,0.8571368405446679,0.005938171074884364,0.8582818399843649,0.020386518367950492,"{'classifier__estimator__ccp_alpha': np.float64(0.007299405570626448), 'classifier__estimator__max_depth': 17, 'classifier__estimator__max_features': 'sqrt', 'classifier__estimator__max_leaf_nodes': 2, 'classifier__estimator__min_impurity_decrease': np.float64(0.025214679641823903), 'classifier__estimator__min_samples_leaf': 1, 'classifier__estimator__min_samples_split': 6, 'classifier__max_features': np.float64(0.7649047412255986), 'classifier__max_samples': np.float64(0.6740374725957935), 'classifier__n_estimators': 967, 'feature_selection_filter__k': 26}",51.92748498916626,"[0, 1, 2, 3, 4, 5, 6, 7, 8, 9, 10, 11, 12, 14, 16, 17, 18, 19, 20, 21, 22, 24, 25, 27, 28, 29]","['Amount_log1p', 'V1', 'V2', 'V3', 'V4', 'V5', 'V6', 'V7', 'V8', 'V9', 'V10', 'V11', 'V12', 'V14', 'V16', 'V17', 'V18', 'V19', 'V20', 'V21', 'V22', 'V24', 'V25', 'V27', 'V28', 'Time_sin']"
CostSensitiveLearning_with_RandomUnderSampler___RandomizedSearchCV__niter_30__cv_5,3,7,MLA,resubstitution,278,17689,19,62,0.9955119680851063,0.936026936026936,0.8176470588235294,0.8728414442700158,0.9989270386266095,0.0010729613733905241,0.9082870487250694,0.9037531494342609,0.8726300776030682,0.8705677111997433,0.9674204247996916,0.8485863027176084,22560,0.8751380360118037,0.011303027054773774,0.8711676534060254,0.0374851861287037,"{'classifier__estimator__ccp_alpha': np.float64(0.00415953055418054), 'classifier__estimator__max_depth': 15, 'classifier__estimator__max_features': 'log2', 'classifier__estimator__max_leaf_nodes': 2, 'classifier__estimator__min_impurity_decrease': np.float64(0.09516974476809718), 'classifier__estimator__min_samples_leaf': 1, 'classifier__estimator__min_samples_split': 6, 'classifier__max_features': np.float64(0.5683593403951439), 'classifier__max_samples': np.float64(0.5244578133241158), 'classifier__n_estimators': 206, 'feature_selection_filter__k': 28}",44.013432025909424,"[0, 1, 2, 3, 4, 5, 6, 7, 8, 9, 10, 11, 12, 13, 14, 15, 16, 17, 18, 19, 20, 21, 23, 24, 27, 28, 29, 30]","['Amount_log1p', 'V1', 'V2', 'V3', 'V4', 'V5', 'V6', 'V7', 'V8', 'V9', 'V10', 'V11', 'V12', 'V13', 'V14', 'V15', 'V16', 'V17', 'V18', 'V19', 'V20', 'V21', 'V23', 'V24', 'V27', 'V28', 'Time_sin', 'Time_cos']"
CostSensitiveLearning_with_RandomUnderSampler___RandomizedSearchCV__niter_30__cv_5,3,8,MLA,resubstitution,286,17680,27,55,0.9954565602836879,0.9137380191693291,0.8387096774193549,0.8746177370030581,0.9984751793076184,0.0015248206923815788,0.9185924283634866,0.9151124496739869,0.8731387889080635,0.8723084168095637,0.9676921680658129,0.8699205930971569,22561,0.8686219218199038,0.011607922615745423,0.8640508435267273,0.026698651155530783,"{'classifier__estimator__ccp_alpha': np.float64(0.002375561678152992), 'classifier__estimator__max_depth': 17, 'classifier__estimator__max_features': 'log2', 'classifier__estimator__max_leaf_nodes': 2, 'classifier__estimator__min_impurity_decrease': np.float64(0.04760722626450138), 'classifier__estimator__min_samples_leaf': 3, 'classifier__estimator__min_samples_split': 8, 'classifier__max_features': np.float64(0.5468576216581333), 'classifier__max_samples': np.float64(0.7288583480241967), 'classifier__n_estimators': 537, 'feature_selection_filter__k': 20}",45.02020192146301,"[1, 2, 3, 4, 5, 6, 7, 8, 9, 10, 11, 12, 14, 16, 17, 18, 19, 20, 21, 27]","['V1', 'V2', 'V3', 'V4', 'V5', 'V6', 'V7', 'V8', 'V9', 'V10', 'V11', 'V12', 'V14', 'V16', 'V17', 'V18', 'V19', 'V20', 'V21', 'V27']"
CostSensitiveLearning_with_RandomUnderSampler___RandomizedSearchCV__niter_30__cv_5,3,9,MLA,resubstitution,291,17681,26,50,0.9957890070921985,0.917981072555205,0.8533724340175953,0.8844984802431611,0.998531654148077,0.0014683458519230141,0.9259520440828362,0.923103129744429,0.8829663228375234,0.8823567956814207,0.9707743528703712,0.8636609326712679,22561,0.8870949472607098,0.007377855143302039,0.8794023004858917,0.020297393699292742,"{'classifier__estimator__ccp_alpha': np.float64(0.0009797120762485767), 'classifier__estimator__max_depth': 18, 'classifier__estimator__max_features': 'log2', 'classifier__estimator__max_leaf_nodes': 2, 'classifier__estimator__min_impurity_decrease': np.float64(0.04774080540909945), 'classifier__estimator__min_samples_leaf': 1, 'classifier__estimator__min_samples_split': 7, 'classifier__max_features': np.float64(0.8723856979940057), 'classifier__max_samples': np.float64(0.6929753408098775), 'classifier__n_estimators': 349, 'feature_selection_filter__k': 24}",39.39953351020813,"[0, 1, 2, 3, 4, 5, 6, 7, 8, 9, 10, 11, 12, 14, 16, 17, 18, 19, 20, 21, 24, 27, 28, 29]","['Amount_log1p', 'V1', 'V2', 'V3', 'V4', 'V5', 'V6', 'V7', 'V8', 'V9', 'V10', 'V11', 'V12', 'V14', 'V16', 'V17', 'V18', 'V19', 'V20', 'V21', 'V24', 'V27', 'V28', 'Time_sin']"
CostSensitiveLearning_with_RandomUnderSampler___RandomizedSearchCV__niter_30__cv_5,3,10,MLA,resubstitution,282,17685,22,59,0.9955119680851063,0.9276315789473685,0.8269794721407625,0.8744186046511628,0.9987575535099114,0.0012424464900886445,0.9128685128253369,0.9088190108037055,0.8736327085486201,0.8721414157810922,0.97117928244492,0.8543010421845232,22561,0.8830750512989919,0.0049685148905128625,0.8863665058600416,0.008399707613929008,"{'classifier__estimator__ccp_alpha': np.float64(0.004028608814188221), 'classifier__estimator__max_depth': 13, 'classifier__estimator__max_features': 'sqrt', 'classifier__estimator__max_leaf_nodes': 2, 'classifier__estimator__min_impurity_decrease': np.float64(0.053041128582976986), 'classifier__estimator__min_samples_leaf': 6, 'classifier__estimator__min_samples_split': 4, 'classifier__max_features': np.float64(0.5307875495168753), 'classifier__max_samples': np.float64(0.5750744076471939), 'classifier__n_estimators': 613, 'feature_selection_filter__k': 28}",45.614421367645264,"[0, 1, 2, 3, 4, 5, 6, 7, 8, 9, 10, 11, 12, 14, 16, 17, 18, 19, 20, 21, 22, 24, 25, 26, 27, 28, 29, 30]","['Amount_log1p', 'V1', 'V2', 'V3', 'V4', 'V5', 'V6', 'V7', 'V8', 'V9', 'V10', 'V11', 'V12', 'V14', 'V16', 'V17', 'V18', 'V19', 'V20', 'V21', 'V22', 'V24', 'V25', 'V26', 'V27', 'V28', 'Time_sin', 'Time_cos']"
CostSensitiveLearning_with_RandomUnderSampler___RandomizedSearchCV__niter_30__cv_5,4,1,MLA,resubstitution,281,17681,26,60,0.9952349290780141,0.9153094462540716,0.8240469208211144,0.8672839506172839,0.998531654148077,0.0014683458519230141,0.9112892874845957,0.9071035965881388,0.8661016003273853,0.8648646624985961,0.9653947516821139,0.8469653742438895,22560,0.8697640277693217,0.006698757872460593,0.8638246728940159,0.016416845377104288,"{'classifier__estimator__ccp_alpha': np.float64(0.002274217585379018), 'classifier__estimator__max_depth': 16, 'classifier__estimator__max_features': 'sqrt', 'classifier__estimator__max_leaf_nodes': 2, 'classifier__estimator__min_impurity_decrease': np.float64(0.09469742025858337), 'classifier__estimator__min_samples_leaf': 5, 'classifier__estimator__min_samples_split': 9, 'classifier__max_features': np.float64(0.6510345171557794), 'classifier__max_samples': np.float64(0.8498760424926937), 'classifier__n_estimators': 922, 'feature_selection_filter__k': 26}",45.742698192596436,"[0, 1, 2, 3, 4, 5, 6, 7, 8, 9, 10, 11, 12, 14, 16, 17, 18, 19, 20, 21, 23, 24, 26, 27, 28, 29]","['Amount_log1p', 'V1', 'V2', 'V3', 'V4', 'V5', 'V6', 'V7', 'V8', 'V9', 'V10', 'V11', 'V12', 'V14', 'V16', 'V17', 'V18', 'V19', 'V20', 'V21', 'V23', 'V24', 'V26', 'V27', 'V28', 'Time_sin']"
CostSensitiveLearning_with_RandomUnderSampler___RandomizedSearchCV__niter_30__cv_5,4,2,MLA,resubstitution,279,17676,31,62,0.9948470744680851,0.9,0.8181818181818182,0.8571428571428571,0.9982492799457842,0.0017507200542158374,0.9082155490638012,0.903741893941369,0.8555315889737315,0.8545251324599397,0.9660389954632983,0.8467621444953809,22560,0.8614877376195939,0.0102988282408521,0.8585651323545171,0.03269657800670261,"{'classifier__estimator__ccp_alpha': np.float64(0.004397309115540877), 'classifier__estimator__max_depth': 6, 'classifier__estimator__max_features': 'sqrt', 'classifier__estimator__max_leaf_nodes': 2, 'classifier__estimator__min_impurity_decrease': np.float64(0.05251967476059836), 'classifier__estimator__min_samples_leaf': 7, 'classifier__estimator__min_samples_split': 3, 'classifier__max_features': np.float64(0.9132623753843158), 'classifier__max_samples': np.float64(0.6481874855488698), 'classifier__n_estimators': 468, 'feature_selection_filter__k': 22}",48.43819046020508,"[1, 2, 3, 4, 5, 6, 7, 8, 9, 10, 11, 12, 14, 16, 17, 18, 19, 20, 21, 27, 28, 29]","['V1', 'V2', 'V3', 'V4', 'V5', 'V6', 'V7', 'V8', 'V9', 'V10', 'V11', 'V12', 'V14', 'V16', 'V17', 'V18', 'V19', 'V20', 'V21', 'V27', 'V28', 'Time_sin']"
CostSensitiveLearning_with_RandomUnderSampler___RandomizedSearchCV__niter_30__cv_5,4,3,MLA,resubstitution,277,17675,32,64,0.9946808510638298,0.8964401294498382,0.8123167155425219,0.8523076923076923,0.9981928051053256,0.001807194894674402,0.9052547603239238,0.9004713770694407,0.8506756414148519,0.8496060314247814,0.9610263151226539,0.8425712366491431,22560,0.8494699364198273,0.014024862687241147,0.8462914448735344,0.030939183238700225,"{'classifier__estimator__ccp_alpha': np.float64(0.0038362868625784474), 'classifier__estimator__max_depth': 6, 'classifier__estimator__max_features': 'sqrt', 'classifier__estimator__max_leaf_nodes': 2, 'classifier__estimator__min_impurity_decrease': np.float64(0.09028293024632154), 'classifier__estimator__min_samples_leaf': 6, 'classifier__estimator__min_samples_split': 7, 'classifier__max_features': np.float64(0.8325784953986948), 'classifier__max_samples': np.float64(0.6522775757615865), 'classifier__n_estimators': 730, 'feature_selection_filter__k': 28}",44.47021412849426,"[0, 1, 2, 3, 4, 5, 6, 7, 8, 9, 10, 11, 12, 14, 16, 17, 18, 19, 20, 21, 23, 24, 25, 26, 27, 28, 29, 30]","['Amount_log1p', 'V1', 'V2', 'V3', 'V4', 'V5', 'V6', 'V7', 'V8', 'V9', 'V10', 'V11', 'V12', 'V14', 'V16', 'V17', 'V18', 'V19', 'V20', 'V21', 'V23', 'V24', 'V25', 'V26', 'V27', 'V28', 'Time_sin', 'Time_cos']"
CostSensitiveLearning_with_RandomUnderSampler___RandomizedSearchCV__niter_30__cv_5,4,4,MLA,resubstitution,285,17689,18,56,0.9958998226950354,0.9405940594059405,0.8357771260997068,0.8850931677018633,0.9989834528717456,0.0010165471282543859,0.9173802894857261,0.9137436835690353,0.8846109250370302,0.8830132374280697,0.9660047958898241,0.8774808703337581,22560,0.8812796341388387,0.00903616371743313,0.886849664162944,0.03060018120281555,"{'classifier__estimator__ccp_alpha': np.float64(0.0033529270527529187), 'classifier__estimator__max_depth': 9, 'classifier__estimator__max_features': 'log2', 'classifier__estimator__max_leaf_nodes': 14, 'classifier__estimator__min_impurity_decrease': np.float64(0.0908505010614647), 'classifier__estimator__min_samples_leaf': 8, 'classifier__estimator__min_samples_split': 8, 'classifier__max_features': np.float64(0.7733319432375388), 'classifier__max_samples': np.float64(0.7441022331942475), 'classifier__n_estimators': 538, 'feature_selection_filter__k': 20}",39.6343195438385,"[1, 2, 3, 4, 5, 6, 7, 8, 9, 10, 11, 12, 14, 16, 17, 18, 19, 20, 21, 27]","['V1', 'V2', 'V3', 'V4', 'V5', 'V6', 'V7', 'V8', 'V9', 'V10', 'V11', 'V12', 'V14', 'V16', 'V17', 'V18', 'V19', 'V20', 'V21', 'V27']"
CostSensitiveLearning_with_RandomUnderSampler___RandomizedSearchCV__niter_30__cv_5,4,5,MLA,resubstitution,286,17680,28,54,0.9954565602836879,0.910828025477707,0.8411764705882353,0.8746177370030581,0.9984187937655297,0.0015812062344703337,0.9197976321768825,0.9164313379128037,0.8730236713126,0.872307821863779,0.9715198514463387,0.8591022826754359,22560,0.8742944930542406,0.00858220595455198,0.8737926231411054,0.019494907145809495,"{'classifier__estimator__ccp_alpha': np.float64(0.004660323771262082), 'classifier__estimator__max_depth': 4, 'classifier__estimator__max_features': 'log2', 'classifier__estimator__max_leaf_nodes': 2, 'classifier__estimator__min_impurity_decrease': np.float64(0.09112906302966231), 'classifier__estimator__min_samples_leaf': 4, 'classifier__estimator__min_samples_split': 8, 'classifier__max_features': np.float64(0.9211295604407026), 'classifier__max_samples': np.float64(0.8739213193119757), 'classifier__n_estimators': 445, 'feature_selection_filter__k': 26}",42.145711183547974,"[0, 1, 2, 3, 4, 5, 6, 7, 8, 9, 10, 11, 12, 14, 16, 17, 18, 19, 20, 21, 22, 23, 24, 27, 28, 29]","['Amount_log1p', 'V1', 'V2', 'V3', 'V4', 'V5', 'V6', 'V7', 'V8', 'V9', 'V10', 'V11', 'V12', 'V14', 'V16', 'V17', 'V18', 'V19', 'V20', 'V21', 'V22', 'V23', 'V24', 'V27', 'V28', 'Time_sin']"
CostSensitiveLearning_with_RandomUnderSampler___RandomizedSearchCV__niter_30__cv_5,4,6,MLA,resubstitution,287,17682,26,53,0.9956227836879432,0.9169329073482428,0.8441176470588235,0.8790199081163859,0.9985317370679919,0.0014682629320080798,0.9213246920634077,0.9180840159851348,0.8775732116173472,0.8767948578803688,0.9672841454178236,0.8684048728005309,22560,0.8804966542526774,0.0077363072176266055,0.8828010344997279,0.019155586391268353,"{'classifier__estimator__ccp_alpha': np.float64(0.0020287381291950023), 'classifier__estimator__max_depth': 9, 'classifier__estimator__max_features': 'log2', 'classifier__estimator__max_leaf_nodes': 2, 'classifier__estimator__min_impurity_decrease': np.float64(0.054881161932006796), 'classifier__estimator__min_samples_leaf': 6, 'classifier__estimator__min_samples_split': 9, 'classifier__max_features': np.float64(0.7545213297236146), 'classifier__max_samples': np.float64(0.7321691350874402), 'classifier__n_estimators': 738, 'feature_selection_filter__k': 28}",37.47243571281433,"[0, 1, 2, 3, 4, 5, 6, 7, 8, 9, 10, 11, 12, 14, 16, 17, 18, 19, 20, 21, 22, 24, 25, 26, 27, 28, 29, 30]","['Amount_log1p', 'V1', 'V2', 'V3', 'V4', 'V5', 'V6', 'V7', 'V8', 'V9', 'V10', 'V11', 'V12', 'V14', 'V16', 'V17', 'V18', 'V19', 'V20', 'V21', 'V22', 'V24', 'V25', 'V26', 'V27', 'V28', 'Time_sin', 'Time_cos']"
CostSensitiveLearning_with_RandomUnderSampler___RandomizedSearchCV__niter_30__cv_5,4,7,MLA,resubstitution,285,17685,23,55,0.9956781914893617,0.9253246753246753,0.8382352941176471,0.8796296296296297,0.9987011520216851,0.001298847978314921,0.9184682230696661,0.9149571322748024,0.8785460484463316,0.8774346872762429,0.9669233081757664,0.8733522804882791,22560,0.8803746547772011,0.010192480165273583,0.8819076130159964,0.03428807906815283,"{'classifier__estimator__ccp_alpha': np.float64(0.007423389402466962), 'classifier__estimator__max_depth': 8, 'classifier__estimator__max_features': 'sqrt', 'classifier__estimator__max_leaf_nodes': 2, 'classifier__estimator__min_impurity_decrease': np.float64(0.06024442804376773), 'classifier__estimator__min_samples_leaf': 7, 'classifier__estimator__min_samples_split': 5, 'classifier__max_features': np.float64(0.6875390611664675), 'classifier__max_samples': np.float64(0.5764606788195066), 'classifier__n_estimators': 275, 'feature_selection_filter__k': 20}",40.89094591140747,"[1, 2, 3, 4, 5, 6, 7, 8, 9, 10, 11, 12, 14, 16, 17, 18, 19, 20, 21, 27]","['V1', 'V2', 'V3', 'V4', 'V5', 'V6', 'V7', 'V8', 'V9', 'V10', 'V11', 'V12', 'V14', 'V16', 'V17', 'V18', 'V19', 'V20', 'V21', 'V27']"
CostSensitiveLearning_with_RandomUnderSampler___RandomizedSearchCV__niter_30__cv_5,4,8,MLA,resubstitution,280,17687,20,61,0.9955119680851063,0.9333333333333333,0.8211143695014663,0.8736349453978159,0.9988705031908285,0.0011294968091715152,0.9099924363461473,0.9056417191368502,0.8732129870635081,0.8713598742996408,0.9646811978694577,0.8643202462755619,22561,0.8711393068770894,0.00304477427043591,0.8674548126328359,0.00694875965743376,"{'classifier__estimator__ccp_alpha': np.float64(0.007499699268879412), 'classifier__estimator__max_depth': 6, 'classifier__estimator__max_features': 'log2', 'classifier__estimator__max_leaf_nodes': 2, 'classifier__estimator__min_impurity_decrease': np.float64(0.059917706306668816), 'classifier__estimator__min_samples_leaf': 3, 'classifier__estimator__min_samples_split': 3, 'classifier__max_features': np.float64(0.5991508196846427), 'classifier__max_samples': np.float64(0.5021231614857518), 'classifier__n_estimators': 435, 'feature_selection_filter__k': 20}",43.89018893241882,"[1, 2, 3, 4, 5, 6, 7, 8, 9, 10, 11, 12, 14, 16, 17, 18, 19, 20, 21, 27]","['V1', 'V2', 'V3', 'V4', 'V5', 'V6', 'V7', 'V8', 'V9', 'V10', 'V11', 'V12', 'V14', 'V16', 'V17', 'V18', 'V19', 'V20', 'V21', 'V27']"
CostSensitiveLearning_with_RandomUnderSampler___RandomizedSearchCV__niter_30__cv_5,4,9,MLA,resubstitution,282,17675,32,59,0.994957890070922,0.8980891719745223,0.8269794721407625,0.8610687022900764,0.9981928051053256,0.001807194894674402,0.912586138623044,0.908562028185588,0.859263048437406,0.8585054980955076,0.9676663320684182,0.8510819489303166,22561,0.8722418779527897,0.006930149363882503,0.869830038572806,0.02532173306440827,"{'classifier__estimator__ccp_alpha': np.float64(0.0019181907158547008), 'classifier__estimator__max_depth': 17, 'classifier__estimator__max_features': 'sqrt', 'classifier__estimator__max_leaf_nodes': 2, 'classifier__estimator__min_impurity_decrease': np.float64(0.015143286775375698), 'classifier__estimator__min_samples_leaf': 6, 'classifier__estimator__min_samples_split': 7, 'classifier__max_features': np.float64(0.7502082689557178), 'classifier__max_samples': np.float64(0.674029420719344), 'classifier__n_estimators': 826, 'feature_selection_filter__k': 'all'}",44.50069069862366,"[0, 1, 2, 3, 4, 5, 6, 7, 8, 9, 10, 11, 12, 13, 14, 15, 16, 17, 18, 19, 20, 21, 22, 23, 24, 25, 26, 27, 28, 29, 30]","['Amount_log1p', 'V1', 'V2', 'V3', 'V4', 'V5', 'V6', 'V7', 'V8', 'V9', 'V10', 'V11', 'V12', 'V13', 'V14', 'V15', 'V16', 'V17', 'V18', 'V19', 'V20', 'V21', 'V22', 'V23', 'V24', 'V25', 'V26', 'V27', 'V28', 'Time_sin', 'Time_cos']"
CostSensitiveLearning_with_RandomUnderSampler___RandomizedSearchCV__niter_30__cv_5,4,10,MLA,resubstitution,280,17674,33,61,0.9947916666666666,0.8945686900958466,0.8211143695014663,0.8562691131498471,0.998136330264867,0.0018636697351329667,0.9096253498831667,0.9053088332176725,0.8544344275440511,0.8536218436597438,0.9632857227794167,0.8382051843845383,22561,0.8642474624196262,0.009159291433326637,0.857721206338191,0.02747573545778444,"{'classifier__estimator__ccp_alpha': np.float64(0.002679841468862566), 'classifier__estimator__max_depth': 13, 'classifier__estimator__max_features': 'log2', 'classifier__estimator__max_leaf_nodes': 2, 'classifier__estimator__min_impurity_decrease': np.float64(0.07571945692251451), 'classifier__estimator__min_samples_leaf': 8, 'classifier__estimator__min_samples_split': 8, 'classifier__max_features': np.float64(0.828537278664976), 'classifier__max_samples': np.float64(0.627091016606613), 'classifier__n_estimators': 213, 'feature_selection_filter__k': 28}",40.26903057098389,"[0, 1, 2, 3, 4, 5, 6, 7, 8, 9, 10, 11, 12, 13, 14, 16, 17, 18, 19, 20, 21, 23, 24, 25, 27, 28, 29, 30]","['Amount_log1p', 'V1', 'V2', 'V3', 'V4', 'V5', 'V6', 'V7', 'V8', 'V9', 'V10', 'V11', 'V12', 'V13', 'V14', 'V16', 'V17', 'V18', 'V19', 'V20', 'V21', 'V23', 'V24', 'V25', 'V27', 'V28', 'Time_sin', 'Time_cos']"
CostSensitiveLearning_with_RandomUnderSampler___RandomizedSearchCV__niter_30__cv_5,5,1,MLA,resubstitution,289,17685,22,52,0.9958998226950354,0.9292604501607717,0.8475073313782991,0.8865030674846626,0.9987575535099114,0.0012424464900886445,0.9231324424441052,0.9200295369547131,0.8853922702783216,0.88441976828775,0.9717114874297108,0.8790583607363667,22560,0.8954804461466237,0.005191569168144436,0.89349652540442,0.019502075259817418,"{'classifier__estimator__ccp_alpha': np.float64(0.0068769665477755905), 'classifier__estimator__max_depth': 8, 'classifier__estimator__max_features': 'sqrt', 'classifier__estimator__max_leaf_nodes': 2, 'classifier__estimator__min_impurity_decrease': np.float64(0.008090862603670469), 'classifier__estimator__min_samples_leaf': 7, 'classifier__estimator__min_samples_split': 2, 'classifier__max_features': np.float64(0.7479139531184098), 'classifier__max_samples': np.float64(0.6385874241659976), 'classifier__n_estimators': 755, 'feature_selection_filter__k': 26}",44.1621880531311,"[0, 1, 2, 3, 4, 5, 6, 7, 8, 9, 10, 11, 12, 14, 16, 17, 18, 19, 20, 21, 22, 24, 26, 27, 28, 29]","['Amount_log1p', 'V1', 'V2', 'V3', 'V4', 'V5', 'V6', 'V7', 'V8', 'V9', 'V10', 'V11', 'V12', 'V14', 'V16', 'V17', 'V18', 'V19', 'V20', 'V21', 'V22', 'V24', 'V26', 'V27', 'V28', 'Time_sin']"
CostSensitiveLearning_with_RandomUnderSampler___RandomizedSearchCV__niter_30__cv_5,5,2,MLA,resubstitution,276,17669,38,65,0.9942929964539007,0.8789808917197452,0.8093841642228738,0.8427480916030534,0.9978539560625741,0.002146043937425901,0.903619060142724,0.8986919328914635,0.8405879683285783,0.8398468824597503,0.9602674655068733,0.8382290726619331,22560,0.8468363535001554,0.0159172596350696,0.8525194542454558,0.037602940439997,"{'classifier__estimator__ccp_alpha': np.float64(0.002570424271051399), 'classifier__estimator__max_depth': 11, 'classifier__estimator__max_features': 'log2', 'classifier__estimator__max_leaf_nodes': 2, 'classifier__estimator__min_impurity_decrease': np.float64(0.09068535028184238), 'classifier__estimator__min_samples_leaf': 4, 'classifier__estimator__min_samples_split': 6, 'classifier__max_features': np.float64(0.5391028201456523), 'classifier__max_samples': np.float64(0.6928581945104005), 'classifier__n_estimators': 116, 'feature_selection_filter__k': 'all'}",42.78837180137634,"[0, 1, 2, 3, 4, 5, 6, 7, 8, 9, 10, 11, 12, 13, 14, 15, 16, 17, 18, 19, 20, 21, 22, 23, 24, 25, 26, 27, 28, 29, 30]","['Amount_log1p', 'V1', 'V2', 'V3', 'V4', 'V5', 'V6', 'V7', 'V8', 'V9', 'V10', 'V11', 'V12', 'V13', 'V14', 'V15', 'V16', 'V17', 'V18', 'V19', 'V20', 'V21', 'V22', 'V23', 'V24', 'V25', 'V26', 'V27', 'V28', 'Time_sin', 'Time_cos']"
CostSensitiveLearning_with_RandomUnderSampler___RandomizedSearchCV__niter_30__cv_5,5,3,MLA,resubstitution,289,17677,30,52,0.9954565602836879,0.9059561128526645,0.8475073313782991,0.8757575757575757,0.9983057547862427,0.0016942452137572728,0.9229065430822709,0.9198214207869304,0.8739500705086514,0.873446163807766,0.9739901892768357,0.8828301983044473,22560,0.8660440309067681,0.010768279067794482,0.8741050844562187,0.016279610980098808,"{'classifier__estimator__ccp_alpha': np.float64(0.00712113264453091), 'classifier__estimator__max_depth': 18, 'classifier__estimator__max_features': 'log2', 'classifier__estimator__max_leaf_nodes': 18, 'classifier__estimator__min_impurity_decrease': np.float64(0.07836846822208403), 'classifier__estimator__min_samples_leaf': 2, 'classifier__estimator__min_samples_split': 3, 'classifier__max_features': np.float64(0.5197276160718266), 'classifier__max_samples': np.float64(0.8661739689907226), 'classifier__n_estimators': 279, 'feature_selection_filter__k': 'all'}",42.73446536064148,"[0, 1, 2, 3, 4, 5, 6, 7, 8, 9, 10, 11, 12, 13, 14, 15, 16, 17, 18, 19, 20, 21, 22, 23, 24, 25, 26, 27, 28, 29, 30]","['Amount_log1p', 'V1', 'V2', 'V3', 'V4', 'V5', 'V6', 'V7', 'V8', 'V9', 'V10', 'V11', 'V12', 'V13', 'V14', 'V15', 'V16', 'V17', 'V18', 'V19', 'V20', 'V21', 'V22', 'V23', 'V24', 'V25', 'V26', 'V27', 'V28', 'Time_sin', 'Time_cos']"
CostSensitiveLearning_with_RandomUnderSampler___RandomizedSearchCV__niter_30__cv_5,5,4,MLA,resubstitution,282,17685,22,59,0.9955119680851063,0.9276315789473685,0.8269794721407625,0.8744186046511628,0.9987575535099114,0.0012424464900886445,0.9128685128253369,0.9088190108037055,0.8736327085486201,0.8721414157810922,0.9659212429367116,0.8588792737166062,22560,0.8749188485121462,0.00859937501894809,0.8701935022315096,0.024553085225252208,"{'classifier__estimator__ccp_alpha': np.float64(0.008157842936269201), 'classifier__estimator__max_depth': 16, 'classifier__estimator__max_features': 'sqrt', 'classifier__estimator__max_leaf_nodes': 2, 'classifier__estimator__min_impurity_decrease': np.float64(0.0626778031115384), 'classifier__estimator__min_samples_leaf': 7, 'classifier__estimator__min_samples_split': 4, 'classifier__max_features': np.float64(0.5998598737266418), 'classifier__max_samples': np.float64(0.999737910976463), 'classifier__n_estimators': 982, 'feature_selection_filter__k': 24}",53.533568143844604,"[0, 1, 2, 3, 4, 5, 6, 7, 8, 9, 10, 11, 12, 14, 16, 17, 18, 19, 20, 21, 24, 27, 28, 29]","['Amount_log1p', 'V1', 'V2', 'V3', 'V4', 'V5', 'V6', 'V7', 'V8', 'V9', 'V10', 'V11', 'V12', 'V14', 'V16', 'V17', 'V18', 'V19', 'V20', 'V21', 'V24', 'V27', 'V28', 'Time_sin']"
CostSensitiveLearning_with_RandomUnderSampler___RandomizedSearchCV__niter_30__cv_5,5,5,MLA,resubstitution,279,17681,27,61,0.9951241134751773,0.9117647058823529,0.8205882352941176,0.8637770897832817,0.9984752654167608,0.0015247345832392067,0.9095317503554392,0.9051723902291571,0.8625410789225237,0.8613017215722604,0.9635967957320719,0.8497421615036971,22560,0.8654138476211711,0.005946094383402609,0.8672037171835697,0.029019627137726683,"{'classifier__estimator__ccp_alpha': np.float64(0.0050187323113852125), 'classifier__estimator__max_depth': 14, 'classifier__estimator__max_features': 'sqrt', 'classifier__estimator__max_leaf_nodes': 2, 'classifier__estimator__min_impurity_decrease': np.float64(0.06441625330319715), 'classifier__estimator__min_samples_leaf': 1, 'classifier__estimator__min_samples_split': 6, 'classifier__max_features': np.float64(0.6611879984454275), 'classifier__max_samples': np.float64(0.6606095433905118), 'classifier__n_estimators': 777, 'feature_selection_filter__k': 24}",42.60203504562378,"[0, 1, 2, 3, 4, 5, 6, 7, 8, 9, 10, 11, 12, 14, 16, 17, 18, 19, 20, 21, 23, 27, 28, 29]","['Amount_log1p', 'V1', 'V2', 'V3', 'V4', 'V5', 'V6', 'V7', 'V8', 'V9', 'V10', 'V11', 'V12', 'V14', 'V16', 'V17', 'V18', 'V19', 'V20', 'V21', 'V23', 'V27', 'V28', 'Time_sin']"
CostSensitiveLearning_with_RandomUnderSampler___RandomizedSearchCV__niter_30__cv_5,5,6,MLA,resubstitution,282,17684,24,58,0.9954565602836879,0.9215686274509803,0.8294117647058824,0.8730650154798761,0.9986446803704541,0.0013553196295459369,0.9140282225381682,0.9101030967204761,0.872011387303913,0.8707584223741517,0.9626440027106393,0.8584958859283469,22560,0.8685488593722777,0.006628563762348266,0.869195025661355,0.027752536786466397,"{'classifier__estimator__ccp_alpha': np.float64(0.0029584581535903967), 'classifier__estimator__max_depth': 9, 'classifier__estimator__max_features': 'sqrt', 'classifier__estimator__max_leaf_nodes': 2, 'classifier__estimator__min_impurity_decrease': np.float64(0.05053736043301439), 'classifier__estimator__min_samples_leaf': 1, 'classifier__estimator__min_samples_split': 5, 'classifier__max_features': np.float64(0.7162871278124823), 'classifier__max_samples': np.float64(0.8329397698911147), 'classifier__n_estimators': 841, 'feature_selection_filter__k': 28}",42.86162209510803,"[0, 1, 2, 3, 4, 5, 6, 7, 8, 9, 10, 11, 12, 14, 15, 16, 17, 18, 19, 20, 21, 22, 23, 24, 27, 28, 29, 30]","['Amount_log1p', 'V1', 'V2', 'V3', 'V4', 'V5', 'V6', 'V7', 'V8', 'V9', 'V10', 'V11', 'V12', 'V14', 'V15', 'V16', 'V17', 'V18', 'V19', 'V20', 'V21', 'V22', 'V23', 'V24', 'V27', 'V28', 'Time_sin', 'Time_cos']"
CostSensitiveLearning_with_RandomUnderSampler___RandomizedSearchCV__niter_30__cv_5,5,7,MLA,resubstitution,279,17683,25,61,0.9952349290780141,0.9177631578947368,0.8205882352941176,0.8664596273291926,0.9985882087192229,0.0014117912807770638,0.9095882220066702,0.9052235834192685,0.8654442849036632,0.8640415297850632,0.9653056445076337,0.8410912084163228,22560,0.8625630966487503,0.011226985277467086,0.8661799729579256,0.01680827882721714,"{'classifier__estimator__ccp_alpha': np.float64(0.00480726051626816), 'classifier__estimator__max_depth': 19, 'classifier__estimator__max_features': 'log2', 'classifier__estimator__max_leaf_nodes': 5, 'classifier__estimator__min_impurity_decrease': np.float64(0.09787232706332064), 'classifier__estimator__min_samples_leaf': 8, 'classifier__estimator__min_samples_split': 6, 'classifier__max_features': np.float64(0.8659222410102068), 'classifier__max_samples': np.float64(0.5415833494405703), 'classifier__n_estimators': 133, 'feature_selection_filter__k': 'all'}",43.10308027267456,"[0, 1, 2, 3, 4, 5, 6, 7, 8, 9, 10, 11, 12, 13, 14, 15, 16, 17, 18, 19, 20, 21, 22, 23, 24, 25, 26, 27, 28, 29, 30]","['Amount_log1p', 'V1', 'V2', 'V3', 'V4', 'V5', 'V6', 'V7', 'V8', 'V9', 'V10', 'V11', 'V12', 'V13', 'V14', 'V15', 'V16', 'V17', 'V18', 'V19', 'V20', 'V21', 'V22', 'V23', 'V24', 'V25', 'V26', 'V27', 'V28', 'Time_sin', 'Time_cos']"
CostSensitiveLearning_with_RandomUnderSampler___RandomizedSearchCV__niter_30__cv_5,5,8,MLA,resubstitution,282,17663,44,59,0.9942929964539007,0.8650306748466258,0.8269794721407625,0.8455772113943029,0.9975151070198227,0.002484892980177289,0.9122472895802927,0.9082535530652711,0.8428927563452449,0.8426714864750953,0.9691499145341894,0.8588571707937146,22561,0.8702978466855292,0.01033204133855431,0.8693281428939409,0.033706549624864204,"{'classifier__estimator__ccp_alpha': np.float64(0.005203650527133058), 'classifier__estimator__max_depth': 7, 'classifier__estimator__max_features': 'log2', 'classifier__estimator__max_leaf_nodes': 2, 'classifier__estimator__min_impurity_decrease': np.float64(0.02246236382368613), 'classifier__estimator__min_samples_leaf': 8, 'classifier__estimator__min_samples_split': 3, 'classifier__max_features': np.float64(0.6927307670603573), 'classifier__max_samples': np.float64(0.9991847310380562), 'classifier__n_estimators': 177, 'feature_selection_filter__k': 22}",39.9626088142395,"[1, 2, 3, 4, 5, 6, 7, 8, 9, 10, 11, 12, 14, 16, 17, 18, 19, 20, 21, 23, 27, 29]","['V1', 'V2', 'V3', 'V4', 'V5', 'V6', 'V7', 'V8', 'V9', 'V10', 'V11', 'V12', 'V14', 'V16', 'V17', 'V18', 'V19', 'V20', 'V21', 'V23', 'V27', 'Time_sin']"
CostSensitiveLearning_with_RandomUnderSampler___RandomizedSearchCV__niter_30__cv_5,5,9,MLA,resubstitution,283,17684,23,58,0.9955119680851063,0.9248366013071896,0.8299120234604106,0.874806800618238,0.9987010786694528,0.0012989213305472092,0.9143065510649317,0.9104032255163974,0.8738552073789179,0.8725286361681579,0.9624930876285817,0.8521927325092841,22561,0.881446767598226,0.007270852369262478,0.8775111610070351,0.00993147270527911,"{'classifier__estimator__ccp_alpha': np.float64(0.006572751897216319), 'classifier__estimator__max_depth': 12, 'classifier__estimator__max_features': 'sqrt', 'classifier__estimator__max_leaf_nodes': 2, 'classifier__estimator__min_impurity_decrease': np.float64(0.0618811222842954), 'classifier__estimator__min_samples_leaf': 9, 'classifier__estimator__min_samples_split': 2, 'classifier__max_features': np.float64(0.6290836461737228), 'classifier__max_samples': np.float64(0.5971750950157233), 'classifier__n_estimators': 621, 'feature_selection_filter__k': 20}",42.287264823913574,"[1, 2, 3, 4, 5, 6, 7, 8, 9, 10, 11, 12, 14, 16, 17, 18, 19, 20, 21, 27]","['V1', 'V2', 'V3', 'V4', 'V5', 'V6', 'V7', 'V8', 'V9', 'V10', 'V11', 'V12', 'V14', 'V16', 'V17', 'V18', 'V19', 'V20', 'V21', 'V27']"
CostSensitiveLearning_with_RandomUnderSampler___RandomizedSearchCV__niter_30__cv_5,5,10,MLA,resubstitution,283,17691,16,58,0.9958998226950354,0.9464882943143813,0.8299120234604106,0.884375,0.9990964025526627,0.0009035974473372566,0.9145042130065366,0.9105833938055851,0.8842724387228824,0.882297056033938,0.9660358487713079,0.8556304890820526,22561,0.878727419904721,0.008920143448814899,0.8805100651221258,0.04503210576637376,"{'classifier__estimator__ccp_alpha': np.float64(0.0069124406377663325), 'classifier__estimator__max_depth': 15, 'classifier__estimator__max_features': 'log2', 'classifier__estimator__max_leaf_nodes': 2, 'classifier__estimator__min_impurity_decrease': np.float64(0.05696428472798679), 'classifier__estimator__min_samples_leaf': 7, 'classifier__estimator__min_samples_split': 8, 'classifier__max_features': np.float64(0.6247065344456518), 'classifier__max_samples': np.float64(0.5578012056857997), 'classifier__n_estimators': 314, 'feature_selection_filter__k': 28}",44.31056237220764,"[0, 1, 2, 3, 4, 5, 6, 7, 8, 9, 10, 11, 12, 14, 16, 17, 18, 19, 20, 21, 22, 23, 24, 25, 26, 27, 28, 29]","['Amount_log1p', 'V1', 'V2', 'V3', 'V4', 'V5', 'V6', 'V7', 'V8', 'V9', 'V10', 'V11', 'V12', 'V14', 'V16', 'V17', 'V18', 'V19', 'V20', 'V21', 'V22', 'V23', 'V24', 'V25', 'V26', 'V27', 'V28', 'Time_sin']"
CostSensitiveLearning_with_RandomUnderSampler___RandomizedSearchCV__niter_30__cv_5,6,1,MLA,resubstitution,282,17686,21,59,0.9955673758865248,0.9306930693069307,0.8269794721407625,0.8757763975155279,0.9988140283503699,0.0011859716496300798,0.9128967502455663,0.9088447050690109,0.8751083493414584,0.8735278242465618,0.968171955786659,0.8519501533780847,22560,0.8666529679126137,0.011446814039676829,0.8684324505330917,0.014053947369745788,"{'classifier__estimator__ccp_alpha': np.float64(0.007007973265363509), 'classifier__estimator__max_depth': 7, 'classifier__estimator__max_features': 'sqrt', 'classifier__estimator__max_leaf_nodes': 13, 'classifier__estimator__min_impurity_decrease': np.float64(0.091750563754881), 'classifier__estimator__min_samples_leaf': 4, 'classifier__estimator__min_samples_split': 8, 'classifier__max_features': np.float64(0.6517960449060598), 'classifier__max_samples': np.float64(0.9194159172668619), 'classifier__n_estimators': 185, 'feature_selection_filter__k': 24}",42.62652802467346,"[1, 2, 3, 4, 5, 6, 7, 8, 9, 10, 11, 12, 14, 16, 17, 18, 19, 20, 21, 22, 24, 27, 28, 29]","['V1', 'V2', 'V3', 'V4', 'V5', 'V6', 'V7', 'V8', 'V9', 'V10', 'V11', 'V12', 'V14', 'V16', 'V17', 'V18', 'V19', 'V20', 'V21', 'V22', 'V24', 'V27', 'V28', 'Time_sin']"
CostSensitiveLearning_with_RandomUnderSampler___RandomizedSearchCV__niter_30__cv_5,6,2,MLA,resubstitution,279,17683,24,62,0.9952349290780141,0.9207920792079208,0.8181818181818182,0.8664596273291926,0.9986446038289942,0.0013553961710057738,0.9084132110054062,0.9039208248946741,0.8656057736458868,0.864042411065054,0.9673063670662579,0.8469104259749383,22560,0.8621979931594226,0.010148640233692342,0.8580351831129832,0.03925773352108329,"{'classifier__estimator__ccp_alpha': np.float64(0.001456470130768669), 'classifier__estimator__max_depth': 17, 'classifier__estimator__max_features': 'log2', 'classifier__estimator__max_leaf_nodes': 2, 'classifier__estimator__min_impurity_decrease': np.float64(0.06222920053145284), 'classifier__estimator__min_samples_leaf': 6, 'classifier__estimator__min_samples_split': 8, 'classifier__max_features': np.float64(0.9347223062843282), 'classifier__max_samples': np.float64(0.526322889466911), 'classifier__n_estimators': 853, 'feature_selection_filter__k': 26}",47.47153306007385,"[0, 1, 2, 3, 4, 5, 6, 7, 8, 9, 10, 11, 12, 14, 16, 17, 18, 19, 20, 21, 23, 24, 27, 28, 29, 30]","['Amount_log1p', 'V1', 'V2', 'V3', 'V4', 'V5', 'V6', 'V7', 'V8', 'V9', 'V10', 'V11', 'V12', 'V14', 'V16', 'V17', 'V18', 'V19', 'V20', 'V21', 'V23', 'V24', 'V27', 'V28', 'Time_sin', 'Time_cos']"
CostSensitiveLearning_with_RandomUnderSampler___RandomizedSearchCV__niter_30__cv_5,6,3,MLA,resubstitution,281,17689,18,60,0.9956781914893617,0.939799331103679,0.8240469208211144,0.878125,0.9989834528717456,0.0010165471282543859,0.91151518684643,0.9073087888311271,0.8778958727699513,0.8759347347384752,0.9684390105674198,0.8541585992717082,22560,0.8789927248738358,0.002510860228374158,0.8737213797283729,0.02016391857723038,"{'classifier__estimator__ccp_alpha': np.float64(0.007463579226999631), 'classifier__estimator__max_depth': 14, 'classifier__estimator__max_features': 'log2', 'classifier__estimator__max_leaf_nodes': 2, 'classifier__estimator__min_impurity_decrease': np.float64(0.07268784999228527), 'classifier__estimator__min_samples_leaf': 8, 'classifier__estimator__min_samples_split': 6, 'classifier__max_features': np.float64(0.5606274654512591), 'classifier__max_samples': np.float64(0.7109470545580736), 'classifier__n_estimators': 787, 'feature_selection_filter__k': 24}",49.78961372375488,"[1, 2, 3, 4, 5, 6, 7, 8, 9, 10, 11, 12, 14, 16, 17, 18, 19, 20, 21, 22, 23, 27, 28, 29]","['V1', 'V2', 'V3', 'V4', 'V5', 'V6', 'V7', 'V8', 'V9', 'V10', 'V11', 'V12', 'V14', 'V16', 'V17', 'V18', 'V19', 'V20', 'V21', 'V22', 'V23', 'V27', 'V28', 'Time_sin']"
CostSensitiveLearning_with_RandomUnderSampler___RandomizedSearchCV__niter_30__cv_5,6,4,MLA,resubstitution,289,17686,21,52,0.9959552304964538,0.932258064516129,0.8475073313782991,0.8878648233486943,0.9988140283503699,0.0011859716496300798,0.9231606798643346,0.9200555481656696,0.8868533539837218,0.8858100502104902,0.9656022677381098,0.8706843273816935,22560,0.8924991750165798,0.007089851579877368,0.8903147064047335,0.021169115049190838,"{'classifier__estimator__ccp_alpha': np.float64(0.0020752997986435897), 'classifier__estimator__max_depth': 3, 'classifier__estimator__max_features': 'log2', 'classifier__estimator__max_leaf_nodes': 2, 'classifier__estimator__min_impurity_decrease': np.float64(0.004491258909095952), 'classifier__estimator__min_samples_leaf': 9, 'classifier__estimator__min_samples_split': 4, 'classifier__max_features': np.float64(0.5870725508813195), 'classifier__max_samples': np.float64(0.5385745913458032), 'classifier__n_estimators': 209, 'feature_selection_filter__k': 20}",42.18974471092224,"[1, 2, 3, 4, 5, 6, 7, 8, 9, 10, 11, 12, 14, 16, 17, 18, 19, 20, 21, 27]","['V1', 'V2', 'V3', 'V4', 'V5', 'V6', 'V7', 'V8', 'V9', 'V10', 'V11', 'V12', 'V14', 'V16', 'V17', 'V18', 'V19', 'V20', 'V21', 'V27']"
CostSensitiveLearning_with_RandomUnderSampler___RandomizedSearchCV__niter_30__cv_5,6,5,MLA,resubstitution,277,17684,24,63,0.9951795212765957,0.920265780730897,0.8147058823529412,0.8642745709828393,0.9986446803704541,0.0013553196295459369,0.9066752813616976,0.901998722548032,0.8634879158974783,0.8618300034283437,0.9671098307179207,0.8545693566222528,22560,0.8681392835902205,0.006030047744445266,0.8727693033408045,0.021253766899515587,"{'classifier__estimator__ccp_alpha': np.float64(0.0083014774541374), 'classifier__estimator__max_depth': 6, 'classifier__estimator__max_features': 'log2', 'classifier__estimator__max_leaf_nodes': 2, 'classifier__estimator__min_impurity_decrease': np.float64(0.01913151633012037), 'classifier__estimator__min_samples_leaf': 6, 'classifier__estimator__min_samples_split': 4, 'classifier__max_features': np.float64(0.6045543763926968), 'classifier__max_samples': np.float64(0.7488771336584789), 'classifier__n_estimators': 553, 'feature_selection_filter__k': 'all'}",50.243685245513916,"[0, 1, 2, 3, 4, 5, 6, 7, 8, 9, 10, 11, 12, 13, 14, 15, 16, 17, 18, 19, 20, 21, 22, 23, 24, 25, 26, 27, 28, 29, 30]","['Amount_log1p', 'V1', 'V2', 'V3', 'V4', 'V5', 'V6', 'V7', 'V8', 'V9', 'V10', 'V11', 'V12', 'V13', 'V14', 'V15', 'V16', 'V17', 'V18', 'V19', 'V20', 'V21', 'V22', 'V23', 'V24', 'V25', 'V26', 'V27', 'V28', 'Time_sin', 'Time_cos']"
CostSensitiveLearning_with_RandomUnderSampler___RandomizedSearchCV__niter_30__cv_5,6,6,MLA,resubstitution,283,17684,24,57,0.9955119680851063,0.9218241042345277,0.8323529411764706,0.874806800618238,0.9986446803704541,0.0013553196295459369,0.9154988107734623,0.9117153266763611,0.8737068894109484,0.8725278803407237,0.9689744748136436,0.8502763549394834,22560,0.8658949088729975,0.01693463335124523,0.8728140896608572,0.018855813291197572,"{'classifier__estimator__ccp_alpha': np.float64(0.009354762187895637), 'classifier__estimator__max_depth': 10, 'classifier__estimator__max_features': 'sqrt', 'classifier__estimator__max_leaf_nodes': 2, 'classifier__estimator__min_impurity_decrease': np.float64(0.06289985364417802), 'classifier__estimator__min_samples_leaf': 9, 'classifier__estimator__min_samples_split': 5, 'classifier__max_features': np.float64(0.6593318321464797), 'classifier__max_samples': np.float64(0.8674516332481423), 'classifier__n_estimators': 781, 'feature_selection_filter__k': 28}",48.846593618392944,"[0, 1, 2, 3, 4, 5, 6, 7, 8, 9, 10, 11, 12, 14, 15, 16, 17, 18, 19, 20, 21, 22, 23, 24, 27, 28, 29, 30]","['Amount_log1p', 'V1', 'V2', 'V3', 'V4', 'V5', 'V6', 'V7', 'V8', 'V9', 'V10', 'V11', 'V12', 'V14', 'V15', 'V16', 'V17', 'V18', 'V19', 'V20', 'V21', 'V22', 'V23', 'V24', 'V27', 'V28', 'Time_sin', 'Time_cos']"
CostSensitiveLearning_with_RandomUnderSampler___RandomizedSearchCV__niter_30__cv_5,6,7,MLA,resubstitution,278,17664,44,62,0.9941267730496454,0.8633540372670807,0.8176470588235294,0.8398791540785498,0.9975152473458324,0.002484752654167588,0.9075811530846809,0.9031142829808115,0.8372111355250473,0.8368899298957372,0.9609520954304467,0.8375281469040159,22560,0.8553962463614958,0.006231504399089963,0.8574417042311616,0.017023909904084783,"{'classifier__estimator__ccp_alpha': np.float64(0.0001448435724406838), 'classifier__estimator__max_depth': 18, 'classifier__estimator__max_features': 'log2', 'classifier__estimator__max_leaf_nodes': 2, 'classifier__estimator__min_impurity_decrease': np.float64(0.09545870931388203), 'classifier__estimator__min_samples_leaf': 3, 'classifier__estimator__min_samples_split': 6, 'classifier__max_features': np.float64(0.7860428431519566), 'classifier__max_samples': np.float64(0.5517683919373746), 'classifier__n_estimators': 224, 'feature_selection_filter__k': 28}",38.44697666168213,"[0, 1, 2, 3, 4, 5, 6, 7, 8, 9, 10, 11, 12, 13, 14, 15, 16, 17, 18, 19, 20, 21, 22, 23, 24, 27, 28, 29]","['Amount_log1p', 'V1', 'V2', 'V3', 'V4', 'V5', 'V6', 'V7', 'V8', 'V9', 'V10', 'V11', 'V12', 'V13', 'V14', 'V15', 'V16', 'V17', 'V18', 'V19', 'V20', 'V21', 'V22', 'V23', 'V24', 'V27', 'V28', 'Time_sin']"
CostSensitiveLearning_with_RandomUnderSampler___RandomizedSearchCV__niter_30__cv_5,6,8,MLA,resubstitution,282,17681,26,59,0.9952903368794326,0.9155844155844156,0.8269794721407625,0.8690292758089369,0.998531654148077,0.0014683458519230141,0.9127555631444197,0.9087162264773415,0.8678016034125263,0.8666376425963932,0.9648020142803506,0.8483377225438387,22561,0.8690082097380118,0.005455412811286747,0.8768272388067141,0.02874191424086091,"{'classifier__estimator__ccp_alpha': np.float64(0.004099585361420545), 'classifier__estimator__max_depth': 12, 'classifier__estimator__max_features': 'log2', 'classifier__estimator__max_leaf_nodes': 7, 'classifier__estimator__min_impurity_decrease': np.float64(0.07850586191221082), 'classifier__estimator__min_samples_leaf': 6, 'classifier__estimator__min_samples_split': 2, 'classifier__max_features': np.float64(0.5800050370157516), 'classifier__max_samples': np.float64(0.6519666018918081), 'classifier__n_estimators': 287, 'feature_selection_filter__k': 22}",40.099791049957275,"[1, 2, 3, 4, 5, 6, 7, 8, 9, 10, 11, 12, 14, 16, 17, 18, 19, 20, 21, 27, 28, 29]","['V1', 'V2', 'V3', 'V4', 'V5', 'V6', 'V7', 'V8', 'V9', 'V10', 'V11', 'V12', 'V14', 'V16', 'V17', 'V18', 'V19', 'V20', 'V21', 'V27', 'V28', 'Time_sin']"
CostSensitiveLearning_with_RandomUnderSampler___RandomizedSearchCV__niter_30__cv_5,6,9,MLA,resubstitution,284,17678,29,57,0.9952349290780141,0.9073482428115016,0.8328445747800587,0.8685015290519877,0.9983622296267013,0.0016377703732987081,0.91560340220338,0.9118555623616721,0.866904001786726,0.8660795590929571,0.9643676051703131,0.8700512801763396,22561,0.8715248682783905,0.010016768057273607,0.8724520262172184,0.029800361941048414,"{'classifier__estimator__ccp_alpha': np.float64(0.0011140631670405322), 'classifier__estimator__max_depth': 8, 'classifier__estimator__max_features': 'sqrt', 'classifier__estimator__max_leaf_nodes': 2, 'classifier__estimator__min_impurity_decrease': np.float64(0.033140445827240565), 'classifier__estimator__min_samples_leaf': 4, 'classifier__estimator__min_samples_split': 8, 'classifier__max_features': np.float64(0.5950263539598686), 'classifier__max_samples': np.float64(0.8559498292914578), 'classifier__n_estimators': 947, 'feature_selection_filter__k': 'all'}",53.47563695907593,"[0, 1, 2, 3, 4, 5, 6, 7, 8, 9, 10, 11, 12, 13, 14, 15, 16, 17, 18, 19, 20, 21, 22, 23, 24, 25, 26, 27, 28, 29, 30]","['Amount_log1p', 'V1', 'V2', 'V3', 'V4', 'V5', 'V6', 'V7', 'V8', 'V9', 'V10', 'V11', 'V12', 'V13', 'V14', 'V15', 'V16', 'V17', 'V18', 'V19', 'V20', 'V21', 'V22', 'V23', 'V24', 'V25', 'V26', 'V27', 'V28', 'Time_sin', 'Time_cos']"
CostSensitiveLearning_with_RandomUnderSampler___RandomizedSearchCV__niter_30__cv_5,6,10,MLA,resubstitution,288,17670,37,53,0.9950132978723404,0.8861538461538462,0.844574780058651,0.8648648648648649,0.9979104309030327,0.0020895690969673364,0.9212426054808418,0.9180468303404584,0.8625845396349279,0.8623261383529415,0.9630440071499466,0.8645851002082132,22561,0.8777035306338841,0.005419268378203765,0.8812293665636689,0.014518519261740756,"{'classifier__estimator__ccp_alpha': np.float64(0.006089955098753504), 'classifier__estimator__max_depth': 19, 'classifier__estimator__max_features': 'log2', 'classifier__estimator__max_leaf_nodes': 2, 'classifier__estimator__min_impurity_decrease': np.float64(0.09534903476062169), 'classifier__estimator__min_samples_leaf': 8, 'classifier__estimator__min_samples_split': 3, 'classifier__max_features': np.float64(0.5850589515185862), 'classifier__max_samples': np.float64(0.8814606913205086), 'classifier__n_estimators': 989, 'feature_selection_filter__k': 20}",54.1422336101532,"[1, 2, 3, 4, 5, 6, 7, 8, 9, 10, 11, 12, 14, 16, 17, 18, 19, 20, 21, 27]","['V1', 'V2', 'V3', 'V4', 'V5', 'V6', 'V7', 'V8', 'V9', 'V10', 'V11', 'V12', 'V14', 'V16', 'V17', 'V18', 'V19', 'V20', 'V21', 'V27']"
CostSensitiveLearning_with_RandomUnderSampler___RandomizedSearchCV__niter_30__cv_5,7,1,MLA,resubstitution,276,17682,25,65,0.9950132978723404,0.9169435215946844,0.8093841642228738,0.8598130841121495,0.9985881289885357,0.0014118710114643385,0.9039861466057048,0.8990224792430217,0.8590143700495401,0.8572846155887247,0.9610276400455973,0.8352612126410381,22560,0.8444220162278497,0.011824588201295108,0.8524546745889768,0.018599898156660345,"{'classifier__estimator__ccp_alpha': np.float64(0.009501838023545248), 'classifier__estimator__max_depth': 7, 'classifier__estimator__max_features': 'sqrt', 'classifier__estimator__max_leaf_nodes': 2, 'classifier__estimator__min_impurity_decrease': np.float64(0.09580836753163942), 'classifier__estimator__min_samples_leaf': 4, 'classifier__estimator__min_samples_split': 8, 'classifier__max_features': np.float64(0.9033568083083441), 'classifier__max_samples': np.float64(0.7151133392025415), 'classifier__n_estimators': 764, 'feature_selection_filter__k': 'all'}",48.46205401420593,"[0, 1, 2, 3, 4, 5, 6, 7, 8, 9, 10, 11, 12, 13, 14, 15, 16, 17, 18, 19, 20, 21, 22, 23, 24, 25, 26, 27, 28, 29, 30]","['Amount_log1p', 'V1', 'V2', 'V3', 'V4', 'V5', 'V6', 'V7', 'V8', 'V9', 'V10', 'V11', 'V12', 'V13', 'V14', 'V15', 'V16', 'V17', 'V18', 'V19', 'V20', 'V21', 'V22', 'V23', 'V24', 'V25', 'V26', 'V27', 'V28', 'Time_sin', 'Time_cos']"
CostSensitiveLearning_with_RandomUnderSampler___RandomizedSearchCV__niter_30__cv_5,7,2,MLA,resubstitution,279,17681,26,62,0.9951241134751773,0.9147540983606557,0.8181818181818182,0.8637770897832817,0.998531654148077,0.0014683458519230141,0.9083567361649476,0.9038697053795819,0.8626923697819544,0.8613025694354326,0.9616872032483136,0.8438563605863832,22560,0.8632152818522032,0.008113782218050961,0.865417331206805,0.016148989065628214,"{'classifier__estimator__ccp_alpha': np.float64(0.0015608497039134495), 'classifier__estimator__max_depth': 10, 'classifier__estimator__max_features': 'sqrt', 'classifier__estimator__max_leaf_nodes': 2, 'classifier__estimator__min_impurity_decrease': np.float64(0.011100303932287482), 'classifier__estimator__min_samples_leaf': 7, 'classifier__estimator__min_samples_split': 2, 'classifier__max_features': np.float64(0.8619567226475389), 'classifier__max_samples': np.float64(0.5952043633912039), 'classifier__n_estimators': 745, 'feature_selection_filter__k': 24}",46.76236581802368,"[0, 1, 2, 3, 4, 5, 6, 7, 8, 9, 10, 11, 12, 14, 16, 17, 18, 19, 20, 21, 24, 27, 28, 29]","['Amount_log1p', 'V1', 'V2', 'V3', 'V4', 'V5', 'V6', 'V7', 'V8', 'V9', 'V10', 'V11', 'V12', 'V14', 'V16', 'V17', 'V18', 'V19', 'V20', 'V21', 'V24', 'V27', 'V28', 'Time_sin']"
CostSensitiveLearning_with_RandomUnderSampler___RandomizedSearchCV__niter_30__cv_5,7,3,MLA,resubstitution,283,17690,17,58,0.995844414893617,0.9433333333333334,0.8299120234604106,0.8829953198127926,0.9990399277122042,0.0009600722877958212,0.9144759755863074,0.9105576576611597,0.8827621502807806,0.8808887724996673,0.9611753689537763,0.8628802162766278,22560,0.8810357729731066,0.010251009274869757,0.8817374358096541,0.024180047529643593,"{'classifier__estimator__ccp_alpha': np.float64(0.004907135625749458), 'classifier__estimator__max_depth': 10, 'classifier__estimator__max_features': 'sqrt', 'classifier__estimator__max_leaf_nodes': 2, 'classifier__estimator__min_impurity_decrease': np.float64(0.05624236157995735), 'classifier__estimator__min_samples_leaf': 9, 'classifier__estimator__min_samples_split': 2, 'classifier__max_features': np.float64(0.8546177765074563), 'classifier__max_samples': np.float64(0.8975720086684288), 'classifier__n_estimators': 374, 'feature_selection_filter__k': 28}",43.88201665878296,"[1, 2, 3, 4, 5, 6, 7, 8, 9, 10, 11, 12, 14, 16, 17, 18, 19, 20, 21, 22, 23, 24, 25, 26, 27, 28, 29, 30]","['V1', 'V2', 'V3', 'V4', 'V5', 'V6', 'V7', 'V8', 'V9', 'V10', 'V11', 'V12', 'V14', 'V16', 'V17', 'V18', 'V19', 'V20', 'V21', 'V22', 'V23', 'V24', 'V25', 'V26', 'V27', 'V28', 'Time_sin', 'Time_cos']"
CostSensitiveLearning_with_RandomUnderSampler___RandomizedSearchCV__niter_30__cv_5,7,4,MLA,resubstitution,284,17688,19,57,0.9957890070921985,0.9372937293729373,0.8328445747800587,0.8819875776397516,0.998926978031287,0.0010730219687129505,0.9158857764056729,0.9121134327783997,0.881443399805173,0.8798514330342337,0.9676673257606259,0.8630503239712755,22560,0.8838347680748727,0.00960770685732473,0.8796468338642784,0.016479808657902877,"{'classifier__estimator__ccp_alpha': np.float64(0.008168717209771689), 'classifier__estimator__max_depth': 19, 'classifier__estimator__max_features': 'log2', 'classifier__estimator__max_leaf_nodes': 2, 'classifier__estimator__min_impurity_decrease': np.float64(0.06634152549565449), 'classifier__estimator__min_samples_leaf': 4, 'classifier__estimator__min_samples_split': 5, 'classifier__max_features': np.float64(0.679962814575167), 'classifier__max_samples': np.float64(0.8813138439057294), 'classifier__n_estimators': 280, 'feature_selection_filter__k': 20}",44.92662477493286,"[1, 2, 3, 4, 5, 6, 7, 8, 9, 10, 11, 12, 14, 16, 17, 18, 19, 20, 21, 27]","['V1', 'V2', 'V3', 'V4', 'V5', 'V6', 'V7', 'V8', 'V9', 'V10', 'V11', 'V12', 'V14', 'V16', 'V17', 'V18', 'V19', 'V20', 'V21', 'V27']"
CostSensitiveLearning_with_RandomUnderSampler___RandomizedSearchCV__niter_30__cv_5,7,5,MLA,resubstitution,276,17679,29,64,0.9948470744680851,0.9049180327868852,0.8117647058823529,0.8558139534883721,0.9983623221142987,0.0016376778857013496,0.9050635139983259,0.9002417990601951,0.8545035884529246,0.8531984788639759,0.9619605296376512,0.8430600606441386,22560,0.8635645638524071,0.009582811075916894,0.8574998215043139,0.027441553275060752,"{'classifier__estimator__ccp_alpha': np.float64(0.0047225311671800045), 'classifier__estimator__max_depth': 12, 'classifier__estimator__max_features': 'sqrt', 'classifier__estimator__max_leaf_nodes': 2, 'classifier__estimator__min_impurity_decrease': np.float64(0.041409520127524635), 'classifier__estimator__min_samples_leaf': 6, 'classifier__estimator__min_samples_split': 5, 'classifier__max_features': np.float64(0.5184450551121265), 'classifier__max_samples': np.float64(0.8849370959578962), 'classifier__n_estimators': 726, 'feature_selection_filter__k': 26}",44.038036823272705,"[0, 1, 2, 3, 4, 5, 6, 7, 8, 9, 10, 11, 12, 14, 16, 17, 18, 19, 20, 21, 22, 23, 24, 27, 28, 29]","['Amount_log1p', 'V1', 'V2', 'V3', 'V4', 'V5', 'V6', 'V7', 'V8', 'V9', 'V10', 'V11', 'V12', 'V14', 'V16', 'V17', 'V18', 'V19', 'V20', 'V21', 'V22', 'V23', 'V24', 'V27', 'V28', 'Time_sin']"
CostSensitiveLearning_with_RandomUnderSampler___RandomizedSearchCV__niter_30__cv_5,7,6,MLA,resubstitution,291,17675,33,49,0.9954565602836879,0.8981481481481481,0.8558823529411764,0.8765060240963856,0.9981364355093743,0.0018635644906257465,0.9270093942252753,0.924276669066185,0.8744566095152567,0.8741931008593322,0.9669209828724804,0.8668656511008057,22560,0.8864248523867939,0.007136959173879261,0.8879541392926583,0.014226653865338876,"{'classifier__estimator__ccp_alpha': np.float64(0.006595722383615642), 'classifier__estimator__max_depth': 7, 'classifier__estimator__max_features': 'log2', 'classifier__estimator__max_leaf_nodes': 2, 'classifier__estimator__min_impurity_decrease': np.float64(0.03348624394299832), 'classifier__estimator__min_samples_leaf': 7, 'classifier__estimator__min_samples_split': 4, 'classifier__max_features': np.float64(0.5541889782123466), 'classifier__max_samples': np.float64(0.500041511213468), 'classifier__n_estimators': 152, 'feature_selection_filter__k': 20}",47.81670308113098,"[1, 2, 3, 4, 5, 6, 7, 8, 9, 10, 11, 12, 14, 16, 17, 18, 19, 20, 21, 27]","['V1', 'V2', 'V3', 'V4', 'V5', 'V6', 'V7', 'V8', 'V9', 'V10', 'V11', 'V12', 'V14', 'V16', 'V17', 'V18', 'V19', 'V20', 'V21', 'V27']"
CostSensitiveLearning_with_RandomUnderSampler___RandomizedSearchCV__niter_30__cv_5,7,7,MLA,resubstitution,279,17679,29,61,0.9950132978723404,0.9058441558441559,0.8205882352941176,0.8611111111111112,0.9983623221142987,0.0016376778857013496,0.9094752787042082,0.9051211941435853,0.8596659631719582,0.8585784853187417,0.9652093105143571,0.8466169981265332,22560,0.8633736764692415,0.017219947701224446,0.8611827998759904,0.0296851424713986,"{'classifier__estimator__ccp_alpha': np.float64(0.006975375946006925), 'classifier__estimator__max_depth': 10, 'classifier__estimator__max_features': 'log2', 'classifier__estimator__max_leaf_nodes': 2, 'classifier__estimator__min_impurity_decrease': np.float64(0.046354327012104124), 'classifier__estimator__min_samples_leaf': 8, 'classifier__estimator__min_samples_split': 6, 'classifier__max_features': np.float64(0.6577773672449303), 'classifier__max_samples': np.float64(0.5692653536961851), 'classifier__n_estimators': 934, 'feature_selection_filter__k': 28}",46.69272446632385,"[0, 1, 2, 3, 4, 5, 6, 7, 8, 9, 10, 11, 12, 13, 14, 16, 17, 18, 19, 20, 21, 22, 23, 24, 26, 27, 28, 29]","['Amount_log1p', 'V1', 'V2', 'V3', 'V4', 'V5', 'V6', 'V7', 'V8', 'V9', 'V10', 'V11', 'V12', 'V13', 'V14', 'V16', 'V17', 'V18', 'V19', 'V20', 'V21', 'V22', 'V23', 'V24', 'V26', 'V27', 'V28', 'Time_sin']"
CostSensitiveLearning_with_RandomUnderSampler___RandomizedSearchCV__niter_30__cv_5,7,8,MLA,resubstitution,286,17687,20,55,0.995844414893617,0.934640522875817,0.8387096774193549,0.884080370942813,0.9988705031908285,0.0011294968091715152,0.9187900903050916,0.9152935908848528,0.8833118865031818,0.8819709594149611,0.9679978940349816,0.8604457581260876,22561,0.8860122258853373,0.009476374457342372,0.8832116488706527,0.031892321733343026,"{'classifier__estimator__ccp_alpha': np.float64(0.0009296837662230706), 'classifier__estimator__max_depth': 7, 'classifier__estimator__max_features': 'sqrt', 'classifier__estimator__max_leaf_nodes': 2, 'classifier__estimator__min_impurity_decrease': np.float64(0.08304952829781358), 'classifier__estimator__min_samples_leaf': 6, 'classifier__estimator__min_samples_split': 8, 'classifier__max_features': np.float64(0.5303018631509395), 'classifier__max_samples': np.float64(0.5794187781187699), 'classifier__n_estimators': 497, 'feature_selection_filter__k': 28}",42.972062826156616,"[0, 1, 2, 3, 4, 5, 6, 7, 8, 9, 10, 11, 12, 13, 14, 16, 17, 18, 19, 20, 21, 22, 23, 24, 26, 27, 28, 29]","['Amount_log1p', 'V1', 'V2', 'V3', 'V4', 'V5', 'V6', 'V7', 'V8', 'V9', 'V10', 'V11', 'V12', 'V13', 'V14', 'V16', 'V17', 'V18', 'V19', 'V20', 'V21', 'V22', 'V23', 'V24', 'V26', 'V27', 'V28', 'Time_sin']"
CostSensitiveLearning_with_RandomUnderSampler___RandomizedSearchCV__niter_30__cv_5,7,9,MLA,resubstitution,282,17683,24,59,0.9954011524822695,0.9215686274509803,0.8269794721407625,0.8717156105100463,0.9986446038289942,0.0013553961710057738,0.9128120379848783,0.9087676200936753,0.8707029810041632,0.8693811950858902,0.9631090939895368,0.8590636548717666,22561,0.8703779736070099,0.013325936651196973,0.8696688702968689,0.025888964650123,"{'classifier__estimator__ccp_alpha': np.float64(0.005075955726043937), 'classifier__estimator__max_depth': 14, 'classifier__estimator__max_features': 'sqrt', 'classifier__estimator__max_leaf_nodes': 2, 'classifier__estimator__min_impurity_decrease': np.float64(0.01703726431551097), 'classifier__estimator__min_samples_leaf': 4, 'classifier__estimator__min_samples_split': 8, 'classifier__max_features': np.float64(0.6856998920667858), 'classifier__max_samples': np.float64(0.5852828898285372), 'classifier__n_estimators': 487, 'feature_selection_filter__k': 24}",48.01775121688843,"[1, 2, 3, 4, 5, 6, 7, 8, 9, 10, 11, 12, 14, 16, 17, 18, 19, 20, 21, 24, 25, 27, 28, 29]","['V1', 'V2', 'V3', 'V4', 'V5', 'V6', 'V7', 'V8', 'V9', 'V10', 'V11', 'V12', 'V14', 'V16', 'V17', 'V18', 'V19', 'V20', 'V21', 'V24', 'V25', 'V27', 'V28', 'Time_sin']"
CostSensitiveLearning_with_RandomUnderSampler___RandomizedSearchCV__niter_30__cv_5,7,10,MLA,resubstitution,289,17678,29,52,0.9955119680851063,0.9088050314465409,0.8475073313782991,0.8770864946889226,0.9983622296267013,0.0016377703732987081,0.9229347805025002,0.9198474378829429,0.8753568856625884,0.8748035841461447,0.975442139207335,0.8769402122378462,22561,0.8781133210183661,0.008331059840953618,0.875879761855035,0.013783674552623573,"{'classifier__estimator__ccp_alpha': np.float64(0.0013804205305593597), 'classifier__estimator__max_depth': 11, 'classifier__estimator__max_features': 'log2', 'classifier__estimator__max_leaf_nodes': 2, 'classifier__estimator__min_impurity_decrease': np.float64(0.04050270358933068), 'classifier__estimator__min_samples_leaf': 4, 'classifier__estimator__min_samples_split': 6, 'classifier__max_features': np.float64(0.8226380549391565), 'classifier__max_samples': np.float64(0.8351707395872712), 'classifier__n_estimators': 389, 'feature_selection_filter__k': 28}",50.4060435295105,"[0, 1, 2, 3, 4, 5, 6, 7, 8, 9, 10, 11, 12, 14, 16, 17, 18, 19, 20, 21, 22, 23, 24, 26, 27, 28, 29, 30]","['Amount_log1p', 'V1', 'V2', 'V3', 'V4', 'V5', 'V6', 'V7', 'V8', 'V9', 'V10', 'V11', 'V12', 'V14', 'V16', 'V17', 'V18', 'V19', 'V20', 'V21', 'V22', 'V23', 'V24', 'V26', 'V27', 'V28', 'Time_sin', 'Time_cos']"
CostSensitiveLearning_with_RandomUnderSampler___RandomizedSearchCV__niter_30__cv_5,8,1,MLA,resubstitution,285,17685,22,56,0.9956781914893617,0.9283387622149837,0.8357771260997068,0.8796296296296297,0.9987575535099114,0.0012424464900886445,0.917267339804809,0.9136403656488081,0.878690308175925,0.8774353915684941,0.9640201441284302,0.8613550590073513,22560,0.8756274553548009,0.010344979129089755,0.87003971622919,0.014446269855231278,"{'classifier__estimator__ccp_alpha': np.float64(0.008853514580727667), 'classifier__estimator__max_depth': 11, 'classifier__estimator__max_features': 'sqrt', 'classifier__estimator__max_leaf_nodes': 18, 'classifier__estimator__min_impurity_decrease': np.float64(0.09811992777207516), 'classifier__estimator__min_samples_leaf': 6, 'classifier__estimator__min_samples_split': 8, 'classifier__max_features': np.float64(0.5473799440881022), 'classifier__max_samples': np.float64(0.6973212943474176), 'classifier__n_estimators': 615, 'feature_selection_filter__k': 'all'}",47.41222381591797,"[0, 1, 2, 3, 4, 5, 6, 7, 8, 9, 10, 11, 12, 13, 14, 15, 16, 17, 18, 19, 20, 21, 22, 23, 24, 25, 26, 27, 28, 29, 30]","['Amount_log1p', 'V1', 'V2', 'V3', 'V4', 'V5', 'V6', 'V7', 'V8', 'V9', 'V10', 'V11', 'V12', 'V13', 'V14', 'V15', 'V16', 'V17', 'V18', 'V19', 'V20', 'V21', 'V22', 'V23', 'V24', 'V25', 'V26', 'V27', 'V28', 'Time_sin', 'Time_cos']"
CostSensitiveLearning_with_RandomUnderSampler___RandomizedSearchCV__niter_30__cv_5,8,2,MLA,resubstitution,285,17679,28,56,0.995345744680851,0.9105431309904153,0.8357771260997068,0.8715596330275229,0.9984187044671599,0.0015812955328401435,0.9170979152834333,0.913485366858033,0.8700213953473948,0.8691939879512605,0.9658410850986412,0.8646478153177953,22560,0.8722475608836163,0.009319825299363467,0.8767585576398306,0.010457499005213734,"{'classifier__estimator__ccp_alpha': np.float64(0.007017460915864763), 'classifier__estimator__max_depth': 17, 'classifier__estimator__max_features': 'sqrt', 'classifier__estimator__max_leaf_nodes': 2, 'classifier__estimator__min_impurity_decrease': np.float64(0.023930482237732843), 'classifier__estimator__min_samples_leaf': 2, 'classifier__estimator__min_samples_split': 5, 'classifier__max_features': np.float64(0.6410484369030456), 'classifier__max_samples': np.float64(0.5856668974897681), 'classifier__n_estimators': 632, 'feature_selection_filter__k': 26}",49.132920026779175,"[0, 1, 2, 3, 4, 5, 6, 7, 8, 9, 10, 11, 12, 14, 16, 17, 18, 19, 20, 21, 23, 24, 25, 27, 28, 29]","['Amount_log1p', 'V1', 'V2', 'V3', 'V4', 'V5', 'V6', 'V7', 'V8', 'V9', 'V10', 'V11', 'V12', 'V14', 'V16', 'V17', 'V18', 'V19', 'V20', 'V21', 'V23', 'V24', 'V25', 'V27', 'V28', 'Time_sin']"
CostSensitiveLearning_with_RandomUnderSampler___RandomizedSearchCV__niter_30__cv_5,8,3,MLA,resubstitution,281,17682,25,60,0.9952903368794326,0.9183006535947712,0.8240469208211144,0.8686244204018547,0.9985881289885357,0.0014118710114643385,0.9113175249048251,0.9071292481567996,0.8675507546294086,0.8662337540036225,0.9647152318275638,0.8542405316222861,22560,0.8756348108975182,0.010679035979293332,0.8720136085930437,0.03373164727548286,"{'classifier__estimator__ccp_alpha': np.float64(0.004899378312842671), 'classifier__estimator__max_depth': 10, 'classifier__estimator__max_features': 'log2', 'classifier__estimator__max_leaf_nodes': 2, 'classifier__estimator__min_impurity_decrease': np.float64(0.02026827428451791), 'classifier__estimator__min_samples_leaf': 4, 'classifier__estimator__min_samples_split': 2, 'classifier__max_features': np.float64(0.8281733081383718), 'classifier__max_samples': np.float64(0.6162777622417512), 'classifier__n_estimators': 755, 'feature_selection_filter__k': 26}",53.51117777824402,"[0, 1, 2, 3, 4, 5, 6, 7, 8, 9, 10, 11, 12, 13, 14, 16, 17, 18, 19, 20, 21, 22, 24, 27, 28, 29]","['Amount_log1p', 'V1', 'V2', 'V3', 'V4', 'V5', 'V6', 'V7', 'V8', 'V9', 'V10', 'V11', 'V12', 'V13', 'V14', 'V16', 'V17', 'V18', 'V19', 'V20', 'V21', 'V22', 'V24', 'V27', 'V28', 'Time_sin']"
CostSensitiveLearning_with_RandomUnderSampler___RandomizedSearchCV__niter_30__cv_5,8,4,MLA,resubstitution,285,17674,33,56,0.9950687056737588,0.8962264150943396,0.8357771260997068,0.8649468892261002,0.998136330264867,0.0018636697351329667,0.9169567281822869,0.9133561811059683,0.8629839868077518,0.8624385060371219,0.9696872535953855,0.8628566547854557,22560,0.8683467488914172,0.00874668716895256,0.871731488109441,0.04492693755082279,"{'classifier__estimator__ccp_alpha': np.float64(0.0036369499198565212), 'classifier__estimator__max_depth': 3, 'classifier__estimator__max_features': 'sqrt', 'classifier__estimator__max_leaf_nodes': 17, 'classifier__estimator__min_impurity_decrease': np.float64(0.08052362587320414), 'classifier__estimator__min_samples_leaf': 6, 'classifier__estimator__min_samples_split': 8, 'classifier__max_features': np.float64(0.6159544949037312), 'classifier__max_samples': np.float64(0.5003168507805282), 'classifier__n_estimators': 640, 'feature_selection_filter__k': 24}",43.24593639373779,"[0, 1, 2, 3, 4, 5, 6, 7, 8, 9, 10, 11, 12, 14, 16, 17, 18, 19, 20, 21, 22, 24, 27, 29]","['Amount_log1p', 'V1', 'V2', 'V3', 'V4', 'V5', 'V6', 'V7', 'V8', 'V9', 'V10', 'V11', 'V12', 'V14', 'V16', 'V17', 'V18', 'V19', 'V20', 'V21', 'V22', 'V24', 'V27', 'Time_sin']"
CostSensitiveLearning_with_RandomUnderSampler___RandomizedSearchCV__niter_30__cv_5,8,5,MLA,resubstitution,280,17676,32,60,0.9949024822695035,0.8974358974358975,0.8235294117647058,0.8588957055214724,0.9981929071606054,0.0018070928393946195,0.9108611594626557,0.9066648871891284,0.8571249974563989,0.8563049366100062,0.9665449481125181,0.8459095215194606,22560,0.8734404371898421,0.012888075415440887,0.8731748484859623,0.028948232363474637,"{'classifier__estimator__ccp_alpha': np.float64(0.0075515236655799905), 'classifier__estimator__max_depth': 6, 'classifier__estimator__max_features': 'log2', 'classifier__estimator__max_leaf_nodes': 2, 'classifier__estimator__min_impurity_decrease': np.float64(0.09893127729817885), 'classifier__estimator__min_samples_leaf': 8, 'classifier__estimator__min_samples_split': 7, 'classifier__max_features': np.float64(0.5913730151316696), 'classifier__max_samples': np.float64(0.6176848124006381), 'classifier__n_estimators': 336, 'feature_selection_filter__k': 'all'}",36.79149150848389,"[0, 1, 2, 3, 4, 5, 6, 7, 8, 9, 10, 11, 12, 13, 14, 15, 16, 17, 18, 19, 20, 21, 22, 23, 24, 25, 26, 27, 28, 29, 30]","['Amount_log1p', 'V1', 'V2', 'V3', 'V4', 'V5', 'V6', 'V7', 'V8', 'V9', 'V10', 'V11', 'V12', 'V13', 'V14', 'V15', 'V16', 'V17', 'V18', 'V19', 'V20', 'V21', 'V22', 'V23', 'V24', 'V25', 'V26', 'V27', 'V28', 'Time_sin', 'Time_cos']"
CostSensitiveLearning_with_RandomUnderSampler___RandomizedSearchCV__niter_30__cv_5,8,6,MLA,resubstitution,279,17682,26,61,0.9951795212765957,0.9147540983606557,0.8205882352941176,0.8651162790697674,0.9985317370679919,0.0014682629320080798,0.9095599861810548,0.9051979871861147,0.8639891419099476,0.8626695447437194,0.9615016974713988,0.8549711168765488,22560,0.8732097201155812,0.007927376749761045,0.8726148941091258,0.02016196607867215,"{'classifier__estimator__ccp_alpha': np.float64(0.00911059842118164), 'classifier__estimator__max_depth': 8, 'classifier__estimator__max_features': 'log2', 'classifier__estimator__max_leaf_nodes': 2, 'classifier__estimator__min_impurity_decrease': np.float64(0.08274772809577939), 'classifier__estimator__min_samples_leaf': 4, 'classifier__estimator__min_samples_split': 8, 'classifier__max_features': np.float64(0.8974674964256997), 'classifier__max_samples': np.float64(0.9175377829539496), 'classifier__n_estimators': 900, 'feature_selection_filter__k': 28}",48.73160433769226,"[0, 1, 2, 3, 4, 5, 6, 7, 8, 9, 10, 11, 12, 14, 16, 17, 18, 19, 20, 21, 23, 24, 25, 26, 27, 28, 29, 30]","['Amount_log1p', 'V1', 'V2', 'V3', 'V4', 'V5', 'V6', 'V7', 'V8', 'V9', 'V10', 'V11', 'V12', 'V14', 'V16', 'V17', 'V18', 'V19', 'V20', 'V21', 'V23', 'V24', 'V25', 'V26', 'V27', 'V28', 'Time_sin', 'Time_cos']"
CostSensitiveLearning_with_RandomUnderSampler___RandomizedSearchCV__niter_30__cv_5,8,7,MLA,resubstitution,285,17686,22,55,0.9957335992907801,0.9283387622149837,0.8382352941176471,0.8809891808346213,0.9987576236729162,0.001242376327083794,0.9184964588952816,0.9149830000779846,0.8800103149518973,0.8788227998300706,0.9661718199816633,0.8508395121835266,22560,0.8776414982106727,0.005471468914723526,0.8839202573742047,0.013517072688445674,"{'classifier__estimator__ccp_alpha': np.float64(0.004084961693700115), 'classifier__estimator__max_depth': 19, 'classifier__estimator__max_features': 'sqrt', 'classifier__estimator__max_leaf_nodes': 2, 'classifier__estimator__min_impurity_decrease': np.float64(0.03516149073561258), 'classifier__estimator__min_samples_leaf': 9, 'classifier__estimator__min_samples_split': 3, 'classifier__max_features': np.float64(0.9555574148932439), 'classifier__max_samples': np.float64(0.6010126874720348), 'classifier__n_estimators': 778, 'feature_selection_filter__k': 28}",41.503687381744385,"[0, 1, 2, 3, 4, 5, 6, 7, 8, 9, 10, 11, 12, 14, 15, 16, 17, 18, 19, 20, 21, 22, 23, 24, 27, 28, 29, 30]","['Amount_log1p', 'V1', 'V2', 'V3', 'V4', 'V5', 'V6', 'V7', 'V8', 'V9', 'V10', 'V11', 'V12', 'V14', 'V15', 'V16', 'V17', 'V18', 'V19', 'V20', 'V21', 'V22', 'V23', 'V24', 'V27', 'V28', 'Time_sin', 'Time_cos']"
CostSensitiveLearning_with_RandomUnderSampler___RandomizedSearchCV__niter_30__cv_5,8,8,MLA,resubstitution,285,17684,23,56,0.9956227836879432,0.9253246753246753,0.8357771260997068,0.8782742681047766,0.9987010786694528,0.0012989213305472092,0.9172391023845798,0.9136145343431399,0.8772280603497342,0.8760514560601772,0.9686482655847787,0.8659627741300343,22561,0.8738865346019027,0.009072078304770451,0.8695913660521729,0.02936470498104543,"{'classifier__estimator__ccp_alpha': np.float64(0.005420132189139421), 'classifier__estimator__max_depth': 7, 'classifier__estimator__max_features': 'log2', 'classifier__estimator__max_leaf_nodes': 3, 'classifier__estimator__min_impurity_decrease': np.float64(0.0918215240628901), 'classifier__estimator__min_samples_leaf': 3, 'classifier__estimator__min_samples_split': 2, 'classifier__max_features': np.float64(0.56333678167105), 'classifier__max_samples': np.float64(0.5196621038381504), 'classifier__n_estimators': 276, 'feature_selection_filter__k': 28}",38.0525279045105,"[0, 1, 2, 3, 4, 5, 6, 7, 8, 9, 10, 11, 12, 14, 16, 17, 18, 19, 20, 21, 22, 23, 24, 25, 27, 28, 29, 30]","['Amount_log1p', 'V1', 'V2', 'V3', 'V4', 'V5', 'V6', 'V7', 'V8', 'V9', 'V10', 'V11', 'V12', 'V14', 'V16', 'V17', 'V18', 'V19', 'V20', 'V21', 'V22', 'V23', 'V24', 'V25', 'V27', 'V28', 'Time_sin', 'Time_cos']"
CostSensitiveLearning_with_RandomUnderSampler___RandomizedSearchCV__niter_30__cv_5,8,9,MLA,resubstitution,284,17679,28,57,0.9952903368794326,0.9102564102564102,0.8328445747800587,0.8698315467075038,0.9984187044671599,0.0015812955328401435,0.9156316396236093,0.9118813526848812,0.8683266738929379,0.8674381467886103,0.9651559343215822,0.8622337723762661,22561,0.8654113741083996,0.005917270124587055,0.8639306096974876,0.019800106572820615,"{'classifier__estimator__ccp_alpha': np.float64(0.008424103345612362), 'classifier__estimator__max_depth': 3, 'classifier__estimator__max_features': 'sqrt', 'classifier__estimator__max_leaf_nodes': 2, 'classifier__estimator__min_impurity_decrease': np.float64(0.09477450948691084), 'classifier__estimator__min_samples_leaf': 6, 'classifier__estimator__min_samples_split': 7, 'classifier__max_features': np.float64(0.9223500534546738), 'classifier__max_samples': np.float64(0.8696690051795202), 'classifier__n_estimators': 702, 'feature_selection_filter__k': 28}",48.40425682067871,"[0, 1, 2, 3, 4, 5, 6, 7, 8, 9, 10, 11, 12, 14, 16, 17, 18, 19, 20, 21, 23, 24, 25, 26, 27, 28, 29, 30]","['Amount_log1p', 'V1', 'V2', 'V3', 'V4', 'V5', 'V6', 'V7', 'V8', 'V9', 'V10', 'V11', 'V12', 'V14', 'V16', 'V17', 'V18', 'V19', 'V20', 'V21', 'V23', 'V24', 'V25', 'V26', 'V27', 'V28', 'Time_sin', 'Time_cos']"
CostSensitiveLearning_with_RandomUnderSampler___RandomizedSearchCV__niter_30__cv_5,8,10,MLA,resubstitution,281,17673,34,60,0.9947916666666666,0.8920634920634921,0.8240469208211144,0.8567073170731707,0.9980798554244085,0.0019201445755915314,0.9110633881227614,0.9068983579189384,0.8547558708189618,0.8540591903865042,0.9625905522725989,0.847073834857551,22561,0.8518470280185243,0.017100908850976503,0.8608038615432967,0.027219533200054213,"{'classifier__estimator__ccp_alpha': np.float64(0.0024358809173762454), 'classifier__estimator__max_depth': 18, 'classifier__estimator__max_features': 'sqrt', 'classifier__estimator__max_leaf_nodes': 2, 'classifier__estimator__min_impurity_decrease': np.float64(0.06773634869256275), 'classifier__estimator__min_samples_leaf': 8, 'classifier__estimator__min_samples_split': 8, 'classifier__max_features': np.float64(0.7875088592659909), 'classifier__max_samples': np.float64(0.5517157451630026), 'classifier__n_estimators': 380, 'feature_selection_filter__k': 26}",42.70009112358093,"[0, 1, 2, 3, 4, 5, 6, 7, 8, 9, 10, 11, 12, 14, 16, 17, 18, 19, 20, 21, 23, 24, 27, 28, 29, 30]","['Amount_log1p', 'V1', 'V2', 'V3', 'V4', 'V5', 'V6', 'V7', 'V8', 'V9', 'V10', 'V11', 'V12', 'V14', 'V16', 'V17', 'V18', 'V19', 'V20', 'V21', 'V23', 'V24', 'V27', 'V28', 'Time_sin', 'Time_cos']"
CostSensitiveLearning_with_RandomUnderSampler___RandomizedSearchCV__niter_30__cv_5,9,1,MLA,resubstitution,277,17687,20,64,0.995345744680851,0.9326599326599326,0.8123167155425219,0.8683385579937304,0.9988705031908285,0.0011294968091715152,0.9055936093666752,0.9007770014849846,0.8681227663832062,0.8659810273451278,0.9602547131235439,0.8557782922426254,22560,0.8636962197218283,0.01568305844619914,0.8659697328583633,0.03145081596842275,"{'classifier__estimator__ccp_alpha': np.float64(0.007479907793611233), 'classifier__estimator__max_depth': 5, 'classifier__estimator__max_features': 'sqrt', 'classifier__estimator__max_leaf_nodes': 11, 'classifier__estimator__min_impurity_decrease': np.float64(0.06781174469113146), 'classifier__estimator__min_samples_leaf': 2, 'classifier__estimator__min_samples_split': 9, 'classifier__max_features': np.float64(0.5448605786425884), 'classifier__max_samples': np.float64(0.5127901519009666), 'classifier__n_estimators': 349, 'feature_selection_filter__k': 28}",42.07500696182251,"[0, 1, 2, 3, 4, 5, 6, 7, 8, 9, 10, 11, 12, 14, 16, 17, 18, 19, 20, 21, 22, 23, 24, 25, 27, 28, 29, 30]","['Amount_log1p', 'V1', 'V2', 'V3', 'V4', 'V5', 'V6', 'V7', 'V8', 'V9', 'V10', 'V11', 'V12', 'V14', 'V16', 'V17', 'V18', 'V19', 'V20', 'V21', 'V22', 'V23', 'V24', 'V25', 'V27', 'V28', 'Time_sin', 'Time_cos']"
CostSensitiveLearning_with_RandomUnderSampler___RandomizedSearchCV__niter_30__cv_5,9,2,MLA,resubstitution,291,17683,24,50,0.9958998226950354,0.9238095238095239,0.8533724340175953,0.8871951219512195,0.9986446038289942,0.0013553961710057738,0.9260085189232947,0.9231553370306028,0.8858324362855466,0.8851104264744821,0.9705110244353882,0.8767986613571397,22560,0.8951004190670144,0.0063907752933558305,0.8950962216078494,0.038861440176564725,"{'classifier__estimator__ccp_alpha': np.float64(0.006955295287709109), 'classifier__estimator__max_depth': 16, 'classifier__estimator__max_features': 'log2', 'classifier__estimator__max_leaf_nodes': 2, 'classifier__estimator__min_impurity_decrease': np.float64(0.09097693976341431), 'classifier__estimator__min_samples_leaf': 2, 'classifier__estimator__min_samples_split': 5, 'classifier__max_features': np.float64(0.681552033592509), 'classifier__max_samples': np.float64(0.9274864079120382), 'classifier__n_estimators': 586, 'feature_selection_filter__k': 28}",46.73936891555786,"[0, 1, 2, 3, 4, 5, 6, 7, 8, 9, 10, 11, 12, 13, 14, 16, 17, 18, 19, 20, 21, 23, 24, 26, 27, 28, 29, 30]","['Amount_log1p', 'V1', 'V2', 'V3', 'V4', 'V5', 'V6', 'V7', 'V8', 'V9', 'V10', 'V11', 'V12', 'V13', 'V14', 'V16', 'V17', 'V18', 'V19', 'V20', 'V21', 'V23', 'V24', 'V26', 'V27', 'V28', 'Time_sin', 'Time_cos']"
CostSensitiveLearning_with_RandomUnderSampler___RandomizedSearchCV__niter_30__cv_5,9,3,MLA,resubstitution,285,17672,35,56,0.994957890070922,0.890625,0.8357771260997068,0.8623298033282905,0.9980233805839499,0.001976619416050096,0.9169002533418283,0.9133045016886578,0.860214932385653,0.8597643612835534,0.9623578626806801,0.8532879830333628,22560,0.8657311859733954,0.00827930436383566,0.8728850638065719,0.030980451172172102,"{'classifier__estimator__ccp_alpha': np.float64(0.0064964819604546), 'classifier__estimator__max_depth': 5, 'classifier__estimator__max_features': 'sqrt', 'classifier__estimator__max_leaf_nodes': 15, 'classifier__estimator__min_impurity_decrease': np.float64(0.0777113247838026), 'classifier__estimator__min_samples_leaf': 6, 'classifier__estimator__min_samples_split': 2, 'classifier__max_features': np.float64(0.5067283815988078), 'classifier__max_samples': np.float64(0.6779224987465088), 'classifier__n_estimators': 865, 'feature_selection_filter__k': 22}",39.20708465576172,"[1, 2, 3, 4, 5, 6, 7, 8, 9, 10, 11, 12, 14, 16, 17, 18, 19, 20, 21, 23, 27, 29]","['V1', 'V2', 'V3', 'V4', 'V5', 'V6', 'V7', 'V8', 'V9', 'V10', 'V11', 'V12', 'V14', 'V16', 'V17', 'V18', 'V19', 'V20', 'V21', 'V23', 'V27', 'Time_sin']"
CostSensitiveLearning_with_RandomUnderSampler___RandomizedSearchCV__niter_30__cv_5,9,4,MLA,resubstitution,289,17684,23,52,0.995844414893617,0.9262820512820513,0.8475073313782991,0.885145482388974,0.9987010786694528,0.0012989213305472092,0.923104205023876,0.9200035250083429,0.883938160702116,0.8830336589311267,0.9673569625611556,0.8734026426077994,22560,0.8754628286339876,0.0086292681049862,0.8816824597971411,0.010775746270235326,"{'classifier__estimator__ccp_alpha': np.float64(0.004059045539511132), 'classifier__estimator__max_depth': 6, 'classifier__estimator__max_features': 'log2', 'classifier__estimator__max_leaf_nodes': 2, 'classifier__estimator__min_impurity_decrease': np.float64(0.05498053412238131), 'classifier__estimator__min_samples_leaf': 1, 'classifier__estimator__min_samples_split': 4, 'classifier__max_features': np.float64(0.6157422592799734), 'classifier__max_samples': np.float64(0.9188653633462913), 'classifier__n_estimators': 659, 'feature_selection_filter__k': 20}",49.08434224128723,"[1, 2, 3, 4, 5, 6, 7, 8, 9, 10, 11, 12, 14, 16, 17, 18, 19, 20, 21, 27]","['V1', 'V2', 'V3', 'V4', 'V5', 'V6', 'V7', 'V8', 'V9', 'V10', 'V11', 'V12', 'V14', 'V16', 'V17', 'V18', 'V19', 'V20', 'V21', 'V27']"
CostSensitiveLearning_with_RandomUnderSampler___RandomizedSearchCV__niter_30__cv_5,9,5,MLA,resubstitution,283,17679,29,57,0.9952349290780141,0.907051282051282,0.8323529411764706,0.8680981595092024,0.9983623221142987,0.0016376778857013496,0.9153576316453846,0.9115864277026109,0.8665053893951863,0.8656763537876144,0.9719843307777143,0.858936460081038,22560,0.8655273691974639,0.004024028318467433,0.8583176148699799,0.022389297516511236,"{'classifier__estimator__ccp_alpha': np.float64(0.0035051092179059717), 'classifier__estimator__max_depth': 18, 'classifier__estimator__max_features': 'log2', 'classifier__estimator__max_leaf_nodes': 13, 'classifier__estimator__min_impurity_decrease': np.float64(0.07782690092903488), 'classifier__estimator__min_samples_leaf': 6, 'classifier__estimator__min_samples_split': 9, 'classifier__max_features': np.float64(0.6750372678046808), 'classifier__max_samples': np.float64(0.79647277971946), 'classifier__n_estimators': 342, 'feature_selection_filter__k': 'all'}",39.56033110618591,"[0, 1, 2, 3, 4, 5, 6, 7, 8, 9, 10, 11, 12, 13, 14, 15, 16, 17, 18, 19, 20, 21, 22, 23, 24, 25, 26, 27, 28, 29, 30]","['Amount_log1p', 'V1', 'V2', 'V3', 'V4', 'V5', 'V6', 'V7', 'V8', 'V9', 'V10', 'V11', 'V12', 'V13', 'V14', 'V15', 'V16', 'V17', 'V18', 'V19', 'V20', 'V21', 'V22', 'V23', 'V24', 'V25', 'V26', 'V27', 'V28', 'Time_sin', 'Time_cos']"
CostSensitiveLearning_with_RandomUnderSampler___RandomizedSearchCV__niter_30__cv_5,9,6,MLA,resubstitution,279,17694,14,61,0.995844414893617,0.9522184300341296,0.8205882352941176,0.8815165876777251,0.9992093968827649,0.0007906031172351113,0.9098988160884413,0.9055050942304674,0.8819353008813979,0.8794135736699681,0.9603144640508112,0.8608645376596774,22560,0.8753830171777983,0.006913344085226322,0.8805759189914115,0.012913692853503293,"{'classifier__estimator__ccp_alpha': np.float64(0.008814546781585537), 'classifier__estimator__max_depth': 6, 'classifier__estimator__max_features': 'log2', 'classifier__estimator__max_leaf_nodes': 2, 'classifier__estimator__min_impurity_decrease': np.float64(0.024214362502813603), 'classifier__estimator__min_samples_leaf': 8, 'classifier__estimator__min_samples_split': 5, 'classifier__max_features': np.float64(0.743553220207448), 'classifier__max_samples': np.float64(0.517590449598144), 'classifier__n_estimators': 396, 'feature_selection_filter__k': 26}",44.66141891479492,"[0, 1, 2, 3, 4, 5, 6, 7, 8, 9, 10, 11, 12, 14, 16, 17, 18, 19, 20, 21, 22, 23, 24, 27, 28, 29]","['Amount_log1p', 'V1', 'V2', 'V3', 'V4', 'V5', 'V6', 'V7', 'V8', 'V9', 'V10', 'V11', 'V12', 'V14', 'V16', 'V17', 'V18', 'V19', 'V20', 'V21', 'V22', 'V23', 'V24', 'V27', 'V28', 'Time_sin']"
CostSensitiveLearning_with_RandomUnderSampler___RandomizedSearchCV__niter_30__cv_5,9,7,MLA,resubstitution,286,17687,21,54,0.995844414893617,0.9315960912052117,0.8411764705882353,0.884080370942813,0.9988140953241473,0.001185904675852667,0.9199952829561913,0.9166127401899602,0.8831620277223717,0.8819702595747442,0.9750365404802084,0.8621373849200744,22560,0.8787666485008753,0.016971408797793047,0.8753764499660658,0.036657906053845744,"{'classifier__estimator__ccp_alpha': np.float64(0.00919205333014479), 'classifier__estimator__max_depth': 12, 'classifier__estimator__max_features': 'sqrt', 'classifier__estimator__max_leaf_nodes': 2, 'classifier__estimator__min_impurity_decrease': np.float64(0.04987544715227104), 'classifier__estimator__min_samples_leaf': 2, 'classifier__estimator__min_samples_split': 3, 'classifier__max_features': np.float64(0.5856798158415657), 'classifier__max_samples': np.float64(0.524573469766265), 'classifier__n_estimators': 661, 'feature_selection_filter__k': 20}",42.60309624671936,"[1, 2, 3, 4, 5, 6, 7, 8, 9, 10, 11, 12, 14, 16, 17, 18, 19, 20, 21, 27]","['V1', 'V2', 'V3', 'V4', 'V5', 'V6', 'V7', 'V8', 'V9', 'V10', 'V11', 'V12', 'V14', 'V16', 'V17', 'V18', 'V19', 'V20', 'V21', 'V27']"
CostSensitiveLearning_with_RandomUnderSampler___RandomizedSearchCV__niter_30__cv_5,9,8,MLA,resubstitution,278,17684,23,63,0.9952349290780141,0.9235880398671097,0.8152492668621701,0.8660436137071651,0.9987010786694528,0.0012989213305472092,0.9069751727658115,0.9023249537720487,0.8653700741883051,0.8636275215625592,0.9608834718678283,0.8496960316358839,22561,0.8701726514537029,0.0045156870756011365,0.8678261601882188,0.02588215791611479,"{'classifier__estimator__ccp_alpha': np.float64(0.005053472227917921), 'classifier__estimator__max_depth': 8, 'classifier__estimator__max_features': 'log2', 'classifier__estimator__max_leaf_nodes': 2, 'classifier__estimator__min_impurity_decrease': np.float64(0.0889574331067518), 'classifier__estimator__min_samples_leaf': 6, 'classifier__estimator__min_samples_split': 7, 'classifier__max_features': np.float64(0.574985511027039), 'classifier__max_samples': np.float64(0.9580868244505263), 'classifier__n_estimators': 683, 'feature_selection_filter__k': 26}",38.844409704208374,"[0, 1, 2, 3, 4, 5, 6, 7, 8, 9, 10, 11, 12, 14, 16, 17, 18, 19, 20, 21, 22, 24, 27, 28, 29, 30]","['Amount_log1p', 'V1', 'V2', 'V3', 'V4', 'V5', 'V6', 'V7', 'V8', 'V9', 'V10', 'V11', 'V12', 'V14', 'V16', 'V17', 'V18', 'V19', 'V20', 'V21', 'V22', 'V24', 'V27', 'V28', 'Time_sin', 'Time_cos']"
CostSensitiveLearning_with_RandomUnderSampler___RandomizedSearchCV__niter_30__cv_5,9,9,MLA,resubstitution,279,17683,24,62,0.9952349290780141,0.9207920792079208,0.8181818181818182,0.8664596273291926,0.9986446038289942,0.0013553961710057738,0.9084132110054062,0.9039208248946741,0.8656057736458868,0.864042411065054,0.9651710053200625,0.8670637867094785,22561,0.867785043666232,0.01537953704696502,0.865625,0.033657280044590655,"{'classifier__estimator__ccp_alpha': np.float64(0.0014330589448612852), 'classifier__estimator__max_depth': 15, 'classifier__estimator__max_features': 'log2', 'classifier__estimator__max_leaf_nodes': 2, 'classifier__estimator__min_impurity_decrease': np.float64(0.014884468727084089), 'classifier__estimator__min_samples_leaf': 9, 'classifier__estimator__min_samples_split': 3, 'classifier__max_features': np.float64(0.5321904313330192), 'classifier__max_samples': np.float64(0.5365308109782889), 'classifier__n_estimators': 354, 'feature_selection_filter__k': 'all'}",46.32055330276489,"[0, 1, 2, 3, 4, 5, 6, 7, 8, 9, 10, 11, 12, 13, 14, 15, 16, 17, 18, 19, 20, 21, 22, 23, 24, 25, 26, 27, 28, 29, 30]","['Amount_log1p', 'V1', 'V2', 'V3', 'V4', 'V5', 'V6', 'V7', 'V8', 'V9', 'V10', 'V11', 'V12', 'V13', 'V14', 'V15', 'V16', 'V17', 'V18', 'V19', 'V20', 'V21', 'V22', 'V23', 'V24', 'V25', 'V26', 'V27', 'V28', 'Time_sin', 'Time_cos']"
CostSensitiveLearning_with_RandomUnderSampler___RandomizedSearchCV__niter_30__cv_5,9,10,MLA,resubstitution,280,17660,47,61,0.9940159574468085,0.8562691131498471,0.8211143695014663,0.8383233532934131,0.9973456824984469,0.002654317501553094,0.9092300259999566,0.9049502037458867,0.8354667701021461,0.8352762812630725,0.9688890703297253,0.848693076916451,22561,0.8583679757622662,0.022084399411445698,0.8573671657783143,0.03275556406435151,"{'classifier__estimator__ccp_alpha': np.float64(0.009285041682656715), 'classifier__estimator__max_depth': 14, 'classifier__estimator__max_features': 'sqrt', 'classifier__estimator__max_leaf_nodes': 2, 'classifier__estimator__min_impurity_decrease': np.float64(0.02622656343349321), 'classifier__estimator__min_samples_leaf': 2, 'classifier__estimator__min_samples_split': 9, 'classifier__max_features': np.float64(0.5855927881099952), 'classifier__max_samples': np.float64(0.9584316540301985), 'classifier__n_estimators': 402, 'feature_selection_filter__k': 20}",38.56178402900696,"[1, 2, 3, 4, 5, 6, 7, 8, 9, 10, 11, 12, 14, 16, 17, 18, 19, 20, 21, 27]","['V1', 'V2', 'V3', 'V4', 'V5', 'V6', 'V7', 'V8', 'V9', 'V10', 'V11', 'V12', 'V14', 'V16', 'V17', 'V18', 'V19', 'V20', 'V21', 'V27']"
CostSensitiveLearning_with_RandomUnderSampler___RandomizedSearchCV__niter_30__cv_5,10,1,MLA,resubstitution,285,17675,32,56,0.9951241134751773,0.8990536277602523,0.8357771260997068,0.8662613981762918,0.9981928051053256,0.001807194894674402,0.9169849656025162,0.91338201971811,0.8643782483762024,0.8637815528942766,0.9686415581623782,0.8609544610042834,22560,0.873869368019427,0.007663110256671565,0.8714589724384385,0.045474267271328944,"{'classifier__estimator__ccp_alpha': np.float64(0.008248226204894193), 'classifier__estimator__max_depth': 9, 'classifier__estimator__max_features': 'sqrt', 'classifier__estimator__max_leaf_nodes': 2, 'classifier__estimator__min_impurity_decrease': np.float64(0.08615461677346153), 'classifier__estimator__min_samples_leaf': 4, 'classifier__estimator__min_samples_split': 7, 'classifier__max_features': np.float64(0.5532556233852026), 'classifier__max_samples': np.float64(0.6001168400726526), 'classifier__n_estimators': 986, 'feature_selection_filter__k': 'all'}",44.62722969055176,"[0, 1, 2, 3, 4, 5, 6, 7, 8, 9, 10, 11, 12, 13, 14, 15, 16, 17, 18, 19, 20, 21, 22, 23, 24, 25, 26, 27, 28, 29, 30]","['Amount_log1p', 'V1', 'V2', 'V3', 'V4', 'V5', 'V6', 'V7', 'V8', 'V9', 'V10', 'V11', 'V12', 'V13', 'V14', 'V15', 'V16', 'V17', 'V18', 'V19', 'V20', 'V21', 'V22', 'V23', 'V24', 'V25', 'V26', 'V27', 'V28', 'Time_sin', 'Time_cos']"
CostSensitiveLearning_with_RandomUnderSampler___RandomizedSearchCV__niter_30__cv_5,10,2,MLA,resubstitution,276,17670,37,65,0.9943484042553191,0.8817891373801917,0.8093841642228738,0.8440366972477065,0.9979104309030327,0.0020895690969673364,0.9036472975629533,0.8987173638501367,0.841964853301376,0.8411641282265305,0.9642249275308554,0.8625335685044653,22560,0.8483095371103468,0.013564737450517884,0.8498138257166831,0.036901224398693,"{'classifier__estimator__ccp_alpha': np.float64(0.0031980267134671726), 'classifier__estimator__max_depth': 14, 'classifier__estimator__max_features': 'log2', 'classifier__estimator__max_leaf_nodes': 5, 'classifier__estimator__min_impurity_decrease': np.float64(0.08770569903868793), 'classifier__estimator__min_samples_leaf': 9, 'classifier__estimator__min_samples_split': 3, 'classifier__max_features': np.float64(0.601972058106159), 'classifier__max_samples': np.float64(0.9371069753072108), 'classifier__n_estimators': 681, 'feature_selection_filter__k': 26}",45.99263954162598,"[0, 1, 2, 3, 4, 5, 6, 7, 8, 9, 10, 11, 12, 14, 16, 17, 18, 19, 20, 21, 22, 24, 27, 28, 29, 30]","['Amount_log1p', 'V1', 'V2', 'V3', 'V4', 'V5', 'V6', 'V7', 'V8', 'V9', 'V10', 'V11', 'V12', 'V14', 'V16', 'V17', 'V18', 'V19', 'V20', 'V21', 'V22', 'V24', 'V27', 'V28', 'Time_sin', 'Time_cos']"
CostSensitiveLearning_with_RandomUnderSampler___RandomizedSearchCV__niter_30__cv_5,10,3,MLA,resubstitution,279,17685,22,62,0.995345744680851,0.9269102990033222,0.8181818181818182,0.8691588785046729,0.9987575535099114,0.0012424464900886445,0.9084696858458647,0.9039719415189632,0.8685479262576877,0.8667989745494764,0.9608467052561516,0.8583328085813544,22560,0.8528432039934349,0.019332213466348433,0.8590387302629867,0.032438749564445486,"{'classifier__estimator__ccp_alpha': np.float64(0.008114036263085848), 'classifier__estimator__max_depth': 18, 'classifier__estimator__max_features': 'sqrt', 'classifier__estimator__max_leaf_nodes': 7, 'classifier__estimator__min_impurity_decrease': np.float64(0.08747629125809048), 'classifier__estimator__min_samples_leaf': 4, 'classifier__estimator__min_samples_split': 8, 'classifier__max_features': np.float64(0.5280109794384367), 'classifier__max_samples': np.float64(0.5952547200333038), 'classifier__n_estimators': 443, 'feature_selection_filter__k': 28}",37.351333141326904,"[0, 1, 2, 3, 4, 5, 6, 7, 8, 9, 10, 11, 12, 14, 15, 16, 17, 18, 19, 20, 21, 22, 23, 24, 26, 27, 28, 29]","['Amount_log1p', 'V1', 'V2', 'V3', 'V4', 'V5', 'V6', 'V7', 'V8', 'V9', 'V10', 'V11', 'V12', 'V14', 'V15', 'V16', 'V17', 'V18', 'V19', 'V20', 'V21', 'V22', 'V23', 'V24', 'V26', 'V27', 'V28', 'Time_sin']"
CostSensitiveLearning_with_RandomUnderSampler___RandomizedSearchCV__niter_30__cv_5,10,4,MLA,resubstitution,285,17684,23,56,0.9956227836879432,0.9253246753246753,0.8357771260997068,0.8782742681047766,0.9987010786694528,0.0012989213305472092,0.9172391023845798,0.9136145343431399,0.8772280603497342,0.8760514560601772,0.9749931559449209,0.8691269734283039,22560,0.8737530124506726,0.01151960598208804,0.8769662164656473,0.02842379231536617,"{'classifier__estimator__ccp_alpha': np.float64(0.002526262975370702), 'classifier__estimator__max_depth': 16, 'classifier__estimator__max_features': 'log2', 'classifier__estimator__max_leaf_nodes': 5, 'classifier__estimator__min_impurity_decrease': np.float64(0.08549170404485558), 'classifier__estimator__min_samples_leaf': 2, 'classifier__estimator__min_samples_split': 3, 'classifier__max_features': np.float64(0.9473108656454936), 'classifier__max_samples': np.float64(0.5156025583110357), 'classifier__n_estimators': 728, 'feature_selection_filter__k': 28}",37.42489957809448,"[0, 1, 2, 3, 4, 5, 6, 7, 8, 9, 10, 11, 12, 14, 15, 16, 17, 18, 19, 20, 21, 23, 24, 25, 26, 27, 28, 29]","['Amount_log1p', 'V1', 'V2', 'V3', 'V4', 'V5', 'V6', 'V7', 'V8', 'V9', 'V10', 'V11', 'V12', 'V14', 'V15', 'V16', 'V17', 'V18', 'V19', 'V20', 'V21', 'V23', 'V24', 'V25', 'V26', 'V27', 'V28', 'Time_sin']"
CostSensitiveLearning_with_RandomUnderSampler___RandomizedSearchCV__niter_30__cv_5,10,5,MLA,resubstitution,288,17677,31,52,0.9954011524822695,0.9028213166144201,0.8470588235294118,0.874051593323217,0.9982493788118365,0.0017506211881634925,0.9226541011706242,0.919552034637149,0.8721713908581773,0.8717118312072782,0.9717359385588435,0.8721077587687969,22560,0.873642414775637,0.01139559222075672,0.8714983919061374,0.02649622026368751,"{'classifier__estimator__ccp_alpha': np.float64(0.004259593726916329), 'classifier__estimator__max_depth': 4, 'classifier__estimator__max_features': 'log2', 'classifier__estimator__max_leaf_nodes': 16, 'classifier__estimator__min_impurity_decrease': np.float64(0.09351177680104798), 'classifier__estimator__min_samples_leaf': 9, 'classifier__estimator__min_samples_split': 7, 'classifier__max_features': np.float64(0.6276570029785864), 'classifier__max_samples': np.float64(0.7809459615150156), 'classifier__n_estimators': 960, 'feature_selection_filter__k': 22}",44.80211877822876,"[1, 2, 3, 4, 5, 6, 7, 8, 9, 10, 11, 12, 14, 16, 17, 18, 19, 20, 21, 23, 27, 29]","['V1', 'V2', 'V3', 'V4', 'V5', 'V6', 'V7', 'V8', 'V9', 'V10', 'V11', 'V12', 'V14', 'V16', 'V17', 'V18', 'V19', 'V20', 'V21', 'V23', 'V27', 'Time_sin']"
CostSensitiveLearning_with_RandomUnderSampler___RandomizedSearchCV__niter_30__cv_5,10,6,MLA,resubstitution,283,17682,26,57,0.9954011524822695,0.9158576051779935,0.8323529411764706,0.8721109399075501,0.9985317370679919,0.0014682629320080798,0.9154423391222313,0.9116637692738444,0.8708054914797863,0.8697748558814754,0.9623934512815744,0.848876302202312,22560,0.8671864883002526,0.007436606762464462,0.8629670037564774,0.012830241418898021,"{'classifier__estimator__ccp_alpha': np.float64(0.008920743073463142), 'classifier__estimator__max_depth': 10, 'classifier__estimator__max_features': 'sqrt', 'classifier__estimator__max_leaf_nodes': 2, 'classifier__estimator__min_impurity_decrease': np.float64(0.028144807840326483), 'classifier__estimator__min_samples_leaf': 7, 'classifier__estimator__min_samples_split': 2, 'classifier__max_features': np.float64(0.5440538490893121), 'classifier__max_samples': np.float64(0.8371882594699158), 'classifier__n_estimators': 424, 'feature_selection_filter__k': 22}",38.402618408203125,"[1, 2, 3, 4, 5, 6, 7, 8, 9, 10, 11, 12, 14, 16, 17, 18, 19, 20, 21, 27, 28, 29]","['V1', 'V2', 'V3', 'V4', 'V5', 'V6', 'V7', 'V8', 'V9', 'V10', 'V11', 'V12', 'V14', 'V16', 'V17', 'V18', 'V19', 'V20', 'V21', 'V27', 'V28', 'Time_sin']"
CostSensitiveLearning_with_RandomUnderSampler___RandomizedSearchCV__niter_30__cv_5,10,7,MLA,resubstitution,283,17688,20,57,0.9957335992907801,0.933993399339934,0.8323529411764706,0.880248833592535,0.9988705669753783,0.001129433024621651,0.9156117540759245,0.9118184327356872,0.879594927647494,0.8780842655347604,0.9660434300216586,0.8621701314005349,22560,0.872877964308999,0.011432552721975749,0.8745906281534033,0.02362491985617098,"{'classifier__estimator__ccp_alpha': np.float64(0.009554657822410806), 'classifier__estimator__max_depth': 8, 'classifier__estimator__max_features': 'log2', 'classifier__estimator__max_leaf_nodes': 2, 'classifier__estimator__min_impurity_decrease': np.float64(0.031983504110988006), 'classifier__estimator__min_samples_leaf': 4, 'classifier__estimator__min_samples_split': 4, 'classifier__max_features': np.float64(0.9696577549980505), 'classifier__max_samples': np.float64(0.8344766703545418), 'classifier__n_estimators': 457, 'feature_selection_filter__k': 'all'}",43.86068677902222,"[0, 1, 2, 3, 4, 5, 6, 7, 8, 9, 10, 11, 12, 13, 14, 15, 16, 17, 18, 19, 20, 21, 22, 23, 24, 25, 26, 27, 28, 29, 30]","['Amount_log1p', 'V1', 'V2', 'V3', 'V4', 'V5', 'V6', 'V7', 'V8', 'V9', 'V10', 'V11', 'V12', 'V13', 'V14', 'V15', 'V16', 'V17', 'V18', 'V19', 'V20', 'V21', 'V22', 'V23', 'V24', 'V25', 'V26', 'V27', 'V28', 'Time_sin', 'Time_cos']"
CostSensitiveLearning_with_RandomUnderSampler___RandomizedSearchCV__niter_30__cv_5,10,8,MLA,resubstitution,289,17692,15,52,0.9962876773049646,0.9506578947368421,0.8475073313782991,0.896124031007752,0.9991528773931214,0.0008471226068785809,0.9233301043857103,0.9202115999912157,0.8957695106701343,0.8942404303374466,0.9635104628336757,0.8641050605110273,22561,0.8921013435910474,0.005206780346332065,0.8952474207726115,0.024365313647579673,"{'classifier__estimator__ccp_alpha': np.float64(0.003065712212056533), 'classifier__estimator__max_depth': 17, 'classifier__estimator__max_features': 'sqrt', 'classifier__estimator__max_leaf_nodes': 2, 'classifier__estimator__min_impurity_decrease': np.float64(0.06702728480466999), 'classifier__estimator__min_samples_leaf': 8, 'classifier__estimator__min_samples_split': 6, 'classifier__max_features': np.float64(0.5669953672264545), 'classifier__max_samples': np.float64(0.770403557791939), 'classifier__n_estimators': 886, 'feature_selection_filter__k': 28}",42.83658242225647,"[0, 1, 2, 3, 4, 5, 6, 7, 8, 9, 10, 11, 12, 13, 14, 16, 17, 18, 19, 20, 21, 22, 23, 24, 27, 28, 29, 30]","['Amount_log1p', 'V1', 'V2', 'V3', 'V4', 'V5', 'V6', 'V7', 'V8', 'V9', 'V10', 'V11', 'V12', 'V13', 'V14', 'V16', 'V17', 'V18', 'V19', 'V20', 'V21', 'V22', 'V23', 'V24', 'V27', 'V28', 'Time_sin', 'Time_cos']"
CostSensitiveLearning_with_RandomUnderSampler___RandomizedSearchCV__niter_30__cv_5,10,9,MLA,resubstitution,287,17664,43,54,0.9946254432624113,0.8696969696969697,0.841642228739003,0.8554396423248882,0.9975715818602813,0.0024284181397187243,0.9196069052996421,0.9162960053844936,0.8528211979945645,0.8527022128794695,0.9717684591162732,0.877065687778368,22561,0.8696830598021019,0.00887336793258617,0.8746209773002287,0.03650127101483349,"{'classifier__estimator__ccp_alpha': np.float64(0.0072575580771336206), 'classifier__estimator__max_depth': 18, 'classifier__estimator__max_features': 'log2', 'classifier__estimator__max_leaf_nodes': 15, 'classifier__estimator__min_impurity_decrease': np.float64(0.09106232617316741), 'classifier__estimator__min_samples_leaf': 2, 'classifier__estimator__min_samples_split': 4, 'classifier__max_features': np.float64(0.7859858455355818), 'classifier__max_samples': np.float64(0.7759407048854896), 'classifier__n_estimators': 507, 'feature_selection_filter__k': 28}",43.54886341094971,"[1, 2, 3, 4, 5, 6, 7, 8, 9, 10, 11, 12, 14, 16, 17, 18, 19, 20, 21, 22, 23, 24, 25, 26, 27, 28, 29, 30]","['V1', 'V2', 'V3', 'V4', 'V5', 'V6', 'V7', 'V8', 'V9', 'V10', 'V11', 'V12', 'V14', 'V16', 'V17', 'V18', 'V19', 'V20', 'V21', 'V22', 'V23', 'V24', 'V25', 'V26', 'V27', 'V28', 'Time_sin', 'Time_cos']"
CostSensitiveLearning_with_RandomUnderSampler___RandomizedSearchCV__niter_30__cv_5,10,10,MLA,resubstitution,285,17683,24,56,0.9955673758865248,0.9223300970873787,0.8357771260997068,0.8769230769230769,0.9986446038289942,0.0013553961710057738,0.9172108649643504,0.9135887023071033,0.875772859213573,0.8746716928539845,0.9678172904762716,0.8634305685374437,22561,0.8763338736616115,0.010268193842151474,0.8734768376451317,0.036179534588313585,"{'classifier__estimator__ccp_alpha': np.float64(0.008379174578564694), 'classifier__estimator__max_depth': 19, 'classifier__estimator__max_features': 'sqrt', 'classifier__estimator__max_leaf_nodes': 8, 'classifier__estimator__min_impurity_decrease': np.float64(0.09743052495849816), 'classifier__estimator__min_samples_leaf': 6, 'classifier__estimator__min_samples_split': 6, 'classifier__max_features': np.float64(0.7418967741846862), 'classifier__max_samples': np.float64(0.9109431786824163), 'classifier__n_estimators': 640, 'feature_selection_filter__k': 20}",42.41459941864014,"[1, 2, 3, 4, 5, 6, 7, 8, 9, 10, 11, 12, 14, 16, 17, 18, 19, 20, 21, 27]","['V1', 'V2', 'V3', 'V4', 'V5', 'V6', 'V7', 'V8', 'V9', 'V10', 'V11', 'V12', 'V14', 'V16', 'V17', 'V18', 'V19', 'V20', 'V21', 'V27']"
