experiment_name,iteration,fold,model,split,tp,tn,fp,fn,accuracy,precision,recall,f1,specificity,fpr,balanced_accuracy,geometric_mean,mcc,kappa,roc_auc,average_precision,fold_size,cv_tuning_mean_train_score,cv_tuning_std_train_score,cv_tuning_mean_val_score,cv_tuning_std_val_score,best_params,tuning_time,selected_features_indices,selected_features_names
CostSensitiveLearning_ClusterCentroids___RandomizedSearchCV__niter_30__cv_5,1,1,MLA,resubstitution,291,17681,26,50,0.9957890070921985,0.917981072555205,0.8533724340175953,0.8844984802431611,0.998531654148077,0.0014683458519230141,0.9259520440828362,0.923103129744429,0.8829663228375234,0.8823567956814207,0.9921912354028685,0.8957991775025458,22560,0.8770095395175858,0.016449966037389935,0.8811686841718662,0.018035530854724965,"{'classifier__estimator__ccp_alpha': np.float64(0.004401524937396013), 'classifier__estimator__max_depth': 9, 'classifier__estimator__max_features': 'log2', 'classifier__estimator__max_leaf_nodes': 9, 'classifier__estimator__min_impurity_decrease': np.float64(0.0034388521115218396), 'classifier__estimator__min_samples_leaf': 1, 'classifier__estimator__min_samples_split': 5, 'classifier__max_features': np.float64(0.5911180438940311), 'classifier__max_samples': np.float64(0.8776807051588262), 'classifier__n_estimators': 489, 'feature_selection_filter__k': 'all'}",106.10522198677063,"[0, 1, 2, 3, 4, 5, 6, 7, 8, 9, 10, 11, 12, 13, 14, 15, 16, 17, 18, 19, 20, 21, 22, 23, 24, 25, 26, 27, 28, 29, 30]","['Amount_log1p', 'V1', 'V2', 'V3', 'V4', 'V5', 'V6', 'V7', 'V8', 'V9', 'V10', 'V11', 'V12', 'V13', 'V14', 'V15', 'V16', 'V17', 'V18', 'V19', 'V20', 'V21', 'V22', 'V23', 'V24', 'V25', 'V26', 'V27', 'V28', 'Time_sin', 'Time_cos']"
CostSensitiveLearning_ClusterCentroids___RandomizedSearchCV__niter_30__cv_5,1,2,MLA,resubstitution,284,17674,33,57,0.9950132978723404,0.8958990536277602,0.8328445747800587,0.8632218844984803,0.998136330264867,0.0018636697351329667,0.9154904525224629,0.9117523937736448,0.8612802359659822,0.8606856790964192,0.9674837411252935,0.85374318042469,22560,0.8843511652849945,0.005614527199050282,0.883168412416844,0.027754280313512857,"{'classifier__estimator__ccp_alpha': np.float64(0.005963269801768657), 'classifier__estimator__max_depth': 4, 'classifier__estimator__max_features': 'sqrt', 'classifier__estimator__max_leaf_nodes': 6, 'classifier__estimator__min_impurity_decrease': np.float64(0.048690617623208636), 'classifier__estimator__min_samples_leaf': 9, 'classifier__estimator__min_samples_split': 2, 'classifier__max_features': np.float64(0.5350679672316185), 'classifier__max_samples': np.float64(0.7542004660732032), 'classifier__n_estimators': 154, 'feature_selection_filter__k': 28}",91.57578134536743,"[0, 1, 2, 3, 4, 5, 6, 7, 8, 9, 10, 11, 12, 14, 16, 17, 18, 19, 20, 21, 22, 23, 24, 25, 27, 28, 29, 30]","['Amount_log1p', 'V1', 'V2', 'V3', 'V4', 'V5', 'V6', 'V7', 'V8', 'V9', 'V10', 'V11', 'V12', 'V14', 'V16', 'V17', 'V18', 'V19', 'V20', 'V21', 'V22', 'V23', 'V24', 'V25', 'V27', 'V28', 'Time_sin', 'Time_cos']"
CostSensitiveLearning_ClusterCentroids___RandomizedSearchCV__niter_30__cv_5,1,3,MLA,resubstitution,281,17691,16,60,0.9957890070921985,0.9461279461279462,0.8240469208211144,0.8808777429467085,0.9990964025526627,0.0009035974473372566,0.9115716616868885,0.9073600796414697,0.880918045199139,0.8787447390265442,0.9594622435880769,0.8572222865024147,22560,0.8833663481714471,0.005644080459809312,0.8852571001037806,0.02124059309317654,"{'classifier__estimator__ccp_alpha': np.float64(0.008482533310161983), 'classifier__estimator__max_depth': 4, 'classifier__estimator__max_features': 'sqrt', 'classifier__estimator__max_leaf_nodes': 2, 'classifier__estimator__min_impurity_decrease': np.float64(0.07791449988494628), 'classifier__estimator__min_samples_leaf': 5, 'classifier__estimator__min_samples_split': 7, 'classifier__max_features': np.float64(0.5320698237784667), 'classifier__max_samples': np.float64(0.7150095097747994), 'classifier__n_estimators': 613, 'feature_selection_filter__k': 28}",95.22831845283508,"[0, 1, 2, 3, 4, 5, 6, 7, 8, 9, 10, 11, 12, 13, 14, 16, 17, 18, 19, 20, 21, 23, 24, 25, 27, 28, 29, 30]","['Amount_log1p', 'V1', 'V2', 'V3', 'V4', 'V5', 'V6', 'V7', 'V8', 'V9', 'V10', 'V11', 'V12', 'V13', 'V14', 'V16', 'V17', 'V18', 'V19', 'V20', 'V21', 'V23', 'V24', 'V25', 'V27', 'V28', 'Time_sin', 'Time_cos']"
CostSensitiveLearning_ClusterCentroids___RandomizedSearchCV__niter_30__cv_5,1,4,MLA,resubstitution,280,17691,16,61,0.9957335992907801,0.9459459459459459,0.8211143695014663,0.8791208791208791,0.9990964025526627,0.0009035974473372566,0.9101053860270645,0.9057441209597845,0.8792363844288524,0.8769603878065331,0.9610244933536068,0.8599278957123274,22560,0.8792881231347422,0.00816000230668899,0.8769081248435964,0.025210973441272096,"{'classifier__estimator__ccp_alpha': np.float64(0.009165769020618884), 'classifier__estimator__max_depth': 18, 'classifier__estimator__max_features': 'log2', 'classifier__estimator__max_leaf_nodes': 4, 'classifier__estimator__min_impurity_decrease': np.float64(0.08183966031137653), 'classifier__estimator__min_samples_leaf': 4, 'classifier__estimator__min_samples_split': 8, 'classifier__max_features': np.float64(0.6295918612618414), 'classifier__max_samples': np.float64(0.7972894105470136), 'classifier__n_estimators': 640, 'feature_selection_filter__k': 24}",97.21668815612793,"[0, 1, 2, 3, 4, 5, 6, 7, 8, 9, 10, 11, 12, 14, 16, 17, 18, 19, 20, 21, 23, 27, 28, 29]","['Amount_log1p', 'V1', 'V2', 'V3', 'V4', 'V5', 'V6', 'V7', 'V8', 'V9', 'V10', 'V11', 'V12', 'V14', 'V16', 'V17', 'V18', 'V19', 'V20', 'V21', 'V23', 'V27', 'V28', 'Time_sin']"
CostSensitiveLearning_ClusterCentroids___RandomizedSearchCV__niter_30__cv_5,1,5,MLA,resubstitution,292,17672,36,48,0.995345744680851,0.8902439024390244,0.8588235294117647,0.874251497005988,0.9979670205556811,0.0020329794443189053,0.9283952749837229,0.9257848339815106,0.8720273421399366,0.8718812705864536,0.9962926360966794,0.9099885054197592,22560,0.8935257349683449,0.007779815941778868,0.8833712311608235,0.015799348206001172,"{'classifier__estimator__ccp_alpha': np.float64(0.0033323856310307877), 'classifier__estimator__max_depth': 11, 'classifier__estimator__max_features': 'sqrt', 'classifier__estimator__max_leaf_nodes': 15, 'classifier__estimator__min_impurity_decrease': np.float64(0.0033191787293330947), 'classifier__estimator__min_samples_leaf': 4, 'classifier__estimator__min_samples_split': 5, 'classifier__max_features': np.float64(0.8356677901136276), 'classifier__max_samples': np.float64(0.6122495445007325), 'classifier__n_estimators': 474, 'feature_selection_filter__k': 24}",98.08299660682678,"[1, 2, 3, 4, 5, 6, 7, 8, 9, 10, 11, 12, 14, 16, 17, 18, 19, 20, 21, 23, 24, 27, 28, 29]","['V1', 'V2', 'V3', 'V4', 'V5', 'V6', 'V7', 'V8', 'V9', 'V10', 'V11', 'V12', 'V14', 'V16', 'V17', 'V18', 'V19', 'V20', 'V21', 'V23', 'V24', 'V27', 'V28', 'Time_sin']"
CostSensitiveLearning_ClusterCentroids___RandomizedSearchCV__niter_30__cv_5,1,6,MLA,resubstitution,284,17695,13,56,0.9961768617021277,0.9562289562289562,0.8352941176470589,0.8916797488226059,0.9992658685339959,0.0007341314660040954,0.9172799930905273,0.9136087247568984,0.8918506572516623,0.8897428650960776,0.9605587039423857,0.871444441061095,22560,0.9008214396465904,0.01204574979058558,0.9027309532331186,0.02496687972705716,"{'classifier__estimator__ccp_alpha': np.float64(0.0010775174552119027), 'classifier__estimator__max_depth': 9, 'classifier__estimator__max_features': 'sqrt', 'classifier__estimator__max_leaf_nodes': 10, 'classifier__estimator__min_impurity_decrease': np.float64(0.09894174828895295), 'classifier__estimator__min_samples_leaf': 6, 'classifier__estimator__min_samples_split': 2, 'classifier__max_features': np.float64(0.7839830442594493), 'classifier__max_samples': np.float64(0.6931531903934378), 'classifier__n_estimators': 128, 'feature_selection_filter__k': 28}",89.29051470756531,"[0, 1, 2, 3, 4, 5, 6, 7, 8, 9, 10, 11, 12, 13, 14, 16, 17, 18, 19, 20, 21, 23, 24, 25, 27, 28, 29, 30]","['Amount_log1p', 'V1', 'V2', 'V3', 'V4', 'V5', 'V6', 'V7', 'V8', 'V9', 'V10', 'V11', 'V12', 'V13', 'V14', 'V16', 'V17', 'V18', 'V19', 'V20', 'V21', 'V23', 'V24', 'V25', 'V27', 'V28', 'Time_sin', 'Time_cos']"
CostSensitiveLearning_ClusterCentroids___RandomizedSearchCV__niter_30__cv_5,1,7,MLA,resubstitution,282,17687,21,58,0.9956227836879432,0.9306930693069307,0.8294117647058824,0.8771384136858476,0.9988140953241473,0.001185904675852667,0.9141129300150148,0.9101802906105528,0.8764228372807443,0.8749176230811179,0.9573373284258361,0.8560413418197443,22560,0.8840338706915423,0.009185970549082139,0.8816882908616309,0.02948684926796432,"{'classifier__estimator__ccp_alpha': np.float64(0.007460357219302052), 'classifier__estimator__max_depth': 10, 'classifier__estimator__max_features': 'sqrt', 'classifier__estimator__max_leaf_nodes': 10, 'classifier__estimator__min_impurity_decrease': np.float64(0.06244811725724068), 'classifier__estimator__min_samples_leaf': 7, 'classifier__estimator__min_samples_split': 8, 'classifier__max_features': np.float64(0.6586802843940519), 'classifier__max_samples': np.float64(0.9436299589235815), 'classifier__n_estimators': 215, 'feature_selection_filter__k': 24}",91.2098913192749,"[0, 1, 2, 3, 4, 5, 6, 7, 8, 9, 10, 11, 12, 14, 16, 17, 18, 19, 20, 21, 24, 27, 28, 29]","['Amount_log1p', 'V1', 'V2', 'V3', 'V4', 'V5', 'V6', 'V7', 'V8', 'V9', 'V10', 'V11', 'V12', 'V14', 'V16', 'V17', 'V18', 'V19', 'V20', 'V21', 'V24', 'V27', 'V28', 'Time_sin']"
CostSensitiveLearning_ClusterCentroids___RandomizedSearchCV__niter_30__cv_5,1,8,MLA,resubstitution,291,17685,22,50,0.9960106382978723,0.9297124600638977,0.8533724340175953,0.8899082568807339,0.9987575535099114,0.0012424464900886445,0.9260649937637533,0.9232075413644604,0.8887257567114073,0.8878805611010804,0.9745541096045818,0.8714527677334364,22561,0.8932123995146165,0.006046912489912234,0.8918657149379664,0.018227789895376382,"{'classifier__estimator__ccp_alpha': np.float64(0.0006198115953504125), 'classifier__estimator__max_depth': 4, 'classifier__estimator__max_features': 'sqrt', 'classifier__estimator__max_leaf_nodes': 3, 'classifier__estimator__min_impurity_decrease': np.float64(0.07595583463143737), 'classifier__estimator__min_samples_leaf': 5, 'classifier__estimator__min_samples_split': 9, 'classifier__max_features': np.float64(0.7704970248424252), 'classifier__max_samples': np.float64(0.5230493335159627), 'classifier__n_estimators': 763, 'feature_selection_filter__k': 22}",100.00082111358643,"[1, 2, 3, 4, 5, 6, 7, 8, 9, 10, 11, 12, 14, 16, 17, 18, 19, 20, 21, 23, 27, 29]","['V1', 'V2', 'V3', 'V4', 'V5', 'V6', 'V7', 'V8', 'V9', 'V10', 'V11', 'V12', 'V14', 'V16', 'V17', 'V18', 'V19', 'V20', 'V21', 'V23', 'V27', 'Time_sin']"
CostSensitiveLearning_ClusterCentroids___RandomizedSearchCV__niter_30__cv_5,1,9,MLA,resubstitution,291,17685,22,50,0.9960106382978723,0.9297124600638977,0.8533724340175953,0.8899082568807339,0.9987575535099114,0.0012424464900886445,0.9260649937637533,0.9232075413644604,0.8887257567114073,0.8878805611010804,0.9972001065900508,0.9069551387991188,22561,0.9016049666720776,0.008315933624463362,0.8942180385914853,0.0347012775095872,"{'classifier__estimator__ccp_alpha': np.float64(0.004235003963518133), 'classifier__estimator__max_depth': 9, 'classifier__estimator__max_features': 'sqrt', 'classifier__estimator__max_leaf_nodes': 17, 'classifier__estimator__min_impurity_decrease': np.float64(0.00139053656832), 'classifier__estimator__min_samples_leaf': 1, 'classifier__estimator__min_samples_split': 2, 'classifier__max_features': np.float64(0.691496548136757), 'classifier__max_samples': np.float64(0.5574094748332538), 'classifier__n_estimators': 981, 'feature_selection_filter__k': 'all'}",102.63063526153564,"[0, 1, 2, 3, 4, 5, 6, 7, 8, 9, 10, 11, 12, 13, 14, 15, 16, 17, 18, 19, 20, 21, 22, 23, 24, 25, 26, 27, 28, 29, 30]","['Amount_log1p', 'V1', 'V2', 'V3', 'V4', 'V5', 'V6', 'V7', 'V8', 'V9', 'V10', 'V11', 'V12', 'V13', 'V14', 'V15', 'V16', 'V17', 'V18', 'V19', 'V20', 'V21', 'V22', 'V23', 'V24', 'V25', 'V26', 'V27', 'V28', 'Time_sin', 'Time_cos']"
CostSensitiveLearning_ClusterCentroids___RandomizedSearchCV__niter_30__cv_5,1,10,MLA,resubstitution,283,17690,17,58,0.995844414893617,0.9433333333333334,0.8299120234604106,0.8829953198127926,0.9990399277122042,0.0009600722877958212,0.9144759755863074,0.9105576576611597,0.8827621502807806,0.8808887724996673,0.9601726507087427,0.8597952635230436,22561,0.8806463904553805,0.006831069832365362,0.8828115938483634,0.0162969233503496,"{'classifier__estimator__ccp_alpha': np.float64(0.00541812550947023), 'classifier__estimator__max_depth': 7, 'classifier__estimator__max_features': 'log2', 'classifier__estimator__max_leaf_nodes': 8, 'classifier__estimator__min_impurity_decrease': np.float64(0.0651231532147121), 'classifier__estimator__min_samples_leaf': 5, 'classifier__estimator__min_samples_split': 4, 'classifier__max_features': np.float64(0.559061290361911), 'classifier__max_samples': np.float64(0.8055665979077138), 'classifier__n_estimators': 600, 'feature_selection_filter__k': 20}",96.44934177398682,"[1, 2, 3, 4, 5, 6, 7, 8, 9, 10, 11, 12, 14, 16, 17, 18, 19, 20, 21, 27]","['V1', 'V2', 'V3', 'V4', 'V5', 'V6', 'V7', 'V8', 'V9', 'V10', 'V11', 'V12', 'V14', 'V16', 'V17', 'V18', 'V19', 'V20', 'V21', 'V27']"
CostSensitiveLearning_ClusterCentroids___RandomizedSearchCV__niter_30__cv_5,2,1,MLA,resubstitution,279,17691,16,62,0.9956781914893617,0.9457627118644067,0.8181818181818182,0.8773584905660378,0.9990964025526627,0.0009035974473372566,0.9086391103672404,0.9041252740519156,0.8775517252581083,0.8751705411330227,0.9585152549143463,0.8598955257041095,22560,0.8798046729024989,0.010104072664197198,0.8785314963643321,0.04222582741409429,"{'classifier__estimator__ccp_alpha': np.float64(0.0037953303903767856), 'classifier__estimator__max_depth': 18, 'classifier__estimator__max_features': 'log2', 'classifier__estimator__max_leaf_nodes': 2, 'classifier__estimator__min_impurity_decrease': np.float64(0.02774982134389439), 'classifier__estimator__min_samples_leaf': 3, 'classifier__estimator__min_samples_split': 8, 'classifier__max_features': np.float64(0.707333126393286), 'classifier__max_samples': np.float64(0.6105927801942317), 'classifier__n_estimators': 471, 'feature_selection_filter__k': 20}",94.24764060974121,"[1, 2, 3, 4, 5, 6, 7, 8, 9, 10, 11, 12, 14, 16, 17, 18, 19, 20, 21, 27]","['V1', 'V2', 'V3', 'V4', 'V5', 'V6', 'V7', 'V8', 'V9', 'V10', 'V11', 'V12', 'V14', 'V16', 'V17', 'V18', 'V19', 'V20', 'V21', 'V27']"
CostSensitiveLearning_ClusterCentroids___RandomizedSearchCV__niter_30__cv_5,2,2,MLA,resubstitution,284,17687,20,57,0.9957335992907801,0.9342105263157895,0.8328445747800587,0.8806201550387597,0.9988705031908285,0.0011294968091715152,0.9158575389854435,0.912087649017521,0.879957509154767,0.8784554199400505,0.9587659965813675,0.8608187122515636,22560,0.8760406259425155,0.006939605102386708,0.8770012150413254,0.031777584808351814,"{'classifier__estimator__ccp_alpha': np.float64(0.007661983843809747), 'classifier__estimator__max_depth': 11, 'classifier__estimator__max_features': 'log2', 'classifier__estimator__max_leaf_nodes': 19, 'classifier__estimator__min_impurity_decrease': np.float64(0.08190497650667436), 'classifier__estimator__min_samples_leaf': 2, 'classifier__estimator__min_samples_split': 7, 'classifier__max_features': np.float64(0.5250318210587969), 'classifier__max_samples': np.float64(0.9269818912007004), 'classifier__n_estimators': 633, 'feature_selection_filter__k': 'all'}",98.38738560676575,"[0, 1, 2, 3, 4, 5, 6, 7, 8, 9, 10, 11, 12, 13, 14, 15, 16, 17, 18, 19, 20, 21, 22, 23, 24, 25, 26, 27, 28, 29, 30]","['Amount_log1p', 'V1', 'V2', 'V3', 'V4', 'V5', 'V6', 'V7', 'V8', 'V9', 'V10', 'V11', 'V12', 'V13', 'V14', 'V15', 'V16', 'V17', 'V18', 'V19', 'V20', 'V21', 'V22', 'V23', 'V24', 'V25', 'V26', 'V27', 'V28', 'Time_sin', 'Time_cos']"
CostSensitiveLearning_ClusterCentroids___RandomizedSearchCV__niter_30__cv_5,2,3,MLA,resubstitution,281,17692,15,60,0.995844414893617,0.9493243243243243,0.8240469208211144,0.8822605965463108,0.9991528773931214,0.0008471226068785809,0.9115998991071179,0.9073857239594185,0.8824405127377184,0.8801562218894803,0.9570676937910964,0.8546463016665606,22560,0.8763624940169976,0.009951580401644696,0.8794556161395857,0.024891407415615255,"{'classifier__estimator__ccp_alpha': np.float64(0.009519802604197792), 'classifier__estimator__max_depth': 4, 'classifier__estimator__max_features': 'sqrt', 'classifier__estimator__max_leaf_nodes': 19, 'classifier__estimator__min_impurity_decrease': np.float64(0.09765537103832844), 'classifier__estimator__min_samples_leaf': 3, 'classifier__estimator__min_samples_split': 7, 'classifier__max_features': np.float64(0.7133927295373341), 'classifier__max_samples': np.float64(0.994393502722511), 'classifier__n_estimators': 318, 'feature_selection_filter__k': 28}",96.20568776130676,"[0, 1, 2, 3, 4, 5, 6, 7, 8, 9, 10, 11, 12, 13, 14, 16, 17, 18, 19, 20, 21, 23, 24, 25, 26, 27, 28, 29]","['Amount_log1p', 'V1', 'V2', 'V3', 'V4', 'V5', 'V6', 'V7', 'V8', 'V9', 'V10', 'V11', 'V12', 'V13', 'V14', 'V16', 'V17', 'V18', 'V19', 'V20', 'V21', 'V23', 'V24', 'V25', 'V26', 'V27', 'V28', 'Time_sin']"
CostSensitiveLearning_ClusterCentroids___RandomizedSearchCV__niter_30__cv_5,2,4,MLA,resubstitution,288,17685,22,53,0.995844414893617,0.9290322580645162,0.844574780058651,0.8847926267281107,0.9987575535099114,0.0012424464900886445,0.9216661667842811,0.9184364110201368,0.8837211774827227,0.8826815584354352,0.9690466533522952,0.8581289479794749,22560,0.8880646585090386,0.006977282755188328,0.8906681465078755,0.026434860303567724,"{'classifier__estimator__ccp_alpha': np.float64(0.00432608615612038), 'classifier__estimator__max_depth': 19, 'classifier__estimator__max_features': 'sqrt', 'classifier__estimator__max_leaf_nodes': 11, 'classifier__estimator__min_impurity_decrease': np.float64(0.06401755219185959), 'classifier__estimator__min_samples_leaf': 8, 'classifier__estimator__min_samples_split': 2, 'classifier__max_features': np.float64(0.6170073251705217), 'classifier__max_samples': np.float64(0.9168721851880954), 'classifier__n_estimators': 190, 'feature_selection_filter__k': 'all'}",95.4001715183258,"[0, 1, 2, 3, 4, 5, 6, 7, 8, 9, 10, 11, 12, 13, 14, 15, 16, 17, 18, 19, 20, 21, 22, 23, 24, 25, 26, 27, 28, 29, 30]","['Amount_log1p', 'V1', 'V2', 'V3', 'V4', 'V5', 'V6', 'V7', 'V8', 'V9', 'V10', 'V11', 'V12', 'V13', 'V14', 'V15', 'V16', 'V17', 'V18', 'V19', 'V20', 'V21', 'V22', 'V23', 'V24', 'V25', 'V26', 'V27', 'V28', 'Time_sin', 'Time_cos']"
CostSensitiveLearning_ClusterCentroids___RandomizedSearchCV__niter_30__cv_5,2,5,MLA,resubstitution,297,17691,17,43,0.9966755319148937,0.945859872611465,0.8735294117647059,0.908256880733945,0.9990399819290716,0.0009600180709283812,0.9362846968468888,0.9341792160736206,0.9073106625296261,0.9065666989247163,0.9915300827807969,0.9069471387471223,22560,0.9102071101541348,0.005177514897983792,0.9018858730774244,0.008888587175398184,"{'classifier__estimator__ccp_alpha': np.float64(0.003278517172869584), 'classifier__estimator__max_depth': 5, 'classifier__estimator__max_features': 'log2', 'classifier__estimator__max_leaf_nodes': 9, 'classifier__estimator__min_impurity_decrease': np.float64(0.0025113994186252487), 'classifier__estimator__min_samples_leaf': 8, 'classifier__estimator__min_samples_split': 8, 'classifier__max_features': np.float64(0.5181157058549655), 'classifier__max_samples': np.float64(0.6683630411898512), 'classifier__n_estimators': 987, 'feature_selection_filter__k': 28}",101.6957483291626,"[0, 1, 2, 3, 4, 5, 6, 7, 8, 9, 10, 11, 12, 14, 16, 17, 18, 19, 20, 21, 22, 23, 24, 26, 27, 28, 29, 30]","['Amount_log1p', 'V1', 'V2', 'V3', 'V4', 'V5', 'V6', 'V7', 'V8', 'V9', 'V10', 'V11', 'V12', 'V14', 'V16', 'V17', 'V18', 'V19', 'V20', 'V21', 'V22', 'V23', 'V24', 'V26', 'V27', 'V28', 'Time_sin', 'Time_cos']"
CostSensitiveLearning_ClusterCentroids___RandomizedSearchCV__niter_30__cv_5,2,6,MLA,resubstitution,285,17690,18,55,0.9959552304964538,0.9405940594059405,0.8382352941176471,0.8864696734059098,0.9989835102778405,0.0010164897221595082,0.9186094021977438,0.9150864639783637,0.8859391083809932,0.8844175504420456,0.9676110166225966,0.8570524074277444,22560,0.8843243418285921,0.008715494251655758,0.8858296175369347,0.026038013618739135,"{'classifier__estimator__ccp_alpha': np.float64(0.0007712000450440582), 'classifier__estimator__max_depth': 5, 'classifier__estimator__max_features': 'sqrt', 'classifier__estimator__max_leaf_nodes': 19, 'classifier__estimator__min_impurity_decrease': np.float64(0.038178517328359356), 'classifier__estimator__min_samples_leaf': 5, 'classifier__estimator__min_samples_split': 7, 'classifier__max_features': np.float64(0.7204365525718723), 'classifier__max_samples': np.float64(0.7690291980612226), 'classifier__n_estimators': 404, 'feature_selection_filter__k': 22}",102.46217083930969,"[1, 2, 3, 4, 5, 6, 7, 8, 9, 10, 11, 12, 14, 16, 17, 18, 19, 20, 21, 27, 28, 29]","['V1', 'V2', 'V3', 'V4', 'V5', 'V6', 'V7', 'V8', 'V9', 'V10', 'V11', 'V12', 'V14', 'V16', 'V17', 'V18', 'V19', 'V20', 'V21', 'V27', 'V28', 'Time_sin']"
CostSensitiveLearning_ClusterCentroids___RandomizedSearchCV__niter_30__cv_5,2,7,MLA,resubstitution,286,17694,14,54,0.9962322695035462,0.9533333333333334,0.8411764705882353,0.89375,0.9992093968827649,0.0007906031172351113,0.9201929337355002,0.9167941065737952,0.8936503261065438,0.8918397563348703,0.9662101874858822,0.8625021847688609,22560,0.887511350738634,0.0022698538269475973,0.8909886264216974,0.006000499807342861,"{'classifier__estimator__ccp_alpha': np.float64(0.001794988220959155), 'classifier__estimator__max_depth': 8, 'classifier__estimator__max_features': 'log2', 'classifier__estimator__max_leaf_nodes': 8, 'classifier__estimator__min_impurity_decrease': np.float64(0.056829513145390934), 'classifier__estimator__min_samples_leaf': 8, 'classifier__estimator__min_samples_split': 4, 'classifier__max_features': np.float64(0.5987623255695511), 'classifier__max_samples': np.float64(0.7453549104152373), 'classifier__n_estimators': 717, 'feature_selection_filter__k': 24}",91.32593178749084,"[0, 1, 2, 3, 4, 5, 6, 7, 8, 9, 10, 11, 12, 14, 16, 17, 18, 19, 20, 21, 24, 27, 28, 29]","['Amount_log1p', 'V1', 'V2', 'V3', 'V4', 'V5', 'V6', 'V7', 'V8', 'V9', 'V10', 'V11', 'V12', 'V14', 'V16', 'V17', 'V18', 'V19', 'V20', 'V21', 'V24', 'V27', 'V28', 'Time_sin']"
CostSensitiveLearning_ClusterCentroids___RandomizedSearchCV__niter_30__cv_5,2,8,MLA,resubstitution,284,17688,19,57,0.9957890070921985,0.9372937293729373,0.8328445747800587,0.8819875776397516,0.998926978031287,0.0010730219687129505,0.9158857764056729,0.9121134327783997,0.881443399805173,0.8798514330342337,0.9674933468166325,0.8583733044606866,22561,0.8875862959736287,0.005577382166226855,0.8835892196167787,0.03284443006820624,"{'classifier__estimator__ccp_alpha': np.float64(0.009240351155744253), 'classifier__estimator__max_depth': 16, 'classifier__estimator__max_features': 'log2', 'classifier__estimator__max_leaf_nodes': 13, 'classifier__estimator__min_impurity_decrease': np.float64(0.09791617846798668), 'classifier__estimator__min_samples_leaf': 1, 'classifier__estimator__min_samples_split': 9, 'classifier__max_features': np.float64(0.6409698834314563), 'classifier__max_samples': np.float64(0.6281402789050028), 'classifier__n_estimators': 401, 'feature_selection_filter__k': 22}",96.02952361106873,"[0, 1, 2, 3, 4, 5, 6, 7, 8, 9, 10, 11, 12, 14, 16, 17, 18, 19, 20, 21, 27, 29]","['Amount_log1p', 'V1', 'V2', 'V3', 'V4', 'V5', 'V6', 'V7', 'V8', 'V9', 'V10', 'V11', 'V12', 'V14', 'V16', 'V17', 'V18', 'V19', 'V20', 'V21', 'V27', 'Time_sin']"
CostSensitiveLearning_ClusterCentroids___RandomizedSearchCV__niter_30__cv_5,2,9,MLA,resubstitution,285,17692,15,56,0.9960660460992907,0.95,0.8357771260997068,0.8892355694227769,0.9991528773931214,0.0008471226068785809,0.9174650017464141,0.9138211643433718,0.8891282590922956,0.8872413712996852,0.9641726758822786,0.865429520199405,22561,0.8851153398497488,0.00632421990265515,0.88393898096654,0.02841399952064455,"{'classifier__estimator__ccp_alpha': np.float64(0.0013517190374773946), 'classifier__estimator__max_depth': 5, 'classifier__estimator__max_features': 'sqrt', 'classifier__estimator__max_leaf_nodes': 7, 'classifier__estimator__min_impurity_decrease': np.float64(0.07280922297561788), 'classifier__estimator__min_samples_leaf': 5, 'classifier__estimator__min_samples_split': 3, 'classifier__max_features': np.float64(0.8447400848528788), 'classifier__max_samples': np.float64(0.6161497143179097), 'classifier__n_estimators': 580, 'feature_selection_filter__k': 28}",98.42750859260559,"[0, 1, 2, 3, 4, 5, 6, 7, 8, 9, 10, 11, 12, 14, 16, 17, 18, 19, 20, 21, 22, 23, 24, 25, 27, 28, 29, 30]","['Amount_log1p', 'V1', 'V2', 'V3', 'V4', 'V5', 'V6', 'V7', 'V8', 'V9', 'V10', 'V11', 'V12', 'V14', 'V16', 'V17', 'V18', 'V19', 'V20', 'V21', 'V22', 'V23', 'V24', 'V25', 'V27', 'V28', 'Time_sin', 'Time_cos']"
CostSensitiveLearning_ClusterCentroids___RandomizedSearchCV__niter_30__cv_5,2,10,MLA,resubstitution,285,17692,15,56,0.9960660460992907,0.95,0.8357771260997068,0.8892355694227769,0.9991528773931214,0.0008471226068785809,0.9174650017464141,0.9138211643433718,0.8891282590922956,0.8872413712996852,0.9649775665703393,0.8540439536164572,22561,0.8844640342674055,0.010953653311546706,0.882546452822155,0.04275738019086501,"{'classifier__estimator__ccp_alpha': np.float64(0.0016521349955616893), 'classifier__estimator__max_depth': 14, 'classifier__estimator__max_features': 'sqrt', 'classifier__estimator__max_leaf_nodes': 4, 'classifier__estimator__min_impurity_decrease': np.float64(0.0423803435701694), 'classifier__estimator__min_samples_leaf': 3, 'classifier__estimator__min_samples_split': 7, 'classifier__max_features': np.float64(0.5672861147907541), 'classifier__max_samples': np.float64(0.5753958362046152), 'classifier__n_estimators': 302, 'feature_selection_filter__k': 26}",99.40341305732727,"[0, 1, 2, 3, 4, 5, 6, 7, 8, 9, 10, 11, 12, 14, 16, 17, 18, 19, 20, 21, 23, 24, 27, 28, 29, 30]","['Amount_log1p', 'V1', 'V2', 'V3', 'V4', 'V5', 'V6', 'V7', 'V8', 'V9', 'V10', 'V11', 'V12', 'V14', 'V16', 'V17', 'V18', 'V19', 'V20', 'V21', 'V23', 'V24', 'V27', 'V28', 'Time_sin', 'Time_cos']"
CostSensitiveLearning_ClusterCentroids___RandomizedSearchCV__niter_30__cv_5,3,1,MLA,resubstitution,290,17680,27,51,0.9956781914893617,0.9148264984227129,0.8504398826979472,0.8814589665653495,0.9984751793076184,0.0015248206923815788,0.9244575310027828,0.9214896170696568,0.8798683104273033,0.8792609218835634,0.9647621837843676,0.8666709581877845,22560,0.8916205055307576,0.0020113899446977776,0.8909494704770294,0.007227689200626884,"{'classifier__estimator__ccp_alpha': np.float64(0.0025282875627057823), 'classifier__estimator__max_depth': 11, 'classifier__estimator__max_features': 'sqrt', 'classifier__estimator__max_leaf_nodes': 15, 'classifier__estimator__min_impurity_decrease': np.float64(0.05893912651729205), 'classifier__estimator__min_samples_leaf': 2, 'classifier__estimator__min_samples_split': 3, 'classifier__max_features': np.float64(0.8069878416617824), 'classifier__max_samples': np.float64(0.5675108538006242), 'classifier__n_estimators': 964, 'feature_selection_filter__k': 24}",99.94487190246582,"[1, 2, 3, 4, 5, 6, 7, 8, 9, 10, 11, 12, 14, 16, 17, 18, 19, 20, 21, 23, 24, 27, 28, 29]","['V1', 'V2', 'V3', 'V4', 'V5', 'V6', 'V7', 'V8', 'V9', 'V10', 'V11', 'V12', 'V14', 'V16', 'V17', 'V18', 'V19', 'V20', 'V21', 'V23', 'V24', 'V27', 'V28', 'Time_sin']"
CostSensitiveLearning_ClusterCentroids___RandomizedSearchCV__niter_30__cv_5,3,2,MLA,resubstitution,287,17688,19,54,0.9959552304964538,0.9379084967320261,0.841642228739003,0.8871715610510046,0.998926978031287,0.0010730219687129505,0.9202846033851451,0.9169182777858502,0.8864641128779365,0.8851184004972288,0.9631701232526129,0.871591954765036,22560,0.8928541525140139,0.0062259579127883725,0.8946154940374393,0.023004989957007598,"{'classifier__estimator__ccp_alpha': np.float64(0.008602694124175594), 'classifier__estimator__max_depth': 16, 'classifier__estimator__max_features': 'log2', 'classifier__estimator__max_leaf_nodes': 6, 'classifier__estimator__min_impurity_decrease': np.float64(0.06809136014546141), 'classifier__estimator__min_samples_leaf': 6, 'classifier__estimator__min_samples_split': 8, 'classifier__max_features': np.float64(0.8658192602406822), 'classifier__max_samples': np.float64(0.8734504738823561), 'classifier__n_estimators': 165, 'feature_selection_filter__k': 24}",95.04759192466736,"[0, 1, 2, 3, 4, 5, 6, 7, 8, 9, 10, 11, 12, 14, 16, 17, 18, 19, 20, 21, 23, 27, 28, 29]","['Amount_log1p', 'V1', 'V2', 'V3', 'V4', 'V5', 'V6', 'V7', 'V8', 'V9', 'V10', 'V11', 'V12', 'V14', 'V16', 'V17', 'V18', 'V19', 'V20', 'V21', 'V23', 'V27', 'V28', 'Time_sin']"
CostSensitiveLearning_ClusterCentroids___RandomizedSearchCV__niter_30__cv_5,3,3,MLA,resubstitution,285,17691,16,56,0.9960106382978723,0.946843853820598,0.8357771260997068,0.8878504672897196,0.9990964025526627,0.0009035974473372566,0.9174367643261847,0.9137953381485486,0.8876150386739828,0.8858276924709797,0.9643129520989016,0.8602057767068713,22560,0.8864625132516109,0.004142724505218959,0.8876651394064643,0.018684362819383345,"{'classifier__estimator__ccp_alpha': np.float64(0.009967735779346341), 'classifier__estimator__max_depth': 18, 'classifier__estimator__max_features': 'sqrt', 'classifier__estimator__max_leaf_nodes': 8, 'classifier__estimator__min_impurity_decrease': np.float64(0.06733061733547588), 'classifier__estimator__min_samples_leaf': 1, 'classifier__estimator__min_samples_split': 3, 'classifier__max_features': np.float64(0.8550216293854733), 'classifier__max_samples': np.float64(0.6627800951387679), 'classifier__n_estimators': 722, 'feature_selection_filter__k': 20}",98.71695971488953,"[1, 2, 3, 4, 5, 6, 7, 8, 9, 10, 11, 12, 14, 16, 17, 18, 19, 20, 21, 27]","['V1', 'V2', 'V3', 'V4', 'V5', 'V6', 'V7', 'V8', 'V9', 'V10', 'V11', 'V12', 'V14', 'V16', 'V17', 'V18', 'V19', 'V20', 'V21', 'V27']"
CostSensitiveLearning_ClusterCentroids___RandomizedSearchCV__niter_30__cv_5,3,4,MLA,resubstitution,283,17691,16,58,0.9958998226950354,0.9464882943143813,0.8299120234604106,0.884375,0.9990964025526627,0.0009035974473372566,0.9145042130065366,0.9105833938055851,0.8842724387228824,0.882297056033938,0.9649121485000133,0.8530546627498913,22560,0.8819627361209159,0.00482442571739532,0.8792646778497903,0.021761503595662143,"{'classifier__estimator__ccp_alpha': np.float64(0.006914809986931899), 'classifier__estimator__max_depth': 11, 'classifier__estimator__max_features': 'log2', 'classifier__estimator__max_leaf_nodes': 15, 'classifier__estimator__min_impurity_decrease': np.float64(0.057153196800659084), 'classifier__estimator__min_samples_leaf': 4, 'classifier__estimator__min_samples_split': 4, 'classifier__max_features': np.float64(0.653099290954815), 'classifier__max_samples': np.float64(0.9989114053782), 'classifier__n_estimators': 875, 'feature_selection_filter__k': 24}",98.7454628944397,"[0, 1, 2, 3, 4, 5, 6, 7, 8, 9, 10, 11, 12, 14, 16, 17, 18, 19, 20, 21, 22, 27, 28, 29]","['Amount_log1p', 'V1', 'V2', 'V3', 'V4', 'V5', 'V6', 'V7', 'V8', 'V9', 'V10', 'V11', 'V12', 'V14', 'V16', 'V17', 'V18', 'V19', 'V20', 'V21', 'V22', 'V27', 'V28', 'Time_sin']"
CostSensitiveLearning_ClusterCentroids___RandomizedSearchCV__niter_30__cv_5,3,5,MLA,resubstitution,280,17689,19,60,0.9956227836879432,0.9364548494983278,0.8235294117647058,0.8763693270735524,0.9989270386266095,0.0010729613733905241,0.9112282251956576,0.9069982340203487,0.8760211414993435,0.8741506133801827,0.9640109488566151,0.8553599913216704,22560,0.8753965046744152,0.008852979874811548,0.8773243263196753,0.041913804294084395,"{'classifier__estimator__ccp_alpha': np.float64(0.00566379461304898), 'classifier__estimator__max_depth': 9, 'classifier__estimator__max_features': 'sqrt', 'classifier__estimator__max_leaf_nodes': 19, 'classifier__estimator__min_impurity_decrease': np.float64(0.07521598680774116), 'classifier__estimator__min_samples_leaf': 8, 'classifier__estimator__min_samples_split': 5, 'classifier__max_features': np.float64(0.738916672768121), 'classifier__max_samples': np.float64(0.5326280577441348), 'classifier__n_estimators': 780, 'feature_selection_filter__k': 26}",100.38017797470093,"[0, 1, 2, 3, 4, 5, 6, 7, 8, 9, 10, 11, 12, 14, 16, 17, 18, 19, 20, 21, 22, 23, 24, 27, 28, 29]","['Amount_log1p', 'V1', 'V2', 'V3', 'V4', 'V5', 'V6', 'V7', 'V8', 'V9', 'V10', 'V11', 'V12', 'V14', 'V16', 'V17', 'V18', 'V19', 'V20', 'V21', 'V22', 'V23', 'V24', 'V27', 'V28', 'Time_sin']"
CostSensitiveLearning_ClusterCentroids___RandomizedSearchCV__niter_30__cv_5,3,6,MLA,resubstitution,277,17687,21,63,0.995345744680851,0.9295302013422819,0.8147058823529412,0.8683385579937304,0.9988140953241473,0.001185904675852667,0.9067599888385443,0.9020752290344826,0.867930853021594,0.8659800084582864,0.9559476275262759,0.8366710904145483,22560,0.8712433167389797,0.007837729536166198,0.8731286050531262,0.017924125825931038,"{'classifier__estimator__ccp_alpha': np.float64(0.004167887941597963), 'classifier__estimator__max_depth': 10, 'classifier__estimator__max_features': 'sqrt', 'classifier__estimator__max_leaf_nodes': 15, 'classifier__estimator__min_impurity_decrease': np.float64(0.06616642108304575), 'classifier__estimator__min_samples_leaf': 2, 'classifier__estimator__min_samples_split': 3, 'classifier__max_features': np.float64(0.7806838278345889), 'classifier__max_samples': np.float64(0.8890696936543501), 'classifier__n_estimators': 534, 'feature_selection_filter__k': 24}",102.72467160224915,"[1, 2, 3, 4, 5, 6, 7, 8, 9, 10, 11, 12, 14, 16, 17, 18, 19, 20, 21, 24, 25, 27, 28, 29]","['V1', 'V2', 'V3', 'V4', 'V5', 'V6', 'V7', 'V8', 'V9', 'V10', 'V11', 'V12', 'V14', 'V16', 'V17', 'V18', 'V19', 'V20', 'V21', 'V24', 'V25', 'V27', 'V28', 'Time_sin']"
CostSensitiveLearning_ClusterCentroids___RandomizedSearchCV__niter_30__cv_5,3,7,MLA,resubstitution,278,17694,14,62,0.9957890070921985,0.952054794520548,0.8176470588235294,0.879746835443038,0.9992093968827649,0.0007906031172351113,0.9084282278531471,0.9038808685385621,0.8802498646161895,0.8776163977581279,0.9640471571506398,0.8482742862775768,22560,0.8809743284303723,0.012349105886352019,0.8813912323459567,0.0351140406534191,"{'classifier__estimator__ccp_alpha': np.float64(0.00415953055418054), 'classifier__estimator__max_depth': 15, 'classifier__estimator__max_features': 'log2', 'classifier__estimator__max_leaf_nodes': 2, 'classifier__estimator__min_impurity_decrease': np.float64(0.09516974476809718), 'classifier__estimator__min_samples_leaf': 1, 'classifier__estimator__min_samples_split': 6, 'classifier__max_features': np.float64(0.5683593403951439), 'classifier__max_samples': np.float64(0.5244578133241158), 'classifier__n_estimators': 206, 'feature_selection_filter__k': 28}",99.00872659683228,"[0, 1, 2, 3, 4, 5, 6, 7, 8, 9, 10, 11, 12, 13, 14, 15, 16, 17, 18, 19, 20, 21, 23, 24, 27, 28, 29, 30]","['Amount_log1p', 'V1', 'V2', 'V3', 'V4', 'V5', 'V6', 'V7', 'V8', 'V9', 'V10', 'V11', 'V12', 'V13', 'V14', 'V15', 'V16', 'V17', 'V18', 'V19', 'V20', 'V21', 'V23', 'V24', 'V27', 'V28', 'Time_sin', 'Time_cos']"
CostSensitiveLearning_ClusterCentroids___RandomizedSearchCV__niter_30__cv_5,3,8,MLA,resubstitution,283,17689,18,58,0.9957890070921985,0.9401993355481728,0.8299120234604106,0.881619937694704,0.9989834528717456,0.0010165471282543859,0.914447738166078,0.9105319207893033,0.8812593345352179,0.8794847864971453,0.961242774408517,0.8647887439441716,22561,0.8871226109312884,0.006525085900014776,0.8863505103818206,0.02721671333658534,"{'classifier__estimator__ccp_alpha': np.float64(0.002375561678152992), 'classifier__estimator__max_depth': 17, 'classifier__estimator__max_features': 'log2', 'classifier__estimator__max_leaf_nodes': 2, 'classifier__estimator__min_impurity_decrease': np.float64(0.04760722626450138), 'classifier__estimator__min_samples_leaf': 3, 'classifier__estimator__min_samples_split': 8, 'classifier__max_features': np.float64(0.5468576216581333), 'classifier__max_samples': np.float64(0.7288583480241967), 'classifier__n_estimators': 537, 'feature_selection_filter__k': 20}",101.15186214447021,"[1, 2, 3, 4, 5, 6, 7, 8, 9, 10, 11, 12, 14, 16, 17, 18, 19, 20, 21, 27]","['V1', 'V2', 'V3', 'V4', 'V5', 'V6', 'V7', 'V8', 'V9', 'V10', 'V11', 'V12', 'V14', 'V16', 'V17', 'V18', 'V19', 'V20', 'V21', 'V27']"
CostSensitiveLearning_ClusterCentroids___RandomizedSearchCV__niter_30__cv_5,3,9,MLA,resubstitution,291,17674,33,50,0.9954011524822695,0.8981481481481481,0.8533724340175953,0.8751879699248121,0.998136330264867,0.0018636697351329667,0.9257543821412312,0.9229203809860956,0.8731431067784496,0.8728469481923022,0.97242321947332,0.8717434582316136,22561,0.8916082749840794,0.007440644695866854,0.89056068046056,0.019875119380787426,"{'classifier__estimator__ccp_alpha': np.float64(0.004966784956107505), 'classifier__estimator__max_depth': 8, 'classifier__estimator__max_features': 'log2', 'classifier__estimator__max_leaf_nodes': 5, 'classifier__estimator__min_impurity_decrease': np.float64(0.03874185385342513), 'classifier__estimator__min_samples_leaf': 9, 'classifier__estimator__min_samples_split': 8, 'classifier__max_features': np.float64(0.6581060370515878), 'classifier__max_samples': np.float64(0.5632451369531045), 'classifier__n_estimators': 393, 'feature_selection_filter__k': 20}",95.0331027507782,"[1, 2, 3, 4, 5, 6, 7, 8, 9, 10, 11, 12, 14, 16, 17, 18, 19, 20, 21, 27]","['V1', 'V2', 'V3', 'V4', 'V5', 'V6', 'V7', 'V8', 'V9', 'V10', 'V11', 'V12', 'V14', 'V16', 'V17', 'V18', 'V19', 'V20', 'V21', 'V27']"
CostSensitiveLearning_ClusterCentroids___RandomizedSearchCV__niter_30__cv_5,3,10,MLA,resubstitution,289,17685,22,52,0.9958998226950354,0.9292604501607717,0.8475073313782991,0.8865030674846626,0.9987575535099114,0.0012424464900886445,0.9231324424441052,0.9200295369547131,0.8853922702783216,0.88441976828775,0.970991309002338,0.8646910649566213,22561,0.8908843113455618,0.0067773454069163155,0.893427091028831,0.010275048442822099,"{'classifier__estimator__ccp_alpha': np.float64(0.005017514671444594), 'classifier__estimator__max_depth': 14, 'classifier__estimator__max_features': 'log2', 'classifier__estimator__max_leaf_nodes': 18, 'classifier__estimator__min_impurity_decrease': np.float64(0.035810583191950754), 'classifier__estimator__min_samples_leaf': 4, 'classifier__estimator__min_samples_split': 9, 'classifier__max_features': np.float64(0.5121494521789842), 'classifier__max_samples': np.float64(0.7908043431514862), 'classifier__n_estimators': 196, 'feature_selection_filter__k': 24}",95.09757208824158,"[0, 1, 2, 3, 4, 5, 6, 7, 8, 9, 10, 11, 12, 14, 16, 17, 18, 19, 20, 21, 24, 27, 28, 29]","['Amount_log1p', 'V1', 'V2', 'V3', 'V4', 'V5', 'V6', 'V7', 'V8', 'V9', 'V10', 'V11', 'V12', 'V14', 'V16', 'V17', 'V18', 'V19', 'V20', 'V21', 'V24', 'V27', 'V28', 'Time_sin']"
CostSensitiveLearning_ClusterCentroids___RandomizedSearchCV__niter_30__cv_5,4,1,MLA,resubstitution,283,17680,27,58,0.9952903368794326,0.9129032258064517,0.8299120234604106,0.869431643625192,0.9984751793076184,0.0015248206923815788,0.9141936013840145,0.9103002561980206,0.8680602949777275,0.8670390995601599,0.96256148677553,0.8458090103076875,22560,0.8788607539105225,0.005176063352377131,0.8800257086119114,0.02192968023683221,"{'classifier__estimator__ccp_alpha': np.float64(0.007418659163351326), 'classifier__estimator__max_depth': 10, 'classifier__estimator__max_features': 'log2', 'classifier__estimator__max_leaf_nodes': 10, 'classifier__estimator__min_impurity_decrease': np.float64(0.09819033818110917), 'classifier__estimator__min_samples_leaf': 1, 'classifier__estimator__min_samples_split': 7, 'classifier__max_features': np.float64(0.8615937774402331), 'classifier__max_samples': np.float64(0.6310420280122183), 'classifier__n_estimators': 282, 'feature_selection_filter__k': 20}",96.0377311706543,"[1, 2, 3, 4, 5, 6, 7, 8, 9, 10, 11, 12, 14, 16, 17, 18, 19, 20, 21, 27]","['V1', 'V2', 'V3', 'V4', 'V5', 'V6', 'V7', 'V8', 'V9', 'V10', 'V11', 'V12', 'V14', 'V16', 'V17', 'V18', 'V19', 'V20', 'V21', 'V27']"
CostSensitiveLearning_ClusterCentroids___RandomizedSearchCV__niter_30__cv_5,4,2,MLA,resubstitution,274,17691,16,67,0.9954011524822695,0.9448275862068966,0.8035190615835777,0.8684627575277337,0.9990964025526627,0.0009035974473372566,0.9013077320681202,0.8959871672131493,0.869082853185103,0.8661379805099108,0.9679747906911577,0.8460165684219445,22560,0.8768601713092872,0.00957626208184349,0.8756744715147631,0.038459392476845114,"{'classifier__estimator__ccp_alpha': np.float64(0.0015392032738202543), 'classifier__estimator__max_depth': 5, 'classifier__estimator__max_features': 'sqrt', 'classifier__estimator__max_leaf_nodes': 3, 'classifier__estimator__min_impurity_decrease': np.float64(0.07613665617681195), 'classifier__estimator__min_samples_leaf': 7, 'classifier__estimator__min_samples_split': 4, 'classifier__max_features': np.float64(0.5080460972810334), 'classifier__max_samples': np.float64(0.9508707948116633), 'classifier__n_estimators': 383, 'feature_selection_filter__k': 'all'}",98.53251123428345,"[0, 1, 2, 3, 4, 5, 6, 7, 8, 9, 10, 11, 12, 13, 14, 15, 16, 17, 18, 19, 20, 21, 22, 23, 24, 25, 26, 27, 28, 29, 30]","['Amount_log1p', 'V1', 'V2', 'V3', 'V4', 'V5', 'V6', 'V7', 'V8', 'V9', 'V10', 'V11', 'V12', 'V13', 'V14', 'V15', 'V16', 'V17', 'V18', 'V19', 'V20', 'V21', 'V22', 'V23', 'V24', 'V25', 'V26', 'V27', 'V28', 'Time_sin', 'Time_cos']"
CostSensitiveLearning_ClusterCentroids___RandomizedSearchCV__niter_30__cv_5,4,3,MLA,resubstitution,274,17681,26,67,0.9948470744680851,0.9133333333333333,0.8035190615835777,0.8549141965678627,0.998531654148077,0.0014683458519230141,0.9010253578658274,0.8957338989357053,0.8541146606289631,0.8523020778995876,0.9569554893793347,0.8387350186815925,22560,0.8678892593265914,0.008087759771027828,0.8658344099884555,0.029311300540005674,"{'classifier__estimator__ccp_alpha': np.float64(0.009237711422963587), 'classifier__estimator__max_depth': 9, 'classifier__estimator__max_features': 'log2', 'classifier__estimator__max_leaf_nodes': 5, 'classifier__estimator__min_impurity_decrease': np.float64(0.08718601663522868), 'classifier__estimator__min_samples_leaf': 9, 'classifier__estimator__min_samples_split': 9, 'classifier__max_features': np.float64(0.5293348587085587), 'classifier__max_samples': np.float64(0.6918406581556735), 'classifier__n_estimators': 879, 'feature_selection_filter__k': 'all'}",101.76840353012085,"[0, 1, 2, 3, 4, 5, 6, 7, 8, 9, 10, 11, 12, 13, 14, 15, 16, 17, 18, 19, 20, 21, 22, 23, 24, 25, 26, 27, 28, 29, 30]","['Amount_log1p', 'V1', 'V2', 'V3', 'V4', 'V5', 'V6', 'V7', 'V8', 'V9', 'V10', 'V11', 'V12', 'V13', 'V14', 'V15', 'V16', 'V17', 'V18', 'V19', 'V20', 'V21', 'V22', 'V23', 'V24', 'V25', 'V26', 'V27', 'V28', 'Time_sin', 'Time_cos']"
CostSensitiveLearning_ClusterCentroids___RandomizedSearchCV__niter_30__cv_5,4,4,MLA,resubstitution,289,17693,14,52,0.996343085106383,0.9537953795379538,0.8475073313782991,0.8975155279503105,0.99920935223358,0.0007906477664200162,0.9233583418059396,0.9202376060560231,0.8972810259644592,0.8956604550034135,0.9847225619637477,0.89412474732384,22560,0.9002553713999442,0.011317504114015874,0.8949073130433988,0.03081315829488266,"{'classifier__estimator__ccp_alpha': np.float64(0.0030333622031053476), 'classifier__estimator__max_depth': 5, 'classifier__estimator__max_features': 'sqrt', 'classifier__estimator__max_leaf_nodes': 14, 'classifier__estimator__min_impurity_decrease': np.float64(0.007893714458331303), 'classifier__estimator__min_samples_leaf': 1, 'classifier__estimator__min_samples_split': 8, 'classifier__max_features': np.float64(0.6869864693398424), 'classifier__max_samples': np.float64(0.5449517307950671), 'classifier__n_estimators': 321, 'feature_selection_filter__k': 22}",93.44580507278442,"[1, 2, 3, 4, 5, 6, 7, 8, 9, 10, 11, 12, 14, 16, 17, 18, 19, 20, 21, 27, 28, 29]","['V1', 'V2', 'V3', 'V4', 'V5', 'V6', 'V7', 'V8', 'V9', 'V10', 'V11', 'V12', 'V14', 'V16', 'V17', 'V18', 'V19', 'V20', 'V21', 'V27', 'V28', 'Time_sin']"
CostSensitiveLearning_ClusterCentroids___RandomizedSearchCV__niter_30__cv_5,4,5,MLA,resubstitution,287,17685,23,53,0.9957890070921985,0.9258064516129032,0.8441176470588235,0.8830769230769231,0.9987011520216851,0.001298847978314921,0.9214093995402544,0.9181618956150822,0.8819120100751181,0.8809374674490469,0.9732567699544242,0.8660521471566824,22560,0.8837315458789975,0.0061825107133578186,0.8840907746020473,0.016112662739214505,"{'classifier__estimator__ccp_alpha': np.float64(0.009105244942653494), 'classifier__estimator__max_depth': 5, 'classifier__estimator__max_features': 'log2', 'classifier__estimator__max_leaf_nodes': 7, 'classifier__estimator__min_impurity_decrease': np.float64(0.08427966364327655), 'classifier__estimator__min_samples_leaf': 5, 'classifier__estimator__min_samples_split': 7, 'classifier__max_features': np.float64(0.8293901250921933), 'classifier__max_samples': np.float64(0.8654669757453743), 'classifier__n_estimators': 510, 'feature_selection_filter__k': 28}",94.42450952529907,"[0, 1, 2, 3, 4, 5, 6, 7, 8, 9, 10, 11, 12, 13, 14, 16, 17, 18, 19, 20, 21, 22, 23, 24, 27, 28, 29, 30]","['Amount_log1p', 'V1', 'V2', 'V3', 'V4', 'V5', 'V6', 'V7', 'V8', 'V9', 'V10', 'V11', 'V12', 'V13', 'V14', 'V16', 'V17', 'V18', 'V19', 'V20', 'V21', 'V22', 'V23', 'V24', 'V27', 'V28', 'Time_sin', 'Time_cos']"
CostSensitiveLearning_ClusterCentroids___RandomizedSearchCV__niter_30__cv_5,4,6,MLA,resubstitution,288,17688,20,52,0.9960106382978723,0.935064935064935,0.8470588235294118,0.8888888888888888,0.9988705669753783,0.001129433024621651,0.9229646952523951,0.9198380984283704,0.8879860910835182,0.8868627882549933,0.9686457765848603,0.8740284397212638,22560,0.8919896953119171,0.0036120095231806223,0.8930229073252329,0.012370830869009877,"{'classifier__estimator__ccp_alpha': np.float64(0.004005545036798892), 'classifier__estimator__max_depth': 17, 'classifier__estimator__max_features': 'log2', 'classifier__estimator__max_leaf_nodes': 12, 'classifier__estimator__min_impurity_decrease': np.float64(0.07550918354725922), 'classifier__estimator__min_samples_leaf': 2, 'classifier__estimator__min_samples_split': 5, 'classifier__max_features': np.float64(0.640508845326982), 'classifier__max_samples': np.float64(0.8527986223287146), 'classifier__n_estimators': 841, 'feature_selection_filter__k': 20}",94.71463370323181,"[1, 2, 3, 4, 5, 6, 7, 8, 9, 10, 11, 12, 14, 16, 17, 18, 19, 20, 21, 27]","['V1', 'V2', 'V3', 'V4', 'V5', 'V6', 'V7', 'V8', 'V9', 'V10', 'V11', 'V12', 'V14', 'V16', 'V17', 'V18', 'V19', 'V20', 'V21', 'V27']"
CostSensitiveLearning_ClusterCentroids___RandomizedSearchCV__niter_30__cv_5,4,7,MLA,resubstitution,286,17692,16,54,0.9961214539007093,0.9470198675496688,0.8411764705882353,0.8909657320872274,0.9990964535803026,0.0009035464196973653,0.9201364620842689,0.9167422912683267,0.890616782845858,0.888998384740933,0.9722571386810879,0.8789312255518424,22560,0.8905841989691415,0.006510044529085133,0.8917839462095651,0.03132396970848962,"{'classifier__estimator__ccp_alpha': np.float64(0.004445749047809365), 'classifier__estimator__max_depth': 6, 'classifier__estimator__max_features': 'log2', 'classifier__estimator__max_leaf_nodes': 3, 'classifier__estimator__min_impurity_decrease': np.float64(0.0014873201001824766), 'classifier__estimator__min_samples_leaf': 4, 'classifier__estimator__min_samples_split': 7, 'classifier__max_features': np.float64(0.5348560676575735), 'classifier__max_samples': np.float64(0.758721528338177), 'classifier__n_estimators': 694, 'feature_selection_filter__k': 28}",96.00643467903137,"[0, 1, 2, 3, 4, 5, 6, 7, 8, 9, 10, 11, 12, 14, 15, 16, 17, 18, 19, 20, 21, 23, 24, 25, 27, 28, 29, 30]","['Amount_log1p', 'V1', 'V2', 'V3', 'V4', 'V5', 'V6', 'V7', 'V8', 'V9', 'V10', 'V11', 'V12', 'V14', 'V15', 'V16', 'V17', 'V18', 'V19', 'V20', 'V21', 'V23', 'V24', 'V25', 'V27', 'V28', 'Time_sin', 'Time_cos']"
CostSensitiveLearning_ClusterCentroids___RandomizedSearchCV__niter_30__cv_5,4,8,MLA,resubstitution,277,17697,10,64,0.9958998226950354,0.9651567944250871,0.8123167155425219,0.8821656050955414,0.9994352515954142,0.0005647484045857576,0.905875983568968,0.9010316093086862,0.8834833664856695,0.8800949148038185,0.9624412500184247,0.8598822312693206,22561,0.8795363014898439,0.0014873796764323683,0.8784795972392019,0.011250787605143463,"{'classifier__estimator__ccp_alpha': np.float64(0.009562152505492237), 'classifier__estimator__max_depth': 3, 'classifier__estimator__max_features': 'sqrt', 'classifier__estimator__max_leaf_nodes': 4, 'classifier__estimator__min_impurity_decrease': np.float64(0.08299214829539826), 'classifier__estimator__min_samples_leaf': 5, 'classifier__estimator__min_samples_split': 4, 'classifier__max_features': np.float64(0.5512682823544135), 'classifier__max_samples': np.float64(0.8052760583876906), 'classifier__n_estimators': 888, 'feature_selection_filter__k': 28}",101.78160238265991,"[0, 1, 2, 3, 4, 5, 6, 7, 8, 9, 10, 11, 12, 13, 14, 16, 17, 18, 19, 20, 21, 23, 24, 26, 27, 28, 29, 30]","['Amount_log1p', 'V1', 'V2', 'V3', 'V4', 'V5', 'V6', 'V7', 'V8', 'V9', 'V10', 'V11', 'V12', 'V13', 'V14', 'V16', 'V17', 'V18', 'V19', 'V20', 'V21', 'V23', 'V24', 'V26', 'V27', 'V28', 'Time_sin', 'Time_cos']"
CostSensitiveLearning_ClusterCentroids___RandomizedSearchCV__niter_30__cv_5,4,9,MLA,resubstitution,284,17684,23,57,0.9955673758865248,0.9250814332247557,0.8328445747800587,0.8765432098765432,0.9987010786694528,0.0012989213305472092,0.9157728267247558,0.9120102933612353,0.87554313121379,0.8742927093010197,0.9626426383058078,0.8542034206169152,22561,0.8768766506464258,0.005443118155770767,0.877743176839737,0.02011271649040114,"{'classifier__estimator__ccp_alpha': np.float64(0.0058907866480403005), 'classifier__estimator__max_depth': 16, 'classifier__estimator__max_features': 'sqrt', 'classifier__estimator__max_leaf_nodes': 7, 'classifier__estimator__min_impurity_decrease': np.float64(0.09935930187097608), 'classifier__estimator__min_samples_leaf': 3, 'classifier__estimator__min_samples_split': 9, 'classifier__max_features': np.float64(0.9494419805332996), 'classifier__max_samples': np.float64(0.712881115006444), 'classifier__n_estimators': 895, 'feature_selection_filter__k': 22}",100.74601531028748,"[1, 2, 3, 4, 5, 6, 7, 8, 9, 10, 11, 12, 14, 16, 17, 18, 19, 20, 21, 27, 28, 29]","['V1', 'V2', 'V3', 'V4', 'V5', 'V6', 'V7', 'V8', 'V9', 'V10', 'V11', 'V12', 'V14', 'V16', 'V17', 'V18', 'V19', 'V20', 'V21', 'V27', 'V28', 'Time_sin']"
CostSensitiveLearning_ClusterCentroids___RandomizedSearchCV__niter_30__cv_5,4,10,MLA,resubstitution,277,17686,21,64,0.9952903368794326,0.9295302013422819,0.8123167155425219,0.86697965571205,0.9988140283503699,0.0011859716496300798,0.9055653719464459,0.9007515367443831,0.8666290343953349,0.8645934360721929,0.9633075012002974,0.8405051289026525,22561,0.8695038369491396,0.00903345190139624,0.8690504607496241,0.025826423193999172,"{'classifier__estimator__ccp_alpha': np.float64(0.00021855390558579103), 'classifier__estimator__max_depth': 16, 'classifier__estimator__max_features': 'log2', 'classifier__estimator__max_leaf_nodes': 10, 'classifier__estimator__min_impurity_decrease': np.float64(0.08517748706183141), 'classifier__estimator__min_samples_leaf': 9, 'classifier__estimator__min_samples_split': 7, 'classifier__max_features': np.float64(0.5647341816339652), 'classifier__max_samples': np.float64(0.8418582754383106), 'classifier__n_estimators': 597, 'feature_selection_filter__k': 26}",96.87654519081116,"[0, 1, 2, 3, 4, 5, 6, 7, 8, 9, 10, 11, 12, 14, 16, 17, 18, 19, 20, 21, 23, 24, 25, 27, 28, 29]","['Amount_log1p', 'V1', 'V2', 'V3', 'V4', 'V5', 'V6', 'V7', 'V8', 'V9', 'V10', 'V11', 'V12', 'V14', 'V16', 'V17', 'V18', 'V19', 'V20', 'V21', 'V23', 'V24', 'V25', 'V27', 'V28', 'Time_sin']"
CostSensitiveLearning_ClusterCentroids___RandomizedSearchCV__niter_30__cv_5,5,1,MLA,resubstitution,293,17695,12,48,0.9966755319148937,0.9606557377049181,0.8592375366568915,0.9071207430340558,0.9993223019144971,0.0006776980855028869,0.9292799192856943,0.926636516128793,0.9068945803279015,0.9054335700696131,0.9655934901236105,0.8809358982739175,22560,0.9064160334584427,0.00471669864118733,0.9056380441264162,0.02135710423591387,"{'classifier__estimator__ccp_alpha': np.float64(0.009659184095038525), 'classifier__estimator__max_depth': 14, 'classifier__estimator__max_features': 'sqrt', 'classifier__estimator__max_leaf_nodes': 4, 'classifier__estimator__min_impurity_decrease': np.float64(0.046550454463007644), 'classifier__estimator__min_samples_leaf': 7, 'classifier__estimator__min_samples_split': 7, 'classifier__max_features': np.float64(0.5352564912967346), 'classifier__max_samples': np.float64(0.6076604831806387), 'classifier__n_estimators': 200, 'feature_selection_filter__k': 20}",97.28697681427002,"[1, 2, 3, 4, 5, 6, 7, 8, 9, 10, 11, 12, 14, 16, 17, 18, 19, 20, 21, 27]","['V1', 'V2', 'V3', 'V4', 'V5', 'V6', 'V7', 'V8', 'V9', 'V10', 'V11', 'V12', 'V14', 'V16', 'V17', 'V18', 'V19', 'V20', 'V21', 'V27']"
CostSensitiveLearning_ClusterCentroids___RandomizedSearchCV__niter_30__cv_5,5,2,MLA,resubstitution,275,17682,25,66,0.994957890070922,0.9166666666666666,0.8064516129032258,0.858034321372855,0.9985881289885357,0.0014118710114643385,0.9025198709458807,0.8973923374136973,0.8572977150347206,0.8554783772995964,0.957534894743981,0.8406339021561537,22560,0.8669201821076313,0.012628793809582936,0.8681411677753141,0.03543042603655141,"{'classifier__estimator__ccp_alpha': np.float64(0.002570424271051399), 'classifier__estimator__max_depth': 11, 'classifier__estimator__max_features': 'log2', 'classifier__estimator__max_leaf_nodes': 2, 'classifier__estimator__min_impurity_decrease': np.float64(0.09068535028184238), 'classifier__estimator__min_samples_leaf': 4, 'classifier__estimator__min_samples_split': 6, 'classifier__max_features': np.float64(0.5391028201456523), 'classifier__max_samples': np.float64(0.6928581945104005), 'classifier__n_estimators': 116, 'feature_selection_filter__k': 'all'}",95.32809829711914,"[0, 1, 2, 3, 4, 5, 6, 7, 8, 9, 10, 11, 12, 13, 14, 15, 16, 17, 18, 19, 20, 21, 22, 23, 24, 25, 26, 27, 28, 29, 30]","['Amount_log1p', 'V1', 'V2', 'V3', 'V4', 'V5', 'V6', 'V7', 'V8', 'V9', 'V10', 'V11', 'V12', 'V13', 'V14', 'V15', 'V16', 'V17', 'V18', 'V19', 'V20', 'V21', 'V22', 'V23', 'V24', 'V25', 'V26', 'V27', 'V28', 'Time_sin', 'Time_cos']"
CostSensitiveLearning_ClusterCentroids___RandomizedSearchCV__niter_30__cv_5,5,3,MLA,resubstitution,291,17680,27,50,0.9957335992907801,0.9150943396226415,0.8533724340175953,0.8831562974203339,0.9984751793076184,0.0015248206923815788,0.9259238066626069,0.923077024994067,0.8815433350900067,0.8809861232006561,0.9860242987555496,0.8953954984608765,22560,0.8950993575020961,0.005732557152086417,0.890655839251188,0.02051209656226456,"{'classifier__estimator__ccp_alpha': np.float64(0.005737761766539807), 'classifier__estimator__max_depth': 3, 'classifier__estimator__max_features': 'sqrt', 'classifier__estimator__max_leaf_nodes': 8, 'classifier__estimator__min_impurity_decrease': np.float64(0.0012731049947232954), 'classifier__estimator__min_samples_leaf': 4, 'classifier__estimator__min_samples_split': 2, 'classifier__max_features': np.float64(0.6136598600129959), 'classifier__max_samples': np.float64(0.5013661016760639), 'classifier__n_estimators': 423, 'feature_selection_filter__k': 26}",95.96930027008057,"[0, 1, 2, 3, 4, 5, 6, 7, 8, 9, 10, 11, 12, 14, 16, 17, 18, 19, 20, 21, 22, 24, 27, 28, 29, 30]","['Amount_log1p', 'V1', 'V2', 'V3', 'V4', 'V5', 'V6', 'V7', 'V8', 'V9', 'V10', 'V11', 'V12', 'V14', 'V16', 'V17', 'V18', 'V19', 'V20', 'V21', 'V22', 'V24', 'V27', 'V28', 'Time_sin', 'Time_cos']"
CostSensitiveLearning_ClusterCentroids___RandomizedSearchCV__niter_30__cv_5,5,4,MLA,resubstitution,296,17691,16,45,0.9966201241134752,0.9487179487179487,0.8680351906158358,0.9065849923430321,0.9990964025526627,0.0009035974473372566,0.9335657965842492,0.9312630327857948,0.9057942422349652,0.9048673759306498,0.9980107938159883,0.9331141791362633,22560,0.914845070641874,0.0062689664806406375,0.8908274013867399,0.018283716723245753,"{'classifier__estimator__ccp_alpha': np.float64(0.0018296085048042977), 'classifier__estimator__max_depth': 6, 'classifier__estimator__max_features': 'sqrt', 'classifier__estimator__max_leaf_nodes': 18, 'classifier__estimator__min_impurity_decrease': np.float64(8.371144428263034e-05), 'classifier__estimator__min_samples_leaf': 1, 'classifier__estimator__min_samples_split': 6, 'classifier__max_features': np.float64(0.7628683463197949), 'classifier__max_samples': np.float64(0.9231391572247168), 'classifier__n_estimators': 889, 'feature_selection_filter__k': 28}",105.44719099998474,"[0, 1, 2, 3, 4, 5, 6, 7, 8, 9, 10, 11, 12, 13, 14, 15, 16, 17, 18, 19, 20, 21, 23, 24, 27, 28, 29, 30]","['Amount_log1p', 'V1', 'V2', 'V3', 'V4', 'V5', 'V6', 'V7', 'V8', 'V9', 'V10', 'V11', 'V12', 'V13', 'V14', 'V15', 'V16', 'V17', 'V18', 'V19', 'V20', 'V21', 'V23', 'V24', 'V27', 'V28', 'Time_sin', 'Time_cos']"
CostSensitiveLearning_ClusterCentroids___RandomizedSearchCV__niter_30__cv_5,5,5,MLA,resubstitution,282,17683,25,58,0.9954011524822695,0.9185667752442996,0.8294117647058824,0.8717156105100463,0.9985882087192229,0.0014117912807770638,0.9139999867125527,0.9100773639687434,0.870555176640474,0.8693804205960501,0.9623934512815744,0.8566507854327202,22560,0.8747129138919061,0.012558875523118958,0.8758850203365997,0.02477293454063251,"{'classifier__estimator__ccp_alpha': np.float64(0.006559320937489823), 'classifier__estimator__max_depth': 13, 'classifier__estimator__max_features': 'sqrt', 'classifier__estimator__max_leaf_nodes': 13, 'classifier__estimator__min_impurity_decrease': np.float64(0.09603522089596787), 'classifier__estimator__min_samples_leaf': 4, 'classifier__estimator__min_samples_split': 4, 'classifier__max_features': np.float64(0.5219485007655091), 'classifier__max_samples': np.float64(0.5943278571446441), 'classifier__n_estimators': 216, 'feature_selection_filter__k': 24}",93.68170094490051,"[0, 1, 2, 3, 4, 5, 6, 7, 8, 9, 10, 11, 12, 14, 16, 17, 18, 19, 20, 21, 23, 27, 28, 29]","['Amount_log1p', 'V1', 'V2', 'V3', 'V4', 'V5', 'V6', 'V7', 'V8', 'V9', 'V10', 'V11', 'V12', 'V14', 'V16', 'V17', 'V18', 'V19', 'V20', 'V21', 'V23', 'V27', 'V28', 'Time_sin']"
CostSensitiveLearning_ClusterCentroids___RandomizedSearchCV__niter_30__cv_5,5,6,MLA,resubstitution,278,17696,12,62,0.9958998226950354,0.9586206896551724,0.8176470588235294,0.8825396825396825,0.999322340185227,0.0006776598147729684,0.9084846995043783,0.9039319511274604,0.8833523728852786,0.880466551627847,0.9576581372327564,0.8549213589648599,22560,0.8811180777917775,0.007982559494345547,0.8820693236800633,0.02933471947553284,"{'classifier__estimator__ccp_alpha': np.float64(0.003392152224044128), 'classifier__estimator__max_depth': 9, 'classifier__estimator__max_features': 'sqrt', 'classifier__estimator__max_leaf_nodes': 2, 'classifier__estimator__min_impurity_decrease': np.float64(0.06071111255858011), 'classifier__estimator__min_samples_leaf': 4, 'classifier__estimator__min_samples_split': 5, 'classifier__max_features': np.float64(0.5966246265584918), 'classifier__max_samples': np.float64(0.8175698463609893), 'classifier__n_estimators': 942, 'feature_selection_filter__k': 26}",94.63877773284912,"[0, 1, 2, 3, 4, 5, 6, 7, 8, 9, 10, 11, 12, 14, 16, 17, 18, 19, 20, 21, 23, 24, 27, 28, 29, 30]","['Amount_log1p', 'V1', 'V2', 'V3', 'V4', 'V5', 'V6', 'V7', 'V8', 'V9', 'V10', 'V11', 'V12', 'V14', 'V16', 'V17', 'V18', 'V19', 'V20', 'V21', 'V23', 'V24', 'V27', 'V28', 'Time_sin', 'Time_cos']"
CostSensitiveLearning_ClusterCentroids___RandomizedSearchCV__niter_30__cv_5,5,7,MLA,resubstitution,279,17686,22,61,0.9954011524822695,0.9269102990033222,0.8205882352941176,0.8705148205928237,0.9987576236729162,0.001242376327083794,0.9096729294835169,0.9053003677765213,0.8698527800727405,0.8681826469488796,0.9593788616643858,0.8342481166353376,22560,0.8707274554657541,0.0033418204698002145,0.877535462788158,0.015214627036800606,"{'classifier__estimator__ccp_alpha': np.float64(0.008880777116681645), 'classifier__estimator__max_depth': 15, 'classifier__estimator__max_features': 'sqrt', 'classifier__estimator__max_leaf_nodes': 2, 'classifier__estimator__min_impurity_decrease': np.float64(0.046071315614169474), 'classifier__estimator__min_samples_leaf': 9, 'classifier__estimator__min_samples_split': 7, 'classifier__max_features': np.float64(0.9023446109335926), 'classifier__max_samples': np.float64(0.8183733109521942), 'classifier__n_estimators': 315, 'feature_selection_filter__k': 24}",95.91038298606873,"[1, 2, 3, 4, 5, 6, 7, 8, 9, 10, 11, 12, 14, 16, 17, 18, 19, 20, 21, 22, 24, 27, 28, 29]","['V1', 'V2', 'V3', 'V4', 'V5', 'V6', 'V7', 'V8', 'V9', 'V10', 'V11', 'V12', 'V14', 'V16', 'V17', 'V18', 'V19', 'V20', 'V21', 'V22', 'V24', 'V27', 'V28', 'Time_sin']"
CostSensitiveLearning_ClusterCentroids___RandomizedSearchCV__niter_30__cv_5,5,8,MLA,resubstitution,286,17689,18,55,0.9959552304964538,0.9407894736842105,0.8387096774193549,0.8868217054263566,0.9989834528717456,0.0010165471282543859,0.9188465651455502,0.9153453389324354,0.8862823097609139,0.8847694240990089,0.9598444010495377,0.8610137148932011,22561,0.8851099537445988,0.01080911692951089,0.8850763896427182,0.031209024611979302,"{'classifier__estimator__ccp_alpha': np.float64(0.00955064241793899), 'classifier__estimator__max_depth': 17, 'classifier__estimator__max_features': 'log2', 'classifier__estimator__max_leaf_nodes': 2, 'classifier__estimator__min_impurity_decrease': np.float64(0.09633557495088738), 'classifier__estimator__min_samples_leaf': 2, 'classifier__estimator__min_samples_split': 8, 'classifier__max_features': np.float64(0.7989655182941376), 'classifier__max_samples': np.float64(0.8197361021191141), 'classifier__n_estimators': 912, 'feature_selection_filter__k': 22}",99.69543647766113,"[1, 2, 3, 4, 5, 6, 7, 8, 9, 10, 11, 12, 14, 16, 17, 18, 19, 20, 21, 23, 27, 29]","['V1', 'V2', 'V3', 'V4', 'V5', 'V6', 'V7', 'V8', 'V9', 'V10', 'V11', 'V12', 'V14', 'V16', 'V17', 'V18', 'V19', 'V20', 'V21', 'V23', 'V27', 'Time_sin']"
CostSensitiveLearning_ClusterCentroids___RandomizedSearchCV__niter_30__cv_5,5,9,MLA,resubstitution,286,17690,17,55,0.9960106382978723,0.9438943894389439,0.8387096774193549,0.8881987577639752,0.9990399277122042,0.0009600722877958212,0.9188748025657796,0.9153712118591879,0.8877784502688875,0.8861750418219057,0.958571398524069,0.858076180689198,22561,0.88545536916359,0.005090914291204505,0.8867899875732291,0.01867558146239881,"{'classifier__estimator__ccp_alpha': np.float64(0.0037669863478121857), 'classifier__estimator__max_depth': 5, 'classifier__estimator__max_features': 'log2', 'classifier__estimator__max_leaf_nodes': 6, 'classifier__estimator__min_impurity_decrease': np.float64(0.09380768648632852), 'classifier__estimator__min_samples_leaf': 9, 'classifier__estimator__min_samples_split': 2, 'classifier__max_features': np.float64(0.9306319852644728), 'classifier__max_samples': np.float64(0.8881087634334639), 'classifier__n_estimators': 471, 'feature_selection_filter__k': 24}",96.86752772331238,"[0, 1, 2, 3, 4, 5, 6, 7, 8, 9, 10, 11, 12, 14, 16, 17, 18, 19, 20, 21, 22, 24, 27, 29]","['Amount_log1p', 'V1', 'V2', 'V3', 'V4', 'V5', 'V6', 'V7', 'V8', 'V9', 'V10', 'V11', 'V12', 'V14', 'V16', 'V17', 'V18', 'V19', 'V20', 'V21', 'V22', 'V24', 'V27', 'Time_sin']"
CostSensitiveLearning_ClusterCentroids___RandomizedSearchCV__niter_30__cv_5,5,10,MLA,resubstitution,283,17695,12,58,0.9961214539007093,0.9593220338983051,0.8299120234604106,0.889937106918239,0.9993223019144971,0.0006776980855028869,0.9146171626874539,0.9106863311102104,0.8903895814353397,0.8879735625552768,0.9642414890676467,0.8550686966867246,22561,0.88814170519236,0.012821358823059488,0.8857569107991857,0.04355804669328365,"{'classifier__estimator__ccp_alpha': np.float64(0.00839597129667974), 'classifier__estimator__max_depth': 4, 'classifier__estimator__max_features': 'sqrt', 'classifier__estimator__max_leaf_nodes': 2, 'classifier__estimator__min_impurity_decrease': np.float64(0.017290615478234062), 'classifier__estimator__min_samples_leaf': 3, 'classifier__estimator__min_samples_split': 4, 'classifier__max_features': np.float64(0.7375233035286703), 'classifier__max_samples': np.float64(0.6300919461317328), 'classifier__n_estimators': 613, 'feature_selection_filter__k': 20}",98.95201826095581,"[1, 2, 3, 4, 5, 6, 7, 8, 9, 10, 11, 12, 14, 16, 17, 18, 19, 20, 21, 27]","['V1', 'V2', 'V3', 'V4', 'V5', 'V6', 'V7', 'V8', 'V9', 'V10', 'V11', 'V12', 'V14', 'V16', 'V17', 'V18', 'V19', 'V20', 'V21', 'V27']"
CostSensitiveLearning_ClusterCentroids___RandomizedSearchCV__niter_30__cv_5,6,1,MLA,resubstitution,288,17688,19,53,0.9960106382978723,0.9381107491856677,0.844574780058651,0.8888888888888888,0.998926978031287,0.0010730219687129505,0.9217508790449691,0.9185143073275599,0.8881318390623297,0.8868634383709176,0.9802020076888591,0.8674712753105503,22560,0.8907065023583384,0.005003033603157788,0.8864215252080019,0.014582356738982071,"{'classifier__estimator__ccp_alpha': np.float64(0.0023196626729262582), 'classifier__estimator__max_depth': 5, 'classifier__estimator__max_features': 'sqrt', 'classifier__estimator__max_leaf_nodes': 12, 'classifier__estimator__min_impurity_decrease': np.float64(0.013473210948698322), 'classifier__estimator__min_samples_leaf': 7, 'classifier__estimator__min_samples_split': 8, 'classifier__max_features': np.float64(0.681570473525258), 'classifier__max_samples': np.float64(0.7076701966193332), 'classifier__n_estimators': 692, 'feature_selection_filter__k': 22}",93.17007112503052,"[1, 2, 3, 4, 5, 6, 7, 8, 9, 10, 11, 12, 14, 16, 17, 18, 19, 20, 21, 27, 28, 29]","['V1', 'V2', 'V3', 'V4', 'V5', 'V6', 'V7', 'V8', 'V9', 'V10', 'V11', 'V12', 'V14', 'V16', 'V17', 'V18', 'V19', 'V20', 'V21', 'V27', 'V28', 'Time_sin']"
CostSensitiveLearning_ClusterCentroids___RandomizedSearchCV__niter_30__cv_5,6,2,MLA,resubstitution,279,17690,17,62,0.9956227836879432,0.9425675675675675,0.8181818181818182,0.8759811616954474,0.9990399277122042,0.0009600722877958212,0.9086108729470113,0.9040997204356406,0.8760322561199865,0.8737645537235859,0.9632521856674141,0.8501488788552175,22560,0.8714556812528654,0.009845482146828212,0.8685263643193519,0.03640741191205258,"{'classifier__estimator__ccp_alpha': np.float64(0.00030385909819087174), 'classifier__estimator__max_depth': 5, 'classifier__estimator__max_features': 'log2', 'classifier__estimator__max_leaf_nodes': 14, 'classifier__estimator__min_impurity_decrease': np.float64(0.09034687690220727), 'classifier__estimator__min_samples_leaf': 4, 'classifier__estimator__min_samples_split': 6, 'classifier__max_features': np.float64(0.6092637114377386), 'classifier__max_samples': np.float64(0.9137352050149906), 'classifier__n_estimators': 362, 'feature_selection_filter__k': 28}",99.55189180374146,"[0, 1, 2, 3, 4, 5, 6, 7, 8, 9, 10, 11, 12, 13, 14, 16, 17, 18, 19, 20, 21, 22, 23, 24, 27, 28, 29, 30]","['Amount_log1p', 'V1', 'V2', 'V3', 'V4', 'V5', 'V6', 'V7', 'V8', 'V9', 'V10', 'V11', 'V12', 'V13', 'V14', 'V16', 'V17', 'V18', 'V19', 'V20', 'V21', 'V22', 'V23', 'V24', 'V27', 'V28', 'Time_sin', 'Time_cos']"
CostSensitiveLearning_ClusterCentroids___RandomizedSearchCV__niter_30__cv_5,6,3,MLA,resubstitution,280,17694,13,61,0.9958998226950354,0.9556313993174061,0.8211143695014663,0.8832807570977917,0.9992658270740385,0.0007341729259614516,0.9101900982877524,0.9058209147299815,0.8838339970949479,0.8812061900950723,0.9616215367549359,0.8552477766219004,22560,0.8836306442519802,0.004907730498974753,0.881890929463135,0.01996005165675312,"{'classifier__estimator__ccp_alpha': np.float64(0.007463579226999631), 'classifier__estimator__max_depth': 14, 'classifier__estimator__max_features': 'log2', 'classifier__estimator__max_leaf_nodes': 2, 'classifier__estimator__min_impurity_decrease': np.float64(0.07268784999228527), 'classifier__estimator__min_samples_leaf': 8, 'classifier__estimator__min_samples_split': 6, 'classifier__max_features': np.float64(0.5606274654512591), 'classifier__max_samples': np.float64(0.7109470545580736), 'classifier__n_estimators': 787, 'feature_selection_filter__k': 24}",103.50045371055603,"[1, 2, 3, 4, 5, 6, 7, 8, 9, 10, 11, 12, 14, 16, 17, 18, 19, 20, 21, 22, 23, 27, 28, 29]","['V1', 'V2', 'V3', 'V4', 'V5', 'V6', 'V7', 'V8', 'V9', 'V10', 'V11', 'V12', 'V14', 'V16', 'V17', 'V18', 'V19', 'V20', 'V21', 'V22', 'V23', 'V27', 'V28', 'Time_sin']"
CostSensitiveLearning_ClusterCentroids___RandomizedSearchCV__niter_30__cv_5,6,4,MLA,resubstitution,297,17682,25,44,0.9961768617021277,0.922360248447205,0.8709677419354839,0.8959276018099548,0.9985881289885357,0.0014118710114643385,0.9347779354620098,0.93259747363411,0.8943630872946613,0.8939818937496489,0.9886407731455344,0.9049582716833853,22560,0.9044070974773752,0.008628423370328459,0.9043009232482916,0.01595365333674973,"{'classifier__estimator__ccp_alpha': np.float64(0.0034563203841346192), 'classifier__estimator__max_depth': 4, 'classifier__estimator__max_features': 'sqrt', 'classifier__estimator__max_leaf_nodes': 8, 'classifier__estimator__min_impurity_decrease': np.float64(0.005087565747405942), 'classifier__estimator__min_samples_leaf': 2, 'classifier__estimator__min_samples_split': 9, 'classifier__max_features': np.float64(0.9896503609696754), 'classifier__max_samples': np.float64(0.6157559003454599), 'classifier__n_estimators': 352, 'feature_selection_filter__k': 20}",99.95441770553589,"[1, 2, 3, 4, 5, 6, 7, 8, 9, 10, 11, 12, 14, 16, 17, 18, 19, 20, 21, 27]","['V1', 'V2', 'V3', 'V4', 'V5', 'V6', 'V7', 'V8', 'V9', 'V10', 'V11', 'V12', 'V14', 'V16', 'V17', 'V18', 'V19', 'V20', 'V21', 'V27']"
CostSensitiveLearning_ClusterCentroids___RandomizedSearchCV__niter_30__cv_5,6,5,MLA,resubstitution,281,17695,13,59,0.9960106382978723,0.95578231292517,0.8264705882352941,0.886435331230284,0.9992658685339959,0.0007341314660040954,0.912868228384645,0.908770515680798,0.8868371989494849,0.8844158672012091,0.9644657117421173,0.8535090681768865,22560,0.8807171199029626,0.0035447253863911824,0.8837004520360858,0.01883789808713554,"{'classifier__estimator__ccp_alpha': np.float64(0.008295670631960359), 'classifier__estimator__max_depth': 13, 'classifier__estimator__max_features': 'log2', 'classifier__estimator__max_leaf_nodes': 14, 'classifier__estimator__min_impurity_decrease': np.float64(0.05902924883059112), 'classifier__estimator__min_samples_leaf': 9, 'classifier__estimator__min_samples_split': 6, 'classifier__max_features': np.float64(0.7396377185762519), 'classifier__max_samples': np.float64(0.7555705994516374), 'classifier__n_estimators': 459, 'feature_selection_filter__k': 28}",103.75842261314392,"[0, 1, 2, 3, 4, 5, 6, 7, 8, 9, 10, 11, 12, 13, 14, 15, 16, 17, 18, 19, 20, 21, 22, 24, 25, 27, 28, 29]","['Amount_log1p', 'V1', 'V2', 'V3', 'V4', 'V5', 'V6', 'V7', 'V8', 'V9', 'V10', 'V11', 'V12', 'V13', 'V14', 'V15', 'V16', 'V17', 'V18', 'V19', 'V20', 'V21', 'V22', 'V24', 'V25', 'V27', 'V28', 'Time_sin']"
CostSensitiveLearning_ClusterCentroids___RandomizedSearchCV__niter_30__cv_5,6,6,MLA,resubstitution,285,17669,39,55,0.9947916666666666,0.8796296296296297,0.8382352941176471,0.858433734939759,0.9977976056019878,0.002202394398012175,0.9180164498598175,0.9145431479168527,0.8560402942169827,0.8557823351314297,0.9618656904822016,0.8512251922975304,22560,0.8788342583324059,0.009282985518177876,0.8773370564948839,0.03020810810535615,"{'classifier__estimator__ccp_alpha': np.float64(0.001240488978875417), 'classifier__estimator__max_depth': 16, 'classifier__estimator__max_features': 'log2', 'classifier__estimator__max_leaf_nodes': 9, 'classifier__estimator__min_impurity_decrease': np.float64(0.09693059637032025), 'classifier__estimator__min_samples_leaf': 9, 'classifier__estimator__min_samples_split': 2, 'classifier__max_features': np.float64(0.9030414214650313), 'classifier__max_samples': np.float64(0.8775030681672786), 'classifier__n_estimators': 266, 'feature_selection_filter__k': 20}",96.62303805351257,"[1, 2, 3, 4, 5, 6, 7, 8, 9, 10, 11, 12, 14, 16, 17, 18, 19, 20, 21, 27]","['V1', 'V2', 'V3', 'V4', 'V5', 'V6', 'V7', 'V8', 'V9', 'V10', 'V11', 'V12', 'V14', 'V16', 'V17', 'V18', 'V19', 'V20', 'V21', 'V27']"
CostSensitiveLearning_ClusterCentroids___RandomizedSearchCV__niter_30__cv_5,6,7,MLA,resubstitution,278,17686,22,62,0.995345744680851,0.9266666666666666,0.8176470588235294,0.86875,0.9987576236729162,0.001242376327083794,0.9082023412482227,0.9036765093072506,0.8681491907323562,0.8663902872371928,0.9636398968894085,0.8448564383326783,22560,0.8692214388631554,0.008747709822631502,0.868903194056388,0.015943356982428956,"{'classifier__estimator__ccp_alpha': np.float64(0.00802612491779021), 'classifier__estimator__max_depth': 5, 'classifier__estimator__max_features': 'log2', 'classifier__estimator__max_leaf_nodes': 8, 'classifier__estimator__min_impurity_decrease': np.float64(0.03763183557990906), 'classifier__estimator__min_samples_leaf': 1, 'classifier__estimator__min_samples_split': 5, 'classifier__max_features': np.float64(0.7002435190298987), 'classifier__max_samples': np.float64(0.8369882670674315), 'classifier__n_estimators': 753, 'feature_selection_filter__k': 22}",94.97598266601562,"[1, 2, 3, 4, 5, 6, 7, 8, 9, 10, 11, 12, 14, 16, 17, 18, 19, 20, 21, 27, 28, 29]","['V1', 'V2', 'V3', 'V4', 'V5', 'V6', 'V7', 'V8', 'V9', 'V10', 'V11', 'V12', 'V14', 'V16', 'V17', 'V18', 'V19', 'V20', 'V21', 'V27', 'V28', 'Time_sin']"
CostSensitiveLearning_ClusterCentroids___RandomizedSearchCV__niter_30__cv_5,6,8,MLA,resubstitution,282,17691,16,59,0.995844414893617,0.9463087248322147,0.8269794721407625,0.8826291079812206,0.9990964025526627,0.0009035974473372566,0.9130379373467126,0.9089731655009051,0.882596724403505,0.8805236200636996,0.9603564837671269,0.8435777350250413,22561,0.8794334210069671,0.007608113793749112,0.8808762270312075,0.024876146262230905,"{'classifier__estimator__ccp_alpha': np.float64(0.008862631373650051), 'classifier__estimator__max_depth': 16, 'classifier__estimator__max_features': 'log2', 'classifier__estimator__max_leaf_nodes': 12, 'classifier__estimator__min_impurity_decrease': np.float64(0.08706170075619951), 'classifier__estimator__min_samples_leaf': 7, 'classifier__estimator__min_samples_split': 9, 'classifier__max_features': np.float64(0.9089108192250305), 'classifier__max_samples': np.float64(0.5621800798297076), 'classifier__n_estimators': 396, 'feature_selection_filter__k': 20}",94.63464379310608,"[1, 2, 3, 4, 5, 6, 7, 8, 9, 10, 11, 12, 14, 16, 17, 18, 19, 20, 21, 27]","['V1', 'V2', 'V3', 'V4', 'V5', 'V6', 'V7', 'V8', 'V9', 'V10', 'V11', 'V12', 'V14', 'V16', 'V17', 'V18', 'V19', 'V20', 'V21', 'V27']"
CostSensitiveLearning_ClusterCentroids___RandomizedSearchCV__niter_30__cv_5,6,9,MLA,resubstitution,284,17691,16,57,0.9959552304964538,0.9466666666666667,0.8328445747800587,0.8861154446177847,0.9990964025526627,0.0009035974473372566,0.9159704886663607,0.9121907796882507,0.8859452046865381,0.8840650718996762,0.9608004985685037,0.8691472607598901,22561,0.8847587610180504,0.0049081414461463685,0.8822988078750458,0.0295387389410417,"{'classifier__estimator__ccp_alpha': np.float64(0.008872205621172824), 'classifier__estimator__max_depth': 17, 'classifier__estimator__max_features': 'sqrt', 'classifier__estimator__max_leaf_nodes': 12, 'classifier__estimator__min_impurity_decrease': np.float64(0.0684624271692713), 'classifier__estimator__min_samples_leaf': 5, 'classifier__estimator__min_samples_split': 7, 'classifier__max_features': np.float64(0.7427071550921837), 'classifier__max_samples': np.float64(0.9833464602914839), 'classifier__n_estimators': 395, 'feature_selection_filter__k': 20}",100.97142767906189,"[1, 2, 3, 4, 5, 6, 7, 8, 9, 10, 11, 12, 14, 16, 17, 18, 19, 20, 21, 27]","['V1', 'V2', 'V3', 'V4', 'V5', 'V6', 'V7', 'V8', 'V9', 'V10', 'V11', 'V12', 'V14', 'V16', 'V17', 'V18', 'V19', 'V20', 'V21', 'V27']"
CostSensitiveLearning_ClusterCentroids___RandomizedSearchCV__niter_30__cv_5,6,10,MLA,resubstitution,287,17689,18,54,0.9960106382978723,0.940983606557377,0.841642228739003,0.8885448916408669,0.9989834528717456,0.0010165471282543859,0.9203128408053742,0.9169441966381383,0.8879507758082099,0.8865202840835358,0.9574330412927141,0.8586344119620842,22561,0.8881113367004815,0.007434757492737501,0.89088562135234,0.01538122055113942,"{'classifier__estimator__ccp_alpha': np.float64(0.006089955098753504), 'classifier__estimator__max_depth': 19, 'classifier__estimator__max_features': 'log2', 'classifier__estimator__max_leaf_nodes': 2, 'classifier__estimator__min_impurity_decrease': np.float64(0.09534903476062169), 'classifier__estimator__min_samples_leaf': 8, 'classifier__estimator__min_samples_split': 3, 'classifier__max_features': np.float64(0.5850589515185862), 'classifier__max_samples': np.float64(0.8814606913205086), 'classifier__n_estimators': 989, 'feature_selection_filter__k': 20}",101.99383902549744,"[1, 2, 3, 4, 5, 6, 7, 8, 9, 10, 11, 12, 14, 16, 17, 18, 19, 20, 21, 27]","['V1', 'V2', 'V3', 'V4', 'V5', 'V6', 'V7', 'V8', 'V9', 'V10', 'V11', 'V12', 'V14', 'V16', 'V17', 'V18', 'V19', 'V20', 'V21', 'V27']"
CostSensitiveLearning_ClusterCentroids___RandomizedSearchCV__niter_30__cv_5,7,1,MLA,resubstitution,276,17685,22,65,0.9951795212765957,0.9261744966442953,0.8093841642228738,0.863849765258216,0.9987575535099114,0.0012424464900886445,0.9040708588663926,0.8990987419126455,0.8634354963937008,0.8614073992738915,0.9612299392175038,0.8337701726774442,22560,0.8622916353341157,0.0063817050797653554,0.862790405079631,0.017916611045097574,"{'classifier__estimator__ccp_alpha': np.float64(0.009568329145093231), 'classifier__estimator__max_depth': 18, 'classifier__estimator__max_features': 'sqrt', 'classifier__estimator__max_leaf_nodes': 12, 'classifier__estimator__min_impurity_decrease': np.float64(0.08462379713608248), 'classifier__estimator__min_samples_leaf': 8, 'classifier__estimator__min_samples_split': 7, 'classifier__max_features': np.float64(0.6168155467520304), 'classifier__max_samples': np.float64(0.8358463618809837), 'classifier__n_estimators': 374, 'feature_selection_filter__k': 24}",97.96868133544922,"[0, 1, 2, 3, 4, 5, 6, 7, 8, 9, 10, 11, 12, 14, 16, 17, 18, 19, 20, 21, 23, 27, 28, 29]","['Amount_log1p', 'V1', 'V2', 'V3', 'V4', 'V5', 'V6', 'V7', 'V8', 'V9', 'V10', 'V11', 'V12', 'V14', 'V16', 'V17', 'V18', 'V19', 'V20', 'V21', 'V23', 'V27', 'V28', 'Time_sin']"
CostSensitiveLearning_ClusterCentroids___RandomizedSearchCV__niter_30__cv_5,7,2,MLA,resubstitution,282,17672,35,59,0.9947916666666666,0.889589905362776,0.8269794721407625,0.8571428571428571,0.9980233805839499,0.001976619416050096,0.9125014263623562,0.9084849192251098,0.8550842111455419,0.8544939315007045,0.9637817408063183,0.8439823112973996,22560,0.8700117691766968,0.011158578576333233,0.8703093014866271,0.018336472785670237,"{'classifier__estimator__ccp_alpha': np.float64(0.004321112056009026), 'classifier__estimator__max_depth': 9, 'classifier__estimator__max_features': 'log2', 'classifier__estimator__max_leaf_nodes': 14, 'classifier__estimator__min_impurity_decrease': np.float64(0.0459353745644712), 'classifier__estimator__min_samples_leaf': 8, 'classifier__estimator__min_samples_split': 6, 'classifier__max_features': np.float64(0.9416970994588743), 'classifier__max_samples': np.float64(0.6893673136863647), 'classifier__n_estimators': 170, 'feature_selection_filter__k': 'all'}",96.39033126831055,"[0, 1, 2, 3, 4, 5, 6, 7, 8, 9, 10, 11, 12, 13, 14, 15, 16, 17, 18, 19, 20, 21, 22, 23, 24, 25, 26, 27, 28, 29, 30]","['Amount_log1p', 'V1', 'V2', 'V3', 'V4', 'V5', 'V6', 'V7', 'V8', 'V9', 'V10', 'V11', 'V12', 'V13', 'V14', 'V15', 'V16', 'V17', 'V18', 'V19', 'V20', 'V21', 'V22', 'V23', 'V24', 'V25', 'V26', 'V27', 'V28', 'Time_sin', 'Time_cos']"
CostSensitiveLearning_ClusterCentroids___RandomizedSearchCV__niter_30__cv_5,7,3,MLA,resubstitution,288,17689,18,53,0.9960660460992907,0.9411764705882353,0.844574780058651,0.8902627511591963,0.9989834528717456,0.0010165471282543859,0.9217791164651983,0.9185402712953779,0.8896163392526911,0.8882658415794964,0.9870272654236351,0.8963556685023565,22560,0.8954392972199491,0.007884217329753794,0.8949935899664002,0.022238598347556867,"{'classifier__estimator__ccp_alpha': np.float64(0.005121061319265708), 'classifier__estimator__max_depth': 3, 'classifier__estimator__max_features': 'sqrt', 'classifier__estimator__max_leaf_nodes': 11, 'classifier__estimator__min_impurity_decrease': np.float64(0.0006066154016841074), 'classifier__estimator__min_samples_leaf': 7, 'classifier__estimator__min_samples_split': 5, 'classifier__max_features': np.float64(0.8262385223335402), 'classifier__max_samples': np.float64(0.5324415759290289), 'classifier__n_estimators': 196, 'feature_selection_filter__k': 28}",95.08790326118469,"[1, 2, 3, 4, 5, 6, 7, 8, 9, 10, 11, 12, 14, 16, 17, 18, 19, 20, 21, 22, 23, 24, 25, 26, 27, 28, 29, 30]","['V1', 'V2', 'V3', 'V4', 'V5', 'V6', 'V7', 'V8', 'V9', 'V10', 'V11', 'V12', 'V14', 'V16', 'V17', 'V18', 'V19', 'V20', 'V21', 'V22', 'V23', 'V24', 'V25', 'V26', 'V27', 'V28', 'Time_sin', 'Time_cos']"
CostSensitiveLearning_ClusterCentroids___RandomizedSearchCV__niter_30__cv_5,7,4,MLA,resubstitution,285,17687,20,56,0.9957890070921985,0.9344262295081968,0.8357771260997068,0.8823529411764706,0.9988705031908285,0.0011294968091715152,0.9173238146452676,0.913692026069287,0.881636174301646,0.88021585542151,0.9642099393400593,0.8652445063175227,22560,0.8908026535830293,0.0025983875318169713,0.8881663003663004,0.016280914203157793,"{'classifier__estimator__ccp_alpha': np.float64(0.0019785251447587537), 'classifier__estimator__max_depth': 8, 'classifier__estimator__max_features': 'log2', 'classifier__estimator__max_leaf_nodes': 15, 'classifier__estimator__min_impurity_decrease': np.float64(0.08096431679556959), 'classifier__estimator__min_samples_leaf': 3, 'classifier__estimator__min_samples_split': 5, 'classifier__max_features': np.float64(0.5510157579123256), 'classifier__max_samples': np.float64(0.6456505329750203), 'classifier__n_estimators': 577, 'feature_selection_filter__k': 28}",97.45245313644409,"[0, 1, 2, 3, 4, 5, 6, 7, 8, 9, 10, 11, 12, 13, 14, 16, 17, 18, 19, 20, 21, 23, 24, 26, 27, 28, 29, 30]","['Amount_log1p', 'V1', 'V2', 'V3', 'V4', 'V5', 'V6', 'V7', 'V8', 'V9', 'V10', 'V11', 'V12', 'V13', 'V14', 'V16', 'V17', 'V18', 'V19', 'V20', 'V21', 'V23', 'V24', 'V26', 'V27', 'V28', 'Time_sin', 'Time_cos']"
CostSensitiveLearning_ClusterCentroids___RandomizedSearchCV__niter_30__cv_5,7,5,MLA,resubstitution,278,17692,16,62,0.9956781914893617,0.9455782312925171,0.8176470588235294,0.8769716088328076,0.9990964535803026,0.0009035464196973653,0.908371756201916,0.9038297830625817,0.8771788176027598,0.8747838561346433,0.9636506929403792,0.8480353925348094,22560,0.8724336953835122,0.011749215166905823,0.8689317102794863,0.02389495843011698,"{'classifier__estimator__ccp_alpha': np.float64(0.0010745512208048225), 'classifier__estimator__max_depth': 18, 'classifier__estimator__max_features': 'sqrt', 'classifier__estimator__max_leaf_nodes': 16, 'classifier__estimator__min_impurity_decrease': np.float64(0.06529534387237283), 'classifier__estimator__min_samples_leaf': 9, 'classifier__estimator__min_samples_split': 2, 'classifier__max_features': np.float64(0.7267048425832678), 'classifier__max_samples': np.float64(0.9413649969559372), 'classifier__n_estimators': 432, 'feature_selection_filter__k': 22}",95.13690614700317,"[1, 2, 3, 4, 5, 6, 7, 8, 9, 10, 11, 12, 14, 16, 17, 18, 19, 20, 21, 27, 28, 29]","['V1', 'V2', 'V3', 'V4', 'V5', 'V6', 'V7', 'V8', 'V9', 'V10', 'V11', 'V12', 'V14', 'V16', 'V17', 'V18', 'V19', 'V20', 'V21', 'V27', 'V28', 'Time_sin']"
CostSensitiveLearning_ClusterCentroids___RandomizedSearchCV__niter_30__cv_5,7,6,MLA,resubstitution,291,17687,21,49,0.9961214539007093,0.9326923076923077,0.8558823529411764,0.8926380368098159,0.9988140953241473,0.001185904675852667,0.9273482241326618,0.9245903731149506,0.8915197678986194,0.8906667995945698,0.9645589730131945,0.8648753071087327,22560,0.897907856890356,0.005786004139905569,0.9020031419874558,0.014770144777861394,"{'classifier__estimator__ccp_alpha': np.float64(0.00880195669786846), 'classifier__estimator__max_depth': 15, 'classifier__estimator__max_features': 'sqrt', 'classifier__estimator__max_leaf_nodes': 7, 'classifier__estimator__min_impurity_decrease': np.float64(0.08928954757482577), 'classifier__estimator__min_samples_leaf': 3, 'classifier__estimator__min_samples_split': 4, 'classifier__max_features': np.float64(0.730482543439801), 'classifier__max_samples': np.float64(0.7847836870476033), 'classifier__n_estimators': 465, 'feature_selection_filter__k': 'all'}",100.41131663322449,"[0, 1, 2, 3, 4, 5, 6, 7, 8, 9, 10, 11, 12, 13, 14, 15, 16, 17, 18, 19, 20, 21, 22, 23, 24, 25, 26, 27, 28, 29, 30]","['Amount_log1p', 'V1', 'V2', 'V3', 'V4', 'V5', 'V6', 'V7', 'V8', 'V9', 'V10', 'V11', 'V12', 'V13', 'V14', 'V15', 'V16', 'V17', 'V18', 'V19', 'V20', 'V21', 'V22', 'V23', 'V24', 'V25', 'V26', 'V27', 'V28', 'Time_sin', 'Time_cos']"
CostSensitiveLearning_ClusterCentroids___RandomizedSearchCV__niter_30__cv_5,7,7,MLA,resubstitution,277,17692,16,63,0.9956227836879432,0.9453924914675768,0.8147058823529412,0.8751974723538705,0.9990964535803026,0.0009035464196973653,0.9069011679666219,0.9022027254280686,0.8754855830620548,0.872982297599033,0.9609578256421158,0.8488331758387492,22560,0.8722875392179079,0.010716394676872248,0.8735000820075447,0.030845041057784232,"{'classifier__estimator__ccp_alpha': np.float64(0.0023906984555002774), 'classifier__estimator__max_depth': 17, 'classifier__estimator__max_features': 'log2', 'classifier__estimator__max_leaf_nodes': 2, 'classifier__estimator__min_impurity_decrease': np.float64(0.0287016221262854), 'classifier__estimator__min_samples_leaf': 1, 'classifier__estimator__min_samples_split': 7, 'classifier__max_features': np.float64(0.6450422419501508), 'classifier__max_samples': np.float64(0.6827475110292708), 'classifier__n_estimators': 512, 'feature_selection_filter__k': 28}",94.21892094612122,"[0, 1, 2, 3, 4, 5, 6, 7, 8, 9, 10, 11, 12, 13, 14, 16, 17, 18, 19, 20, 21, 22, 23, 24, 26, 27, 28, 29]","['Amount_log1p', 'V1', 'V2', 'V3', 'V4', 'V5', 'V6', 'V7', 'V8', 'V9', 'V10', 'V11', 'V12', 'V13', 'V14', 'V16', 'V17', 'V18', 'V19', 'V20', 'V21', 'V22', 'V23', 'V24', 'V26', 'V27', 'V28', 'Time_sin']"
CostSensitiveLearning_ClusterCentroids___RandomizedSearchCV__niter_30__cv_5,7,8,MLA,resubstitution,288,17685,22,53,0.995844414893617,0.9290322580645162,0.844574780058651,0.8847926267281107,0.9987575535099114,0.0012424464900886445,0.9216661667842811,0.9184364110201368,0.8837211774827227,0.8826815584354352,0.9674262725926275,0.8727975894016852,22561,0.8878921495735043,0.010682311719381709,0.8895001586467807,0.03090520289473815,"{'classifier__estimator__ccp_alpha': np.float64(0.00034954303403878173), 'classifier__estimator__max_depth': 11, 'classifier__estimator__max_features': 'log2', 'classifier__estimator__max_leaf_nodes': 2, 'classifier__estimator__min_impurity_decrease': np.float64(0.05015464242898121), 'classifier__estimator__min_samples_leaf': 4, 'classifier__estimator__min_samples_split': 6, 'classifier__max_features': np.float64(0.7687064884056192), 'classifier__max_samples': np.float64(0.6187345314471284), 'classifier__n_estimators': 861, 'feature_selection_filter__k': 24}",96.65003228187561,"[0, 1, 2, 3, 4, 5, 6, 7, 8, 9, 10, 11, 12, 14, 16, 17, 18, 19, 20, 21, 22, 24, 27, 29]","['Amount_log1p', 'V1', 'V2', 'V3', 'V4', 'V5', 'V6', 'V7', 'V8', 'V9', 'V10', 'V11', 'V12', 'V14', 'V16', 'V17', 'V18', 'V19', 'V20', 'V21', 'V22', 'V24', 'V27', 'Time_sin']"
CostSensitiveLearning_ClusterCentroids___RandomizedSearchCV__niter_30__cv_5,7,9,MLA,resubstitution,283,17690,17,58,0.995844414893617,0.9433333333333334,0.8299120234604106,0.8829953198127926,0.9990399277122042,0.0009600722877958212,0.9144759755863074,0.9105576576611597,0.8827621502807806,0.8808887724996673,0.9714700202232925,0.8655449858574782,22561,0.8776330691928524,0.017324944244284424,0.8834984855127894,0.03720005678156739,"{'classifier__estimator__ccp_alpha': np.float64(0.007924420879559179), 'classifier__estimator__max_depth': 9, 'classifier__estimator__max_features': 'log2', 'classifier__estimator__max_leaf_nodes': 10, 'classifier__estimator__min_impurity_decrease': np.float64(0.017845495612040775), 'classifier__estimator__min_samples_leaf': 8, 'classifier__estimator__min_samples_split': 3, 'classifier__max_features': np.float64(0.6369308747111067), 'classifier__max_samples': np.float64(0.7339166475487967), 'classifier__n_estimators': 457, 'feature_selection_filter__k': 24}",98.46882152557373,"[1, 2, 3, 4, 5, 6, 7, 8, 9, 10, 11, 12, 14, 16, 17, 18, 19, 20, 21, 24, 25, 27, 28, 29]","['V1', 'V2', 'V3', 'V4', 'V5', 'V6', 'V7', 'V8', 'V9', 'V10', 'V11', 'V12', 'V14', 'V16', 'V17', 'V18', 'V19', 'V20', 'V21', 'V24', 'V25', 'V27', 'V28', 'Time_sin']"
CostSensitiveLearning_ClusterCentroids___RandomizedSearchCV__niter_30__cv_5,7,10,MLA,resubstitution,290,17688,19,51,0.9961214539007093,0.9385113268608414,0.8504398826979472,0.8923076923076924,0.998926978031287,0.0010730219687129505,0.9246834303646172,0.9216980753048921,0.8914586203377737,0.8903377312472365,0.9741476066840375,0.8851954690093461,22561,0.8902616373897448,0.005012738486733009,0.8937315535208328,0.010880717654247939,"{'classifier__estimator__ccp_alpha': np.float64(0.0007436832628709522), 'classifier__estimator__max_depth': 10, 'classifier__estimator__max_features': 'log2', 'classifier__estimator__max_leaf_nodes': 3, 'classifier__estimator__min_impurity_decrease': np.float64(0.012753993215051197), 'classifier__estimator__min_samples_leaf': 7, 'classifier__estimator__min_samples_split': 4, 'classifier__max_features': np.float64(0.6976756107043816), 'classifier__max_samples': np.float64(0.8500039761397806), 'classifier__n_estimators': 819, 'feature_selection_filter__k': 'all'}",100.75310921669006,"[0, 1, 2, 3, 4, 5, 6, 7, 8, 9, 10, 11, 12, 13, 14, 15, 16, 17, 18, 19, 20, 21, 22, 23, 24, 25, 26, 27, 28, 29, 30]","['Amount_log1p', 'V1', 'V2', 'V3', 'V4', 'V5', 'V6', 'V7', 'V8', 'V9', 'V10', 'V11', 'V12', 'V13', 'V14', 'V15', 'V16', 'V17', 'V18', 'V19', 'V20', 'V21', 'V22', 'V23', 'V24', 'V25', 'V26', 'V27', 'V28', 'Time_sin', 'Time_cos']"
CostSensitiveLearning_ClusterCentroids___RandomizedSearchCV__niter_30__cv_5,8,1,MLA,resubstitution,285,17688,19,56,0.995844414893617,0.9375,0.8357771260997068,0.8837209302325582,0.998926978031287,0.0010730219687129505,0.917352052065497,0.9137178551842216,0.8831199094578405,0.8816124220195297,0.9599364831940977,0.861262856784465,22560,0.8880136986147071,0.007914843063747623,0.886624667164053,0.02559743812016845,"{'classifier__estimator__ccp_alpha': np.float64(0.006216920980786502), 'classifier__estimator__max_depth': 19, 'classifier__estimator__max_features': 'log2', 'classifier__estimator__max_leaf_nodes': 18, 'classifier__estimator__min_impurity_decrease': np.float64(0.09986252048813113), 'classifier__estimator__min_samples_leaf': 3, 'classifier__estimator__min_samples_split': 8, 'classifier__max_features': np.float64(0.5947436735669631), 'classifier__max_samples': np.float64(0.9319090435129955), 'classifier__n_estimators': 501, 'feature_selection_filter__k': 22}",97.66829085350037,"[1, 2, 3, 4, 5, 6, 7, 8, 9, 10, 11, 12, 14, 16, 17, 18, 19, 20, 21, 23, 27, 28]","['V1', 'V2', 'V3', 'V4', 'V5', 'V6', 'V7', 'V8', 'V9', 'V10', 'V11', 'V12', 'V14', 'V16', 'V17', 'V18', 'V19', 'V20', 'V21', 'V23', 'V27', 'V28']"
CostSensitiveLearning_ClusterCentroids___RandomizedSearchCV__niter_30__cv_5,8,2,MLA,resubstitution,285,17691,16,56,0.9960106382978723,0.946843853820598,0.8357771260997068,0.8878504672897196,0.9990964025526627,0.0009035974473372566,0.9174367643261847,0.9137953381485486,0.8876150386739828,0.8858276924709797,0.9625055087811751,0.8586533646698088,22560,0.88366816840661,0.008106218113096727,0.8866554168950762,0.017213288702620382,"{'classifier__estimator__ccp_alpha': np.float64(0.009343417176499438), 'classifier__estimator__max_depth': 17, 'classifier__estimator__max_features': 'log2', 'classifier__estimator__max_leaf_nodes': 13, 'classifier__estimator__min_impurity_decrease': np.float64(0.08589386719511986), 'classifier__estimator__min_samples_leaf': 7, 'classifier__estimator__min_samples_split': 4, 'classifier__max_features': np.float64(0.846663368119261), 'classifier__max_samples': np.float64(0.8333123792956614), 'classifier__n_estimators': 526, 'feature_selection_filter__k': 26}",99.728515625,"[0, 1, 2, 3, 4, 5, 6, 7, 8, 9, 10, 11, 12, 14, 16, 17, 18, 19, 20, 21, 23, 24, 25, 27, 28, 29]","['Amount_log1p', 'V1', 'V2', 'V3', 'V4', 'V5', 'V6', 'V7', 'V8', 'V9', 'V10', 'V11', 'V12', 'V14', 'V16', 'V17', 'V18', 'V19', 'V20', 'V21', 'V23', 'V24', 'V25', 'V27', 'V28', 'Time_sin']"
CostSensitiveLearning_ClusterCentroids___RandomizedSearchCV__niter_30__cv_5,8,3,MLA,resubstitution,277,17693,14,64,0.9956781914893617,0.9518900343642611,0.8123167155425219,0.8765822784810127,0.99920935223358,0.0007906477664200162,0.9057630338880509,0.9009297748136381,0.8772449282883326,0.8743968749113347,0.9568046965868495,0.8462645977469283,22560,0.8779735009590836,0.007978251750998118,0.87833961518169,0.033292674615912475,"{'classifier__estimator__ccp_alpha': np.float64(0.004025720379778967), 'classifier__estimator__max_depth': 16, 'classifier__estimator__max_features': 'log2', 'classifier__estimator__max_leaf_nodes': 2, 'classifier__estimator__min_impurity_decrease': np.float64(0.09190177022186442), 'classifier__estimator__min_samples_leaf': 6, 'classifier__estimator__min_samples_split': 8, 'classifier__max_features': np.float64(0.555121524084756), 'classifier__max_samples': np.float64(0.9538417152371986), 'classifier__n_estimators': 163, 'feature_selection_filter__k': 22}",98.0285255908966,"[1, 2, 3, 4, 5, 6, 7, 8, 9, 10, 11, 12, 14, 16, 17, 18, 19, 20, 21, 27, 28, 29]","['V1', 'V2', 'V3', 'V4', 'V5', 'V6', 'V7', 'V8', 'V9', 'V10', 'V11', 'V12', 'V14', 'V16', 'V17', 'V18', 'V19', 'V20', 'V21', 'V27', 'V28', 'Time_sin']"
CostSensitiveLearning_ClusterCentroids___RandomizedSearchCV__niter_30__cv_5,8,4,MLA,resubstitution,291,17684,23,50,0.9959552304964538,0.9267515923566879,0.8533724340175953,0.8885496183206106,0.9987010786694528,0.0012989213305472092,0.9260367563435241,0.9231814395665399,0.8872756686006474,0.8864934215491435,0.990328559359943,0.8836054445695657,22560,0.8897503333027231,0.006455634555538833,0.8883067364204983,0.02825900657117953,"{'classifier__estimator__ccp_alpha': np.float64(0.0036430901872588728), 'classifier__estimator__max_depth': 9, 'classifier__estimator__max_features': 'sqrt', 'classifier__estimator__max_leaf_nodes': 7, 'classifier__estimator__min_impurity_decrease': np.float64(0.002773393850770911), 'classifier__estimator__min_samples_leaf': 2, 'classifier__estimator__min_samples_split': 3, 'classifier__max_features': np.float64(0.5131687904976168), 'classifier__max_samples': np.float64(0.5337040058165747), 'classifier__n_estimators': 208, 'feature_selection_filter__k': 26}",94.54508543014526,"[0, 1, 2, 3, 4, 5, 6, 7, 8, 9, 10, 11, 12, 13, 14, 16, 17, 18, 19, 20, 21, 22, 24, 27, 28, 29]","['Amount_log1p', 'V1', 'V2', 'V3', 'V4', 'V5', 'V6', 'V7', 'V8', 'V9', 'V10', 'V11', 'V12', 'V13', 'V14', 'V16', 'V17', 'V18', 'V19', 'V20', 'V21', 'V22', 'V24', 'V27', 'V28', 'Time_sin']"
CostSensitiveLearning_ClusterCentroids___RandomizedSearchCV__niter_30__cv_5,8,5,MLA,resubstitution,285,17684,24,55,0.9956227836879432,0.9223300970873787,0.8382352941176471,0.8782742681047766,0.9986446803704541,0.0013553196295459369,0.9184399872440505,0.9149312637402611,0.8770888386502255,0.8760507664414043,0.9716813769781687,0.863644095611928,22560,0.8852462696548425,0.005877138150452111,0.884313002541349,0.018630664366928135,"{'classifier__estimator__ccp_alpha': np.float64(0.002764385309656243), 'classifier__estimator__max_depth': 11, 'classifier__estimator__max_features': 'log2', 'classifier__estimator__max_leaf_nodes': 13, 'classifier__estimator__min_impurity_decrease': np.float64(0.01787238078726062), 'classifier__estimator__min_samples_leaf': 8, 'classifier__estimator__min_samples_split': 7, 'classifier__max_features': np.float64(0.6879109585541598), 'classifier__max_samples': np.float64(0.8144952940148484), 'classifier__n_estimators': 274, 'feature_selection_filter__k': 22}",91.28115963935852,"[1, 2, 3, 4, 5, 6, 7, 8, 9, 10, 11, 12, 14, 16, 17, 18, 19, 20, 21, 27, 28, 29]","['V1', 'V2', 'V3', 'V4', 'V5', 'V6', 'V7', 'V8', 'V9', 'V10', 'V11', 'V12', 'V14', 'V16', 'V17', 'V18', 'V19', 'V20', 'V21', 'V27', 'V28', 'Time_sin']"
CostSensitiveLearning_ClusterCentroids___RandomizedSearchCV__niter_30__cv_5,8,6,MLA,resubstitution,286,17693,15,54,0.9961768617021277,0.9501661129568106,0.8411764705882353,0.8923556942277691,0.9991529252315338,0.0008470747684662383,0.9201646979098845,0.916768199287133,0.8921298046861582,0.8904168992707554,0.9885229673527419,0.8903776777939345,22560,0.8893149168901366,0.004652026557039664,0.8887405230428487,0.018112279170039866,"{'classifier__estimator__ccp_alpha': np.float64(0.0017949733169477656), 'classifier__estimator__max_depth': 3, 'classifier__estimator__max_features': 'sqrt', 'classifier__estimator__max_leaf_nodes': 15, 'classifier__estimator__min_impurity_decrease': np.float64(0.0015674749016446278), 'classifier__estimator__min_samples_leaf': 9, 'classifier__estimator__min_samples_split': 5, 'classifier__max_features': np.float64(0.7102896841497106), 'classifier__max_samples': np.float64(0.5478160675836745), 'classifier__n_estimators': 919, 'feature_selection_filter__k': 'all'}",100.22601222991943,"[0, 1, 2, 3, 4, 5, 6, 7, 8, 9, 10, 11, 12, 13, 14, 15, 16, 17, 18, 19, 20, 21, 22, 23, 24, 25, 26, 27, 28, 29, 30]","['Amount_log1p', 'V1', 'V2', 'V3', 'V4', 'V5', 'V6', 'V7', 'V8', 'V9', 'V10', 'V11', 'V12', 'V13', 'V14', 'V15', 'V16', 'V17', 'V18', 'V19', 'V20', 'V21', 'V22', 'V23', 'V24', 'V25', 'V26', 'V27', 'V28', 'Time_sin', 'Time_cos']"
CostSensitiveLearning_ClusterCentroids___RandomizedSearchCV__niter_30__cv_5,8,7,MLA,resubstitution,294,17680,28,46,0.9958998226950354,0.9130434782608695,0.8647058823529412,0.8882175226586103,0.9984187937655297,0.0015812062344703337,0.9315623380592355,0.9291601605863122,0.8864708104433615,0.8861307057762693,0.9974326160326339,0.9222522482196304,22560,0.9033104836882906,0.00683427182908984,0.8878019382877473,0.013933096839710389,"{'classifier__estimator__ccp_alpha': np.float64(0.0008140475298998073), 'classifier__estimator__max_depth': 11, 'classifier__estimator__max_features': 'log2', 'classifier__estimator__max_leaf_nodes': 15, 'classifier__estimator__min_impurity_decrease': np.float64(0.00038818900106950553), 'classifier__estimator__min_samples_leaf': 2, 'classifier__estimator__min_samples_split': 8, 'classifier__max_features': np.float64(0.6820482105023091), 'classifier__max_samples': np.float64(0.9975724588369096), 'classifier__n_estimators': 197, 'feature_selection_filter__k': 'all'}",94.08982229232788,"[0, 1, 2, 3, 4, 5, 6, 7, 8, 9, 10, 11, 12, 13, 14, 15, 16, 17, 18, 19, 20, 21, 22, 23, 24, 25, 26, 27, 28, 29, 30]","['Amount_log1p', 'V1', 'V2', 'V3', 'V4', 'V5', 'V6', 'V7', 'V8', 'V9', 'V10', 'V11', 'V12', 'V13', 'V14', 'V15', 'V16', 'V17', 'V18', 'V19', 'V20', 'V21', 'V22', 'V23', 'V24', 'V25', 'V26', 'V27', 'V28', 'Time_sin', 'Time_cos']"
CostSensitiveLearning_ClusterCentroids___RandomizedSearchCV__niter_30__cv_5,8,8,MLA,resubstitution,294,17689,18,47,0.9963984929078015,0.9423076923076923,0.8621700879765396,0.900459418070444,0.9989834528717456,0.0010165471282543859,0.9305767704241426,0.9280590775643219,0.899549647511294,0.8986291710736432,0.9937148967876747,0.9125546099507503,22561,0.8984041774814845,0.00461421740747582,0.8915895276981731,0.035650316334153526,"{'classifier__estimator__ccp_alpha': np.float64(0.0020956520145343095), 'classifier__estimator__max_depth': 4, 'classifier__estimator__max_features': 'log2', 'classifier__estimator__max_leaf_nodes': 16, 'classifier__estimator__min_impurity_decrease': np.float64(0.0016561852928897892), 'classifier__estimator__min_samples_leaf': 4, 'classifier__estimator__min_samples_split': 3, 'classifier__max_features': np.float64(0.6891893304016349), 'classifier__max_samples': np.float64(0.5782238299250742), 'classifier__n_estimators': 488, 'feature_selection_filter__k': 28}",96.306067943573,"[0, 1, 2, 3, 4, 5, 6, 7, 8, 9, 10, 11, 12, 14, 16, 17, 18, 19, 20, 21, 22, 23, 24, 25, 27, 28, 29, 30]","['Amount_log1p', 'V1', 'V2', 'V3', 'V4', 'V5', 'V6', 'V7', 'V8', 'V9', 'V10', 'V11', 'V12', 'V14', 'V16', 'V17', 'V18', 'V19', 'V20', 'V21', 'V22', 'V23', 'V24', 'V25', 'V27', 'V28', 'Time_sin', 'Time_cos']"
CostSensitiveLearning_ClusterCentroids___RandomizedSearchCV__niter_30__cv_5,8,9,MLA,resubstitution,284,17688,19,57,0.9957890070921985,0.9372937293729373,0.8328445747800587,0.8819875776397516,0.998926978031287,0.0010730219687129505,0.9158857764056729,0.9121134327783997,0.881443399805173,0.8798514330342337,0.9643162644062598,0.8671322456241554,22561,0.8826602631871389,0.0037242399075738774,0.8828211680776745,0.02030497254773496,"{'classifier__estimator__ccp_alpha': np.float64(0.0076549965997138045), 'classifier__estimator__max_depth': 12, 'classifier__estimator__max_features': 'sqrt', 'classifier__estimator__max_leaf_nodes': 12, 'classifier__estimator__min_impurity_decrease': np.float64(0.06166653829278569), 'classifier__estimator__min_samples_leaf': 7, 'classifier__estimator__min_samples_split': 6, 'classifier__max_features': np.float64(0.6254497617379654), 'classifier__max_samples': np.float64(0.5613613151909621), 'classifier__n_estimators': 699, 'feature_selection_filter__k': 'all'}",102.29654145240784,"[0, 1, 2, 3, 4, 5, 6, 7, 8, 9, 10, 11, 12, 13, 14, 15, 16, 17, 18, 19, 20, 21, 22, 23, 24, 25, 26, 27, 28, 29, 30]","['Amount_log1p', 'V1', 'V2', 'V3', 'V4', 'V5', 'V6', 'V7', 'V8', 'V9', 'V10', 'V11', 'V12', 'V13', 'V14', 'V15', 'V16', 'V17', 'V18', 'V19', 'V20', 'V21', 'V22', 'V23', 'V24', 'V25', 'V26', 'V27', 'V28', 'Time_sin', 'Time_cos']"
CostSensitiveLearning_ClusterCentroids___RandomizedSearchCV__niter_30__cv_5,8,10,MLA,resubstitution,283,17690,17,58,0.995844414893617,0.9433333333333334,0.8299120234604106,0.8829953198127926,0.9990399277122042,0.0009600722877958212,0.9144759755863074,0.9105576576611597,0.8827621502807806,0.8808887724996673,0.9610018040482026,0.8509534276603115,22561,0.8795835922692881,0.006707784651200692,0.8785868637190631,0.024769820523771403,"{'classifier__estimator__ccp_alpha': np.float64(0.004995527227909214), 'classifier__estimator__max_depth': 5, 'classifier__estimator__max_features': 'log2', 'classifier__estimator__max_leaf_nodes': 4, 'classifier__estimator__min_impurity_decrease': np.float64(0.09851044533792845), 'classifier__estimator__min_samples_leaf': 6, 'classifier__estimator__min_samples_split': 5, 'classifier__max_features': np.float64(0.7612210680235695), 'classifier__max_samples': np.float64(0.8128950705307874), 'classifier__n_estimators': 398, 'feature_selection_filter__k': 20}",94.97940421104431,"[1, 2, 3, 4, 5, 6, 7, 8, 9, 10, 11, 12, 14, 16, 17, 18, 19, 20, 21, 27]","['V1', 'V2', 'V3', 'V4', 'V5', 'V6', 'V7', 'V8', 'V9', 'V10', 'V11', 'V12', 'V14', 'V16', 'V17', 'V18', 'V19', 'V20', 'V21', 'V27']"
CostSensitiveLearning_ClusterCentroids___RandomizedSearchCV__niter_30__cv_5,9,1,MLA,resubstitution,279,17691,16,62,0.9956781914893617,0.9457627118644067,0.8181818181818182,0.8773584905660378,0.9990964025526627,0.0009035974473372566,0.9086391103672404,0.9041252740519156,0.8775517252581083,0.8751705411330227,0.9658595512121638,0.8624906216231117,22560,0.8786070572530102,0.01077754908669577,0.8787111584044703,0.03496837186628592,"{'classifier__estimator__ccp_alpha': np.float64(0.0064622752328218494), 'classifier__estimator__max_depth': 15, 'classifier__estimator__max_features': 'log2', 'classifier__estimator__max_leaf_nodes': 11, 'classifier__estimator__min_impurity_decrease': np.float64(0.03646923222210831), 'classifier__estimator__min_samples_leaf': 6, 'classifier__estimator__min_samples_split': 2, 'classifier__max_features': np.float64(0.5199201268674536), 'classifier__max_samples': np.float64(0.5401942933858668), 'classifier__n_estimators': 934, 'feature_selection_filter__k': 26}",99.50474429130554,"[1, 2, 3, 4, 5, 6, 7, 8, 9, 10, 11, 12, 14, 16, 17, 18, 19, 20, 21, 22, 23, 24, 25, 27, 28, 29]","['V1', 'V2', 'V3', 'V4', 'V5', 'V6', 'V7', 'V8', 'V9', 'V10', 'V11', 'V12', 'V14', 'V16', 'V17', 'V18', 'V19', 'V20', 'V21', 'V22', 'V23', 'V24', 'V25', 'V27', 'V28', 'Time_sin']"
CostSensitiveLearning_ClusterCentroids___RandomizedSearchCV__niter_30__cv_5,9,2,MLA,resubstitution,294,17687,20,47,0.9962876773049646,0.9363057324840764,0.8621700879765396,0.8977099236641222,0.9988705031908285,0.0011294968091715152,0.930520295583684,0.9280066107594315,0.8966132086550613,0.895822729367022,0.9682987343507968,0.8842693264280284,22560,0.9011750399572008,0.008032803949290051,0.9032993469634689,0.037765653924582185,"{'classifier__estimator__ccp_alpha': np.float64(0.004936850976503062), 'classifier__estimator__max_depth': 16, 'classifier__estimator__max_features': 'sqrt', 'classifier__estimator__max_leaf_nodes': 6, 'classifier__estimator__min_impurity_decrease': np.float64(0.08898656996067711), 'classifier__estimator__min_samples_leaf': 5, 'classifier__estimator__min_samples_split': 8, 'classifier__max_features': np.float64(0.7321340278683339), 'classifier__max_samples': np.float64(0.784215346409449), 'classifier__n_estimators': 490, 'feature_selection_filter__k': 28}",99.89663696289062,"[0, 1, 2, 3, 4, 5, 6, 7, 8, 9, 10, 11, 12, 13, 14, 16, 17, 18, 19, 20, 21, 23, 24, 26, 27, 28, 29, 30]","['Amount_log1p', 'V1', 'V2', 'V3', 'V4', 'V5', 'V6', 'V7', 'V8', 'V9', 'V10', 'V11', 'V12', 'V13', 'V14', 'V16', 'V17', 'V18', 'V19', 'V20', 'V21', 'V23', 'V24', 'V26', 'V27', 'V28', 'Time_sin', 'Time_cos']"
CostSensitiveLearning_ClusterCentroids___RandomizedSearchCV__niter_30__cv_5,9,3,MLA,resubstitution,282,17690,17,59,0.9957890070921985,0.9431438127090301,0.8269794721407625,0.88125,0.9990399277122042,0.0009600722877958212,0.9130096999264834,0.9089474748669386,0.8810841557464169,0.8791158953862066,0.9590165726330211,0.8532824855106401,22560,0.8821262700237671,0.008951599553407512,0.8811147186147187,0.024110414592314878,"{'classifier__estimator__ccp_alpha': np.float64(0.005777463558719791), 'classifier__estimator__max_depth': 12, 'classifier__estimator__max_features': 'sqrt', 'classifier__estimator__max_leaf_nodes': 5, 'classifier__estimator__min_impurity_decrease': np.float64(0.09588787878016947), 'classifier__estimator__min_samples_leaf': 3, 'classifier__estimator__min_samples_split': 9, 'classifier__max_features': np.float64(0.6154780601927867), 'classifier__max_samples': np.float64(0.5485396241763574), 'classifier__n_estimators': 730, 'feature_selection_filter__k': 20}",93.4724531173706,"[1, 2, 3, 4, 5, 6, 7, 8, 9, 10, 11, 12, 14, 16, 17, 18, 19, 20, 21, 27]","['V1', 'V2', 'V3', 'V4', 'V5', 'V6', 'V7', 'V8', 'V9', 'V10', 'V11', 'V12', 'V14', 'V16', 'V17', 'V18', 'V19', 'V20', 'V21', 'V27']"
CostSensitiveLearning_ClusterCentroids___RandomizedSearchCV__niter_30__cv_5,9,4,MLA,resubstitution,290,17695,12,51,0.9965093085106383,0.9602649006622517,0.8504398826979472,0.9020217729393468,0.9993223019144971,0.0006776980855028869,0.9248810923062222,0.9218804375935132,0.9019726599159218,0.9002514277693462,0.9852946802522056,0.9022554760011702,22560,0.9025187349447374,0.00389703787905943,0.8955346947351618,0.01399767168427983,"{'classifier__estimator__ccp_alpha': np.float64(0.0008788752290793822), 'classifier__estimator__max_depth': 3, 'classifier__estimator__max_features': 'log2', 'classifier__estimator__max_leaf_nodes': 15, 'classifier__estimator__min_impurity_decrease': np.float64(0.0004342462778832324), 'classifier__estimator__min_samples_leaf': 1, 'classifier__estimator__min_samples_split': 6, 'classifier__max_features': np.float64(0.5489911485757168), 'classifier__max_samples': np.float64(0.9652074512556453), 'classifier__n_estimators': 953, 'feature_selection_filter__k': 22}",104.08281540870667,"[1, 2, 3, 4, 5, 6, 7, 8, 9, 10, 11, 12, 14, 16, 17, 18, 19, 20, 21, 27, 28, 29]","['V1', 'V2', 'V3', 'V4', 'V5', 'V6', 'V7', 'V8', 'V9', 'V10', 'V11', 'V12', 'V14', 'V16', 'V17', 'V18', 'V19', 'V20', 'V21', 'V27', 'V28', 'Time_sin']"
CostSensitiveLearning_ClusterCentroids___RandomizedSearchCV__niter_30__cv_5,9,5,MLA,resubstitution,283,17686,22,57,0.9956227836879432,0.9278688524590164,0.8323529411764706,0.8775193798449612,0.9987576236729162,0.001242376327083794,0.9155552824246934,0.9117668811634773,0.8766365465193114,0.8752976325833773,0.969501571240649,0.8474577221603834,22560,0.8821242360248551,0.0075772909360241536,0.8798868755776142,0.024499120176672686,"{'classifier__estimator__ccp_alpha': np.float64(0.006459782944085512), 'classifier__estimator__max_depth': 12, 'classifier__estimator__max_features': 'sqrt', 'classifier__estimator__max_leaf_nodes': 18, 'classifier__estimator__min_impurity_decrease': np.float64(0.04598865539508924), 'classifier__estimator__min_samples_leaf': 2, 'classifier__estimator__min_samples_split': 4, 'classifier__max_features': np.float64(0.6444023771978759), 'classifier__max_samples': np.float64(0.8501557156529054), 'classifier__n_estimators': 612, 'feature_selection_filter__k': 24}",94.63150000572205,"[0, 1, 2, 3, 4, 5, 6, 7, 8, 9, 10, 11, 12, 14, 16, 17, 18, 19, 20, 21, 24, 27, 28, 29]","['Amount_log1p', 'V1', 'V2', 'V3', 'V4', 'V5', 'V6', 'V7', 'V8', 'V9', 'V10', 'V11', 'V12', 'V14', 'V16', 'V17', 'V18', 'V19', 'V20', 'V21', 'V24', 'V27', 'V28', 'Time_sin']"
CostSensitiveLearning_ClusterCentroids___RandomizedSearchCV__niter_30__cv_5,9,6,MLA,resubstitution,285,17677,31,55,0.9952349290780141,0.9018987341772152,0.8382352941176471,0.8689024390243902,0.9982493788118365,0.0017506211881634925,0.9182423364647418,0.9147501635152072,0.8670812604575288,0.8664791105214042,0.9839384658313292,0.8891838490800494,22560,0.8876862595232644,0.009065890173271453,0.8876509402335442,0.015828993740552917,"{'classifier__estimator__ccp_alpha': np.float64(0.004818797131323663), 'classifier__estimator__max_depth': 3, 'classifier__estimator__max_features': 'log2', 'classifier__estimator__max_leaf_nodes': 16, 'classifier__estimator__min_impurity_decrease': np.float64(0.004023622978738428), 'classifier__estimator__min_samples_leaf': 6, 'classifier__estimator__min_samples_split': 8, 'classifier__max_features': np.float64(0.7646490506838771), 'classifier__max_samples': np.float64(0.9640152319970796), 'classifier__n_estimators': 907, 'feature_selection_filter__k': 20}",100.64661407470703,"[1, 2, 3, 4, 5, 6, 7, 8, 9, 10, 11, 12, 14, 16, 17, 18, 19, 20, 21, 27]","['V1', 'V2', 'V3', 'V4', 'V5', 'V6', 'V7', 'V8', 'V9', 'V10', 'V11', 'V12', 'V14', 'V16', 'V17', 'V18', 'V19', 'V20', 'V21', 'V27']"
CostSensitiveLearning_ClusterCentroids___RandomizedSearchCV__niter_30__cv_5,9,7,MLA,resubstitution,296,17685,23,44,0.9962876773049646,0.9278996865203761,0.8705882352941177,0.8983308042488619,0.9987011520216851,0.001298847978314921,0.9346446936579014,0.9324470352383352,0.8969146778578234,0.8964420806131042,0.9963075014284006,0.9180695352289782,22560,0.9030590366424789,0.010137424556879484,0.8950578869810804,0.02169988323075402,"{'classifier__estimator__ccp_alpha': np.float64(0.001632832445894421), 'classifier__estimator__max_depth': 5, 'classifier__estimator__max_features': 'log2', 'classifier__estimator__max_leaf_nodes': 15, 'classifier__estimator__min_impurity_decrease': np.float64(0.0010557944493170158), 'classifier__estimator__min_samples_leaf': 3, 'classifier__estimator__min_samples_split': 3, 'classifier__max_features': np.float64(0.9433558184079032), 'classifier__max_samples': np.float64(0.746795884998249), 'classifier__n_estimators': 555, 'feature_selection_filter__k': 24}",97.44867825508118,"[0, 1, 2, 3, 4, 5, 6, 7, 8, 9, 10, 11, 12, 14, 16, 17, 18, 19, 20, 21, 24, 27, 28, 29]","['Amount_log1p', 'V1', 'V2', 'V3', 'V4', 'V5', 'V6', 'V7', 'V8', 'V9', 'V10', 'V11', 'V12', 'V14', 'V16', 'V17', 'V18', 'V19', 'V20', 'V21', 'V24', 'V27', 'V28', 'Time_sin']"
CostSensitiveLearning_ClusterCentroids___RandomizedSearchCV__niter_30__cv_5,9,8,MLA,resubstitution,283,17683,24,58,0.9954565602836879,0.9218241042345277,0.8299120234604106,0.8734567901234568,0.9986446038289942,0.0013553961710057738,0.9142783136447024,0.9103774842786594,0.8723959542516551,0.871150027033545,0.9623320266832857,0.856253038691648,22561,0.8776572729870875,0.008817965224004512,0.8767568200936964,0.017954800552156796,"{'classifier__estimator__ccp_alpha': np.float64(0.00465700383007221), 'classifier__estimator__max_depth': 16, 'classifier__estimator__max_features': 'sqrt', 'classifier__estimator__max_leaf_nodes': 5, 'classifier__estimator__min_impurity_decrease': np.float64(0.0688952615579999), 'classifier__estimator__min_samples_leaf': 4, 'classifier__estimator__min_samples_split': 8, 'classifier__max_features': np.float64(0.5408171548705165), 'classifier__max_samples': np.float64(0.9578818394641229), 'classifier__n_estimators': 472, 'feature_selection_filter__k': 20}",93.79482316970825,"[1, 2, 3, 4, 5, 6, 7, 8, 9, 10, 11, 12, 14, 16, 17, 18, 19, 20, 21, 27]","['V1', 'V2', 'V3', 'V4', 'V5', 'V6', 'V7', 'V8', 'V9', 'V10', 'V11', 'V12', 'V14', 'V16', 'V17', 'V18', 'V19', 'V20', 'V21', 'V27']"
CostSensitiveLearning_ClusterCentroids___RandomizedSearchCV__niter_30__cv_5,9,9,MLA,resubstitution,282,17684,23,59,0.9954565602836879,0.9245901639344263,0.8269794721407625,0.8730650154798761,0.9987010786694528,0.0012989213305472092,0.9128402754051077,0.9087933158119476,0.8721642720418002,0.8707592124284713,0.9616418246375052,0.8725180455018373,22561,0.8744732669240245,0.011514743248598322,0.8733098040458861,0.03328093782545899,"{'classifier__estimator__ccp_alpha': np.float64(0.0010437621475745552), 'classifier__estimator__max_depth': 12, 'classifier__estimator__max_features': 'log2', 'classifier__estimator__max_leaf_nodes': 6, 'classifier__estimator__min_impurity_decrease': np.float64(0.09206703216076642), 'classifier__estimator__min_samples_leaf': 8, 'classifier__estimator__min_samples_split': 7, 'classifier__max_features': np.float64(0.6224412179011933), 'classifier__max_samples': np.float64(0.5020497220277532), 'classifier__n_estimators': 853, 'feature_selection_filter__k': 22}",100.99072408676147,"[1, 2, 3, 4, 5, 6, 7, 8, 9, 10, 11, 12, 14, 16, 17, 18, 19, 20, 21, 27, 28, 29]","['V1', 'V2', 'V3', 'V4', 'V5', 'V6', 'V7', 'V8', 'V9', 'V10', 'V11', 'V12', 'V14', 'V16', 'V17', 'V18', 'V19', 'V20', 'V21', 'V27', 'V28', 'Time_sin']"
CostSensitiveLearning_ClusterCentroids___RandomizedSearchCV__niter_30__cv_5,9,10,MLA,resubstitution,296,17673,34,45,0.9956227836879432,0.896969696969697,0.8680351906158358,0.8822652757078987,0.9980798554244085,0.0019201445755915314,0.9330575230201221,0.9307891477413949,0.8801586220771239,0.8800358228605988,0.9981615038007899,0.928699097966393,22561,0.8997562476843097,0.010447412470105543,0.885034284080492,0.03889557957035224,"{'classifier__estimator__ccp_alpha': np.float64(0.0024707865063720337), 'classifier__estimator__max_depth': 8, 'classifier__estimator__max_features': 'log2', 'classifier__estimator__max_leaf_nodes': 19, 'classifier__estimator__min_impurity_decrease': np.float64(0.001516261710851341), 'classifier__estimator__min_samples_leaf': 6, 'classifier__estimator__min_samples_split': 8, 'classifier__max_features': np.float64(0.5238719066705645), 'classifier__max_samples': np.float64(0.6172992700894562), 'classifier__n_estimators': 172, 'feature_selection_filter__k': 'all'}",92.4875111579895,"[0, 1, 2, 3, 4, 5, 6, 7, 8, 9, 10, 11, 12, 13, 14, 15, 16, 17, 18, 19, 20, 21, 22, 23, 24, 25, 26, 27, 28, 29, 30]","['Amount_log1p', 'V1', 'V2', 'V3', 'V4', 'V5', 'V6', 'V7', 'V8', 'V9', 'V10', 'V11', 'V12', 'V13', 'V14', 'V15', 'V16', 'V17', 'V18', 'V19', 'V20', 'V21', 'V22', 'V23', 'V24', 'V25', 'V26', 'V27', 'V28', 'Time_sin', 'Time_cos']"
CostSensitiveLearning_ClusterCentroids___RandomizedSearchCV__niter_30__cv_5,10,1,MLA,resubstitution,286,17686,21,55,0.9957890070921985,0.9315960912052117,0.8387096774193549,0.8827160493827161,0.9988140283503699,0.0011859716496300798,0.9187618528848625,0.9152677157638989,0.8818374851380598,0.8805780738359686,0.9665820482546873,0.8607140234861904,22560,0.8872203605526531,0.011680907380016852,0.8850810994560995,0.04168998104571713,"{'classifier__estimator__ccp_alpha': np.float64(0.008497697607327239), 'classifier__estimator__max_depth': 13, 'classifier__estimator__max_features': 'log2', 'classifier__estimator__max_leaf_nodes': 12, 'classifier__estimator__min_impurity_decrease': np.float64(0.07304678758821025), 'classifier__estimator__min_samples_leaf': 5, 'classifier__estimator__min_samples_split': 6, 'classifier__max_features': np.float64(0.6339338483763066), 'classifier__max_samples': np.float64(0.5032616119156943), 'classifier__n_estimators': 900, 'feature_selection_filter__k': 22}",98.8355278968811,"[1, 2, 3, 4, 5, 6, 7, 8, 9, 10, 11, 12, 14, 16, 17, 18, 19, 20, 21, 27, 28, 29]","['V1', 'V2', 'V3', 'V4', 'V5', 'V6', 'V7', 'V8', 'V9', 'V10', 'V11', 'V12', 'V14', 'V16', 'V17', 'V18', 'V19', 'V20', 'V21', 'V27', 'V28', 'Time_sin']"
CostSensitiveLearning_ClusterCentroids___RandomizedSearchCV__niter_30__cv_5,10,2,MLA,resubstitution,275,17690,17,66,0.9954011524822695,0.9417808219178082,0.8064516129032258,0.8688783570300158,0.9990399277122042,0.0009600722877958212,0.902745770307715,0.897595321432899,0.8692539502968368,0.866552162804537,0.965271533848386,0.8631649321724358,22560,0.8672779733065511,0.008215259837249429,0.8666600751241973,0.03610112636035622,"{'classifier__estimator__ccp_alpha': np.float64(0.005881217345286756), 'classifier__estimator__max_depth': 12, 'classifier__estimator__max_features': 'sqrt', 'classifier__estimator__max_leaf_nodes': 12, 'classifier__estimator__min_impurity_decrease': np.float64(0.062097951196038365), 'classifier__estimator__min_samples_leaf': 4, 'classifier__estimator__min_samples_split': 3, 'classifier__max_features': np.float64(0.5934022770569657), 'classifier__max_samples': np.float64(0.5475039577030765), 'classifier__n_estimators': 526, 'feature_selection_filter__k': 24}",98.18934679031372,"[0, 1, 2, 3, 4, 5, 6, 7, 8, 9, 10, 11, 12, 14, 16, 17, 18, 19, 20, 21, 24, 27, 28, 29]","['Amount_log1p', 'V1', 'V2', 'V3', 'V4', 'V5', 'V6', 'V7', 'V8', 'V9', 'V10', 'V11', 'V12', 'V14', 'V16', 'V17', 'V18', 'V19', 'V20', 'V21', 'V24', 'V27', 'V28', 'Time_sin']"
CostSensitiveLearning_ClusterCentroids___RandomizedSearchCV__niter_30__cv_5,10,3,MLA,resubstitution,283,17683,24,58,0.9954565602836879,0.9218241042345277,0.8299120234604106,0.8734567901234568,0.9986446038289942,0.0013553961710057738,0.9142783136447024,0.9103774842786594,0.8723959542516551,0.871150027033545,0.962194648735601,0.8650083455750535,22560,0.8723349456451499,0.01793880216281468,0.8790019408233869,0.03444712537261633,"{'classifier__estimator__ccp_alpha': np.float64(0.009562172156392811), 'classifier__estimator__max_depth': 13, 'classifier__estimator__max_features': 'log2', 'classifier__estimator__max_leaf_nodes': 18, 'classifier__estimator__min_impurity_decrease': np.float64(0.055663962319116016), 'classifier__estimator__min_samples_leaf': 4, 'classifier__estimator__min_samples_split': 4, 'classifier__max_features': np.float64(0.7428185040981568), 'classifier__max_samples': np.float64(0.6743003007729377), 'classifier__n_estimators': 393, 'feature_selection_filter__k': 28}",93.1438844203949,"[0, 1, 2, 3, 4, 5, 6, 7, 8, 9, 10, 11, 12, 14, 15, 16, 17, 18, 19, 20, 21, 22, 23, 24, 26, 27, 28, 29]","['Amount_log1p', 'V1', 'V2', 'V3', 'V4', 'V5', 'V6', 'V7', 'V8', 'V9', 'V10', 'V11', 'V12', 'V14', 'V15', 'V16', 'V17', 'V18', 'V19', 'V20', 'V21', 'V22', 'V23', 'V24', 'V26', 'V27', 'V28', 'Time_sin']"
CostSensitiveLearning_ClusterCentroids___RandomizedSearchCV__niter_30__cv_5,10,4,MLA,resubstitution,285,17690,17,56,0.9959552304964538,0.9437086092715232,0.8357771260997068,0.8864696734059098,0.9990399277122042,0.0009600722877958212,0.9174085269059555,0.9137695112237905,0.8861092811670824,0.8844183210660678,0.9716740583565623,0.8624249193372221,22560,0.8853261519552162,0.00843517631538887,0.887056549664216,0.01707603655705882,"{'classifier__estimator__ccp_alpha': np.float64(0.002526262975370702), 'classifier__estimator__max_depth': 16, 'classifier__estimator__max_features': 'log2', 'classifier__estimator__max_leaf_nodes': 5, 'classifier__estimator__min_impurity_decrease': np.float64(0.08549170404485558), 'classifier__estimator__min_samples_leaf': 2, 'classifier__estimator__min_samples_split': 3, 'classifier__max_features': np.float64(0.9473108656454936), 'classifier__max_samples': np.float64(0.5156025583110357), 'classifier__n_estimators': 728, 'feature_selection_filter__k': 28}",90.97881507873535,"[0, 1, 2, 3, 4, 5, 6, 7, 8, 9, 10, 11, 12, 14, 15, 16, 17, 18, 19, 20, 21, 23, 24, 25, 26, 27, 28, 29]","['Amount_log1p', 'V1', 'V2', 'V3', 'V4', 'V5', 'V6', 'V7', 'V8', 'V9', 'V10', 'V11', 'V12', 'V14', 'V15', 'V16', 'V17', 'V18', 'V19', 'V20', 'V21', 'V23', 'V24', 'V25', 'V26', 'V27', 'V28', 'Time_sin']"
CostSensitiveLearning_ClusterCentroids___RandomizedSearchCV__niter_30__cv_5,10,5,MLA,resubstitution,293,17675,33,47,0.9955673758865248,0.8987730061349694,0.861764705882353,0.8798798798798799,0.9981364355093743,0.0018635644906257465,0.9299505706958636,0.927447438821843,0.8778242506660078,0.8776229229189862,0.9812192727780067,0.8905109983744339,22560,0.8934376806075448,0.011150045686580727,0.8900438205585264,0.025376431579988357,"{'classifier__estimator__ccp_alpha': np.float64(0.007305457082342785), 'classifier__estimator__max_depth': 13, 'classifier__estimator__max_features': 'log2', 'classifier__estimator__max_leaf_nodes': 5, 'classifier__estimator__min_impurity_decrease': np.float64(0.007269261387149695), 'classifier__estimator__min_samples_leaf': 4, 'classifier__estimator__min_samples_split': 7, 'classifier__max_features': np.float64(0.7773676705845508), 'classifier__max_samples': np.float64(0.8732883238263275), 'classifier__n_estimators': 402, 'feature_selection_filter__k': 22}",97.30426025390625,"[1, 2, 3, 4, 5, 6, 7, 8, 9, 10, 11, 12, 14, 16, 17, 18, 19, 20, 21, 23, 27, 29]","['V1', 'V2', 'V3', 'V4', 'V5', 'V6', 'V7', 'V8', 'V9', 'V10', 'V11', 'V12', 'V14', 'V16', 'V17', 'V18', 'V19', 'V20', 'V21', 'V23', 'V27', 'Time_sin']"
CostSensitiveLearning_ClusterCentroids___RandomizedSearchCV__niter_30__cv_5,10,6,MLA,resubstitution,282,17680,28,58,0.9952349290780141,0.9096774193548387,0.8294117647058824,0.8676923076923077,0.9984187937655297,0.0015812062344703337,0.913915279235706,0.9100001613475607,0.8662285566240576,0.8652713447449741,0.9595548372952071,0.8545973766130048,22560,0.8795321507774558,0.005667448547169402,0.8815105229298779,0.011828996309410571,"{'classifier__estimator__ccp_alpha': np.float64(0.0085248554138672), 'classifier__estimator__max_depth': 15, 'classifier__estimator__max_features': 'log2', 'classifier__estimator__max_leaf_nodes': 10, 'classifier__estimator__min_impurity_decrease': np.float64(0.08636358482898306), 'classifier__estimator__min_samples_leaf': 7, 'classifier__estimator__min_samples_split': 6, 'classifier__max_features': np.float64(0.6043103832202041), 'classifier__max_samples': np.float64(0.7821852197889055), 'classifier__n_estimators': 601, 'feature_selection_filter__k': 22}",94.554922580719,"[1, 2, 3, 4, 5, 6, 7, 8, 9, 10, 11, 12, 14, 16, 17, 18, 19, 20, 21, 27, 28, 29]","['V1', 'V2', 'V3', 'V4', 'V5', 'V6', 'V7', 'V8', 'V9', 'V10', 'V11', 'V12', 'V14', 'V16', 'V17', 'V18', 'V19', 'V20', 'V21', 'V27', 'V28', 'Time_sin']"
CostSensitiveLearning_ClusterCentroids___RandomizedSearchCV__niter_30__cv_5,10,7,MLA,resubstitution,287,17689,19,53,0.9960106382978723,0.9379084967320261,0.8441176470588235,0.8885448916408669,0.9989270386266095,0.0010729613733905241,0.9215223428427165,0.9182657248470794,0.8877952346062287,0.8865195903773039,0.9647832817337461,0.8698231954892778,22560,0.8892329055451491,0.006387513640261785,0.891270250968476,0.0233543390545882,"{'classifier__estimator__ccp_alpha': np.float64(0.0004778428371112076), 'classifier__estimator__max_depth': 8, 'classifier__estimator__max_features': 'log2', 'classifier__estimator__max_leaf_nodes': 5, 'classifier__estimator__min_impurity_decrease': np.float64(0.06216335811422688), 'classifier__estimator__min_samples_leaf': 8, 'classifier__estimator__min_samples_split': 5, 'classifier__max_features': np.float64(0.8755899955554575), 'classifier__max_samples': np.float64(0.7561677626372612), 'classifier__n_estimators': 919, 'feature_selection_filter__k': 22}",99.48841500282288,"[1, 2, 3, 4, 5, 6, 7, 8, 9, 10, 11, 12, 14, 16, 17, 18, 19, 20, 21, 27, 28, 29]","['V1', 'V2', 'V3', 'V4', 'V5', 'V6', 'V7', 'V8', 'V9', 'V10', 'V11', 'V12', 'V14', 'V16', 'V17', 'V18', 'V19', 'V20', 'V21', 'V27', 'V28', 'Time_sin']"
CostSensitiveLearning_ClusterCentroids___RandomizedSearchCV__niter_30__cv_5,10,8,MLA,resubstitution,296,17685,22,45,0.9962876773049646,0.9308176100628931,0.8680351906158358,0.8983308042488619,0.9987575535099114,0.0012424464900886445,0.9333963720628735,0.9311050979024773,0.8970094586585524,0.8964424708369345,0.9841064727951088,0.8876588053539952,22561,0.902592663844695,0.008500527667195796,0.8988635001900794,0.014176410209244771,"{'classifier__estimator__ccp_alpha': np.float64(0.0004310684406167675), 'classifier__estimator__max_depth': 5, 'classifier__estimator__max_features': 'log2', 'classifier__estimator__max_leaf_nodes': 8, 'classifier__estimator__min_impurity_decrease': np.float64(0.009411721373649507), 'classifier__estimator__min_samples_leaf': 4, 'classifier__estimator__min_samples_split': 3, 'classifier__max_features': np.float64(0.6855774628365361), 'classifier__max_samples': np.float64(0.6934816675730864), 'classifier__n_estimators': 843, 'feature_selection_filter__k': 20}",97.01002144813538,"[1, 2, 3, 4, 5, 6, 7, 8, 9, 10, 11, 12, 14, 16, 17, 18, 19, 20, 21, 27]","['V1', 'V2', 'V3', 'V4', 'V5', 'V6', 'V7', 'V8', 'V9', 'V10', 'V11', 'V12', 'V14', 'V16', 'V17', 'V18', 'V19', 'V20', 'V21', 'V27']"
CostSensitiveLearning_ClusterCentroids___RandomizedSearchCV__niter_30__cv_5,10,9,MLA,resubstitution,288,17682,25,53,0.9956781914893617,0.9201277955271565,0.844574780058651,0.8807339449541285,0.9985881289885357,0.0014118710114643385,0.9215814545235934,0.9183585081054525,0.879373576029401,0.8785372745261704,0.9689312194408592,0.8752019720697561,22561,0.8848984873045127,0.012742946297261032,0.8896814536041658,0.03382087476190504,"{'classifier__estimator__ccp_alpha': np.float64(0.006758299838810607), 'classifier__estimator__max_depth': 5, 'classifier__estimator__max_features': 'sqrt', 'classifier__estimator__max_leaf_nodes': 18, 'classifier__estimator__min_impurity_decrease': np.float64(0.05128800662055836), 'classifier__estimator__min_samples_leaf': 2, 'classifier__estimator__min_samples_split': 6, 'classifier__max_features': np.float64(0.5713803600582477), 'classifier__max_samples': np.float64(0.6337965010669633), 'classifier__n_estimators': 256, 'feature_selection_filter__k': 20}",98.4727852344513,"[1, 2, 3, 4, 5, 6, 7, 8, 9, 10, 11, 12, 14, 16, 17, 18, 19, 20, 21, 27]","['V1', 'V2', 'V3', 'V4', 'V5', 'V6', 'V7', 'V8', 'V9', 'V10', 'V11', 'V12', 'V14', 'V16', 'V17', 'V18', 'V19', 'V20', 'V21', 'V27']"
CostSensitiveLearning_ClusterCentroids___RandomizedSearchCV__niter_30__cv_5,10,10,MLA,resubstitution,288,17693,14,53,0.9962876773049646,0.9536423841059603,0.844574780058651,0.895800933125972,0.99920935223358,0.0007906477664200162,0.9218920661461155,0.9186441198283605,0.895627308416386,0.8939181850880348,0.9863691927592297,0.8861241119505903,22561,0.8927217438181092,0.011734027431117117,0.8829748223902957,0.026959477695942577,"{'classifier__estimator__ccp_alpha': np.float64(0.0009628644740486747), 'classifier__estimator__max_depth': 3, 'classifier__estimator__max_features': 'log2', 'classifier__estimator__max_leaf_nodes': 16, 'classifier__estimator__min_impurity_decrease': np.float64(0.0010241126189676653), 'classifier__estimator__min_samples_leaf': 1, 'classifier__estimator__min_samples_split': 9, 'classifier__max_features': np.float64(0.763194388453176), 'classifier__max_samples': np.float64(0.7791113322648489), 'classifier__n_estimators': 633, 'feature_selection_filter__k': 20}",100.46219277381897,"[1, 2, 3, 4, 5, 6, 7, 8, 9, 10, 11, 12, 14, 16, 17, 18, 19, 20, 21, 27]","['V1', 'V2', 'V3', 'V4', 'V5', 'V6', 'V7', 'V8', 'V9', 'V10', 'V11', 'V12', 'V14', 'V16', 'V17', 'V18', 'V19', 'V20', 'V21', 'V27']"
