experiment_name,iteration,fold,model,split,tp,tn,fp,fn,accuracy,precision,recall,f1,specificity,fpr,balanced_accuracy,geometric_mean,mcc,kappa,roc_auc,average_precision,fold_size,cv_tuning_mean_train_score,cv_tuning_std_train_score,cv_tuning_mean_val_score,cv_tuning_std_val_score,best_params,tuning_time,selected_features_indices,selected_features_names
CostSensitiveLearning___RandomizedSearchCV__niter_30__cv_5,1,1,VotingClassifier,resubstitution,425,22124,10,1,0.9995124113475178,0.9770114942528736,0.9976525821596244,0.9872241579558653,0.999548206379326,0.0004517936206740458,0.9986003942694752,0.9985999444659286,0.9870316921246768,0.9869756486196266,0.9999162166759783,0.9949441657290136,22560,0.9866665030995524,0.0024608056797818948,0.895064303333232,0.01846974531199027,"{'classifier__extratreesclassifier_0__ccp_alpha': np.float64(0.009872761293149445), 'classifier__extratreesclassifier_0__max_depth': 19, 'classifier__extratreesclassifier_0__max_features': 'sqrt', 'classifier__extratreesclassifier_0__max_leaf_nodes': 18, 'classifier__extratreesclassifier_0__min_impurity_decrease': np.float64(0.08383287047111379), 'classifier__extratreesclassifier_0__min_samples_leaf': 2, 'classifier__extratreesclassifier_0__min_samples_split': 2, 'classifier__extratreesclassifier_0__n_estimators': 198, 'classifier__randomforestclassifier_1__ccp_alpha': np.float64(0.001338521188006332), 'classifier__randomforestclassifier_1__max_depth': 18, 'classifier__randomforestclassifier_1__max_features': 'sqrt', 'classifier__randomforestclassifier_1__max_leaf_nodes': 7, 'classifier__randomforestclassifier_1__max_samples': np.float64(0.7766857588675649), 'classifier__randomforestclassifier_1__min_impurity_decrease': np.float64(0.05343462750294631), 'classifier__randomforestclassifier_1__min_samples_leaf': 5, 'classifier__randomforestclassifier_1__min_samples_split': 7, 'classifier__randomforestclassifier_1__n_estimators': 870, 'classifier__xgbclassifier_2__colsample_bytree': np.float64(0.822172682241051), 'classifier__xgbclassifier_2__gamma': np.float64(3.8449370759025525), 'classifier__xgbclassifier_2__learning_rate': np.float64(0.16949955152564905), 'classifier__xgbclassifier_2__max_delta_step': 9, 'classifier__xgbclassifier_2__max_depth': 5, 'classifier__xgbclassifier_2__min_child_weight': 1, 'classifier__xgbclassifier_2__n_estimators': 284, 'classifier__xgbclassifier_2__reg_alpha': np.float64(0.017894545674847277), 'classifier__xgbclassifier_2__reg_lambda': np.float64(0.0004423816211030587), 'classifier__xgbclassifier_2__scale_pos_weight': np.float64(40.464302516292044), 'classifier__xgbclassifier_2__subsample': np.float64(0.842469853780352), 'feature_selection_filter__k': 'all'}",72.78054213523865,"[0, 1, 2, 3, 4, 5, 6, 7, 8, 9, 10, 11, 12, 13, 14, 15, 16, 17, 18, 19, 20, 21, 22, 23, 24, 25, 26, 27, 28, 29, 30]","['Amount_log1p', 'V1', 'V2', 'V3', 'V4', 'V5', 'V6', 'V7', 'V8', 'V9', 'V10', 'V11', 'V12', 'V13', 'V14', 'V15', 'V16', 'V17', 'V18', 'V19', 'V20', 'V21', 'V22', 'V23', 'V24', 'V25', 'V26', 'V27', 'V28', 'Time_sin', 'Time_cos']"
CostSensitiveLearning___RandomizedSearchCV__niter_30__cv_5,1,2,VotingClassifier,resubstitution,377,22123,11,49,0.9973404255319149,0.9716494845360825,0.8849765258215962,0.9262899262899262,0.9995030270172586,0.0004969729827414282,0.9422397764194275,0.9404981214217828,0.9259856405872676,0.9249387132578994,0.9980191076885092,0.9697655320146158,22560,0.9251062546530585,0.003830175113516994,0.9022714486638537,0.01204876765155619,"{'classifier__extratreesclassifier_0__ccp_alpha': np.float64(0.00926153679428735), 'classifier__extratreesclassifier_0__max_depth': 6, 'classifier__extratreesclassifier_0__max_features': 'sqrt', 'classifier__extratreesclassifier_0__max_leaf_nodes': 7, 'classifier__extratreesclassifier_0__min_impurity_decrease': np.float64(0.08394687914249765), 'classifier__extratreesclassifier_0__min_samples_leaf': 9, 'classifier__extratreesclassifier_0__min_samples_split': 3, 'classifier__extratreesclassifier_0__n_estimators': 408, 'classifier__randomforestclassifier_1__ccp_alpha': np.float64(0.005695798716269358), 'classifier__randomforestclassifier_1__max_depth': 17, 'classifier__randomforestclassifier_1__max_features': 'sqrt', 'classifier__randomforestclassifier_1__max_leaf_nodes': 11, 'classifier__randomforestclassifier_1__max_samples': np.float64(0.5962938806111109), 'classifier__randomforestclassifier_1__min_impurity_decrease': np.float64(0.07444350503111223), 'classifier__randomforestclassifier_1__min_samples_leaf': 3, 'classifier__randomforestclassifier_1__min_samples_split': 4, 'classifier__randomforestclassifier_1__n_estimators': 316, 'classifier__xgbclassifier_2__colsample_bytree': np.float64(0.78683526840622), 'classifier__xgbclassifier_2__gamma': np.float64(4.30771483416323), 'classifier__xgbclassifier_2__learning_rate': np.float64(0.050049064772419875), 'classifier__xgbclassifier_2__max_delta_step': 0, 'classifier__xgbclassifier_2__max_depth': 4, 'classifier__xgbclassifier_2__min_child_weight': 9, 'classifier__xgbclassifier_2__n_estimators': 699, 'classifier__xgbclassifier_2__reg_alpha': np.float64(0.013629842936459411), 'classifier__xgbclassifier_2__reg_lambda': np.float64(0.10145083587740271), 'classifier__xgbclassifier_2__scale_pos_weight': np.float64(3.266955403269455), 'classifier__xgbclassifier_2__subsample': np.float64(0.9869640621931933), 'feature_selection_filter__k': 'all'}",52.4870970249176,"[0, 1, 2, 3, 4, 5, 6, 7, 8, 9, 10, 11, 12, 13, 14, 15, 16, 17, 18, 19, 20, 21, 22, 23, 24, 25, 26, 27, 28, 29, 30]","['Amount_log1p', 'V1', 'V2', 'V3', 'V4', 'V5', 'V6', 'V7', 'V8', 'V9', 'V10', 'V11', 'V12', 'V13', 'V14', 'V15', 'V16', 'V17', 'V18', 'V19', 'V20', 'V21', 'V22', 'V23', 'V24', 'V25', 'V26', 'V27', 'V28', 'Time_sin', 'Time_cos']"
CostSensitiveLearning___RandomizedSearchCV__niter_30__cv_5,1,3,VotingClassifier,resubstitution,403,22122,12,23,0.9984485815602837,0.9710843373493976,0.9460093896713615,0.9583828775267539,0.9994578476551911,0.0005421523448089216,0.9727336186632762,0.9723664476227777,0.957677636109966,0.9575925728998496,0.9998185401678467,0.9818037562374347,22560,0.959609792919432,0.004535890588444926,0.9065503752316714,0.022864599780759054,"{'classifier__extratreesclassifier_0__ccp_alpha': np.float64(0.002179465104442052), 'classifier__extratreesclassifier_0__max_depth': 18, 'classifier__extratreesclassifier_0__max_features': 'sqrt', 'classifier__extratreesclassifier_0__max_leaf_nodes': 9, 'classifier__extratreesclassifier_0__min_impurity_decrease': np.float64(0.07433815419020588), 'classifier__extratreesclassifier_0__min_samples_leaf': 6, 'classifier__extratreesclassifier_0__min_samples_split': 4, 'classifier__extratreesclassifier_0__n_estimators': 369, 'classifier__randomforestclassifier_1__ccp_alpha': np.float64(0.005594059104800867), 'classifier__randomforestclassifier_1__max_depth': 14, 'classifier__randomforestclassifier_1__max_features': 'sqrt', 'classifier__randomforestclassifier_1__max_leaf_nodes': 16, 'classifier__randomforestclassifier_1__max_samples': np.float64(0.5550500083775616), 'classifier__randomforestclassifier_1__min_impurity_decrease': np.float64(0.09537475558864733), 'classifier__randomforestclassifier_1__min_samples_leaf': 2, 'classifier__randomforestclassifier_1__min_samples_split': 9, 'classifier__randomforestclassifier_1__n_estimators': 609, 'classifier__xgbclassifier_2__colsample_bytree': np.float64(0.6819411689596306), 'classifier__xgbclassifier_2__gamma': np.float64(3.262763097836282), 'classifier__xgbclassifier_2__learning_rate': np.float64(0.01724836616976235), 'classifier__xgbclassifier_2__max_delta_step': 7, 'classifier__xgbclassifier_2__max_depth': 9, 'classifier__xgbclassifier_2__min_child_weight': 8, 'classifier__xgbclassifier_2__n_estimators': 710, 'classifier__xgbclassifier_2__reg_alpha': np.float64(0.5580722256268467), 'classifier__xgbclassifier_2__reg_lambda': np.float64(0.0004517527645497578), 'classifier__xgbclassifier_2__scale_pos_weight': np.float64(10.048566520211015), 'classifier__xgbclassifier_2__subsample': np.float64(0.6378672274904774), 'feature_selection_filter__k': 24}",50.834047079086304,"[0, 1, 2, 3, 4, 5, 6, 7, 8, 9, 10, 11, 12, 14, 16, 17, 18, 19, 20, 21, 24, 27, 28, 29]","['Amount_log1p', 'V1', 'V2', 'V3', 'V4', 'V5', 'V6', 'V7', 'V8', 'V9', 'V10', 'V11', 'V12', 'V14', 'V16', 'V17', 'V18', 'V19', 'V20', 'V21', 'V24', 'V27', 'V28', 'Time_sin']"
CostSensitiveLearning___RandomizedSearchCV__niter_30__cv_5,1,4,VotingClassifier,resubstitution,367,22124,10,59,0.9969414893617021,0.9734748010610079,0.8615023474178404,0.9140722291407223,0.999548206379326,0.0004517936206740458,0.9305252768985832,0.9279618128743667,0.9142870912678838,0.9125211666811656,0.9891123040159575,0.9269624926217854,22560,0.9162181279137822,0.005963990081954482,0.9021978026732651,0.015608055841107995,"{'classifier__extratreesclassifier_0__ccp_alpha': np.float64(0.0055512515539274275), 'classifier__extratreesclassifier_0__max_depth': 18, 'classifier__extratreesclassifier_0__max_features': 'log2', 'classifier__extratreesclassifier_0__max_leaf_nodes': 8, 'classifier__extratreesclassifier_0__min_impurity_decrease': np.float64(0.04785523046616946), 'classifier__extratreesclassifier_0__min_samples_leaf': 9, 'classifier__extratreesclassifier_0__min_samples_split': 2, 'classifier__extratreesclassifier_0__n_estimators': 149, 'classifier__randomforestclassifier_1__ccp_alpha': np.float64(0.008188734275653765), 'classifier__randomforestclassifier_1__max_depth': 14, 'classifier__randomforestclassifier_1__max_features': 'log2', 'classifier__randomforestclassifier_1__max_leaf_nodes': 12, 'classifier__randomforestclassifier_1__max_samples': np.float64(0.5899584328037831), 'classifier__randomforestclassifier_1__min_impurity_decrease': np.float64(0.07063714846079962), 'classifier__randomforestclassifier_1__min_samples_leaf': 9, 'classifier__randomforestclassifier_1__min_samples_split': 9, 'classifier__randomforestclassifier_1__n_estimators': 333, 'classifier__xgbclassifier_2__colsample_bytree': np.float64(0.7627170152353175), 'classifier__xgbclassifier_2__gamma': np.float64(4.184147252160281), 'classifier__xgbclassifier_2__learning_rate': np.float64(0.021149353022183195), 'classifier__xgbclassifier_2__max_delta_step': 0, 'classifier__xgbclassifier_2__max_depth': 3, 'classifier__xgbclassifier_2__min_child_weight': 3, 'classifier__xgbclassifier_2__n_estimators': 516, 'classifier__xgbclassifier_2__reg_alpha': np.float64(0.00035580054692248124), 'classifier__xgbclassifier_2__reg_lambda': np.float64(0.4297204101150093), 'classifier__xgbclassifier_2__scale_pos_weight': np.float64(2.0850567475728288), 'classifier__xgbclassifier_2__subsample': np.float64(0.9303015861988821), 'feature_selection_filter__k': 20}",41.88048553466797,"[1, 2, 3, 4, 5, 6, 7, 8, 9, 10, 11, 12, 14, 16, 17, 18, 19, 20, 21, 27]","['V1', 'V2', 'V3', 'V4', 'V5', 'V6', 'V7', 'V8', 'V9', 'V10', 'V11', 'V12', 'V14', 'V16', 'V17', 'V18', 'V19', 'V20', 'V21', 'V27']"
CostSensitiveLearning___RandomizedSearchCV__niter_30__cv_5,1,5,VotingClassifier,resubstitution,379,22125,10,46,0.9975177304964539,0.974293059125964,0.8917647058823529,0.9312039312039312,0.9995482267901513,0.00045177320984868263,0.9456564663362521,0.9441196060239119,0.9308870626720314,0.9299425115578552,0.9998382120410849,0.989533746843847,22560,0.9324590354457266,0.004440112842682389,0.8986422315944569,0.020028604496181424,"{'classifier__extratreesclassifier_0__ccp_alpha': np.float64(0.003947472307214273), 'classifier__extratreesclassifier_0__max_depth': 14, 'classifier__extratreesclassifier_0__max_features': 'log2', 'classifier__extratreesclassifier_0__max_leaf_nodes': 5, 'classifier__extratreesclassifier_0__min_impurity_decrease': np.float64(0.04033070594980836), 'classifier__extratreesclassifier_0__min_samples_leaf': 4, 'classifier__extratreesclassifier_0__min_samples_split': 4, 'classifier__extratreesclassifier_0__n_estimators': 948, 'classifier__randomforestclassifier_1__ccp_alpha': np.float64(0.0007958824148718591), 'classifier__randomforestclassifier_1__max_depth': 15, 'classifier__randomforestclassifier_1__max_features': 'log2', 'classifier__randomforestclassifier_1__max_leaf_nodes': 15, 'classifier__randomforestclassifier_1__max_samples': np.float64(0.7034543991971443), 'classifier__randomforestclassifier_1__min_impurity_decrease': np.float64(0.04170014724435387), 'classifier__randomforestclassifier_1__min_samples_leaf': 6, 'classifier__randomforestclassifier_1__min_samples_split': 4, 'classifier__randomforestclassifier_1__n_estimators': 104, 'classifier__xgbclassifier_2__colsample_bytree': np.float64(0.8313217856025414), 'classifier__xgbclassifier_2__gamma': np.float64(0.9871153222740425), 'classifier__xgbclassifier_2__learning_rate': np.float64(0.026452575010559254), 'classifier__xgbclassifier_2__max_delta_step': 3, 'classifier__xgbclassifier_2__max_depth': 9, 'classifier__xgbclassifier_2__min_child_weight': 6, 'classifier__xgbclassifier_2__n_estimators': 582, 'classifier__xgbclassifier_2__reg_alpha': np.float64(0.005563367027752407), 'classifier__xgbclassifier_2__reg_lambda': np.float64(0.005757354750735749), 'classifier__xgbclassifier_2__scale_pos_weight': np.float64(2.0066488389696113), 'classifier__xgbclassifier_2__subsample': np.float64(0.8542973770951816), 'feature_selection_filter__k': 24}",44.667407274246216,"[0, 1, 2, 3, 4, 5, 6, 7, 8, 9, 10, 11, 12, 14, 16, 17, 18, 19, 20, 21, 23, 27, 28, 29]","['Amount_log1p', 'V1', 'V2', 'V3', 'V4', 'V5', 'V6', 'V7', 'V8', 'V9', 'V10', 'V11', 'V12', 'V14', 'V16', 'V17', 'V18', 'V19', 'V20', 'V21', 'V23', 'V27', 'V28', 'Time_sin']"
CostSensitiveLearning___RandomizedSearchCV__niter_30__cv_5,1,6,VotingClassifier,resubstitution,425,22126,9,0,0.9996010638297872,0.9792626728110599,1.0,0.989522700814901,0.9995934041111362,0.00040659588886382547,0.999796702055568,0.9997966813863387,0.9893758176922343,0.9893193842864914,0.9999017791892,0.9895544360574277,22560,0.9906722192286601,0.0011501057541322595,0.9136862400412848,0.01622327683453352,"{'classifier__extratreesclassifier_0__ccp_alpha': np.float64(0.0025228362565073194), 'classifier__extratreesclassifier_0__max_depth': 5, 'classifier__extratreesclassifier_0__max_features': 'log2', 'classifier__extratreesclassifier_0__max_leaf_nodes': 11, 'classifier__extratreesclassifier_0__min_impurity_decrease': np.float64(0.07416018205913008), 'classifier__extratreesclassifier_0__min_samples_leaf': 9, 'classifier__extratreesclassifier_0__min_samples_split': 2, 'classifier__extratreesclassifier_0__n_estimators': 112, 'classifier__randomforestclassifier_1__ccp_alpha': np.float64(0.0037841066264689607), 'classifier__randomforestclassifier_1__max_depth': 3, 'classifier__randomforestclassifier_1__max_features': 'log2', 'classifier__randomforestclassifier_1__max_leaf_nodes': 2, 'classifier__randomforestclassifier_1__max_samples': np.float64(0.6071173393033185), 'classifier__randomforestclassifier_1__min_impurity_decrease': np.float64(0.047212702216868345), 'classifier__randomforestclassifier_1__min_samples_leaf': 7, 'classifier__randomforestclassifier_1__min_samples_split': 8, 'classifier__randomforestclassifier_1__n_estimators': 690, 'classifier__xgbclassifier_2__colsample_bytree': np.float64(0.6360250593317383), 'classifier__xgbclassifier_2__gamma': np.float64(0.9044125592422175), 'classifier__xgbclassifier_2__learning_rate': np.float64(0.0578755527496673), 'classifier__xgbclassifier_2__max_delta_step': 5, 'classifier__xgbclassifier_2__max_depth': 6, 'classifier__xgbclassifier_2__min_child_weight': 6, 'classifier__xgbclassifier_2__n_estimators': 444, 'classifier__xgbclassifier_2__reg_alpha': np.float64(0.000185162938922109), 'classifier__xgbclassifier_2__reg_lambda': np.float64(0.00015053137698371218), 'classifier__xgbclassifier_2__scale_pos_weight': np.float64(12.311573544159582), 'classifier__xgbclassifier_2__subsample': np.float64(0.8265297176879624), 'feature_selection_filter__k': 26}",56.41772699356079,"[0, 1, 2, 3, 4, 5, 6, 7, 8, 9, 10, 11, 12, 13, 14, 16, 17, 18, 19, 20, 21, 23, 24, 27, 28, 29]","['Amount_log1p', 'V1', 'V2', 'V3', 'V4', 'V5', 'V6', 'V7', 'V8', 'V9', 'V10', 'V11', 'V12', 'V13', 'V14', 'V16', 'V17', 'V18', 'V19', 'V20', 'V21', 'V23', 'V24', 'V27', 'V28', 'Time_sin']"
CostSensitiveLearning___RandomizedSearchCV__niter_30__cv_5,1,7,VotingClassifier,resubstitution,405,22125,10,20,0.9986702127659575,0.9759036144578314,0.9529411764705882,0.9642857142857143,0.9995482267901513,0.00045177320984868263,0.9762447016303697,0.9759665276926751,0.9636792109481159,0.9636083053504072,0.9999338816619939,0.9962488079621504,22560,0.9645932191061968,0.0017424905830433907,0.8976802419181371,0.016974721051364293,"{'classifier__extratreesclassifier_0__ccp_alpha': np.float64(0.002905930886150414), 'classifier__extratreesclassifier_0__max_depth': 13, 'classifier__extratreesclassifier_0__max_features': 'sqrt', 'classifier__extratreesclassifier_0__max_leaf_nodes': 18, 'classifier__extratreesclassifier_0__min_impurity_decrease': np.float64(0.09350620373618705), 'classifier__extratreesclassifier_0__min_samples_leaf': 1, 'classifier__extratreesclassifier_0__min_samples_split': 9, 'classifier__extratreesclassifier_0__n_estimators': 276, 'classifier__randomforestclassifier_1__ccp_alpha': np.float64(0.00219796469242192), 'classifier__randomforestclassifier_1__max_depth': 12, 'classifier__randomforestclassifier_1__max_features': 'log2', 'classifier__randomforestclassifier_1__max_leaf_nodes': 13, 'classifier__randomforestclassifier_1__max_samples': np.float64(0.5916808453185123), 'classifier__randomforestclassifier_1__min_impurity_decrease': np.float64(0.01812233475613011), 'classifier__randomforestclassifier_1__min_samples_leaf': 4, 'classifier__randomforestclassifier_1__min_samples_split': 5, 'classifier__randomforestclassifier_1__n_estimators': 859, 'classifier__xgbclassifier_2__colsample_bytree': np.float64(0.7688748688578434), 'classifier__xgbclassifier_2__gamma': np.float64(0.5387894870181847), 'classifier__xgbclassifier_2__learning_rate': np.float64(0.1219230778729782), 'classifier__xgbclassifier_2__max_delta_step': 0, 'classifier__xgbclassifier_2__max_depth': 6, 'classifier__xgbclassifier_2__min_child_weight': 5, 'classifier__xgbclassifier_2__n_estimators': 781, 'classifier__xgbclassifier_2__reg_alpha': np.float64(0.44139282533802726), 'classifier__xgbclassifier_2__reg_lambda': np.float64(1.4746767845791169), 'classifier__xgbclassifier_2__scale_pos_weight': np.float64(3.417730140307133), 'classifier__xgbclassifier_2__subsample': np.float64(0.682133655154157), 'feature_selection_filter__k': 24}",59.23777365684509,"[0, 1, 2, 3, 4, 5, 6, 7, 8, 9, 10, 11, 12, 14, 16, 17, 18, 19, 20, 21, 24, 27, 28, 29]","['Amount_log1p', 'V1', 'V2', 'V3', 'V4', 'V5', 'V6', 'V7', 'V8', 'V9', 'V10', 'V11', 'V12', 'V14', 'V16', 'V17', 'V18', 'V19', 'V20', 'V21', 'V24', 'V27', 'V28', 'Time_sin']"
CostSensitiveLearning___RandomizedSearchCV__niter_30__cv_5,1,8,VotingClassifier,resubstitution,405,22125,10,21,0.9986259474314082,0.9759036144578314,0.9507042253521126,0.9631391200951248,0.9995482267901513,0.00045177320984868263,0.975126226071132,0.9748203540409939,0.9625246612029663,0.9624391676124574,0.9998942681008876,0.9926891548640043,22561,0.960375391666729,0.0037728754411586744,0.9012140456425743,0.02212620652728298,"{'classifier__extratreesclassifier_0__ccp_alpha': np.float64(0.0002939470016516521), 'classifier__extratreesclassifier_0__max_depth': 7, 'classifier__extratreesclassifier_0__max_features': 'log2', 'classifier__extratreesclassifier_0__max_leaf_nodes': 8, 'classifier__extratreesclassifier_0__min_impurity_decrease': np.float64(0.05884795605085633), 'classifier__extratreesclassifier_0__min_samples_leaf': 1, 'classifier__extratreesclassifier_0__min_samples_split': 2, 'classifier__extratreesclassifier_0__n_estimators': 890, 'classifier__randomforestclassifier_1__ccp_alpha': np.float64(0.005904366712408622), 'classifier__randomforestclassifier_1__max_depth': 6, 'classifier__randomforestclassifier_1__max_features': 'sqrt', 'classifier__randomforestclassifier_1__max_leaf_nodes': 10, 'classifier__randomforestclassifier_1__max_samples': np.float64(0.7677896399156088), 'classifier__randomforestclassifier_1__min_impurity_decrease': np.float64(0.08020866553470088), 'classifier__randomforestclassifier_1__min_samples_leaf': 4, 'classifier__randomforestclassifier_1__min_samples_split': 2, 'classifier__randomforestclassifier_1__n_estimators': 142, 'classifier__xgbclassifier_2__colsample_bytree': np.float64(0.9532301084530616), 'classifier__xgbclassifier_2__gamma': np.float64(0.3073083114255154), 'classifier__xgbclassifier_2__learning_rate': np.float64(0.06988895712712628), 'classifier__xgbclassifier_2__max_delta_step': 0, 'classifier__xgbclassifier_2__max_depth': 8, 'classifier__xgbclassifier_2__min_child_weight': 6, 'classifier__xgbclassifier_2__n_estimators': 785, 'classifier__xgbclassifier_2__reg_alpha': np.float64(0.47518115090341106), 'classifier__xgbclassifier_2__reg_lambda': np.float64(6.182821289731633), 'classifier__xgbclassifier_2__scale_pos_weight': np.float64(2.8863345317644726), 'classifier__xgbclassifier_2__subsample': np.float64(0.7384113893339503), 'feature_selection_filter__k': 24}",41.11689019203186,"[1, 2, 3, 4, 5, 6, 7, 8, 9, 10, 11, 12, 14, 16, 17, 18, 19, 20, 21, 23, 24, 27, 28, 29]","['V1', 'V2', 'V3', 'V4', 'V5', 'V6', 'V7', 'V8', 'V9', 'V10', 'V11', 'V12', 'V14', 'V16', 'V17', 'V18', 'V19', 'V20', 'V21', 'V23', 'V24', 'V27', 'V28', 'Time_sin']"
CostSensitiveLearning___RandomizedSearchCV__niter_30__cv_5,1,9,VotingClassifier,resubstitution,402,22124,11,24,0.9984486503257834,0.9733656174334141,0.9436619718309859,0.9582836710369488,0.9995030494691665,0.0004969505308335398,0.9715825106500762,0.971181249053521,0.9576128505247697,0.9574934933637397,0.9998375313245333,0.9866577028573241,22561,0.9566941815513428,0.004314010438004096,0.8964121521595798,0.029670216385688408,"{'classifier__extratreesclassifier_0__ccp_alpha': np.float64(0.00914113797995432), 'classifier__extratreesclassifier_0__max_depth': 19, 'classifier__extratreesclassifier_0__max_features': 'log2', 'classifier__extratreesclassifier_0__max_leaf_nodes': 19, 'classifier__extratreesclassifier_0__min_impurity_decrease': np.float64(0.021035674456063014), 'classifier__extratreesclassifier_0__min_samples_leaf': 7, 'classifier__extratreesclassifier_0__min_samples_split': 3, 'classifier__extratreesclassifier_0__n_estimators': 457, 'classifier__randomforestclassifier_1__ccp_alpha': np.float64(0.0034470792106036686), 'classifier__randomforestclassifier_1__max_depth': 15, 'classifier__randomforestclassifier_1__max_features': 'log2', 'classifier__randomforestclassifier_1__max_leaf_nodes': 7, 'classifier__randomforestclassifier_1__max_samples': np.float64(0.5635531327145835), 'classifier__randomforestclassifier_1__min_impurity_decrease': np.float64(0.046328406808621964), 'classifier__randomforestclassifier_1__min_samples_leaf': 6, 'classifier__randomforestclassifier_1__min_samples_split': 9, 'classifier__randomforestclassifier_1__n_estimators': 330, 'classifier__xgbclassifier_2__colsample_bytree': np.float64(0.7436313233783538), 'classifier__xgbclassifier_2__gamma': np.float64(3.7896219431169627), 'classifier__xgbclassifier_2__learning_rate': np.float64(0.07784799450866971), 'classifier__xgbclassifier_2__max_delta_step': 8, 'classifier__xgbclassifier_2__max_depth': 6, 'classifier__xgbclassifier_2__min_child_weight': 4, 'classifier__xgbclassifier_2__n_estimators': 353, 'classifier__xgbclassifier_2__reg_alpha': np.float64(0.00010784576652996005), 'classifier__xgbclassifier_2__reg_lambda': np.float64(0.00010625655953830995), 'classifier__xgbclassifier_2__scale_pos_weight': np.float64(6.827907620436883), 'classifier__xgbclassifier_2__subsample': np.float64(0.7411892361725789), 'feature_selection_filter__k': 'all'}",48.118025064468384,"[0, 1, 2, 3, 4, 5, 6, 7, 8, 9, 10, 11, 12, 13, 14, 15, 16, 17, 18, 19, 20, 21, 22, 23, 24, 25, 26, 27, 28, 29, 30]","['Amount_log1p', 'V1', 'V2', 'V3', 'V4', 'V5', 'V6', 'V7', 'V8', 'V9', 'V10', 'V11', 'V12', 'V13', 'V14', 'V15', 'V16', 'V17', 'V18', 'V19', 'V20', 'V21', 'V22', 'V23', 'V24', 'V25', 'V26', 'V27', 'V28', 'Time_sin', 'Time_cos']"
CostSensitiveLearning___RandomizedSearchCV__niter_30__cv_5,1,10,VotingClassifier,resubstitution,400,22124,11,26,0.998360001772971,0.9732360097323601,0.9389671361502347,0.955794504181601,0.9995030494691665,0.0004969505308335398,0.9692350928097007,0.9687623629835593,0.9551185206137563,0.9549592802394166,0.9998312743716269,0.9867423935518077,22561,0.9516795418556656,0.00313063213754301,0.9043458053805897,0.04377637411900037,"{'classifier__extratreesclassifier_0__ccp_alpha': np.float64(0.0019719004195047516), 'classifier__extratreesclassifier_0__max_depth': 12, 'classifier__extratreesclassifier_0__max_features': 'log2', 'classifier__extratreesclassifier_0__max_leaf_nodes': 17, 'classifier__extratreesclassifier_0__min_impurity_decrease': np.float64(0.09580872232223026), 'classifier__extratreesclassifier_0__min_samples_leaf': 7, 'classifier__extratreesclassifier_0__min_samples_split': 8, 'classifier__extratreesclassifier_0__n_estimators': 722, 'classifier__randomforestclassifier_1__ccp_alpha': np.float64(0.00011923225907076174), 'classifier__randomforestclassifier_1__max_depth': 13, 'classifier__randomforestclassifier_1__max_features': 'log2', 'classifier__randomforestclassifier_1__max_leaf_nodes': 14, 'classifier__randomforestclassifier_1__max_samples': np.float64(0.6199387528733488), 'classifier__randomforestclassifier_1__min_impurity_decrease': np.float64(0.045217786265137484), 'classifier__randomforestclassifier_1__min_samples_leaf': 1, 'classifier__randomforestclassifier_1__min_samples_split': 6, 'classifier__randomforestclassifier_1__n_estimators': 888, 'classifier__xgbclassifier_2__colsample_bytree': np.float64(0.7013281710194327), 'classifier__xgbclassifier_2__gamma': np.float64(0.14297168764784873), 'classifier__xgbclassifier_2__learning_rate': np.float64(0.01686605109883935), 'classifier__xgbclassifier_2__max_delta_step': 5, 'classifier__xgbclassifier_2__max_depth': 7, 'classifier__xgbclassifier_2__min_child_weight': 7, 'classifier__xgbclassifier_2__n_estimators': 655, 'classifier__xgbclassifier_2__reg_alpha': np.float64(3.3111416635882622), 'classifier__xgbclassifier_2__reg_lambda': np.float64(0.15323364437749495), 'classifier__xgbclassifier_2__scale_pos_weight': np.float64(5.87960475305971), 'classifier__xgbclassifier_2__subsample': np.float64(0.7261942419539252), 'feature_selection_filter__k': 28}",69.76156973838806,"[0, 1, 2, 3, 4, 5, 6, 7, 8, 9, 10, 11, 12, 14, 15, 16, 17, 18, 19, 20, 21, 22, 23, 24, 27, 28, 29, 30]","['Amount_log1p', 'V1', 'V2', 'V3', 'V4', 'V5', 'V6', 'V7', 'V8', 'V9', 'V10', 'V11', 'V12', 'V14', 'V15', 'V16', 'V17', 'V18', 'V19', 'V20', 'V21', 'V22', 'V23', 'V24', 'V27', 'V28', 'Time_sin', 'Time_cos']"
CostSensitiveLearning___RandomizedSearchCV__niter_30__cv_5,2,1,VotingClassifier,resubstitution,426,22125,9,0,0.9996010638297872,0.9793103448275862,1.0,0.9895470383275261,0.9995933857413933,0.00040661425860666345,0.9997966928706967,0.9997966721995994,0.9893998904779494,0.9893437125069672,0.999875809781735,0.9895282599841004,22560,0.9895483751356846,0.0016850837391118151,0.9021211390379225,0.02592042241337825,"{'classifier__extratreesclassifier_0__ccp_alpha': np.float64(0.0028004031787213692), 'classifier__extratreesclassifier_0__max_depth': 13, 'classifier__extratreesclassifier_0__max_features': 'log2', 'classifier__extratreesclassifier_0__max_leaf_nodes': 14, 'classifier__extratreesclassifier_0__min_impurity_decrease': np.float64(0.06829624415716103), 'classifier__extratreesclassifier_0__min_samples_leaf': 4, 'classifier__extratreesclassifier_0__min_samples_split': 7, 'classifier__extratreesclassifier_0__n_estimators': 265, 'classifier__randomforestclassifier_1__ccp_alpha': np.float64(0.006777928889294819), 'classifier__randomforestclassifier_1__max_depth': 14, 'classifier__randomforestclassifier_1__max_features': 'sqrt', 'classifier__randomforestclassifier_1__max_leaf_nodes': 17, 'classifier__randomforestclassifier_1__max_samples': np.float64(0.7677049176228726), 'classifier__randomforestclassifier_1__min_impurity_decrease': np.float64(0.09523826240955953), 'classifier__randomforestclassifier_1__min_samples_leaf': 2, 'classifier__randomforestclassifier_1__min_samples_split': 3, 'classifier__randomforestclassifier_1__n_estimators': 927, 'classifier__xgbclassifier_2__colsample_bytree': np.float64(0.6241428258602653), 'classifier__xgbclassifier_2__gamma': np.float64(2.835314165312661), 'classifier__xgbclassifier_2__learning_rate': np.float64(0.02906529679292621), 'classifier__xgbclassifier_2__max_delta_step': 6, 'classifier__xgbclassifier_2__max_depth': 9, 'classifier__xgbclassifier_2__min_child_weight': 4, 'classifier__xgbclassifier_2__n_estimators': 475, 'classifier__xgbclassifier_2__reg_alpha': np.float64(0.09399565434193043), 'classifier__xgbclassifier_2__reg_lambda': np.float64(0.3891224982425056), 'classifier__xgbclassifier_2__scale_pos_weight': np.float64(29.56173982426095), 'classifier__xgbclassifier_2__subsample': np.float64(0.7512482235144469), 'feature_selection_filter__k': 'all'}",59.15578365325928,"[0, 1, 2, 3, 4, 5, 6, 7, 8, 9, 10, 11, 12, 13, 14, 15, 16, 17, 18, 19, 20, 21, 22, 23, 24, 25, 26, 27, 28, 29, 30]","['Amount_log1p', 'V1', 'V2', 'V3', 'V4', 'V5', 'V6', 'V7', 'V8', 'V9', 'V10', 'V11', 'V12', 'V13', 'V14', 'V15', 'V16', 'V17', 'V18', 'V19', 'V20', 'V21', 'V22', 'V23', 'V24', 'V25', 'V26', 'V27', 'V28', 'Time_sin', 'Time_cos']"
CostSensitiveLearning___RandomizedSearchCV__niter_30__cv_5,2,2,VotingClassifier,resubstitution,426,22130,4,0,0.999822695035461,0.9906976744186047,1.0,0.9953271028037384,0.9998192825517304,0.00018071744826964053,0.9999096412758652,0.9999096371931467,0.9952480284144637,0.995236737925574,0.9999423061667496,0.9958535799502624,22560,0.9929943783155573,0.001922342610075221,0.8983082425375484,0.01528985306851009,"{'classifier__extratreesclassifier_0__ccp_alpha': np.float64(0.007789991380075694), 'classifier__extratreesclassifier_0__max_depth': 13, 'classifier__extratreesclassifier_0__max_features': 'sqrt', 'classifier__extratreesclassifier_0__max_leaf_nodes': 11, 'classifier__extratreesclassifier_0__min_impurity_decrease': np.float64(0.09034411421408456), 'classifier__extratreesclassifier_0__min_samples_leaf': 9, 'classifier__extratreesclassifier_0__min_samples_split': 5, 'classifier__extratreesclassifier_0__n_estimators': 836, 'classifier__randomforestclassifier_1__ccp_alpha': np.float64(0.0010447068460111397), 'classifier__randomforestclassifier_1__max_depth': 15, 'classifier__randomforestclassifier_1__max_features': 'log2', 'classifier__randomforestclassifier_1__max_leaf_nodes': 10, 'classifier__randomforestclassifier_1__max_samples': np.float64(0.6431971612433288), 'classifier__randomforestclassifier_1__min_impurity_decrease': np.float64(0.06417399567349544), 'classifier__randomforestclassifier_1__min_samples_leaf': 7, 'classifier__randomforestclassifier_1__min_samples_split': 8, 'classifier__randomforestclassifier_1__n_estimators': 354, 'classifier__xgbclassifier_2__colsample_bytree': np.float64(0.7832421010104503), 'classifier__xgbclassifier_2__gamma': np.float64(0.3669813368841046), 'classifier__xgbclassifier_2__learning_rate': np.float64(0.09130345106193867), 'classifier__xgbclassifier_2__max_delta_step': 1, 'classifier__xgbclassifier_2__max_depth': 9, 'classifier__xgbclassifier_2__min_child_weight': 3, 'classifier__xgbclassifier_2__n_estimators': 762, 'classifier__xgbclassifier_2__reg_alpha': np.float64(0.011599223267624581), 'classifier__xgbclassifier_2__reg_lambda': np.float64(0.5960945041840922), 'classifier__xgbclassifier_2__scale_pos_weight': np.float64(4.973307107881451), 'classifier__xgbclassifier_2__subsample': np.float64(0.8033532447335018), 'feature_selection_filter__k': 22}",51.67451500892639,"[1, 2, 3, 4, 5, 6, 7, 8, 9, 10, 11, 12, 14, 16, 17, 18, 19, 20, 21, 27, 28, 29]","['V1', 'V2', 'V3', 'V4', 'V5', 'V6', 'V7', 'V8', 'V9', 'V10', 'V11', 'V12', 'V14', 'V16', 'V17', 'V18', 'V19', 'V20', 'V21', 'V27', 'V28', 'Time_sin']"
CostSensitiveLearning___RandomizedSearchCV__niter_30__cv_5,2,3,VotingClassifier,resubstitution,407,22125,9,19,0.998758865248227,0.9783653846153846,0.9553990610328639,0.9667458432304038,0.9995933857413933,0.00040661425860666345,0.9774962233871286,0.9772464285695746,0.9661843248847989,0.9661135659034494,0.9999512147733545,0.9973074659341223,22560,0.9661101415627694,0.0011573191147587752,0.9049118277410304,0.024809251113687925,"{'classifier__extratreesclassifier_0__ccp_alpha': np.float64(0.003572272493019145), 'classifier__extratreesclassifier_0__max_depth': 15, 'classifier__extratreesclassifier_0__max_features': 'log2', 'classifier__extratreesclassifier_0__max_leaf_nodes': 14, 'classifier__extratreesclassifier_0__min_impurity_decrease': np.float64(0.0072882505078534), 'classifier__extratreesclassifier_0__min_samples_leaf': 5, 'classifier__extratreesclassifier_0__min_samples_split': 4, 'classifier__extratreesclassifier_0__n_estimators': 467, 'classifier__randomforestclassifier_1__ccp_alpha': np.float64(0.0034797850511460505), 'classifier__randomforestclassifier_1__max_depth': 10, 'classifier__randomforestclassifier_1__max_features': 'sqrt', 'classifier__randomforestclassifier_1__max_leaf_nodes': 7, 'classifier__randomforestclassifier_1__max_samples': np.float64(0.5367248171336284), 'classifier__randomforestclassifier_1__min_impurity_decrease': np.float64(0.06225068222863796), 'classifier__randomforestclassifier_1__min_samples_leaf': 3, 'classifier__randomforestclassifier_1__min_samples_split': 8, 'classifier__randomforestclassifier_1__n_estimators': 191, 'classifier__xgbclassifier_2__colsample_bytree': np.float64(0.6384253302525389), 'classifier__xgbclassifier_2__gamma': np.float64(0.6491174062448413), 'classifier__xgbclassifier_2__learning_rate': np.float64(0.04172879256031628), 'classifier__xgbclassifier_2__max_delta_step': 6, 'classifier__xgbclassifier_2__max_depth': 9, 'classifier__xgbclassifier_2__min_child_weight': 2, 'classifier__xgbclassifier_2__n_estimators': 605, 'classifier__xgbclassifier_2__reg_alpha': np.float64(0.002271874433617313), 'classifier__xgbclassifier_2__reg_lambda': np.float64(0.0004916664837628474), 'classifier__xgbclassifier_2__scale_pos_weight': np.float64(18.05174216789851), 'classifier__xgbclassifier_2__subsample': np.float64(0.6387069667102426), 'feature_selection_filter__k': 26}",41.25055813789368,"[0, 1, 2, 3, 4, 5, 6, 7, 8, 9, 10, 11, 12, 14, 16, 17, 18, 19, 20, 21, 22, 23, 24, 27, 28, 29]","['Amount_log1p', 'V1', 'V2', 'V3', 'V4', 'V5', 'V6', 'V7', 'V8', 'V9', 'V10', 'V11', 'V12', 'V14', 'V16', 'V17', 'V18', 'V19', 'V20', 'V21', 'V22', 'V23', 'V24', 'V27', 'V28', 'Time_sin']"
CostSensitiveLearning___RandomizedSearchCV__niter_30__cv_5,2,4,VotingClassifier,resubstitution,383,22119,15,43,0.9974290780141843,0.9623115577889447,0.8990610328638498,0.9296116504854369,0.9993223095689889,0.0006776904310110687,0.9491916712164193,0.9478669462561626,0.9288603652818964,0.9283038171773639,0.9991646060211151,0.9713581971685983,22560,0.9289917762643451,0.0034800289652553973,0.8993246292585612,0.013591735561999557,"{'classifier__extratreesclassifier_0__ccp_alpha': np.float64(0.003102023818781621), 'classifier__extratreesclassifier_0__max_depth': 11, 'classifier__extratreesclassifier_0__max_features': 'sqrt', 'classifier__extratreesclassifier_0__max_leaf_nodes': 2, 'classifier__extratreesclassifier_0__min_impurity_decrease': np.float64(0.07315286867546421), 'classifier__extratreesclassifier_0__min_samples_leaf': 8, 'classifier__extratreesclassifier_0__min_samples_split': 8, 'classifier__extratreesclassifier_0__n_estimators': 803, 'classifier__randomforestclassifier_1__ccp_alpha': np.float64(0.007455050445429195), 'classifier__randomforestclassifier_1__max_depth': 5, 'classifier__randomforestclassifier_1__max_features': 'sqrt', 'classifier__randomforestclassifier_1__max_leaf_nodes': 19, 'classifier__randomforestclassifier_1__max_samples': np.float64(0.7076911046866556), 'classifier__randomforestclassifier_1__min_impurity_decrease': np.float64(0.016677695904182444), 'classifier__randomforestclassifier_1__min_samples_leaf': 1, 'classifier__randomforestclassifier_1__min_samples_split': 5, 'classifier__randomforestclassifier_1__n_estimators': 291, 'classifier__xgbclassifier_2__colsample_bytree': np.float64(0.9860484260205459), 'classifier__xgbclassifier_2__gamma': np.float64(1.018983637007368), 'classifier__xgbclassifier_2__learning_rate': np.float64(0.0330772990569788), 'classifier__xgbclassifier_2__max_delta_step': 9, 'classifier__xgbclassifier_2__max_depth': 8, 'classifier__xgbclassifier_2__min_child_weight': 5, 'classifier__xgbclassifier_2__n_estimators': 307, 'classifier__xgbclassifier_2__reg_alpha': np.float64(8.949944459801538), 'classifier__xgbclassifier_2__reg_lambda': np.float64(0.09417566303774809), 'classifier__xgbclassifier_2__scale_pos_weight': np.float64(3.6452830232308737), 'classifier__xgbclassifier_2__subsample': np.float64(0.956286183531456), 'feature_selection_filter__k': 26}",60.86970925331116,"[0, 1, 2, 3, 4, 5, 6, 7, 8, 9, 10, 11, 12, 14, 16, 17, 18, 19, 20, 21, 23, 24, 26, 27, 28, 29]","['Amount_log1p', 'V1', 'V2', 'V3', 'V4', 'V5', 'V6', 'V7', 'V8', 'V9', 'V10', 'V11', 'V12', 'V14', 'V16', 'V17', 'V18', 'V19', 'V20', 'V21', 'V23', 'V24', 'V26', 'V27', 'V28', 'Time_sin']"
CostSensitiveLearning___RandomizedSearchCV__niter_30__cv_5,2,5,VotingClassifier,resubstitution,396,22126,9,29,0.9983156028368795,0.9777777777777777,0.9317647058823529,0.9542168674698795,0.9995934041111362,0.00040659588886382547,0.9656790549967446,0.9650833405377759,0.9536467652978353,0.9533593934893134,0.9999066689698242,0.9941875158321103,22560,0.9542184811210916,0.0020076859334912087,0.903609675398742,0.010260356475684148,"{'classifier__extratreesclassifier_0__ccp_alpha': np.float64(0.009795256170975347), 'classifier__extratreesclassifier_0__max_depth': 10, 'classifier__extratreesclassifier_0__max_features': 'log2', 'classifier__extratreesclassifier_0__max_leaf_nodes': 4, 'classifier__extratreesclassifier_0__min_impurity_decrease': np.float64(0.006262636776989072), 'classifier__extratreesclassifier_0__min_samples_leaf': 8, 'classifier__extratreesclassifier_0__min_samples_split': 7, 'classifier__extratreesclassifier_0__n_estimators': 271, 'classifier__randomforestclassifier_1__ccp_alpha': np.float64(0.0020946185352663437), 'classifier__randomforestclassifier_1__max_depth': 18, 'classifier__randomforestclassifier_1__max_features': 'sqrt', 'classifier__randomforestclassifier_1__max_leaf_nodes': 5, 'classifier__randomforestclassifier_1__max_samples': np.float64(0.8787611829207784), 'classifier__randomforestclassifier_1__min_impurity_decrease': np.float64(0.000736472460899662), 'classifier__randomforestclassifier_1__min_samples_leaf': 9, 'classifier__randomforestclassifier_1__min_samples_split': 2, 'classifier__randomforestclassifier_1__n_estimators': 653, 'classifier__xgbclassifier_2__colsample_bytree': np.float64(0.881411403436068), 'classifier__xgbclassifier_2__gamma': np.float64(1.2673941035515752), 'classifier__xgbclassifier_2__learning_rate': np.float64(0.189413326687101), 'classifier__xgbclassifier_2__max_delta_step': 5, 'classifier__xgbclassifier_2__max_depth': 5, 'classifier__xgbclassifier_2__min_child_weight': 2, 'classifier__xgbclassifier_2__n_estimators': 717, 'classifier__xgbclassifier_2__reg_alpha': np.float64(0.04988696502680037), 'classifier__xgbclassifier_2__reg_lambda': np.float64(0.000800589366899933), 'classifier__xgbclassifier_2__scale_pos_weight': np.float64(2.3480846140395584), 'classifier__xgbclassifier_2__subsample': np.float64(0.6032857593122549), 'feature_selection_filter__k': 22}",79.68455481529236,"[1, 2, 3, 4, 5, 6, 7, 8, 9, 10, 11, 12, 14, 16, 17, 18, 19, 20, 21, 27, 28, 29]","['V1', 'V2', 'V3', 'V4', 'V5', 'V6', 'V7', 'V8', 'V9', 'V10', 'V11', 'V12', 'V14', 'V16', 'V17', 'V18', 'V19', 'V20', 'V21', 'V27', 'V28', 'Time_sin']"
CostSensitiveLearning___RandomizedSearchCV__niter_30__cv_5,2,6,VotingClassifier,resubstitution,402,22125,10,23,0.9985372340425532,0.9757281553398058,0.9458823529411765,0.9605734767025089,0.9995482267901513,0.00045177320984868263,0.9727152898656639,0.9723451180699418,0.9599486630552344,0.9598284529033289,0.9998478853027545,0.9864877085294406,22560,0.9587152437889079,0.004639838779363266,0.8995592582064191,0.014869907104954484,"{'classifier__extratreesclassifier_0__ccp_alpha': np.float64(0.003569302890239153), 'classifier__extratreesclassifier_0__max_depth': 12, 'classifier__extratreesclassifier_0__max_features': 'log2', 'classifier__extratreesclassifier_0__max_leaf_nodes': 14, 'classifier__extratreesclassifier_0__min_impurity_decrease': np.float64(0.07279245758207122), 'classifier__extratreesclassifier_0__min_samples_leaf': 2, 'classifier__extratreesclassifier_0__min_samples_split': 4, 'classifier__extratreesclassifier_0__n_estimators': 288, 'classifier__randomforestclassifier_1__ccp_alpha': np.float64(0.0064232536877866135), 'classifier__randomforestclassifier_1__max_depth': 4, 'classifier__randomforestclassifier_1__max_features': 'sqrt', 'classifier__randomforestclassifier_1__max_leaf_nodes': 10, 'classifier__randomforestclassifier_1__max_samples': np.float64(0.7032661764436494), 'classifier__randomforestclassifier_1__min_impurity_decrease': np.float64(0.09831591877818067), 'classifier__randomforestclassifier_1__min_samples_leaf': 1, 'classifier__randomforestclassifier_1__min_samples_split': 2, 'classifier__randomforestclassifier_1__n_estimators': 793, 'classifier__xgbclassifier_2__colsample_bytree': np.float64(0.8037537008045618), 'classifier__xgbclassifier_2__gamma': np.float64(3.847614987295197), 'classifier__xgbclassifier_2__learning_rate': np.float64(0.027949477199058742), 'classifier__xgbclassifier_2__max_delta_step': 0, 'classifier__xgbclassifier_2__max_depth': 8, 'classifier__xgbclassifier_2__min_child_weight': 9, 'classifier__xgbclassifier_2__n_estimators': 313, 'classifier__xgbclassifier_2__reg_alpha': np.float64(0.00022347533970758218), 'classifier__xgbclassifier_2__reg_lambda': np.float64(1.997872091999994), 'classifier__xgbclassifier_2__scale_pos_weight': np.float64(14.387992541066827), 'classifier__xgbclassifier_2__subsample': np.float64(0.6126489621395986), 'feature_selection_filter__k': 'all'}",98.31032705307007,"[0, 1, 2, 3, 4, 5, 6, 7, 8, 9, 10, 11, 12, 13, 14, 15, 16, 17, 18, 19, 20, 21, 22, 23, 24, 25, 26, 27, 28, 29, 30]","['Amount_log1p', 'V1', 'V2', 'V3', 'V4', 'V5', 'V6', 'V7', 'V8', 'V9', 'V10', 'V11', 'V12', 'V13', 'V14', 'V15', 'V16', 'V17', 'V18', 'V19', 'V20', 'V21', 'V22', 'V23', 'V24', 'V25', 'V26', 'V27', 'V28', 'Time_sin', 'Time_cos']"
CostSensitiveLearning___RandomizedSearchCV__niter_30__cv_5,2,7,VotingClassifier,resubstitution,408,22124,11,17,0.998758865248227,0.9737470167064439,0.96,0.966824644549763,0.9995030494691665,0.0004969505308335398,0.9797515247345832,0.9795524118138854,0.9662176356412889,0.9661922803351871,0.9998248182941575,0.9840349830283716,22560,0.961489966502153,0.003281225539994397,0.8990295946973206,0.018312277482525074,"{'classifier__extratreesclassifier_0__ccp_alpha': np.float64(0.009412539220290126), 'classifier__extratreesclassifier_0__max_depth': 14, 'classifier__extratreesclassifier_0__max_features': 'log2', 'classifier__extratreesclassifier_0__max_leaf_nodes': 5, 'classifier__extratreesclassifier_0__min_impurity_decrease': np.float64(0.0558597032866212), 'classifier__extratreesclassifier_0__min_samples_leaf': 1, 'classifier__extratreesclassifier_0__min_samples_split': 7, 'classifier__extratreesclassifier_0__n_estimators': 504, 'classifier__randomforestclassifier_1__ccp_alpha': np.float64(0.0032139908102478145), 'classifier__randomforestclassifier_1__max_depth': 14, 'classifier__randomforestclassifier_1__max_features': 'sqrt', 'classifier__randomforestclassifier_1__max_leaf_nodes': 19, 'classifier__randomforestclassifier_1__max_samples': np.float64(0.8607187829568804), 'classifier__randomforestclassifier_1__min_impurity_decrease': np.float64(0.058155315382941365), 'classifier__randomforestclassifier_1__min_samples_leaf': 3, 'classifier__randomforestclassifier_1__min_samples_split': 6, 'classifier__randomforestclassifier_1__n_estimators': 970, 'classifier__xgbclassifier_2__colsample_bytree': np.float64(0.7307492604366752), 'classifier__xgbclassifier_2__gamma': np.float64(4.584670045128835), 'classifier__xgbclassifier_2__learning_rate': np.float64(0.1258090310124952), 'classifier__xgbclassifier_2__max_delta_step': 7, 'classifier__xgbclassifier_2__max_depth': 6, 'classifier__xgbclassifier_2__min_child_weight': 9, 'classifier__xgbclassifier_2__n_estimators': 479, 'classifier__xgbclassifier_2__reg_alpha': np.float64(0.03542613765669922), 'classifier__xgbclassifier_2__reg_lambda': np.float64(0.00032715775738146116), 'classifier__xgbclassifier_2__scale_pos_weight': np.float64(10.258864213822108), 'classifier__xgbclassifier_2__subsample': np.float64(0.6258536323170302), 'feature_selection_filter__k': 26}",183.30752658843994,"[0, 1, 2, 3, 4, 5, 6, 7, 8, 9, 10, 11, 12, 14, 16, 17, 18, 19, 20, 21, 23, 24, 26, 27, 28, 29]","['Amount_log1p', 'V1', 'V2', 'V3', 'V4', 'V5', 'V6', 'V7', 'V8', 'V9', 'V10', 'V11', 'V12', 'V14', 'V16', 'V17', 'V18', 'V19', 'V20', 'V21', 'V23', 'V24', 'V26', 'V27', 'V28', 'Time_sin']"
CostSensitiveLearning___RandomizedSearchCV__niter_30__cv_5,2,8,VotingClassifier,resubstitution,424,22129,6,2,0.9996454057887505,0.986046511627907,0.9953051643192489,0.9906542056074766,0.9997289360740909,0.00027106392590914297,0.9975170501966699,0.9975145978851291,0.9904847204495384,0.9904734840167686,0.9999308553678823,0.9953345636488533,22561,0.9871113386980344,0.0031326384938550516,0.9059633712353934,0.02700103556944882,"{'classifier__extratreesclassifier_0__ccp_alpha': np.float64(0.0006697044851516309), 'classifier__extratreesclassifier_0__max_depth': 14, 'classifier__extratreesclassifier_0__max_features': 'sqrt', 'classifier__extratreesclassifier_0__max_leaf_nodes': 16, 'classifier__extratreesclassifier_0__min_impurity_decrease': np.float64(0.08187748059238623), 'classifier__extratreesclassifier_0__min_samples_leaf': 9, 'classifier__extratreesclassifier_0__min_samples_split': 5, 'classifier__extratreesclassifier_0__n_estimators': 463, 'classifier__randomforestclassifier_1__ccp_alpha': np.float64(0.0017343602826125671), 'classifier__randomforestclassifier_1__max_depth': 4, 'classifier__randomforestclassifier_1__max_features': 'log2', 'classifier__randomforestclassifier_1__max_leaf_nodes': 2, 'classifier__randomforestclassifier_1__max_samples': np.float64(0.6204956945184023), 'classifier__randomforestclassifier_1__min_impurity_decrease': np.float64(0.08393396878178902), 'classifier__randomforestclassifier_1__min_samples_leaf': 4, 'classifier__randomforestclassifier_1__min_samples_split': 7, 'classifier__randomforestclassifier_1__n_estimators': 381, 'classifier__xgbclassifier_2__colsample_bytree': np.float64(0.6352203059086247), 'classifier__xgbclassifier_2__gamma': np.float64(1.0637276065962138), 'classifier__xgbclassifier_2__learning_rate': np.float64(0.12328553450522382), 'classifier__xgbclassifier_2__max_delta_step': 6, 'classifier__xgbclassifier_2__max_depth': 8, 'classifier__xgbclassifier_2__min_child_weight': 6, 'classifier__xgbclassifier_2__n_estimators': 264, 'classifier__xgbclassifier_2__reg_alpha': np.float64(0.018285375368136916), 'classifier__xgbclassifier_2__reg_lambda': np.float64(0.0016792501710385297), 'classifier__xgbclassifier_2__scale_pos_weight': np.float64(5.024757507449248), 'classifier__xgbclassifier_2__subsample': np.float64(0.8234917232703829), 'feature_selection_filter__k': 28}",44.58715319633484,"[0, 1, 2, 3, 4, 5, 6, 7, 8, 9, 10, 11, 12, 14, 16, 17, 18, 19, 20, 21, 22, 23, 24, 25, 26, 27, 28, 29]","['Amount_log1p', 'V1', 'V2', 'V3', 'V4', 'V5', 'V6', 'V7', 'V8', 'V9', 'V10', 'V11', 'V12', 'V14', 'V16', 'V17', 'V18', 'V19', 'V20', 'V21', 'V22', 'V23', 'V24', 'V25', 'V26', 'V27', 'V28', 'Time_sin']"
CostSensitiveLearning___RandomizedSearchCV__niter_30__cv_5,2,9,VotingClassifier,resubstitution,385,22125,10,41,0.9977394619032844,0.9746835443037974,0.903755868544601,0.9378806333739342,0.9995482267901513,0.00045177320984868263,0.9516520476673762,0.9504459878683003,0.9374245644244263,0.9367310895208033,0.9998654224874888,0.9917210269989196,22561,0.9415293300297731,0.0030250361481372785,0.9037537376172808,0.010390863046776617,"{'classifier__extratreesclassifier_0__ccp_alpha': np.float64(0.009191720744010274), 'classifier__extratreesclassifier_0__max_depth': 10, 'classifier__extratreesclassifier_0__max_features': 'sqrt', 'classifier__extratreesclassifier_0__max_leaf_nodes': 15, 'classifier__extratreesclassifier_0__min_impurity_decrease': np.float64(0.07369364605233032), 'classifier__extratreesclassifier_0__min_samples_leaf': 2, 'classifier__extratreesclassifier_0__min_samples_split': 7, 'classifier__extratreesclassifier_0__n_estimators': 167, 'classifier__randomforestclassifier_1__ccp_alpha': np.float64(0.007218202485500679), 'classifier__randomforestclassifier_1__max_depth': 16, 'classifier__randomforestclassifier_1__max_features': 'log2', 'classifier__randomforestclassifier_1__max_leaf_nodes': 18, 'classifier__randomforestclassifier_1__max_samples': np.float64(0.6041714716190524), 'classifier__randomforestclassifier_1__min_impurity_decrease': np.float64(0.017939040021515574), 'classifier__randomforestclassifier_1__min_samples_leaf': 1, 'classifier__randomforestclassifier_1__min_samples_split': 8, 'classifier__randomforestclassifier_1__n_estimators': 137, 'classifier__xgbclassifier_2__colsample_bytree': np.float64(0.9217516255722844), 'classifier__xgbclassifier_2__gamma': np.float64(0.18193879555844839), 'classifier__xgbclassifier_2__learning_rate': np.float64(0.049218962777170645), 'classifier__xgbclassifier_2__max_delta_step': 8, 'classifier__xgbclassifier_2__max_depth': 6, 'classifier__xgbclassifier_2__min_child_weight': 3, 'classifier__xgbclassifier_2__n_estimators': 274, 'classifier__xgbclassifier_2__reg_alpha': np.float64(0.07272188661829619), 'classifier__xgbclassifier_2__reg_lambda': np.float64(0.00016451084621299056), 'classifier__xgbclassifier_2__scale_pos_weight': np.float64(1.9511056546717673), 'classifier__xgbclassifier_2__subsample': np.float64(0.6781975861403635), 'feature_selection_filter__k': 22}",40.390331745147705,"[1, 2, 3, 4, 5, 6, 7, 8, 9, 10, 11, 12, 14, 16, 17, 18, 19, 20, 21, 27, 28, 29]","['V1', 'V2', 'V3', 'V4', 'V5', 'V6', 'V7', 'V8', 'V9', 'V10', 'V11', 'V12', 'V14', 'V16', 'V17', 'V18', 'V19', 'V20', 'V21', 'V27', 'V28', 'Time_sin']"
CostSensitiveLearning___RandomizedSearchCV__niter_30__cv_5,2,10,VotingClassifier,resubstitution,392,22124,11,34,0.9980054075617215,0.9727047146401985,0.92018779342723,0.9457177322074789,0.9995030494691665,0.0004969505308335398,0.9598454214481982,0.9590258107135698,0.9450801095799145,0.9447025669736776,0.9998279868200999,0.9863396558105625,22561,0.9535193496203644,0.0034635293845097356,0.8976829585782602,0.02150992849014592,"{'classifier__extratreesclassifier_0__ccp_alpha': np.float64(0.005453580096672904), 'classifier__extratreesclassifier_0__max_depth': 5, 'classifier__extratreesclassifier_0__max_features': 'log2', 'classifier__extratreesclassifier_0__max_leaf_nodes': 18, 'classifier__extratreesclassifier_0__min_impurity_decrease': np.float64(0.01637722178249208), 'classifier__extratreesclassifier_0__min_samples_leaf': 9, 'classifier__extratreesclassifier_0__min_samples_split': 8, 'classifier__extratreesclassifier_0__n_estimators': 302, 'classifier__randomforestclassifier_1__ccp_alpha': np.float64(0.008327332464562815), 'classifier__randomforestclassifier_1__max_depth': 16, 'classifier__randomforestclassifier_1__max_features': 'sqrt', 'classifier__randomforestclassifier_1__max_leaf_nodes': 2, 'classifier__randomforestclassifier_1__max_samples': np.float64(0.8655242257042619), 'classifier__randomforestclassifier_1__min_impurity_decrease': np.float64(0.06884259713981154), 'classifier__randomforestclassifier_1__min_samples_leaf': 1, 'classifier__randomforestclassifier_1__min_samples_split': 4, 'classifier__randomforestclassifier_1__n_estimators': 695, 'classifier__xgbclassifier_2__colsample_bytree': np.float64(0.6842412180679687), 'classifier__xgbclassifier_2__gamma': np.float64(2.9782502171313507), 'classifier__xgbclassifier_2__learning_rate': np.float64(0.013672697796036368), 'classifier__xgbclassifier_2__max_delta_step': 3, 'classifier__xgbclassifier_2__max_depth': 5, 'classifier__xgbclassifier_2__min_child_weight': 4, 'classifier__xgbclassifier_2__n_estimators': 512, 'classifier__xgbclassifier_2__reg_alpha': np.float64(0.18236769866092248), 'classifier__xgbclassifier_2__reg_lambda': np.float64(0.7607010430489087), 'classifier__xgbclassifier_2__scale_pos_weight': np.float64(13.195291827959391), 'classifier__xgbclassifier_2__subsample': np.float64(0.7545666277947117), 'feature_selection_filter__k': 'all'}",73.68884348869324,"[0, 1, 2, 3, 4, 5, 6, 7, 8, 9, 10, 11, 12, 13, 14, 15, 16, 17, 18, 19, 20, 21, 22, 23, 24, 25, 26, 27, 28, 29, 30]","['Amount_log1p', 'V1', 'V2', 'V3', 'V4', 'V5', 'V6', 'V7', 'V8', 'V9', 'V10', 'V11', 'V12', 'V13', 'V14', 'V15', 'V16', 'V17', 'V18', 'V19', 'V20', 'V21', 'V22', 'V23', 'V24', 'V25', 'V26', 'V27', 'V28', 'Time_sin', 'Time_cos']"
CostSensitiveLearning___RandomizedSearchCV__niter_30__cv_5,3,1,VotingClassifier,resubstitution,391,22124,10,35,0.9980053191489362,0.9750623441396509,0.9178403755868545,0.9455864570737605,0.999548206379326,0.0004517936206740458,0.9586942909830902,0.9578234185696063,0.9450196039079912,0.9445714409263253,0.9999061414661274,0.994400975120367,22560,0.9473957344891847,0.0018664806171788833,0.9056998186862144,0.025672915770729738,"{'classifier__extratreesclassifier_0__ccp_alpha': np.float64(0.006589199630565798), 'classifier__extratreesclassifier_0__max_depth': 17, 'classifier__extratreesclassifier_0__max_features': 'sqrt', 'classifier__extratreesclassifier_0__max_leaf_nodes': 13, 'classifier__extratreesclassifier_0__min_impurity_decrease': np.float64(0.00044290898732043396), 'classifier__extratreesclassifier_0__min_samples_leaf': 7, 'classifier__extratreesclassifier_0__min_samples_split': 7, 'classifier__extratreesclassifier_0__n_estimators': 996, 'classifier__randomforestclassifier_1__ccp_alpha': np.float64(0.004496349213679928), 'classifier__randomforestclassifier_1__max_depth': 17, 'classifier__randomforestclassifier_1__max_features': 'log2', 'classifier__randomforestclassifier_1__max_leaf_nodes': 16, 'classifier__randomforestclassifier_1__max_samples': np.float64(0.5691445116971869), 'classifier__randomforestclassifier_1__min_impurity_decrease': np.float64(0.08031709196394748), 'classifier__randomforestclassifier_1__min_samples_leaf': 5, 'classifier__randomforestclassifier_1__min_samples_split': 7, 'classifier__randomforestclassifier_1__n_estimators': 962, 'classifier__xgbclassifier_2__colsample_bytree': np.float64(0.6026072680115456), 'classifier__xgbclassifier_2__gamma': np.float64(0.7979468147822605), 'classifier__xgbclassifier_2__learning_rate': np.float64(0.059621797163934585), 'classifier__xgbclassifier_2__max_delta_step': 5, 'classifier__xgbclassifier_2__max_depth': 5, 'classifier__xgbclassifier_2__min_child_weight': 5, 'classifier__xgbclassifier_2__n_estimators': 652, 'classifier__xgbclassifier_2__reg_alpha': np.float64(0.18332160993759616), 'classifier__xgbclassifier_2__reg_lambda': np.float64(0.1563409141060159), 'classifier__xgbclassifier_2__scale_pos_weight': np.float64(4.539045391997197), 'classifier__xgbclassifier_2__subsample': np.float64(0.8674463132932677), 'feature_selection_filter__k': 28}",59.18932318687439,"[0, 1, 2, 3, 4, 5, 6, 7, 8, 9, 10, 11, 12, 14, 16, 17, 18, 19, 20, 21, 22, 23, 24, 26, 27, 28, 29, 30]","['Amount_log1p', 'V1', 'V2', 'V3', 'V4', 'V5', 'V6', 'V7', 'V8', 'V9', 'V10', 'V11', 'V12', 'V14', 'V16', 'V17', 'V18', 'V19', 'V20', 'V21', 'V22', 'V23', 'V24', 'V26', 'V27', 'V28', 'Time_sin', 'Time_cos']"
CostSensitiveLearning___RandomizedSearchCV__niter_30__cv_5,3,2,VotingClassifier,resubstitution,377,22124,10,49,0.9973847517730496,0.9741602067183462,0.8849765258215962,0.9274292742927429,0.999548206379326,0.0004517936206740458,0.9422623661004611,0.9405193772978757,0.9272076839945163,0.9261007766347338,0.9969993903967767,0.9605106697846927,22560,0.9241666621326907,0.004296746294703131,0.9033921570592229,0.023565398208759955,"{'classifier__extratreesclassifier_0__ccp_alpha': np.float64(0.004977620084326586), 'classifier__extratreesclassifier_0__max_depth': 3, 'classifier__extratreesclassifier_0__max_features': 'sqrt', 'classifier__extratreesclassifier_0__max_leaf_nodes': 17, 'classifier__extratreesclassifier_0__min_impurity_decrease': np.float64(0.07620984295257376), 'classifier__extratreesclassifier_0__min_samples_leaf': 6, 'classifier__extratreesclassifier_0__min_samples_split': 2, 'classifier__extratreesclassifier_0__n_estimators': 153, 'classifier__randomforestclassifier_1__ccp_alpha': np.float64(0.0041485332075277105), 'classifier__randomforestclassifier_1__max_depth': 10, 'classifier__randomforestclassifier_1__max_features': 'sqrt', 'classifier__randomforestclassifier_1__max_leaf_nodes': 13, 'classifier__randomforestclassifier_1__max_samples': np.float64(0.7365322700180146), 'classifier__randomforestclassifier_1__min_impurity_decrease': np.float64(0.01493124221133254), 'classifier__randomforestclassifier_1__min_samples_leaf': 4, 'classifier__randomforestclassifier_1__min_samples_split': 3, 'classifier__randomforestclassifier_1__n_estimators': 752, 'classifier__xgbclassifier_2__colsample_bytree': np.float64(0.9424624663649934), 'classifier__xgbclassifier_2__gamma': np.float64(4.328020290530425), 'classifier__xgbclassifier_2__learning_rate': np.float64(0.05539322296495113), 'classifier__xgbclassifier_2__max_delta_step': 4, 'classifier__xgbclassifier_2__max_depth': 6, 'classifier__xgbclassifier_2__min_child_weight': 3, 'classifier__xgbclassifier_2__n_estimators': 555, 'classifier__xgbclassifier_2__reg_alpha': np.float64(0.0004364853442175985), 'classifier__xgbclassifier_2__reg_lambda': np.float64(0.061476854626609685), 'classifier__xgbclassifier_2__scale_pos_weight': np.float64(1.3153877408957615), 'classifier__xgbclassifier_2__subsample': np.float64(0.6143327511853108), 'feature_selection_filter__k': 'all'}",85.0966067314148,"[0, 1, 2, 3, 4, 5, 6, 7, 8, 9, 10, 11, 12, 13, 14, 15, 16, 17, 18, 19, 20, 21, 22, 23, 24, 25, 26, 27, 28, 29, 30]","['Amount_log1p', 'V1', 'V2', 'V3', 'V4', 'V5', 'V6', 'V7', 'V8', 'V9', 'V10', 'V11', 'V12', 'V13', 'V14', 'V15', 'V16', 'V17', 'V18', 'V19', 'V20', 'V21', 'V22', 'V23', 'V24', 'V25', 'V26', 'V27', 'V28', 'Time_sin', 'Time_cos']"
CostSensitiveLearning___RandomizedSearchCV__niter_30__cv_5,3,3,VotingClassifier,resubstitution,419,22124,10,7,0.9992464539007092,0.9766899766899767,0.9835680751173709,0.9801169590643275,0.999548206379326,0.0004517936206740458,0.9915581407483485,0.9915259478881701,0.9797391795507748,0.979732913279571,0.9999372155344038,0.9964561447019339,22560,0.9795115067945274,0.004374553506375354,0.9009229586718572,0.021867197119854555,"{'classifier__extratreesclassifier_0__ccp_alpha': np.float64(0.004929785051928999), 'classifier__extratreesclassifier_0__max_depth': 12, 'classifier__extratreesclassifier_0__max_features': 'sqrt', 'classifier__extratreesclassifier_0__max_leaf_nodes': 2, 'classifier__extratreesclassifier_0__min_impurity_decrease': np.float64(0.04598987600318888), 'classifier__extratreesclassifier_0__min_samples_leaf': 6, 'classifier__extratreesclassifier_0__min_samples_split': 9, 'classifier__extratreesclassifier_0__n_estimators': 522, 'classifier__randomforestclassifier_1__ccp_alpha': np.float64(0.0056587657521846415), 'classifier__randomforestclassifier_1__max_depth': 6, 'classifier__randomforestclassifier_1__max_features': 'sqrt', 'classifier__randomforestclassifier_1__max_leaf_nodes': 13, 'classifier__randomforestclassifier_1__max_samples': np.float64(0.5229149952729659), 'classifier__randomforestclassifier_1__min_impurity_decrease': np.float64(0.03679415629722155), 'classifier__randomforestclassifier_1__min_samples_leaf': 7, 'classifier__randomforestclassifier_1__min_samples_split': 7, 'classifier__randomforestclassifier_1__n_estimators': 391, 'classifier__xgbclassifier_2__colsample_bytree': np.float64(0.743216208425006), 'classifier__xgbclassifier_2__gamma': np.float64(2.2873086972369476), 'classifier__xgbclassifier_2__learning_rate': np.float64(0.06477608501395114), 'classifier__xgbclassifier_2__max_delta_step': 2, 'classifier__xgbclassifier_2__max_depth': 5, 'classifier__xgbclassifier_2__min_child_weight': 2, 'classifier__xgbclassifier_2__n_estimators': 522, 'classifier__xgbclassifier_2__reg_alpha': np.float64(0.2657594275302189), 'classifier__xgbclassifier_2__reg_lambda': np.float64(0.00013737946446628653), 'classifier__xgbclassifier_2__scale_pos_weight': np.float64(11.188246794184339), 'classifier__xgbclassifier_2__subsample': np.float64(0.7233458926840746), 'feature_selection_filter__k': 'all'}",54.47939991950989,"[0, 1, 2, 3, 4, 5, 6, 7, 8, 9, 10, 11, 12, 13, 14, 15, 16, 17, 18, 19, 20, 21, 22, 23, 24, 25, 26, 27, 28, 29, 30]","['Amount_log1p', 'V1', 'V2', 'V3', 'V4', 'V5', 'V6', 'V7', 'V8', 'V9', 'V10', 'V11', 'V12', 'V13', 'V14', 'V15', 'V16', 'V17', 'V18', 'V19', 'V20', 'V21', 'V22', 'V23', 'V24', 'V25', 'V26', 'V27', 'V28', 'Time_sin', 'Time_cos']"
CostSensitiveLearning___RandomizedSearchCV__niter_30__cv_5,3,4,VotingClassifier,resubstitution,385,22123,11,41,0.9976950354609929,0.9722222222222222,0.903755868544601,0.9367396593673966,0.9995030270172586,0.0004969729827414282,0.9516294477809297,0.9504244979454919,0.9362144414021791,0.9355673840199731,0.9998611742137412,0.9901560678956218,22560,0.9362342511660975,0.006742802550872275,0.9018659121871299,0.030319258507310737,"{'classifier__extratreesclassifier_0__ccp_alpha': np.float64(0.006449036673548667), 'classifier__extratreesclassifier_0__max_depth': 11, 'classifier__extratreesclassifier_0__max_features': 'log2', 'classifier__extratreesclassifier_0__max_leaf_nodes': 6, 'classifier__extratreesclassifier_0__min_impurity_decrease': np.float64(0.02586777624463791), 'classifier__extratreesclassifier_0__min_samples_leaf': 6, 'classifier__extratreesclassifier_0__min_samples_split': 2, 'classifier__extratreesclassifier_0__n_estimators': 315, 'classifier__randomforestclassifier_1__ccp_alpha': np.float64(0.0014036154904640697), 'classifier__randomforestclassifier_1__max_depth': 6, 'classifier__randomforestclassifier_1__max_features': 'log2', 'classifier__randomforestclassifier_1__max_leaf_nodes': 15, 'classifier__randomforestclassifier_1__max_samples': np.float64(0.5026072678965062), 'classifier__randomforestclassifier_1__min_impurity_decrease': np.float64(0.047400816829829696), 'classifier__randomforestclassifier_1__min_samples_leaf': 4, 'classifier__randomforestclassifier_1__min_samples_split': 3, 'classifier__randomforestclassifier_1__n_estimators': 236, 'classifier__xgbclassifier_2__colsample_bytree': np.float64(0.6328566712811138), 'classifier__xgbclassifier_2__gamma': np.float64(1.8973839648737996), 'classifier__xgbclassifier_2__learning_rate': np.float64(0.09785256274225274), 'classifier__xgbclassifier_2__max_delta_step': 5, 'classifier__xgbclassifier_2__max_depth': 8, 'classifier__xgbclassifier_2__min_child_weight': 8, 'classifier__xgbclassifier_2__n_estimators': 501, 'classifier__xgbclassifier_2__reg_alpha': np.float64(0.00035089156972425165), 'classifier__xgbclassifier_2__reg_lambda': np.float64(1.012855349690557), 'classifier__xgbclassifier_2__scale_pos_weight': np.float64(2.2299238514415625), 'classifier__xgbclassifier_2__subsample': np.float64(0.7408170934614745), 'feature_selection_filter__k': 'all'}",51.45638942718506,"[0, 1, 2, 3, 4, 5, 6, 7, 8, 9, 10, 11, 12, 13, 14, 15, 16, 17, 18, 19, 20, 21, 22, 23, 24, 25, 26, 27, 28, 29, 30]","['Amount_log1p', 'V1', 'V2', 'V3', 'V4', 'V5', 'V6', 'V7', 'V8', 'V9', 'V10', 'V11', 'V12', 'V13', 'V14', 'V15', 'V16', 'V17', 'V18', 'V19', 'V20', 'V21', 'V22', 'V23', 'V24', 'V25', 'V26', 'V27', 'V28', 'Time_sin', 'Time_cos']"
CostSensitiveLearning___RandomizedSearchCV__niter_30__cv_5,3,5,VotingClassifier,resubstitution,393,22127,8,32,0.99822695035461,0.9800498753117207,0.9247058823529412,0.9515738498789347,0.999638581432121,0.0003614185678789683,0.9621722318925311,0.961442497748686,0.9510882308130202,0.9506715696269373,0.9999486573034455,0.9971783285326112,22560,0.9484184914869939,0.0026105833250676265,0.9018491127513137,0.02579622820456225,"{'classifier__extratreesclassifier_0__ccp_alpha': np.float64(0.0013184568698238342), 'classifier__extratreesclassifier_0__max_depth': 13, 'classifier__extratreesclassifier_0__max_features': 'sqrt', 'classifier__extratreesclassifier_0__max_leaf_nodes': 5, 'classifier__extratreesclassifier_0__min_impurity_decrease': np.float64(0.0750784827667582), 'classifier__extratreesclassifier_0__min_samples_leaf': 9, 'classifier__extratreesclassifier_0__min_samples_split': 7, 'classifier__extratreesclassifier_0__n_estimators': 572, 'classifier__randomforestclassifier_1__ccp_alpha': np.float64(0.0036195656633774254), 'classifier__randomforestclassifier_1__max_depth': 16, 'classifier__randomforestclassifier_1__max_features': 'sqrt', 'classifier__randomforestclassifier_1__max_leaf_nodes': 14, 'classifier__randomforestclassifier_1__max_samples': np.float64(0.6488468191530063), 'classifier__randomforestclassifier_1__min_impurity_decrease': np.float64(0.05948170145312057), 'classifier__randomforestclassifier_1__min_samples_leaf': 5, 'classifier__randomforestclassifier_1__min_samples_split': 6, 'classifier__randomforestclassifier_1__n_estimators': 550, 'classifier__xgbclassifier_2__colsample_bytree': np.float64(0.9257235392662996), 'classifier__xgbclassifier_2__gamma': np.float64(0.19687643024035473), 'classifier__xgbclassifier_2__learning_rate': np.float64(0.0587827342104341), 'classifier__xgbclassifier_2__max_delta_step': 3, 'classifier__xgbclassifier_2__max_depth': 5, 'classifier__xgbclassifier_2__min_child_weight': 7, 'classifier__xgbclassifier_2__n_estimators': 578, 'classifier__xgbclassifier_2__reg_alpha': np.float64(0.0035918631200960935), 'classifier__xgbclassifier_2__reg_lambda': np.float64(3.466603135230922), 'classifier__xgbclassifier_2__scale_pos_weight': np.float64(1.7671574867087143), 'classifier__xgbclassifier_2__subsample': np.float64(0.9274704721167857), 'feature_selection_filter__k': 'all'}",53.23018193244934,"[0, 1, 2, 3, 4, 5, 6, 7, 8, 9, 10, 11, 12, 13, 14, 15, 16, 17, 18, 19, 20, 21, 22, 23, 24, 25, 26, 27, 28, 29, 30]","['Amount_log1p', 'V1', 'V2', 'V3', 'V4', 'V5', 'V6', 'V7', 'V8', 'V9', 'V10', 'V11', 'V12', 'V13', 'V14', 'V15', 'V16', 'V17', 'V18', 'V19', 'V20', 'V21', 'V22', 'V23', 'V24', 'V25', 'V26', 'V27', 'V28', 'Time_sin', 'Time_cos']"
CostSensitiveLearning___RandomizedSearchCV__niter_30__cv_5,3,6,VotingClassifier,resubstitution,388,22125,10,37,0.9979166666666667,0.9748743718592965,0.9129411764705883,0.9428918590522479,0.9995482267901513,0.00045177320984868263,0.9562447016303698,0.9552636987266349,0.9423582707751944,0.9418320022733532,0.9997563613654181,0.983024485480053,22560,0.9413755537409255,0.005305848101081616,0.8958066571906637,0.024734932830699094,"{'classifier__extratreesclassifier_0__ccp_alpha': np.float64(0.005458514299349786), 'classifier__extratreesclassifier_0__max_depth': 13, 'classifier__extratreesclassifier_0__max_features': 'log2', 'classifier__extratreesclassifier_0__max_leaf_nodes': 9, 'classifier__extratreesclassifier_0__min_impurity_decrease': np.float64(0.06210095758109675), 'classifier__extratreesclassifier_0__min_samples_leaf': 4, 'classifier__extratreesclassifier_0__min_samples_split': 8, 'classifier__extratreesclassifier_0__n_estimators': 573, 'classifier__randomforestclassifier_1__ccp_alpha': np.float64(0.001484338731553394), 'classifier__randomforestclassifier_1__max_depth': 11, 'classifier__randomforestclassifier_1__max_features': 'log2', 'classifier__randomforestclassifier_1__max_leaf_nodes': 5, 'classifier__randomforestclassifier_1__max_samples': np.float64(0.8317035259213903), 'classifier__randomforestclassifier_1__min_impurity_decrease': np.float64(0.05148931728401099), 'classifier__randomforestclassifier_1__min_samples_leaf': 8, 'classifier__randomforestclassifier_1__min_samples_split': 8, 'classifier__randomforestclassifier_1__n_estimators': 645, 'classifier__xgbclassifier_2__colsample_bytree': np.float64(0.6598146716209551), 'classifier__xgbclassifier_2__gamma': np.float64(2.649399049127028), 'classifier__xgbclassifier_2__learning_rate': np.float64(0.05677068269926739), 'classifier__xgbclassifier_2__max_delta_step': 7, 'classifier__xgbclassifier_2__max_depth': 5, 'classifier__xgbclassifier_2__min_child_weight': 6, 'classifier__xgbclassifier_2__n_estimators': 682, 'classifier__xgbclassifier_2__reg_alpha': np.float64(1.616246284265123), 'classifier__xgbclassifier_2__reg_lambda': np.float64(0.33431678794609637), 'classifier__xgbclassifier_2__scale_pos_weight': np.float64(4.436279648113045), 'classifier__xgbclassifier_2__subsample': np.float64(0.8558030263473343), 'feature_selection_filter__k': 20}",73.73636269569397,"[1, 2, 3, 4, 5, 6, 7, 8, 9, 10, 11, 12, 14, 16, 17, 18, 19, 20, 21, 27]","['V1', 'V2', 'V3', 'V4', 'V5', 'V6', 'V7', 'V8', 'V9', 'V10', 'V11', 'V12', 'V14', 'V16', 'V17', 'V18', 'V19', 'V20', 'V21', 'V27']"
CostSensitiveLearning___RandomizedSearchCV__niter_30__cv_5,3,7,VotingClassifier,resubstitution,393,22129,6,32,0.9983156028368795,0.9849624060150376,0.9247058823529412,0.9538834951456311,0.9997289360740909,0.00027106392590914297,0.9622174092135161,0.9614859478672371,0.9535191027315439,0.953026499852879,0.9999415352316666,0.9967621482148427,22560,0.9526042467857426,0.0029077886979271177,0.8998456947560444,0.022306748427848962,"{'classifier__extratreesclassifier_0__ccp_alpha': np.float64(0.005146324303557551), 'classifier__extratreesclassifier_0__max_depth': 17, 'classifier__extratreesclassifier_0__max_features': 'sqrt', 'classifier__extratreesclassifier_0__max_leaf_nodes': 2, 'classifier__extratreesclassifier_0__min_impurity_decrease': np.float64(0.09069639178272386), 'classifier__extratreesclassifier_0__min_samples_leaf': 6, 'classifier__extratreesclassifier_0__min_samples_split': 8, 'classifier__extratreesclassifier_0__n_estimators': 217, 'classifier__randomforestclassifier_1__ccp_alpha': np.float64(0.009418541286469866), 'classifier__randomforestclassifier_1__max_depth': 11, 'classifier__randomforestclassifier_1__max_features': 'log2', 'classifier__randomforestclassifier_1__max_leaf_nodes': 6, 'classifier__randomforestclassifier_1__max_samples': np.float64(0.7303209002264118), 'classifier__randomforestclassifier_1__min_impurity_decrease': np.float64(0.08628985190874346), 'classifier__randomforestclassifier_1__min_samples_leaf': 3, 'classifier__randomforestclassifier_1__min_samples_split': 4, 'classifier__randomforestclassifier_1__n_estimators': 379, 'classifier__xgbclassifier_2__colsample_bytree': np.float64(0.917510638293674), 'classifier__xgbclassifier_2__gamma': np.float64(1.0005135813899817), 'classifier__xgbclassifier_2__learning_rate': np.float64(0.17884391367998798), 'classifier__xgbclassifier_2__max_delta_step': 8, 'classifier__xgbclassifier_2__max_depth': 4, 'classifier__xgbclassifier_2__min_child_weight': 3, 'classifier__xgbclassifier_2__n_estimators': 704, 'classifier__xgbclassifier_2__reg_alpha': np.float64(0.00017979479018278657), 'classifier__xgbclassifier_2__reg_lambda': np.float64(1.6649731218457122), 'classifier__xgbclassifier_2__scale_pos_weight': np.float64(1.516014852470767), 'classifier__xgbclassifier_2__subsample': np.float64(0.8736334240654339), 'feature_selection_filter__k': 26}",55.295900106430054,"[0, 1, 2, 3, 4, 5, 6, 7, 8, 9, 10, 11, 12, 14, 16, 17, 18, 19, 20, 21, 23, 24, 27, 28, 29, 30]","['Amount_log1p', 'V1', 'V2', 'V3', 'V4', 'V5', 'V6', 'V7', 'V8', 'V9', 'V10', 'V11', 'V12', 'V14', 'V16', 'V17', 'V18', 'V19', 'V20', 'V21', 'V23', 'V24', 'V27', 'V28', 'Time_sin', 'Time_cos']"
CostSensitiveLearning___RandomizedSearchCV__niter_30__cv_5,3,8,VotingClassifier,resubstitution,389,22124,11,37,0.997872434732503,0.9725,0.9131455399061033,0.9418886198547215,0.9995030494691665,0.0004969505308335398,0.9563242946876349,0.9553490209056158,0.9412900696986299,0.9408060942182567,0.9998272444697551,0.9884622912510427,22561,0.9438100424096685,0.0021300212436452704,0.9017465030484362,0.02072003641572912,"{'classifier__extratreesclassifier_0__ccp_alpha': np.float64(0.009507765413966168), 'classifier__extratreesclassifier_0__max_depth': 3, 'classifier__extratreesclassifier_0__max_features': 'log2', 'classifier__extratreesclassifier_0__max_leaf_nodes': 8, 'classifier__extratreesclassifier_0__min_impurity_decrease': np.float64(0.013882492995291908), 'classifier__extratreesclassifier_0__min_samples_leaf': 6, 'classifier__extratreesclassifier_0__min_samples_split': 8, 'classifier__extratreesclassifier_0__n_estimators': 919, 'classifier__randomforestclassifier_1__ccp_alpha': np.float64(0.008877014400448304), 'classifier__randomforestclassifier_1__max_depth': 6, 'classifier__randomforestclassifier_1__max_features': 'log2', 'classifier__randomforestclassifier_1__max_leaf_nodes': 13, 'classifier__randomforestclassifier_1__max_samples': np.float64(0.8609557525637475), 'classifier__randomforestclassifier_1__min_impurity_decrease': np.float64(0.05955993339541676), 'classifier__randomforestclassifier_1__min_samples_leaf': 4, 'classifier__randomforestclassifier_1__min_samples_split': 8, 'classifier__randomforestclassifier_1__n_estimators': 789, 'classifier__xgbclassifier_2__colsample_bytree': np.float64(0.8500298795985839), 'classifier__xgbclassifier_2__gamma': np.float64(3.6917752300043762), 'classifier__xgbclassifier_2__learning_rate': np.float64(0.054565292899619186), 'classifier__xgbclassifier_2__max_delta_step': 4, 'classifier__xgbclassifier_2__max_depth': 3, 'classifier__xgbclassifier_2__min_child_weight': 3, 'classifier__xgbclassifier_2__n_estimators': 446, 'classifier__xgbclassifier_2__reg_alpha': np.float64(0.0015425951022419399), 'classifier__xgbclassifier_2__reg_lambda': np.float64(0.004933531864377905), 'classifier__xgbclassifier_2__scale_pos_weight': np.float64(4.279134719605354), 'classifier__xgbclassifier_2__subsample': np.float64(0.6724479016699517), 'feature_selection_filter__k': 'all'}",64.44407200813293,"[0, 1, 2, 3, 4, 5, 6, 7, 8, 9, 10, 11, 12, 13, 14, 15, 16, 17, 18, 19, 20, 21, 22, 23, 24, 25, 26, 27, 28, 29, 30]","['Amount_log1p', 'V1', 'V2', 'V3', 'V4', 'V5', 'V6', 'V7', 'V8', 'V9', 'V10', 'V11', 'V12', 'V13', 'V14', 'V15', 'V16', 'V17', 'V18', 'V19', 'V20', 'V21', 'V22', 'V23', 'V24', 'V25', 'V26', 'V27', 'V28', 'Time_sin', 'Time_cos']"
CostSensitiveLearning___RandomizedSearchCV__niter_30__cv_5,3,9,VotingClassifier,resubstitution,394,22121,14,32,0.9979610832853154,0.9656862745098039,0.9248826291079812,0.9448441247002398,0.9993675175062119,0.0006324824937881113,0.9621250733070965,0.9614040030269594,0.9440342164438991,0.9438059615584751,0.9997709318935979,0.9805867305290926,22561,0.9463255782263434,0.0034864018362370515,0.9014123133357478,0.01944950339569337,"{'classifier__extratreesclassifier_0__ccp_alpha': np.float64(0.006955872466958699), 'classifier__extratreesclassifier_0__max_depth': 8, 'classifier__extratreesclassifier_0__max_features': 'sqrt', 'classifier__extratreesclassifier_0__max_leaf_nodes': 5, 'classifier__extratreesclassifier_0__min_impurity_decrease': np.float64(0.05593270637665835), 'classifier__extratreesclassifier_0__min_samples_leaf': 5, 'classifier__extratreesclassifier_0__min_samples_split': 5, 'classifier__extratreesclassifier_0__n_estimators': 970, 'classifier__randomforestclassifier_1__ccp_alpha': np.float64(0.0015485861315355897), 'classifier__randomforestclassifier_1__max_depth': 14, 'classifier__randomforestclassifier_1__max_features': 'log2', 'classifier__randomforestclassifier_1__max_leaf_nodes': 11, 'classifier__randomforestclassifier_1__max_samples': np.float64(0.5560569506360753), 'classifier__randomforestclassifier_1__min_impurity_decrease': np.float64(0.08991634068743952), 'classifier__randomforestclassifier_1__min_samples_leaf': 4, 'classifier__randomforestclassifier_1__min_samples_split': 9, 'classifier__randomforestclassifier_1__n_estimators': 739, 'classifier__xgbclassifier_2__colsample_bytree': np.float64(0.7341768664162154), 'classifier__xgbclassifier_2__gamma': np.float64(1.4919441461142253), 'classifier__xgbclassifier_2__learning_rate': np.float64(0.08033114392652448), 'classifier__xgbclassifier_2__max_delta_step': 0, 'classifier__xgbclassifier_2__max_depth': 5, 'classifier__xgbclassifier_2__min_child_weight': 2, 'classifier__xgbclassifier_2__n_estimators': 220, 'classifier__xgbclassifier_2__reg_alpha': np.float64(8.637495066491065), 'classifier__xgbclassifier_2__reg_lambda': np.float64(3.900557314930215), 'classifier__xgbclassifier_2__scale_pos_weight': np.float64(8.955352170702797), 'classifier__xgbclassifier_2__subsample': np.float64(0.6872593632852162), 'feature_selection_filter__k': 'all'}",55.50781536102295,"[0, 1, 2, 3, 4, 5, 6, 7, 8, 9, 10, 11, 12, 13, 14, 15, 16, 17, 18, 19, 20, 21, 22, 23, 24, 25, 26, 27, 28, 29, 30]","['Amount_log1p', 'V1', 'V2', 'V3', 'V4', 'V5', 'V6', 'V7', 'V8', 'V9', 'V10', 'V11', 'V12', 'V13', 'V14', 'V15', 'V16', 'V17', 'V18', 'V19', 'V20', 'V21', 'V22', 'V23', 'V24', 'V25', 'V26', 'V27', 'V28', 'Time_sin', 'Time_cos']"
CostSensitiveLearning___RandomizedSearchCV__niter_30__cv_5,3,10,VotingClassifier,resubstitution,426,22130,5,0,0.999778378617969,0.988399071925754,1.0,0.9941656942823804,0.9997741133950757,0.0002258866049242858,0.9998870566975379,0.9998870503187226,0.9940703223691403,0.9940527421416507,0.9999738056378328,0.9985407580671998,22561,0.9921209985232634,0.003652238227368479,0.9042429123026896,0.020477648959896982,"{'classifier__extratreesclassifier_0__ccp_alpha': np.float64(0.004639716744280531), 'classifier__extratreesclassifier_0__max_depth': 11, 'classifier__extratreesclassifier_0__max_features': 'sqrt', 'classifier__extratreesclassifier_0__max_leaf_nodes': 13, 'classifier__extratreesclassifier_0__min_impurity_decrease': np.float64(0.041805102269546014), 'classifier__extratreesclassifier_0__min_samples_leaf': 6, 'classifier__extratreesclassifier_0__min_samples_split': 6, 'classifier__extratreesclassifier_0__n_estimators': 262, 'classifier__randomforestclassifier_1__ccp_alpha': np.float64(0.0035326376977504372), 'classifier__randomforestclassifier_1__max_depth': 18, 'classifier__randomforestclassifier_1__max_features': 'sqrt', 'classifier__randomforestclassifier_1__max_leaf_nodes': 4, 'classifier__randomforestclassifier_1__max_samples': np.float64(0.6472317813134978), 'classifier__randomforestclassifier_1__min_impurity_decrease': np.float64(0.07118413453357438), 'classifier__randomforestclassifier_1__min_samples_leaf': 9, 'classifier__randomforestclassifier_1__min_samples_split': 4, 'classifier__randomforestclassifier_1__n_estimators': 449, 'classifier__xgbclassifier_2__colsample_bytree': np.float64(0.9124144170293164), 'classifier__xgbclassifier_2__gamma': np.float64(0.28068492695520697), 'classifier__xgbclassifier_2__learning_rate': np.float64(0.11850846799493502), 'classifier__xgbclassifier_2__max_delta_step': 7, 'classifier__xgbclassifier_2__max_depth': 4, 'classifier__xgbclassifier_2__min_child_weight': 4, 'classifier__xgbclassifier_2__n_estimators': 742, 'classifier__xgbclassifier_2__reg_alpha': np.float64(0.00015563615411302007), 'classifier__xgbclassifier_2__reg_lambda': np.float64(0.0006761552670527645), 'classifier__xgbclassifier_2__scale_pos_weight': np.float64(41.51423959580398), 'classifier__xgbclassifier_2__subsample': np.float64(0.9293676454558226), 'feature_selection_filter__k': 28}",66.42369985580444,"[0, 1, 2, 3, 4, 5, 6, 7, 8, 9, 10, 11, 12, 13, 14, 16, 17, 18, 19, 20, 21, 22, 23, 24, 27, 28, 29, 30]","['Amount_log1p', 'V1', 'V2', 'V3', 'V4', 'V5', 'V6', 'V7', 'V8', 'V9', 'V10', 'V11', 'V12', 'V13', 'V14', 'V16', 'V17', 'V18', 'V19', 'V20', 'V21', 'V22', 'V23', 'V24', 'V27', 'V28', 'Time_sin', 'Time_cos']"
CostSensitiveLearning___RandomizedSearchCV__niter_30__cv_5,4,1,VotingClassifier,resubstitution,416,22129,5,10,0.9993351063829787,0.9881235154394299,0.9765258215962441,0.9822904368358913,0.999774103189663,0.0002258968103370229,0.9881499623929535,0.9880815895096587,0.9819694126306856,0.9819516419205757,0.9999725317963017,0.9984902124655649,22560,0.9834945522178474,0.004436989922812952,0.9025520020275108,0.014512778165253051,"{'classifier__extratreesclassifier_0__ccp_alpha': np.float64(0.008710222734652256), 'classifier__extratreesclassifier_0__max_depth': 10, 'classifier__extratreesclassifier_0__max_features': 'sqrt', 'classifier__extratreesclassifier_0__max_leaf_nodes': 2, 'classifier__extratreesclassifier_0__min_impurity_decrease': np.float64(0.06816836746601092), 'classifier__extratreesclassifier_0__min_samples_leaf': 8, 'classifier__extratreesclassifier_0__min_samples_split': 3, 'classifier__extratreesclassifier_0__n_estimators': 506, 'classifier__randomforestclassifier_1__ccp_alpha': np.float64(0.007141261789032397), 'classifier__randomforestclassifier_1__max_depth': 8, 'classifier__randomforestclassifier_1__max_features': 'log2', 'classifier__randomforestclassifier_1__max_leaf_nodes': 10, 'classifier__randomforestclassifier_1__max_samples': np.float64(0.5069731431123702), 'classifier__randomforestclassifier_1__min_impurity_decrease': np.float64(0.03223656726804101), 'classifier__randomforestclassifier_1__min_samples_leaf': 7, 'classifier__randomforestclassifier_1__min_samples_split': 8, 'classifier__randomforestclassifier_1__n_estimators': 305, 'classifier__xgbclassifier_2__colsample_bytree': np.float64(0.8952313892874508), 'classifier__xgbclassifier_2__gamma': np.float64(0.6563702425003792), 'classifier__xgbclassifier_2__learning_rate': np.float64(0.16411522742148152), 'classifier__xgbclassifier_2__max_delta_step': 4, 'classifier__xgbclassifier_2__max_depth': 3, 'classifier__xgbclassifier_2__min_child_weight': 1, 'classifier__xgbclassifier_2__n_estimators': 712, 'classifier__xgbclassifier_2__reg_alpha': np.float64(0.05228015558447528), 'classifier__xgbclassifier_2__reg_lambda': np.float64(0.0007201996952463109), 'classifier__xgbclassifier_2__scale_pos_weight': np.float64(4.296140902014146), 'classifier__xgbclassifier_2__subsample': np.float64(0.9457341895376151), 'feature_selection_filter__k': 24}",42.9935519695282,"[1, 2, 3, 4, 5, 6, 7, 8, 9, 10, 11, 12, 14, 16, 17, 18, 19, 20, 21, 23, 24, 27, 28, 29]","['V1', 'V2', 'V3', 'V4', 'V5', 'V6', 'V7', 'V8', 'V9', 'V10', 'V11', 'V12', 'V14', 'V16', 'V17', 'V18', 'V19', 'V20', 'V21', 'V23', 'V24', 'V27', 'V28', 'Time_sin']"
CostSensitiveLearning___RandomizedSearchCV__niter_30__cv_5,4,2,VotingClassifier,resubstitution,387,22123,11,39,0.9977836879432624,0.9723618090452262,0.9084507042253521,0.9393203883495146,0.9995030270172586,0.0004969729827414282,0.9539768656213053,0.9528899352859174,0.9387554227989486,0.9381929458425551,0.9998169493452387,0.9879502042711317,22560,0.9395267946700269,0.004190652593525483,0.9024138593816305,0.015604904989412607,"{'classifier__extratreesclassifier_0__ccp_alpha': np.float64(0.007948649427863524), 'classifier__extratreesclassifier_0__max_depth': 12, 'classifier__extratreesclassifier_0__max_features': 'log2', 'classifier__extratreesclassifier_0__max_leaf_nodes': 12, 'classifier__extratreesclassifier_0__min_impurity_decrease': np.float64(0.02305025259620074), 'classifier__extratreesclassifier_0__min_samples_leaf': 1, 'classifier__extratreesclassifier_0__min_samples_split': 4, 'classifier__extratreesclassifier_0__n_estimators': 975, 'classifier__randomforestclassifier_1__ccp_alpha': np.float64(0.0019147011444110872), 'classifier__randomforestclassifier_1__max_depth': 8, 'classifier__randomforestclassifier_1__max_features': 'sqrt', 'classifier__randomforestclassifier_1__max_leaf_nodes': 17, 'classifier__randomforestclassifier_1__max_samples': np.float64(0.7094915014006744), 'classifier__randomforestclassifier_1__min_impurity_decrease': np.float64(0.05853544120716467), 'classifier__randomforestclassifier_1__min_samples_leaf': 2, 'classifier__randomforestclassifier_1__min_samples_split': 5, 'classifier__randomforestclassifier_1__n_estimators': 481, 'classifier__xgbclassifier_2__colsample_bytree': np.float64(0.8568379118689731), 'classifier__xgbclassifier_2__gamma': np.float64(4.471839253086067), 'classifier__xgbclassifier_2__learning_rate': np.float64(0.15641105934337676), 'classifier__xgbclassifier_2__max_delta_step': 7, 'classifier__xgbclassifier_2__max_depth': 3, 'classifier__xgbclassifier_2__min_child_weight': 2, 'classifier__xgbclassifier_2__n_estimators': 758, 'classifier__xgbclassifier_2__reg_alpha': np.float64(0.0019317653359538218), 'classifier__xgbclassifier_2__reg_lambda': np.float64(0.9052778745843904), 'classifier__xgbclassifier_2__scale_pos_weight': np.float64(3.2527484557231903), 'classifier__xgbclassifier_2__subsample': np.float64(0.7483566012304919), 'feature_selection_filter__k': 'all'}",52.78344774246216,"[0, 1, 2, 3, 4, 5, 6, 7, 8, 9, 10, 11, 12, 13, 14, 15, 16, 17, 18, 19, 20, 21, 22, 23, 24, 25, 26, 27, 28, 29, 30]","['Amount_log1p', 'V1', 'V2', 'V3', 'V4', 'V5', 'V6', 'V7', 'V8', 'V9', 'V10', 'V11', 'V12', 'V13', 'V14', 'V15', 'V16', 'V17', 'V18', 'V19', 'V20', 'V21', 'V22', 'V23', 'V24', 'V25', 'V26', 'V27', 'V28', 'Time_sin', 'Time_cos']"
CostSensitiveLearning___RandomizedSearchCV__niter_30__cv_5,4,3,VotingClassifier,resubstitution,389,22125,9,37,0.9979609929078014,0.9773869346733668,0.9131455399061033,0.9441747572815534,0.9995933857413933,0.00040661425860666345,0.9563694628237482,0.9553921927195106,0.9437029515574747,0.9431375101751507,0.9998671132848111,0.9926927964522136,22560,0.940778272179165,0.0022830657289472068,0.8965928095700282,0.032295741938115276,"{'classifier__extratreesclassifier_0__ccp_alpha': np.float64(0.00044359954474696654), 'classifier__extratreesclassifier_0__max_depth': 4, 'classifier__extratreesclassifier_0__max_features': 'log2', 'classifier__extratreesclassifier_0__max_leaf_nodes': 6, 'classifier__extratreesclassifier_0__min_impurity_decrease': np.float64(0.012505142188188623), 'classifier__extratreesclassifier_0__min_samples_leaf': 1, 'classifier__extratreesclassifier_0__min_samples_split': 7, 'classifier__extratreesclassifier_0__n_estimators': 889, 'classifier__randomforestclassifier_1__ccp_alpha': np.float64(0.007164428801699996), 'classifier__randomforestclassifier_1__max_depth': 16, 'classifier__randomforestclassifier_1__max_features': 'log2', 'classifier__randomforestclassifier_1__max_leaf_nodes': 4, 'classifier__randomforestclassifier_1__max_samples': np.float64(0.899935051221622), 'classifier__randomforestclassifier_1__min_impurity_decrease': np.float64(0.0093908781373917), 'classifier__randomforestclassifier_1__min_samples_leaf': 2, 'classifier__randomforestclassifier_1__min_samples_split': 2, 'classifier__randomforestclassifier_1__n_estimators': 644, 'classifier__xgbclassifier_2__colsample_bytree': np.float64(0.9362714884958231), 'classifier__xgbclassifier_2__gamma': np.float64(1.3590363645116272), 'classifier__xgbclassifier_2__learning_rate': np.float64(0.17973788995581685), 'classifier__xgbclassifier_2__max_delta_step': 2, 'classifier__xgbclassifier_2__max_depth': 5, 'classifier__xgbclassifier_2__min_child_weight': 8, 'classifier__xgbclassifier_2__n_estimators': 520, 'classifier__xgbclassifier_2__reg_alpha': np.float64(1.401846716195503), 'classifier__xgbclassifier_2__reg_lambda': np.float64(0.2673334697785242), 'classifier__xgbclassifier_2__scale_pos_weight': np.float64(2.241890839938538), 'classifier__xgbclassifier_2__subsample': np.float64(0.8192094941299894), 'feature_selection_filter__k': 28}",69.02856874465942,"[0, 1, 2, 3, 4, 5, 6, 7, 8, 9, 10, 11, 12, 14, 16, 17, 18, 19, 20, 21, 22, 23, 24, 26, 27, 28, 29, 30]","['Amount_log1p', 'V1', 'V2', 'V3', 'V4', 'V5', 'V6', 'V7', 'V8', 'V9', 'V10', 'V11', 'V12', 'V14', 'V16', 'V17', 'V18', 'V19', 'V20', 'V21', 'V22', 'V23', 'V24', 'V26', 'V27', 'V28', 'Time_sin', 'Time_cos']"
CostSensitiveLearning___RandomizedSearchCV__niter_30__cv_5,4,4,VotingClassifier,resubstitution,380,22124,10,46,0.9975177304964539,0.9743589743589743,0.892018779342723,0.9313725490196079,0.999548206379326,0.0004517936206740458,0.9457834928610245,0.9442540817749715,0.9310512353659108,0.9301110602168097,0.9995013831672303,0.9829282096234876,22560,0.9326013109057513,0.006035559960692002,0.9030978038828426,0.012075440555079933,"{'classifier__extratreesclassifier_0__ccp_alpha': np.float64(0.007153471675627108), 'classifier__extratreesclassifier_0__max_depth': 10, 'classifier__extratreesclassifier_0__max_features': 'sqrt', 'classifier__extratreesclassifier_0__max_leaf_nodes': 6, 'classifier__extratreesclassifier_0__min_impurity_decrease': np.float64(0.09356423901195421), 'classifier__extratreesclassifier_0__min_samples_leaf': 2, 'classifier__extratreesclassifier_0__min_samples_split': 4, 'classifier__extratreesclassifier_0__n_estimators': 959, 'classifier__randomforestclassifier_1__ccp_alpha': np.float64(0.00914219948343788), 'classifier__randomforestclassifier_1__max_depth': 15, 'classifier__randomforestclassifier_1__max_features': 'sqrt', 'classifier__randomforestclassifier_1__max_leaf_nodes': 11, 'classifier__randomforestclassifier_1__max_samples': np.float64(0.6484824408103215), 'classifier__randomforestclassifier_1__min_impurity_decrease': np.float64(0.09676718107419438), 'classifier__randomforestclassifier_1__min_samples_leaf': 6, 'classifier__randomforestclassifier_1__min_samples_split': 9, 'classifier__randomforestclassifier_1__n_estimators': 255, 'classifier__xgbclassifier_2__colsample_bytree': np.float64(0.8555067554119908), 'classifier__xgbclassifier_2__gamma': np.float64(3.7768717165154535), 'classifier__xgbclassifier_2__learning_rate': np.float64(0.1015655659732188), 'classifier__xgbclassifier_2__max_delta_step': 3, 'classifier__xgbclassifier_2__max_depth': 8, 'classifier__xgbclassifier_2__min_child_weight': 5, 'classifier__xgbclassifier_2__n_estimators': 251, 'classifier__xgbclassifier_2__reg_alpha': np.float64(0.0028985330942045214), 'classifier__xgbclassifier_2__reg_lambda': np.float64(2.20873048399309), 'classifier__xgbclassifier_2__scale_pos_weight': np.float64(4.4823900992106624), 'classifier__xgbclassifier_2__subsample': np.float64(0.9872889328912504), 'feature_selection_filter__k': 22}",51.602686643600464,"[1, 2, 3, 4, 5, 6, 7, 8, 9, 10, 11, 12, 14, 16, 17, 18, 19, 20, 21, 27, 28, 29]","['V1', 'V2', 'V3', 'V4', 'V5', 'V6', 'V7', 'V8', 'V9', 'V10', 'V11', 'V12', 'V14', 'V16', 'V17', 'V18', 'V19', 'V20', 'V21', 'V27', 'V28', 'Time_sin']"
CostSensitiveLearning___RandomizedSearchCV__niter_30__cv_5,4,5,VotingClassifier,resubstitution,414,22127,8,11,0.9991578014184397,0.981042654028436,0.9741176470588235,0.9775678866587958,0.999638581432121,0.0003614185678789683,0.9868781142454723,0.986795613515726,0.977145102672592,0.9771387366783967,0.9998806255730212,0.9900275774793719,22560,0.9712676849778161,0.0032693246360272856,0.9018355992844789,0.012150592115699639,"{'classifier__extratreesclassifier_0__ccp_alpha': np.float64(0.0028971176799278044), 'classifier__extratreesclassifier_0__max_depth': 19, 'classifier__extratreesclassifier_0__max_features': 'log2', 'classifier__extratreesclassifier_0__max_leaf_nodes': 9, 'classifier__extratreesclassifier_0__min_impurity_decrease': np.float64(0.052046051238657354), 'classifier__extratreesclassifier_0__min_samples_leaf': 9, 'classifier__extratreesclassifier_0__min_samples_split': 2, 'classifier__extratreesclassifier_0__n_estimators': 196, 'classifier__randomforestclassifier_1__ccp_alpha': np.float64(0.009223766391129387), 'classifier__randomforestclassifier_1__max_depth': 8, 'classifier__randomforestclassifier_1__max_features': 'sqrt', 'classifier__randomforestclassifier_1__max_leaf_nodes': 3, 'classifier__randomforestclassifier_1__max_samples': np.float64(0.7166700346270548), 'classifier__randomforestclassifier_1__min_impurity_decrease': np.float64(0.0545126403468135), 'classifier__randomforestclassifier_1__min_samples_leaf': 8, 'classifier__randomforestclassifier_1__min_samples_split': 8, 'classifier__randomforestclassifier_1__n_estimators': 409, 'classifier__xgbclassifier_2__colsample_bytree': np.float64(0.6660694105957506), 'classifier__xgbclassifier_2__gamma': np.float64(1.37258970964057), 'classifier__xgbclassifier_2__learning_rate': np.float64(0.17109057253482546), 'classifier__xgbclassifier_2__max_delta_step': 4, 'classifier__xgbclassifier_2__max_depth': 4, 'classifier__xgbclassifier_2__min_child_weight': 6, 'classifier__xgbclassifier_2__n_estimators': 672, 'classifier__xgbclassifier_2__reg_alpha': np.float64(0.00017277985814882538), 'classifier__xgbclassifier_2__reg_lambda': np.float64(0.001600454778590198), 'classifier__xgbclassifier_2__scale_pos_weight': np.float64(7.70408548824397), 'classifier__xgbclassifier_2__subsample': np.float64(0.9129844320852346), 'feature_selection_filter__k': 24}",50.770447969436646,"[1, 2, 3, 4, 5, 6, 7, 8, 9, 10, 11, 12, 14, 16, 17, 18, 19, 20, 21, 23, 24, 27, 28, 29]","['V1', 'V2', 'V3', 'V4', 'V5', 'V6', 'V7', 'V8', 'V9', 'V10', 'V11', 'V12', 'V14', 'V16', 'V17', 'V18', 'V19', 'V20', 'V21', 'V23', 'V24', 'V27', 'V28', 'Time_sin']"
CostSensitiveLearning___RandomizedSearchCV__niter_30__cv_5,4,6,VotingClassifier,resubstitution,424,22132,3,1,0.999822695035461,0.9929742388758782,0.9976470588235294,0.9953051643192489,0.9998644680370454,0.00013553196295457148,0.9987557634302875,0.9987551480514688,0.9952176546784471,0.995214806102607,0.9999798030800302,0.9988709930763138,22560,0.9935354240113808,0.0017660847750723186,0.91278647383278,0.015020120531177048,"{'classifier__extratreesclassifier_0__ccp_alpha': np.float64(0.008131124563638072), 'classifier__extratreesclassifier_0__max_depth': 5, 'classifier__extratreesclassifier_0__max_features': 'log2', 'classifier__extratreesclassifier_0__max_leaf_nodes': 11, 'classifier__extratreesclassifier_0__min_impurity_decrease': np.float64(0.06338271770177309), 'classifier__extratreesclassifier_0__min_samples_leaf': 9, 'classifier__extratreesclassifier_0__min_samples_split': 9, 'classifier__extratreesclassifier_0__n_estimators': 733, 'classifier__randomforestclassifier_1__ccp_alpha': np.float64(0.00802975602756761), 'classifier__randomforestclassifier_1__max_depth': 4, 'classifier__randomforestclassifier_1__max_features': 'sqrt', 'classifier__randomforestclassifier_1__max_leaf_nodes': 3, 'classifier__randomforestclassifier_1__max_samples': np.float64(0.6197962407088025), 'classifier__randomforestclassifier_1__min_impurity_decrease': np.float64(0.07635557424802165), 'classifier__randomforestclassifier_1__min_samples_leaf': 9, 'classifier__randomforestclassifier_1__min_samples_split': 4, 'classifier__randomforestclassifier_1__n_estimators': 929, 'classifier__xgbclassifier_2__colsample_bytree': np.float64(0.8796581270081121), 'classifier__xgbclassifier_2__gamma': np.float64(0.07796953649906069), 'classifier__xgbclassifier_2__learning_rate': np.float64(0.10252497162275989), 'classifier__xgbclassifier_2__max_delta_step': 5, 'classifier__xgbclassifier_2__max_depth': 9, 'classifier__xgbclassifier_2__min_child_weight': 4, 'classifier__xgbclassifier_2__n_estimators': 755, 'classifier__xgbclassifier_2__reg_alpha': np.float64(0.0015207626943994728), 'classifier__xgbclassifier_2__reg_lambda': np.float64(0.0016400241541967018), 'classifier__xgbclassifier_2__scale_pos_weight': np.float64(3.724011842301023), 'classifier__xgbclassifier_2__subsample': np.float64(0.8266245449030983), 'feature_selection_filter__k': 24}",57.25018906593323,"[0, 1, 2, 3, 4, 5, 6, 7, 8, 9, 10, 11, 12, 14, 16, 17, 18, 19, 20, 21, 24, 27, 28, 29]","['Amount_log1p', 'V1', 'V2', 'V3', 'V4', 'V5', 'V6', 'V7', 'V8', 'V9', 'V10', 'V11', 'V12', 'V14', 'V16', 'V17', 'V18', 'V19', 'V20', 'V21', 'V24', 'V27', 'V28', 'Time_sin']"
CostSensitiveLearning___RandomizedSearchCV__niter_30__cv_5,4,7,VotingClassifier,resubstitution,369,22125,10,56,0.9970744680851064,0.9736147757255936,0.8682352941176471,0.917910447761194,0.9995482267901513,0.00045177320984868263,0.9338917604538992,0.9315809404833912,0.9179847381817466,0.9164261069628633,0.992395434433091,0.9425435615151435,22560,0.9192142597031132,0.0071016103655883915,0.9016760387694085,0.030176423702194477,"{'classifier__extratreesclassifier_0__ccp_alpha': np.float64(0.00249637246410689), 'classifier__extratreesclassifier_0__max_depth': 10, 'classifier__extratreesclassifier_0__max_features': 'log2', 'classifier__extratreesclassifier_0__max_leaf_nodes': 5, 'classifier__extratreesclassifier_0__min_impurity_decrease': np.float64(0.07564245319612384), 'classifier__extratreesclassifier_0__min_samples_leaf': 2, 'classifier__extratreesclassifier_0__min_samples_split': 8, 'classifier__extratreesclassifier_0__n_estimators': 314, 'classifier__randomforestclassifier_1__ccp_alpha': np.float64(0.003501853640573537), 'classifier__randomforestclassifier_1__max_depth': 12, 'classifier__randomforestclassifier_1__max_features': 'log2', 'classifier__randomforestclassifier_1__max_leaf_nodes': 8, 'classifier__randomforestclassifier_1__max_samples': np.float64(0.6155780339064288), 'classifier__randomforestclassifier_1__min_impurity_decrease': np.float64(0.0998326764208715), 'classifier__randomforestclassifier_1__min_samples_leaf': 2, 'classifier__randomforestclassifier_1__min_samples_split': 8, 'classifier__randomforestclassifier_1__n_estimators': 852, 'classifier__xgbclassifier_2__colsample_bytree': np.float64(0.8857584973826036), 'classifier__xgbclassifier_2__gamma': np.float64(2.600702605062915), 'classifier__xgbclassifier_2__learning_rate': np.float64(0.02611652537512933), 'classifier__xgbclassifier_2__max_delta_step': 7, 'classifier__xgbclassifier_2__max_depth': 4, 'classifier__xgbclassifier_2__min_child_weight': 4, 'classifier__xgbclassifier_2__n_estimators': 735, 'classifier__xgbclassifier_2__reg_alpha': np.float64(2.5047039156606568), 'classifier__xgbclassifier_2__reg_lambda': np.float64(0.8262763615267156), 'classifier__xgbclassifier_2__scale_pos_weight': np.float64(1.7082635676300972), 'classifier__xgbclassifier_2__subsample': np.float64(0.9806031289673487), 'feature_selection_filter__k': 24}",58.18733525276184,"[0, 1, 2, 3, 4, 5, 6, 7, 8, 9, 10, 11, 12, 14, 16, 17, 18, 19, 20, 21, 23, 27, 28, 29]","['Amount_log1p', 'V1', 'V2', 'V3', 'V4', 'V5', 'V6', 'V7', 'V8', 'V9', 'V10', 'V11', 'V12', 'V14', 'V16', 'V17', 'V18', 'V19', 'V20', 'V21', 'V23', 'V27', 'V28', 'Time_sin']"
CostSensitiveLearning___RandomizedSearchCV__niter_30__cv_5,4,8,VotingClassifier,resubstitution,417,22131,4,9,0.9994237844067195,0.9904988123515439,0.9788732394366197,0.9846517119244392,0.9998192907160606,0.00018070928393942864,0.9893462650763402,0.9892908308250177,0.9843759171584935,0.9843581029280591,0.999975502438621,0.9986276501105671,22561,0.9822043073524046,0.0034302493919790935,0.9090060773609963,0.018811366995142895,"{'classifier__extratreesclassifier_0__ccp_alpha': np.float64(0.0032042930240949175), 'classifier__extratreesclassifier_0__max_depth': 13, 'classifier__extratreesclassifier_0__max_features': 'sqrt', 'classifier__extratreesclassifier_0__max_leaf_nodes': 3, 'classifier__extratreesclassifier_0__min_impurity_decrease': np.float64(0.010305180721768682), 'classifier__extratreesclassifier_0__min_samples_leaf': 9, 'classifier__extratreesclassifier_0__min_samples_split': 5, 'classifier__extratreesclassifier_0__n_estimators': 919, 'classifier__randomforestclassifier_1__ccp_alpha': np.float64(0.007895117578898133), 'classifier__randomforestclassifier_1__max_depth': 8, 'classifier__randomforestclassifier_1__max_features': 'sqrt', 'classifier__randomforestclassifier_1__max_leaf_nodes': 8, 'classifier__randomforestclassifier_1__max_samples': np.float64(0.5661244922264631), 'classifier__randomforestclassifier_1__min_impurity_decrease': np.float64(0.08215947715044906), 'classifier__randomforestclassifier_1__min_samples_leaf': 8, 'classifier__randomforestclassifier_1__min_samples_split': 2, 'classifier__randomforestclassifier_1__n_estimators': 866, 'classifier__xgbclassifier_2__colsample_bytree': np.float64(0.8727385952106805), 'classifier__xgbclassifier_2__gamma': np.float64(0.2570083576288762), 'classifier__xgbclassifier_2__learning_rate': np.float64(0.15533257568264228), 'classifier__xgbclassifier_2__max_delta_step': 0, 'classifier__xgbclassifier_2__max_depth': 8, 'classifier__xgbclassifier_2__min_child_weight': 2, 'classifier__xgbclassifier_2__n_estimators': 495, 'classifier__xgbclassifier_2__reg_alpha': np.float64(0.06391812416853561), 'classifier__xgbclassifier_2__reg_lambda': np.float64(0.7002673267442654), 'classifier__xgbclassifier_2__scale_pos_weight': np.float64(4.2799277230487505), 'classifier__xgbclassifier_2__subsample': np.float64(0.6450756990652916), 'feature_selection_filter__k': 24}",61.51127481460571,"[0, 1, 2, 3, 4, 5, 6, 7, 8, 9, 10, 11, 12, 14, 16, 17, 18, 19, 20, 21, 23, 27, 28, 29]","['Amount_log1p', 'V1', 'V2', 'V3', 'V4', 'V5', 'V6', 'V7', 'V8', 'V9', 'V10', 'V11', 'V12', 'V14', 'V16', 'V17', 'V18', 'V19', 'V20', 'V21', 'V23', 'V27', 'V28', 'Time_sin']"
CostSensitiveLearning___RandomizedSearchCV__niter_30__cv_5,4,9,VotingClassifier,resubstitution,395,22126,9,31,0.9982270289437525,0.9777227722772277,0.9272300469483568,0.9518072289156626,0.9995934041111362,0.00040659588886382547,0.9634117255297465,0.9627320702164421,0.9512516330501112,0.950904777660836,0.9998666950880799,0.9898064382491972,22561,0.9499931051641557,0.002156240444130684,0.9046886904104244,0.020447895588848693,"{'classifier__extratreesclassifier_0__ccp_alpha': np.float64(0.003414537074054189), 'classifier__extratreesclassifier_0__max_depth': 5, 'classifier__extratreesclassifier_0__max_features': 'log2', 'classifier__extratreesclassifier_0__max_leaf_nodes': 17, 'classifier__extratreesclassifier_0__min_impurity_decrease': np.float64(0.023538600126132736), 'classifier__extratreesclassifier_0__min_samples_leaf': 5, 'classifier__extratreesclassifier_0__min_samples_split': 2, 'classifier__extratreesclassifier_0__n_estimators': 642, 'classifier__randomforestclassifier_1__ccp_alpha': np.float64(0.007967438539468434), 'classifier__randomforestclassifier_1__max_depth': 8, 'classifier__randomforestclassifier_1__max_features': 'sqrt', 'classifier__randomforestclassifier_1__max_leaf_nodes': 17, 'classifier__randomforestclassifier_1__max_samples': np.float64(0.5732385796243843), 'classifier__randomforestclassifier_1__min_impurity_decrease': np.float64(0.08988839610665994), 'classifier__randomforestclassifier_1__min_samples_leaf': 3, 'classifier__randomforestclassifier_1__min_samples_split': 3, 'classifier__randomforestclassifier_1__n_estimators': 895, 'classifier__xgbclassifier_2__colsample_bytree': np.float64(0.8906373291144831), 'classifier__xgbclassifier_2__gamma': np.float64(1.8386008724566483), 'classifier__xgbclassifier_2__learning_rate': np.float64(0.14108306508524868), 'classifier__xgbclassifier_2__max_delta_step': 2, 'classifier__xgbclassifier_2__max_depth': 8, 'classifier__xgbclassifier_2__min_child_weight': 4, 'classifier__xgbclassifier_2__n_estimators': 696, 'classifier__xgbclassifier_2__reg_alpha': np.float64(0.006429761204089402), 'classifier__xgbclassifier_2__reg_lambda': np.float64(1.6359611721752414), 'classifier__xgbclassifier_2__scale_pos_weight': np.float64(3.3671306852618597), 'classifier__xgbclassifier_2__subsample': np.float64(0.6460932901429526), 'feature_selection_filter__k': 24}",64.67710900306702,"[0, 1, 2, 3, 4, 5, 6, 7, 8, 9, 10, 11, 12, 14, 16, 17, 18, 19, 20, 21, 24, 27, 28, 29]","['Amount_log1p', 'V1', 'V2', 'V3', 'V4', 'V5', 'V6', 'V7', 'V8', 'V9', 'V10', 'V11', 'V12', 'V14', 'V16', 'V17', 'V18', 'V19', 'V20', 'V21', 'V24', 'V27', 'V28', 'Time_sin']"
CostSensitiveLearning___RandomizedSearchCV__niter_30__cv_5,4,10,VotingClassifier,resubstitution,414,22125,10,12,0.9990248659190639,0.9764150943396226,0.971830985915493,0.9741176470588235,0.9995482267901513,0.00045177320984868263,0.9856896063528222,0.9855921766692122,0.9736235214214783,0.9736207217818489,0.9998624530861095,0.9882311901179294,22561,0.9785970404352394,0.0023979067031339226,0.9001859546493728,0.005167627029625897,"{'classifier__extratreesclassifier_0__ccp_alpha': np.float64(0.0021143189261989314), 'classifier__extratreesclassifier_0__max_depth': 5, 'classifier__extratreesclassifier_0__max_features': 'log2', 'classifier__extratreesclassifier_0__max_leaf_nodes': 17, 'classifier__extratreesclassifier_0__min_impurity_decrease': np.float64(0.027587154538064974), 'classifier__extratreesclassifier_0__min_samples_leaf': 9, 'classifier__extratreesclassifier_0__min_samples_split': 2, 'classifier__extratreesclassifier_0__n_estimators': 816, 'classifier__randomforestclassifier_1__ccp_alpha': np.float64(0.0010655377995164295), 'classifier__randomforestclassifier_1__max_depth': 19, 'classifier__randomforestclassifier_1__max_features': 'sqrt', 'classifier__randomforestclassifier_1__max_leaf_nodes': 6, 'classifier__randomforestclassifier_1__max_samples': np.float64(0.5247879865260783), 'classifier__randomforestclassifier_1__min_impurity_decrease': np.float64(0.0715541912933743), 'classifier__randomforestclassifier_1__min_samples_leaf': 7, 'classifier__randomforestclassifier_1__min_samples_split': 3, 'classifier__randomforestclassifier_1__n_estimators': 546, 'classifier__xgbclassifier_2__colsample_bytree': np.float64(0.7166951191143853), 'classifier__xgbclassifier_2__gamma': np.float64(0.3955735814682504), 'classifier__xgbclassifier_2__learning_rate': np.float64(0.021937139656200998), 'classifier__xgbclassifier_2__max_delta_step': 3, 'classifier__xgbclassifier_2__max_depth': 5, 'classifier__xgbclassifier_2__min_child_weight': 3, 'classifier__xgbclassifier_2__n_estimators': 740, 'classifier__xgbclassifier_2__reg_alpha': np.float64(0.07603782592876837), 'classifier__xgbclassifier_2__reg_lambda': np.float64(0.10292182732909423), 'classifier__xgbclassifier_2__scale_pos_weight': np.float64(16.850176156076618), 'classifier__xgbclassifier_2__subsample': np.float64(0.6185530597440251), 'feature_selection_filter__k': 26}",50.206830739974976,"[0, 1, 2, 3, 4, 5, 6, 7, 8, 9, 10, 11, 12, 14, 16, 17, 18, 19, 20, 21, 22, 23, 24, 27, 28, 29]","['Amount_log1p', 'V1', 'V2', 'V3', 'V4', 'V5', 'V6', 'V7', 'V8', 'V9', 'V10', 'V11', 'V12', 'V14', 'V16', 'V17', 'V18', 'V19', 'V20', 'V21', 'V22', 'V23', 'V24', 'V27', 'V28', 'Time_sin']"
CostSensitiveLearning___RandomizedSearchCV__niter_30__cv_5,5,1,VotingClassifier,resubstitution,425,22125,9,1,0.9995567375886525,0.9792626728110599,0.9976525821596244,0.9883720930232558,0.9995933857413933,0.00040661425860666345,0.9986229839505089,0.9986225124613317,0.9881906095232007,0.988146175313023,0.9999038082596359,0.9937509356636984,22560,0.987210887941691,0.0021248067010407948,0.9141561054093366,0.017645582578372843,"{'classifier__extratreesclassifier_0__ccp_alpha': np.float64(0.004121553615870942), 'classifier__extratreesclassifier_0__max_depth': 6, 'classifier__extratreesclassifier_0__max_features': 'log2', 'classifier__extratreesclassifier_0__max_leaf_nodes': 12, 'classifier__extratreesclassifier_0__min_impurity_decrease': np.float64(0.06523700135899207), 'classifier__extratreesclassifier_0__min_samples_leaf': 9, 'classifier__extratreesclassifier_0__min_samples_split': 2, 'classifier__extratreesclassifier_0__n_estimators': 366, 'classifier__randomforestclassifier_1__ccp_alpha': np.float64(0.005254817982762121), 'classifier__randomforestclassifier_1__max_depth': 19, 'classifier__randomforestclassifier_1__max_features': 'log2', 'classifier__randomforestclassifier_1__max_leaf_nodes': 4, 'classifier__randomforestclassifier_1__max_samples': np.float64(0.600393571155283), 'classifier__randomforestclassifier_1__min_impurity_decrease': np.float64(0.07786532198534185), 'classifier__randomforestclassifier_1__min_samples_leaf': 8, 'classifier__randomforestclassifier_1__min_samples_split': 8, 'classifier__randomforestclassifier_1__n_estimators': 708, 'classifier__xgbclassifier_2__colsample_bytree': np.float64(0.6054930324494983), 'classifier__xgbclassifier_2__gamma': np.float64(3.083867051500167), 'classifier__xgbclassifier_2__learning_rate': np.float64(0.0995119613269523), 'classifier__xgbclassifier_2__max_delta_step': 5, 'classifier__xgbclassifier_2__max_depth': 7, 'classifier__xgbclassifier_2__min_child_weight': 2, 'classifier__xgbclassifier_2__n_estimators': 652, 'classifier__xgbclassifier_2__reg_alpha': np.float64(0.001647287278330755), 'classifier__xgbclassifier_2__reg_lambda': np.float64(0.0004394109381568143), 'classifier__xgbclassifier_2__scale_pos_weight': np.float64(19.319219147613083), 'classifier__xgbclassifier_2__subsample': np.float64(0.6357489432205367), 'feature_selection_filter__k': 26}",55.07622027397156,"[0, 1, 2, 3, 4, 5, 6, 7, 8, 9, 10, 11, 12, 14, 16, 17, 18, 19, 20, 21, 22, 24, 25, 27, 28, 29]","['Amount_log1p', 'V1', 'V2', 'V3', 'V4', 'V5', 'V6', 'V7', 'V8', 'V9', 'V10', 'V11', 'V12', 'V14', 'V16', 'V17', 'V18', 'V19', 'V20', 'V21', 'V22', 'V24', 'V25', 'V27', 'V28', 'Time_sin']"
CostSensitiveLearning___RandomizedSearchCV__niter_30__cv_5,5,2,VotingClassifier,resubstitution,375,22129,5,51,0.9975177304964539,0.9868421052631579,0.8802816901408451,0.9305210918114144,0.999774103189663,0.0002258968103370229,0.940027896665254,0.9381273033628454,0.930834324144334,0.9292615736074716,0.9995241319305248,0.9875185027852114,22560,0.9310508817672568,0.004101599509001428,0.9004079389896986,0.02499532143485503,"{'classifier__extratreesclassifier_0__ccp_alpha': np.float64(0.006195521968244074), 'classifier__extratreesclassifier_0__max_depth': 12, 'classifier__extratreesclassifier_0__max_features': 'log2', 'classifier__extratreesclassifier_0__max_leaf_nodes': 11, 'classifier__extratreesclassifier_0__min_impurity_decrease': np.float64(0.06683558142591094), 'classifier__extratreesclassifier_0__min_samples_leaf': 2, 'classifier__extratreesclassifier_0__min_samples_split': 6, 'classifier__extratreesclassifier_0__n_estimators': 353, 'classifier__randomforestclassifier_1__ccp_alpha': np.float64(0.007356985162537283), 'classifier__randomforestclassifier_1__max_depth': 9, 'classifier__randomforestclassifier_1__max_features': 'log2', 'classifier__randomforestclassifier_1__max_leaf_nodes': 2, 'classifier__randomforestclassifier_1__max_samples': np.float64(0.8035896199220176), 'classifier__randomforestclassifier_1__min_impurity_decrease': np.float64(0.09507243365576057), 'classifier__randomforestclassifier_1__min_samples_leaf': 4, 'classifier__randomforestclassifier_1__min_samples_split': 4, 'classifier__randomforestclassifier_1__n_estimators': 472, 'classifier__xgbclassifier_2__colsample_bytree': np.float64(0.7509628789891326), 'classifier__xgbclassifier_2__gamma': np.float64(1.019304257620507), 'classifier__xgbclassifier_2__learning_rate': np.float64(0.05283639558860064), 'classifier__xgbclassifier_2__max_delta_step': 0, 'classifier__xgbclassifier_2__max_depth': 3, 'classifier__xgbclassifier_2__min_child_weight': 6, 'classifier__xgbclassifier_2__n_estimators': 728, 'classifier__xgbclassifier_2__reg_alpha': np.float64(0.3419516862530543), 'classifier__xgbclassifier_2__reg_lambda': np.float64(0.12484298825742421), 'classifier__xgbclassifier_2__scale_pos_weight': np.float64(1.0730469201667836), 'classifier__xgbclassifier_2__subsample': np.float64(0.8120978059476404), 'feature_selection_filter__k': 28}",49.271891832351685,"[0, 1, 2, 3, 4, 5, 6, 7, 8, 9, 10, 11, 12, 14, 16, 17, 18, 19, 20, 21, 22, 23, 24, 26, 27, 28, 29, 30]","['Amount_log1p', 'V1', 'V2', 'V3', 'V4', 'V5', 'V6', 'V7', 'V8', 'V9', 'V10', 'V11', 'V12', 'V14', 'V16', 'V17', 'V18', 'V19', 'V20', 'V21', 'V22', 'V23', 'V24', 'V26', 'V27', 'V28', 'Time_sin', 'Time_cos']"
CostSensitiveLearning___RandomizedSearchCV__niter_30__cv_5,5,3,VotingClassifier,resubstitution,387,22125,9,39,0.997872340425532,0.9772727272727273,0.9084507042253521,0.9416058394160584,0.9995933857413933,0.00040661425860666345,0.9540220449833727,0.952933006677685,0.9411742243932832,0.9405237390953598,0.999932655176261,0.9963910643092819,22560,0.9465311145346119,0.0030469660259323365,0.8955772410866434,0.013722908535771718,"{'classifier__extratreesclassifier_0__ccp_alpha': np.float64(0.005664346535453208), 'classifier__extratreesclassifier_0__max_depth': 9, 'classifier__extratreesclassifier_0__max_features': 'log2', 'classifier__extratreesclassifier_0__max_leaf_nodes': 4, 'classifier__extratreesclassifier_0__min_impurity_decrease': np.float64(0.06405220690776471), 'classifier__extratreesclassifier_0__min_samples_leaf': 5, 'classifier__extratreesclassifier_0__min_samples_split': 5, 'classifier__extratreesclassifier_0__n_estimators': 924, 'classifier__randomforestclassifier_1__ccp_alpha': np.float64(0.005645870051004446), 'classifier__randomforestclassifier_1__max_depth': 9, 'classifier__randomforestclassifier_1__max_features': 'sqrt', 'classifier__randomforestclassifier_1__max_leaf_nodes': 5, 'classifier__randomforestclassifier_1__max_samples': np.float64(0.7476995305293688), 'classifier__randomforestclassifier_1__min_impurity_decrease': np.float64(0.040065717639763625), 'classifier__randomforestclassifier_1__min_samples_leaf': 7, 'classifier__randomforestclassifier_1__min_samples_split': 9, 'classifier__randomforestclassifier_1__n_estimators': 342, 'classifier__xgbclassifier_2__colsample_bytree': np.float64(0.7345006089397117), 'classifier__xgbclassifier_2__gamma': np.float64(0.8517135350832794), 'classifier__xgbclassifier_2__learning_rate': np.float64(0.04165932996253148), 'classifier__xgbclassifier_2__max_delta_step': 8, 'classifier__xgbclassifier_2__max_depth': 8, 'classifier__xgbclassifier_2__min_child_weight': 4, 'classifier__xgbclassifier_2__n_estimators': 640, 'classifier__xgbclassifier_2__reg_alpha': np.float64(0.0005161177900924146), 'classifier__xgbclassifier_2__reg_lambda': np.float64(0.02621633738990629), 'classifier__xgbclassifier_2__scale_pos_weight': np.float64(1.3313401850156206), 'classifier__xgbclassifier_2__subsample': np.float64(0.8085677552495989), 'feature_selection_filter__k': 'all'}",52.3318235874176,"[0, 1, 2, 3, 4, 5, 6, 7, 8, 9, 10, 11, 12, 13, 14, 15, 16, 17, 18, 19, 20, 21, 22, 23, 24, 25, 26, 27, 28, 29, 30]","['Amount_log1p', 'V1', 'V2', 'V3', 'V4', 'V5', 'V6', 'V7', 'V8', 'V9', 'V10', 'V11', 'V12', 'V13', 'V14', 'V15', 'V16', 'V17', 'V18', 'V19', 'V20', 'V21', 'V22', 'V23', 'V24', 'V25', 'V26', 'V27', 'V28', 'Time_sin', 'Time_cos']"
CostSensitiveLearning___RandomizedSearchCV__niter_30__cv_5,5,4,VotingClassifier,resubstitution,409,22127,7,17,0.9989361702127659,0.9831730769230769,0.960093896713615,0.9714964370546318,0.9996837444655281,0.0003162555344718987,0.9798888205895715,0.9796888596412469,0.9710255985944958,0.9709544850600995,0.9998998842305361,0.9912950553140136,22560,0.9757251626081647,0.004203058659795623,0.9030672300291807,0.02406983989425376,"{'classifier__extratreesclassifier_0__ccp_alpha': np.float64(0.0052502984241008), 'classifier__extratreesclassifier_0__max_depth': 15, 'classifier__extratreesclassifier_0__max_features': 'log2', 'classifier__extratreesclassifier_0__max_leaf_nodes': 8, 'classifier__extratreesclassifier_0__min_impurity_decrease': np.float64(0.08047634061537144), 'classifier__extratreesclassifier_0__min_samples_leaf': 7, 'classifier__extratreesclassifier_0__min_samples_split': 7, 'classifier__extratreesclassifier_0__n_estimators': 952, 'classifier__randomforestclassifier_1__ccp_alpha': np.float64(0.0006194339403073956), 'classifier__randomforestclassifier_1__max_depth': 6, 'classifier__randomforestclassifier_1__max_features': 'sqrt', 'classifier__randomforestclassifier_1__max_leaf_nodes': 15, 'classifier__randomforestclassifier_1__max_samples': np.float64(0.6375656320209331), 'classifier__randomforestclassifier_1__min_impurity_decrease': np.float64(0.09125814625284517), 'classifier__randomforestclassifier_1__min_samples_leaf': 9, 'classifier__randomforestclassifier_1__min_samples_split': 9, 'classifier__randomforestclassifier_1__n_estimators': 827, 'classifier__xgbclassifier_2__colsample_bytree': np.float64(0.723407765151229), 'classifier__xgbclassifier_2__gamma': np.float64(0.046633058649730996), 'classifier__xgbclassifier_2__learning_rate': np.float64(0.05936282707607516), 'classifier__xgbclassifier_2__max_delta_step': 0, 'classifier__xgbclassifier_2__max_depth': 8, 'classifier__xgbclassifier_2__min_child_weight': 4, 'classifier__xgbclassifier_2__n_estimators': 299, 'classifier__xgbclassifier_2__reg_alpha': np.float64(0.1821113816618287), 'classifier__xgbclassifier_2__reg_lambda': np.float64(0.004019292734072013), 'classifier__xgbclassifier_2__scale_pos_weight': np.float64(3.8898127024198237), 'classifier__xgbclassifier_2__subsample': np.float64(0.6574590813033819), 'feature_selection_filter__k': 22}",71.078284740448,"[1, 2, 3, 4, 5, 6, 7, 8, 9, 10, 11, 12, 14, 16, 17, 18, 19, 20, 21, 27, 28, 29]","['V1', 'V2', 'V3', 'V4', 'V5', 'V6', 'V7', 'V8', 'V9', 'V10', 'V11', 'V12', 'V14', 'V16', 'V17', 'V18', 'V19', 'V20', 'V21', 'V27', 'V28', 'Time_sin']"
CostSensitiveLearning___RandomizedSearchCV__niter_30__cv_5,5,5,VotingClassifier,resubstitution,359,22123,12,66,0.9965425531914893,0.967654986522911,0.8447058823529412,0.9020100502512562,0.9994578721481816,0.000542127851818397,0.9220818772505615,0.9188296598214072,0.9024125144901204,0.9002585247707088,0.9805757716685047,0.9062133886695815,22560,0.9026231039262125,0.004423808775021815,0.8989672447599988,0.023206185626957074,"{'classifier__extratreesclassifier_0__ccp_alpha': np.float64(0.005409878791761651), 'classifier__extratreesclassifier_0__max_depth': 18, 'classifier__extratreesclassifier_0__max_features': 'sqrt', 'classifier__extratreesclassifier_0__max_leaf_nodes': 7, 'classifier__extratreesclassifier_0__min_impurity_decrease': np.float64(0.04909504419335901), 'classifier__extratreesclassifier_0__min_samples_leaf': 8, 'classifier__extratreesclassifier_0__min_samples_split': 4, 'classifier__extratreesclassifier_0__n_estimators': 720, 'classifier__randomforestclassifier_1__ccp_alpha': np.float64(0.009847588841161034), 'classifier__randomforestclassifier_1__max_depth': 11, 'classifier__randomforestclassifier_1__max_features': 'log2', 'classifier__randomforestclassifier_1__max_leaf_nodes': 18, 'classifier__randomforestclassifier_1__max_samples': np.float64(0.8716282420501409), 'classifier__randomforestclassifier_1__min_impurity_decrease': np.float64(0.08846412813171795), 'classifier__randomforestclassifier_1__min_samples_leaf': 3, 'classifier__randomforestclassifier_1__min_samples_split': 9, 'classifier__randomforestclassifier_1__n_estimators': 824, 'classifier__xgbclassifier_2__colsample_bytree': np.float64(0.8868761110069183), 'classifier__xgbclassifier_2__gamma': np.float64(4.554919466360392), 'classifier__xgbclassifier_2__learning_rate': np.float64(0.05512856556818144), 'classifier__xgbclassifier_2__max_delta_step': 0, 'classifier__xgbclassifier_2__max_depth': 8, 'classifier__xgbclassifier_2__min_child_weight': 7, 'classifier__xgbclassifier_2__n_estimators': 355, 'classifier__xgbclassifier_2__reg_alpha': np.float64(0.001260739848032617), 'classifier__xgbclassifier_2__reg_lambda': np.float64(8.557285358685503), 'classifier__xgbclassifier_2__scale_pos_weight': np.float64(1.326026875483668), 'classifier__xgbclassifier_2__subsample': np.float64(0.9028232667598636), 'feature_selection_filter__k': 'all'}",57.853283166885376,"[0, 1, 2, 3, 4, 5, 6, 7, 8, 9, 10, 11, 12, 13, 14, 15, 16, 17, 18, 19, 20, 21, 22, 23, 24, 25, 26, 27, 28, 29, 30]","['Amount_log1p', 'V1', 'V2', 'V3', 'V4', 'V5', 'V6', 'V7', 'V8', 'V9', 'V10', 'V11', 'V12', 'V13', 'V14', 'V15', 'V16', 'V17', 'V18', 'V19', 'V20', 'V21', 'V22', 'V23', 'V24', 'V25', 'V26', 'V27', 'V28', 'Time_sin', 'Time_cos']"
CostSensitiveLearning___RandomizedSearchCV__niter_30__cv_5,5,6,VotingClassifier,resubstitution,380,22126,9,45,0.9976063829787234,0.9768637532133676,0.8941176470588236,0.9336609336609336,0.9995934041111362,0.00040659588886382547,0.9468555255849799,0.9453856898109728,0.9333916571889562,0.9324445647165033,0.9992041350536148,0.9786734425478367,22560,0.9327164954041406,0.0025180812858147635,0.9039900830582344,0.023829465424034545,"{'classifier__extratreesclassifier_0__ccp_alpha': np.float64(0.008765484833433325), 'classifier__extratreesclassifier_0__max_depth': 17, 'classifier__extratreesclassifier_0__max_features': 'log2', 'classifier__extratreesclassifier_0__max_leaf_nodes': 7, 'classifier__extratreesclassifier_0__min_impurity_decrease': np.float64(0.08918602516542584), 'classifier__extratreesclassifier_0__min_samples_leaf': 5, 'classifier__extratreesclassifier_0__min_samples_split': 6, 'classifier__extratreesclassifier_0__n_estimators': 437, 'classifier__randomforestclassifier_1__ccp_alpha': np.float64(0.0011576950663690134), 'classifier__randomforestclassifier_1__max_depth': 18, 'classifier__randomforestclassifier_1__max_features': 'log2', 'classifier__randomforestclassifier_1__max_leaf_nodes': 6, 'classifier__randomforestclassifier_1__max_samples': np.float64(0.778081906509635), 'classifier__randomforestclassifier_1__min_impurity_decrease': np.float64(0.04574052571136303), 'classifier__randomforestclassifier_1__min_samples_leaf': 6, 'classifier__randomforestclassifier_1__min_samples_split': 2, 'classifier__randomforestclassifier_1__n_estimators': 588, 'classifier__xgbclassifier_2__colsample_bytree': np.float64(0.7407858774448097), 'classifier__xgbclassifier_2__gamma': np.float64(1.8007372538675692), 'classifier__xgbclassifier_2__learning_rate': np.float64(0.0546131152978888), 'classifier__xgbclassifier_2__max_delta_step': 5, 'classifier__xgbclassifier_2__max_depth': 4, 'classifier__xgbclassifier_2__min_child_weight': 7, 'classifier__xgbclassifier_2__n_estimators': 542, 'classifier__xgbclassifier_2__reg_alpha': np.float64(0.41934282517126803), 'classifier__xgbclassifier_2__reg_lambda': np.float64(0.00014086740872578903), 'classifier__xgbclassifier_2__scale_pos_weight': np.float64(2.541804697688357), 'classifier__xgbclassifier_2__subsample': np.float64(0.9852575593309815), 'feature_selection_filter__k': 24}",60.388644218444824,"[0, 1, 2, 3, 4, 5, 6, 7, 8, 9, 10, 11, 12, 14, 16, 17, 18, 19, 20, 21, 24, 27, 28, 29]","['Amount_log1p', 'V1', 'V2', 'V3', 'V4', 'V5', 'V6', 'V7', 'V8', 'V9', 'V10', 'V11', 'V12', 'V14', 'V16', 'V17', 'V18', 'V19', 'V20', 'V21', 'V24', 'V27', 'V28', 'Time_sin']"
CostSensitiveLearning___RandomizedSearchCV__niter_30__cv_5,5,7,VotingClassifier,resubstitution,369,22129,6,56,0.9972517730496454,0.984,0.8682352941176471,0.9225,0.9997289360740909,0.00027106392590914297,0.9339821150958689,0.931665147384086,0.9229766317868595,0.9211066457971996,0.9915683174105422,0.9435020510976742,22560,0.9199246426447788,0.005423131319726681,0.9038744298026588,0.016757827426895595,"{'classifier__extratreesclassifier_0__ccp_alpha': np.float64(9.712706939978278e-06), 'classifier__extratreesclassifier_0__max_depth': 19, 'classifier__extratreesclassifier_0__max_features': 'log2', 'classifier__extratreesclassifier_0__max_leaf_nodes': 3, 'classifier__extratreesclassifier_0__min_impurity_decrease': np.float64(0.01866636106954237), 'classifier__extratreesclassifier_0__min_samples_leaf': 7, 'classifier__extratreesclassifier_0__min_samples_split': 2, 'classifier__extratreesclassifier_0__n_estimators': 737, 'classifier__randomforestclassifier_1__ccp_alpha': np.float64(0.00963166754422857), 'classifier__randomforestclassifier_1__max_depth': 7, 'classifier__randomforestclassifier_1__max_features': 'log2', 'classifier__randomforestclassifier_1__max_leaf_nodes': 10, 'classifier__randomforestclassifier_1__max_samples': np.float64(0.7430229686115633), 'classifier__randomforestclassifier_1__min_impurity_decrease': np.float64(0.04762090958582102), 'classifier__randomforestclassifier_1__min_samples_leaf': 1, 'classifier__randomforestclassifier_1__min_samples_split': 3, 'classifier__randomforestclassifier_1__n_estimators': 577, 'classifier__xgbclassifier_2__colsample_bytree': np.float64(0.7223882079986708), 'classifier__xgbclassifier_2__gamma': np.float64(0.23885038098755806), 'classifier__xgbclassifier_2__learning_rate': np.float64(0.026194860563391705), 'classifier__xgbclassifier_2__max_delta_step': 8, 'classifier__xgbclassifier_2__max_depth': 5, 'classifier__xgbclassifier_2__min_child_weight': 3, 'classifier__xgbclassifier_2__n_estimators': 440, 'classifier__xgbclassifier_2__reg_alpha': np.float64(0.3301427094168819), 'classifier__xgbclassifier_2__reg_lambda': np.float64(0.0036103568171103355), 'classifier__xgbclassifier_2__scale_pos_weight': np.float64(0.5754069793278643), 'classifier__xgbclassifier_2__subsample': np.float64(0.808429090232216), 'feature_selection_filter__k': 28}",66.93814969062805,"[0, 1, 2, 3, 4, 5, 6, 7, 8, 9, 10, 11, 12, 13, 14, 16, 17, 18, 19, 20, 21, 22, 23, 24, 27, 28, 29, 30]","['Amount_log1p', 'V1', 'V2', 'V3', 'V4', 'V5', 'V6', 'V7', 'V8', 'V9', 'V10', 'V11', 'V12', 'V13', 'V14', 'V16', 'V17', 'V18', 'V19', 'V20', 'V21', 'V22', 'V23', 'V24', 'V27', 'V28', 'Time_sin', 'Time_cos']"
CostSensitiveLearning___RandomizedSearchCV__niter_30__cv_5,5,8,VotingClassifier,resubstitution,408,22123,12,18,0.9986702717078144,0.9714285714285714,0.9577464788732394,0.9645390070921985,0.9994578721481816,0.000542127851818397,0.9786021755107105,0.9783799148756382,0.963886650756488,0.9638614738418965,0.9998487726297549,0.987346665849163,22561,0.9660460781634171,0.003854191355956786,0.9018207888053723,0.018843762932613087,"{'classifier__extratreesclassifier_0__ccp_alpha': np.float64(0.004231763608695256), 'classifier__extratreesclassifier_0__max_depth': 16, 'classifier__extratreesclassifier_0__max_features': 'log2', 'classifier__extratreesclassifier_0__max_leaf_nodes': 5, 'classifier__extratreesclassifier_0__min_impurity_decrease': np.float64(0.02611694831498459), 'classifier__extratreesclassifier_0__min_samples_leaf': 1, 'classifier__extratreesclassifier_0__min_samples_split': 3, 'classifier__extratreesclassifier_0__n_estimators': 357, 'classifier__randomforestclassifier_1__ccp_alpha': np.float64(0.008885988028052733), 'classifier__randomforestclassifier_1__max_depth': 11, 'classifier__randomforestclassifier_1__max_features': 'sqrt', 'classifier__randomforestclassifier_1__max_leaf_nodes': 14, 'classifier__randomforestclassifier_1__max_samples': np.float64(0.883507730237354), 'classifier__randomforestclassifier_1__min_impurity_decrease': np.float64(0.007378434563193082), 'classifier__randomforestclassifier_1__min_samples_leaf': 1, 'classifier__randomforestclassifier_1__min_samples_split': 2, 'classifier__randomforestclassifier_1__n_estimators': 492, 'classifier__xgbclassifier_2__colsample_bytree': np.float64(0.9242778976592543), 'classifier__xgbclassifier_2__gamma': np.float64(1.2235020175388767), 'classifier__xgbclassifier_2__learning_rate': np.float64(0.033639525354835074), 'classifier__xgbclassifier_2__max_delta_step': 9, 'classifier__xgbclassifier_2__max_depth': 9, 'classifier__xgbclassifier_2__min_child_weight': 4, 'classifier__xgbclassifier_2__n_estimators': 765, 'classifier__xgbclassifier_2__reg_alpha': np.float64(0.1777640841547694), 'classifier__xgbclassifier_2__reg_lambda': np.float64(1.278497961400503), 'classifier__xgbclassifier_2__scale_pos_weight': np.float64(7.895167984444737), 'classifier__xgbclassifier_2__subsample': np.float64(0.647252062463189), 'feature_selection_filter__k': 24}",61.78495478630066,"[0, 1, 2, 3, 4, 5, 6, 7, 8, 9, 10, 11, 12, 14, 16, 17, 18, 19, 20, 21, 23, 27, 28, 29]","['Amount_log1p', 'V1', 'V2', 'V3', 'V4', 'V5', 'V6', 'V7', 'V8', 'V9', 'V10', 'V11', 'V12', 'V14', 'V16', 'V17', 'V18', 'V19', 'V20', 'V21', 'V23', 'V27', 'V28', 'Time_sin']"
CostSensitiveLearning___RandomizedSearchCV__niter_30__cv_5,5,9,VotingClassifier,resubstitution,379,22122,13,47,0.9973405434156287,0.9668367346938775,0.8896713615023474,0.9266503667481663,0.9994126948271967,0.0005873051728032541,0.9445420281647721,0.9429468982448811,0.9261286080833004,0.9252984700440607,0.9988498872157726,0.9690873590106905,22561,0.9226908992667715,0.0030557746987262104,0.8989751906896281,0.017736038304862846,"{'classifier__extratreesclassifier_0__ccp_alpha': np.float64(0.00813865207022534), 'classifier__extratreesclassifier_0__max_depth': 10, 'classifier__extratreesclassifier_0__max_features': 'log2', 'classifier__extratreesclassifier_0__max_leaf_nodes': 7, 'classifier__extratreesclassifier_0__min_impurity_decrease': np.float64(0.022445805279112233), 'classifier__extratreesclassifier_0__min_samples_leaf': 3, 'classifier__extratreesclassifier_0__min_samples_split': 5, 'classifier__extratreesclassifier_0__n_estimators': 959, 'classifier__randomforestclassifier_1__ccp_alpha': np.float64(0.0025031027539447284), 'classifier__randomforestclassifier_1__max_depth': 15, 'classifier__randomforestclassifier_1__max_features': 'sqrt', 'classifier__randomforestclassifier_1__max_leaf_nodes': 13, 'classifier__randomforestclassifier_1__max_samples': np.float64(0.8907559759725621), 'classifier__randomforestclassifier_1__min_impurity_decrease': np.float64(0.060229523121246936), 'classifier__randomforestclassifier_1__min_samples_leaf': 6, 'classifier__randomforestclassifier_1__min_samples_split': 6, 'classifier__randomforestclassifier_1__n_estimators': 965, 'classifier__xgbclassifier_2__colsample_bytree': np.float64(0.9911701236586126), 'classifier__xgbclassifier_2__gamma': np.float64(4.609879082010919), 'classifier__xgbclassifier_2__learning_rate': np.float64(0.013853317756145395), 'classifier__xgbclassifier_2__max_delta_step': 2, 'classifier__xgbclassifier_2__max_depth': 7, 'classifier__xgbclassifier_2__min_child_weight': 8, 'classifier__xgbclassifier_2__n_estimators': 783, 'classifier__xgbclassifier_2__reg_alpha': np.float64(0.0001422513028045702), 'classifier__xgbclassifier_2__reg_lambda': np.float64(1.1065383521373842), 'classifier__xgbclassifier_2__scale_pos_weight': np.float64(2.9305677134983994), 'classifier__xgbclassifier_2__subsample': np.float64(0.693249610480948), 'feature_selection_filter__k': 28}",64.86052560806274,"[0, 1, 2, 3, 4, 5, 6, 7, 8, 9, 10, 11, 12, 14, 16, 17, 18, 19, 20, 21, 22, 23, 24, 25, 27, 28, 29, 30]","['Amount_log1p', 'V1', 'V2', 'V3', 'V4', 'V5', 'V6', 'V7', 'V8', 'V9', 'V10', 'V11', 'V12', 'V14', 'V16', 'V17', 'V18', 'V19', 'V20', 'V21', 'V22', 'V23', 'V24', 'V25', 'V27', 'V28', 'Time_sin', 'Time_cos']"
CostSensitiveLearning___RandomizedSearchCV__niter_30__cv_5,5,10,VotingClassifier,resubstitution,388,22124,11,38,0.9978281104560968,0.9724310776942355,0.9107981220657277,0.9406060606060606,0.9995030494691665,0.0004969505308335398,0.9551505857674472,0.9541202756757059,0.940023565858334,0.939501097719861,0.9998189725659128,0.9867194195699989,22561,0.9401754886919385,0.002661579639538543,0.9034796120856148,0.018331964941930963,"{'classifier__extratreesclassifier_0__ccp_alpha': np.float64(0.0025562965665007777), 'classifier__extratreesclassifier_0__max_depth': 10, 'classifier__extratreesclassifier_0__max_features': 'sqrt', 'classifier__extratreesclassifier_0__max_leaf_nodes': 12, 'classifier__extratreesclassifier_0__min_impurity_decrease': np.float64(0.0717513183625051), 'classifier__extratreesclassifier_0__min_samples_leaf': 5, 'classifier__extratreesclassifier_0__min_samples_split': 8, 'classifier__extratreesclassifier_0__n_estimators': 776, 'classifier__randomforestclassifier_1__ccp_alpha': np.float64(0.008452827637123185), 'classifier__randomforestclassifier_1__max_depth': 17, 'classifier__randomforestclassifier_1__max_features': 'sqrt', 'classifier__randomforestclassifier_1__max_leaf_nodes': 17, 'classifier__randomforestclassifier_1__max_samples': np.float64(0.5495734341250079), 'classifier__randomforestclassifier_1__min_impurity_decrease': np.float64(0.04318463375068302), 'classifier__randomforestclassifier_1__min_samples_leaf': 1, 'classifier__randomforestclassifier_1__min_samples_split': 7, 'classifier__randomforestclassifier_1__n_estimators': 991, 'classifier__xgbclassifier_2__colsample_bytree': np.float64(0.7457559533196029), 'classifier__xgbclassifier_2__gamma': np.float64(3.4547133772350853), 'classifier__xgbclassifier_2__learning_rate': np.float64(0.049128846181893296), 'classifier__xgbclassifier_2__max_delta_step': 0, 'classifier__xgbclassifier_2__max_depth': 8, 'classifier__xgbclassifier_2__min_child_weight': 7, 'classifier__xgbclassifier_2__n_estimators': 409, 'classifier__xgbclassifier_2__reg_alpha': np.float64(0.0012658164403544336), 'classifier__xgbclassifier_2__reg_lambda': np.float64(0.0002294144038899553), 'classifier__xgbclassifier_2__scale_pos_weight': np.float64(4.38334718274596), 'classifier__xgbclassifier_2__subsample': np.float64(0.6964519774877626), 'feature_selection_filter__k': 26}",61.3016037940979,"[0, 1, 2, 3, 4, 5, 6, 7, 8, 9, 10, 11, 12, 14, 16, 17, 18, 19, 20, 21, 23, 24, 26, 27, 28, 29]","['Amount_log1p', 'V1', 'V2', 'V3', 'V4', 'V5', 'V6', 'V7', 'V8', 'V9', 'V10', 'V11', 'V12', 'V14', 'V16', 'V17', 'V18', 'V19', 'V20', 'V21', 'V23', 'V24', 'V26', 'V27', 'V28', 'Time_sin']"
CostSensitiveLearning___RandomizedSearchCV__niter_30__cv_5,6,1,VotingClassifier,resubstitution,399,22122,12,27,0.9982712765957447,0.9708029197080292,0.9366197183098591,0.953405017921147,0.9994578476551911,0.0005421523448089216,0.9680387829825251,0.9675287735945547,0.9526834416343087,0.9525246069779504,0.9998647800783194,0.9903796755279616,22560,0.9545085448298819,0.004076562421196856,0.8985067990159242,0.015215383465487784,"{'classifier__extratreesclassifier_0__ccp_alpha': np.float64(0.009633464298598023), 'classifier__extratreesclassifier_0__max_depth': 15, 'classifier__extratreesclassifier_0__max_features': 'log2', 'classifier__extratreesclassifier_0__max_leaf_nodes': 18, 'classifier__extratreesclassifier_0__min_impurity_decrease': np.float64(0.03943743800419593), 'classifier__extratreesclassifier_0__min_samples_leaf': 4, 'classifier__extratreesclassifier_0__min_samples_split': 7, 'classifier__extratreesclassifier_0__n_estimators': 879, 'classifier__randomforestclassifier_1__ccp_alpha': np.float64(0.006451131116717118), 'classifier__randomforestclassifier_1__max_depth': 9, 'classifier__randomforestclassifier_1__max_features': 'sqrt', 'classifier__randomforestclassifier_1__max_leaf_nodes': 19, 'classifier__randomforestclassifier_1__max_samples': np.float64(0.6689381516230463), 'classifier__randomforestclassifier_1__min_impurity_decrease': np.float64(0.051152294719242056), 'classifier__randomforestclassifier_1__min_samples_leaf': 8, 'classifier__randomforestclassifier_1__min_samples_split': 6, 'classifier__randomforestclassifier_1__n_estimators': 284, 'classifier__xgbclassifier_2__colsample_bytree': np.float64(0.9539358190251326), 'classifier__xgbclassifier_2__gamma': np.float64(2.296470185839332), 'classifier__xgbclassifier_2__learning_rate': np.float64(0.16710563825546734), 'classifier__xgbclassifier_2__max_delta_step': 0, 'classifier__xgbclassifier_2__max_depth': 7, 'classifier__xgbclassifier_2__min_child_weight': 7, 'classifier__xgbclassifier_2__n_estimators': 656, 'classifier__xgbclassifier_2__reg_alpha': np.float64(0.027154590669819536), 'classifier__xgbclassifier_2__reg_lambda': np.float64(0.00045978326467001725), 'classifier__xgbclassifier_2__scale_pos_weight': np.float64(4.4759884397957475), 'classifier__xgbclassifier_2__subsample': np.float64(0.9110738435802324), 'feature_selection_filter__k': 28}",51.175265073776245,"[0, 1, 2, 3, 4, 5, 6, 7, 8, 9, 10, 11, 12, 13, 14, 16, 17, 18, 19, 20, 21, 22, 23, 24, 26, 27, 28, 29]","['Amount_log1p', 'V1', 'V2', 'V3', 'V4', 'V5', 'V6', 'V7', 'V8', 'V9', 'V10', 'V11', 'V12', 'V13', 'V14', 'V16', 'V17', 'V18', 'V19', 'V20', 'V21', 'V22', 'V23', 'V24', 'V26', 'V27', 'V28', 'Time_sin']"
CostSensitiveLearning___RandomizedSearchCV__niter_30__cv_5,6,2,VotingClassifier,resubstitution,400,22124,10,26,0.9984042553191489,0.975609756097561,0.9389671361502347,0.9569377990430622,0.999548206379326,0.0004517936206740458,0.9692576712647804,0.9687842467691656,0.9563070015050746,0.9561251677395515,0.9998567199104388,0.9816886092490259,22560,0.9575320847220589,0.0032613579739578067,0.8954328885203953,0.03302460559196602,"{'classifier__extratreesclassifier_0__ccp_alpha': np.float64(0.007836180913382323), 'classifier__extratreesclassifier_0__max_depth': 5, 'classifier__extratreesclassifier_0__max_features': 'sqrt', 'classifier__extratreesclassifier_0__max_leaf_nodes': 5, 'classifier__extratreesclassifier_0__min_impurity_decrease': np.float64(0.09481515289000607), 'classifier__extratreesclassifier_0__min_samples_leaf': 2, 'classifier__extratreesclassifier_0__min_samples_split': 3, 'classifier__extratreesclassifier_0__n_estimators': 708, 'classifier__randomforestclassifier_1__ccp_alpha': np.float64(0.009937711258620911), 'classifier__randomforestclassifier_1__max_depth': 16, 'classifier__randomforestclassifier_1__max_features': 'log2', 'classifier__randomforestclassifier_1__max_leaf_nodes': 4, 'classifier__randomforestclassifier_1__max_samples': np.float64(0.568070116622402), 'classifier__randomforestclassifier_1__min_impurity_decrease': np.float64(0.07162167156329291), 'classifier__randomforestclassifier_1__min_samples_leaf': 3, 'classifier__randomforestclassifier_1__min_samples_split': 9, 'classifier__randomforestclassifier_1__n_estimators': 271, 'classifier__xgbclassifier_2__colsample_bytree': np.float64(0.7156727623654087), 'classifier__xgbclassifier_2__gamma': np.float64(1.6671783633451271), 'classifier__xgbclassifier_2__learning_rate': np.float64(0.19531842619869988), 'classifier__xgbclassifier_2__max_delta_step': 5, 'classifier__xgbclassifier_2__max_depth': 8, 'classifier__xgbclassifier_2__min_child_weight': 9, 'classifier__xgbclassifier_2__n_estimators': 322, 'classifier__xgbclassifier_2__reg_alpha': np.float64(0.011047262610330419), 'classifier__xgbclassifier_2__reg_lambda': np.float64(0.0309597274704386), 'classifier__xgbclassifier_2__scale_pos_weight': np.float64(4.720538373484555), 'classifier__xgbclassifier_2__subsample': np.float64(0.9683683952593827), 'feature_selection_filter__k': 24}",59.33025074005127,"[0, 1, 2, 3, 4, 5, 6, 7, 8, 9, 10, 11, 12, 14, 16, 17, 18, 19, 20, 21, 23, 27, 28, 29]","['Amount_log1p', 'V1', 'V2', 'V3', 'V4', 'V5', 'V6', 'V7', 'V8', 'V9', 'V10', 'V11', 'V12', 'V14', 'V16', 'V17', 'V18', 'V19', 'V20', 'V21', 'V23', 'V27', 'V28', 'Time_sin']"
CostSensitiveLearning___RandomizedSearchCV__niter_30__cv_5,6,3,VotingClassifier,resubstitution,395,22120,14,31,0.9980053191489362,0.9657701711491442,0.9272300469483568,0.9461077844311377,0.9993674889310563,0.0006325110689436864,0.9632987679397065,0.9626232719398616,0.9452954570584365,0.9450920681403541,0.999792980951278,0.9805380663555577,22560,0.9482653588650016,0.004665280691965751,0.9018463079168575,0.010085840318587886,"{'classifier__extratreesclassifier_0__ccp_alpha': np.float64(0.0011214594907534548), 'classifier__extratreesclassifier_0__max_depth': 17, 'classifier__extratreesclassifier_0__max_features': 'log2', 'classifier__extratreesclassifier_0__max_leaf_nodes': 15, 'classifier__extratreesclassifier_0__min_impurity_decrease': np.float64(0.034793289961430864), 'classifier__extratreesclassifier_0__min_samples_leaf': 6, 'classifier__extratreesclassifier_0__min_samples_split': 2, 'classifier__extratreesclassifier_0__n_estimators': 572, 'classifier__randomforestclassifier_1__ccp_alpha': np.float64(0.0017714064206380776), 'classifier__randomforestclassifier_1__max_depth': 14, 'classifier__randomforestclassifier_1__max_features': 'sqrt', 'classifier__randomforestclassifier_1__max_leaf_nodes': 7, 'classifier__randomforestclassifier_1__max_samples': np.float64(0.5318897904935913), 'classifier__randomforestclassifier_1__min_impurity_decrease': np.float64(0.08640894107758504), 'classifier__randomforestclassifier_1__min_samples_leaf': 4, 'classifier__randomforestclassifier_1__min_samples_split': 9, 'classifier__randomforestclassifier_1__n_estimators': 287, 'classifier__xgbclassifier_2__colsample_bytree': np.float64(0.7134574274476914), 'classifier__xgbclassifier_2__gamma': np.float64(3.7028751291849913), 'classifier__xgbclassifier_2__learning_rate': np.float64(0.1035136393491187), 'classifier__xgbclassifier_2__max_delta_step': 2, 'classifier__xgbclassifier_2__max_depth': 5, 'classifier__xgbclassifier_2__min_child_weight': 3, 'classifier__xgbclassifier_2__n_estimators': 618, 'classifier__xgbclassifier_2__reg_alpha': np.float64(0.001694161721739372), 'classifier__xgbclassifier_2__reg_lambda': np.float64(5.831182398525627), 'classifier__xgbclassifier_2__scale_pos_weight': np.float64(9.698661897548945), 'classifier__xgbclassifier_2__subsample': np.float64(0.9599478492660005), 'feature_selection_filter__k': 24}",45.06109023094177,"[0, 1, 2, 3, 4, 5, 6, 7, 8, 9, 10, 11, 12, 14, 16, 17, 18, 19, 20, 21, 23, 27, 28, 29]","['Amount_log1p', 'V1', 'V2', 'V3', 'V4', 'V5', 'V6', 'V7', 'V8', 'V9', 'V10', 'V11', 'V12', 'V14', 'V16', 'V17', 'V18', 'V19', 'V20', 'V21', 'V23', 'V27', 'V28', 'Time_sin']"
CostSensitiveLearning___RandomizedSearchCV__niter_30__cv_5,6,4,VotingClassifier,resubstitution,406,22126,8,20,0.998758865248227,0.9806763285024155,0.9530516431924883,0.9666666666666667,0.9996385651034607,0.00036143489653928107,0.9763451041479745,0.9760671990546729,0.9661368243719622,0.9660344585064196,0.999957472008946,0.9976637894488029,22560,0.9626234966014794,0.003230762023793509,0.9123822045140282,0.014925757730990198,"{'classifier__extratreesclassifier_0__ccp_alpha': np.float64(0.008945133227588723), 'classifier__extratreesclassifier_0__max_depth': 14, 'classifier__extratreesclassifier_0__max_features': 'log2', 'classifier__extratreesclassifier_0__max_leaf_nodes': 16, 'classifier__extratreesclassifier_0__min_impurity_decrease': np.float64(0.09816763120257178), 'classifier__extratreesclassifier_0__min_samples_leaf': 6, 'classifier__extratreesclassifier_0__min_samples_split': 4, 'classifier__extratreesclassifier_0__n_estimators': 404, 'classifier__randomforestclassifier_1__ccp_alpha': np.float64(0.006557880357237016), 'classifier__randomforestclassifier_1__max_depth': 11, 'classifier__randomforestclassifier_1__max_features': 'sqrt', 'classifier__randomforestclassifier_1__max_leaf_nodes': 11, 'classifier__randomforestclassifier_1__max_samples': np.float64(0.8300028778567801), 'classifier__randomforestclassifier_1__min_impurity_decrease': np.float64(0.017466109104117323), 'classifier__randomforestclassifier_1__min_samples_leaf': 9, 'classifier__randomforestclassifier_1__min_samples_split': 9, 'classifier__randomforestclassifier_1__n_estimators': 530, 'classifier__xgbclassifier_2__colsample_bytree': np.float64(0.8763332754603099), 'classifier__xgbclassifier_2__gamma': np.float64(0.6915494132194172), 'classifier__xgbclassifier_2__learning_rate': np.float64(0.10687068241913154), 'classifier__xgbclassifier_2__max_delta_step': 4, 'classifier__xgbclassifier_2__max_depth': 5, 'classifier__xgbclassifier_2__min_child_weight': 2, 'classifier__xgbclassifier_2__n_estimators': 647, 'classifier__xgbclassifier_2__reg_alpha': np.float64(0.015112936867460859), 'classifier__xgbclassifier_2__reg_lambda': np.float64(6.282120454893564), 'classifier__xgbclassifier_2__scale_pos_weight': np.float64(2.635061733344272), 'classifier__xgbclassifier_2__subsample': np.float64(0.6722334530956593), 'feature_selection_filter__k': 28}",57.05228638648987,"[0, 1, 2, 3, 4, 5, 6, 7, 8, 9, 10, 11, 12, 14, 16, 17, 18, 19, 20, 21, 22, 23, 24, 26, 27, 28, 29, 30]","['Amount_log1p', 'V1', 'V2', 'V3', 'V4', 'V5', 'V6', 'V7', 'V8', 'V9', 'V10', 'V11', 'V12', 'V14', 'V16', 'V17', 'V18', 'V19', 'V20', 'V21', 'V22', 'V23', 'V24', 'V26', 'V27', 'V28', 'Time_sin', 'Time_cos']"
CostSensitiveLearning___RandomizedSearchCV__niter_30__cv_5,6,5,VotingClassifier,resubstitution,424,22127,8,1,0.9996010638297872,0.9814814814814815,0.9976470588235294,0.9894982497082847,0.999638581432121,0.0003614185678789683,0.9986428201278252,0.9986423236836505,0.9893292266541914,0.9892949334413119,0.9999512084933364,0.996924988979879,22560,0.9912493720404688,0.0009139476560307723,0.9050561539878629,0.02252975808493054,"{'classifier__extratreesclassifier_0__ccp_alpha': np.float64(0.008997574281626784), 'classifier__extratreesclassifier_0__max_depth': 19, 'classifier__extratreesclassifier_0__max_features': 'log2', 'classifier__extratreesclassifier_0__max_leaf_nodes': 4, 'classifier__extratreesclassifier_0__min_impurity_decrease': np.float64(0.0846106841737256), 'classifier__extratreesclassifier_0__min_samples_leaf': 9, 'classifier__extratreesclassifier_0__min_samples_split': 4, 'classifier__extratreesclassifier_0__n_estimators': 656, 'classifier__randomforestclassifier_1__ccp_alpha': np.float64(0.005908003908101434), 'classifier__randomforestclassifier_1__max_depth': 8, 'classifier__randomforestclassifier_1__max_features': 'log2', 'classifier__randomforestclassifier_1__max_leaf_nodes': 4, 'classifier__randomforestclassifier_1__max_samples': np.float64(0.6466085927854222), 'classifier__randomforestclassifier_1__min_impurity_decrease': np.float64(0.0256904205641187), 'classifier__randomforestclassifier_1__min_samples_leaf': 9, 'classifier__randomforestclassifier_1__min_samples_split': 4, 'classifier__randomforestclassifier_1__n_estimators': 550, 'classifier__xgbclassifier_2__colsample_bytree': np.float64(0.8216812144848701), 'classifier__xgbclassifier_2__gamma': np.float64(1.0610184543402001), 'classifier__xgbclassifier_2__learning_rate': np.float64(0.18215321364540243), 'classifier__xgbclassifier_2__max_delta_step': 6, 'classifier__xgbclassifier_2__max_depth': 6, 'classifier__xgbclassifier_2__min_child_weight': 3, 'classifier__xgbclassifier_2__n_estimators': 636, 'classifier__xgbclassifier_2__reg_alpha': np.float64(0.000983854720956632), 'classifier__xgbclassifier_2__reg_lambda': np.float64(4.350361871106085), 'classifier__xgbclassifier_2__scale_pos_weight': np.float64(14.897355156070097), 'classifier__xgbclassifier_2__subsample': np.float64(0.6048275136905729), 'feature_selection_filter__k': 'all'}",52.43651580810547,"[0, 1, 2, 3, 4, 5, 6, 7, 8, 9, 10, 11, 12, 13, 14, 15, 16, 17, 18, 19, 20, 21, 22, 23, 24, 25, 26, 27, 28, 29, 30]","['Amount_log1p', 'V1', 'V2', 'V3', 'V4', 'V5', 'V6', 'V7', 'V8', 'V9', 'V10', 'V11', 'V12', 'V13', 'V14', 'V15', 'V16', 'V17', 'V18', 'V19', 'V20', 'V21', 'V22', 'V23', 'V24', 'V25', 'V26', 'V27', 'V28', 'Time_sin', 'Time_cos']"
CostSensitiveLearning___RandomizedSearchCV__niter_30__cv_5,6,6,VotingClassifier,resubstitution,384,22127,8,41,0.9978280141843971,0.9795918367346939,0.9035294117647059,0.9400244798041616,0.999638581432121,0.0003614185678789683,0.9515839965984134,0.9503698540350853,0.9397156870892016,0.9389202975745815,0.9998324718638303,0.9936256389325402,22560,0.9411788064935616,0.0037854460939489134,0.9058929470413997,0.010427719756614185,"{'classifier__extratreesclassifier_0__ccp_alpha': np.float64(0.005292403339560353), 'classifier__extratreesclassifier_0__max_depth': 5, 'classifier__extratreesclassifier_0__max_features': 'log2', 'classifier__extratreesclassifier_0__max_leaf_nodes': 5, 'classifier__extratreesclassifier_0__min_impurity_decrease': np.float64(0.060578455175717943), 'classifier__extratreesclassifier_0__min_samples_leaf': 4, 'classifier__extratreesclassifier_0__min_samples_split': 9, 'classifier__extratreesclassifier_0__n_estimators': 671, 'classifier__randomforestclassifier_1__ccp_alpha': np.float64(0.008827063011280245), 'classifier__randomforestclassifier_1__max_depth': 15, 'classifier__randomforestclassifier_1__max_features': 'sqrt', 'classifier__randomforestclassifier_1__max_leaf_nodes': 2, 'classifier__randomforestclassifier_1__max_samples': np.float64(0.7515994145767121), 'classifier__randomforestclassifier_1__min_impurity_decrease': np.float64(0.03132929410050705), 'classifier__randomforestclassifier_1__min_samples_leaf': 3, 'classifier__randomforestclassifier_1__min_samples_split': 5, 'classifier__randomforestclassifier_1__n_estimators': 829, 'classifier__xgbclassifier_2__colsample_bytree': np.float64(0.8915639398781876), 'classifier__xgbclassifier_2__gamma': np.float64(2.469533558595108), 'classifier__xgbclassifier_2__learning_rate': np.float64(0.1613013587169429), 'classifier__xgbclassifier_2__max_delta_step': 6, 'classifier__xgbclassifier_2__max_depth': 4, 'classifier__xgbclassifier_2__min_child_weight': 1, 'classifier__xgbclassifier_2__n_estimators': 377, 'classifier__xgbclassifier_2__reg_alpha': np.float64(0.0005501850103252435), 'classifier__xgbclassifier_2__reg_lambda': np.float64(0.045934257818909426), 'classifier__xgbclassifier_2__scale_pos_weight': np.float64(1.5239305144358082), 'classifier__xgbclassifier_2__subsample': np.float64(0.6905170339129315), 'feature_selection_filter__k': 24}",67.09615731239319,"[0, 1, 2, 3, 4, 5, 6, 7, 8, 9, 10, 11, 12, 14, 16, 17, 18, 19, 20, 21, 23, 27, 28, 29]","['Amount_log1p', 'V1', 'V2', 'V3', 'V4', 'V5', 'V6', 'V7', 'V8', 'V9', 'V10', 'V11', 'V12', 'V14', 'V16', 'V17', 'V18', 'V19', 'V20', 'V21', 'V23', 'V27', 'V28', 'Time_sin']"
CostSensitiveLearning___RandomizedSearchCV__niter_30__cv_5,6,7,VotingClassifier,resubstitution,388,22125,10,37,0.9979166666666667,0.9748743718592965,0.9129411764705883,0.9428918590522479,0.9995482267901513,0.00045177320984868263,0.9562447016303698,0.9552636987266349,0.9423582707751944,0.9418320022733532,0.9998522435854849,0.9896479660054593,22560,0.9418717247310552,0.004606230968298396,0.8986709393301382,0.02267177509815494,"{'classifier__extratreesclassifier_0__ccp_alpha': np.float64(0.0028940937753894904), 'classifier__extratreesclassifier_0__max_depth': 18, 'classifier__extratreesclassifier_0__max_features': 'log2', 'classifier__extratreesclassifier_0__max_leaf_nodes': 4, 'classifier__extratreesclassifier_0__min_impurity_decrease': np.float64(0.010806615975265377), 'classifier__extratreesclassifier_0__min_samples_leaf': 8, 'classifier__extratreesclassifier_0__min_samples_split': 8, 'classifier__extratreesclassifier_0__n_estimators': 717, 'classifier__randomforestclassifier_1__ccp_alpha': np.float64(0.003912117880641246), 'classifier__randomforestclassifier_1__max_depth': 18, 'classifier__randomforestclassifier_1__max_features': 'log2', 'classifier__randomforestclassifier_1__max_leaf_nodes': 15, 'classifier__randomforestclassifier_1__max_samples': np.float64(0.6822679547217767), 'classifier__randomforestclassifier_1__min_impurity_decrease': np.float64(0.03332639822013252), 'classifier__randomforestclassifier_1__min_samples_leaf': 4, 'classifier__randomforestclassifier_1__min_samples_split': 9, 'classifier__randomforestclassifier_1__n_estimators': 961, 'classifier__xgbclassifier_2__colsample_bytree': np.float64(0.6456716416757802), 'classifier__xgbclassifier_2__gamma': np.float64(1.392029557427799), 'classifier__xgbclassifier_2__learning_rate': np.float64(0.08157933475209009), 'classifier__xgbclassifier_2__max_delta_step': 3, 'classifier__xgbclassifier_2__max_depth': 9, 'classifier__xgbclassifier_2__min_child_weight': 8, 'classifier__xgbclassifier_2__n_estimators': 699, 'classifier__xgbclassifier_2__reg_alpha': np.float64(2.8276126088246727), 'classifier__xgbclassifier_2__reg_lambda': np.float64(0.0006683015218783096), 'classifier__xgbclassifier_2__scale_pos_weight': np.float64(3.1498271234619497), 'classifier__xgbclassifier_2__subsample': np.float64(0.6106376205691367), 'feature_selection_filter__k': 28}",58.75225114822388,"[0, 1, 2, 3, 4, 5, 6, 7, 8, 9, 10, 11, 12, 14, 16, 17, 18, 19, 20, 21, 22, 23, 24, 26, 27, 28, 29, 30]","['Amount_log1p', 'V1', 'V2', 'V3', 'V4', 'V5', 'V6', 'V7', 'V8', 'V9', 'V10', 'V11', 'V12', 'V14', 'V16', 'V17', 'V18', 'V19', 'V20', 'V21', 'V22', 'V23', 'V24', 'V26', 'V27', 'V28', 'Time_sin', 'Time_cos']"
CostSensitiveLearning___RandomizedSearchCV__niter_30__cv_5,6,8,VotingClassifier,resubstitution,411,22127,8,15,0.9989805416426577,0.9809069212410502,0.9647887323943662,0.9727810650887574,0.999638581432121,0.0003614185678789683,0.9822136569132436,0.9820590816404065,0.9722962923650085,0.9722616443623388,0.9999063578065032,0.993907870776153,22561,0.9805956811341655,0.0014941863270129822,0.9043725871450142,0.019099520239185624,"{'classifier__extratreesclassifier_0__ccp_alpha': np.float64(0.003396454758730919), 'classifier__extratreesclassifier_0__max_depth': 12, 'classifier__extratreesclassifier_0__max_features': 'log2', 'classifier__extratreesclassifier_0__max_leaf_nodes': 10, 'classifier__extratreesclassifier_0__min_impurity_decrease': np.float64(0.027698593706985034), 'classifier__extratreesclassifier_0__min_samples_leaf': 8, 'classifier__extratreesclassifier_0__min_samples_split': 9, 'classifier__extratreesclassifier_0__n_estimators': 155, 'classifier__randomforestclassifier_1__ccp_alpha': np.float64(0.007378058424262892), 'classifier__randomforestclassifier_1__max_depth': 15, 'classifier__randomforestclassifier_1__max_features': 'sqrt', 'classifier__randomforestclassifier_1__max_leaf_nodes': 18, 'classifier__randomforestclassifier_1__max_samples': np.float64(0.6696945367465217), 'classifier__randomforestclassifier_1__min_impurity_decrease': np.float64(0.09548718676071066), 'classifier__randomforestclassifier_1__min_samples_leaf': 7, 'classifier__randomforestclassifier_1__min_samples_split': 3, 'classifier__randomforestclassifier_1__n_estimators': 187, 'classifier__xgbclassifier_2__colsample_bytree': np.float64(0.6730132570744708), 'classifier__xgbclassifier_2__gamma': np.float64(0.6361603522906784), 'classifier__xgbclassifier_2__learning_rate': np.float64(0.031129418399673328), 'classifier__xgbclassifier_2__max_delta_step': 8, 'classifier__xgbclassifier_2__max_depth': 4, 'classifier__xgbclassifier_2__min_child_weight': 3, 'classifier__xgbclassifier_2__n_estimators': 631, 'classifier__xgbclassifier_2__reg_alpha': np.float64(0.1254362360397579), 'classifier__xgbclassifier_2__reg_lambda': np.float64(0.000590847053054259), 'classifier__xgbclassifier_2__scale_pos_weight': np.float64(14.35751247202783), 'classifier__xgbclassifier_2__subsample': np.float64(0.8666060703368534), 'feature_selection_filter__k': 26}",48.18878483772278,"[0, 1, 2, 3, 4, 5, 6, 7, 8, 9, 10, 11, 12, 14, 16, 17, 18, 19, 20, 21, 23, 24, 26, 27, 28, 29]","['Amount_log1p', 'V1', 'V2', 'V3', 'V4', 'V5', 'V6', 'V7', 'V8', 'V9', 'V10', 'V11', 'V12', 'V14', 'V16', 'V17', 'V18', 'V19', 'V20', 'V21', 'V23', 'V24', 'V26', 'V27', 'V28', 'Time_sin']"
CostSensitiveLearning___RandomizedSearchCV__niter_30__cv_5,6,9,VotingClassifier,resubstitution,403,22123,12,23,0.9984486503257834,0.9710843373493976,0.9460093896713615,0.9583828775267539,0.9994578721481816,0.000542127851818397,0.9727336309097716,0.9723664595373182,0.9576776716647808,0.9575926085947101,0.9998622409860108,0.9901935837361344,22561,0.9595217471302693,0.0024190165205266105,0.9004559306141584,0.015925809478747135,"{'classifier__extratreesclassifier_0__ccp_alpha': np.float64(0.008097995992283488), 'classifier__extratreesclassifier_0__max_depth': 10, 'classifier__extratreesclassifier_0__max_features': 'log2', 'classifier__extratreesclassifier_0__max_leaf_nodes': 6, 'classifier__extratreesclassifier_0__min_impurity_decrease': np.float64(0.011353757521867625), 'classifier__extratreesclassifier_0__min_samples_leaf': 1, 'classifier__extratreesclassifier_0__min_samples_split': 4, 'classifier__extratreesclassifier_0__n_estimators': 644, 'classifier__randomforestclassifier_1__ccp_alpha': np.float64(0.0015973623015851013), 'classifier__randomforestclassifier_1__max_depth': 17, 'classifier__randomforestclassifier_1__max_features': 'sqrt', 'classifier__randomforestclassifier_1__max_leaf_nodes': 7, 'classifier__randomforestclassifier_1__max_samples': np.float64(0.5539674890129596), 'classifier__randomforestclassifier_1__min_impurity_decrease': np.float64(0.0979070345483869), 'classifier__randomforestclassifier_1__min_samples_leaf': 6, 'classifier__randomforestclassifier_1__min_samples_split': 3, 'classifier__randomforestclassifier_1__n_estimators': 816, 'classifier__xgbclassifier_2__colsample_bytree': np.float64(0.7803798027361453), 'classifier__xgbclassifier_2__gamma': np.float64(1.2346052862494443), 'classifier__xgbclassifier_2__learning_rate': np.float64(0.056760933701464775), 'classifier__xgbclassifier_2__max_delta_step': 6, 'classifier__xgbclassifier_2__max_depth': 3, 'classifier__xgbclassifier_2__min_child_weight': 8, 'classifier__xgbclassifier_2__n_estimators': 795, 'classifier__xgbclassifier_2__reg_alpha': np.float64(0.002662377130813593), 'classifier__xgbclassifier_2__reg_lambda': np.float64(0.00023650813225383705), 'classifier__xgbclassifier_2__scale_pos_weight': np.float64(6.6639052784192385), 'classifier__xgbclassifier_2__subsample': np.float64(0.6750974706791657), 'feature_selection_filter__k': 28}",61.48609733581543,"[0, 1, 2, 3, 4, 5, 6, 7, 8, 9, 10, 11, 12, 13, 14, 16, 17, 18, 19, 20, 21, 22, 24, 25, 27, 28, 29, 30]","['Amount_log1p', 'V1', 'V2', 'V3', 'V4', 'V5', 'V6', 'V7', 'V8', 'V9', 'V10', 'V11', 'V12', 'V13', 'V14', 'V16', 'V17', 'V18', 'V19', 'V20', 'V21', 'V22', 'V24', 'V25', 'V27', 'V28', 'Time_sin', 'Time_cos']"
CostSensitiveLearning___RandomizedSearchCV__niter_30__cv_5,6,10,VotingClassifier,resubstitution,414,22125,10,12,0.9990248659190639,0.9764150943396226,0.971830985915493,0.9741176470588235,0.9995482267901513,0.00045177320984868263,0.9856896063528222,0.9855921766692122,0.9736235214214783,0.9736207217818489,0.9998429398770455,0.9849625815891966,22561,0.9756721077817445,0.0037474142944607883,0.9038711154653184,0.0041272695095305135,"{'classifier__extratreesclassifier_0__ccp_alpha': np.float64(0.0009068265923136721), 'classifier__extratreesclassifier_0__max_depth': 4, 'classifier__extratreesclassifier_0__max_features': 'sqrt', 'classifier__extratreesclassifier_0__max_leaf_nodes': 13, 'classifier__extratreesclassifier_0__min_impurity_decrease': np.float64(0.042311622338885226), 'classifier__extratreesclassifier_0__min_samples_leaf': 8, 'classifier__extratreesclassifier_0__min_samples_split': 5, 'classifier__extratreesclassifier_0__n_estimators': 431, 'classifier__randomforestclassifier_1__ccp_alpha': np.float64(0.0035615593138884974), 'classifier__randomforestclassifier_1__max_depth': 10, 'classifier__randomforestclassifier_1__max_features': 'log2', 'classifier__randomforestclassifier_1__max_leaf_nodes': 9, 'classifier__randomforestclassifier_1__max_samples': np.float64(0.8904209695540414), 'classifier__randomforestclassifier_1__min_impurity_decrease': np.float64(0.08224452860235713), 'classifier__randomforestclassifier_1__min_samples_leaf': 5, 'classifier__randomforestclassifier_1__min_samples_split': 9, 'classifier__randomforestclassifier_1__n_estimators': 908, 'classifier__xgbclassifier_2__colsample_bytree': np.float64(0.7873466058891858), 'classifier__xgbclassifier_2__gamma': np.float64(1.7714754866119986), 'classifier__xgbclassifier_2__learning_rate': np.float64(0.1271882803178191), 'classifier__xgbclassifier_2__max_delta_step': 6, 'classifier__xgbclassifier_2__max_depth': 9, 'classifier__xgbclassifier_2__min_child_weight': 7, 'classifier__xgbclassifier_2__n_estimators': 466, 'classifier__xgbclassifier_2__reg_alpha': np.float64(0.025197808717767292), 'classifier__xgbclassifier_2__reg_lambda': np.float64(0.015383417208551494), 'classifier__xgbclassifier_2__scale_pos_weight': np.float64(10.923788025065443), 'classifier__xgbclassifier_2__subsample': np.float64(0.8112795834358599), 'feature_selection_filter__k': 24}",64.23707103729248,"[0, 1, 2, 3, 4, 5, 6, 7, 8, 9, 10, 11, 12, 14, 16, 17, 18, 19, 20, 21, 23, 27, 28, 29]","['Amount_log1p', 'V1', 'V2', 'V3', 'V4', 'V5', 'V6', 'V7', 'V8', 'V9', 'V10', 'V11', 'V12', 'V14', 'V16', 'V17', 'V18', 'V19', 'V20', 'V21', 'V23', 'V27', 'V28', 'Time_sin']"
CostSensitiveLearning___RandomizedSearchCV__niter_30__cv_5,7,1,VotingClassifier,resubstitution,426,22131,3,0,0.9998670212765958,0.993006993006993,1.0,0.9964912280701754,0.9998644619137977,0.00013553808620225816,0.9999322309568989,0.9999322286604216,0.9964298283068284,0.9964234552846302,0.999975925551199,0.9986342899055431,22560,0.99474791304277,0.001157680389997638,0.9025202050462319,0.027118415490910687,"{'classifier__extratreesclassifier_0__ccp_alpha': np.float64(0.003468274524518571), 'classifier__extratreesclassifier_0__max_depth': 14, 'classifier__extratreesclassifier_0__max_features': 'log2', 'classifier__extratreesclassifier_0__max_leaf_nodes': 16, 'classifier__extratreesclassifier_0__min_impurity_decrease': np.float64(0.05830498261246403), 'classifier__extratreesclassifier_0__min_samples_leaf': 1, 'classifier__extratreesclassifier_0__min_samples_split': 5, 'classifier__extratreesclassifier_0__n_estimators': 342, 'classifier__randomforestclassifier_1__ccp_alpha': np.float64(0.009682927432135658), 'classifier__randomforestclassifier_1__max_depth': 13, 'classifier__randomforestclassifier_1__max_features': 'sqrt', 'classifier__randomforestclassifier_1__max_leaf_nodes': 12, 'classifier__randomforestclassifier_1__max_samples': np.float64(0.6338145957949874), 'classifier__randomforestclassifier_1__min_impurity_decrease': np.float64(0.07039383769087836), 'classifier__randomforestclassifier_1__min_samples_leaf': 5, 'classifier__randomforestclassifier_1__min_samples_split': 7, 'classifier__randomforestclassifier_1__n_estimators': 966, 'classifier__xgbclassifier_2__colsample_bytree': np.float64(0.8603413577382126), 'classifier__xgbclassifier_2__gamma': np.float64(0.29998657586332245), 'classifier__xgbclassifier_2__learning_rate': np.float64(0.16674613781657377), 'classifier__xgbclassifier_2__max_delta_step': 1, 'classifier__xgbclassifier_2__max_depth': 4, 'classifier__xgbclassifier_2__min_child_weight': 4, 'classifier__xgbclassifier_2__n_estimators': 544, 'classifier__xgbclassifier_2__reg_alpha': np.float64(0.004760635851944708), 'classifier__xgbclassifier_2__reg_lambda': np.float64(0.9650695248466311), 'classifier__xgbclassifier_2__scale_pos_weight': np.float64(46.50065481243606), 'classifier__xgbclassifier_2__subsample': np.float64(0.8699301646749548), 'feature_selection_filter__k': 26}",57.78954744338989,"[0, 1, 2, 3, 4, 5, 6, 7, 8, 9, 10, 11, 12, 13, 14, 16, 17, 18, 19, 20, 21, 23, 24, 27, 28, 29]","['Amount_log1p', 'V1', 'V2', 'V3', 'V4', 'V5', 'V6', 'V7', 'V8', 'V9', 'V10', 'V11', 'V12', 'V13', 'V14', 'V16', 'V17', 'V18', 'V19', 'V20', 'V21', 'V23', 'V24', 'V27', 'V28', 'Time_sin']"
CostSensitiveLearning___RandomizedSearchCV__niter_30__cv_5,7,2,VotingClassifier,resubstitution,418,22124,10,8,0.9992021276595745,0.9766355140186916,0.9812206572769953,0.9789227166276346,0.999548206379326,0.0004517936206740458,0.9903844318281606,0.9903420358863718,0.9785188741992307,0.978516086270865,0.9998495081812825,0.9857858365145383,22560,0.9804438501986008,0.0030382194717971747,0.8986005437174654,0.02211384647977785,"{'classifier__extratreesclassifier_0__ccp_alpha': np.float64(0.0069380850740764855), 'classifier__extratreesclassifier_0__max_depth': 6, 'classifier__extratreesclassifier_0__max_features': 'log2', 'classifier__extratreesclassifier_0__max_leaf_nodes': 2, 'classifier__extratreesclassifier_0__min_impurity_decrease': np.float64(0.07402930724354768), 'classifier__extratreesclassifier_0__min_samples_leaf': 3, 'classifier__extratreesclassifier_0__min_samples_split': 2, 'classifier__extratreesclassifier_0__n_estimators': 503, 'classifier__randomforestclassifier_1__ccp_alpha': np.float64(0.005496000666551689), 'classifier__randomforestclassifier_1__max_depth': 16, 'classifier__randomforestclassifier_1__max_features': 'log2', 'classifier__randomforestclassifier_1__max_leaf_nodes': 3, 'classifier__randomforestclassifier_1__max_samples': np.float64(0.6879143973200557), 'classifier__randomforestclassifier_1__min_impurity_decrease': np.float64(0.008583766022238494), 'classifier__randomforestclassifier_1__min_samples_leaf': 4, 'classifier__randomforestclassifier_1__min_samples_split': 4, 'classifier__randomforestclassifier_1__n_estimators': 847, 'classifier__xgbclassifier_2__colsample_bytree': np.float64(0.7216861516262743), 'classifier__xgbclassifier_2__gamma': np.float64(1.9580023723368278), 'classifier__xgbclassifier_2__learning_rate': np.float64(0.09982817459973437), 'classifier__xgbclassifier_2__max_delta_step': 0, 'classifier__xgbclassifier_2__max_depth': 6, 'classifier__xgbclassifier_2__min_child_weight': 5, 'classifier__xgbclassifier_2__n_estimators': 489, 'classifier__xgbclassifier_2__reg_alpha': np.float64(0.2054559473209772), 'classifier__xgbclassifier_2__reg_lambda': np.float64(0.0009181589344417663), 'classifier__xgbclassifier_2__scale_pos_weight': np.float64(13.572735656832931), 'classifier__xgbclassifier_2__subsample': np.float64(0.6064882257289256), 'feature_selection_filter__k': 22}",60.5594801902771,"[1, 2, 3, 4, 5, 6, 7, 8, 9, 10, 11, 12, 14, 16, 17, 18, 19, 20, 21, 27, 28, 29]","['V1', 'V2', 'V3', 'V4', 'V5', 'V6', 'V7', 'V8', 'V9', 'V10', 'V11', 'V12', 'V14', 'V16', 'V17', 'V18', 'V19', 'V20', 'V21', 'V27', 'V28', 'Time_sin']"
CostSensitiveLearning___RandomizedSearchCV__niter_30__cv_5,7,3,VotingClassifier,resubstitution,397,22123,11,29,0.99822695035461,0.9730392156862745,0.931924882629108,0.9520383693045563,0.9995030270172586,0.0004969729827414282,0.9657139548231832,0.9651226560082904,0.9513656058792523,0.9511355779777407,0.9998394329714317,0.9862361640474996,22560,0.9529825343237212,0.0021826499019022,0.9026460137813572,0.02324564460267984,"{'classifier__extratreesclassifier_0__ccp_alpha': np.float64(0.0024237993009144153), 'classifier__extratreesclassifier_0__max_depth': 8, 'classifier__extratreesclassifier_0__max_features': 'log2', 'classifier__extratreesclassifier_0__max_leaf_nodes': 5, 'classifier__extratreesclassifier_0__min_impurity_decrease': np.float64(0.04778782936928708), 'classifier__extratreesclassifier_0__min_samples_leaf': 9, 'classifier__extratreesclassifier_0__min_samples_split': 3, 'classifier__extratreesclassifier_0__n_estimators': 734, 'classifier__randomforestclassifier_1__ccp_alpha': np.float64(0.009743875088170104), 'classifier__randomforestclassifier_1__max_depth': 14, 'classifier__randomforestclassifier_1__max_features': 'log2', 'classifier__randomforestclassifier_1__max_leaf_nodes': 4, 'classifier__randomforestclassifier_1__max_samples': np.float64(0.5256569970376979), 'classifier__randomforestclassifier_1__min_impurity_decrease': np.float64(0.07613667420813186), 'classifier__randomforestclassifier_1__min_samples_leaf': 7, 'classifier__randomforestclassifier_1__min_samples_split': 8, 'classifier__randomforestclassifier_1__n_estimators': 316, 'classifier__xgbclassifier_2__colsample_bytree': np.float64(0.6372496211220541), 'classifier__xgbclassifier_2__gamma': np.float64(2.6172531905078755), 'classifier__xgbclassifier_2__learning_rate': np.float64(0.03125811154022624), 'classifier__xgbclassifier_2__max_delta_step': 3, 'classifier__xgbclassifier_2__max_depth': 6, 'classifier__xgbclassifier_2__min_child_weight': 1, 'classifier__xgbclassifier_2__n_estimators': 256, 'classifier__xgbclassifier_2__reg_alpha': np.float64(0.004930241712341693), 'classifier__xgbclassifier_2__reg_lambda': np.float64(0.00010364855003276983), 'classifier__xgbclassifier_2__scale_pos_weight': np.float64(11.509064227474747), 'classifier__xgbclassifier_2__subsample': np.float64(0.6119740410784399), 'feature_selection_filter__k': 24}",38.4425003528595,"[1, 2, 3, 4, 5, 6, 7, 8, 9, 10, 11, 12, 14, 16, 17, 18, 19, 20, 21, 22, 24, 27, 28, 29]","['V1', 'V2', 'V3', 'V4', 'V5', 'V6', 'V7', 'V8', 'V9', 'V10', 'V11', 'V12', 'V14', 'V16', 'V17', 'V18', 'V19', 'V20', 'V21', 'V22', 'V24', 'V27', 'V28', 'Time_sin']"
CostSensitiveLearning___RandomizedSearchCV__niter_30__cv_5,7,4,VotingClassifier,resubstitution,399,22124,10,27,0.9983599290780142,0.9755501222493888,0.9366197183098591,0.9556886227544911,0.999548206379326,0.0004517936206740458,0.9680839623445925,0.9675725086504521,0.9550589678750008,0.9548534782487356,0.9998708252042299,0.9894074695733143,22560,0.9612409565440622,0.0020975568806180043,0.8998380457503725,0.020840617440395243,"{'classifier__extratreesclassifier_0__ccp_alpha': np.float64(0.0031566082678796048), 'classifier__extratreesclassifier_0__max_depth': 5, 'classifier__extratreesclassifier_0__max_features': 'sqrt', 'classifier__extratreesclassifier_0__max_leaf_nodes': 15, 'classifier__extratreesclassifier_0__min_impurity_decrease': np.float64(0.07208609801073076), 'classifier__extratreesclassifier_0__min_samples_leaf': 8, 'classifier__extratreesclassifier_0__min_samples_split': 4, 'classifier__extratreesclassifier_0__n_estimators': 356, 'classifier__randomforestclassifier_1__ccp_alpha': np.float64(0.007975317956196586), 'classifier__randomforestclassifier_1__max_depth': 15, 'classifier__randomforestclassifier_1__max_features': 'sqrt', 'classifier__randomforestclassifier_1__max_leaf_nodes': 5, 'classifier__randomforestclassifier_1__max_samples': np.float64(0.7223565386163435), 'classifier__randomforestclassifier_1__min_impurity_decrease': np.float64(0.0824133608224401), 'classifier__randomforestclassifier_1__min_samples_leaf': 8, 'classifier__randomforestclassifier_1__min_samples_split': 3, 'classifier__randomforestclassifier_1__n_estimators': 201, 'classifier__xgbclassifier_2__colsample_bytree': np.float64(0.9741167843133924), 'classifier__xgbclassifier_2__gamma': np.float64(2.383341620725399), 'classifier__xgbclassifier_2__learning_rate': np.float64(0.07245970287332734), 'classifier__xgbclassifier_2__max_delta_step': 4, 'classifier__xgbclassifier_2__max_depth': 3, 'classifier__xgbclassifier_2__min_child_weight': 5, 'classifier__xgbclassifier_2__n_estimators': 313, 'classifier__xgbclassifier_2__reg_alpha': np.float64(0.5481690851541247), 'classifier__xgbclassifier_2__reg_lambda': np.float64(0.09553018050141929), 'classifier__xgbclassifier_2__scale_pos_weight': np.float64(8.079718276484574), 'classifier__xgbclassifier_2__subsample': np.float64(0.8402548072343061), 'feature_selection_filter__k': 28}",55.054492712020874,"[0, 1, 2, 3, 4, 5, 6, 7, 8, 9, 10, 11, 12, 14, 16, 17, 18, 19, 20, 21, 23, 24, 25, 26, 27, 28, 29, 30]","['Amount_log1p', 'V1', 'V2', 'V3', 'V4', 'V5', 'V6', 'V7', 'V8', 'V9', 'V10', 'V11', 'V12', 'V14', 'V16', 'V17', 'V18', 'V19', 'V20', 'V21', 'V23', 'V24', 'V25', 'V26', 'V27', 'V28', 'Time_sin', 'Time_cos']"
CostSensitiveLearning___RandomizedSearchCV__niter_30__cv_5,7,5,VotingClassifier,resubstitution,402,22126,9,23,0.9985815602836879,0.9781021897810219,0.9458823529411765,0.9617224880382775,0.9995934041111362,0.00040659588886382547,0.9727378785261563,0.972367091722628,0.961140003282624,0.9610000858957549,0.9998824326658606,0.9904379168032853,22560,0.9598886100124412,0.0047047367873463575,0.8960045865950186,0.022980314534520433,"{'classifier__extratreesclassifier_0__ccp_alpha': np.float64(0.004210353285202713), 'classifier__extratreesclassifier_0__max_depth': 11, 'classifier__extratreesclassifier_0__max_features': 'sqrt', 'classifier__extratreesclassifier_0__max_leaf_nodes': 13, 'classifier__extratreesclassifier_0__min_impurity_decrease': np.float64(0.08673131855102655), 'classifier__extratreesclassifier_0__min_samples_leaf': 3, 'classifier__extratreesclassifier_0__min_samples_split': 8, 'classifier__extratreesclassifier_0__n_estimators': 548, 'classifier__randomforestclassifier_1__ccp_alpha': np.float64(0.005701787021428379), 'classifier__randomforestclassifier_1__max_depth': 12, 'classifier__randomforestclassifier_1__max_features': 'sqrt', 'classifier__randomforestclassifier_1__max_leaf_nodes': 6, 'classifier__randomforestclassifier_1__max_samples': np.float64(0.6261802755985976), 'classifier__randomforestclassifier_1__min_impurity_decrease': np.float64(0.07155573372242785), 'classifier__randomforestclassifier_1__min_samples_leaf': 5, 'classifier__randomforestclassifier_1__min_samples_split': 4, 'classifier__randomforestclassifier_1__n_estimators': 141, 'classifier__xgbclassifier_2__colsample_bytree': np.float64(0.8531252811865546), 'classifier__xgbclassifier_2__gamma': np.float64(1.1531242156529826), 'classifier__xgbclassifier_2__learning_rate': np.float64(0.05865794790643826), 'classifier__xgbclassifier_2__max_delta_step': 4, 'classifier__xgbclassifier_2__max_depth': 8, 'classifier__xgbclassifier_2__min_child_weight': 7, 'classifier__xgbclassifier_2__n_estimators': 691, 'classifier__xgbclassifier_2__reg_alpha': np.float64(0.0002519215045400778), 'classifier__xgbclassifier_2__reg_lambda': np.float64(0.03208174738016865), 'classifier__xgbclassifier_2__scale_pos_weight': np.float64(5.381686787568812), 'classifier__xgbclassifier_2__subsample': np.float64(0.9888321981066375), 'feature_selection_filter__k': 20}",56.43244814872742,"[1, 2, 3, 4, 5, 6, 7, 8, 9, 10, 11, 12, 14, 16, 17, 18, 19, 20, 21, 27]","['V1', 'V2', 'V3', 'V4', 'V5', 'V6', 'V7', 'V8', 'V9', 'V10', 'V11', 'V12', 'V14', 'V16', 'V17', 'V18', 'V19', 'V20', 'V21', 'V27']"
CostSensitiveLearning___RandomizedSearchCV__niter_30__cv_5,7,6,VotingClassifier,resubstitution,382,22124,11,43,0.9976063829787234,0.9720101781170484,0.8988235294117647,0.9339853300733496,0.9995030494691665,0.0004969505308335398,0.9491632894404656,0.9478274413529595,0.9335094995089243,0.9327683232312529,0.9996997036899241,0.9794991972526027,22560,0.9356097867887161,0.0007607183465855512,0.9069926157833059,0.025838459992267016,"{'classifier__extratreesclassifier_0__ccp_alpha': np.float64(0.006017578751940582), 'classifier__extratreesclassifier_0__max_depth': 9, 'classifier__extratreesclassifier_0__max_features': 'log2', 'classifier__extratreesclassifier_0__max_leaf_nodes': 5, 'classifier__extratreesclassifier_0__min_impurity_decrease': np.float64(0.05943099906676424), 'classifier__extratreesclassifier_0__min_samples_leaf': 3, 'classifier__extratreesclassifier_0__min_samples_split': 8, 'classifier__extratreesclassifier_0__n_estimators': 114, 'classifier__randomforestclassifier_1__ccp_alpha': np.float64(0.004000114272127558), 'classifier__randomforestclassifier_1__max_depth': 9, 'classifier__randomforestclassifier_1__max_features': 'sqrt', 'classifier__randomforestclassifier_1__max_leaf_nodes': 4, 'classifier__randomforestclassifier_1__max_samples': np.float64(0.7504238410729018), 'classifier__randomforestclassifier_1__min_impurity_decrease': np.float64(0.08289108114996613), 'classifier__randomforestclassifier_1__min_samples_leaf': 9, 'classifier__randomforestclassifier_1__min_samples_split': 2, 'classifier__randomforestclassifier_1__n_estimators': 297, 'classifier__xgbclassifier_2__colsample_bytree': np.float64(0.9366064312851039), 'classifier__xgbclassifier_2__gamma': np.float64(3.481953046736734), 'classifier__xgbclassifier_2__learning_rate': np.float64(0.12796771395156367), 'classifier__xgbclassifier_2__max_delta_step': 9, 'classifier__xgbclassifier_2__max_depth': 5, 'classifier__xgbclassifier_2__min_child_weight': 4, 'classifier__xgbclassifier_2__n_estimators': 746, 'classifier__xgbclassifier_2__reg_alpha': np.float64(0.02341192098760688), 'classifier__xgbclassifier_2__reg_lambda': np.float64(5.148665329936963), 'classifier__xgbclassifier_2__scale_pos_weight': np.float64(3.5134978237465098), 'classifier__xgbclassifier_2__subsample': np.float64(0.8490147812148914), 'feature_selection_filter__k': 22}",43.91629958152771,"[0, 1, 2, 3, 4, 5, 6, 7, 8, 9, 10, 11, 12, 14, 16, 17, 18, 19, 20, 21, 27, 29]","['Amount_log1p', 'V1', 'V2', 'V3', 'V4', 'V5', 'V6', 'V7', 'V8', 'V9', 'V10', 'V11', 'V12', 'V14', 'V16', 'V17', 'V18', 'V19', 'V20', 'V21', 'V27', 'Time_sin']"
CostSensitiveLearning___RandomizedSearchCV__niter_30__cv_5,7,7,VotingClassifier,resubstitution,424,22123,12,1,0.9994237588652483,0.9724770642201835,0.9976470588235294,0.9849012775842044,0.9994578721481816,0.000542127851818397,0.9985524654858555,0.9985520550109827,0.9846911226695857,0.9846076008892827,0.9998789247797606,0.9916238289109748,22560,0.9851763616098482,0.0024676429010152432,0.8960402543799632,0.022355593949680723,"{'classifier__extratreesclassifier_0__ccp_alpha': np.float64(0.005267143829529745), 'classifier__extratreesclassifier_0__max_depth': 8, 'classifier__extratreesclassifier_0__max_features': 'log2', 'classifier__extratreesclassifier_0__max_leaf_nodes': 13, 'classifier__extratreesclassifier_0__min_impurity_decrease': np.float64(0.07771813359052314), 'classifier__extratreesclassifier_0__min_samples_leaf': 9, 'classifier__extratreesclassifier_0__min_samples_split': 6, 'classifier__extratreesclassifier_0__n_estimators': 686, 'classifier__randomforestclassifier_1__ccp_alpha': np.float64(0.004379454880403067), 'classifier__randomforestclassifier_1__max_depth': 9, 'classifier__randomforestclassifier_1__max_features': 'log2', 'classifier__randomforestclassifier_1__max_leaf_nodes': 11, 'classifier__randomforestclassifier_1__max_samples': np.float64(0.7735978732539954), 'classifier__randomforestclassifier_1__min_impurity_decrease': np.float64(0.029279823295503007), 'classifier__randomforestclassifier_1__min_samples_leaf': 1, 'classifier__randomforestclassifier_1__min_samples_split': 4, 'classifier__randomforestclassifier_1__n_estimators': 185, 'classifier__xgbclassifier_2__colsample_bytree': np.float64(0.6807210375908582), 'classifier__xgbclassifier_2__gamma': np.float64(1.1485185763507717), 'classifier__xgbclassifier_2__learning_rate': np.float64(0.1309989359382316), 'classifier__xgbclassifier_2__max_delta_step': 0, 'classifier__xgbclassifier_2__max_depth': 8, 'classifier__xgbclassifier_2__min_child_weight': 1, 'classifier__xgbclassifier_2__n_estimators': 671, 'classifier__xgbclassifier_2__reg_alpha': np.float64(0.004846908157652387), 'classifier__xgbclassifier_2__reg_lambda': np.float64(7.278845003020554), 'classifier__xgbclassifier_2__scale_pos_weight': np.float64(18.30860808456822), 'classifier__xgbclassifier_2__subsample': np.float64(0.9779573744204629), 'feature_selection_filter__k': 'all'}",52.87511372566223,"[0, 1, 2, 3, 4, 5, 6, 7, 8, 9, 10, 11, 12, 13, 14, 15, 16, 17, 18, 19, 20, 21, 22, 23, 24, 25, 26, 27, 28, 29, 30]","['Amount_log1p', 'V1', 'V2', 'V3', 'V4', 'V5', 'V6', 'V7', 'V8', 'V9', 'V10', 'V11', 'V12', 'V13', 'V14', 'V15', 'V16', 'V17', 'V18', 'V19', 'V20', 'V21', 'V22', 'V23', 'V24', 'V25', 'V26', 'V27', 'V28', 'Time_sin', 'Time_cos']"
CostSensitiveLearning___RandomizedSearchCV__niter_30__cv_5,7,8,VotingClassifier,resubstitution,408,22125,10,18,0.9987589202606267,0.9760765550239234,0.9577464788732394,0.966824644549763,0.9995482267901513,0.00045177320984868263,0.9786473528316953,0.9784241384349925,0.9662374115675801,0.966192334228937,0.9998688160890652,0.9874140561544846,22561,0.964767677117537,0.0030934946758531465,0.9113453890672112,0.02359013285341108,"{'classifier__extratreesclassifier_0__ccp_alpha': np.float64(0.008098400302735653), 'classifier__extratreesclassifier_0__max_depth': 4, 'classifier__extratreesclassifier_0__max_features': 'log2', 'classifier__extratreesclassifier_0__max_leaf_nodes': 11, 'classifier__extratreesclassifier_0__min_impurity_decrease': np.float64(0.05274110610596925), 'classifier__extratreesclassifier_0__min_samples_leaf': 2, 'classifier__extratreesclassifier_0__min_samples_split': 9, 'classifier__extratreesclassifier_0__n_estimators': 545, 'classifier__randomforestclassifier_1__ccp_alpha': np.float64(0.0005474903967897016), 'classifier__randomforestclassifier_1__max_depth': 15, 'classifier__randomforestclassifier_1__max_features': 'log2', 'classifier__randomforestclassifier_1__max_leaf_nodes': 11, 'classifier__randomforestclassifier_1__max_samples': np.float64(0.8326575519673038), 'classifier__randomforestclassifier_1__min_impurity_decrease': np.float64(0.02764772354737476), 'classifier__randomforestclassifier_1__min_samples_leaf': 5, 'classifier__randomforestclassifier_1__min_samples_split': 7, 'classifier__randomforestclassifier_1__n_estimators': 993, 'classifier__xgbclassifier_2__colsample_bytree': np.float64(0.7822100942110766), 'classifier__xgbclassifier_2__gamma': np.float64(1.953167363094842), 'classifier__xgbclassifier_2__learning_rate': np.float64(0.03243330733411434), 'classifier__xgbclassifier_2__max_delta_step': 7, 'classifier__xgbclassifier_2__max_depth': 5, 'classifier__xgbclassifier_2__min_child_weight': 8, 'classifier__xgbclassifier_2__n_estimators': 626, 'classifier__xgbclassifier_2__reg_alpha': np.float64(0.005679630013360064), 'classifier__xgbclassifier_2__reg_lambda': np.float64(0.005296020418140364), 'classifier__xgbclassifier_2__scale_pos_weight': np.float64(9.843180374791707), 'classifier__xgbclassifier_2__subsample': np.float64(0.7046370514141326), 'feature_selection_filter__k': 26}",64.70757746696472,"[0, 1, 2, 3, 4, 5, 6, 7, 8, 9, 10, 11, 12, 14, 16, 17, 18, 19, 20, 21, 22, 24, 26, 27, 28, 29]","['Amount_log1p', 'V1', 'V2', 'V3', 'V4', 'V5', 'V6', 'V7', 'V8', 'V9', 'V10', 'V11', 'V12', 'V14', 'V16', 'V17', 'V18', 'V19', 'V20', 'V21', 'V22', 'V24', 'V26', 'V27', 'V28', 'Time_sin']"
CostSensitiveLearning___RandomizedSearchCV__niter_30__cv_5,7,9,VotingClassifier,resubstitution,426,22128,7,0,0.9996897300651567,0.9838337182448037,1.0,0.9918509895227008,0.9996837587531059,0.00031624124689411115,0.9998418793765529,0.9998418668735101,0.9917270740697813,0.991692854598839,0.9999135692098529,0.9941403367215409,22561,0.9930079943471635,0.0010827475348288813,0.9014635984881233,0.030558671024730658,"{'classifier__extratreesclassifier_0__ccp_alpha': np.float64(0.0011605886230508433), 'classifier__extratreesclassifier_0__max_depth': 18, 'classifier__extratreesclassifier_0__max_features': 'log2', 'classifier__extratreesclassifier_0__max_leaf_nodes': 17, 'classifier__extratreesclassifier_0__min_impurity_decrease': np.float64(0.08543326607308578), 'classifier__extratreesclassifier_0__min_samples_leaf': 1, 'classifier__extratreesclassifier_0__min_samples_split': 8, 'classifier__extratreesclassifier_0__n_estimators': 966, 'classifier__randomforestclassifier_1__ccp_alpha': np.float64(0.009550099959876044), 'classifier__randomforestclassifier_1__max_depth': 12, 'classifier__randomforestclassifier_1__max_features': 'log2', 'classifier__randomforestclassifier_1__max_leaf_nodes': 2, 'classifier__randomforestclassifier_1__max_samples': np.float64(0.7495437326615343), 'classifier__randomforestclassifier_1__min_impurity_decrease': np.float64(0.006524502774677011), 'classifier__randomforestclassifier_1__min_samples_leaf': 1, 'classifier__randomforestclassifier_1__min_samples_split': 2, 'classifier__randomforestclassifier_1__n_estimators': 843, 'classifier__xgbclassifier_2__colsample_bytree': np.float64(0.6541604279253111), 'classifier__xgbclassifier_2__gamma': np.float64(0.050527923644999584), 'classifier__xgbclassifier_2__learning_rate': np.float64(0.03444345119883064), 'classifier__xgbclassifier_2__max_delta_step': 1, 'classifier__xgbclassifier_2__max_depth': 4, 'classifier__xgbclassifier_2__min_child_weight': 3, 'classifier__xgbclassifier_2__n_estimators': 665, 'classifier__xgbclassifier_2__reg_alpha': np.float64(0.010922745073224781), 'classifier__xgbclassifier_2__reg_lambda': np.float64(0.0037198449336528793), 'classifier__xgbclassifier_2__scale_pos_weight': np.float64(17.38087559445151), 'classifier__xgbclassifier_2__subsample': np.float64(0.8404079118871516), 'feature_selection_filter__k': 26}",61.088977098464966,"[0, 1, 2, 3, 4, 5, 6, 7, 8, 9, 10, 11, 12, 14, 16, 17, 18, 19, 20, 21, 22, 23, 24, 27, 28, 29]","['Amount_log1p', 'V1', 'V2', 'V3', 'V4', 'V5', 'V6', 'V7', 'V8', 'V9', 'V10', 'V11', 'V12', 'V14', 'V16', 'V17', 'V18', 'V19', 'V20', 'V21', 'V22', 'V23', 'V24', 'V27', 'V28', 'Time_sin']"
CostSensitiveLearning___RandomizedSearchCV__niter_30__cv_5,7,10,VotingClassifier,resubstitution,366,22124,11,60,0.9968529763751607,0.9708222811671088,0.8591549295774648,0.9115815691158157,0.9995030494691665,0.0004969505308335398,0.9293289895233157,0.9266757642666301,0.9117466352769321,0.909985620343463,0.9920063714869596,0.9261551959335227,22561,0.9123617451195445,0.002322877439395202,0.898402510247767,0.009536960556296692,"{'classifier__extratreesclassifier_0__ccp_alpha': np.float64(0.005331250056584405), 'classifier__extratreesclassifier_0__max_depth': 13, 'classifier__extratreesclassifier_0__max_features': 'sqrt', 'classifier__extratreesclassifier_0__max_leaf_nodes': 15, 'classifier__extratreesclassifier_0__min_impurity_decrease': np.float64(0.014799994620286206), 'classifier__extratreesclassifier_0__min_samples_leaf': 7, 'classifier__extratreesclassifier_0__min_samples_split': 8, 'classifier__extratreesclassifier_0__n_estimators': 984, 'classifier__randomforestclassifier_1__ccp_alpha': np.float64(0.007317810585192914), 'classifier__randomforestclassifier_1__max_depth': 17, 'classifier__randomforestclassifier_1__max_features': 'sqrt', 'classifier__randomforestclassifier_1__max_leaf_nodes': 10, 'classifier__randomforestclassifier_1__max_samples': np.float64(0.7457445389767233), 'classifier__randomforestclassifier_1__min_impurity_decrease': np.float64(0.021973296534421507), 'classifier__randomforestclassifier_1__min_samples_leaf': 1, 'classifier__randomforestclassifier_1__min_samples_split': 3, 'classifier__randomforestclassifier_1__n_estimators': 979, 'classifier__xgbclassifier_2__colsample_bytree': np.float64(0.7065687716632238), 'classifier__xgbclassifier_2__gamma': np.float64(1.4647687272468617), 'classifier__xgbclassifier_2__learning_rate': np.float64(0.02360936148110901), 'classifier__xgbclassifier_2__max_delta_step': 3, 'classifier__xgbclassifier_2__max_depth': 5, 'classifier__xgbclassifier_2__min_child_weight': 4, 'classifier__xgbclassifier_2__n_estimators': 745, 'classifier__xgbclassifier_2__reg_alpha': np.float64(9.17482085968185), 'classifier__xgbclassifier_2__reg_lambda': np.float64(0.09822474064622547), 'classifier__xgbclassifier_2__scale_pos_weight': np.float64(2.04168717707991), 'classifier__xgbclassifier_2__subsample': np.float64(0.9414283470442422), 'feature_selection_filter__k': 28}",73.40491366386414,"[0, 1, 2, 3, 4, 5, 6, 7, 8, 9, 10, 11, 12, 14, 16, 17, 18, 19, 20, 21, 22, 23, 24, 25, 27, 28, 29, 30]","['Amount_log1p', 'V1', 'V2', 'V3', 'V4', 'V5', 'V6', 'V7', 'V8', 'V9', 'V10', 'V11', 'V12', 'V14', 'V16', 'V17', 'V18', 'V19', 'V20', 'V21', 'V22', 'V23', 'V24', 'V25', 'V27', 'V28', 'Time_sin', 'Time_cos']"
CostSensitiveLearning___RandomizedSearchCV__niter_30__cv_5,8,1,VotingClassifier,resubstitution,365,22125,9,61,0.9968971631205674,0.9759358288770054,0.8568075117370892,0.9125,0.9995933857413933,0.00040661425860666345,0.9282004487392412,0.9254507667001717,0.9129280700989798,0.9109273706111763,0.9852718461305467,0.9242271916667011,22560,0.9124883623214914,0.0053180658998980505,0.9005308096489133,0.018506095172637623,"{'classifier__extratreesclassifier_0__ccp_alpha': np.float64(0.005157884529777441), 'classifier__extratreesclassifier_0__max_depth': 15, 'classifier__extratreesclassifier_0__max_features': 'sqrt', 'classifier__extratreesclassifier_0__max_leaf_nodes': 3, 'classifier__extratreesclassifier_0__min_impurity_decrease': np.float64(0.09910747768808896), 'classifier__extratreesclassifier_0__min_samples_leaf': 1, 'classifier__extratreesclassifier_0__min_samples_split': 9, 'classifier__extratreesclassifier_0__n_estimators': 927, 'classifier__randomforestclassifier_1__ccp_alpha': np.float64(0.006782490829914595), 'classifier__randomforestclassifier_1__max_depth': 12, 'classifier__randomforestclassifier_1__max_features': 'log2', 'classifier__randomforestclassifier_1__max_leaf_nodes': 8, 'classifier__randomforestclassifier_1__max_samples': np.float64(0.8311672391472597), 'classifier__randomforestclassifier_1__min_impurity_decrease': np.float64(0.06625482216273662), 'classifier__randomforestclassifier_1__min_samples_leaf': 6, 'classifier__randomforestclassifier_1__min_samples_split': 4, 'classifier__randomforestclassifier_1__n_estimators': 697, 'classifier__xgbclassifier_2__colsample_bytree': np.float64(0.7630290528995045), 'classifier__xgbclassifier_2__gamma': np.float64(3.183781531455595), 'classifier__xgbclassifier_2__learning_rate': np.float64(0.05152257566929552), 'classifier__xgbclassifier_2__max_delta_step': 3, 'classifier__xgbclassifier_2__max_depth': 6, 'classifier__xgbclassifier_2__min_child_weight': 3, 'classifier__xgbclassifier_2__n_estimators': 251, 'classifier__xgbclassifier_2__reg_alpha': np.float64(0.012673834451233637), 'classifier__xgbclassifier_2__reg_lambda': np.float64(0.04201026739739893), 'classifier__xgbclassifier_2__scale_pos_weight': np.float64(0.7917537175551826), 'classifier__xgbclassifier_2__subsample': np.float64(0.9796145807903164), 'feature_selection_filter__k': 'all'}",63.06023097038269,"[0, 1, 2, 3, 4, 5, 6, 7, 8, 9, 10, 11, 12, 13, 14, 15, 16, 17, 18, 19, 20, 21, 22, 23, 24, 25, 26, 27, 28, 29, 30]","['Amount_log1p', 'V1', 'V2', 'V3', 'V4', 'V5', 'V6', 'V7', 'V8', 'V9', 'V10', 'V11', 'V12', 'V13', 'V14', 'V15', 'V16', 'V17', 'V18', 'V19', 'V20', 'V21', 'V22', 'V23', 'V24', 'V25', 'V26', 'V27', 'V28', 'Time_sin', 'Time_cos']"
CostSensitiveLearning___RandomizedSearchCV__niter_30__cv_5,8,2,VotingClassifier,resubstitution,393,22130,4,33,0.9983599290780142,0.9899244332493703,0.9225352112676056,0.9550425273390036,0.9998192825517304,0.00018071744826964053,0.961177246909668,0.9604001733955937,0.9548234879447298,0.9542083126790177,0.9999449575377629,0.9966724104354703,22560,0.950368874039957,0.003699778809335856,0.9109163251485703,0.013653410881586593,"{'classifier__extratreesclassifier_0__ccp_alpha': np.float64(0.008320296297773717), 'classifier__extratreesclassifier_0__max_depth': 10, 'classifier__extratreesclassifier_0__max_features': 'sqrt', 'classifier__extratreesclassifier_0__max_leaf_nodes': 8, 'classifier__extratreesclassifier_0__min_impurity_decrease': np.float64(0.016480860451044344), 'classifier__extratreesclassifier_0__min_samples_leaf': 9, 'classifier__extratreesclassifier_0__min_samples_split': 9, 'classifier__extratreesclassifier_0__n_estimators': 389, 'classifier__randomforestclassifier_1__ccp_alpha': np.float64(0.002459590103531897), 'classifier__randomforestclassifier_1__max_depth': 4, 'classifier__randomforestclassifier_1__max_features': 'sqrt', 'classifier__randomforestclassifier_1__max_leaf_nodes': 4, 'classifier__randomforestclassifier_1__max_samples': np.float64(0.5449088487938201), 'classifier__randomforestclassifier_1__min_impurity_decrease': np.float64(0.09080501924918893), 'classifier__randomforestclassifier_1__min_samples_leaf': 2, 'classifier__randomforestclassifier_1__min_samples_split': 4, 'classifier__randomforestclassifier_1__n_estimators': 915, 'classifier__xgbclassifier_2__colsample_bytree': np.float64(0.860964809828762), 'classifier__xgbclassifier_2__gamma': np.float64(0.5490731839467877), 'classifier__xgbclassifier_2__learning_rate': np.float64(0.08012641282626716), 'classifier__xgbclassifier_2__max_delta_step': 6, 'classifier__xgbclassifier_2__max_depth': 6, 'classifier__xgbclassifier_2__min_child_weight': 4, 'classifier__xgbclassifier_2__n_estimators': 610, 'classifier__xgbclassifier_2__reg_alpha': np.float64(0.008588757768430363), 'classifier__xgbclassifier_2__reg_lambda': np.float64(0.008490079528694173), 'classifier__xgbclassifier_2__scale_pos_weight': np.float64(1.3896923287912781), 'classifier__xgbclassifier_2__subsample': np.float64(0.7652148953233814), 'feature_selection_filter__k': 24}",62.46853542327881,"[0, 1, 2, 3, 4, 5, 6, 7, 8, 9, 10, 11, 12, 14, 16, 17, 18, 19, 20, 21, 24, 27, 28, 29]","['Amount_log1p', 'V1', 'V2', 'V3', 'V4', 'V5', 'V6', 'V7', 'V8', 'V9', 'V10', 'V11', 'V12', 'V14', 'V16', 'V17', 'V18', 'V19', 'V20', 'V21', 'V24', 'V27', 'V28', 'Time_sin']"
CostSensitiveLearning___RandomizedSearchCV__niter_30__cv_5,8,3,VotingClassifier,resubstitution,397,22124,10,29,0.9982712765957447,0.9754299754299754,0.931924882629108,0.9531812725090036,0.999548206379326,0.0004517936206740458,0.965736544504217,0.96514446841506,0.9525583455118265,0.9523011196746172,0.9998443114940964,0.9857386435942771,22560,0.9575058477585046,0.0028440239509581982,0.8928650989052409,0.024365981234411326,"{'classifier__extratreesclassifier_0__ccp_alpha': np.float64(0.005972943678034948), 'classifier__extratreesclassifier_0__max_depth': 3, 'classifier__extratreesclassifier_0__max_features': 'sqrt', 'classifier__extratreesclassifier_0__max_leaf_nodes': 14, 'classifier__extratreesclassifier_0__min_impurity_decrease': np.float64(0.05934210650870976), 'classifier__extratreesclassifier_0__min_samples_leaf': 5, 'classifier__extratreesclassifier_0__min_samples_split': 7, 'classifier__extratreesclassifier_0__n_estimators': 334, 'classifier__randomforestclassifier_1__ccp_alpha': np.float64(0.0025703173363037504), 'classifier__randomforestclassifier_1__max_depth': 15, 'classifier__randomforestclassifier_1__max_features': 'log2', 'classifier__randomforestclassifier_1__max_leaf_nodes': 10, 'classifier__randomforestclassifier_1__max_samples': np.float64(0.5047068291568819), 'classifier__randomforestclassifier_1__min_impurity_decrease': np.float64(0.0929323193606641), 'classifier__randomforestclassifier_1__min_samples_leaf': 4, 'classifier__randomforestclassifier_1__min_samples_split': 5, 'classifier__randomforestclassifier_1__n_estimators': 896, 'classifier__xgbclassifier_2__colsample_bytree': np.float64(0.613699649011433), 'classifier__xgbclassifier_2__gamma': np.float64(1.3214585523334965), 'classifier__xgbclassifier_2__learning_rate': np.float64(0.071126963340131), 'classifier__xgbclassifier_2__max_delta_step': 7, 'classifier__xgbclassifier_2__max_depth': 4, 'classifier__xgbclassifier_2__min_child_weight': 5, 'classifier__xgbclassifier_2__n_estimators': 382, 'classifier__xgbclassifier_2__reg_alpha': np.float64(0.4604938661025548), 'classifier__xgbclassifier_2__reg_lambda': np.float64(0.8366034100811797), 'classifier__xgbclassifier_2__scale_pos_weight': np.float64(5.407130267202384), 'classifier__xgbclassifier_2__subsample': np.float64(0.875315245709452), 'feature_selection_filter__k': 22}",72.75391674041748,"[1, 2, 3, 4, 5, 6, 7, 8, 9, 10, 11, 12, 14, 16, 17, 18, 19, 20, 21, 27, 28, 29]","['V1', 'V2', 'V3', 'V4', 'V5', 'V6', 'V7', 'V8', 'V9', 'V10', 'V11', 'V12', 'V14', 'V16', 'V17', 'V18', 'V19', 'V20', 'V21', 'V27', 'V28', 'Time_sin']"
CostSensitiveLearning___RandomizedSearchCV__niter_30__cv_5,8,4,VotingClassifier,resubstitution,379,22119,15,47,0.9972517730496454,0.9619289340101523,0.8896713615023474,0.9243902439024391,0.9993223095689889,0.0006776904310110687,0.9444968355356682,0.9429042579890669,0.9237227634495027,0.9229928661373418,0.9984534022604953,0.9610744492325008,22560,0.9265874414036208,0.004909115821098141,0.9025060817847794,0.022453632895391144,"{'classifier__extratreesclassifier_0__ccp_alpha': np.float64(0.009839003494996943), 'classifier__extratreesclassifier_0__max_depth': 5, 'classifier__extratreesclassifier_0__max_features': 'sqrt', 'classifier__extratreesclassifier_0__max_leaf_nodes': 15, 'classifier__extratreesclassifier_0__min_impurity_decrease': np.float64(0.04231937410012541), 'classifier__extratreesclassifier_0__min_samples_leaf': 1, 'classifier__extratreesclassifier_0__min_samples_split': 7, 'classifier__extratreesclassifier_0__n_estimators': 327, 'classifier__randomforestclassifier_1__ccp_alpha': np.float64(0.00973569893477638), 'classifier__randomforestclassifier_1__max_depth': 8, 'classifier__randomforestclassifier_1__max_features': 'sqrt', 'classifier__randomforestclassifier_1__max_leaf_nodes': 6, 'classifier__randomforestclassifier_1__max_samples': np.float64(0.801026877546434), 'classifier__randomforestclassifier_1__min_impurity_decrease': np.float64(0.0973198521922884), 'classifier__randomforestclassifier_1__min_samples_leaf': 8, 'classifier__randomforestclassifier_1__min_samples_split': 3, 'classifier__randomforestclassifier_1__n_estimators': 514, 'classifier__xgbclassifier_2__colsample_bytree': np.float64(0.6897454454060754), 'classifier__xgbclassifier_2__gamma': np.float64(2.0394403075651883), 'classifier__xgbclassifier_2__learning_rate': np.float64(0.010277642920057478), 'classifier__xgbclassifier_2__max_delta_step': 9, 'classifier__xgbclassifier_2__max_depth': 4, 'classifier__xgbclassifier_2__min_child_weight': 1, 'classifier__xgbclassifier_2__n_estimators': 543, 'classifier__xgbclassifier_2__reg_alpha': np.float64(0.015263043801104343), 'classifier__xgbclassifier_2__reg_lambda': np.float64(1.1572784632769129), 'classifier__xgbclassifier_2__scale_pos_weight': np.float64(7.504488848897791), 'classifier__xgbclassifier_2__subsample': np.float64(0.6418174205293314), 'feature_selection_filter__k': 28}",54.386576890945435,"[0, 1, 2, 3, 4, 5, 6, 7, 8, 9, 10, 11, 12, 13, 14, 16, 17, 18, 19, 20, 21, 22, 23, 24, 26, 27, 28, 29]","['Amount_log1p', 'V1', 'V2', 'V3', 'V4', 'V5', 'V6', 'V7', 'V8', 'V9', 'V10', 'V11', 'V12', 'V13', 'V14', 'V16', 'V17', 'V18', 'V19', 'V20', 'V21', 'V22', 'V23', 'V24', 'V26', 'V27', 'V28', 'Time_sin']"
CostSensitiveLearning___RandomizedSearchCV__niter_30__cv_5,8,5,VotingClassifier,resubstitution,387,22123,12,38,0.9977836879432624,0.9699248120300752,0.9105882352941177,0.9393203883495146,0.9994578721481816,0.000542127851818397,0.9550230537211497,0.9539887735451746,0.9386776985414995,0.9381927629643145,0.9998013260872454,0.9839093427973917,22560,0.9424147661260598,0.004806529356679447,0.9027401983032654,0.03793778345892171,"{'classifier__extratreesclassifier_0__ccp_alpha': np.float64(0.0011321375093048126), 'classifier__extratreesclassifier_0__max_depth': 18, 'classifier__extratreesclassifier_0__max_features': 'log2', 'classifier__extratreesclassifier_0__max_leaf_nodes': 14, 'classifier__extratreesclassifier_0__min_impurity_decrease': np.float64(0.0071021265958730265), 'classifier__extratreesclassifier_0__min_samples_leaf': 9, 'classifier__extratreesclassifier_0__min_samples_split': 5, 'classifier__extratreesclassifier_0__n_estimators': 542, 'classifier__randomforestclassifier_1__ccp_alpha': np.float64(0.0009498614847171594), 'classifier__randomforestclassifier_1__max_depth': 15, 'classifier__randomforestclassifier_1__max_features': 'sqrt', 'classifier__randomforestclassifier_1__max_leaf_nodes': 15, 'classifier__randomforestclassifier_1__max_samples': np.float64(0.5571752618080759), 'classifier__randomforestclassifier_1__min_impurity_decrease': np.float64(0.06522531606846876), 'classifier__randomforestclassifier_1__min_samples_leaf': 2, 'classifier__randomforestclassifier_1__min_samples_split': 6, 'classifier__randomforestclassifier_1__n_estimators': 838, 'classifier__xgbclassifier_2__colsample_bytree': np.float64(0.7531495474314991), 'classifier__xgbclassifier_2__gamma': np.float64(3.9462699715452954), 'classifier__xgbclassifier_2__learning_rate': np.float64(0.048157152310414064), 'classifier__xgbclassifier_2__max_delta_step': 9, 'classifier__xgbclassifier_2__max_depth': 9, 'classifier__xgbclassifier_2__min_child_weight': 9, 'classifier__xgbclassifier_2__n_estimators': 620, 'classifier__xgbclassifier_2__reg_alpha': np.float64(0.00023765723198282694), 'classifier__xgbclassifier_2__reg_lambda': np.float64(0.00021244600420965433), 'classifier__xgbclassifier_2__scale_pos_weight': np.float64(6.2165682050591995), 'classifier__xgbclassifier_2__subsample': np.float64(0.9554720239749463), 'feature_selection_filter__k': 'all'}",66.2655725479126,"[0, 1, 2, 3, 4, 5, 6, 7, 8, 9, 10, 11, 12, 13, 14, 15, 16, 17, 18, 19, 20, 21, 22, 23, 24, 25, 26, 27, 28, 29, 30]","['Amount_log1p', 'V1', 'V2', 'V3', 'V4', 'V5', 'V6', 'V7', 'V8', 'V9', 'V10', 'V11', 'V12', 'V13', 'V14', 'V15', 'V16', 'V17', 'V18', 'V19', 'V20', 'V21', 'V22', 'V23', 'V24', 'V25', 'V26', 'V27', 'V28', 'Time_sin', 'Time_cos']"
CostSensitiveLearning___RandomizedSearchCV__niter_30__cv_5,8,6,VotingClassifier,resubstitution,421,22132,3,4,0.9996897163120567,0.9929245283018868,0.9905882352941177,0.9917550058892816,0.9998644680370454,0.00013553196295457148,0.9952263516655815,0.9952155439532225,0.9915976035405093,0.9915968890610567,0.9999724684090939,0.998411810647411,22560,0.9884784918424735,0.0039247436457712104,0.8990411387656783,0.02237901537282935,"{'classifier__extratreesclassifier_0__ccp_alpha': np.float64(0.008771209393944717), 'classifier__extratreesclassifier_0__max_depth': 6, 'classifier__extratreesclassifier_0__max_features': 'sqrt', 'classifier__extratreesclassifier_0__max_leaf_nodes': 18, 'classifier__extratreesclassifier_0__min_impurity_decrease': np.float64(0.049686114109339055), 'classifier__extratreesclassifier_0__min_samples_leaf': 3, 'classifier__extratreesclassifier_0__min_samples_split': 3, 'classifier__extratreesclassifier_0__n_estimators': 431, 'classifier__randomforestclassifier_1__ccp_alpha': np.float64(0.0009544422537673337), 'classifier__randomforestclassifier_1__max_depth': 6, 'classifier__randomforestclassifier_1__max_features': 'log2', 'classifier__randomforestclassifier_1__max_leaf_nodes': 15, 'classifier__randomforestclassifier_1__max_samples': np.float64(0.7921139289212429), 'classifier__randomforestclassifier_1__min_impurity_decrease': np.float64(0.07654497224585302), 'classifier__randomforestclassifier_1__min_samples_leaf': 8, 'classifier__randomforestclassifier_1__min_samples_split': 4, 'classifier__randomforestclassifier_1__n_estimators': 843, 'classifier__xgbclassifier_2__colsample_bytree': np.float64(0.9042024856194775), 'classifier__xgbclassifier_2__gamma': np.float64(0.21067652781906643), 'classifier__xgbclassifier_2__learning_rate': np.float64(0.09865507436219256), 'classifier__xgbclassifier_2__max_delta_step': 2, 'classifier__xgbclassifier_2__max_depth': 8, 'classifier__xgbclassifier_2__min_child_weight': 2, 'classifier__xgbclassifier_2__n_estimators': 403, 'classifier__xgbclassifier_2__reg_alpha': np.float64(0.05182223345912952), 'classifier__xgbclassifier_2__reg_lambda': np.float64(0.0005158399922032921), 'classifier__xgbclassifier_2__scale_pos_weight': np.float64(3.468396513057555), 'classifier__xgbclassifier_2__subsample': np.float64(0.6382528540669397), 'feature_selection_filter__k': 22}",59.40024280548096,"[1, 2, 3, 4, 5, 6, 7, 8, 9, 10, 11, 12, 14, 16, 17, 18, 19, 20, 21, 27, 28, 29]","['V1', 'V2', 'V3', 'V4', 'V5', 'V6', 'V7', 'V8', 'V9', 'V10', 'V11', 'V12', 'V14', 'V16', 'V17', 'V18', 'V19', 'V20', 'V21', 'V27', 'V28', 'Time_sin']"
CostSensitiveLearning___RandomizedSearchCV__niter_30__cv_5,8,7,VotingClassifier,resubstitution,376,22125,10,49,0.9973847517730496,0.9740932642487047,0.8847058823529412,0.9272503082614056,0.9995482267901513,0.00045177320984868263,0.9421270545715463,0.9403755611119946,0.9270339535665905,0.9259218858351987,0.9984160299764813,0.9687744258478449,22560,0.9301659631128466,0.005042747195780864,0.8981612360642689,0.029870318976131554,"{'classifier__extratreesclassifier_0__ccp_alpha': np.float64(0.00434528046797921), 'classifier__extratreesclassifier_0__max_depth': 4, 'classifier__extratreesclassifier_0__max_features': 'sqrt', 'classifier__extratreesclassifier_0__max_leaf_nodes': 4, 'classifier__extratreesclassifier_0__min_impurity_decrease': np.float64(0.028510108835947935), 'classifier__extratreesclassifier_0__min_samples_leaf': 3, 'classifier__extratreesclassifier_0__min_samples_split': 2, 'classifier__extratreesclassifier_0__n_estimators': 875, 'classifier__randomforestclassifier_1__ccp_alpha': np.float64(0.003972917639358347), 'classifier__randomforestclassifier_1__max_depth': 15, 'classifier__randomforestclassifier_1__max_features': 'sqrt', 'classifier__randomforestclassifier_1__max_leaf_nodes': 10, 'classifier__randomforestclassifier_1__max_samples': np.float64(0.8597850746878588), 'classifier__randomforestclassifier_1__min_impurity_decrease': np.float64(0.09863111038625266), 'classifier__randomforestclassifier_1__min_samples_leaf': 4, 'classifier__randomforestclassifier_1__min_samples_split': 2, 'classifier__randomforestclassifier_1__n_estimators': 680, 'classifier__xgbclassifier_2__colsample_bytree': np.float64(0.7756936057833685), 'classifier__xgbclassifier_2__gamma': np.float64(2.7130856651556745), 'classifier__xgbclassifier_2__learning_rate': np.float64(0.023842623893574184), 'classifier__xgbclassifier_2__max_delta_step': 8, 'classifier__xgbclassifier_2__max_depth': 4, 'classifier__xgbclassifier_2__min_child_weight': 1, 'classifier__xgbclassifier_2__n_estimators': 364, 'classifier__xgbclassifier_2__reg_alpha': np.float64(0.00022792076788755703), 'classifier__xgbclassifier_2__reg_lambda': np.float64(1.3839826960126116), 'classifier__xgbclassifier_2__scale_pos_weight': np.float64(2.6194288876265475), 'classifier__xgbclassifier_2__subsample': np.float64(0.8655745960816406), 'feature_selection_filter__k': 24}",66.90512418746948,"[0, 1, 2, 3, 4, 5, 6, 7, 8, 9, 10, 11, 12, 14, 16, 17, 18, 19, 20, 21, 24, 27, 28, 29]","['Amount_log1p', 'V1', 'V2', 'V3', 'V4', 'V5', 'V6', 'V7', 'V8', 'V9', 'V10', 'V11', 'V12', 'V14', 'V16', 'V17', 'V18', 'V19', 'V20', 'V21', 'V24', 'V27', 'V28', 'Time_sin']"
CostSensitiveLearning___RandomizedSearchCV__niter_30__cv_5,8,8,VotingClassifier,resubstitution,404,22129,6,22,0.9987589202606267,0.9853658536585366,0.9483568075117371,0.9665071770334929,0.9997289360740909,0.00027106392590914297,0.9740428717929139,0.9737041348337442,0.96605884669763,0.9658751590077528,0.9999374304709365,0.9961779560813532,22561,0.9631464768731766,0.004109397314493158,0.8999776307142024,0.025211966297908672,"{'classifier__extratreesclassifier_0__ccp_alpha': np.float64(0.00812659820942977), 'classifier__extratreesclassifier_0__max_depth': 15, 'classifier__extratreesclassifier_0__max_features': 'log2', 'classifier__extratreesclassifier_0__max_leaf_nodes': 19, 'classifier__extratreesclassifier_0__min_impurity_decrease': np.float64(0.022648475619965625), 'classifier__extratreesclassifier_0__min_samples_leaf': 9, 'classifier__extratreesclassifier_0__min_samples_split': 4, 'classifier__extratreesclassifier_0__n_estimators': 502, 'classifier__randomforestclassifier_1__ccp_alpha': np.float64(0.008087750108279982), 'classifier__randomforestclassifier_1__max_depth': 9, 'classifier__randomforestclassifier_1__max_features': 'log2', 'classifier__randomforestclassifier_1__max_leaf_nodes': 14, 'classifier__randomforestclassifier_1__max_samples': np.float64(0.5452901154766288), 'classifier__randomforestclassifier_1__min_impurity_decrease': np.float64(0.042843402773002276), 'classifier__randomforestclassifier_1__min_samples_leaf': 9, 'classifier__randomforestclassifier_1__min_samples_split': 4, 'classifier__randomforestclassifier_1__n_estimators': 184, 'classifier__xgbclassifier_2__colsample_bytree': np.float64(0.7806857242728038), 'classifier__xgbclassifier_2__gamma': np.float64(0.7403852591137644), 'classifier__xgbclassifier_2__learning_rate': np.float64(0.08583437404292714), 'classifier__xgbclassifier_2__max_delta_step': 1, 'classifier__xgbclassifier_2__max_depth': 6, 'classifier__xgbclassifier_2__min_child_weight': 4, 'classifier__xgbclassifier_2__n_estimators': 582, 'classifier__xgbclassifier_2__reg_alpha': np.float64(0.00031055808772346955), 'classifier__xgbclassifier_2__reg_lambda': np.float64(0.0002607600395566798), 'classifier__xgbclassifier_2__scale_pos_weight': np.float64(2.989206006006909), 'classifier__xgbclassifier_2__subsample': np.float64(0.7943267192379724), 'feature_selection_filter__k': 26}",54.06271505355835,"[0, 1, 2, 3, 4, 5, 6, 7, 8, 9, 10, 11, 12, 14, 16, 17, 18, 19, 20, 21, 23, 24, 27, 28, 29, 30]","['Amount_log1p', 'V1', 'V2', 'V3', 'V4', 'V5', 'V6', 'V7', 'V8', 'V9', 'V10', 'V11', 'V12', 'V14', 'V16', 'V17', 'V18', 'V19', 'V20', 'V21', 'V23', 'V24', 'V27', 'V28', 'Time_sin', 'Time_cos']"
CostSensitiveLearning___RandomizedSearchCV__niter_30__cv_5,8,9,VotingClassifier,resubstitution,416,22122,13,10,0.9989805416426577,0.9696969696969697,0.9765258215962441,0.9730994152046784,0.9994126948271967,0.0005873051728032541,0.9879692582117204,0.9879029825493213,0.9725860678344385,0.9725798473241621,0.9998172757651246,0.9834673749197136,22561,0.9775519104044289,0.004775652508419613,0.902868092412656,0.024354674612155437,"{'classifier__extratreesclassifier_0__ccp_alpha': np.float64(0.006058130619179824), 'classifier__extratreesclassifier_0__max_depth': 9, 'classifier__extratreesclassifier_0__max_features': 'log2', 'classifier__extratreesclassifier_0__max_leaf_nodes': 11, 'classifier__extratreesclassifier_0__min_impurity_decrease': np.float64(0.07032124314855046), 'classifier__extratreesclassifier_0__min_samples_leaf': 4, 'classifier__extratreesclassifier_0__min_samples_split': 3, 'classifier__extratreesclassifier_0__n_estimators': 801, 'classifier__randomforestclassifier_1__ccp_alpha': np.float64(0.0035285375068355262), 'classifier__randomforestclassifier_1__max_depth': 8, 'classifier__randomforestclassifier_1__max_features': 'log2', 'classifier__randomforestclassifier_1__max_leaf_nodes': 12, 'classifier__randomforestclassifier_1__max_samples': np.float64(0.7357741076625628), 'classifier__randomforestclassifier_1__min_impurity_decrease': np.float64(0.09906157394792664), 'classifier__randomforestclassifier_1__min_samples_leaf': 1, 'classifier__randomforestclassifier_1__min_samples_split': 6, 'classifier__randomforestclassifier_1__n_estimators': 158, 'classifier__xgbclassifier_2__colsample_bytree': np.float64(0.8224273423847039), 'classifier__xgbclassifier_2__gamma': np.float64(1.3448043927318238), 'classifier__xgbclassifier_2__learning_rate': np.float64(0.01065239354374939), 'classifier__xgbclassifier_2__max_delta_step': 9, 'classifier__xgbclassifier_2__max_depth': 5, 'classifier__xgbclassifier_2__min_child_weight': 4, 'classifier__xgbclassifier_2__n_estimators': 789, 'classifier__xgbclassifier_2__reg_alpha': np.float64(0.005450798079933549), 'classifier__xgbclassifier_2__reg_lambda': np.float64(0.0006014462427644788), 'classifier__xgbclassifier_2__scale_pos_weight': np.float64(42.47970836924539), 'classifier__xgbclassifier_2__subsample': np.float64(0.8378096056169904), 'feature_selection_filter__k': 26}",46.443273305892944,"[0, 1, 2, 3, 4, 5, 6, 7, 8, 9, 10, 11, 12, 14, 16, 17, 18, 19, 20, 21, 22, 23, 24, 27, 28, 29]","['Amount_log1p', 'V1', 'V2', 'V3', 'V4', 'V5', 'V6', 'V7', 'V8', 'V9', 'V10', 'V11', 'V12', 'V14', 'V16', 'V17', 'V18', 'V19', 'V20', 'V21', 'V22', 'V23', 'V24', 'V27', 'V28', 'Time_sin']"
CostSensitiveLearning___RandomizedSearchCV__niter_30__cv_5,8,10,VotingClassifier,resubstitution,426,22126,9,0,0.9996010815123443,0.9793103448275862,1.0,0.9895470383275261,0.9995934041111362,0.00040659588886382547,0.999796702055568,0.9997966813863387,0.9893998995691569,0.9893437216945313,0.9998664829879814,0.9890029846579416,22561,0.9886876407769863,0.0016803645690318114,0.9030013416586782,0.019240882738063875,"{'classifier__extratreesclassifier_0__ccp_alpha': np.float64(0.003504974498798542), 'classifier__extratreesclassifier_0__max_depth': 15, 'classifier__extratreesclassifier_0__max_features': 'sqrt', 'classifier__extratreesclassifier_0__max_leaf_nodes': 11, 'classifier__extratreesclassifier_0__min_impurity_decrease': np.float64(0.09686014816545412), 'classifier__extratreesclassifier_0__min_samples_leaf': 6, 'classifier__extratreesclassifier_0__min_samples_split': 2, 'classifier__extratreesclassifier_0__n_estimators': 859, 'classifier__randomforestclassifier_1__ccp_alpha': np.float64(0.009317664105394637), 'classifier__randomforestclassifier_1__max_depth': 4, 'classifier__randomforestclassifier_1__max_features': 'log2', 'classifier__randomforestclassifier_1__max_leaf_nodes': 6, 'classifier__randomforestclassifier_1__max_samples': np.float64(0.8667261948841116), 'classifier__randomforestclassifier_1__min_impurity_decrease': np.float64(0.0858507336022945), 'classifier__randomforestclassifier_1__min_samples_leaf': 3, 'classifier__randomforestclassifier_1__min_samples_split': 2, 'classifier__randomforestclassifier_1__n_estimators': 395, 'classifier__xgbclassifier_2__colsample_bytree': np.float64(0.9582092901416485), 'classifier__xgbclassifier_2__gamma': np.float64(1.714372862600343), 'classifier__xgbclassifier_2__learning_rate': np.float64(0.06555560840486545), 'classifier__xgbclassifier_2__max_delta_step': 1, 'classifier__xgbclassifier_2__max_depth': 5, 'classifier__xgbclassifier_2__min_child_weight': 4, 'classifier__xgbclassifier_2__n_estimators': 683, 'classifier__xgbclassifier_2__reg_alpha': np.float64(0.006417975045510812), 'classifier__xgbclassifier_2__reg_lambda': np.float64(2.9259493814245485), 'classifier__xgbclassifier_2__scale_pos_weight': np.float64(37.174487885831084), 'classifier__xgbclassifier_2__subsample': np.float64(0.8244494750014398), 'feature_selection_filter__k': 28}",63.765313148498535,"[0, 1, 2, 3, 4, 5, 6, 7, 8, 9, 10, 11, 12, 13, 14, 16, 17, 18, 19, 20, 21, 23, 24, 26, 27, 28, 29, 30]","['Amount_log1p', 'V1', 'V2', 'V3', 'V4', 'V5', 'V6', 'V7', 'V8', 'V9', 'V10', 'V11', 'V12', 'V13', 'V14', 'V16', 'V17', 'V18', 'V19', 'V20', 'V21', 'V23', 'V24', 'V26', 'V27', 'V28', 'Time_sin', 'Time_cos']"
CostSensitiveLearning___RandomizedSearchCV__niter_30__cv_5,9,1,VotingClassifier,resubstitution,413,22122,12,13,0.9988918439716312,0.971764705882353,0.9694835680751174,0.9706227967097533,0.9994578476551911,0.0005421523448089216,0.9844707078651542,0.9843566225131173,0.9700587639771068,0.9700580682357514,0.9998533261555418,0.9877319292549591,22560,0.9681533306179533,0.004298596695922975,0.9038560769231623,0.026401455331966014,"{'classifier__extratreesclassifier_0__ccp_alpha': np.float64(0.005630048562155897), 'classifier__extratreesclassifier_0__max_depth': 3, 'classifier__extratreesclassifier_0__max_features': 'log2', 'classifier__extratreesclassifier_0__max_leaf_nodes': 2, 'classifier__extratreesclassifier_0__min_impurity_decrease': np.float64(0.0416594606358657), 'classifier__extratreesclassifier_0__min_samples_leaf': 4, 'classifier__extratreesclassifier_0__min_samples_split': 8, 'classifier__extratreesclassifier_0__n_estimators': 611, 'classifier__randomforestclassifier_1__ccp_alpha': np.float64(0.006646261519232033), 'classifier__randomforestclassifier_1__max_depth': 13, 'classifier__randomforestclassifier_1__max_features': 'sqrt', 'classifier__randomforestclassifier_1__max_leaf_nodes': 11, 'classifier__randomforestclassifier_1__max_samples': np.float64(0.5584421273761414), 'classifier__randomforestclassifier_1__min_impurity_decrease': np.float64(0.05138349447532586), 'classifier__randomforestclassifier_1__min_samples_leaf': 4, 'classifier__randomforestclassifier_1__min_samples_split': 4, 'classifier__randomforestclassifier_1__n_estimators': 286, 'classifier__xgbclassifier_2__colsample_bytree': np.float64(0.8239272464928828), 'classifier__xgbclassifier_2__gamma': np.float64(4.650689914877887), 'classifier__xgbclassifier_2__learning_rate': np.float64(0.13203296099406966), 'classifier__xgbclassifier_2__max_delta_step': 4, 'classifier__xgbclassifier_2__max_depth': 7, 'classifier__xgbclassifier_2__min_child_weight': 8, 'classifier__xgbclassifier_2__n_estimators': 769, 'classifier__xgbclassifier_2__reg_alpha': np.float64(0.9966118664987758), 'classifier__xgbclassifier_2__reg_lambda': np.float64(0.10014609753593123), 'classifier__xgbclassifier_2__scale_pos_weight': np.float64(13.110000150762442), 'classifier__xgbclassifier_2__subsample': np.float64(0.6329819942530858), 'feature_selection_filter__k': 22}",45.13287401199341,"[1, 2, 3, 4, 5, 6, 7, 8, 9, 10, 11, 12, 14, 16, 17, 18, 19, 20, 21, 27, 28, 29]","['V1', 'V2', 'V3', 'V4', 'V5', 'V6', 'V7', 'V8', 'V9', 'V10', 'V11', 'V12', 'V14', 'V16', 'V17', 'V18', 'V19', 'V20', 'V21', 'V27', 'V28', 'Time_sin']"
CostSensitiveLearning___RandomizedSearchCV__niter_30__cv_5,9,2,VotingClassifier,resubstitution,400,22119,15,26,0.9981826241134751,0.963855421686747,0.9389671361502347,0.9512485136741974,0.9993223095689889,0.0006776904310110687,0.9691447228596118,0.9686747684889041,0.9504071456819381,0.9503227282541095,0.9998034803804907,0.9831516451230752,22560,0.9541819376911509,0.004670591492922148,0.9013687833992472,0.02402294262073427,"{'classifier__extratreesclassifier_0__ccp_alpha': np.float64(0.005093249075305204), 'classifier__extratreesclassifier_0__max_depth': 3, 'classifier__extratreesclassifier_0__max_features': 'log2', 'classifier__extratreesclassifier_0__max_leaf_nodes': 13, 'classifier__extratreesclassifier_0__min_impurity_decrease': np.float64(8.188761366767494e-06), 'classifier__extratreesclassifier_0__min_samples_leaf': 2, 'classifier__extratreesclassifier_0__min_samples_split': 7, 'classifier__extratreesclassifier_0__n_estimators': 719, 'classifier__randomforestclassifier_1__ccp_alpha': np.float64(0.0028218079298341615), 'classifier__randomforestclassifier_1__max_depth': 16, 'classifier__randomforestclassifier_1__max_features': 'sqrt', 'classifier__randomforestclassifier_1__max_leaf_nodes': 9, 'classifier__randomforestclassifier_1__max_samples': np.float64(0.656921628433571), 'classifier__randomforestclassifier_1__min_impurity_decrease': np.float64(0.08515480513871754), 'classifier__randomforestclassifier_1__min_samples_leaf': 7, 'classifier__randomforestclassifier_1__min_samples_split': 7, 'classifier__randomforestclassifier_1__n_estimators': 177, 'classifier__xgbclassifier_2__colsample_bytree': np.float64(0.9255536094203829), 'classifier__xgbclassifier_2__gamma': np.float64(4.93037225403248), 'classifier__xgbclassifier_2__learning_rate': np.float64(0.10186133053116524), 'classifier__xgbclassifier_2__max_delta_step': 8, 'classifier__xgbclassifier_2__max_depth': 5, 'classifier__xgbclassifier_2__min_child_weight': 1, 'classifier__xgbclassifier_2__n_estimators': 523, 'classifier__xgbclassifier_2__reg_alpha': np.float64(0.0033112915056252032), 'classifier__xgbclassifier_2__reg_lambda': np.float64(7.995253190512889), 'classifier__xgbclassifier_2__scale_pos_weight': np.float64(24.029987862164983), 'classifier__xgbclassifier_2__subsample': np.float64(0.9118286210151728), 'feature_selection_filter__k': 'all'}",47.164790868759155,"[0, 1, 2, 3, 4, 5, 6, 7, 8, 9, 10, 11, 12, 13, 14, 15, 16, 17, 18, 19, 20, 21, 22, 23, 24, 25, 26, 27, 28, 29, 30]","['Amount_log1p', 'V1', 'V2', 'V3', 'V4', 'V5', 'V6', 'V7', 'V8', 'V9', 'V10', 'V11', 'V12', 'V13', 'V14', 'V15', 'V16', 'V17', 'V18', 'V19', 'V20', 'V21', 'V22', 'V23', 'V24', 'V25', 'V26', 'V27', 'V28', 'Time_sin', 'Time_cos']"
CostSensitiveLearning___RandomizedSearchCV__niter_30__cv_5,9,3,VotingClassifier,resubstitution,421,22123,11,5,0.999290780141844,0.9745370370370371,0.9882629107981221,0.9813519813519813,0.9995030270172586,0.0004969729827414282,0.9938829689076903,0.9938670790561532,0.9810154415948361,0.9809905154805961,0.9998508868942094,0.9873222072205086,22560,0.9801644954356517,0.0038136242445376,0.9002640981823833,0.024603342340573466,"{'classifier__extratreesclassifier_0__ccp_alpha': np.float64(0.003294996173758317), 'classifier__extratreesclassifier_0__max_depth': 14, 'classifier__extratreesclassifier_0__max_features': 'log2', 'classifier__extratreesclassifier_0__max_leaf_nodes': 11, 'classifier__extratreesclassifier_0__min_impurity_decrease': np.float64(0.0491574561211371), 'classifier__extratreesclassifier_0__min_samples_leaf': 8, 'classifier__extratreesclassifier_0__min_samples_split': 8, 'classifier__extratreesclassifier_0__n_estimators': 546, 'classifier__randomforestclassifier_1__ccp_alpha': np.float64(0.008450000717770146), 'classifier__randomforestclassifier_1__max_depth': 17, 'classifier__randomforestclassifier_1__max_features': 'sqrt', 'classifier__randomforestclassifier_1__max_leaf_nodes': 13, 'classifier__randomforestclassifier_1__max_samples': np.float64(0.8592632834495911), 'classifier__randomforestclassifier_1__min_impurity_decrease': np.float64(0.03489572934205528), 'classifier__randomforestclassifier_1__min_samples_leaf': 1, 'classifier__randomforestclassifier_1__min_samples_split': 8, 'classifier__randomforestclassifier_1__n_estimators': 858, 'classifier__xgbclassifier_2__colsample_bytree': np.float64(0.7675623010374382), 'classifier__xgbclassifier_2__gamma': np.float64(0.5571059446247784), 'classifier__xgbclassifier_2__learning_rate': np.float64(0.1814251501325561), 'classifier__xgbclassifier_2__max_delta_step': 6, 'classifier__xgbclassifier_2__max_depth': 7, 'classifier__xgbclassifier_2__min_child_weight': 7, 'classifier__xgbclassifier_2__n_estimators': 646, 'classifier__xgbclassifier_2__reg_alpha': np.float64(2.9421826620768505), 'classifier__xgbclassifier_2__reg_lambda': np.float64(0.00045789540025352286), 'classifier__xgbclassifier_2__scale_pos_weight': np.float64(26.35811667919836), 'classifier__xgbclassifier_2__subsample': np.float64(0.9191340507314216), 'feature_selection_filter__k': 26}",87.16804671287537,"[0, 1, 2, 3, 4, 5, 6, 7, 8, 9, 10, 11, 12, 14, 16, 17, 18, 19, 20, 21, 22, 23, 24, 27, 28, 29]","['Amount_log1p', 'V1', 'V2', 'V3', 'V4', 'V5', 'V6', 'V7', 'V8', 'V9', 'V10', 'V11', 'V12', 'V14', 'V16', 'V17', 'V18', 'V19', 'V20', 'V21', 'V22', 'V23', 'V24', 'V27', 'V28', 'Time_sin']"
CostSensitiveLearning___RandomizedSearchCV__niter_30__cv_5,9,4,VotingClassifier,resubstitution,382,22124,10,44,0.9976063829787234,0.9744897959183674,0.8967136150234741,0.9339853300733496,0.999548206379326,0.0004517936206740458,0.9481309107014,0.9467356999356447,0.9336054093730703,0.9327685681135465,0.9998221460324248,0.9904429737834873,22560,0.9360976645000838,0.004574875897970868,0.8999653258023608,0.03454482296849889,"{'classifier__extratreesclassifier_0__ccp_alpha': np.float64(0.008874674518473818), 'classifier__extratreesclassifier_0__max_depth': 8, 'classifier__extratreesclassifier_0__max_features': 'sqrt', 'classifier__extratreesclassifier_0__max_leaf_nodes': 19, 'classifier__extratreesclassifier_0__min_impurity_decrease': np.float64(0.05300676023646165), 'classifier__extratreesclassifier_0__min_samples_leaf': 4, 'classifier__extratreesclassifier_0__min_samples_split': 4, 'classifier__extratreesclassifier_0__n_estimators': 669, 'classifier__randomforestclassifier_1__ccp_alpha': np.float64(0.009030273267354278), 'classifier__randomforestclassifier_1__max_depth': 15, 'classifier__randomforestclassifier_1__max_features': 'sqrt', 'classifier__randomforestclassifier_1__max_leaf_nodes': 18, 'classifier__randomforestclassifier_1__max_samples': np.float64(0.5002671571665853), 'classifier__randomforestclassifier_1__min_impurity_decrease': np.float64(0.07114681349387851), 'classifier__randomforestclassifier_1__min_samples_leaf': 6, 'classifier__randomforestclassifier_1__min_samples_split': 8, 'classifier__randomforestclassifier_1__n_estimators': 753, 'classifier__xgbclassifier_2__colsample_bytree': np.float64(0.9184302778993522), 'classifier__xgbclassifier_2__gamma': np.float64(1.7401111661839697), 'classifier__xgbclassifier_2__learning_rate': np.float64(0.034700024103059904), 'classifier__xgbclassifier_2__max_delta_step': 3, 'classifier__xgbclassifier_2__max_depth': 9, 'classifier__xgbclassifier_2__min_child_weight': 7, 'classifier__xgbclassifier_2__n_estimators': 610, 'classifier__xgbclassifier_2__reg_alpha': np.float64(0.0007918284890427808), 'classifier__xgbclassifier_2__reg_lambda': np.float64(0.053793812794052334), 'classifier__xgbclassifier_2__scale_pos_weight': np.float64(1.990874935377515), 'classifier__xgbclassifier_2__subsample': np.float64(0.9231205678579606), 'feature_selection_filter__k': 'all'}",53.640530824661255,"[0, 1, 2, 3, 4, 5, 6, 7, 8, 9, 10, 11, 12, 13, 14, 15, 16, 17, 18, 19, 20, 21, 22, 23, 24, 25, 26, 27, 28, 29, 30]","['Amount_log1p', 'V1', 'V2', 'V3', 'V4', 'V5', 'V6', 'V7', 'V8', 'V9', 'V10', 'V11', 'V12', 'V13', 'V14', 'V15', 'V16', 'V17', 'V18', 'V19', 'V20', 'V21', 'V22', 'V23', 'V24', 'V25', 'V26', 'V27', 'V28', 'Time_sin', 'Time_cos']"
CostSensitiveLearning___RandomizedSearchCV__niter_30__cv_5,9,5,VotingClassifier,resubstitution,395,22123,12,30,0.9981382978723404,0.9705159705159705,0.9294117647058824,0.9495192307692307,0.9994578721481816,0.000542127851818397,0.9644348184270319,0.9637986847378593,0.9488018363967436,0.9485713448295888,0.9998174836232212,0.9846408880493421,22560,0.9483408202887205,0.003730571218790651,0.9010547245788569,0.013241269695638744,"{'classifier__extratreesclassifier_0__ccp_alpha': np.float64(0.0013848018434180188), 'classifier__extratreesclassifier_0__max_depth': 16, 'classifier__extratreesclassifier_0__max_features': 'log2', 'classifier__extratreesclassifier_0__max_leaf_nodes': 17, 'classifier__extratreesclassifier_0__min_impurity_decrease': np.float64(0.023742407693644687), 'classifier__extratreesclassifier_0__min_samples_leaf': 6, 'classifier__extratreesclassifier_0__min_samples_split': 9, 'classifier__extratreesclassifier_0__n_estimators': 268, 'classifier__randomforestclassifier_1__ccp_alpha': np.float64(0.0020506404186522954), 'classifier__randomforestclassifier_1__max_depth': 8, 'classifier__randomforestclassifier_1__max_features': 'log2', 'classifier__randomforestclassifier_1__max_leaf_nodes': 12, 'classifier__randomforestclassifier_1__max_samples': np.float64(0.5576913136280254), 'classifier__randomforestclassifier_1__min_impurity_decrease': np.float64(0.05002369589204542), 'classifier__randomforestclassifier_1__min_samples_leaf': 9, 'classifier__randomforestclassifier_1__min_samples_split': 6, 'classifier__randomforestclassifier_1__n_estimators': 605, 'classifier__xgbclassifier_2__colsample_bytree': np.float64(0.8289521767837199), 'classifier__xgbclassifier_2__gamma': np.float64(0.96698089250292), 'classifier__xgbclassifier_2__learning_rate': np.float64(0.15046119439878491), 'classifier__xgbclassifier_2__max_delta_step': 9, 'classifier__xgbclassifier_2__max_depth': 7, 'classifier__xgbclassifier_2__min_child_weight': 8, 'classifier__xgbclassifier_2__n_estimators': 237, 'classifier__xgbclassifier_2__reg_alpha': np.float64(8.75944937834184), 'classifier__xgbclassifier_2__reg_lambda': np.float64(0.0001771113299619899), 'classifier__xgbclassifier_2__scale_pos_weight': np.float64(7.439770770540374), 'classifier__xgbclassifier_2__subsample': np.float64(0.8925540456971846), 'feature_selection_filter__k': 28}",48.37816119194031,"[0, 1, 2, 3, 4, 5, 6, 7, 8, 9, 10, 11, 12, 14, 16, 17, 18, 19, 20, 21, 22, 23, 24, 26, 27, 28, 29, 30]","['Amount_log1p', 'V1', 'V2', 'V3', 'V4', 'V5', 'V6', 'V7', 'V8', 'V9', 'V10', 'V11', 'V12', 'V14', 'V16', 'V17', 'V18', 'V19', 'V20', 'V21', 'V22', 'V23', 'V24', 'V26', 'V27', 'V28', 'Time_sin', 'Time_cos']"
CostSensitiveLearning___RandomizedSearchCV__niter_30__cv_5,9,6,VotingClassifier,resubstitution,386,22125,10,39,0.9978280141843971,0.9747474747474747,0.908235294117647,0.9403166869671132,0.9995482267901513,0.00045177320984868263,0.9538917604538992,0.9527984979750576,0.939820381508526,0.9392119728393922,0.9997481762978514,0.9835466197558641,22560,0.9425174391879345,0.004485848628194695,0.898668652087723,0.028771658655674014,"{'classifier__extratreesclassifier_0__ccp_alpha': np.float64(0.0026591797349856017), 'classifier__extratreesclassifier_0__max_depth': 17, 'classifier__extratreesclassifier_0__max_features': 'log2', 'classifier__extratreesclassifier_0__max_leaf_nodes': 12, 'classifier__extratreesclassifier_0__min_impurity_decrease': np.float64(0.01830069866328493), 'classifier__extratreesclassifier_0__min_samples_leaf': 5, 'classifier__extratreesclassifier_0__min_samples_split': 5, 'classifier__extratreesclassifier_0__n_estimators': 656, 'classifier__randomforestclassifier_1__ccp_alpha': np.float64(0.0023312802343468863), 'classifier__randomforestclassifier_1__max_depth': 19, 'classifier__randomforestclassifier_1__max_features': 'sqrt', 'classifier__randomforestclassifier_1__max_leaf_nodes': 17, 'classifier__randomforestclassifier_1__max_samples': np.float64(0.580936323601529), 'classifier__randomforestclassifier_1__min_impurity_decrease': np.float64(0.05976781453893368), 'classifier__randomforestclassifier_1__min_samples_leaf': 1, 'classifier__randomforestclassifier_1__min_samples_split': 3, 'classifier__randomforestclassifier_1__n_estimators': 966, 'classifier__xgbclassifier_2__colsample_bytree': np.float64(0.9249299173418764), 'classifier__xgbclassifier_2__gamma': np.float64(3.1577433454657506), 'classifier__xgbclassifier_2__learning_rate': np.float64(0.08818598940043403), 'classifier__xgbclassifier_2__max_delta_step': 1, 'classifier__xgbclassifier_2__max_depth': 3, 'classifier__xgbclassifier_2__min_child_weight': 4, 'classifier__xgbclassifier_2__n_estimators': 375, 'classifier__xgbclassifier_2__reg_alpha': np.float64(0.00014973598481853379), 'classifier__xgbclassifier_2__reg_lambda': np.float64(0.250923249304482), 'classifier__xgbclassifier_2__scale_pos_weight': np.float64(6.009338283559286), 'classifier__xgbclassifier_2__subsample': np.float64(0.963592784865827), 'feature_selection_filter__k': 26}",58.4529926776886,"[0, 1, 2, 3, 4, 5, 6, 7, 8, 9, 10, 11, 12, 14, 16, 17, 18, 19, 20, 21, 22, 23, 24, 27, 28, 29]","['Amount_log1p', 'V1', 'V2', 'V3', 'V4', 'V5', 'V6', 'V7', 'V8', 'V9', 'V10', 'V11', 'V12', 'V14', 'V16', 'V17', 'V18', 'V19', 'V20', 'V21', 'V22', 'V23', 'V24', 'V27', 'V28', 'Time_sin']"
CostSensitiveLearning___RandomizedSearchCV__niter_30__cv_5,9,7,VotingClassifier,resubstitution,402,22125,10,23,0.9985372340425532,0.9757281553398058,0.9458823529411765,0.9605734767025089,0.9995482267901513,0.00045177320984868263,0.9727152898656639,0.9723451180699418,0.9599486630552344,0.9598284529033289,0.999902310687094,0.993974928920036,22560,0.9608816115572312,0.004073840017758462,0.9041310491748697,0.008056628554113586,"{'classifier__extratreesclassifier_0__ccp_alpha': np.float64(0.008701771164526355), 'classifier__extratreesclassifier_0__max_depth': 18, 'classifier__extratreesclassifier_0__max_features': 'log2', 'classifier__extratreesclassifier_0__max_leaf_nodes': 14, 'classifier__extratreesclassifier_0__min_impurity_decrease': np.float64(0.0025620776905868727), 'classifier__extratreesclassifier_0__min_samples_leaf': 5, 'classifier__extratreesclassifier_0__min_samples_split': 8, 'classifier__extratreesclassifier_0__n_estimators': 340, 'classifier__randomforestclassifier_1__ccp_alpha': np.float64(0.004101852931983826), 'classifier__randomforestclassifier_1__max_depth': 6, 'classifier__randomforestclassifier_1__max_features': 'log2', 'classifier__randomforestclassifier_1__max_leaf_nodes': 12, 'classifier__randomforestclassifier_1__max_samples': np.float64(0.8526273396145498), 'classifier__randomforestclassifier_1__min_impurity_decrease': np.float64(0.06524359460230854), 'classifier__randomforestclassifier_1__min_samples_leaf': 3, 'classifier__randomforestclassifier_1__min_samples_split': 8, 'classifier__randomforestclassifier_1__n_estimators': 153, 'classifier__xgbclassifier_2__colsample_bytree': np.float64(0.7285948091391725), 'classifier__xgbclassifier_2__gamma': np.float64(0.33496962741757286), 'classifier__xgbclassifier_2__learning_rate': np.float64(0.11375854175564014), 'classifier__xgbclassifier_2__max_delta_step': 8, 'classifier__xgbclassifier_2__max_depth': 4, 'classifier__xgbclassifier_2__min_child_weight': 9, 'classifier__xgbclassifier_2__n_estimators': 570, 'classifier__xgbclassifier_2__reg_alpha': np.float64(0.0465758130103992), 'classifier__xgbclassifier_2__reg_lambda': np.float64(0.014228143771833823), 'classifier__xgbclassifier_2__scale_pos_weight': np.float64(16.81683017344839), 'classifier__xgbclassifier_2__subsample': np.float64(0.6302785221838881), 'feature_selection_filter__k': 28}",56.92105793952942,"[0, 1, 2, 3, 4, 5, 6, 7, 8, 9, 10, 11, 12, 13, 14, 16, 17, 18, 19, 20, 21, 22, 23, 24, 26, 27, 28, 29]","['Amount_log1p', 'V1', 'V2', 'V3', 'V4', 'V5', 'V6', 'V7', 'V8', 'V9', 'V10', 'V11', 'V12', 'V13', 'V14', 'V16', 'V17', 'V18', 'V19', 'V20', 'V21', 'V22', 'V23', 'V24', 'V26', 'V27', 'V28', 'Time_sin']"
CostSensitiveLearning___RandomizedSearchCV__niter_30__cv_5,9,8,VotingClassifier,resubstitution,382,22124,11,44,0.9975621647976597,0.9720101781170484,0.8967136150234741,0.9328449328449329,0.9995030494691665,0.0004969505308335398,0.9481083322463203,0.9467143142028024,0.9323909428435886,0.9316055346572544,0.9996006155144859,0.981276348284321,22561,0.93110671784677,0.005420524258078865,0.9022062885006281,0.01584519385949963,"{'classifier__extratreesclassifier_0__ccp_alpha': np.float64(0.009183968953316093), 'classifier__extratreesclassifier_0__max_depth': 19, 'classifier__extratreesclassifier_0__max_features': 'log2', 'classifier__extratreesclassifier_0__max_leaf_nodes': 3, 'classifier__extratreesclassifier_0__min_impurity_decrease': np.float64(0.035385336882579936), 'classifier__extratreesclassifier_0__min_samples_leaf': 5, 'classifier__extratreesclassifier_0__min_samples_split': 3, 'classifier__extratreesclassifier_0__n_estimators': 421, 'classifier__randomforestclassifier_1__ccp_alpha': np.float64(0.00047928325168097754), 'classifier__randomforestclassifier_1__max_depth': 12, 'classifier__randomforestclassifier_1__max_features': 'sqrt', 'classifier__randomforestclassifier_1__max_leaf_nodes': 7, 'classifier__randomforestclassifier_1__max_samples': np.float64(0.571900175545296), 'classifier__randomforestclassifier_1__min_impurity_decrease': np.float64(0.07121948261309512), 'classifier__randomforestclassifier_1__min_samples_leaf': 2, 'classifier__randomforestclassifier_1__min_samples_split': 2, 'classifier__randomforestclassifier_1__n_estimators': 314, 'classifier__xgbclassifier_2__colsample_bytree': np.float64(0.7816304573912704), 'classifier__xgbclassifier_2__gamma': np.float64(3.99559022096796), 'classifier__xgbclassifier_2__learning_rate': np.float64(0.020917880688721448), 'classifier__xgbclassifier_2__max_delta_step': 0, 'classifier__xgbclassifier_2__max_depth': 8, 'classifier__xgbclassifier_2__min_child_weight': 5, 'classifier__xgbclassifier_2__n_estimators': 617, 'classifier__xgbclassifier_2__reg_alpha': np.float64(0.0010047961106759728), 'classifier__xgbclassifier_2__reg_lambda': np.float64(0.0005659375487766417), 'classifier__xgbclassifier_2__scale_pos_weight': np.float64(2.556749370998006), 'classifier__xgbclassifier_2__subsample': np.float64(0.6510356992954349), 'feature_selection_filter__k': 28}",45.832560300827026,"[0, 1, 2, 3, 4, 5, 6, 7, 8, 9, 10, 11, 12, 14, 16, 17, 18, 19, 20, 21, 22, 23, 24, 25, 27, 28, 29, 30]","['Amount_log1p', 'V1', 'V2', 'V3', 'V4', 'V5', 'V6', 'V7', 'V8', 'V9', 'V10', 'V11', 'V12', 'V14', 'V16', 'V17', 'V18', 'V19', 'V20', 'V21', 'V22', 'V23', 'V24', 'V25', 'V27', 'V28', 'Time_sin', 'Time_cos']"
CostSensitiveLearning___RandomizedSearchCV__niter_30__cv_5,9,9,VotingClassifier,resubstitution,368,22125,10,58,0.9969859492043792,0.9735449735449735,0.863849765258216,0.9154228855721394,0.9995482267901513,0.00045177320984868263,0.9316989960241837,0.9292252154762796,0.9155868730838326,0.9138940880467563,0.9856077357147932,0.9164430439793034,22561,0.9149845313710381,0.006408877747642194,0.9014139686589744,0.039768089757490376,"{'classifier__extratreesclassifier_0__ccp_alpha': np.float64(0.00885259355969519), 'classifier__extratreesclassifier_0__max_depth': 8, 'classifier__extratreesclassifier_0__max_features': 'sqrt', 'classifier__extratreesclassifier_0__max_leaf_nodes': 11, 'classifier__extratreesclassifier_0__min_impurity_decrease': np.float64(0.04667900870849343), 'classifier__extratreesclassifier_0__min_samples_leaf': 9, 'classifier__extratreesclassifier_0__min_samples_split': 6, 'classifier__extratreesclassifier_0__n_estimators': 230, 'classifier__randomforestclassifier_1__ccp_alpha': np.float64(0.004796847133896104), 'classifier__randomforestclassifier_1__max_depth': 19, 'classifier__randomforestclassifier_1__max_features': 'log2', 'classifier__randomforestclassifier_1__max_leaf_nodes': 3, 'classifier__randomforestclassifier_1__max_samples': np.float64(0.5582959987556733), 'classifier__randomforestclassifier_1__min_impurity_decrease': np.float64(0.002185094774928853), 'classifier__randomforestclassifier_1__min_samples_leaf': 4, 'classifier__randomforestclassifier_1__min_samples_split': 8, 'classifier__randomforestclassifier_1__n_estimators': 404, 'classifier__xgbclassifier_2__colsample_bytree': np.float64(0.8729236270870535), 'classifier__xgbclassifier_2__gamma': np.float64(3.201519565593556), 'classifier__xgbclassifier_2__learning_rate': np.float64(0.036076961015703256), 'classifier__xgbclassifier_2__max_delta_step': 9, 'classifier__xgbclassifier_2__max_depth': 4, 'classifier__xgbclassifier_2__min_child_weight': 5, 'classifier__xgbclassifier_2__n_estimators': 414, 'classifier__xgbclassifier_2__reg_alpha': np.float64(1.0376477667861053), 'classifier__xgbclassifier_2__reg_lambda': np.float64(0.0005509538491795703), 'classifier__xgbclassifier_2__scale_pos_weight': np.float64(1.0470667779369998), 'classifier__xgbclassifier_2__subsample': np.float64(0.626877276257341), 'feature_selection_filter__k': 22}",48.44345760345459,"[1, 2, 3, 4, 5, 6, 7, 8, 9, 10, 11, 12, 14, 16, 17, 18, 19, 20, 21, 27, 28, 29]","['V1', 'V2', 'V3', 'V4', 'V5', 'V6', 'V7', 'V8', 'V9', 'V10', 'V11', 'V12', 'V14', 'V16', 'V17', 'V18', 'V19', 'V20', 'V21', 'V27', 'V28', 'Time_sin']"
CostSensitiveLearning___RandomizedSearchCV__niter_30__cv_5,9,10,VotingClassifier,resubstitution,414,22124,11,12,0.9989805416426577,0.9741176470588235,0.971830985915493,0.972972972972973,0.9995030494691665,0.0004969505308335398,0.9856670176923297,0.9855699031480019,0.9724541437064171,0.9724534462482464,0.9998333953726122,0.9858010764359864,22561,0.9747591956193743,0.0040216204981277535,0.9012799128362909,0.028992253164787773,"{'classifier__extratreesclassifier_0__ccp_alpha': np.float64(0.005026129528405222), 'classifier__extratreesclassifier_0__max_depth': 14, 'classifier__extratreesclassifier_0__max_features': 'sqrt', 'classifier__extratreesclassifier_0__max_leaf_nodes': 13, 'classifier__extratreesclassifier_0__min_impurity_decrease': np.float64(0.08068889276384353), 'classifier__extratreesclassifier_0__min_samples_leaf': 3, 'classifier__extratreesclassifier_0__min_samples_split': 6, 'classifier__extratreesclassifier_0__n_estimators': 985, 'classifier__randomforestclassifier_1__ccp_alpha': np.float64(0.0023132314376844553), 'classifier__randomforestclassifier_1__max_depth': 8, 'classifier__randomforestclassifier_1__max_features': 'log2', 'classifier__randomforestclassifier_1__max_leaf_nodes': 5, 'classifier__randomforestclassifier_1__max_samples': np.float64(0.8546149886982539), 'classifier__randomforestclassifier_1__min_impurity_decrease': np.float64(0.058902228415252215), 'classifier__randomforestclassifier_1__min_samples_leaf': 2, 'classifier__randomforestclassifier_1__min_samples_split': 2, 'classifier__randomforestclassifier_1__n_estimators': 214, 'classifier__xgbclassifier_2__colsample_bytree': np.float64(0.6530489204078518), 'classifier__xgbclassifier_2__gamma': np.float64(1.9985797362455882), 'classifier__xgbclassifier_2__learning_rate': np.float64(0.06598117313627026), 'classifier__xgbclassifier_2__max_delta_step': 1, 'classifier__xgbclassifier_2__max_depth': 4, 'classifier__xgbclassifier_2__min_child_weight': 4, 'classifier__xgbclassifier_2__n_estimators': 377, 'classifier__xgbclassifier_2__reg_alpha': np.float64(0.10844423980955006), 'classifier__xgbclassifier_2__reg_lambda': np.float64(0.0801730687871944), 'classifier__xgbclassifier_2__scale_pos_weight': np.float64(21.938247969920003), 'classifier__xgbclassifier_2__subsample': np.float64(0.9939967535486305), 'feature_selection_filter__k': 26}",49.59302806854248,"[0, 1, 2, 3, 4, 5, 6, 7, 8, 9, 10, 11, 12, 14, 16, 17, 18, 19, 20, 21, 23, 24, 27, 28, 29, 30]","['Amount_log1p', 'V1', 'V2', 'V3', 'V4', 'V5', 'V6', 'V7', 'V8', 'V9', 'V10', 'V11', 'V12', 'V14', 'V16', 'V17', 'V18', 'V19', 'V20', 'V21', 'V23', 'V24', 'V27', 'V28', 'Time_sin', 'Time_cos']"
CostSensitiveLearning___RandomizedSearchCV__niter_30__cv_5,10,1,VotingClassifier,resubstitution,416,22123,11,10,0.9990691489361702,0.9742388758782201,0.9765258215962441,0.9753810082063306,0.9995030270172586,0.0004969729827414282,0.9880144243067513,0.9879476274813161,0.9749073108594378,0.9749066148527671,0.9998347665584484,0.9846537495124215,22560,0.9780223339532815,0.004826225638599003,0.9043809236735486,0.024250265586871225,"{'classifier__extratreesclassifier_0__ccp_alpha': np.float64(0.0018755945318382251), 'classifier__extratreesclassifier_0__max_depth': 6, 'classifier__extratreesclassifier_0__max_features': 'sqrt', 'classifier__extratreesclassifier_0__max_leaf_nodes': 6, 'classifier__extratreesclassifier_0__min_impurity_decrease': np.float64(0.0386851642455804), 'classifier__extratreesclassifier_0__min_samples_leaf': 2, 'classifier__extratreesclassifier_0__min_samples_split': 6, 'classifier__extratreesclassifier_0__n_estimators': 433, 'classifier__randomforestclassifier_1__ccp_alpha': np.float64(0.006485920956115209), 'classifier__randomforestclassifier_1__max_depth': 4, 'classifier__randomforestclassifier_1__max_features': 'log2', 'classifier__randomforestclassifier_1__max_leaf_nodes': 3, 'classifier__randomforestclassifier_1__max_samples': np.float64(0.8943394877133628), 'classifier__randomforestclassifier_1__min_impurity_decrease': np.float64(0.022652126912087202), 'classifier__randomforestclassifier_1__min_samples_leaf': 9, 'classifier__randomforestclassifier_1__min_samples_split': 5, 'classifier__randomforestclassifier_1__n_estimators': 400, 'classifier__xgbclassifier_2__colsample_bytree': np.float64(0.8505693875077223), 'classifier__xgbclassifier_2__gamma': np.float64(0.23984214067118814), 'classifier__xgbclassifier_2__learning_rate': np.float64(0.0737203349998191), 'classifier__xgbclassifier_2__max_delta_step': 9, 'classifier__xgbclassifier_2__max_depth': 3, 'classifier__xgbclassifier_2__min_child_weight': 7, 'classifier__xgbclassifier_2__n_estimators': 711, 'classifier__xgbclassifier_2__reg_alpha': np.float64(2.4297538940882544), 'classifier__xgbclassifier_2__reg_lambda': np.float64(0.05100196571450306), 'classifier__xgbclassifier_2__scale_pos_weight': np.float64(35.13545200044159), 'classifier__xgbclassifier_2__subsample': np.float64(0.8078834444172507), 'feature_selection_filter__k': 24}",52.27477979660034,"[0, 1, 2, 3, 4, 5, 6, 7, 8, 9, 10, 11, 12, 14, 16, 17, 18, 19, 20, 21, 24, 27, 28, 29]","['Amount_log1p', 'V1', 'V2', 'V3', 'V4', 'V5', 'V6', 'V7', 'V8', 'V9', 'V10', 'V11', 'V12', 'V14', 'V16', 'V17', 'V18', 'V19', 'V20', 'V21', 'V24', 'V27', 'V28', 'Time_sin']"
CostSensitiveLearning___RandomizedSearchCV__niter_30__cv_5,10,2,VotingClassifier,resubstitution,366,22125,9,60,0.9969414893617021,0.976,0.8591549295774648,0.9138576779026217,0.9995933857413933,0.00040661425860666345,0.929374157659429,0.9267176403483136,0.914229645709706,0.9123072086962694,0.9940558382977605,0.9368646327532673,22560,0.9118028321287566,0.005980723984398021,0.899051909954111,0.024942761905173243,"{'classifier__extratreesclassifier_0__ccp_alpha': np.float64(0.005703189752109975), 'classifier__extratreesclassifier_0__max_depth': 4, 'classifier__extratreesclassifier_0__max_features': 'sqrt', 'classifier__extratreesclassifier_0__max_leaf_nodes': 8, 'classifier__extratreesclassifier_0__min_impurity_decrease': np.float64(0.003052107471996779), 'classifier__extratreesclassifier_0__min_samples_leaf': 8, 'classifier__extratreesclassifier_0__min_samples_split': 4, 'classifier__extratreesclassifier_0__n_estimators': 126, 'classifier__randomforestclassifier_1__ccp_alpha': np.float64(0.0035610409881137194), 'classifier__randomforestclassifier_1__max_depth': 4, 'classifier__randomforestclassifier_1__max_features': 'log2', 'classifier__randomforestclassifier_1__max_leaf_nodes': 11, 'classifier__randomforestclassifier_1__max_samples': np.float64(0.5367966005682548), 'classifier__randomforestclassifier_1__min_impurity_decrease': np.float64(0.05894456247373662), 'classifier__randomforestclassifier_1__min_samples_leaf': 8, 'classifier__randomforestclassifier_1__min_samples_split': 6, 'classifier__randomforestclassifier_1__n_estimators': 957, 'classifier__xgbclassifier_2__colsample_bytree': np.float64(0.9162405763342525), 'classifier__xgbclassifier_2__gamma': np.float64(2.1759959272714036), 'classifier__xgbclassifier_2__learning_rate': np.float64(0.145681302266645), 'classifier__xgbclassifier_2__max_delta_step': 2, 'classifier__xgbclassifier_2__max_depth': 8, 'classifier__xgbclassifier_2__min_child_weight': 8, 'classifier__xgbclassifier_2__n_estimators': 683, 'classifier__xgbclassifier_2__reg_alpha': np.float64(0.010061807174297336), 'classifier__xgbclassifier_2__reg_lambda': np.float64(0.0010413155168177632), 'classifier__xgbclassifier_2__scale_pos_weight': np.float64(0.8691453119431829), 'classifier__xgbclassifier_2__subsample': np.float64(0.7750093702084865), 'feature_selection_filter__k': 22}",61.621660470962524,"[1, 2, 3, 4, 5, 6, 7, 8, 9, 10, 11, 12, 14, 16, 17, 18, 19, 20, 21, 27, 28, 29]","['V1', 'V2', 'V3', 'V4', 'V5', 'V6', 'V7', 'V8', 'V9', 'V10', 'V11', 'V12', 'V14', 'V16', 'V17', 'V18', 'V19', 'V20', 'V21', 'V27', 'V28', 'Time_sin']"
CostSensitiveLearning___RandomizedSearchCV__niter_30__cv_5,10,3,VotingClassifier,resubstitution,384,22127,7,42,0.9978280141843971,0.9820971867007673,0.9014084507042254,0.9400244798041616,0.9996837444655281,0.0003162555344718987,0.9505460975848767,0.949275184176259,0.9398153845060291,0.9389205270657254,0.9986594668156525,0.9735389020103834,22560,0.9366743216194952,0.00399455605907142,0.901790472133591,0.011556440814843628,"{'classifier__extratreesclassifier_0__ccp_alpha': np.float64(0.0019830980294628596), 'classifier__extratreesclassifier_0__max_depth': 16, 'classifier__extratreesclassifier_0__max_features': 'log2', 'classifier__extratreesclassifier_0__max_leaf_nodes': 15, 'classifier__extratreesclassifier_0__min_impurity_decrease': np.float64(0.07277722866024104), 'classifier__extratreesclassifier_0__min_samples_leaf': 1, 'classifier__extratreesclassifier_0__min_samples_split': 9, 'classifier__extratreesclassifier_0__n_estimators': 303, 'classifier__randomforestclassifier_1__ccp_alpha': np.float64(0.006337118863013916), 'classifier__randomforestclassifier_1__max_depth': 9, 'classifier__randomforestclassifier_1__max_features': 'sqrt', 'classifier__randomforestclassifier_1__max_leaf_nodes': 3, 'classifier__randomforestclassifier_1__max_samples': np.float64(0.5803117368564004), 'classifier__randomforestclassifier_1__min_impurity_decrease': np.float64(0.035189233803648634), 'classifier__randomforestclassifier_1__min_samples_leaf': 5, 'classifier__randomforestclassifier_1__min_samples_split': 3, 'classifier__randomforestclassifier_1__n_estimators': 407, 'classifier__xgbclassifier_2__colsample_bytree': np.float64(0.7372573478428378), 'classifier__xgbclassifier_2__gamma': np.float64(3.0090861118276413), 'classifier__xgbclassifier_2__learning_rate': np.float64(0.05197540872156203), 'classifier__xgbclassifier_2__max_delta_step': 9, 'classifier__xgbclassifier_2__max_depth': 7, 'classifier__xgbclassifier_2__min_child_weight': 3, 'classifier__xgbclassifier_2__n_estimators': 746, 'classifier__xgbclassifier_2__reg_alpha': np.float64(0.007954468987665754), 'classifier__xgbclassifier_2__reg_lambda': np.float64(0.09645844841296464), 'classifier__xgbclassifier_2__scale_pos_weight': np.float64(1.6260821118561672), 'classifier__xgbclassifier_2__subsample': np.float64(0.9045795226584175), 'feature_selection_filter__k': 26}",53.55932402610779,"[0, 1, 2, 3, 4, 5, 6, 7, 8, 9, 10, 11, 12, 14, 16, 17, 18, 19, 20, 21, 22, 23, 24, 27, 28, 29]","['Amount_log1p', 'V1', 'V2', 'V3', 'V4', 'V5', 'V6', 'V7', 'V8', 'V9', 'V10', 'V11', 'V12', 'V14', 'V16', 'V17', 'V18', 'V19', 'V20', 'V21', 'V22', 'V23', 'V24', 'V27', 'V28', 'Time_sin']"
CostSensitiveLearning___RandomizedSearchCV__niter_30__cv_5,10,4,VotingClassifier,resubstitution,426,22124,10,0,0.9995567375886525,0.9770642201834863,1.0,0.988399071925754,0.999548206379326,0.0004517936206740458,0.999774103189663,0.9997740776692132,0.9882422723208204,0.9881731550751005,0.9998461144263854,0.9849301673234667,22560,0.9863839085436711,0.0028294904975609083,0.9031300735025727,0.010075075717887764,"{'classifier__extratreesclassifier_0__ccp_alpha': np.float64(0.0072308055060062975), 'classifier__extratreesclassifier_0__max_depth': 6, 'classifier__extratreesclassifier_0__max_features': 'log2', 'classifier__extratreesclassifier_0__max_leaf_nodes': 2, 'classifier__extratreesclassifier_0__min_impurity_decrease': np.float64(0.02882369618954618), 'classifier__extratreesclassifier_0__min_samples_leaf': 2, 'classifier__extratreesclassifier_0__min_samples_split': 7, 'classifier__extratreesclassifier_0__n_estimators': 664, 'classifier__randomforestclassifier_1__ccp_alpha': np.float64(0.004300763346968182), 'classifier__randomforestclassifier_1__max_depth': 15, 'classifier__randomforestclassifier_1__max_features': 'log2', 'classifier__randomforestclassifier_1__max_leaf_nodes': 17, 'classifier__randomforestclassifier_1__max_samples': np.float64(0.7266671925719304), 'classifier__randomforestclassifier_1__min_impurity_decrease': np.float64(0.08955359633448451), 'classifier__randomforestclassifier_1__min_samples_leaf': 8, 'classifier__randomforestclassifier_1__min_samples_split': 7, 'classifier__randomforestclassifier_1__n_estimators': 374, 'classifier__xgbclassifier_2__colsample_bytree': np.float64(0.8229929284493568), 'classifier__xgbclassifier_2__gamma': np.float64(0.603135710199133), 'classifier__xgbclassifier_2__learning_rate': np.float64(0.05804160839889943), 'classifier__xgbclassifier_2__max_delta_step': 0, 'classifier__xgbclassifier_2__max_depth': 7, 'classifier__xgbclassifier_2__min_child_weight': 9, 'classifier__xgbclassifier_2__n_estimators': 448, 'classifier__xgbclassifier_2__reg_alpha': np.float64(0.5970120387564937), 'classifier__xgbclassifier_2__reg_lambda': np.float64(0.8228607367758831), 'classifier__xgbclassifier_2__scale_pos_weight': np.float64(18.082063202368904), 'classifier__xgbclassifier_2__subsample': np.float64(0.9940673362678893), 'feature_selection_filter__k': 24}",47.922993421554565,"[0, 1, 2, 3, 4, 5, 6, 7, 8, 9, 10, 11, 12, 14, 16, 17, 18, 19, 20, 21, 23, 27, 28, 29]","['Amount_log1p', 'V1', 'V2', 'V3', 'V4', 'V5', 'V6', 'V7', 'V8', 'V9', 'V10', 'V11', 'V12', 'V14', 'V16', 'V17', 'V18', 'V19', 'V20', 'V21', 'V23', 'V27', 'V28', 'Time_sin']"
CostSensitiveLearning___RandomizedSearchCV__niter_30__cv_5,10,5,VotingClassifier,resubstitution,384,22124,11,41,0.9976950354609929,0.9721518987341772,0.9035294117647059,0.9365853658536586,0.9995030494691665,0.0004969505308335398,0.9515162306169362,0.9503054258205126,0.9360632060101577,0.935413151135935,0.9997185187153697,0.9836516377574221,22560,0.9395659504665408,0.0018517412914158316,0.9048459191287659,0.018288584662887478,"{'classifier__extratreesclassifier_0__ccp_alpha': np.float64(0.0016926004815018092), 'classifier__extratreesclassifier_0__max_depth': 15, 'classifier__extratreesclassifier_0__max_features': 'sqrt', 'classifier__extratreesclassifier_0__max_leaf_nodes': 18, 'classifier__extratreesclassifier_0__min_impurity_decrease': np.float64(0.07734203487657873), 'classifier__extratreesclassifier_0__min_samples_leaf': 4, 'classifier__extratreesclassifier_0__min_samples_split': 2, 'classifier__extratreesclassifier_0__n_estimators': 774, 'classifier__randomforestclassifier_1__ccp_alpha': np.float64(0.005321622632463515), 'classifier__randomforestclassifier_1__max_depth': 5, 'classifier__randomforestclassifier_1__max_features': 'sqrt', 'classifier__randomforestclassifier_1__max_leaf_nodes': 11, 'classifier__randomforestclassifier_1__max_samples': np.float64(0.8933737085577855), 'classifier__randomforestclassifier_1__min_impurity_decrease': np.float64(0.08385505021741511), 'classifier__randomforestclassifier_1__min_samples_leaf': 1, 'classifier__randomforestclassifier_1__min_samples_split': 6, 'classifier__randomforestclassifier_1__n_estimators': 807, 'classifier__xgbclassifier_2__colsample_bytree': np.float64(0.942477798757628), 'classifier__xgbclassifier_2__gamma': np.float64(2.865703960589289), 'classifier__xgbclassifier_2__learning_rate': np.float64(0.022215544242739124), 'classifier__xgbclassifier_2__max_delta_step': 2, 'classifier__xgbclassifier_2__max_depth': 5, 'classifier__xgbclassifier_2__min_child_weight': 8, 'classifier__xgbclassifier_2__n_estimators': 664, 'classifier__xgbclassifier_2__reg_alpha': np.float64(0.08773320975878832), 'classifier__xgbclassifier_2__reg_lambda': np.float64(0.39644379746573416), 'classifier__xgbclassifier_2__scale_pos_weight': np.float64(3.717236042341547), 'classifier__xgbclassifier_2__subsample': np.float64(0.7971202346648947), 'feature_selection_filter__k': 24}",53.86856532096863,"[1, 2, 3, 4, 5, 6, 7, 8, 9, 10, 11, 12, 14, 16, 17, 18, 19, 20, 21, 23, 24, 27, 28, 29]","['V1', 'V2', 'V3', 'V4', 'V5', 'V6', 'V7', 'V8', 'V9', 'V10', 'V11', 'V12', 'V14', 'V16', 'V17', 'V18', 'V19', 'V20', 'V21', 'V23', 'V24', 'V27', 'V28', 'Time_sin']"
CostSensitiveLearning___RandomizedSearchCV__niter_30__cv_5,10,6,VotingClassifier,resubstitution,411,22123,12,14,0.9988475177304964,0.9716312056737588,0.9670588235294117,0.9693396226415094,0.9994578721481816,0.000542127851818397,0.9832583478387966,0.9831248923747327,0.9687551458775906,0.9687523473296777,0.9998367238469819,0.985401717014492,22560,0.9737958452863964,0.0030421703198628258,0.8977946709635392,0.026015652299565494,"{'classifier__extratreesclassifier_0__ccp_alpha': np.float64(0.008386202492926929), 'classifier__extratreesclassifier_0__max_depth': 9, 'classifier__extratreesclassifier_0__max_features': 'log2', 'classifier__extratreesclassifier_0__max_leaf_nodes': 11, 'classifier__extratreesclassifier_0__min_impurity_decrease': np.float64(0.03292790294491167), 'classifier__extratreesclassifier_0__min_samples_leaf': 4, 'classifier__extratreesclassifier_0__min_samples_split': 3, 'classifier__extratreesclassifier_0__n_estimators': 481, 'classifier__randomforestclassifier_1__ccp_alpha': np.float64(0.0009354259190958858), 'classifier__randomforestclassifier_1__max_depth': 6, 'classifier__randomforestclassifier_1__max_features': 'log2', 'classifier__randomforestclassifier_1__max_leaf_nodes': 19, 'classifier__randomforestclassifier_1__max_samples': np.float64(0.6291185331037884), 'classifier__randomforestclassifier_1__min_impurity_decrease': np.float64(0.03337634995350636), 'classifier__randomforestclassifier_1__min_samples_leaf': 6, 'classifier__randomforestclassifier_1__min_samples_split': 7, 'classifier__randomforestclassifier_1__n_estimators': 776, 'classifier__xgbclassifier_2__colsample_bytree': np.float64(0.720577845620581), 'classifier__xgbclassifier_2__gamma': np.float64(4.122355510175071), 'classifier__xgbclassifier_2__learning_rate': np.float64(0.0914883106140407), 'classifier__xgbclassifier_2__max_delta_step': 0, 'classifier__xgbclassifier_2__max_depth': 5, 'classifier__xgbclassifier_2__min_child_weight': 3, 'classifier__xgbclassifier_2__n_estimators': 278, 'classifier__xgbclassifier_2__reg_alpha': np.float64(0.0010364415630426712), 'classifier__xgbclassifier_2__reg_lambda': np.float64(0.004093861592281042), 'classifier__xgbclassifier_2__scale_pos_weight': np.float64(26.79444389087301), 'classifier__xgbclassifier_2__subsample': np.float64(0.76702454836376), 'feature_selection_filter__k': 28}",61.900909662246704,"[0, 1, 2, 3, 4, 5, 6, 7, 8, 9, 10, 11, 12, 14, 15, 16, 17, 18, 19, 20, 21, 23, 24, 25, 26, 27, 28, 29]","['Amount_log1p', 'V1', 'V2', 'V3', 'V4', 'V5', 'V6', 'V7', 'V8', 'V9', 'V10', 'V11', 'V12', 'V14', 'V15', 'V16', 'V17', 'V18', 'V19', 'V20', 'V21', 'V23', 'V24', 'V25', 'V26', 'V27', 'V28', 'Time_sin']"
CostSensitiveLearning___RandomizedSearchCV__niter_30__cv_5,10,7,VotingClassifier,resubstitution,390,22124,11,35,0.9979609929078014,0.972568578553616,0.9176470588235294,0.9443099273607748,0.9995030494691665,0.0004969505308335398,0.9585750541463479,0.9577009103214476,0.9436857233007713,0.9432723050709779,0.9998446963153909,0.9943290075828155,22560,0.949240185403962,0.003177420434354503,0.9052691047961663,0.027664491025101004,"{'classifier__extratreesclassifier_0__ccp_alpha': np.float64(0.0021180800578351556), 'classifier__extratreesclassifier_0__max_depth': 19, 'classifier__extratreesclassifier_0__max_features': 'sqrt', 'classifier__extratreesclassifier_0__max_leaf_nodes': 19, 'classifier__extratreesclassifier_0__min_impurity_decrease': np.float64(0.05722022085859111), 'classifier__extratreesclassifier_0__min_samples_leaf': 5, 'classifier__extratreesclassifier_0__min_samples_split': 8, 'classifier__extratreesclassifier_0__n_estimators': 468, 'classifier__randomforestclassifier_1__ccp_alpha': np.float64(0.002215845011786294), 'classifier__randomforestclassifier_1__max_depth': 8, 'classifier__randomforestclassifier_1__max_features': 'log2', 'classifier__randomforestclassifier_1__max_leaf_nodes': 7, 'classifier__randomforestclassifier_1__max_samples': np.float64(0.6758513067502951), 'classifier__randomforestclassifier_1__min_impurity_decrease': np.float64(0.007355823178008003), 'classifier__randomforestclassifier_1__min_samples_leaf': 3, 'classifier__randomforestclassifier_1__min_samples_split': 6, 'classifier__randomforestclassifier_1__n_estimators': 284, 'classifier__xgbclassifier_2__colsample_bytree': np.float64(0.9538372989584118), 'classifier__xgbclassifier_2__gamma': np.float64(0.765461482530686), 'classifier__xgbclassifier_2__learning_rate': np.float64(0.13261792368191175), 'classifier__xgbclassifier_2__max_delta_step': 6, 'classifier__xgbclassifier_2__max_depth': 5, 'classifier__xgbclassifier_2__min_child_weight': 4, 'classifier__xgbclassifier_2__n_estimators': 218, 'classifier__xgbclassifier_2__reg_alpha': np.float64(0.019220006656489225), 'classifier__xgbclassifier_2__reg_lambda': np.float64(0.00021263360898876057), 'classifier__xgbclassifier_2__scale_pos_weight': np.float64(1.3593691091392281), 'classifier__xgbclassifier_2__subsample': np.float64(0.8699475998074805), 'feature_selection_filter__k': 24}",52.927464723587036,"[0, 1, 2, 3, 4, 5, 6, 7, 8, 9, 10, 11, 12, 14, 16, 17, 18, 19, 20, 21, 23, 27, 28, 29]","['Amount_log1p', 'V1', 'V2', 'V3', 'V4', 'V5', 'V6', 'V7', 'V8', 'V9', 'V10', 'V11', 'V12', 'V14', 'V16', 'V17', 'V18', 'V19', 'V20', 'V21', 'V23', 'V27', 'V28', 'Time_sin']"
CostSensitiveLearning___RandomizedSearchCV__niter_30__cv_5,10,8,VotingClassifier,resubstitution,384,22125,10,42,0.9976951376268782,0.9746192893401016,0.9014084507042254,0.9365853658536586,0.9995482267901513,0.00045177320984868263,0.9504783387471883,0.9492108398638661,0.9361531427099553,0.9354134245068852,0.9998295775708388,0.9892119634783931,22561,0.9358523248601125,0.0026966837273774396,0.9037044524332348,0.016494390189515738,"{'classifier__extratreesclassifier_0__ccp_alpha': np.float64(0.0007884602279832331), 'classifier__extratreesclassifier_0__max_depth': 8, 'classifier__extratreesclassifier_0__max_features': 'log2', 'classifier__extratreesclassifier_0__max_leaf_nodes': 4, 'classifier__extratreesclassifier_0__min_impurity_decrease': np.float64(0.009069551813164645), 'classifier__extratreesclassifier_0__min_samples_leaf': 5, 'classifier__extratreesclassifier_0__min_samples_split': 8, 'classifier__extratreesclassifier_0__n_estimators': 427, 'classifier__randomforestclassifier_1__ccp_alpha': np.float64(0.0002487649351316723), 'classifier__randomforestclassifier_1__max_depth': 18, 'classifier__randomforestclassifier_1__max_features': 'log2', 'classifier__randomforestclassifier_1__max_leaf_nodes': 6, 'classifier__randomforestclassifier_1__max_samples': np.float64(0.6098483899836046), 'classifier__randomforestclassifier_1__min_impurity_decrease': np.float64(0.04953746595781758), 'classifier__randomforestclassifier_1__min_samples_leaf': 8, 'classifier__randomforestclassifier_1__min_samples_split': 2, 'classifier__randomforestclassifier_1__n_estimators': 451, 'classifier__xgbclassifier_2__colsample_bytree': np.float64(0.9952028032573074), 'classifier__xgbclassifier_2__gamma': np.float64(2.1720762030301617), 'classifier__xgbclassifier_2__learning_rate': np.float64(0.1026492376830691), 'classifier__xgbclassifier_2__max_delta_step': 9, 'classifier__xgbclassifier_2__max_depth': 5, 'classifier__xgbclassifier_2__min_child_weight': 4, 'classifier__xgbclassifier_2__n_estimators': 495, 'classifier__xgbclassifier_2__reg_alpha': np.float64(0.3531112966268928), 'classifier__xgbclassifier_2__reg_lambda': np.float64(0.29508000097474213), 'classifier__xgbclassifier_2__scale_pos_weight': np.float64(2.1896219084291144), 'classifier__xgbclassifier_2__subsample': np.float64(0.6540913390989633), 'feature_selection_filter__k': 24}",44.2369966506958,"[0, 1, 2, 3, 4, 5, 6, 7, 8, 9, 10, 11, 12, 14, 16, 17, 18, 19, 20, 21, 24, 27, 28, 29]","['Amount_log1p', 'V1', 'V2', 'V3', 'V4', 'V5', 'V6', 'V7', 'V8', 'V9', 'V10', 'V11', 'V12', 'V14', 'V16', 'V17', 'V18', 'V19', 'V20', 'V21', 'V24', 'V27', 'V28', 'Time_sin']"
CostSensitiveLearning___RandomizedSearchCV__niter_30__cv_5,10,9,VotingClassifier,resubstitution,360,22127,8,66,0.9967200035459421,0.9782608695652174,0.8450704225352113,0.906801007556675,0.999638581432121,0.0003614185678789683,0.9223545019836661,0.9191109826312281,0.9076528387063252,0.90514070024724,0.9791802543292282,0.9061613910344888,22561,0.9060466128677895,0.005568432209394491,0.8946147564049918,0.022492830789298462,"{'classifier__extratreesclassifier_0__ccp_alpha': np.float64(0.0077020120055901), 'classifier__extratreesclassifier_0__max_depth': 5, 'classifier__extratreesclassifier_0__max_features': 'log2', 'classifier__extratreesclassifier_0__max_leaf_nodes': 9, 'classifier__extratreesclassifier_0__min_impurity_decrease': np.float64(0.02518009445291991), 'classifier__extratreesclassifier_0__min_samples_leaf': 1, 'classifier__extratreesclassifier_0__min_samples_split': 6, 'classifier__extratreesclassifier_0__n_estimators': 912, 'classifier__randomforestclassifier_1__ccp_alpha': np.float64(0.00305570504691108), 'classifier__randomforestclassifier_1__max_depth': 4, 'classifier__randomforestclassifier_1__max_features': 'log2', 'classifier__randomforestclassifier_1__max_leaf_nodes': 19, 'classifier__randomforestclassifier_1__max_samples': np.float64(0.7724547155560716), 'classifier__randomforestclassifier_1__min_impurity_decrease': np.float64(0.077036492489318), 'classifier__randomforestclassifier_1__min_samples_leaf': 1, 'classifier__randomforestclassifier_1__min_samples_split': 3, 'classifier__randomforestclassifier_1__n_estimators': 474, 'classifier__xgbclassifier_2__colsample_bytree': np.float64(0.6497339153583099), 'classifier__xgbclassifier_2__gamma': np.float64(4.694619777546525), 'classifier__xgbclassifier_2__learning_rate': np.float64(0.10770992990537737), 'classifier__xgbclassifier_2__max_delta_step': 5, 'classifier__xgbclassifier_2__max_depth': 8, 'classifier__xgbclassifier_2__min_child_weight': 2, 'classifier__xgbclassifier_2__n_estimators': 703, 'classifier__xgbclassifier_2__reg_alpha': np.float64(0.017380142680707398), 'classifier__xgbclassifier_2__reg_lambda': np.float64(0.013952142743051303), 'classifier__xgbclassifier_2__scale_pos_weight': np.float64(0.7295208118003578), 'classifier__xgbclassifier_2__subsample': np.float64(0.9146647704724172), 'feature_selection_filter__k': 22}",50.29809594154358,"[1, 2, 3, 4, 5, 6, 7, 8, 9, 10, 11, 12, 14, 16, 17, 18, 19, 20, 21, 27, 28, 29]","['V1', 'V2', 'V3', 'V4', 'V5', 'V6', 'V7', 'V8', 'V9', 'V10', 'V11', 'V12', 'V14', 'V16', 'V17', 'V18', 'V19', 'V20', 'V21', 'V27', 'V28', 'Time_sin']"
CostSensitiveLearning___RandomizedSearchCV__niter_30__cv_5,10,10,VotingClassifier,resubstitution,424,22126,9,2,0.999512432959532,0.9792147806004619,0.9953051643192489,0.9871944121071012,0.9995934041111362,0.00040659588886382547,0.9974492842151925,0.9974469797093336,0.9869799700420654,0.9869459143696041,0.999868391888868,0.9894535624665877,22561,0.9866210900612128,0.001689019834852325,0.9047894101892442,0.016642580912569458,"{'classifier__extratreesclassifier_0__ccp_alpha': np.float64(0.0035439847086282308), 'classifier__extratreesclassifier_0__max_depth': 10, 'classifier__extratreesclassifier_0__max_features': 'log2', 'classifier__extratreesclassifier_0__max_leaf_nodes': 3, 'classifier__extratreesclassifier_0__min_impurity_decrease': np.float64(0.07608338974204493), 'classifier__extratreesclassifier_0__min_samples_leaf': 7, 'classifier__extratreesclassifier_0__min_samples_split': 8, 'classifier__extratreesclassifier_0__n_estimators': 476, 'classifier__randomforestclassifier_1__ccp_alpha': np.float64(0.009301798066879665), 'classifier__randomforestclassifier_1__max_depth': 16, 'classifier__randomforestclassifier_1__max_features': 'sqrt', 'classifier__randomforestclassifier_1__max_leaf_nodes': 7, 'classifier__randomforestclassifier_1__max_samples': np.float64(0.5846470974790514), 'classifier__randomforestclassifier_1__min_impurity_decrease': np.float64(0.06525468506871517), 'classifier__randomforestclassifier_1__min_samples_leaf': 3, 'classifier__randomforestclassifier_1__min_samples_split': 8, 'classifier__randomforestclassifier_1__n_estimators': 783, 'classifier__xgbclassifier_2__colsample_bytree': np.float64(0.6403063646700836), 'classifier__xgbclassifier_2__gamma': np.float64(1.0919262226822946), 'classifier__xgbclassifier_2__learning_rate': np.float64(0.053362872725212326), 'classifier__xgbclassifier_2__max_delta_step': 8, 'classifier__xgbclassifier_2__max_depth': 5, 'classifier__xgbclassifier_2__min_child_weight': 5, 'classifier__xgbclassifier_2__n_estimators': 631, 'classifier__xgbclassifier_2__reg_alpha': np.float64(0.018867206663047413), 'classifier__xgbclassifier_2__reg_lambda': np.float64(0.00047697896417159334), 'classifier__xgbclassifier_2__scale_pos_weight': np.float64(12.66238594013246), 'classifier__xgbclassifier_2__subsample': np.float64(0.7900990553642722), 'feature_selection_filter__k': 24}",71.84150695800781,"[0, 1, 2, 3, 4, 5, 6, 7, 8, 9, 10, 11, 12, 14, 16, 17, 18, 19, 20, 21, 23, 27, 28, 29]","['Amount_log1p', 'V1', 'V2', 'V3', 'V4', 'V5', 'V6', 'V7', 'V8', 'V9', 'V10', 'V11', 'V12', 'V14', 'V16', 'V17', 'V18', 'V19', 'V20', 'V21', 'V23', 'V27', 'V28', 'Time_sin']"
