experiment_name,iteration,fold,model,split,tp,tn,fp,fn,accuracy,precision,recall,f1,specificity,fpr,balanced_accuracy,geometric_mean,mcc,kappa,roc_auc,average_precision,fold_size,cv_tuning_mean_train_score,cv_tuning_std_train_score,cv_tuning_mean_val_score,cv_tuning_std_val_score,best_params,tuning_time,selected_features_indices,selected_features_names
CostSensitiveLearning___RandomizedSearchCV__niter_30__cv_5,1,1,RRC,resubstitution,283,17678,29,58,0.9951795212765957,0.907051282051282,0.8299120234604106,0.8667687595712098,0.9983622296267013,0.0016377703732987081,0.914137126543556,0.9102487671707898,0.8652043765311023,0.864319044360107,0.9661503717982202,0.8607846760887077,22560,0.8680887273893415,0.007690934617859371,0.8714468641454516,0.021172682265790686,"{'classifier__estimator__ccp_alpha': np.float64(0.006011150117432088), 'classifier__estimator__max_depth': 5, 'classifier__estimator__max_features': 'log2', 'classifier__estimator__max_leaf_nodes': 3, 'classifier__estimator__min_impurity_decrease': np.float64(0.07219987722668247), 'classifier__estimator__min_samples_leaf': 6, 'classifier__estimator__min_samples_split': 3, 'classifier__max_features': np.float64(0.5909124836035503), 'classifier__max_samples': np.float64(0.5917022549267169), 'classifier__n_estimators': 559, 'feature_selection_filter__k': 22}",46.10961985588074,"[1, 2, 3, 4, 5, 6, 7, 8, 9, 10, 11, 12, 14, 16, 17, 18, 19, 20, 21, 23, 27, 29]","['V1', 'V2', 'V3', 'V4', 'V5', 'V6', 'V7', 'V8', 'V9', 'V10', 'V11', 'V12', 'V14', 'V16', 'V17', 'V18', 'V19', 'V20', 'V21', 'V23', 'V27', 'Time_sin']"
CostSensitiveLearning___RandomizedSearchCV__niter_30__cv_5,1,2,RRC,resubstitution,284,17679,28,57,0.9952903368794326,0.9102564102564102,0.8328445747800587,0.8698315467075038,0.9984187044671599,0.0015812955328401435,0.9156316396236093,0.9118813526848812,0.8683266738929379,0.8674381467886103,0.9656315816582305,0.8591415438086073,22560,0.8749076182063021,0.011897976808849334,0.8743297225000045,0.024442601538041935,"{'classifier__estimator__ccp_alpha': np.float64(0.009692057731167748), 'classifier__estimator__max_depth': 9, 'classifier__estimator__max_features': 'sqrt', 'classifier__estimator__max_leaf_nodes': 11, 'classifier__estimator__min_impurity_decrease': np.float64(0.08172155750938079), 'classifier__estimator__min_samples_leaf': 3, 'classifier__estimator__min_samples_split': 8, 'classifier__max_features': np.float64(0.5263731717667096), 'classifier__max_samples': np.float64(0.7905749591145548), 'classifier__n_estimators': 353, 'feature_selection_filter__k': 22}",34.73217415809631,"[1, 2, 3, 4, 5, 6, 7, 8, 9, 10, 11, 12, 14, 16, 17, 18, 19, 20, 21, 23, 27, 29]","['V1', 'V2', 'V3', 'V4', 'V5', 'V6', 'V7', 'V8', 'V9', 'V10', 'V11', 'V12', 'V14', 'V16', 'V17', 'V18', 'V19', 'V20', 'V21', 'V23', 'V27', 'Time_sin']"
CostSensitiveLearning___RandomizedSearchCV__niter_30__cv_5,1,3,RRC,resubstitution,285,17682,25,56,0.9955119680851063,0.9193548387096774,0.8357771260997068,0.8755760368663594,0.9985881289885357,0.0014118710114643385,0.9171826275441213,0.9135628695406363,0.8743246479797256,0.87329608311027,0.9633635620023362,0.8603058479315228,22560,0.8767618295226512,0.008891892767272013,0.8753431112834097,0.023408923380407943,"{'classifier__estimator__ccp_alpha': np.float64(0.006324318250021736), 'classifier__estimator__max_depth': 9, 'classifier__estimator__max_features': 'sqrt', 'classifier__estimator__max_leaf_nodes': 2, 'classifier__estimator__min_impurity_decrease': np.float64(0.049363527259971944), 'classifier__estimator__min_samples_leaf': 8, 'classifier__estimator__min_samples_split': 9, 'classifier__max_features': np.float64(0.5091275538414759), 'classifier__max_samples': np.float64(0.5914518603702831), 'classifier__n_estimators': 789, 'feature_selection_filter__k': 22}",44.558889865875244,"[1, 2, 3, 4, 5, 6, 7, 8, 9, 10, 11, 12, 14, 16, 17, 18, 19, 20, 21, 27, 28, 29]","['V1', 'V2', 'V3', 'V4', 'V5', 'V6', 'V7', 'V8', 'V9', 'V10', 'V11', 'V12', 'V14', 'V16', 'V17', 'V18', 'V19', 'V20', 'V21', 'V27', 'V28', 'Time_sin']"
CostSensitiveLearning___RandomizedSearchCV__niter_30__cv_5,1,4,RRC,resubstitution,281,17684,23,60,0.9954011524822695,0.9243421052631579,0.8240469208211144,0.8713178294573644,0.9987010786694528,0.0012989213305472092,0.9113739997452837,0.907180549118139,0.8704703082455466,0.868984413701613,0.9648981540014246,0.8633509183360862,22560,0.8678939410303371,0.009131104525799792,0.8655366853416318,0.025446970114116414,"{'classifier__estimator__ccp_alpha': np.float64(0.009890115134756001), 'classifier__estimator__max_depth': 6, 'classifier__estimator__max_features': 'sqrt', 'classifier__estimator__max_leaf_nodes': 2, 'classifier__estimator__min_impurity_decrease': np.float64(0.0420138493756127), 'classifier__estimator__min_samples_leaf': 6, 'classifier__estimator__min_samples_split': 5, 'classifier__max_features': np.float64(0.9573202821344433), 'classifier__max_samples': np.float64(0.740436982544221), 'classifier__n_estimators': 677, 'feature_selection_filter__k': 'all'}",47.00692367553711,"[0, 1, 2, 3, 4, 5, 6, 7, 8, 9, 10, 11, 12, 13, 14, 15, 16, 17, 18, 19, 20, 21, 22, 23, 24, 25, 26, 27, 28, 29, 30]","['Amount_log1p', 'V1', 'V2', 'V3', 'V4', 'V5', 'V6', 'V7', 'V8', 'V9', 'V10', 'V11', 'V12', 'V13', 'V14', 'V15', 'V16', 'V17', 'V18', 'V19', 'V20', 'V21', 'V22', 'V23', 'V24', 'V25', 'V26', 'V27', 'V28', 'Time_sin', 'Time_cos']"
CostSensitiveLearning___RandomizedSearchCV__niter_30__cv_5,1,5,RRC,resubstitution,285,17675,33,55,0.9951241134751773,0.8962264150943396,0.8382352941176471,0.8662613981762918,0.9981364355093743,0.0018635644906257465,0.9181858648135106,0.9146984140079943,0.8642823260825352,0.8637810154670794,0.9649803511872332,0.8517132097413186,22560,0.8705336573019874,0.009047995983080901,0.8689037749418173,0.02680105667811149,"{'classifier__estimator__ccp_alpha': np.float64(0.0019512729674487105), 'classifier__estimator__max_depth': 5, 'classifier__estimator__max_features': 'log2', 'classifier__estimator__max_leaf_nodes': 2, 'classifier__estimator__min_impurity_decrease': np.float64(0.0006246276335343693), 'classifier__estimator__min_samples_leaf': 5, 'classifier__estimator__min_samples_split': 7, 'classifier__max_features': np.float64(0.5693554620065604), 'classifier__max_samples': np.float64(0.553572597574249), 'classifier__n_estimators': 999, 'feature_selection_filter__k': 20}",48.03906512260437,"[1, 2, 3, 4, 5, 6, 7, 8, 9, 10, 11, 12, 14, 16, 17, 18, 19, 20, 21, 27]","['V1', 'V2', 'V3', 'V4', 'V5', 'V6', 'V7', 'V8', 'V9', 'V10', 'V11', 'V12', 'V14', 'V16', 'V17', 'V18', 'V19', 'V20', 'V21', 'V27']"
CostSensitiveLearning___RandomizedSearchCV__niter_30__cv_5,1,6,RRC,resubstitution,291,17686,22,49,0.9960660460992907,0.9297124600638977,0.8558823529411764,0.891271056661562,0.9987576236729162,0.001242376327083794,0.9273199883070463,0.9245642351762875,0.8900607573943594,0.8892713279684328,0.9667959978208587,0.8743978674272447,22560,0.895447367633414,0.012722512166405343,0.890495083696961,0.031427900281836244,"{'classifier__estimator__ccp_alpha': np.float64(0.009860829621538092), 'classifier__estimator__max_depth': 13, 'classifier__estimator__max_features': 'sqrt', 'classifier__estimator__max_leaf_nodes': 2, 'classifier__estimator__min_impurity_decrease': np.float64(0.0038753075676337123), 'classifier__estimator__min_samples_leaf': 8, 'classifier__estimator__min_samples_split': 8, 'classifier__max_features': np.float64(0.8980274144547371), 'classifier__max_samples': np.float64(0.6399596333467363), 'classifier__n_estimators': 298, 'feature_selection_filter__k': 28}",34.17913365364075,"[0, 1, 2, 3, 4, 5, 6, 7, 8, 9, 10, 11, 12, 13, 14, 16, 17, 18, 19, 20, 21, 23, 24, 25, 27, 28, 29, 30]","['Amount_log1p', 'V1', 'V2', 'V3', 'V4', 'V5', 'V6', 'V7', 'V8', 'V9', 'V10', 'V11', 'V12', 'V13', 'V14', 'V16', 'V17', 'V18', 'V19', 'V20', 'V21', 'V23', 'V24', 'V25', 'V27', 'V28', 'Time_sin', 'Time_cos']"
CostSensitiveLearning___RandomizedSearchCV__niter_30__cv_5,1,7,RRC,resubstitution,281,17688,20,59,0.9956227836879432,0.9335548172757475,0.8264705882352941,0.8767550702028081,0.9988705669753783,0.001129433024621651,0.9126705776053362,0.9085907467386307,0.8762176442480027,0.8745352904694156,0.9614982925630158,0.8546918206369142,22560,0.8759584537075327,0.006512603383866202,0.8780111309040304,0.0375843693255392,"{'classifier__estimator__ccp_alpha': np.float64(0.007364646649353414), 'classifier__estimator__max_depth': 9, 'classifier__estimator__max_features': 'sqrt', 'classifier__estimator__max_leaf_nodes': 2, 'classifier__estimator__min_impurity_decrease': np.float64(0.0352939314109096), 'classifier__estimator__min_samples_leaf': 6, 'classifier__estimator__min_samples_split': 3, 'classifier__max_features': np.float64(0.8942851194403334), 'classifier__max_samples': np.float64(0.8487421711696964), 'classifier__n_estimators': 736, 'feature_selection_filter__k': 'all'}",45.05269813537598,"[0, 1, 2, 3, 4, 5, 6, 7, 8, 9, 10, 11, 12, 13, 14, 15, 16, 17, 18, 19, 20, 21, 22, 23, 24, 25, 26, 27, 28, 29, 30]","['Amount_log1p', 'V1', 'V2', 'V3', 'V4', 'V5', 'V6', 'V7', 'V8', 'V9', 'V10', 'V11', 'V12', 'V13', 'V14', 'V15', 'V16', 'V17', 'V18', 'V19', 'V20', 'V21', 'V22', 'V23', 'V24', 'V25', 'V26', 'V27', 'V28', 'Time_sin', 'Time_cos']"
CostSensitiveLearning___RandomizedSearchCV__niter_30__cv_5,1,8,RRC,resubstitution,291,17680,27,50,0.9957335992907801,0.9150943396226415,0.8533724340175953,0.8831562974203339,0.9984751793076184,0.0015248206923815788,0.9259238066626069,0.923077024994067,0.8815433350900067,0.8809861232006561,0.9745221458385744,0.8722195294597727,22561,0.8861552622693306,0.012073882099955288,0.8824371551709682,0.01562328658425203,"{'classifier__estimator__ccp_alpha': np.float64(0.006340266857304928), 'classifier__estimator__max_depth': 4, 'classifier__estimator__max_features': 'log2', 'classifier__estimator__max_leaf_nodes': 2, 'classifier__estimator__min_impurity_decrease': np.float64(0.05686217582112443), 'classifier__estimator__min_samples_leaf': 7, 'classifier__estimator__min_samples_split': 9, 'classifier__max_features': np.float64(0.9585578427750815), 'classifier__max_samples': np.float64(0.8538104564650183), 'classifier__n_estimators': 450, 'feature_selection_filter__k': 24}",45.878666162490845,"[0, 1, 2, 3, 4, 5, 6, 7, 8, 9, 10, 11, 12, 14, 16, 17, 18, 19, 20, 21, 23, 27, 28, 29]","['Amount_log1p', 'V1', 'V2', 'V3', 'V4', 'V5', 'V6', 'V7', 'V8', 'V9', 'V10', 'V11', 'V12', 'V14', 'V16', 'V17', 'V18', 'V19', 'V20', 'V21', 'V23', 'V27', 'V28', 'Time_sin']"
CostSensitiveLearning___RandomizedSearchCV__niter_30__cv_5,1,9,RRC,resubstitution,297,17655,52,44,0.9946808510638298,0.8510028653295129,0.8709677419354839,0.8608695652173913,0.9970633082961541,0.0029366917038459173,0.934015525115819,0.9318851743607818,0.8582184871724854,0.8581585319549522,0.9954162634622522,0.9152402272314263,22561,0.8962774585174126,0.009546805369955788,0.8727304163248588,0.03163563177379157,"{'classifier__estimator__ccp_alpha': np.float64(0.004235003963518133), 'classifier__estimator__max_depth': 9, 'classifier__estimator__max_features': 'sqrt', 'classifier__estimator__max_leaf_nodes': 17, 'classifier__estimator__min_impurity_decrease': np.float64(0.00139053656832), 'classifier__estimator__min_samples_leaf': 1, 'classifier__estimator__min_samples_split': 2, 'classifier__max_features': np.float64(0.691496548136757), 'classifier__max_samples': np.float64(0.5574094748332538), 'classifier__n_estimators': 981, 'feature_selection_filter__k': 'all'}",67.1456708908081,"[0, 1, 2, 3, 4, 5, 6, 7, 8, 9, 10, 11, 12, 13, 14, 15, 16, 17, 18, 19, 20, 21, 22, 23, 24, 25, 26, 27, 28, 29, 30]","['Amount_log1p', 'V1', 'V2', 'V3', 'V4', 'V5', 'V6', 'V7', 'V8', 'V9', 'V10', 'V11', 'V12', 'V13', 'V14', 'V15', 'V16', 'V17', 'V18', 'V19', 'V20', 'V21', 'V22', 'V23', 'V24', 'V25', 'V26', 'V27', 'V28', 'Time_sin', 'Time_cos']"
CostSensitiveLearning___RandomizedSearchCV__niter_30__cv_5,1,10,RRC,resubstitution,282,17682,25,59,0.995345744680851,0.9185667752442996,0.8269794721407625,0.8703703703703703,0.9985881289885357,0.0014118710114643385,0.9127838005646491,0.9087419236488272,0.8692487772895202,0.8680073447660706,0.9627716526774125,0.8574586782270328,22561,0.8733939085051468,0.008991804059189932,0.8753849684011913,0.014503012223521418,"{'classifier__estimator__ccp_alpha': np.float64(0.0011543532744378304), 'classifier__estimator__max_depth': 12, 'classifier__estimator__max_features': 'sqrt', 'classifier__estimator__max_leaf_nodes': 2, 'classifier__estimator__min_impurity_decrease': np.float64(0.08018178091594402), 'classifier__estimator__min_samples_leaf': 2, 'classifier__estimator__min_samples_split': 5, 'classifier__max_features': np.float64(0.6307199202088676), 'classifier__max_samples': np.float64(0.9804222245767851), 'classifier__n_estimators': 426, 'feature_selection_filter__k': 22}",49.5450963973999,"[1, 2, 3, 4, 5, 6, 7, 8, 9, 10, 11, 12, 14, 16, 17, 18, 19, 20, 21, 23, 27, 28]","['V1', 'V2', 'V3', 'V4', 'V5', 'V6', 'V7', 'V8', 'V9', 'V10', 'V11', 'V12', 'V14', 'V16', 'V17', 'V18', 'V19', 'V20', 'V21', 'V23', 'V27', 'V28']"
CostSensitiveLearning___RandomizedSearchCV__niter_30__cv_5,2,1,RRC,resubstitution,280,17689,18,61,0.9956227836879432,0.9395973154362416,0.8211143695014663,0.8763693270735524,0.9989834528717456,0.0010165471282543859,0.9100489111866059,0.9056929214955702,0.876209648400237,0.8741515464670968,0.962049321250257,0.8655933015018141,22560,0.8759461707920021,0.010280711542392426,0.8743812431842966,0.03976749794027096,"{'classifier__estimator__ccp_alpha': np.float64(0.0037953303903767856), 'classifier__estimator__max_depth': 18, 'classifier__estimator__max_features': 'log2', 'classifier__estimator__max_leaf_nodes': 2, 'classifier__estimator__min_impurity_decrease': np.float64(0.02774982134389439), 'classifier__estimator__min_samples_leaf': 3, 'classifier__estimator__min_samples_split': 8, 'classifier__max_features': np.float64(0.707333126393286), 'classifier__max_samples': np.float64(0.6105927801942317), 'classifier__n_estimators': 471, 'feature_selection_filter__k': 20}",39.87999963760376,"[1, 2, 3, 4, 5, 6, 7, 8, 9, 10, 11, 12, 14, 16, 17, 18, 19, 20, 21, 27]","['V1', 'V2', 'V3', 'V4', 'V5', 'V6', 'V7', 'V8', 'V9', 'V10', 'V11', 'V12', 'V14', 'V16', 'V17', 'V18', 'V19', 'V20', 'V21', 'V27']"
CostSensitiveLearning___RandomizedSearchCV__niter_30__cv_5,2,2,RRC,resubstitution,281,17684,23,60,0.9954011524822695,0.9243421052631579,0.8240469208211144,0.8713178294573644,0.9987010786694528,0.0012989213305472092,0.9113739997452837,0.907180549118139,0.8704703082455466,0.868984413701613,0.9632366178228303,0.8641097509548901,22560,0.8701953576169075,0.010651017161116764,0.8633748196248195,0.02669964194885474,"{'classifier__estimator__ccp_alpha': np.float64(0.0017687895631620888), 'classifier__estimator__max_depth': 8, 'classifier__estimator__max_features': 'sqrt', 'classifier__estimator__max_leaf_nodes': 2, 'classifier__estimator__min_impurity_decrease': np.float64(0.04803251208243978), 'classifier__estimator__min_samples_leaf': 8, 'classifier__estimator__min_samples_split': 6, 'classifier__max_features': np.float64(0.7037415941060662), 'classifier__max_samples': np.float64(0.9833510790062634), 'classifier__n_estimators': 814, 'feature_selection_filter__k': 'all'}",54.84971809387207,"[0, 1, 2, 3, 4, 5, 6, 7, 8, 9, 10, 11, 12, 13, 14, 15, 16, 17, 18, 19, 20, 21, 22, 23, 24, 25, 26, 27, 28, 29, 30]","['Amount_log1p', 'V1', 'V2', 'V3', 'V4', 'V5', 'V6', 'V7', 'V8', 'V9', 'V10', 'V11', 'V12', 'V13', 'V14', 'V15', 'V16', 'V17', 'V18', 'V19', 'V20', 'V21', 'V22', 'V23', 'V24', 'V25', 'V26', 'V27', 'V28', 'Time_sin', 'Time_cos']"
CostSensitiveLearning___RandomizedSearchCV__niter_30__cv_5,2,3,RRC,resubstitution,276,17676,31,65,0.9946808510638298,0.8990228013029316,0.8093841642228738,0.8518518518518519,0.9982492799457842,0.0017507200542158374,0.903816722084329,0.898869934492752,0.8503657155167107,0.8491512511612236,0.9644576999304582,0.853418360794351,22560,0.8702845913616615,0.005351566832885509,0.8748074148074148,0.018421590728166504,"{'classifier__estimator__ccp_alpha': np.float64(0.0039069204079839525), 'classifier__estimator__max_depth': 13, 'classifier__estimator__max_features': 'log2', 'classifier__estimator__max_leaf_nodes': 2, 'classifier__estimator__min_impurity_decrease': np.float64(0.09807494410333134), 'classifier__estimator__min_samples_leaf': 4, 'classifier__estimator__min_samples_split': 8, 'classifier__max_features': np.float64(0.5881700691193159), 'classifier__max_samples': np.float64(0.5606283993193794), 'classifier__n_estimators': 258, 'feature_selection_filter__k': 28}",35.09587836265564,"[0, 1, 2, 3, 4, 5, 6, 7, 8, 9, 10, 11, 12, 13, 14, 16, 17, 18, 19, 20, 21, 23, 24, 25, 26, 27, 28, 29]","['Amount_log1p', 'V1', 'V2', 'V3', 'V4', 'V5', 'V6', 'V7', 'V8', 'V9', 'V10', 'V11', 'V12', 'V13', 'V14', 'V16', 'V17', 'V18', 'V19', 'V20', 'V21', 'V23', 'V24', 'V25', 'V26', 'V27', 'V28', 'Time_sin']"
CostSensitiveLearning___RandomizedSearchCV__niter_30__cv_5,2,4,RRC,resubstitution,287,17670,37,54,0.994957890070922,0.8858024691358025,0.841642228739003,0.8631578947368421,0.9979104309030327,0.0020895690969673364,0.9197763298210178,0.9164516130964728,0.8608832325544805,0.8605912323554158,0.9697474547816223,0.8549857557733563,22560,0.875067288685688,0.010204636611124541,0.865632280397602,0.021399551285795113,"{'classifier__estimator__ccp_alpha': np.float64(0.007808627946833988), 'classifier__estimator__max_depth': 7, 'classifier__estimator__max_features': 'sqrt', 'classifier__estimator__max_leaf_nodes': 2, 'classifier__estimator__min_impurity_decrease': np.float64(0.09093556447063052), 'classifier__estimator__min_samples_leaf': 8, 'classifier__estimator__min_samples_split': 6, 'classifier__max_features': np.float64(0.8775079249889064), 'classifier__max_samples': np.float64(0.5340916488488978), 'classifier__n_estimators': 329, 'feature_selection_filter__k': 28}",42.81018352508545,"[0, 1, 2, 3, 4, 5, 6, 7, 8, 9, 10, 11, 12, 13, 14, 16, 17, 18, 19, 20, 21, 22, 23, 24, 26, 27, 28, 29]","['Amount_log1p', 'V1', 'V2', 'V3', 'V4', 'V5', 'V6', 'V7', 'V8', 'V9', 'V10', 'V11', 'V12', 'V13', 'V14', 'V16', 'V17', 'V18', 'V19', 'V20', 'V21', 'V22', 'V23', 'V24', 'V26', 'V27', 'V28', 'Time_sin']"
CostSensitiveLearning___RandomizedSearchCV__niter_30__cv_5,2,5,RRC,resubstitution,288,17688,20,52,0.9960106382978723,0.935064935064935,0.8470588235294118,0.8888888888888888,0.9988705669753783,0.001129433024621651,0.9229646952523951,0.9198380984283704,0.8879860910835182,0.8868627882549933,0.9656935549236636,0.873572891331622,22560,0.8822016759065459,0.009175204016209384,0.8744248635230505,0.01788910068980985,"{'classifier__estimator__ccp_alpha': np.float64(0.004348124973151565), 'classifier__estimator__max_depth': 5, 'classifier__estimator__max_features': 'sqrt', 'classifier__estimator__max_leaf_nodes': 2, 'classifier__estimator__min_impurity_decrease': np.float64(0.05276519550888901), 'classifier__estimator__min_samples_leaf': 1, 'classifier__estimator__min_samples_split': 7, 'classifier__max_features': np.float64(0.8460372908363902), 'classifier__max_samples': np.float64(0.5551033336171847), 'classifier__n_estimators': 260, 'feature_selection_filter__k': 24}",45.29172372817993,"[0, 1, 2, 3, 4, 5, 6, 7, 8, 9, 10, 11, 12, 14, 16, 17, 18, 19, 20, 21, 22, 27, 28, 29]","['Amount_log1p', 'V1', 'V2', 'V3', 'V4', 'V5', 'V6', 'V7', 'V8', 'V9', 'V10', 'V11', 'V12', 'V14', 'V16', 'V17', 'V18', 'V19', 'V20', 'V21', 'V22', 'V27', 'V28', 'Time_sin']"
CostSensitiveLearning___RandomizedSearchCV__niter_30__cv_5,2,6,RRC,resubstitution,284,17686,22,56,0.9956781914893617,0.9281045751633987,0.8352941176470589,0.8792569659442725,0.9987576236729162,0.001242376327083794,0.9170258706599875,0.9133763561693186,0.8783249262248393,0.8770628895754126,0.9641303697896596,0.873376834519824,22560,0.8629006794646147,0.013663320939678664,0.8720058414810461,0.016874431130882665,"{'classifier__estimator__ccp_alpha': np.float64(0.0030860856314969733), 'classifier__estimator__max_depth': 17, 'classifier__estimator__max_features': 'log2', 'classifier__estimator__max_leaf_nodes': 14, 'classifier__estimator__min_impurity_decrease': np.float64(0.06413154450893764), 'classifier__estimator__min_samples_leaf': 3, 'classifier__estimator__min_samples_split': 3, 'classifier__max_features': np.float64(0.6902404954082083), 'classifier__max_samples': np.float64(0.7131779510329024), 'classifier__n_estimators': 271, 'feature_selection_filter__k': 22}",52.10277605056763,"[1, 2, 3, 4, 5, 6, 7, 8, 9, 10, 11, 12, 14, 16, 17, 18, 19, 20, 21, 27, 28, 29]","['V1', 'V2', 'V3', 'V4', 'V5', 'V6', 'V7', 'V8', 'V9', 'V10', 'V11', 'V12', 'V14', 'V16', 'V17', 'V18', 'V19', 'V20', 'V21', 'V27', 'V28', 'Time_sin']"
CostSensitiveLearning___RandomizedSearchCV__niter_30__cv_5,2,7,RRC,resubstitution,286,17676,32,54,0.9952349290780141,0.89937106918239,0.8411764705882353,0.8693009118541033,0.9981929071606054,0.0018070928393946195,0.9196846888744203,0.916327663345142,0.8673800088469422,0.8668769014791913,0.9677634900809204,0.8745616636291103,22560,0.8716288122554301,0.0017800156758363355,0.8738463329306352,0.020934163586239916,"{'classifier__estimator__ccp_alpha': np.float64(0.009965811975218704), 'classifier__estimator__max_depth': 17, 'classifier__estimator__max_features': 'log2', 'classifier__estimator__max_leaf_nodes': 11, 'classifier__estimator__min_impurity_decrease': np.float64(0.07686294843371044), 'classifier__estimator__min_samples_leaf': 6, 'classifier__estimator__min_samples_split': 6, 'classifier__max_features': np.float64(0.8206556990550605), 'classifier__max_samples': np.float64(0.5203928638476195), 'classifier__n_estimators': 279, 'feature_selection_filter__k': 28}",37.80754494667053,"[0, 1, 2, 3, 4, 5, 6, 7, 8, 9, 10, 11, 12, 13, 14, 16, 17, 18, 19, 20, 21, 22, 23, 24, 26, 27, 28, 29]","['Amount_log1p', 'V1', 'V2', 'V3', 'V4', 'V5', 'V6', 'V7', 'V8', 'V9', 'V10', 'V11', 'V12', 'V13', 'V14', 'V16', 'V17', 'V18', 'V19', 'V20', 'V21', 'V22', 'V23', 'V24', 'V26', 'V27', 'V28', 'Time_sin']"
CostSensitiveLearning___RandomizedSearchCV__niter_30__cv_5,2,8,RRC,resubstitution,283,17681,26,58,0.995345744680851,0.9158576051779935,0.8299120234604106,0.8707692307692307,0.998531654148077,0.0014683458519230141,0.9142218388042438,0.9103259996195328,0.8694985547638927,0.8684052774966837,0.9714604145319536,0.8635599599877922,22561,0.8799877682760492,0.0066367202599923285,0.8751911557434813,0.0285327055807812,"{'classifier__estimator__ccp_alpha': np.float64(0.009240351155744253), 'classifier__estimator__max_depth': 16, 'classifier__estimator__max_features': 'log2', 'classifier__estimator__max_leaf_nodes': 13, 'classifier__estimator__min_impurity_decrease': np.float64(0.09791617846798668), 'classifier__estimator__min_samples_leaf': 1, 'classifier__estimator__min_samples_split': 9, 'classifier__max_features': np.float64(0.6409698834314563), 'classifier__max_samples': np.float64(0.6281402789050028), 'classifier__n_estimators': 401, 'feature_selection_filter__k': 22}",39.74824857711792,"[0, 1, 2, 3, 4, 5, 6, 7, 8, 9, 10, 11, 12, 14, 16, 17, 18, 19, 20, 21, 27, 29]","['Amount_log1p', 'V1', 'V2', 'V3', 'V4', 'V5', 'V6', 'V7', 'V8', 'V9', 'V10', 'V11', 'V12', 'V14', 'V16', 'V17', 'V18', 'V19', 'V20', 'V21', 'V27', 'Time_sin']"
CostSensitiveLearning___RandomizedSearchCV__niter_30__cv_5,2,9,RRC,resubstitution,286,17673,34,55,0.9950687056737588,0.89375,0.8387096774193549,0.8653555219364599,0.9980798554244085,0.0019201445755915314,0.9183947664218817,0.9149312726001675,0.8632986495525348,0.8628464632333654,0.9680336669544509,0.8657834227344404,22561,0.8753478225521215,0.010251801053960152,0.8747886451558988,0.026383364155549194,"{'classifier__estimator__ccp_alpha': np.float64(0.0009952129590774029), 'classifier__estimator__max_depth': 13, 'classifier__estimator__max_features': 'sqrt', 'classifier__estimator__max_leaf_nodes': 16, 'classifier__estimator__min_impurity_decrease': np.float64(0.09750066312647702), 'classifier__estimator__min_samples_leaf': 8, 'classifier__estimator__min_samples_split': 4, 'classifier__max_features': np.float64(0.7238225742127353), 'classifier__max_samples': np.float64(0.621161777347659), 'classifier__n_estimators': 722, 'feature_selection_filter__k': 24}",46.10127878189087,"[1, 2, 3, 4, 5, 6, 7, 8, 9, 10, 11, 12, 14, 16, 17, 18, 19, 20, 21, 23, 24, 27, 28, 29]","['V1', 'V2', 'V3', 'V4', 'V5', 'V6', 'V7', 'V8', 'V9', 'V10', 'V11', 'V12', 'V14', 'V16', 'V17', 'V18', 'V19', 'V20', 'V21', 'V23', 'V24', 'V27', 'V28', 'Time_sin']"
CostSensitiveLearning___RandomizedSearchCV__niter_30__cv_5,2,10,RRC,resubstitution,285,17680,27,56,0.9954011524822695,0.9134615384615384,0.8357771260997068,0.8728943338437979,0.9984751793076184,0.0015248206923815788,0.9171261527036626,0.9135112018161631,0.8714489712547735,0.8705572492171136,0.9639728609408906,0.856274630409245,22561,0.8716008662344613,0.015485361100956517,0.8661921487095636,0.03725954553878051,"{'classifier__estimator__ccp_alpha': np.float64(0.003694261564724788), 'classifier__estimator__max_depth': 16, 'classifier__estimator__max_features': 'sqrt', 'classifier__estimator__max_leaf_nodes': 2, 'classifier__estimator__min_impurity_decrease': np.float64(0.09138105642606548), 'classifier__estimator__min_samples_leaf': 1, 'classifier__estimator__min_samples_split': 2, 'classifier__max_features': np.float64(0.8655499567161091), 'classifier__max_samples': np.float64(0.9471783124305422), 'classifier__n_estimators': 475, 'feature_selection_filter__k': 'all'}",47.61838746070862,"[0, 1, 2, 3, 4, 5, 6, 7, 8, 9, 10, 11, 12, 13, 14, 15, 16, 17, 18, 19, 20, 21, 22, 23, 24, 25, 26, 27, 28, 29, 30]","['Amount_log1p', 'V1', 'V2', 'V3', 'V4', 'V5', 'V6', 'V7', 'V8', 'V9', 'V10', 'V11', 'V12', 'V13', 'V14', 'V15', 'V16', 'V17', 'V18', 'V19', 'V20', 'V21', 'V22', 'V23', 'V24', 'V25', 'V26', 'V27', 'V28', 'Time_sin', 'Time_cos']"
CostSensitiveLearning___RandomizedSearchCV__niter_30__cv_5,3,1,RRC,resubstitution,289,17672,35,52,0.9951795212765957,0.8919753086419753,0.8475073313782991,0.869172932330827,0.9980233805839499,0.001976619416050096,0.9227653559811245,0.919691324266926,0.8670131696664651,0.8667190902738591,0.965006963298144,0.8683336504177571,22560,0.8778979133233978,0.005932925694848183,0.8811893954731393,0.011127623799875488,"{'classifier__estimator__ccp_alpha': np.float64(0.005337984426521255), 'classifier__estimator__max_depth': 11, 'classifier__estimator__max_features': 'sqrt', 'classifier__estimator__max_leaf_nodes': 11, 'classifier__estimator__min_impurity_decrease': np.float64(0.0939501044096917), 'classifier__estimator__min_samples_leaf': 3, 'classifier__estimator__min_samples_split': 5, 'classifier__max_features': np.float64(0.6777336380542619), 'classifier__max_samples': np.float64(0.7433221309198692), 'classifier__n_estimators': 523, 'feature_selection_filter__k': 26}",41.74699664115906,"[0, 1, 2, 3, 4, 5, 6, 7, 8, 9, 10, 11, 12, 14, 16, 17, 18, 19, 20, 21, 23, 24, 25, 27, 28, 29]","['Amount_log1p', 'V1', 'V2', 'V3', 'V4', 'V5', 'V6', 'V7', 'V8', 'V9', 'V10', 'V11', 'V12', 'V14', 'V16', 'V17', 'V18', 'V19', 'V20', 'V21', 'V23', 'V24', 'V25', 'V27', 'V28', 'Time_sin']"
CostSensitiveLearning___RandomizedSearchCV__niter_30__cv_5,3,2,RRC,resubstitution,286,17682,25,55,0.9955673758865248,0.9196141479099679,0.8387096774193549,0.8773006134969326,0.9985881289885357,0.0014118710114643385,0.9186489032039453,0.9151642079642166,0.8760105954443207,0.875048398148919,0.962550059315144,0.8713283193277829,22560,0.8810088125785193,0.007774202007434046,0.883267027233172,0.02324002829750883,"{'classifier__estimator__ccp_alpha': np.float64(0.007601812824949439), 'classifier__estimator__max_depth': 4, 'classifier__estimator__max_features': 'sqrt', 'classifier__estimator__max_leaf_nodes': 11, 'classifier__estimator__min_impurity_decrease': np.float64(0.09621759691695131), 'classifier__estimator__min_samples_leaf': 5, 'classifier__estimator__min_samples_split': 7, 'classifier__max_features': np.float64(0.5171879353796305), 'classifier__max_samples': np.float64(0.5763967024548912), 'classifier__n_estimators': 601, 'feature_selection_filter__k': 26}",44.16146421432495,"[0, 1, 2, 3, 4, 5, 6, 7, 8, 9, 10, 11, 12, 14, 16, 17, 18, 19, 20, 21, 22, 23, 24, 27, 28, 29]","['Amount_log1p', 'V1', 'V2', 'V3', 'V4', 'V5', 'V6', 'V7', 'V8', 'V9', 'V10', 'V11', 'V12', 'V14', 'V16', 'V17', 'V18', 'V19', 'V20', 'V21', 'V22', 'V23', 'V24', 'V27', 'V28', 'Time_sin']"
CostSensitiveLearning___RandomizedSearchCV__niter_30__cv_5,3,3,RRC,resubstitution,284,17688,19,57,0.9957890070921985,0.9372937293729373,0.8328445747800587,0.8819875776397516,0.998926978031287,0.0010730219687129505,0.9158857764056729,0.9121134327783997,0.881443399805173,0.8798514330342337,0.9690396146991589,0.8587050648359704,22560,0.8710747547497106,0.006176634541388289,0.8683944554173563,0.025858798661295646,"{'classifier__estimator__ccp_alpha': np.float64(0.006346744421866868), 'classifier__estimator__max_depth': 17, 'classifier__estimator__max_features': 'sqrt', 'classifier__estimator__max_leaf_nodes': 14, 'classifier__estimator__min_impurity_decrease': np.float64(0.0831787255551672), 'classifier__estimator__min_samples_leaf': 3, 'classifier__estimator__min_samples_split': 7, 'classifier__max_features': np.float64(0.5178349843811821), 'classifier__max_samples': np.float64(0.6883947762597157), 'classifier__n_estimators': 886, 'feature_selection_filter__k': 26}",45.87141966819763,"[0, 1, 2, 3, 4, 5, 6, 7, 8, 9, 10, 11, 12, 14, 16, 17, 18, 19, 20, 21, 23, 24, 27, 28, 29, 30]","['Amount_log1p', 'V1', 'V2', 'V3', 'V4', 'V5', 'V6', 'V7', 'V8', 'V9', 'V10', 'V11', 'V12', 'V14', 'V16', 'V17', 'V18', 'V19', 'V20', 'V21', 'V23', 'V24', 'V27', 'V28', 'Time_sin', 'Time_cos']"
CostSensitiveLearning___RandomizedSearchCV__niter_30__cv_5,3,4,RRC,resubstitution,283,17684,23,58,0.9955119680851063,0.9248366013071896,0.8299120234604106,0.874806800618238,0.9987010786694528,0.0012989213305472092,0.9143065510649317,0.9104032255163974,0.8738552073789179,0.8725286361681579,0.965342748456589,0.8565156386876035,22560,0.8776803569457483,0.007868461400840928,0.8770866047582067,0.02513283887002626,"{'classifier__estimator__ccp_alpha': np.float64(0.009850405271691858), 'classifier__estimator__max_depth': 11, 'classifier__estimator__max_features': 'log2', 'classifier__estimator__max_leaf_nodes': 2, 'classifier__estimator__min_impurity_decrease': np.float64(0.0029937365481499615), 'classifier__estimator__min_samples_leaf': 5, 'classifier__estimator__min_samples_split': 4, 'classifier__max_features': np.float64(0.6749043411528095), 'classifier__max_samples': np.float64(0.5252020273692712), 'classifier__n_estimators': 840, 'feature_selection_filter__k': 20}",46.66098141670227,"[1, 2, 3, 4, 5, 6, 7, 8, 9, 10, 11, 12, 14, 16, 17, 18, 19, 20, 21, 27]","['V1', 'V2', 'V3', 'V4', 'V5', 'V6', 'V7', 'V8', 'V9', 'V10', 'V11', 'V12', 'V14', 'V16', 'V17', 'V18', 'V19', 'V20', 'V21', 'V27']"
CostSensitiveLearning___RandomizedSearchCV__niter_30__cv_5,3,5,RRC,resubstitution,280,17689,19,60,0.9956227836879432,0.9364548494983278,0.8235294117647058,0.8763693270735524,0.9989270386266095,0.0010729613733905241,0.9112282251956576,0.9069982340203487,0.8760211414993435,0.8741506133801827,0.9672708579704754,0.8574901064467148,22560,0.8698461049360647,0.008181598429715038,0.8673643692638899,0.03871995288499166,"{'classifier__estimator__ccp_alpha': np.float64(0.0015428757813127582), 'classifier__estimator__max_depth': 16, 'classifier__estimator__max_features': 'log2', 'classifier__estimator__max_leaf_nodes': 12, 'classifier__estimator__min_impurity_decrease': np.float64(0.09216329958916931), 'classifier__estimator__min_samples_leaf': 8, 'classifier__estimator__min_samples_split': 7, 'classifier__max_features': np.float64(0.5908117574259748), 'classifier__max_samples': np.float64(0.503774167849868), 'classifier__n_estimators': 586, 'feature_selection_filter__k': 24}",50.975194454193115,"[0, 1, 2, 3, 4, 5, 6, 7, 8, 9, 10, 11, 12, 14, 16, 17, 18, 19, 20, 21, 24, 27, 28, 29]","['Amount_log1p', 'V1', 'V2', 'V3', 'V4', 'V5', 'V6', 'V7', 'V8', 'V9', 'V10', 'V11', 'V12', 'V14', 'V16', 'V17', 'V18', 'V19', 'V20', 'V21', 'V24', 'V27', 'V28', 'Time_sin']"
CostSensitiveLearning___RandomizedSearchCV__niter_30__cv_5,3,6,RRC,resubstitution,276,17678,30,64,0.9947916666666666,0.9019607843137255,0.8117647058823529,0.8544891640866873,0.9983058504630675,0.0016941495369324766,0.9050352781727102,0.9002163379331573,0.8530707705411343,0.851845020770369,0.9610347267436453,0.8394458877997345,22560,0.8586112817712245,0.009219695736333971,0.8608851281690484,0.014915179699928892,"{'classifier__estimator__ccp_alpha': np.float64(0.007299405570626448), 'classifier__estimator__max_depth': 17, 'classifier__estimator__max_features': 'sqrt', 'classifier__estimator__max_leaf_nodes': 2, 'classifier__estimator__min_impurity_decrease': np.float64(0.025214679641823903), 'classifier__estimator__min_samples_leaf': 1, 'classifier__estimator__min_samples_split': 6, 'classifier__max_features': np.float64(0.7649047412255986), 'classifier__max_samples': np.float64(0.6740374725957935), 'classifier__n_estimators': 967, 'feature_selection_filter__k': 26}",55.82665419578552,"[0, 1, 2, 3, 4, 5, 6, 7, 8, 9, 10, 11, 12, 14, 16, 17, 18, 19, 20, 21, 22, 24, 25, 27, 28, 29]","['Amount_log1p', 'V1', 'V2', 'V3', 'V4', 'V5', 'V6', 'V7', 'V8', 'V9', 'V10', 'V11', 'V12', 'V14', 'V16', 'V17', 'V18', 'V19', 'V20', 'V21', 'V22', 'V24', 'V25', 'V27', 'V28', 'Time_sin']"
CostSensitiveLearning___RandomizedSearchCV__niter_30__cv_5,3,7,RRC,resubstitution,278,17692,16,62,0.9956781914893617,0.9455782312925171,0.8176470588235294,0.8769716088328076,0.9990964535803026,0.0009035464196973653,0.908371756201916,0.9038297830625817,0.8771788176027598,0.8747838561346433,0.9682917491595691,0.8485155596226885,22560,0.8754953114772303,0.010213802326503062,0.8763314231165253,0.0355962323640268,"{'classifier__estimator__ccp_alpha': np.float64(0.005066666538709547), 'classifier__estimator__max_depth': 13, 'classifier__estimator__max_features': 'log2', 'classifier__estimator__max_leaf_nodes': 2, 'classifier__estimator__min_impurity_decrease': np.float64(0.07024594309957466), 'classifier__estimator__min_samples_leaf': 4, 'classifier__estimator__min_samples_split': 6, 'classifier__max_features': np.float64(0.540499580857753), 'classifier__max_samples': np.float64(0.7402563940822945), 'classifier__n_estimators': 662, 'feature_selection_filter__k': 'all'}",49.147533655166626,"[0, 1, 2, 3, 4, 5, 6, 7, 8, 9, 10, 11, 12, 13, 14, 15, 16, 17, 18, 19, 20, 21, 22, 23, 24, 25, 26, 27, 28, 29, 30]","['Amount_log1p', 'V1', 'V2', 'V3', 'V4', 'V5', 'V6', 'V7', 'V8', 'V9', 'V10', 'V11', 'V12', 'V13', 'V14', 'V15', 'V16', 'V17', 'V18', 'V19', 'V20', 'V21', 'V22', 'V23', 'V24', 'V25', 'V26', 'V27', 'V28', 'Time_sin', 'Time_cos']"
CostSensitiveLearning___RandomizedSearchCV__niter_30__cv_5,3,8,RRC,resubstitution,283,17681,26,58,0.995345744680851,0.9158576051779935,0.8299120234604106,0.8707692307692307,0.998531654148077,0.0014683458519230141,0.9142218388042438,0.9103259996195328,0.8694985547638927,0.8684052774966837,0.9676009139980923,0.8693637978335661,22561,0.8744244733600585,0.014072014512002752,0.8751933028562713,0.017576867145161348,"{'classifier__estimator__ccp_alpha': np.float64(0.002375561678152992), 'classifier__estimator__max_depth': 17, 'classifier__estimator__max_features': 'log2', 'classifier__estimator__max_leaf_nodes': 2, 'classifier__estimator__min_impurity_decrease': np.float64(0.04760722626450138), 'classifier__estimator__min_samples_leaf': 3, 'classifier__estimator__min_samples_split': 8, 'classifier__max_features': np.float64(0.5468576216581333), 'classifier__max_samples': np.float64(0.7288583480241967), 'classifier__n_estimators': 537, 'feature_selection_filter__k': 20}",46.31041193008423,"[1, 2, 3, 4, 5, 6, 7, 8, 9, 10, 11, 12, 14, 16, 17, 18, 19, 20, 21, 27]","['V1', 'V2', 'V3', 'V4', 'V5', 'V6', 'V7', 'V8', 'V9', 'V10', 'V11', 'V12', 'V14', 'V16', 'V17', 'V18', 'V19', 'V20', 'V21', 'V27']"
CostSensitiveLearning___RandomizedSearchCV__niter_30__cv_5,3,9,RRC,resubstitution,291,17681,26,50,0.9957890070921985,0.917981072555205,0.8533724340175953,0.8844984802431611,0.998531654148077,0.0014683458519230141,0.9259520440828362,0.923103129744429,0.8829663228375234,0.8823567956814207,0.9704931379756536,0.8681732439867704,22561,0.8833950424420707,0.007154365061545285,0.8784279619263456,0.02013391456392617,"{'classifier__estimator__ccp_alpha': np.float64(0.00829713416043998), 'classifier__estimator__max_depth': 4, 'classifier__estimator__max_features': 'sqrt', 'classifier__estimator__max_leaf_nodes': 8, 'classifier__estimator__min_impurity_decrease': np.float64(0.09924987749336112), 'classifier__estimator__min_samples_leaf': 1, 'classifier__estimator__min_samples_split': 8, 'classifier__max_features': np.float64(0.7859516252479101), 'classifier__max_samples': np.float64(0.8923788000075796), 'classifier__n_estimators': 703, 'feature_selection_filter__k': 28}",49.82911038398743,"[0, 1, 2, 3, 4, 5, 6, 7, 8, 9, 10, 11, 12, 13, 14, 16, 17, 18, 19, 20, 21, 22, 23, 24, 27, 28, 29, 30]","['Amount_log1p', 'V1', 'V2', 'V3', 'V4', 'V5', 'V6', 'V7', 'V8', 'V9', 'V10', 'V11', 'V12', 'V13', 'V14', 'V16', 'V17', 'V18', 'V19', 'V20', 'V21', 'V22', 'V23', 'V24', 'V27', 'V28', 'Time_sin', 'Time_cos']"
CostSensitiveLearning___RandomizedSearchCV__niter_30__cv_5,3,10,RRC,resubstitution,289,17681,26,52,0.9956781914893617,0.9174603174603174,0.8475073313782991,0.8810975609756098,0.998531654148077,0.0014683458519230141,0.9230194927631881,0.9199254847561271,0.8796171231922296,0.8789001792568865,0.9738355045232041,0.8655684393859667,22561,0.8802453326107862,0.01497194094994085,0.8827477613448643,0.014345302382889613,"{'classifier__estimator__ccp_alpha': np.float64(0.0011504425234136707), 'classifier__estimator__max_depth': 13, 'classifier__estimator__max_features': 'log2', 'classifier__estimator__max_leaf_nodes': 2, 'classifier__estimator__min_impurity_decrease': np.float64(0.042417583045593066), 'classifier__estimator__min_samples_leaf': 2, 'classifier__estimator__min_samples_split': 8, 'classifier__max_features': np.float64(0.6367971278865796), 'classifier__max_samples': np.float64(0.917589430412672), 'classifier__n_estimators': 692, 'feature_selection_filter__k': 26}",52.73961544036865,"[0, 1, 2, 3, 4, 5, 6, 7, 8, 9, 10, 11, 12, 14, 16, 17, 18, 19, 20, 21, 22, 24, 25, 27, 28, 29]","['Amount_log1p', 'V1', 'V2', 'V3', 'V4', 'V5', 'V6', 'V7', 'V8', 'V9', 'V10', 'V11', 'V12', 'V14', 'V16', 'V17', 'V18', 'V19', 'V20', 'V21', 'V22', 'V24', 'V25', 'V27', 'V28', 'Time_sin']"
CostSensitiveLearning___RandomizedSearchCV__niter_30__cv_5,4,1,RRC,resubstitution,282,17686,21,59,0.9955673758865248,0.9306930693069307,0.8269794721407625,0.8757763975155279,0.9988140283503699,0.0011859716496300798,0.9128967502455663,0.9088447050690109,0.8751083493414584,0.8735278242465618,0.9666695759766297,0.8498561374749916,22560,0.8708927404380151,0.0050514219964860945,0.8686900919748654,0.016299900765468094,"{'classifier__estimator__ccp_alpha': np.float64(0.002274217585379018), 'classifier__estimator__max_depth': 16, 'classifier__estimator__max_features': 'sqrt', 'classifier__estimator__max_leaf_nodes': 2, 'classifier__estimator__min_impurity_decrease': np.float64(0.09469742025858337), 'classifier__estimator__min_samples_leaf': 5, 'classifier__estimator__min_samples_split': 9, 'classifier__max_features': np.float64(0.6510345171557794), 'classifier__max_samples': np.float64(0.8498760424926937), 'classifier__n_estimators': 922, 'feature_selection_filter__k': 26}",55.2277307510376,"[0, 1, 2, 3, 4, 5, 6, 7, 8, 9, 10, 11, 12, 14, 16, 17, 18, 19, 20, 21, 23, 24, 26, 27, 28, 29]","['Amount_log1p', 'V1', 'V2', 'V3', 'V4', 'V5', 'V6', 'V7', 'V8', 'V9', 'V10', 'V11', 'V12', 'V14', 'V16', 'V17', 'V18', 'V19', 'V20', 'V21', 'V23', 'V24', 'V26', 'V27', 'V28', 'Time_sin']"
CostSensitiveLearning___RandomizedSearchCV__niter_30__cv_5,4,2,RRC,resubstitution,280,17671,36,61,0.9946254432624113,0.8860759493670886,0.8211143695014663,0.852359208523592,0.9979669057434912,0.0020330942565087717,0.9095406376224788,0.9052319960059388,0.8502649529972917,0.8496261474808847,0.96660763582903,0.8476243549899285,22560,0.8666351251570589,0.011448589843086183,0.8612181808722053,0.03361499319429434,"{'classifier__estimator__ccp_alpha': np.float64(0.004397309115540877), 'classifier__estimator__max_depth': 6, 'classifier__estimator__max_features': 'sqrt', 'classifier__estimator__max_leaf_nodes': 2, 'classifier__estimator__min_impurity_decrease': np.float64(0.05251967476059836), 'classifier__estimator__min_samples_leaf': 7, 'classifier__estimator__min_samples_split': 3, 'classifier__max_features': np.float64(0.9132623753843158), 'classifier__max_samples': np.float64(0.6481874855488698), 'classifier__n_estimators': 468, 'feature_selection_filter__k': 22}",47.028831005096436,"[1, 2, 3, 4, 5, 6, 7, 8, 9, 10, 11, 12, 14, 16, 17, 18, 19, 20, 21, 27, 28, 29]","['V1', 'V2', 'V3', 'V4', 'V5', 'V6', 'V7', 'V8', 'V9', 'V10', 'V11', 'V12', 'V14', 'V16', 'V17', 'V18', 'V19', 'V20', 'V21', 'V27', 'V28', 'Time_sin']"
CostSensitiveLearning___RandomizedSearchCV__niter_30__cv_5,4,3,RRC,resubstitution,276,17682,25,65,0.9950132978723404,0.9169435215946844,0.8093841642228738,0.8598130841121495,0.9985881289885357,0.0014118710114643385,0.9039861466057048,0.8990224792430217,0.8590143700495401,0.8572846155887247,0.9616493601367453,0.8401436365478069,22560,0.8587304735906812,0.01330106496188504,0.8496341457964626,0.02075812159474639,"{'classifier__estimator__ccp_alpha': np.float64(0.0038362868625784474), 'classifier__estimator__max_depth': 6, 'classifier__estimator__max_features': 'sqrt', 'classifier__estimator__max_leaf_nodes': 2, 'classifier__estimator__min_impurity_decrease': np.float64(0.09028293024632154), 'classifier__estimator__min_samples_leaf': 6, 'classifier__estimator__min_samples_split': 7, 'classifier__max_features': np.float64(0.8325784953986948), 'classifier__max_samples': np.float64(0.6522775757615865), 'classifier__n_estimators': 730, 'feature_selection_filter__k': 28}",49.906288623809814,"[0, 1, 2, 3, 4, 5, 6, 7, 8, 9, 10, 11, 12, 14, 16, 17, 18, 19, 20, 21, 23, 24, 25, 26, 27, 28, 29, 30]","['Amount_log1p', 'V1', 'V2', 'V3', 'V4', 'V5', 'V6', 'V7', 'V8', 'V9', 'V10', 'V11', 'V12', 'V14', 'V16', 'V17', 'V18', 'V19', 'V20', 'V21', 'V23', 'V24', 'V25', 'V26', 'V27', 'V28', 'Time_sin', 'Time_cos']"
CostSensitiveLearning___RandomizedSearchCV__niter_30__cv_5,4,4,RRC,resubstitution,285,17688,19,56,0.995844414893617,0.9375,0.8357771260997068,0.8837209302325582,0.998926978031287,0.0010730219687129505,0.917352052065497,0.9137178551842216,0.8831199094578405,0.8816124220195297,0.9646667065247652,0.8728510574907196,22560,0.8825692205564313,0.011840682894352405,0.8876910888832541,0.02962721672288185,"{'classifier__estimator__ccp_alpha': np.float64(0.009846221661954237), 'classifier__estimator__max_depth': 3, 'classifier__estimator__max_features': 'log2', 'classifier__estimator__max_leaf_nodes': 6, 'classifier__estimator__min_impurity_decrease': np.float64(0.09547212082627526), 'classifier__estimator__min_samples_leaf': 4, 'classifier__estimator__min_samples_split': 8, 'classifier__max_features': np.float64(0.5126332588902708), 'classifier__max_samples': np.float64(0.8778053232700873), 'classifier__n_estimators': 722, 'feature_selection_filter__k': 26}",44.63439679145813,"[0, 1, 2, 3, 4, 5, 6, 7, 8, 9, 10, 11, 12, 14, 16, 17, 18, 19, 20, 21, 23, 24, 27, 28, 29, 30]","['Amount_log1p', 'V1', 'V2', 'V3', 'V4', 'V5', 'V6', 'V7', 'V8', 'V9', 'V10', 'V11', 'V12', 'V14', 'V16', 'V17', 'V18', 'V19', 'V20', 'V21', 'V23', 'V24', 'V27', 'V28', 'Time_sin', 'Time_cos']"
CostSensitiveLearning___RandomizedSearchCV__niter_30__cv_5,4,5,RRC,resubstitution,287,17671,37,53,0.9950132978723404,0.8858024691358025,0.8441176470588235,0.8644578313253012,0.99791054890445,0.0020894510955500323,0.9210140979816368,0.9177984008029233,0.862179065983074,0.8619192570407306,0.9743758221608048,0.8663151062286863,22560,0.879020628992558,0.005583797875237426,0.8759600704638872,0.017687293475014576,"{'classifier__estimator__ccp_alpha': np.float64(0.004660323771262082), 'classifier__estimator__max_depth': 4, 'classifier__estimator__max_features': 'log2', 'classifier__estimator__max_leaf_nodes': 2, 'classifier__estimator__min_impurity_decrease': np.float64(0.09112906302966231), 'classifier__estimator__min_samples_leaf': 4, 'classifier__estimator__min_samples_split': 8, 'classifier__max_features': np.float64(0.9211295604407026), 'classifier__max_samples': np.float64(0.8739213193119757), 'classifier__n_estimators': 445, 'feature_selection_filter__k': 26}",42.399816036224365,"[0, 1, 2, 3, 4, 5, 6, 7, 8, 9, 10, 11, 12, 14, 16, 17, 18, 19, 20, 21, 22, 23, 24, 27, 28, 29]","['Amount_log1p', 'V1', 'V2', 'V3', 'V4', 'V5', 'V6', 'V7', 'V8', 'V9', 'V10', 'V11', 'V12', 'V14', 'V16', 'V17', 'V18', 'V19', 'V20', 'V21', 'V22', 'V23', 'V24', 'V27', 'V28', 'Time_sin']"
CostSensitiveLearning___RandomizedSearchCV__niter_30__cv_5,4,6,RRC,resubstitution,287,17687,21,53,0.9958998226950354,0.9318181818181818,0.8441176470588235,0.8858024691358025,0.9988140953241473,0.001185904675852667,0.9214658711914854,0.9182138116986733,0.884839410204456,0.8837200879287431,0.9671215402808966,0.8708193117888826,22560,0.8847552412871293,0.002663706779138692,0.8858340769646894,0.020102474125655037,"{'classifier__estimator__ccp_alpha': np.float64(0.0020287381291950023), 'classifier__estimator__max_depth': 9, 'classifier__estimator__max_features': 'log2', 'classifier__estimator__max_leaf_nodes': 2, 'classifier__estimator__min_impurity_decrease': np.float64(0.054881161932006796), 'classifier__estimator__min_samples_leaf': 6, 'classifier__estimator__min_samples_split': 9, 'classifier__max_features': np.float64(0.7545213297236146), 'classifier__max_samples': np.float64(0.7321691350874402), 'classifier__n_estimators': 738, 'feature_selection_filter__k': 28}",41.92359137535095,"[0, 1, 2, 3, 4, 5, 6, 7, 8, 9, 10, 11, 12, 14, 16, 17, 18, 19, 20, 21, 22, 24, 25, 26, 27, 28, 29, 30]","['Amount_log1p', 'V1', 'V2', 'V3', 'V4', 'V5', 'V6', 'V7', 'V8', 'V9', 'V10', 'V11', 'V12', 'V14', 'V16', 'V17', 'V18', 'V19', 'V20', 'V21', 'V22', 'V24', 'V25', 'V26', 'V27', 'V28', 'Time_sin', 'Time_cos']"
CostSensitiveLearning___RandomizedSearchCV__niter_30__cv_5,4,7,RRC,resubstitution,286,17675,33,54,0.9951795212765957,0.896551724137931,0.8411764705882353,0.8679817905918058,0.9981364355093743,0.0018635644906257465,0.9196564530488047,0.9163017428703807,0.8659855691082657,0.8655292688558217,0.9662430739180696,0.8738693483035875,22560,0.8743917874344925,0.011157593920235876,0.8745600560541137,0.029643543851201503,"{'classifier__estimator__ccp_alpha': np.float64(0.006489592478000952), 'classifier__estimator__max_depth': 9, 'classifier__estimator__max_features': 'log2', 'classifier__estimator__max_leaf_nodes': 8, 'classifier__estimator__min_impurity_decrease': np.float64(0.0964232547145118), 'classifier__estimator__min_samples_leaf': 9, 'classifier__estimator__min_samples_split': 3, 'classifier__max_features': np.float64(0.528045490701028), 'classifier__max_samples': np.float64(0.7632810626697892), 'classifier__n_estimators': 548, 'feature_selection_filter__k': 'all'}",45.568843364715576,"[0, 1, 2, 3, 4, 5, 6, 7, 8, 9, 10, 11, 12, 13, 14, 15, 16, 17, 18, 19, 20, 21, 22, 23, 24, 25, 26, 27, 28, 29, 30]","['Amount_log1p', 'V1', 'V2', 'V3', 'V4', 'V5', 'V6', 'V7', 'V8', 'V9', 'V10', 'V11', 'V12', 'V13', 'V14', 'V15', 'V16', 'V17', 'V18', 'V19', 'V20', 'V21', 'V22', 'V23', 'V24', 'V25', 'V26', 'V27', 'V28', 'Time_sin', 'Time_cos']"
CostSensitiveLearning___RandomizedSearchCV__niter_30__cv_5,4,8,RRC,resubstitution,277,17690,17,64,0.9955119680851063,0.9421768707482994,0.8123167155425219,0.8724409448818897,0.9990399277122042,0.0009600722877958212,0.9056783216273631,0.900853391387864,0.8726492235557438,0.8701694817713579,0.9655915855468794,0.8696863348179045,22561,0.8714975705010974,0.0030053638779856382,0.868773146825564,0.008253866952433362,"{'classifier__estimator__ccp_alpha': np.float64(0.007499699268879412), 'classifier__estimator__max_depth': 6, 'classifier__estimator__max_features': 'log2', 'classifier__estimator__max_leaf_nodes': 2, 'classifier__estimator__min_impurity_decrease': np.float64(0.059917706306668816), 'classifier__estimator__min_samples_leaf': 3, 'classifier__estimator__min_samples_split': 3, 'classifier__max_features': np.float64(0.5991508196846427), 'classifier__max_samples': np.float64(0.5021231614857518), 'classifier__n_estimators': 435, 'feature_selection_filter__k': 20}",40.39032530784607,"[1, 2, 3, 4, 5, 6, 7, 8, 9, 10, 11, 12, 14, 16, 17, 18, 19, 20, 21, 27]","['V1', 'V2', 'V3', 'V4', 'V5', 'V6', 'V7', 'V8', 'V9', 'V10', 'V11', 'V12', 'V14', 'V16', 'V17', 'V18', 'V19', 'V20', 'V21', 'V27']"
CostSensitiveLearning___RandomizedSearchCV__niter_30__cv_5,4,9,RRC,resubstitution,279,17685,22,62,0.995345744680851,0.9269102990033222,0.8181818181818182,0.8691588785046729,0.9987575535099114,0.0012424464900886445,0.9084696858458647,0.9039719415189632,0.8685479262576877,0.8667989745494764,0.9650987970196521,0.8488083512804877,22561,0.8698028194867309,0.010713513307071959,0.8778612161941938,0.021651929457017036,"{'classifier__estimator__ccp_alpha': np.float64(0.008120435511302823), 'classifier__estimator__max_depth': 10, 'classifier__estimator__max_features': 'log2', 'classifier__estimator__max_leaf_nodes': 2, 'classifier__estimator__min_impurity_decrease': np.float64(0.08628700152933244), 'classifier__estimator__min_samples_leaf': 4, 'classifier__estimator__min_samples_split': 8, 'classifier__max_features': np.float64(0.8511842239295102), 'classifier__max_samples': np.float64(0.7688422736626856), 'classifier__n_estimators': 212, 'feature_selection_filter__k': 26}",37.48492622375488,"[0, 1, 2, 3, 4, 5, 6, 7, 8, 9, 10, 11, 12, 14, 16, 17, 18, 19, 20, 21, 23, 24, 25, 27, 28, 29]","['Amount_log1p', 'V1', 'V2', 'V3', 'V4', 'V5', 'V6', 'V7', 'V8', 'V9', 'V10', 'V11', 'V12', 'V14', 'V16', 'V17', 'V18', 'V19', 'V20', 'V21', 'V23', 'V24', 'V25', 'V27', 'V28', 'Time_sin']"
CostSensitiveLearning___RandomizedSearchCV__niter_30__cv_5,4,10,RRC,resubstitution,280,17678,29,61,0.9950132978723404,0.9061488673139159,0.8211143695014663,0.8615384615384616,0.9983622296267013,0.0016377703732987081,0.9097382995640838,0.9054112726899345,0.8600870980893723,0.8590056544607325,0.9663499383165561,0.8467750814358795,22561,0.8640122479027875,0.005581540299276292,0.8627438569309092,0.021071855834691244,"{'classifier__estimator__ccp_alpha': np.float64(0.002679841468862566), 'classifier__estimator__max_depth': 13, 'classifier__estimator__max_features': 'log2', 'classifier__estimator__max_leaf_nodes': 2, 'classifier__estimator__min_impurity_decrease': np.float64(0.07571945692251451), 'classifier__estimator__min_samples_leaf': 8, 'classifier__estimator__min_samples_split': 8, 'classifier__max_features': np.float64(0.828537278664976), 'classifier__max_samples': np.float64(0.627091016606613), 'classifier__n_estimators': 213, 'feature_selection_filter__k': 28}",37.35469698905945,"[0, 1, 2, 3, 4, 5, 6, 7, 8, 9, 10, 11, 12, 13, 14, 16, 17, 18, 19, 20, 21, 23, 24, 25, 27, 28, 29, 30]","['Amount_log1p', 'V1', 'V2', 'V3', 'V4', 'V5', 'V6', 'V7', 'V8', 'V9', 'V10', 'V11', 'V12', 'V13', 'V14', 'V16', 'V17', 'V18', 'V19', 'V20', 'V21', 'V23', 'V24', 'V25', 'V27', 'V28', 'Time_sin', 'Time_cos']"
CostSensitiveLearning___RandomizedSearchCV__niter_30__cv_5,5,1,RRC,resubstitution,291,17685,22,50,0.9960106382978723,0.9297124600638977,0.8533724340175953,0.8899082568807339,0.9987575535099114,0.0012424464900886445,0.9260649937637533,0.9232075413644604,0.8887257567114073,0.8878805611010804,0.9717232461208327,0.8762644943627561,22560,0.892260606391365,0.008542064141263865,0.8849084387786226,0.0188317300919682,"{'classifier__estimator__ccp_alpha': np.float64(0.0068769665477755905), 'classifier__estimator__max_depth': 8, 'classifier__estimator__max_features': 'sqrt', 'classifier__estimator__max_leaf_nodes': 2, 'classifier__estimator__min_impurity_decrease': np.float64(0.008090862603670469), 'classifier__estimator__min_samples_leaf': 7, 'classifier__estimator__min_samples_split': 2, 'classifier__max_features': np.float64(0.7479139531184098), 'classifier__max_samples': np.float64(0.6385874241659976), 'classifier__n_estimators': 755, 'feature_selection_filter__k': 26}",42.90045762062073,"[0, 1, 2, 3, 4, 5, 6, 7, 8, 9, 10, 11, 12, 14, 16, 17, 18, 19, 20, 21, 22, 24, 26, 27, 28, 29]","['Amount_log1p', 'V1', 'V2', 'V3', 'V4', 'V5', 'V6', 'V7', 'V8', 'V9', 'V10', 'V11', 'V12', 'V14', 'V16', 'V17', 'V18', 'V19', 'V20', 'V21', 'V22', 'V24', 'V26', 'V27', 'V28', 'Time_sin']"
CostSensitiveLearning___RandomizedSearchCV__niter_30__cv_5,5,2,RRC,resubstitution,279,17676,31,62,0.9948470744680851,0.9,0.8181818181818182,0.8571428571428571,0.9982492799457842,0.0017507200542158374,0.9082155490638012,0.903741893941369,0.8555315889737315,0.8545251324599397,0.9619694118352384,0.8494250481223479,22560,0.8477990849224832,0.018077947966770945,0.8516367089789254,0.03808277378366543,"{'classifier__estimator__ccp_alpha': np.float64(0.0021418451525756057), 'classifier__estimator__max_depth': 19, 'classifier__estimator__max_features': 'log2', 'classifier__estimator__max_leaf_nodes': 18, 'classifier__estimator__min_impurity_decrease': np.float64(0.09547304205003476), 'classifier__estimator__min_samples_leaf': 6, 'classifier__estimator__min_samples_split': 2, 'classifier__max_features': np.float64(0.7519202147872869), 'classifier__max_samples': np.float64(0.6264951961307623), 'classifier__n_estimators': 255, 'feature_selection_filter__k': 'all'}",36.41532564163208,"[0, 1, 2, 3, 4, 5, 6, 7, 8, 9, 10, 11, 12, 13, 14, 15, 16, 17, 18, 19, 20, 21, 22, 23, 24, 25, 26, 27, 28, 29, 30]","['Amount_log1p', 'V1', 'V2', 'V3', 'V4', 'V5', 'V6', 'V7', 'V8', 'V9', 'V10', 'V11', 'V12', 'V13', 'V14', 'V15', 'V16', 'V17', 'V18', 'V19', 'V20', 'V21', 'V22', 'V23', 'V24', 'V25', 'V26', 'V27', 'V28', 'Time_sin', 'Time_cos']"
CostSensitiveLearning___RandomizedSearchCV__niter_30__cv_5,5,3,RRC,resubstitution,290,17669,38,51,0.9950687056737588,0.8841463414634146,0.8504398826979472,0.866965620328849,0.9978539560625741,0.002146043937425901,0.9241469193802607,0.9212029099734423,0.864623858260591,0.8644543786479733,0.972684063677784,0.8678100727539272,22560,0.8795568846676401,0.007404678151380937,0.8769847385742097,0.02303122095106471,"{'classifier__estimator__ccp_alpha': np.float64(0.0004604099363148551), 'classifier__estimator__max_depth': 17, 'classifier__estimator__max_features': 'log2', 'classifier__estimator__max_leaf_nodes': 2, 'classifier__estimator__min_impurity_decrease': np.float64(0.07267563874318304), 'classifier__estimator__min_samples_leaf': 5, 'classifier__estimator__min_samples_split': 3, 'classifier__max_features': np.float64(0.9647716113120279), 'classifier__max_samples': np.float64(0.8528443542533326), 'classifier__n_estimators': 157, 'feature_selection_filter__k': 28}",36.23601031303406,"[0, 1, 2, 3, 4, 5, 6, 7, 8, 9, 10, 11, 12, 13, 14, 16, 17, 18, 19, 20, 21, 22, 23, 24, 27, 28, 29, 30]","['Amount_log1p', 'V1', 'V2', 'V3', 'V4', 'V5', 'V6', 'V7', 'V8', 'V9', 'V10', 'V11', 'V12', 'V13', 'V14', 'V16', 'V17', 'V18', 'V19', 'V20', 'V21', 'V22', 'V23', 'V24', 'V27', 'V28', 'Time_sin', 'Time_cos']"
CostSensitiveLearning___RandomizedSearchCV__niter_30__cv_5,5,4,RRC,resubstitution,286,17681,26,55,0.9955119680851063,0.9166666666666666,0.8387096774193549,0.8759571209800919,0.998531654148077,0.0014683458519230141,0.9186206657837159,0.9151383291850191,0.8745712686166092,0.8736763516456169,0.9652870188852861,0.8637305298416349,22560,0.872097375713483,0.014183379614551874,0.8743858125097903,0.011360611044066622,"{'classifier__estimator__ccp_alpha': np.float64(0.0024571342442032897), 'classifier__estimator__max_depth': 3, 'classifier__estimator__max_features': 'sqrt', 'classifier__estimator__max_leaf_nodes': 19, 'classifier__estimator__min_impurity_decrease': np.float64(0.08928604293346121), 'classifier__estimator__min_samples_leaf': 2, 'classifier__estimator__min_samples_split': 6, 'classifier__max_features': np.float64(0.5968118096743147), 'classifier__max_samples': np.float64(0.6740878069796847), 'classifier__n_estimators': 943, 'feature_selection_filter__k': 'all'}",57.57288932800293,"[0, 1, 2, 3, 4, 5, 6, 7, 8, 9, 10, 11, 12, 13, 14, 15, 16, 17, 18, 19, 20, 21, 22, 23, 24, 25, 26, 27, 28, 29, 30]","['Amount_log1p', 'V1', 'V2', 'V3', 'V4', 'V5', 'V6', 'V7', 'V8', 'V9', 'V10', 'V11', 'V12', 'V13', 'V14', 'V15', 'V16', 'V17', 'V18', 'V19', 'V20', 'V21', 'V22', 'V23', 'V24', 'V25', 'V26', 'V27', 'V28', 'Time_sin', 'Time_cos']"
CostSensitiveLearning___RandomizedSearchCV__niter_30__cv_5,5,5,RRC,resubstitution,279,17673,35,61,0.9946808510638298,0.8885350318471338,0.8205882352941176,0.8532110091743119,0.9980234922069121,0.0019765077930878894,0.9093058637505149,0.9049675885091921,0.8512046769017653,0.8505067182795462,0.9646927609986846,0.849114010987154,22560,0.8667674770211748,0.006096758312898654,0.8680747122121497,0.022637277107656985,"{'classifier__estimator__ccp_alpha': np.float64(0.0050187323113852125), 'classifier__estimator__max_depth': 14, 'classifier__estimator__max_features': 'sqrt', 'classifier__estimator__max_leaf_nodes': 2, 'classifier__estimator__min_impurity_decrease': np.float64(0.06441625330319715), 'classifier__estimator__min_samples_leaf': 1, 'classifier__estimator__min_samples_split': 6, 'classifier__max_features': np.float64(0.6611879984454275), 'classifier__max_samples': np.float64(0.6606095433905118), 'classifier__n_estimators': 777, 'feature_selection_filter__k': 24}",42.48069667816162,"[0, 1, 2, 3, 4, 5, 6, 7, 8, 9, 10, 11, 12, 14, 16, 17, 18, 19, 20, 21, 23, 27, 28, 29]","['Amount_log1p', 'V1', 'V2', 'V3', 'V4', 'V5', 'V6', 'V7', 'V8', 'V9', 'V10', 'V11', 'V12', 'V14', 'V16', 'V17', 'V18', 'V19', 'V20', 'V21', 'V23', 'V27', 'V28', 'Time_sin']"
CostSensitiveLearning___RandomizedSearchCV__niter_30__cv_5,5,6,RRC,resubstitution,281,17681,27,59,0.9952349290780141,0.9123376623376623,0.8264705882352941,0.8672839506172839,0.9984752654167608,0.0015247345832392067,0.9124729268260274,0.9084109422212954,0.8659593249300827,0.8648638859712421,0.9625557242323177,0.8611406076958816,22560,0.8761055189133803,0.009366807930205662,0.8750447982125402,0.02557796508467179,"{'classifier__estimator__ccp_alpha': np.float64(0.009805523963344151), 'classifier__estimator__max_depth': 8, 'classifier__estimator__max_features': 'sqrt', 'classifier__estimator__max_leaf_nodes': 2, 'classifier__estimator__min_impurity_decrease': np.float64(0.03106437579408391), 'classifier__estimator__min_samples_leaf': 9, 'classifier__estimator__min_samples_split': 2, 'classifier__max_features': np.float64(0.6378200142148884), 'classifier__max_samples': np.float64(0.5644370566738469), 'classifier__n_estimators': 296, 'feature_selection_filter__k': 22}",31.362000942230225,"[1, 2, 3, 4, 5, 6, 7, 8, 9, 10, 11, 12, 14, 16, 17, 18, 19, 20, 21, 23, 27, 29]","['V1', 'V2', 'V3', 'V4', 'V5', 'V6', 'V7', 'V8', 'V9', 'V10', 'V11', 'V12', 'V14', 'V16', 'V17', 'V18', 'V19', 'V20', 'V21', 'V23', 'V27', 'Time_sin']"
CostSensitiveLearning___RandomizedSearchCV__niter_30__cv_5,5,7,RRC,resubstitution,276,17686,22,64,0.9952349290780141,0.9261744966442953,0.8117647058823529,0.8652037617554859,0.9987576236729162,0.001242376327083794,0.9052611647776345,0.9004200067904992,0.8647327123946629,0.8627890562787217,0.9618238350230537,0.8391571431794009,22560,0.8704539008217747,0.0057370213929783045,0.865572466769024,0.011002787413289607,"{'classifier__estimator__ccp_alpha': np.float64(0.008349508308964805), 'classifier__estimator__max_depth': 13, 'classifier__estimator__max_features': 'log2', 'classifier__estimator__max_leaf_nodes': 2, 'classifier__estimator__min_impurity_decrease': np.float64(0.043791031370193724), 'classifier__estimator__min_samples_leaf': 9, 'classifier__estimator__min_samples_split': 3, 'classifier__max_features': np.float64(0.7775258083503064), 'classifier__max_samples': np.float64(0.7247301181214009), 'classifier__n_estimators': 945, 'feature_selection_filter__k': 20}",47.45506834983826,"[1, 2, 3, 4, 5, 6, 7, 8, 9, 10, 11, 12, 14, 16, 17, 18, 19, 20, 21, 27]","['V1', 'V2', 'V3', 'V4', 'V5', 'V6', 'V7', 'V8', 'V9', 'V10', 'V11', 'V12', 'V14', 'V16', 'V17', 'V18', 'V19', 'V20', 'V21', 'V27']"
CostSensitiveLearning___RandomizedSearchCV__niter_30__cv_5,5,8,RRC,resubstitution,286,17684,23,55,0.9956781914893617,0.9255663430420712,0.8387096774193549,0.88,0.9987010786694528,0.0012989213305472092,0.9187053780444039,0.915215963327355,0.8789100114384132,0.8778049005326349,0.968436857567637,0.8665611264275751,22561,0.872644917202501,0.01232550444139534,0.8752224061875957,0.029643576602626363,"{'classifier__estimator__ccp_alpha': np.float64(0.005554787955454309), 'classifier__estimator__max_depth': 7, 'classifier__estimator__max_features': 'log2', 'classifier__estimator__max_leaf_nodes': 5, 'classifier__estimator__min_impurity_decrease': np.float64(0.07559149211230534), 'classifier__estimator__min_samples_leaf': 8, 'classifier__estimator__min_samples_split': 8, 'classifier__max_features': np.float64(0.5216845035459824), 'classifier__max_samples': np.float64(0.5398840297551688), 'classifier__n_estimators': 483, 'feature_selection_filter__k': 24}",40.965513467788696,"[0, 1, 2, 3, 4, 5, 6, 7, 8, 9, 10, 11, 12, 14, 16, 17, 18, 19, 20, 21, 23, 27, 28, 29]","['Amount_log1p', 'V1', 'V2', 'V3', 'V4', 'V5', 'V6', 'V7', 'V8', 'V9', 'V10', 'V11', 'V12', 'V14', 'V16', 'V17', 'V18', 'V19', 'V20', 'V21', 'V23', 'V27', 'V28', 'Time_sin']"
CostSensitiveLearning___RandomizedSearchCV__niter_30__cv_5,5,9,RRC,resubstitution,286,17687,20,55,0.995844414893617,0.934640522875817,0.8387096774193549,0.884080370942813,0.9988705031908285,0.0011294968091715152,0.9187900903050916,0.9152935908848528,0.8833118865031818,0.8819709594149611,0.9634684793379094,0.8535039374040668,22561,0.8802080453738492,0.009827254202625074,0.8813072019779487,0.01247277803098789,"{'classifier__estimator__ccp_alpha': np.float64(0.008114740145389477), 'classifier__estimator__max_depth': 4, 'classifier__estimator__max_features': 'sqrt', 'classifier__estimator__max_leaf_nodes': 2, 'classifier__estimator__min_impurity_decrease': np.float64(0.09862172502225461), 'classifier__estimator__min_samples_leaf': 7, 'classifier__estimator__min_samples_split': 6, 'classifier__max_features': np.float64(0.8449406777973922), 'classifier__max_samples': np.float64(0.811619204359214), 'classifier__n_estimators': 554, 'feature_selection_filter__k': 'all'}",44.12533211708069,"[0, 1, 2, 3, 4, 5, 6, 7, 8, 9, 10, 11, 12, 13, 14, 15, 16, 17, 18, 19, 20, 21, 22, 23, 24, 25, 26, 27, 28, 29, 30]","['Amount_log1p', 'V1', 'V2', 'V3', 'V4', 'V5', 'V6', 'V7', 'V8', 'V9', 'V10', 'V11', 'V12', 'V13', 'V14', 'V15', 'V16', 'V17', 'V18', 'V19', 'V20', 'V21', 'V22', 'V23', 'V24', 'V25', 'V26', 'V27', 'V28', 'Time_sin', 'Time_cos']"
CostSensitiveLearning___RandomizedSearchCV__niter_30__cv_5,5,10,RRC,resubstitution,285,17692,15,56,0.9960660460992907,0.95,0.8357771260997068,0.8892355694227769,0.9991528773931214,0.0008471226068785809,0.9174650017464141,0.9138211643433718,0.8891282590922956,0.8872413712996852,0.9650252637962984,0.8587138433072113,22561,0.8872431747414973,0.011694466475730997,0.8815671295753778,0.04161528521479148,"{'classifier__estimator__ccp_alpha': np.float64(0.00839597129667974), 'classifier__estimator__max_depth': 4, 'classifier__estimator__max_features': 'sqrt', 'classifier__estimator__max_leaf_nodes': 2, 'classifier__estimator__min_impurity_decrease': np.float64(0.017290615478234062), 'classifier__estimator__min_samples_leaf': 3, 'classifier__estimator__min_samples_split': 4, 'classifier__max_features': np.float64(0.7375233035286703), 'classifier__max_samples': np.float64(0.6300919461317328), 'classifier__n_estimators': 613, 'feature_selection_filter__k': 20}",39.30722141265869,"[1, 2, 3, 4, 5, 6, 7, 8, 9, 10, 11, 12, 14, 16, 17, 18, 19, 20, 21, 27]","['V1', 'V2', 'V3', 'V4', 'V5', 'V6', 'V7', 'V8', 'V9', 'V10', 'V11', 'V12', 'V14', 'V16', 'V17', 'V18', 'V19', 'V20', 'V21', 'V27']"
CostSensitiveLearning___RandomizedSearchCV__niter_30__cv_5,6,1,RRC,resubstitution,284,17674,33,57,0.9950132978723404,0.8958990536277602,0.8328445747800587,0.8632218844984803,0.998136330264867,0.0018636697351329667,0.9154904525224629,0.9117523937736448,0.8612802359659822,0.8606856790964192,0.9713294127759338,0.8565906491986921,22560,0.8668019581892219,0.010572072218293281,0.8704023083413805,0.015697718824999703,"{'classifier__estimator__ccp_alpha': np.float64(0.0010721710412986906), 'classifier__estimator__max_depth': 15, 'classifier__estimator__max_features': 'sqrt', 'classifier__estimator__max_leaf_nodes': 14, 'classifier__estimator__min_impurity_decrease': np.float64(0.09167644428907502), 'classifier__estimator__min_samples_leaf': 6, 'classifier__estimator__min_samples_split': 3, 'classifier__max_features': np.float64(0.5538330146065809), 'classifier__max_samples': np.float64(0.8382307380765373), 'classifier__n_estimators': 924, 'feature_selection_filter__k': 'all'}",53.319498777389526,"[0, 1, 2, 3, 4, 5, 6, 7, 8, 9, 10, 11, 12, 13, 14, 15, 16, 17, 18, 19, 20, 21, 22, 23, 24, 25, 26, 27, 28, 29, 30]","['Amount_log1p', 'V1', 'V2', 'V3', 'V4', 'V5', 'V6', 'V7', 'V8', 'V9', 'V10', 'V11', 'V12', 'V13', 'V14', 'V15', 'V16', 'V17', 'V18', 'V19', 'V20', 'V21', 'V22', 'V23', 'V24', 'V25', 'V26', 'V27', 'V28', 'Time_sin', 'Time_cos']"
CostSensitiveLearning___RandomizedSearchCV__niter_30__cv_5,6,2,RRC,resubstitution,279,17668,39,62,0.9944038120567376,0.8773584905660378,0.8181818181818182,0.8467374810318664,0.9977974812221155,0.0022025187778844657,0.9079896497019668,0.9035373580342703,0.8444246385254969,0.8438908888735879,0.9684766052559362,0.8457934516349668,22560,0.8591479345261135,0.013233284903865794,0.8541790413768293,0.03581222999448968,"{'classifier__estimator__ccp_alpha': np.float64(0.005929553043929737), 'classifier__estimator__max_depth': 13, 'classifier__estimator__max_features': 'sqrt', 'classifier__estimator__max_leaf_nodes': 10, 'classifier__estimator__min_impurity_decrease': np.float64(0.08296353253012549), 'classifier__estimator__min_samples_leaf': 8, 'classifier__estimator__min_samples_split': 7, 'classifier__max_features': np.float64(0.5635929614076479), 'classifier__max_samples': np.float64(0.5747606825890781), 'classifier__n_estimators': 973, 'feature_selection_filter__k': 26}",52.33493232727051,"[0, 1, 2, 3, 4, 5, 6, 7, 8, 9, 10, 11, 12, 14, 16, 17, 18, 19, 20, 21, 23, 24, 27, 28, 29, 30]","['Amount_log1p', 'V1', 'V2', 'V3', 'V4', 'V5', 'V6', 'V7', 'V8', 'V9', 'V10', 'V11', 'V12', 'V14', 'V16', 'V17', 'V18', 'V19', 'V20', 'V21', 'V23', 'V24', 'V27', 'V28', 'Time_sin', 'Time_cos']"
CostSensitiveLearning___RandomizedSearchCV__niter_30__cv_5,6,3,RRC,resubstitution,281,17689,18,60,0.9956781914893617,0.939799331103679,0.8240469208211144,0.878125,0.9989834528717456,0.0010165471282543859,0.91151518684643,0.9073087888311271,0.8778958727699513,0.8759347347384752,0.9690779546568309,0.8572895261933757,22560,0.8774594941575428,0.005745241234753191,0.8777347259891896,0.019170630189941078,"{'classifier__estimator__ccp_alpha': np.float64(0.007463579226999631), 'classifier__estimator__max_depth': 14, 'classifier__estimator__max_features': 'log2', 'classifier__estimator__max_leaf_nodes': 2, 'classifier__estimator__min_impurity_decrease': np.float64(0.07268784999228527), 'classifier__estimator__min_samples_leaf': 8, 'classifier__estimator__min_samples_split': 6, 'classifier__max_features': np.float64(0.5606274654512591), 'classifier__max_samples': np.float64(0.7109470545580736), 'classifier__n_estimators': 787, 'feature_selection_filter__k': 24}",50.693676710128784,"[1, 2, 3, 4, 5, 6, 7, 8, 9, 10, 11, 12, 14, 16, 17, 18, 19, 20, 21, 22, 23, 27, 28, 29]","['V1', 'V2', 'V3', 'V4', 'V5', 'V6', 'V7', 'V8', 'V9', 'V10', 'V11', 'V12', 'V14', 'V16', 'V17', 'V18', 'V19', 'V20', 'V21', 'V22', 'V23', 'V27', 'V28', 'Time_sin']"
CostSensitiveLearning___RandomizedSearchCV__niter_30__cv_5,6,4,RRC,resubstitution,289,17691,16,52,0.9962322695035462,0.9475409836065574,0.8475073313782991,0.8947368421052632,0.9990964025526627,0.0009035974473372566,0.9233018669654809,0.9201855931914312,0.8942653773147737,0.8928247127455615,0.9649752479551885,0.8680647864315216,22560,0.8906306098181556,0.01159941700976575,0.8902877806940799,0.017234379871284213,"{'classifier__estimator__ccp_alpha': np.float64(0.0020752997986435897), 'classifier__estimator__max_depth': 3, 'classifier__estimator__max_features': 'log2', 'classifier__estimator__max_leaf_nodes': 2, 'classifier__estimator__min_impurity_decrease': np.float64(0.004491258909095952), 'classifier__estimator__min_samples_leaf': 9, 'classifier__estimator__min_samples_split': 4, 'classifier__max_features': np.float64(0.5870725508813195), 'classifier__max_samples': np.float64(0.5385745913458032), 'classifier__n_estimators': 209, 'feature_selection_filter__k': 20}",40.45652484893799,"[1, 2, 3, 4, 5, 6, 7, 8, 9, 10, 11, 12, 14, 16, 17, 18, 19, 20, 21, 27]","['V1', 'V2', 'V3', 'V4', 'V5', 'V6', 'V7', 'V8', 'V9', 'V10', 'V11', 'V12', 'V14', 'V16', 'V17', 'V18', 'V19', 'V20', 'V21', 'V27']"
CostSensitiveLearning___RandomizedSearchCV__niter_30__cv_5,6,5,RRC,resubstitution,279,17690,18,61,0.9956227836879432,0.9393939393939394,0.8205882352941176,0.8759811616954474,0.9989835102778405,0.0010164897221595082,0.9097858727859791,0.9054027367899967,0.8758335075445005,0.8737635701824658,0.965870942345766,0.8578714462418465,22560,0.8691179628955421,0.002401326212549711,0.8738463261648745,0.021907857713968703,"{'classifier__estimator__ccp_alpha': np.float64(0.0083014774541374), 'classifier__estimator__max_depth': 6, 'classifier__estimator__max_features': 'log2', 'classifier__estimator__max_leaf_nodes': 2, 'classifier__estimator__min_impurity_decrease': np.float64(0.01913151633012037), 'classifier__estimator__min_samples_leaf': 6, 'classifier__estimator__min_samples_split': 4, 'classifier__max_features': np.float64(0.6045543763926968), 'classifier__max_samples': np.float64(0.7488771336584789), 'classifier__n_estimators': 553, 'feature_selection_filter__k': 'all'}",50.65951156616211,"[0, 1, 2, 3, 4, 5, 6, 7, 8, 9, 10, 11, 12, 13, 14, 15, 16, 17, 18, 19, 20, 21, 22, 23, 24, 25, 26, 27, 28, 29, 30]","['Amount_log1p', 'V1', 'V2', 'V3', 'V4', 'V5', 'V6', 'V7', 'V8', 'V9', 'V10', 'V11', 'V12', 'V13', 'V14', 'V15', 'V16', 'V17', 'V18', 'V19', 'V20', 'V21', 'V22', 'V23', 'V24', 'V25', 'V26', 'V27', 'V28', 'Time_sin', 'Time_cos']"
CostSensitiveLearning___RandomizedSearchCV__niter_30__cv_5,6,6,RRC,resubstitution,284,17682,26,56,0.9954565602836879,0.9161290322580645,0.8352941176470589,0.8738461538461538,0.9985317370679919,0.0014682629320080798,0.9169129273575254,0.9132730622638517,0.8725019380044818,0.8715377938266032,0.9690419086089371,0.8526776841829137,22560,0.8705021783312874,0.014583899348800458,0.8756813913992625,0.020623957879610806,"{'classifier__estimator__ccp_alpha': np.float64(0.00026273757540205334), 'classifier__estimator__max_depth': 9, 'classifier__estimator__max_features': 'log2', 'classifier__estimator__max_leaf_nodes': 2, 'classifier__estimator__min_impurity_decrease': np.float64(0.0415633001536889), 'classifier__estimator__min_samples_leaf': 5, 'classifier__estimator__min_samples_split': 9, 'classifier__max_features': np.float64(0.9992097699716597), 'classifier__max_samples': np.float64(0.7149394870783857), 'classifier__n_estimators': 432, 'feature_selection_filter__k': 24}",47.139832735061646,"[0, 1, 2, 3, 4, 5, 6, 7, 8, 9, 10, 11, 12, 14, 16, 17, 18, 19, 20, 21, 23, 27, 28, 29]","['Amount_log1p', 'V1', 'V2', 'V3', 'V4', 'V5', 'V6', 'V7', 'V8', 'V9', 'V10', 'V11', 'V12', 'V14', 'V16', 'V17', 'V18', 'V19', 'V20', 'V21', 'V23', 'V27', 'V28', 'Time_sin']"
CostSensitiveLearning___RandomizedSearchCV__niter_30__cv_5,6,7,RRC,resubstitution,272,17682,26,68,0.9947916666666666,0.912751677852349,0.8,0.8526645768025078,0.9985317370679919,0.0014682629320080798,0.899265868533996,0.8937703226525221,0.8519401498869382,0.8500252475604633,0.958801272937456,0.8338902594223345,22560,0.8543612989118031,0.0046794341540346675,0.85753894902297,0.009237056826815125,"{'classifier__estimator__ccp_alpha': np.float64(0.0001448435724406838), 'classifier__estimator__max_depth': 18, 'classifier__estimator__max_features': 'log2', 'classifier__estimator__max_leaf_nodes': 2, 'classifier__estimator__min_impurity_decrease': np.float64(0.09545870931388203), 'classifier__estimator__min_samples_leaf': 3, 'classifier__estimator__min_samples_split': 6, 'classifier__max_features': np.float64(0.7860428431519566), 'classifier__max_samples': np.float64(0.5517683919373746), 'classifier__n_estimators': 224, 'feature_selection_filter__k': 28}",35.59325098991394,"[0, 1, 2, 3, 4, 5, 6, 7, 8, 9, 10, 11, 12, 13, 14, 15, 16, 17, 18, 19, 20, 21, 22, 23, 24, 27, 28, 29]","['Amount_log1p', 'V1', 'V2', 'V3', 'V4', 'V5', 'V6', 'V7', 'V8', 'V9', 'V10', 'V11', 'V12', 'V13', 'V14', 'V15', 'V16', 'V17', 'V18', 'V19', 'V20', 'V21', 'V22', 'V23', 'V24', 'V27', 'V28', 'Time_sin']"
CostSensitiveLearning___RandomizedSearchCV__niter_30__cv_5,6,8,RRC,resubstitution,282,17682,25,59,0.995345744680851,0.9185667752442996,0.8269794721407625,0.8703703703703703,0.9985881289885357,0.0014118710114643385,0.9127838005646491,0.9087419236488272,0.8692487772895202,0.8680073447660706,0.9627227961438781,0.8425141199096148,22561,0.8737164950961732,0.007495910232210806,0.8739654601369347,0.023837809380287074,"{'classifier__estimator__ccp_alpha': np.float64(0.005318311145987473), 'classifier__estimator__max_depth': 12, 'classifier__estimator__max_features': 'sqrt', 'classifier__estimator__max_leaf_nodes': 6, 'classifier__estimator__min_impurity_decrease': np.float64(0.09821173481749831), 'classifier__estimator__min_samples_leaf': 5, 'classifier__estimator__min_samples_split': 7, 'classifier__max_features': np.float64(0.7591905253289877), 'classifier__max_samples': np.float64(0.5519648255939491), 'classifier__n_estimators': 733, 'feature_selection_filter__k': 20}",37.30298113822937,"[1, 2, 3, 4, 5, 6, 7, 8, 9, 10, 11, 12, 14, 16, 17, 18, 19, 20, 21, 27]","['V1', 'V2', 'V3', 'V4', 'V5', 'V6', 'V7', 'V8', 'V9', 'V10', 'V11', 'V12', 'V14', 'V16', 'V17', 'V18', 'V19', 'V20', 'V21', 'V27']"
CostSensitiveLearning___RandomizedSearchCV__niter_30__cv_5,6,9,RRC,resubstitution,284,17678,29,57,0.9952349290780141,0.9073482428115016,0.8328445747800587,0.8685015290519877,0.9983622296267013,0.0016377703732987081,0.91560340220338,0.9118555623616721,0.866904001786726,0.8660795590929571,0.9644861029660553,0.8709882630456383,22561,0.872441280479635,0.009131313602107156,0.8747878042500135,0.03819074764005656,"{'classifier__estimator__ccp_alpha': np.float64(0.0011140631670405322), 'classifier__estimator__max_depth': 8, 'classifier__estimator__max_features': 'sqrt', 'classifier__estimator__max_leaf_nodes': 2, 'classifier__estimator__min_impurity_decrease': np.float64(0.033140445827240565), 'classifier__estimator__min_samples_leaf': 4, 'classifier__estimator__min_samples_split': 8, 'classifier__max_features': np.float64(0.5950263539598686), 'classifier__max_samples': np.float64(0.8559498292914578), 'classifier__n_estimators': 947, 'feature_selection_filter__k': 'all'}",60.513150453567505,"[0, 1, 2, 3, 4, 5, 6, 7, 8, 9, 10, 11, 12, 13, 14, 15, 16, 17, 18, 19, 20, 21, 22, 23, 24, 25, 26, 27, 28, 29, 30]","['Amount_log1p', 'V1', 'V2', 'V3', 'V4', 'V5', 'V6', 'V7', 'V8', 'V9', 'V10', 'V11', 'V12', 'V13', 'V14', 'V15', 'V16', 'V17', 'V18', 'V19', 'V20', 'V21', 'V22', 'V23', 'V24', 'V25', 'V26', 'V27', 'V28', 'Time_sin', 'Time_cos']"
CostSensitiveLearning___RandomizedSearchCV__niter_30__cv_5,6,10,RRC,resubstitution,288,17677,30,53,0.9954011524822695,0.9056603773584906,0.844574780058651,0.874051593323217,0.9983057547862427,0.0016942452137572728,0.9214402674224469,0.9182286552269411,0.8722636609488792,0.871712314618889,0.9633806203852313,0.8661299453632185,22561,0.8792814303966814,0.005866646784713226,0.879908948915222,0.01142139585258873,"{'classifier__estimator__ccp_alpha': np.float64(0.006089955098753504), 'classifier__estimator__max_depth': 19, 'classifier__estimator__max_features': 'log2', 'classifier__estimator__max_leaf_nodes': 2, 'classifier__estimator__min_impurity_decrease': np.float64(0.09534903476062169), 'classifier__estimator__min_samples_leaf': 8, 'classifier__estimator__min_samples_split': 3, 'classifier__max_features': np.float64(0.5850589515185862), 'classifier__max_samples': np.float64(0.8814606913205086), 'classifier__n_estimators': 989, 'feature_selection_filter__k': 20}",56.90576124191284,"[1, 2, 3, 4, 5, 6, 7, 8, 9, 10, 11, 12, 14, 16, 17, 18, 19, 20, 21, 27]","['V1', 'V2', 'V3', 'V4', 'V5', 'V6', 'V7', 'V8', 'V9', 'V10', 'V11', 'V12', 'V14', 'V16', 'V17', 'V18', 'V19', 'V20', 'V21', 'V27']"
CostSensitiveLearning___RandomizedSearchCV__niter_30__cv_5,7,1,RRC,resubstitution,277,17664,43,64,0.9940713652482269,0.865625,0.8123167155425219,0.8381240544629349,0.9975715818602813,0.0024284181397187243,0.9049441487014016,0.9001911302025263,0.8355451950505989,0.8351075456850573,0.9644149711655364,0.838928289076913,22560,0.8479452258249003,0.008967526751704495,0.8504400310285101,0.02408648693974519,"{'classifier__estimator__ccp_alpha': np.float64(0.009501838023545248), 'classifier__estimator__max_depth': 7, 'classifier__estimator__max_features': 'sqrt', 'classifier__estimator__max_leaf_nodes': 2, 'classifier__estimator__min_impurity_decrease': np.float64(0.09580836753163942), 'classifier__estimator__min_samples_leaf': 4, 'classifier__estimator__min_samples_split': 8, 'classifier__max_features': np.float64(0.9033568083083441), 'classifier__max_samples': np.float64(0.7151133392025415), 'classifier__n_estimators': 764, 'feature_selection_filter__k': 'all'}",54.46668243408203,"[0, 1, 2, 3, 4, 5, 6, 7, 8, 9, 10, 11, 12, 13, 14, 15, 16, 17, 18, 19, 20, 21, 22, 23, 24, 25, 26, 27, 28, 29, 30]","['Amount_log1p', 'V1', 'V2', 'V3', 'V4', 'V5', 'V6', 'V7', 'V8', 'V9', 'V10', 'V11', 'V12', 'V13', 'V14', 'V15', 'V16', 'V17', 'V18', 'V19', 'V20', 'V21', 'V22', 'V23', 'V24', 'V25', 'V26', 'V27', 'V28', 'Time_sin', 'Time_cos']"
CostSensitiveLearning___RandomizedSearchCV__niter_30__cv_5,7,2,RRC,resubstitution,277,17684,23,64,0.9951795212765957,0.9233333333333333,0.8123167155425219,0.8642745709828393,0.9987010786694528,0.0012989213305472092,0.9055088971059874,0.9007006051033516,0.8636638238462356,0.8618309760996141,0.9636631602028921,0.8412446179120878,22560,0.8625279140432209,0.01085092226630422,0.8629961819308093,0.017678574097419592,"{'classifier__estimator__ccp_alpha': np.float64(0.008572699717278604), 'classifier__estimator__max_depth': 19, 'classifier__estimator__max_features': 'sqrt', 'classifier__estimator__max_leaf_nodes': 2, 'classifier__estimator__min_impurity_decrease': np.float64(0.07782573650932988), 'classifier__estimator__min_samples_leaf': 3, 'classifier__estimator__min_samples_split': 9, 'classifier__max_features': np.float64(0.9228969038336429), 'classifier__max_samples': np.float64(0.5382196164744923), 'classifier__n_estimators': 627, 'feature_selection_filter__k': 24}",43.32724046707153,"[0, 1, 2, 3, 4, 5, 6, 7, 8, 9, 10, 11, 12, 14, 16, 17, 18, 19, 20, 21, 24, 27, 28, 29]","['Amount_log1p', 'V1', 'V2', 'V3', 'V4', 'V5', 'V6', 'V7', 'V8', 'V9', 'V10', 'V11', 'V12', 'V14', 'V16', 'V17', 'V18', 'V19', 'V20', 'V21', 'V24', 'V27', 'V28', 'Time_sin']"
CostSensitiveLearning___RandomizedSearchCV__niter_30__cv_5,7,3,RRC,resubstitution,286,17678,29,55,0.995345744680851,0.9079365079365079,0.8387096774193549,0.8719512195121951,0.9983622296267013,0.0016377703732987081,0.9185359535230281,0.9150606884561693,0.8702941535522541,0.8695848084304931,0.962158544585396,0.8679085909255464,22560,0.880363608301576,0.010241207897935221,0.8817806774416171,0.026077255547997998,"{'classifier__estimator__ccp_alpha': np.float64(0.004907135625749458), 'classifier__estimator__max_depth': 10, 'classifier__estimator__max_features': 'sqrt', 'classifier__estimator__max_leaf_nodes': 2, 'classifier__estimator__min_impurity_decrease': np.float64(0.05624236157995735), 'classifier__estimator__min_samples_leaf': 9, 'classifier__estimator__min_samples_split': 2, 'classifier__max_features': np.float64(0.8546177765074563), 'classifier__max_samples': np.float64(0.8975720086684288), 'classifier__n_estimators': 374, 'feature_selection_filter__k': 28}",37.202906370162964,"[1, 2, 3, 4, 5, 6, 7, 8, 9, 10, 11, 12, 14, 16, 17, 18, 19, 20, 21, 22, 23, 24, 25, 26, 27, 28, 29, 30]","['V1', 'V2', 'V3', 'V4', 'V5', 'V6', 'V7', 'V8', 'V9', 'V10', 'V11', 'V12', 'V14', 'V16', 'V17', 'V18', 'V19', 'V20', 'V21', 'V22', 'V23', 'V24', 'V25', 'V26', 'V27', 'V28', 'Time_sin', 'Time_cos']"
CostSensitiveLearning___RandomizedSearchCV__niter_30__cv_5,7,4,RRC,resubstitution,288,17681,26,53,0.9956227836879432,0.9171974522292994,0.844574780058651,0.8793893129770992,0.998531654148077,0.0014683458519230141,0.921553217103364,0.9183325389986533,0.8779381285462337,0.8771641137312648,0.9689947329344543,0.8708715636672141,22560,0.8805010942809284,0.00951756604842396,0.8769142994985619,0.012766221535315087,"{'classifier__estimator__ccp_alpha': np.float64(0.005558913465408587), 'classifier__estimator__max_depth': 10, 'classifier__estimator__max_features': 'log2', 'classifier__estimator__max_leaf_nodes': 7, 'classifier__estimator__min_impurity_decrease': np.float64(0.09352919607834811), 'classifier__estimator__min_samples_leaf': 9, 'classifier__estimator__min_samples_split': 9, 'classifier__max_features': np.float64(0.8305444731136908), 'classifier__max_samples': np.float64(0.7373529071692229), 'classifier__n_estimators': 368, 'feature_selection_filter__k': 28}",39.72452664375305,"[0, 1, 2, 3, 4, 5, 6, 7, 8, 9, 10, 11, 12, 13, 14, 16, 17, 18, 19, 20, 21, 23, 24, 26, 27, 28, 29, 30]","['Amount_log1p', 'V1', 'V2', 'V3', 'V4', 'V5', 'V6', 'V7', 'V8', 'V9', 'V10', 'V11', 'V12', 'V13', 'V14', 'V16', 'V17', 'V18', 'V19', 'V20', 'V21', 'V23', 'V24', 'V26', 'V27', 'V28', 'Time_sin', 'Time_cos']"
CostSensitiveLearning___RandomizedSearchCV__niter_30__cv_5,7,5,RRC,resubstitution,278,17679,29,62,0.994957890070922,0.9055374592833876,0.8176470588235294,0.8593508500772797,0.9983623221142987,0.0016376778857013496,0.9080046904689141,0.9034976570622557,0.8579483255585763,0.8567905816173562,0.9604871178197956,0.8438521772090706,22560,0.8666760280361364,0.007170627827324502,0.8598514020279839,0.031204208059541726,"{'classifier__estimator__ccp_alpha': np.float64(0.005134626804517673), 'classifier__estimator__max_depth': 11, 'classifier__estimator__max_features': 'sqrt', 'classifier__estimator__max_leaf_nodes': 2, 'classifier__estimator__min_impurity_decrease': np.float64(0.015495414897610783), 'classifier__estimator__min_samples_leaf': 3, 'classifier__estimator__min_samples_split': 3, 'classifier__max_features': np.float64(0.6423808768490845), 'classifier__max_samples': np.float64(0.7205029638991722), 'classifier__n_estimators': 206, 'feature_selection_filter__k': 'all'}",36.10668754577637,"[0, 1, 2, 3, 4, 5, 6, 7, 8, 9, 10, 11, 12, 13, 14, 15, 16, 17, 18, 19, 20, 21, 22, 23, 24, 25, 26, 27, 28, 29, 30]","['Amount_log1p', 'V1', 'V2', 'V3', 'V4', 'V5', 'V6', 'V7', 'V8', 'V9', 'V10', 'V11', 'V12', 'V13', 'V14', 'V15', 'V16', 'V17', 'V18', 'V19', 'V20', 'V21', 'V22', 'V23', 'V24', 'V25', 'V26', 'V27', 'V28', 'Time_sin', 'Time_cos']"
CostSensitiveLearning___RandomizedSearchCV__niter_30__cv_5,7,6,RRC,resubstitution,291,17684,24,49,0.9959552304964538,0.9238095238095239,0.8558823529411764,0.8885496183206106,0.9986446803704541,0.0013553196295459369,0.9272635166558152,0.9245119570820343,0.8871634427902549,0.8864929130439277,0.9672594805936832,0.8685100706022143,22560,0.8890882051334378,0.005288904392417212,0.8856860605525713,0.020577412584276596,"{'classifier__estimator__ccp_alpha': np.float64(0.006595722383615642), 'classifier__estimator__max_depth': 7, 'classifier__estimator__max_features': 'log2', 'classifier__estimator__max_leaf_nodes': 2, 'classifier__estimator__min_impurity_decrease': np.float64(0.03348624394299832), 'classifier__estimator__min_samples_leaf': 7, 'classifier__estimator__min_samples_split': 4, 'classifier__max_features': np.float64(0.5541889782123466), 'classifier__max_samples': np.float64(0.500041511213468), 'classifier__n_estimators': 152, 'feature_selection_filter__k': 20}",45.18992590904236,"[1, 2, 3, 4, 5, 6, 7, 8, 9, 10, 11, 12, 14, 16, 17, 18, 19, 20, 21, 27]","['V1', 'V2', 'V3', 'V4', 'V5', 'V6', 'V7', 'V8', 'V9', 'V10', 'V11', 'V12', 'V14', 'V16', 'V17', 'V18', 'V19', 'V20', 'V21', 'V27']"
CostSensitiveLearning___RandomizedSearchCV__niter_30__cv_5,7,7,RRC,resubstitution,280,17678,30,60,0.9950132978723404,0.9032258064516129,0.8235294117647058,0.8615384615384616,0.9983058504630675,0.0016941495369324766,0.9109176311138867,0.9067161792937822,0.8599551752436334,0.859004895663345,0.9663206393919663,0.8512313264843601,22560,0.8614259224604801,0.01783414702498641,0.8632436679898916,0.027377726899208317,"{'classifier__estimator__ccp_alpha': np.float64(0.0023906984555002774), 'classifier__estimator__max_depth': 17, 'classifier__estimator__max_features': 'log2', 'classifier__estimator__max_leaf_nodes': 2, 'classifier__estimator__min_impurity_decrease': np.float64(0.0287016221262854), 'classifier__estimator__min_samples_leaf': 1, 'classifier__estimator__min_samples_split': 7, 'classifier__max_features': np.float64(0.6450422419501508), 'classifier__max_samples': np.float64(0.6827475110292708), 'classifier__n_estimators': 512, 'feature_selection_filter__k': 28}",44.40185904502869,"[0, 1, 2, 3, 4, 5, 6, 7, 8, 9, 10, 11, 12, 13, 14, 16, 17, 18, 19, 20, 21, 22, 23, 24, 26, 27, 28, 29]","['Amount_log1p', 'V1', 'V2', 'V3', 'V4', 'V5', 'V6', 'V7', 'V8', 'V9', 'V10', 'V11', 'V12', 'V13', 'V14', 'V16', 'V17', 'V18', 'V19', 'V20', 'V21', 'V22', 'V23', 'V24', 'V26', 'V27', 'V28', 'Time_sin']"
CostSensitiveLearning___RandomizedSearchCV__niter_30__cv_5,7,8,RRC,resubstitution,286,17688,19,55,0.9958998226950354,0.9377049180327869,0.8387096774193549,0.8854489164086687,0.998926978031287,0.0010730219687129505,0.918818327725321,0.9153194652743444,0.884793475054928,0.8833680697525229,0.9693431876685448,0.8662103840033711,22561,0.8861762345309229,0.008007198283668396,0.8820891396719244,0.03685210339785361,"{'classifier__estimator__ccp_alpha': np.float64(0.0009296837662230706), 'classifier__estimator__max_depth': 7, 'classifier__estimator__max_features': 'sqrt', 'classifier__estimator__max_leaf_nodes': 2, 'classifier__estimator__min_impurity_decrease': np.float64(0.08304952829781358), 'classifier__estimator__min_samples_leaf': 6, 'classifier__estimator__min_samples_split': 8, 'classifier__max_features': np.float64(0.5303018631509395), 'classifier__max_samples': np.float64(0.5794187781187699), 'classifier__n_estimators': 497, 'feature_selection_filter__k': 28}",39.410022497177124,"[0, 1, 2, 3, 4, 5, 6, 7, 8, 9, 10, 11, 12, 13, 14, 16, 17, 18, 19, 20, 21, 22, 23, 24, 26, 27, 28, 29]","['Amount_log1p', 'V1', 'V2', 'V3', 'V4', 'V5', 'V6', 'V7', 'V8', 'V9', 'V10', 'V11', 'V12', 'V13', 'V14', 'V16', 'V17', 'V18', 'V19', 'V20', 'V21', 'V22', 'V23', 'V24', 'V26', 'V27', 'V28', 'Time_sin']"
CostSensitiveLearning___RandomizedSearchCV__niter_30__cv_5,7,9,RRC,resubstitution,282,17680,27,59,0.9952349290780141,0.912621359223301,0.8269794721407625,0.8676923076923077,0.9984751793076184,0.0015248206923815788,0.9127273257241905,0.9086905285791569,0.8663614025390526,0.8652720698180334,0.9617743169318362,0.861187058397978,22561,0.8690391130415035,0.013587291390729799,0.8710402988682976,0.025365423144714867,"{'classifier__estimator__ccp_alpha': np.float64(0.0008205007779476303), 'classifier__estimator__max_depth': 16, 'classifier__estimator__max_features': 'sqrt', 'classifier__estimator__max_leaf_nodes': 2, 'classifier__estimator__min_impurity_decrease': np.float64(0.0639979159151474), 'classifier__estimator__min_samples_leaf': 1, 'classifier__estimator__min_samples_split': 5, 'classifier__max_features': np.float64(0.8947276100601613), 'classifier__max_samples': np.float64(0.5220229102069183), 'classifier__n_estimators': 808, 'feature_selection_filter__k': 28}",51.179362535476685,"[0, 1, 2, 3, 4, 5, 6, 7, 8, 9, 10, 11, 12, 14, 16, 17, 18, 19, 20, 21, 22, 24, 25, 26, 27, 28, 29, 30]","['Amount_log1p', 'V1', 'V2', 'V3', 'V4', 'V5', 'V6', 'V7', 'V8', 'V9', 'V10', 'V11', 'V12', 'V14', 'V16', 'V17', 'V18', 'V19', 'V20', 'V21', 'V22', 'V24', 'V25', 'V26', 'V27', 'V28', 'Time_sin', 'Time_cos']"
CostSensitiveLearning___RandomizedSearchCV__niter_30__cv_5,7,10,RRC,resubstitution,291,17679,28,50,0.9956781914893617,0.9122257053291536,0.8533724340175953,0.8818181818181818,0.9984187044671599,0.0015812955328401435,0.9258955692423776,0.9230509195054378,0.8801269898921599,0.8796195216708018,0.976131430368592,0.8866919390930381,22561,0.8765178026142502,0.008822126214638926,0.8856362950179717,0.008718125698198997,"{'classifier__estimator__ccp_alpha': np.float64(0.009187083622644343), 'classifier__estimator__max_depth': 5, 'classifier__estimator__max_features': 'sqrt', 'classifier__estimator__max_leaf_nodes': 13, 'classifier__estimator__min_impurity_decrease': np.float64(0.08007432441664701), 'classifier__estimator__min_samples_leaf': 8, 'classifier__estimator__min_samples_split': 4, 'classifier__max_features': np.float64(0.658587939316746), 'classifier__max_samples': np.float64(0.6198878641474174), 'classifier__n_estimators': 150, 'feature_selection_filter__k': 26}",39.49125599861145,"[0, 1, 2, 3, 4, 5, 6, 7, 8, 9, 10, 11, 12, 14, 16, 17, 18, 19, 20, 21, 22, 23, 27, 28, 29, 30]","['Amount_log1p', 'V1', 'V2', 'V3', 'V4', 'V5', 'V6', 'V7', 'V8', 'V9', 'V10', 'V11', 'V12', 'V14', 'V16', 'V17', 'V18', 'V19', 'V20', 'V21', 'V22', 'V23', 'V27', 'V28', 'Time_sin', 'Time_cos']"
CostSensitiveLearning___RandomizedSearchCV__niter_30__cv_5,8,1,RRC,resubstitution,285,17683,24,56,0.9955673758865248,0.9223300970873787,0.8357771260997068,0.8769230769230769,0.9986446038289942,0.0013553961710057738,0.9172108649643504,0.9135887023071033,0.875772859213573,0.8746716928539845,0.962252696922055,0.860645498167307,22560,0.8810747789556762,0.0102142857439736,0.8753372666317218,0.023824264247500334,"{'classifier__estimator__ccp_alpha': np.float64(0.008073165201331929), 'classifier__estimator__max_depth': 10, 'classifier__estimator__max_features': 'log2', 'classifier__estimator__max_leaf_nodes': 2, 'classifier__estimator__min_impurity_decrease': np.float64(0.04961713392730575), 'classifier__estimator__min_samples_leaf': 6, 'classifier__estimator__min_samples_split': 4, 'classifier__max_features': np.float64(0.8418621633696518), 'classifier__max_samples': np.float64(0.9932774233124804), 'classifier__n_estimators': 980, 'feature_selection_filter__k': 26}",56.643091440200806,"[0, 1, 2, 3, 4, 5, 6, 7, 8, 9, 10, 11, 12, 13, 14, 16, 17, 18, 19, 20, 21, 22, 23, 27, 28, 29]","['Amount_log1p', 'V1', 'V2', 'V3', 'V4', 'V5', 'V6', 'V7', 'V8', 'V9', 'V10', 'V11', 'V12', 'V13', 'V14', 'V16', 'V17', 'V18', 'V19', 'V20', 'V21', 'V22', 'V23', 'V27', 'V28', 'Time_sin']"
CostSensitiveLearning___RandomizedSearchCV__niter_30__cv_5,8,2,RRC,resubstitution,283,17681,26,58,0.995345744680851,0.9158576051779935,0.8299120234604106,0.8707692307692307,0.998531654148077,0.0014683458519230141,0.9142218388042438,0.9103259996195328,0.8694985547638927,0.8684052774966837,0.9660112548891727,0.8583689808159018,22560,0.8793654766184453,0.008617983509391034,0.8767949962296523,0.015679997227558203,"{'classifier__estimator__ccp_alpha': np.float64(0.007017460915864763), 'classifier__estimator__max_depth': 17, 'classifier__estimator__max_features': 'sqrt', 'classifier__estimator__max_leaf_nodes': 2, 'classifier__estimator__min_impurity_decrease': np.float64(0.023930482237732843), 'classifier__estimator__min_samples_leaf': 2, 'classifier__estimator__min_samples_split': 5, 'classifier__max_features': np.float64(0.6410484369030456), 'classifier__max_samples': np.float64(0.5856668974897681), 'classifier__n_estimators': 632, 'feature_selection_filter__k': 26}",45.69409918785095,"[0, 1, 2, 3, 4, 5, 6, 7, 8, 9, 10, 11, 12, 14, 16, 17, 18, 19, 20, 21, 23, 24, 25, 27, 28, 29]","['Amount_log1p', 'V1', 'V2', 'V3', 'V4', 'V5', 'V6', 'V7', 'V8', 'V9', 'V10', 'V11', 'V12', 'V14', 'V16', 'V17', 'V18', 'V19', 'V20', 'V21', 'V23', 'V24', 'V25', 'V27', 'V28', 'Time_sin']"
CostSensitiveLearning___RandomizedSearchCV__niter_30__cv_5,8,3,RRC,resubstitution,280,17684,23,61,0.995345744680851,0.9240924092409241,0.8211143695014663,0.8695652173913043,0.9987010786694528,0.0012989213305472092,0.9099077240854596,0.905564910170498,0.8687732988777439,0.8672042154588899,0.964091110313581,0.8532069682430716,22560,0.8765285243858937,0.007885312355451136,0.8730365993724469,0.03255122639595772,"{'classifier__estimator__ccp_alpha': np.float64(0.008765473629265415), 'classifier__estimator__max_depth': 8, 'classifier__estimator__max_features': 'sqrt', 'classifier__estimator__max_leaf_nodes': 2, 'classifier__estimator__min_impurity_decrease': np.float64(0.07172290934385535), 'classifier__estimator__min_samples_leaf': 5, 'classifier__estimator__min_samples_split': 6, 'classifier__max_features': np.float64(0.7675795920610042), 'classifier__max_samples': np.float64(0.5270707236719104), 'classifier__n_estimators': 737, 'feature_selection_filter__k': 20}",48.808316469192505,"[1, 2, 3, 4, 5, 6, 7, 8, 9, 10, 11, 12, 14, 16, 17, 18, 19, 20, 21, 27]","['V1', 'V2', 'V3', 'V4', 'V5', 'V6', 'V7', 'V8', 'V9', 'V10', 'V11', 'V12', 'V14', 'V16', 'V17', 'V18', 'V19', 'V20', 'V21', 'V27']"
CostSensitiveLearning___RandomizedSearchCV__niter_30__cv_5,8,4,RRC,resubstitution,285,17673,34,56,0.9950132978723404,0.8934169278996865,0.8357771260997068,0.8636363636363636,0.9980798554244085,0.0019201445755915314,0.9169284907620576,0.9133303417628382,0.8615962317416346,0.8610994480816944,0.9671325537376325,0.8571221910052255,22560,0.8668974177646309,0.009131787400442341,0.8694834022526081,0.03566293881204478,"{'classifier__estimator__ccp_alpha': np.float64(0.002759448936608695), 'classifier__estimator__max_depth': 5, 'classifier__estimator__max_features': 'sqrt', 'classifier__estimator__max_leaf_nodes': 2, 'classifier__estimator__min_impurity_decrease': np.float64(0.06288436280353701), 'classifier__estimator__min_samples_leaf': 6, 'classifier__estimator__min_samples_split': 7, 'classifier__max_features': np.float64(0.7056610978019066), 'classifier__max_samples': np.float64(0.8377827349508319), 'classifier__n_estimators': 185, 'feature_selection_filter__k': 'all'}",38.45374774932861,"[0, 1, 2, 3, 4, 5, 6, 7, 8, 9, 10, 11, 12, 13, 14, 15, 16, 17, 18, 19, 20, 21, 22, 23, 24, 25, 26, 27, 28, 29, 30]","['Amount_log1p', 'V1', 'V2', 'V3', 'V4', 'V5', 'V6', 'V7', 'V8', 'V9', 'V10', 'V11', 'V12', 'V13', 'V14', 'V15', 'V16', 'V17', 'V18', 'V19', 'V20', 'V21', 'V22', 'V23', 'V24', 'V25', 'V26', 'V27', 'V28', 'Time_sin', 'Time_cos']"
CostSensitiveLearning___RandomizedSearchCV__niter_30__cv_5,8,5,RRC,resubstitution,280,17684,24,60,0.995345744680851,0.9210526315789473,0.8235294117647058,0.8695652173913043,0.9986446803704541,0.0013553196295459369,0.91108704606758,0.9068700382014132,0.8686112429554239,0.8672033546737826,0.9686579844271117,0.8530797457561591,22560,0.8780915662450965,0.009327541670764524,0.8716638080873376,0.021592324996933344,"{'classifier__estimator__ccp_alpha': np.float64(0.009876771892245709), 'classifier__estimator__max_depth': 5, 'classifier__estimator__max_features': 'sqrt', 'classifier__estimator__max_leaf_nodes': 2, 'classifier__estimator__min_impurity_decrease': np.float64(0.056020681978566945), 'classifier__estimator__min_samples_leaf': 1, 'classifier__estimator__min_samples_split': 2, 'classifier__max_features': np.float64(0.6986220711679355), 'classifier__max_samples': np.float64(0.5378216712052672), 'classifier__n_estimators': 682, 'feature_selection_filter__k': 26}",37.64965224266052,"[0, 1, 2, 3, 4, 5, 6, 7, 8, 9, 10, 11, 12, 14, 16, 17, 18, 19, 20, 21, 23, 24, 26, 27, 28, 29]","['Amount_log1p', 'V1', 'V2', 'V3', 'V4', 'V5', 'V6', 'V7', 'V8', 'V9', 'V10', 'V11', 'V12', 'V14', 'V16', 'V17', 'V18', 'V19', 'V20', 'V21', 'V23', 'V24', 'V26', 'V27', 'V28', 'Time_sin']"
CostSensitiveLearning___RandomizedSearchCV__niter_30__cv_5,8,6,RRC,resubstitution,290,17681,27,50,0.9957335992907801,0.9148264984227129,0.8529411764705882,0.882800608828006,0.9984752654167608,0.0015247345832392067,0.9257082209436744,0.9228437936949865,0.8811908964869701,0.8806305733665831,0.9848714107282851,0.8925689746849111,22560,0.8858108950668033,0.003743131843977765,0.8783795194476905,0.02479345720100645,"{'classifier__estimator__ccp_alpha': np.float64(0.0017949733169477656), 'classifier__estimator__max_depth': 3, 'classifier__estimator__max_features': 'sqrt', 'classifier__estimator__max_leaf_nodes': 15, 'classifier__estimator__min_impurity_decrease': np.float64(0.0015674749016446278), 'classifier__estimator__min_samples_leaf': 9, 'classifier__estimator__min_samples_split': 5, 'classifier__max_features': np.float64(0.7102896841497106), 'classifier__max_samples': np.float64(0.5478160675836745), 'classifier__n_estimators': 919, 'feature_selection_filter__k': 'all'}",52.434277296066284,"[0, 1, 2, 3, 4, 5, 6, 7, 8, 9, 10, 11, 12, 13, 14, 15, 16, 17, 18, 19, 20, 21, 22, 23, 24, 25, 26, 27, 28, 29, 30]","['Amount_log1p', 'V1', 'V2', 'V3', 'V4', 'V5', 'V6', 'V7', 'V8', 'V9', 'V10', 'V11', 'V12', 'V13', 'V14', 'V15', 'V16', 'V17', 'V18', 'V19', 'V20', 'V21', 'V22', 'V23', 'V24', 'V25', 'V26', 'V27', 'V28', 'Time_sin', 'Time_cos']"
CostSensitiveLearning___RandomizedSearchCV__niter_30__cv_5,8,7,RRC,resubstitution,286,17680,28,54,0.9954565602836879,0.910828025477707,0.8411764705882353,0.8746177370030581,0.9984187937655297,0.0015812062344703337,0.9197976321768825,0.9164313379128037,0.8730236713126,0.872307821863779,0.965016642527804,0.8509178942420573,22560,0.8800375837156176,0.006075126766012244,0.8798654061121436,0.01545058383357085,"{'classifier__estimator__ccp_alpha': np.float64(0.004084961693700115), 'classifier__estimator__max_depth': 19, 'classifier__estimator__max_features': 'sqrt', 'classifier__estimator__max_leaf_nodes': 2, 'classifier__estimator__min_impurity_decrease': np.float64(0.03516149073561258), 'classifier__estimator__min_samples_leaf': 9, 'classifier__estimator__min_samples_split': 3, 'classifier__max_features': np.float64(0.9555574148932439), 'classifier__max_samples': np.float64(0.6010126874720348), 'classifier__n_estimators': 778, 'feature_selection_filter__k': 28}",49.05094933509827,"[0, 1, 2, 3, 4, 5, 6, 7, 8, 9, 10, 11, 12, 14, 15, 16, 17, 18, 19, 20, 21, 22, 23, 24, 27, 28, 29, 30]","['Amount_log1p', 'V1', 'V2', 'V3', 'V4', 'V5', 'V6', 'V7', 'V8', 'V9', 'V10', 'V11', 'V12', 'V14', 'V15', 'V16', 'V17', 'V18', 'V19', 'V20', 'V21', 'V22', 'V23', 'V24', 'V27', 'V28', 'Time_sin', 'Time_cos']"
CostSensitiveLearning___RandomizedSearchCV__niter_30__cv_5,8,8,RRC,resubstitution,286,17679,28,55,0.9954011524822695,0.910828025477707,0.8387096774193549,0.8732824427480916,0.9984187044671599,0.0015812955328401435,0.9185641909432574,0.9150865694310576,0.8717131018432911,0.8709445751860123,0.9671978061925904,0.8686838235070243,22561,0.8768790087423504,0.013684590179670419,0.8742052925102204,0.026781289577121226,"{'classifier__estimator__ccp_alpha': np.float64(0.005420132189139421), 'classifier__estimator__max_depth': 7, 'classifier__estimator__max_features': 'log2', 'classifier__estimator__max_leaf_nodes': 3, 'classifier__estimator__min_impurity_decrease': np.float64(0.0918215240628901), 'classifier__estimator__min_samples_leaf': 3, 'classifier__estimator__min_samples_split': 2, 'classifier__max_features': np.float64(0.56333678167105), 'classifier__max_samples': np.float64(0.5196621038381504), 'classifier__n_estimators': 276, 'feature_selection_filter__k': 28}",35.668941497802734,"[0, 1, 2, 3, 4, 5, 6, 7, 8, 9, 10, 11, 12, 14, 16, 17, 18, 19, 20, 21, 22, 23, 24, 25, 27, 28, 29, 30]","['Amount_log1p', 'V1', 'V2', 'V3', 'V4', 'V5', 'V6', 'V7', 'V8', 'V9', 'V10', 'V11', 'V12', 'V14', 'V16', 'V17', 'V18', 'V19', 'V20', 'V21', 'V22', 'V23', 'V24', 'V25', 'V27', 'V28', 'Time_sin', 'Time_cos']"
CostSensitiveLearning___RandomizedSearchCV__niter_30__cv_5,8,9,RRC,resubstitution,284,17676,31,57,0.9951241134751773,0.9015873015873016,0.8328445747800587,0.8658536585365854,0.9982492799457842,0.0017507200542158374,0.9155469273629214,0.9118039795268205,0.8640788404589372,0.8633745612128976,0.9666701556304172,0.864173130571889,22561,0.8715697716552075,0.010848777744874466,0.8761432354508922,0.019338781726969633,"{'classifier__estimator__ccp_alpha': np.float64(0.008683222566957494), 'classifier__estimator__max_depth': 14, 'classifier__estimator__max_features': 'sqrt', 'classifier__estimator__max_leaf_nodes': 6, 'classifier__estimator__min_impurity_decrease': np.float64(0.09119636218909022), 'classifier__estimator__min_samples_leaf': 7, 'classifier__estimator__min_samples_split': 2, 'classifier__max_features': np.float64(0.6809929936030068), 'classifier__max_samples': np.float64(0.5619292509744471), 'classifier__n_estimators': 201, 'feature_selection_filter__k': 20}",43.13132190704346,"[1, 2, 3, 4, 5, 6, 7, 8, 9, 10, 11, 12, 14, 16, 17, 18, 19, 20, 21, 27]","['V1', 'V2', 'V3', 'V4', 'V5', 'V6', 'V7', 'V8', 'V9', 'V10', 'V11', 'V12', 'V14', 'V16', 'V17', 'V18', 'V19', 'V20', 'V21', 'V27']"
CostSensitiveLearning___RandomizedSearchCV__niter_30__cv_5,8,10,RRC,resubstitution,283,17670,37,58,0.9947362588652482,0.884375,0.8299120234604106,0.8562783661119516,0.9979104309030327,0.0020895690969673364,0.9139112271817216,0.9100427819300508,0.8540474980518895,0.8536001573839294,0.9667041067808397,0.8573794541398879,22561,0.8511697756489282,0.013544503855379003,0.8583696371204438,0.030563334933092014,"{'classifier__estimator__ccp_alpha': np.float64(0.009004337137282898), 'classifier__estimator__max_depth': 15, 'classifier__estimator__max_features': 'log2', 'classifier__estimator__max_leaf_nodes': 15, 'classifier__estimator__min_impurity_decrease': np.float64(0.09650294125807482), 'classifier__estimator__min_samples_leaf': 2, 'classifier__estimator__min_samples_split': 9, 'classifier__max_features': np.float64(0.7084535251735861), 'classifier__max_samples': np.float64(0.5893784899060108), 'classifier__n_estimators': 877, 'feature_selection_filter__k': 28}",52.731876611709595,"[0, 1, 2, 3, 4, 5, 6, 7, 8, 9, 10, 11, 12, 13, 14, 16, 17, 18, 19, 20, 21, 23, 24, 26, 27, 28, 29, 30]","['Amount_log1p', 'V1', 'V2', 'V3', 'V4', 'V5', 'V6', 'V7', 'V8', 'V9', 'V10', 'V11', 'V12', 'V13', 'V14', 'V16', 'V17', 'V18', 'V19', 'V20', 'V21', 'V23', 'V24', 'V26', 'V27', 'V28', 'Time_sin', 'Time_cos']"
CostSensitiveLearning___RandomizedSearchCV__niter_30__cv_5,9,1,RRC,resubstitution,280,17685,22,61,0.9954011524822695,0.9271523178807947,0.8211143695014663,0.8709175738724728,0.9987575535099114,0.0012424464900886445,0.9099359615056888,0.9055905138831336,0.870245902418243,0.8685852143627895,0.963028025266943,0.860155912905061,22560,0.8718767427854106,0.014445070363038853,0.8676948780878018,0.033569114288287356,"{'classifier__estimator__ccp_alpha': np.float64(0.007890569890504323), 'classifier__estimator__max_depth': 13, 'classifier__estimator__max_features': 'log2', 'classifier__estimator__max_leaf_nodes': 3, 'classifier__estimator__min_impurity_decrease': np.float64(0.08218384659499815), 'classifier__estimator__min_samples_leaf': 2, 'classifier__estimator__min_samples_split': 3, 'classifier__max_features': np.float64(0.5808233111696142), 'classifier__max_samples': np.float64(0.5493601401794845), 'classifier__n_estimators': 484, 'feature_selection_filter__k': 22}",40.864826679229736,"[1, 2, 3, 4, 5, 6, 7, 8, 9, 10, 11, 12, 14, 16, 17, 18, 19, 20, 21, 27, 28, 29]","['V1', 'V2', 'V3', 'V4', 'V5', 'V6', 'V7', 'V8', 'V9', 'V10', 'V11', 'V12', 'V14', 'V16', 'V17', 'V18', 'V19', 'V20', 'V21', 'V27', 'V28', 'Time_sin']"
CostSensitiveLearning___RandomizedSearchCV__niter_30__cv_5,9,2,RRC,resubstitution,295,17679,28,46,0.9958998226950354,0.913312693498452,0.8651026392961877,0.8885542168674698,0.9984187044671599,0.0015812955328401435,0.9317606718816738,0.9293732599753559,0.8868054972073384,0.8864672728196997,0.9733737688774606,0.8812346476797044,22560,0.8953801434518092,0.008102504947610155,0.9014465683508369,0.03274068403183147,"{'classifier__estimator__ccp_alpha': np.float64(0.0004302690693513889), 'classifier__estimator__max_depth': 19, 'classifier__estimator__max_features': 'sqrt', 'classifier__estimator__max_leaf_nodes': 10, 'classifier__estimator__min_impurity_decrease': np.float64(0.07627676594321124), 'classifier__estimator__min_samples_leaf': 9, 'classifier__estimator__min_samples_split': 8, 'classifier__max_features': np.float64(0.5529542425284069), 'classifier__max_samples': np.float64(0.5654474753320404), 'classifier__n_estimators': 652, 'feature_selection_filter__k': 24}",43.78731155395508,"[0, 1, 2, 3, 4, 5, 6, 7, 8, 9, 10, 11, 12, 14, 16, 17, 18, 19, 20, 21, 24, 27, 28, 29]","['Amount_log1p', 'V1', 'V2', 'V3', 'V4', 'V5', 'V6', 'V7', 'V8', 'V9', 'V10', 'V11', 'V12', 'V14', 'V16', 'V17', 'V18', 'V19', 'V20', 'V21', 'V24', 'V27', 'V28', 'Time_sin']"
CostSensitiveLearning___RandomizedSearchCV__niter_30__cv_5,9,3,RRC,resubstitution,285,17673,34,56,0.9950132978723404,0.8934169278996865,0.8357771260997068,0.8636363636363636,0.9980798554244085,0.0019201445755915314,0.9169284907620576,0.9133303417628382,0.8615962317416346,0.8610994480816944,0.9624383517494861,0.8530871972461559,22560,0.870448104552465,0.009829617795630338,0.8737296037296037,0.03186833701868568,"{'classifier__estimator__ccp_alpha': np.float64(0.005777463558719791), 'classifier__estimator__max_depth': 12, 'classifier__estimator__max_features': 'sqrt', 'classifier__estimator__max_leaf_nodes': 5, 'classifier__estimator__min_impurity_decrease': np.float64(0.09588787878016947), 'classifier__estimator__min_samples_leaf': 3, 'classifier__estimator__min_samples_split': 9, 'classifier__max_features': np.float64(0.6154780601927867), 'classifier__max_samples': np.float64(0.5485396241763574), 'classifier__n_estimators': 730, 'feature_selection_filter__k': 20}",40.46838927268982,"[1, 2, 3, 4, 5, 6, 7, 8, 9, 10, 11, 12, 14, 16, 17, 18, 19, 20, 21, 27]","['V1', 'V2', 'V3', 'V4', 'V5', 'V6', 'V7', 'V8', 'V9', 'V10', 'V11', 'V12', 'V14', 'V16', 'V17', 'V18', 'V19', 'V20', 'V21', 'V27']"
CostSensitiveLearning___RandomizedSearchCV__niter_30__cv_5,9,4,RRC,resubstitution,284,17686,21,57,0.9956781914893617,0.9311475409836065,0.8328445747800587,0.8792569659442725,0.9988140283503699,0.0011859716496300798,0.9158293015652144,0.9120618645277421,0.8784788735483641,0.8770636410904971,0.9659083249380144,0.8690821046334429,22560,0.8839650703418949,0.004297442264232382,0.8816088520258368,0.005738015096724616,"{'classifier__estimator__ccp_alpha': np.float64(0.009587159925023316), 'classifier__estimator__max_depth': 5, 'classifier__estimator__max_features': 'log2', 'classifier__estimator__max_leaf_nodes': 2, 'classifier__estimator__min_impurity_decrease': np.float64(0.009324699729944775), 'classifier__estimator__min_samples_leaf': 9, 'classifier__estimator__min_samples_split': 8, 'classifier__max_features': np.float64(0.7199586401092226), 'classifier__max_samples': np.float64(0.5238676068762245), 'classifier__n_estimators': 886, 'feature_selection_filter__k': 22}",49.04663276672363,"[1, 2, 3, 4, 5, 6, 7, 8, 9, 10, 11, 12, 14, 16, 17, 18, 19, 20, 21, 27, 28, 29]","['V1', 'V2', 'V3', 'V4', 'V5', 'V6', 'V7', 'V8', 'V9', 'V10', 'V11', 'V12', 'V14', 'V16', 'V17', 'V18', 'V19', 'V20', 'V21', 'V27', 'V28', 'Time_sin']"
CostSensitiveLearning___RandomizedSearchCV__niter_30__cv_5,9,5,RRC,resubstitution,283,17677,31,57,0.9951241134751773,0.9012738853503185,0.8323529411764706,0.8654434250764526,0.9982493788118365,0.0017506211881634925,0.9153011599941536,0.9115348630094281,0.8636726737079565,0.8629644917562507,0.9701854595463666,0.8665710350138653,22560,0.8597368337352245,0.017194811518980068,0.8576105941942291,0.019258761547689518,"{'classifier__estimator__ccp_alpha': np.float64(0.009687361762842168), 'classifier__estimator__max_depth': 8, 'classifier__estimator__max_features': 'log2', 'classifier__estimator__max_leaf_nodes': 13, 'classifier__estimator__min_impurity_decrease': np.float64(0.09877606861243524), 'classifier__estimator__min_samples_leaf': 3, 'classifier__estimator__min_samples_split': 7, 'classifier__max_features': np.float64(0.8431686731599386), 'classifier__max_samples': np.float64(0.7282341927785869), 'classifier__n_estimators': 250, 'feature_selection_filter__k': 26}",41.67674517631531,"[0, 1, 2, 3, 4, 5, 6, 7, 8, 9, 10, 11, 12, 14, 16, 17, 18, 19, 20, 21, 22, 24, 26, 27, 28, 29]","['Amount_log1p', 'V1', 'V2', 'V3', 'V4', 'V5', 'V6', 'V7', 'V8', 'V9', 'V10', 'V11', 'V12', 'V14', 'V16', 'V17', 'V18', 'V19', 'V20', 'V21', 'V22', 'V24', 'V26', 'V27', 'V28', 'Time_sin']"
CostSensitiveLearning___RandomizedSearchCV__niter_30__cv_5,9,6,RRC,resubstitution,279,17694,14,61,0.995844414893617,0.9522184300341296,0.8205882352941176,0.8815165876777251,0.9992093968827649,0.0007906031172351113,0.9098988160884413,0.9055050942304674,0.8819353008813979,0.8794135736699681,0.9612145225155796,0.8604447015450534,22560,0.8742880277201222,0.009197289476974287,0.8750725772259237,0.01577562946724112,"{'classifier__estimator__ccp_alpha': np.float64(0.008814546781585537), 'classifier__estimator__max_depth': 6, 'classifier__estimator__max_features': 'log2', 'classifier__estimator__max_leaf_nodes': 2, 'classifier__estimator__min_impurity_decrease': np.float64(0.024214362502813603), 'classifier__estimator__min_samples_leaf': 8, 'classifier__estimator__min_samples_split': 5, 'classifier__max_features': np.float64(0.743553220207448), 'classifier__max_samples': np.float64(0.517590449598144), 'classifier__n_estimators': 396, 'feature_selection_filter__k': 26}",49.89483332633972,"[0, 1, 2, 3, 4, 5, 6, 7, 8, 9, 10, 11, 12, 14, 16, 17, 18, 19, 20, 21, 22, 23, 24, 27, 28, 29]","['Amount_log1p', 'V1', 'V2', 'V3', 'V4', 'V5', 'V6', 'V7', 'V8', 'V9', 'V10', 'V11', 'V12', 'V14', 'V16', 'V17', 'V18', 'V19', 'V20', 'V21', 'V22', 'V23', 'V24', 'V27', 'V28', 'Time_sin']"
CostSensitiveLearning___RandomizedSearchCV__niter_30__cv_5,9,7,RRC,resubstitution,285,17687,21,55,0.9957890070921985,0.9313725490196079,0.8382352941176471,0.8823529411764706,0.9988140953241473,0.001185904675852667,0.9185246947208972,0.91500886714987,0.8814816956853024,0.880215123176043,0.97403043157629,0.8611119214530639,22560,0.8814048007639869,0.01225564332594906,0.8743950581826428,0.03303031585666781,"{'classifier__estimator__ccp_alpha': np.float64(0.00919205333014479), 'classifier__estimator__max_depth': 12, 'classifier__estimator__max_features': 'sqrt', 'classifier__estimator__max_leaf_nodes': 2, 'classifier__estimator__min_impurity_decrease': np.float64(0.04987544715227104), 'classifier__estimator__min_samples_leaf': 2, 'classifier__estimator__min_samples_split': 3, 'classifier__max_features': np.float64(0.5856798158415657), 'classifier__max_samples': np.float64(0.524573469766265), 'classifier__n_estimators': 661, 'feature_selection_filter__k': 20}",50.79786157608032,"[1, 2, 3, 4, 5, 6, 7, 8, 9, 10, 11, 12, 14, 16, 17, 18, 19, 20, 21, 27]","['V1', 'V2', 'V3', 'V4', 'V5', 'V6', 'V7', 'V8', 'V9', 'V10', 'V11', 'V12', 'V14', 'V16', 'V17', 'V18', 'V19', 'V20', 'V21', 'V27']"
CostSensitiveLearning___RandomizedSearchCV__niter_30__cv_5,9,8,RRC,resubstitution,279,17684,23,62,0.9952903368794326,0.9238410596026491,0.8181818181818182,0.8678071539657853,0.9987010786694528,0.0012989213305472092,0.9084414484256356,0.9039463835681384,0.8670732266684751,0.8654185930221338,0.9620805397471086,0.8460936115040572,22561,0.8690641316745393,0.00745605535558027,0.8700549275203325,0.025298898257942935,"{'classifier__estimator__ccp_alpha': np.float64(0.0045765205326954465), 'classifier__estimator__max_depth': 15, 'classifier__estimator__max_features': 'sqrt', 'classifier__estimator__max_leaf_nodes': 2, 'classifier__estimator__min_impurity_decrease': np.float64(0.06495532537535305), 'classifier__estimator__min_samples_leaf': 9, 'classifier__estimator__min_samples_split': 2, 'classifier__max_features': np.float64(0.5478873654953178), 'classifier__max_samples': np.float64(0.6156901162069068), 'classifier__n_estimators': 852, 'feature_selection_filter__k': 26}",45.81771802902222,"[0, 1, 2, 3, 4, 5, 6, 7, 8, 9, 10, 11, 12, 14, 16, 17, 18, 19, 20, 21, 22, 24, 27, 28, 29, 30]","['Amount_log1p', 'V1', 'V2', 'V3', 'V4', 'V5', 'V6', 'V7', 'V8', 'V9', 'V10', 'V11', 'V12', 'V14', 'V16', 'V17', 'V18', 'V19', 'V20', 'V21', 'V22', 'V24', 'V27', 'V28', 'Time_sin', 'Time_cos']"
CostSensitiveLearning___RandomizedSearchCV__niter_30__cv_5,9,9,RRC,resubstitution,279,17687,20,62,0.9954565602836879,0.9331103678929766,0.8181818181818182,0.871875,0.9988705031908285,0.0011294968091715152,0.9085261606863233,0.9040230552529397,0.8715193068170201,0.8695724134430124,0.967657306030867,0.8716484954613295,22561,0.8647883155862239,0.015411815840481178,0.8673749323373935,0.03564503537104316,"{'classifier__estimator__ccp_alpha': np.float64(0.0014330589448612852), 'classifier__estimator__max_depth': 15, 'classifier__estimator__max_features': 'log2', 'classifier__estimator__max_leaf_nodes': 2, 'classifier__estimator__min_impurity_decrease': np.float64(0.014884468727084089), 'classifier__estimator__min_samples_leaf': 9, 'classifier__estimator__min_samples_split': 3, 'classifier__max_features': np.float64(0.5321904313330192), 'classifier__max_samples': np.float64(0.5365308109782889), 'classifier__n_estimators': 354, 'feature_selection_filter__k': 'all'}",50.089091300964355,"[0, 1, 2, 3, 4, 5, 6, 7, 8, 9, 10, 11, 12, 13, 14, 15, 16, 17, 18, 19, 20, 21, 22, 23, 24, 25, 26, 27, 28, 29, 30]","['Amount_log1p', 'V1', 'V2', 'V3', 'V4', 'V5', 'V6', 'V7', 'V8', 'V9', 'V10', 'V11', 'V12', 'V13', 'V14', 'V15', 'V16', 'V17', 'V18', 'V19', 'V20', 'V21', 'V22', 'V23', 'V24', 'V25', 'V26', 'V27', 'V28', 'Time_sin', 'Time_cos']"
CostSensitiveLearning___RandomizedSearchCV__niter_30__cv_5,9,10,RRC,resubstitution,277,17683,24,64,0.9951241134751773,0.920265780730897,0.8123167155425219,0.8629283489096573,0.9986446038289942,0.0013553961710057738,0.9054806596857581,0.9006751382027993,0.8621922221189227,0.8604560685756419,0.9692918469044913,0.8454210417831534,22561,0.8594339774381792,0.012394702477783633,0.8631411206953947,0.040222045017291375,"{'classifier__estimator__ccp_alpha': np.float64(0.003139289401389921), 'classifier__estimator__max_depth': 10, 'classifier__estimator__max_features': 'log2', 'classifier__estimator__max_leaf_nodes': 2, 'classifier__estimator__min_impurity_decrease': np.float64(0.05842624041792123), 'classifier__estimator__min_samples_leaf': 1, 'classifier__estimator__min_samples_split': 9, 'classifier__max_features': np.float64(0.6049419117348549), 'classifier__max_samples': np.float64(0.8306687301214035), 'classifier__n_estimators': 636, 'feature_selection_filter__k': 24}",39.281492948532104,"[0, 1, 2, 3, 4, 5, 6, 7, 8, 9, 10, 11, 12, 14, 16, 17, 18, 19, 20, 21, 23, 27, 28, 29]","['Amount_log1p', 'V1', 'V2', 'V3', 'V4', 'V5', 'V6', 'V7', 'V8', 'V9', 'V10', 'V11', 'V12', 'V14', 'V16', 'V17', 'V18', 'V19', 'V20', 'V21', 'V23', 'V27', 'V28', 'Time_sin']"
CostSensitiveLearning___RandomizedSearchCV__niter_30__cv_5,10,1,RRC,resubstitution,285,17681,26,56,0.9954565602836879,0.9163987138263665,0.8357771260997068,0.8742331288343558,0.998531654148077,0.0014683458519230141,0.9171543901238919,0.9135370360436769,0.8728833704996537,0.8719246081026419,0.9695242880733583,0.8617562156994669,22560,0.8762472583392409,0.011561991104819657,0.8726474512329776,0.044190604182001846,"{'classifier__estimator__ccp_alpha': np.float64(0.008248226204894193), 'classifier__estimator__max_depth': 9, 'classifier__estimator__max_features': 'sqrt', 'classifier__estimator__max_leaf_nodes': 2, 'classifier__estimator__min_impurity_decrease': np.float64(0.08615461677346153), 'classifier__estimator__min_samples_leaf': 4, 'classifier__estimator__min_samples_split': 7, 'classifier__max_features': np.float64(0.5532556233852026), 'classifier__max_samples': np.float64(0.6001168400726526), 'classifier__n_estimators': 986, 'feature_selection_filter__k': 'all'}",47.09439516067505,"[0, 1, 2, 3, 4, 5, 6, 7, 8, 9, 10, 11, 12, 13, 14, 15, 16, 17, 18, 19, 20, 21, 22, 23, 24, 25, 26, 27, 28, 29, 30]","['Amount_log1p', 'V1', 'V2', 'V3', 'V4', 'V5', 'V6', 'V7', 'V8', 'V9', 'V10', 'V11', 'V12', 'V13', 'V14', 'V15', 'V16', 'V17', 'V18', 'V19', 'V20', 'V21', 'V22', 'V23', 'V24', 'V25', 'V26', 'V27', 'V28', 'Time_sin', 'Time_cos']"
CostSensitiveLearning___RandomizedSearchCV__niter_30__cv_5,10,2,RRC,resubstitution,278,17659,48,63,0.9938497340425532,0.852760736196319,0.8152492668621701,0.8335832083958021,0.9972892076579883,0.0027107923420116586,0.9062692372600792,0.901686916503023,0.8306698573108067,0.8304517961042289,0.9651054216343686,0.8653099946008386,22560,0.8485661158822208,0.014456237258058132,0.8480743568420156,0.03237132410990855,"{'classifier__estimator__ccp_alpha': np.float64(0.005881217345286756), 'classifier__estimator__max_depth': 12, 'classifier__estimator__max_features': 'sqrt', 'classifier__estimator__max_leaf_nodes': 12, 'classifier__estimator__min_impurity_decrease': np.float64(0.062097951196038365), 'classifier__estimator__min_samples_leaf': 4, 'classifier__estimator__min_samples_split': 3, 'classifier__max_features': np.float64(0.5934022770569657), 'classifier__max_samples': np.float64(0.5475039577030765), 'classifier__n_estimators': 526, 'feature_selection_filter__k': 24}",41.78014278411865,"[0, 1, 2, 3, 4, 5, 6, 7, 8, 9, 10, 11, 12, 14, 16, 17, 18, 19, 20, 21, 24, 27, 28, 29]","['Amount_log1p', 'V1', 'V2', 'V3', 'V4', 'V5', 'V6', 'V7', 'V8', 'V9', 'V10', 'V11', 'V12', 'V14', 'V16', 'V17', 'V18', 'V19', 'V20', 'V21', 'V24', 'V27', 'V28', 'Time_sin']"
CostSensitiveLearning___RandomizedSearchCV__niter_30__cv_5,10,3,RRC,resubstitution,282,17679,28,59,0.9951795212765957,0.9096774193548387,0.8269794721407625,0.8663594470046083,0.9984187044671599,0.0015812955328401435,0.9126990883039612,0.9086648299542114,0.8649281184767286,0.8639106077851048,0.9573660498763931,0.8623355729947555,22560,0.8632392411834809,0.013969589619825102,0.8609700314875572,0.032344230582656286,"{'classifier__estimator__ccp_alpha': np.float64(0.00447613188073158), 'classifier__estimator__max_depth': 6, 'classifier__estimator__max_features': 'log2', 'classifier__estimator__max_leaf_nodes': 2, 'classifier__estimator__min_impurity_decrease': np.float64(0.06738098001303681), 'classifier__estimator__min_samples_leaf': 4, 'classifier__estimator__min_samples_split': 4, 'classifier__max_features': np.float64(0.6661381748088919), 'classifier__max_samples': np.float64(0.6081638810760277), 'classifier__n_estimators': 126, 'feature_selection_filter__k': 20}",33.67153215408325,"[1, 2, 3, 4, 5, 6, 7, 8, 9, 10, 11, 12, 14, 16, 17, 18, 19, 20, 21, 27]","['V1', 'V2', 'V3', 'V4', 'V5', 'V6', 'V7', 'V8', 'V9', 'V10', 'V11', 'V12', 'V14', 'V16', 'V17', 'V18', 'V19', 'V20', 'V21', 'V27']"
CostSensitiveLearning___RandomizedSearchCV__niter_30__cv_5,10,4,RRC,resubstitution,285,17683,24,56,0.9955673758865248,0.9223300970873787,0.8357771260997068,0.8769230769230769,0.9986446038289942,0.0013553961710057738,0.9172108649643504,0.9135887023071033,0.875772859213573,0.8746716928539845,0.9729860633011747,0.8643411845108828,22560,0.8727156685280686,0.014797120095745268,0.874061071897691,0.01459754515841948,"{'classifier__estimator__ccp_alpha': np.float64(0.008734067299483401), 'classifier__estimator__max_depth': 7, 'classifier__estimator__max_features': 'sqrt', 'classifier__estimator__max_leaf_nodes': 2, 'classifier__estimator__min_impurity_decrease': np.float64(0.009131897479203134), 'classifier__estimator__min_samples_leaf': 8, 'classifier__estimator__min_samples_split': 6, 'classifier__max_features': np.float64(0.6845442876013774), 'classifier__max_samples': np.float64(0.9473492844639488), 'classifier__n_estimators': 249, 'feature_selection_filter__k': 24}",39.237606048583984,"[0, 1, 2, 3, 4, 5, 6, 7, 8, 9, 10, 11, 12, 14, 16, 17, 18, 19, 20, 21, 24, 27, 28, 29]","['Amount_log1p', 'V1', 'V2', 'V3', 'V4', 'V5', 'V6', 'V7', 'V8', 'V9', 'V10', 'V11', 'V12', 'V14', 'V16', 'V17', 'V18', 'V19', 'V20', 'V21', 'V24', 'V27', 'V28', 'Time_sin']"
CostSensitiveLearning___RandomizedSearchCV__niter_30__cv_5,10,5,RRC,resubstitution,288,17682,26,52,0.9956781914893617,0.9171974522292994,0.8470588235294118,0.8807339449541285,0.9985317370679919,0.0014682629320080798,0.9227952802987018,0.919682074663627,0.8792576697156956,0.8785367086021312,0.9740454630011028,0.8707704561524188,22560,0.8717154702498451,0.011741788546933524,0.877738167133353,0.02260419289604566,"{'classifier__estimator__ccp_alpha': np.float64(0.008849643796025848), 'classifier__estimator__max_depth': 9, 'classifier__estimator__max_features': 'sqrt', 'classifier__estimator__max_leaf_nodes': 5, 'classifier__estimator__min_impurity_decrease': np.float64(0.06553713988686738), 'classifier__estimator__min_samples_leaf': 7, 'classifier__estimator__min_samples_split': 3, 'classifier__max_features': np.float64(0.7732308855648231), 'classifier__max_samples': np.float64(0.50509254979403), 'classifier__n_estimators': 748, 'feature_selection_filter__k': 26}",46.56975984573364,"[0, 1, 2, 3, 4, 5, 6, 7, 8, 9, 10, 11, 12, 14, 15, 16, 17, 18, 19, 20, 21, 23, 24, 27, 28, 29]","['Amount_log1p', 'V1', 'V2', 'V3', 'V4', 'V5', 'V6', 'V7', 'V8', 'V9', 'V10', 'V11', 'V12', 'V14', 'V15', 'V16', 'V17', 'V18', 'V19', 'V20', 'V21', 'V23', 'V24', 'V27', 'V28', 'Time_sin']"
CostSensitiveLearning___RandomizedSearchCV__niter_30__cv_5,10,6,RRC,resubstitution,282,17669,39,58,0.9946254432624113,0.8785046728971962,0.8294117647058824,0.8532526475037822,0.9977976056019878,0.002202394398012175,0.9136046851539351,0.9097170290159731,0.8508823633532782,0.8505175448842875,0.9609349047954397,0.8457307240143882,22560,0.8705478651533266,0.004597852021740939,0.8705134978972249,0.010057659197751864,"{'classifier__estimator__ccp_alpha': np.float64(0.008920743073463142), 'classifier__estimator__max_depth': 10, 'classifier__estimator__max_features': 'sqrt', 'classifier__estimator__max_leaf_nodes': 2, 'classifier__estimator__min_impurity_decrease': np.float64(0.028144807840326483), 'classifier__estimator__min_samples_leaf': 7, 'classifier__estimator__min_samples_split': 2, 'classifier__max_features': np.float64(0.5440538490893121), 'classifier__max_samples': np.float64(0.8371882594699158), 'classifier__n_estimators': 424, 'feature_selection_filter__k': 22}",38.02905797958374,"[1, 2, 3, 4, 5, 6, 7, 8, 9, 10, 11, 12, 14, 16, 17, 18, 19, 20, 21, 27, 28, 29]","['V1', 'V2', 'V3', 'V4', 'V5', 'V6', 'V7', 'V8', 'V9', 'V10', 'V11', 'V12', 'V14', 'V16', 'V17', 'V18', 'V19', 'V20', 'V21', 'V27', 'V28', 'Time_sin']"
CostSensitiveLearning___RandomizedSearchCV__niter_30__cv_5,10,7,RRC,resubstitution,283,17689,19,57,0.9957890070921985,0.9370860927152318,0.8323529411764706,0.881619937694704,0.9989270386266095,0.0010729613733905241,0.91563998990154,0.911844207428857,0.8810850379226223,0.8794839605758701,0.9668628502903307,0.8663588821536891,22560,0.8792211655714539,0.003996740813237075,0.8759121061359867,0.021113430860122948,"{'classifier__estimator__ccp_alpha': np.float64(0.009554657822410806), 'classifier__estimator__max_depth': 8, 'classifier__estimator__max_features': 'log2', 'classifier__estimator__max_leaf_nodes': 2, 'classifier__estimator__min_impurity_decrease': np.float64(0.031983504110988006), 'classifier__estimator__min_samples_leaf': 4, 'classifier__estimator__min_samples_split': 4, 'classifier__max_features': np.float64(0.9696577549980505), 'classifier__max_samples': np.float64(0.8344766703545418), 'classifier__n_estimators': 457, 'feature_selection_filter__k': 'all'}",45.27320075035095,"[0, 1, 2, 3, 4, 5, 6, 7, 8, 9, 10, 11, 12, 13, 14, 15, 16, 17, 18, 19, 20, 21, 22, 23, 24, 25, 26, 27, 28, 29, 30]","['Amount_log1p', 'V1', 'V2', 'V3', 'V4', 'V5', 'V6', 'V7', 'V8', 'V9', 'V10', 'V11', 'V12', 'V13', 'V14', 'V15', 'V16', 'V17', 'V18', 'V19', 'V20', 'V21', 'V22', 'V23', 'V24', 'V25', 'V26', 'V27', 'V28', 'Time_sin', 'Time_cos']"
CostSensitiveLearning___RandomizedSearchCV__niter_30__cv_5,10,8,RRC,resubstitution,293,17687,20,48,0.9962322695035462,0.9361022364217252,0.8592375366568915,0.8960244648318043,0.9988705031908285,0.0011294968091715152,0.9290540199238599,0.9264270238939045,0.8949605438327448,0.894109418817687,0.9649716872247782,0.8714213863912054,22561,0.8954603910267324,0.0044707807091690305,0.8907267765618366,0.022543330573995785,"{'classifier__estimator__ccp_alpha': np.float64(0.004909623875237653), 'classifier__estimator__max_depth': 15, 'classifier__estimator__max_features': 'log2', 'classifier__estimator__max_leaf_nodes': 7, 'classifier__estimator__min_impurity_decrease': np.float64(0.09589612373175739), 'classifier__estimator__min_samples_leaf': 2, 'classifier__estimator__min_samples_split': 9, 'classifier__max_features': np.float64(0.582990960145997), 'classifier__max_samples': np.float64(0.6458403253618541), 'classifier__n_estimators': 812, 'feature_selection_filter__k': 26}",45.12000846862793,"[0, 1, 2, 3, 4, 5, 6, 7, 8, 9, 10, 11, 12, 14, 16, 17, 18, 19, 20, 21, 22, 23, 24, 27, 28, 29]","['Amount_log1p', 'V1', 'V2', 'V3', 'V4', 'V5', 'V6', 'V7', 'V8', 'V9', 'V10', 'V11', 'V12', 'V14', 'V16', 'V17', 'V18', 'V19', 'V20', 'V21', 'V22', 'V23', 'V24', 'V27', 'V28', 'Time_sin']"
CostSensitiveLearning___RandomizedSearchCV__niter_30__cv_5,10,9,RRC,resubstitution,285,17677,30,56,0.9952349290780141,0.9047619047619048,0.8357771260997068,0.8689024390243902,0.9983057547862427,0.0016942452137572728,0.9170414404429748,0.9134336947496762,0.8671864970055957,0.8664796848216954,0.9719348197533425,0.8785895402337086,22561,0.8818857224783336,0.011664462832540733,0.877753723615386,0.027853345788642694,"{'classifier__estimator__ccp_alpha': np.float64(0.006218898847113734), 'classifier__estimator__max_depth': 19, 'classifier__estimator__max_features': 'sqrt', 'classifier__estimator__max_leaf_nodes': 2, 'classifier__estimator__min_impurity_decrease': np.float64(0.0651732447984027), 'classifier__estimator__min_samples_leaf': 4, 'classifier__estimator__min_samples_split': 4, 'classifier__max_features': np.float64(0.8368946620957987), 'classifier__max_samples': np.float64(0.6699182027601027), 'classifier__n_estimators': 497, 'feature_selection_filter__k': 28}",43.979371070861816,"[1, 2, 3, 4, 5, 6, 7, 8, 9, 10, 11, 12, 14, 16, 17, 18, 19, 20, 21, 22, 23, 24, 25, 26, 27, 28, 29, 30]","['V1', 'V2', 'V3', 'V4', 'V5', 'V6', 'V7', 'V8', 'V9', 'V10', 'V11', 'V12', 'V14', 'V16', 'V17', 'V18', 'V19', 'V20', 'V21', 'V22', 'V23', 'V24', 'V25', 'V26', 'V27', 'V28', 'Time_sin', 'Time_cos']"
CostSensitiveLearning___RandomizedSearchCV__niter_30__cv_5,10,10,RRC,resubstitution,285,17679,28,56,0.995345744680851,0.9105431309904153,0.8357771260997068,0.8715596330275229,0.9984187044671599,0.0015812955328401435,0.9170979152834333,0.913485366858033,0.8700213953473948,0.8691939879512605,0.9694120008539128,0.8646356932944548,22561,0.8682317009573979,0.012559959121639073,0.8722543759298882,0.03291869273414405,"{'classifier__estimator__ccp_alpha': np.float64(0.007539255273409883), 'classifier__estimator__max_depth': 11, 'classifier__estimator__max_features': 'sqrt', 'classifier__estimator__max_leaf_nodes': 16, 'classifier__estimator__min_impurity_decrease': np.float64(0.07924068383927943), 'classifier__estimator__min_samples_leaf': 3, 'classifier__estimator__min_samples_split': 5, 'classifier__max_features': np.float64(0.5952553804225708), 'classifier__max_samples': np.float64(0.6192289468329717), 'classifier__n_estimators': 852, 'feature_selection_filter__k': 22}",49.602128982543945,"[1, 2, 3, 4, 5, 6, 7, 8, 9, 10, 11, 12, 14, 16, 17, 18, 19, 20, 21, 27, 28, 29]","['V1', 'V2', 'V3', 'V4', 'V5', 'V6', 'V7', 'V8', 'V9', 'V10', 'V11', 'V12', 'V14', 'V16', 'V17', 'V18', 'V19', 'V20', 'V21', 'V27', 'V28', 'Time_sin']"
