experiment_name,iteration,fold,model,split,tp,tn,fp,fn,accuracy,precision,recall,f1,specificity,fpr,balanced_accuracy,geometric_mean,mcc,kappa,roc_auc,average_precision,fold_size,cv_tuning_mean_train_score,cv_tuning_std_train_score,cv_tuning_mean_val_score,cv_tuning_std_val_score,best_params,tuning_time,selected_features_indices,selected_features_names
CostSensitiveLearning___RandomizedSearchCV__niter_30__cv_5,1,1,ExtraTreesClassifier,resubstitution,345,22117,17,81,0.9956560283687943,0.9530386740331491,0.8098591549295775,0.8756345177664975,0.999231950844854,0.0007680491551459445,0.9045455528872157,0.8995760908838377,0.876437538830703,0.8734387643930432,0.9694401386179188,0.8523813456131534,22560,0.8764559157609273,0.0042701546054877354,0.8754615539106423,0.018963064739638127,"{'classifier__ccp_alpha': np.float64(0.006689882547142287), 'classifier__max_depth': 5, 'classifier__max_features': 'log2', 'classifier__max_leaf_nodes': 4, 'classifier__min_impurity_decrease': np.float64(0.09736638367553174), 'classifier__min_samples_leaf': 2, 'classifier__min_samples_split': 9, 'classifier__n_estimators': 977, 'feature_selection_filter__k': 22}",15.05180835723877,"[1, 2, 3, 4, 5, 6, 7, 8, 9, 10, 11, 12, 14, 16, 17, 18, 19, 20, 21, 27, 28, 29]","['V1', 'V2', 'V3', 'V4', 'V5', 'V6', 'V7', 'V8', 'V9', 'V10', 'V11', 'V12', 'V14', 'V16', 'V17', 'V18', 'V19', 'V20', 'V21', 'V27', 'V28', 'Time_sin']"
CostSensitiveLearning___RandomizedSearchCV__niter_30__cv_5,1,2,ExtraTreesClassifier,resubstitution,347,22123,11,79,0.9960106382978723,0.9692737430167597,0.8145539906103286,0.8852040816326531,0.9995030270172586,0.0004969729827414282,0.9070285088137936,0.9023021552030179,0.8866495834846194,0.8831896676704623,0.9755286409581249,0.870414001908629,22560,0.8823717040899821,0.0035429728670473763,0.8866366077685919,0.010008469805952425,"{'classifier__ccp_alpha': np.float64(0.002210289958843713), 'classifier__max_depth': 15, 'classifier__max_features': 'sqrt', 'classifier__max_leaf_nodes': 17, 'classifier__min_impurity_decrease': np.float64(0.041586877288836754), 'classifier__min_samples_leaf': 1, 'classifier__min_samples_split': 3, 'classifier__n_estimators': 404, 'feature_selection_filter__k': 28}",13.562040567398071,"[0, 1, 2, 3, 4, 5, 6, 7, 8, 9, 10, 11, 12, 14, 16, 17, 18, 19, 20, 21, 22, 23, 24, 26, 27, 28, 29, 30]","['Amount_log1p', 'V1', 'V2', 'V3', 'V4', 'V5', 'V6', 'V7', 'V8', 'V9', 'V10', 'V11', 'V12', 'V14', 'V16', 'V17', 'V18', 'V19', 'V20', 'V21', 'V22', 'V23', 'V24', 'V26', 'V27', 'V28', 'Time_sin', 'Time_cos']"
CostSensitiveLearning___RandomizedSearchCV__niter_30__cv_5,1,3,ExtraTreesClassifier,resubstitution,348,22119,15,78,0.995877659574468,0.9586776859504132,0.8169014084507042,0.8821292775665399,0.9993223095689889,0.0006776904310110687,0.9081118590098466,0.9035196744859061,0.8829650415225768,0.8800450345683536,0.9712100878515877,0.8597635067161634,22560,0.8829601963990952,0.006038588847054294,0.8819920583729743,0.0255086242633036,"{'classifier__ccp_alpha': np.float64(0.008011292402349716), 'classifier__max_depth': 19, 'classifier__max_features': 'log2', 'classifier__max_leaf_nodes': 10, 'classifier__min_impurity_decrease': np.float64(0.08626743360369593), 'classifier__min_samples_leaf': 3, 'classifier__min_samples_split': 6, 'classifier__n_estimators': 385, 'feature_selection_filter__k': 22}",12.197442054748535,"[1, 2, 3, 4, 5, 6, 7, 8, 9, 10, 11, 12, 14, 16, 17, 18, 19, 20, 21, 27, 28, 29]","['V1', 'V2', 'V3', 'V4', 'V5', 'V6', 'V7', 'V8', 'V9', 'V10', 'V11', 'V12', 'V14', 'V16', 'V17', 'V18', 'V19', 'V20', 'V21', 'V27', 'V28', 'Time_sin']"
CostSensitiveLearning___RandomizedSearchCV__niter_30__cv_5,1,4,ExtraTreesClassifier,resubstitution,349,22116,18,77,0.9957890070921985,0.9509536784741145,0.8192488262910798,0.880201765447667,0.9991867714827867,0.0008132285172133269,0.9092177988869332,0.9047555414490956,0.8805990738464706,0.8780706766804366,0.974133595585743,0.8719643165769098,22560,0.8853512067615192,0.00453801928890263,0.8841845785242011,0.017570984335447373,"{'classifier__ccp_alpha': np.float64(0.0008280905242470115), 'classifier__max_depth': 14, 'classifier__max_features': 'sqrt', 'classifier__max_leaf_nodes': 12, 'classifier__min_impurity_decrease': np.float64(0.09648019005876224), 'classifier__min_samples_leaf': 1, 'classifier__min_samples_split': 3, 'classifier__n_estimators': 461, 'feature_selection_filter__k': 22}",13.049278736114502,"[0, 1, 2, 3, 4, 5, 6, 7, 8, 9, 10, 11, 12, 14, 16, 17, 18, 19, 20, 21, 27, 29]","['Amount_log1p', 'V1', 'V2', 'V3', 'V4', 'V5', 'V6', 'V7', 'V8', 'V9', 'V10', 'V11', 'V12', 'V14', 'V16', 'V17', 'V18', 'V19', 'V20', 'V21', 'V27', 'Time_sin']"
CostSensitiveLearning___RandomizedSearchCV__niter_30__cv_5,1,5,ExtraTreesClassifier,resubstitution,346,22116,19,79,0.9956560283687943,0.947945205479452,0.8141176470588235,0.8759493670886076,0.9991416309012876,0.0008583690987123971,0.9066296389800556,0.9018973520461582,0.8763735223262332,0.8737516524241741,0.972429556597882,0.8663012347557371,22560,0.8762476659404463,0.006003465345528626,0.8824289559061149,0.02084113234071968,"{'classifier__ccp_alpha': np.float64(0.004945922241097717), 'classifier__max_depth': 16, 'classifier__max_features': 'sqrt', 'classifier__max_leaf_nodes': 8, 'classifier__min_impurity_decrease': np.float64(0.09156830574551172), 'classifier__min_samples_leaf': 4, 'classifier__min_samples_split': 5, 'classifier__n_estimators': 628, 'feature_selection_filter__k': 28}",14.044260025024414,"[0, 1, 2, 3, 4, 5, 6, 7, 8, 9, 10, 11, 12, 13, 14, 16, 17, 18, 19, 20, 21, 22, 23, 24, 27, 28, 29, 30]","['Amount_log1p', 'V1', 'V2', 'V3', 'V4', 'V5', 'V6', 'V7', 'V8', 'V9', 'V10', 'V11', 'V12', 'V13', 'V14', 'V16', 'V17', 'V18', 'V19', 'V20', 'V21', 'V22', 'V23', 'V24', 'V27', 'V28', 'Time_sin', 'Time_cos']"
CostSensitiveLearning___RandomizedSearchCV__niter_30__cv_5,1,6,ExtraTreesClassifier,resubstitution,353,22122,13,72,0.9962322695035462,0.9644808743169399,0.8305882352941176,0.8925410872313527,0.9994126948271967,0.0005873051728032541,0.9150004650606571,0.9110984724644531,0.8932118450417724,0.8906344638316948,0.9722988081159728,0.876487561595386,22560,0.8905591741979573,0.0038668882352617096,0.892414611885344,0.019710099672400633,"{'classifier__ccp_alpha': np.float64(0.003073934601577203), 'classifier__max_depth': 7, 'classifier__max_features': 'log2', 'classifier__max_leaf_nodes': 8, 'classifier__min_impurity_decrease': np.float64(0.09353298208995899), 'classifier__min_samples_leaf': 3, 'classifier__min_samples_split': 9, 'classifier__n_estimators': 776, 'feature_selection_filter__k': 22}",12.70334005355835,"[1, 2, 3, 4, 5, 6, 7, 8, 9, 10, 11, 12, 14, 16, 17, 18, 19, 20, 21, 27, 28, 29]","['V1', 'V2', 'V3', 'V4', 'V5', 'V6', 'V7', 'V8', 'V9', 'V10', 'V11', 'V12', 'V14', 'V16', 'V17', 'V18', 'V19', 'V20', 'V21', 'V27', 'V28', 'Time_sin']"
CostSensitiveLearning___RandomizedSearchCV__niter_30__cv_5,1,7,ExtraTreesClassifier,resubstitution,344,22123,12,81,0.995877659574468,0.9662921348314607,0.8094117647058824,0.8809218950064021,0.9994578721481816,0.000542127851818397,0.904434818427032,0.8994292412661742,0.8824135191366842,0.8788410765062287,0.975301133419259,0.8669561801786035,22560,0.8796185055905354,0.004567927294643673,0.8806755390598712,0.015008675423595774,"{'classifier__ccp_alpha': np.float64(0.005739320788235394), 'classifier__max_depth': 3, 'classifier__max_features': 'sqrt', 'classifier__max_leaf_nodes': 4, 'classifier__min_impurity_decrease': np.float64(0.09841622200897923), 'classifier__min_samples_leaf': 1, 'classifier__min_samples_split': 4, 'classifier__n_estimators': 136, 'feature_selection_filter__k': 28}",13.620101690292358,"[0, 1, 2, 3, 4, 5, 6, 7, 8, 9, 10, 11, 12, 14, 16, 17, 18, 19, 20, 21, 22, 24, 25, 26, 27, 28, 29, 30]","['Amount_log1p', 'V1', 'V2', 'V3', 'V4', 'V5', 'V6', 'V7', 'V8', 'V9', 'V10', 'V11', 'V12', 'V14', 'V16', 'V17', 'V18', 'V19', 'V20', 'V21', 'V22', 'V24', 'V25', 'V26', 'V27', 'V28', 'Time_sin', 'Time_cos']"
CostSensitiveLearning___RandomizedSearchCV__niter_30__cv_5,1,8,ExtraTreesClassifier,resubstitution,351,22120,15,75,0.9960108151234431,0.9590163934426229,0.823943661971831,0.8863636363636364,0.999322340185227,0.0006776598147729684,0.911633001078529,0.9074058124469315,0.8869857166889983,0.8843452673884514,0.9761151958055084,0.8668193435259528,22561,0.8844681248699713,0.005219240461854799,0.8876026377763477,0.018587440084646762,"{'classifier__ccp_alpha': np.float64(0.000441438648851491), 'classifier__max_depth': 6, 'classifier__max_features': 'log2', 'classifier__max_leaf_nodes': 15, 'classifier__min_impurity_decrease': np.float64(0.06898955887859005), 'classifier__min_samples_leaf': 4, 'classifier__min_samples_split': 6, 'classifier__n_estimators': 526, 'feature_selection_filter__k': 26}",12.065796375274658,"[0, 1, 2, 3, 4, 5, 6, 7, 8, 9, 10, 11, 12, 13, 14, 16, 17, 18, 19, 20, 21, 23, 24, 27, 28, 29]","['Amount_log1p', 'V1', 'V2', 'V3', 'V4', 'V5', 'V6', 'V7', 'V8', 'V9', 'V10', 'V11', 'V12', 'V13', 'V14', 'V16', 'V17', 'V18', 'V19', 'V20', 'V21', 'V23', 'V24', 'V27', 'V28', 'Time_sin']"
CostSensitiveLearning___RandomizedSearchCV__niter_30__cv_5,1,9,ExtraTreesClassifier,resubstitution,345,22118,17,81,0.9956562209121936,0.9530386740331491,0.8098591549295775,0.8756345177664975,0.9992319855432573,0.0007680144567426828,0.9045455702364174,0.8995761065027607,0.8764376334964705,0.8734388634364845,0.9703910383466373,0.8567778274893126,22561,0.8752161887569022,0.008964789093323731,0.8756507736980378,0.02980886084689727,"{'classifier__ccp_alpha': np.float64(0.004206244998635097), 'classifier__max_depth': 8, 'classifier__max_features': 'log2', 'classifier__max_leaf_nodes': 3, 'classifier__min_impurity_decrease': np.float64(0.06605265612088683), 'classifier__min_samples_leaf': 3, 'classifier__min_samples_split': 8, 'classifier__n_estimators': 684, 'feature_selection_filter__k': 22}",13.247199296951294,"[1, 2, 3, 4, 5, 6, 7, 8, 9, 10, 11, 12, 14, 16, 17, 18, 19, 20, 21, 27, 28, 29]","['V1', 'V2', 'V3', 'V4', 'V5', 'V6', 'V7', 'V8', 'V9', 'V10', 'V11', 'V12', 'V14', 'V16', 'V17', 'V18', 'V19', 'V20', 'V21', 'V27', 'V28', 'Time_sin']"
CostSensitiveLearning___RandomizedSearchCV__niter_30__cv_5,1,10,ExtraTreesClassifier,resubstitution,347,22122,13,79,0.9959221665706307,0.9638888888888889,0.8145539906103286,0.8829516539440203,0.9994126948271967,0.0005873051728032541,0.9069833427187627,0.9022613805533936,0.8841250060785331,0.8808914793139949,0.9705269945097891,0.8714969052666124,22561,0.8825464733366125,0.01085375654905865,0.8832270385173817,0.04647294921815986,"{'classifier__ccp_alpha': np.float64(0.0010362484176738396), 'classifier__max_depth': 15, 'classifier__max_features': 'sqrt', 'classifier__max_leaf_nodes': 13, 'classifier__min_impurity_decrease': np.float64(0.07494682624805858), 'classifier__min_samples_leaf': 9, 'classifier__min_samples_split': 6, 'classifier__n_estimators': 329, 'feature_selection_filter__k': 20}",13.797419309616089,"[1, 2, 3, 4, 5, 6, 7, 8, 9, 10, 11, 12, 14, 16, 17, 18, 19, 20, 21, 27]","['V1', 'V2', 'V3', 'V4', 'V5', 'V6', 'V7', 'V8', 'V9', 'V10', 'V11', 'V12', 'V14', 'V16', 'V17', 'V18', 'V19', 'V20', 'V21', 'V27']"
CostSensitiveLearning___RandomizedSearchCV__niter_30__cv_5,2,1,ExtraTreesClassifier,resubstitution,352,22120,14,74,0.9960992907801418,0.9617486338797814,0.8262910798122066,0.8888888888888888,0.9993674889310563,0.0006325110689436864,0.9128292843716315,0.9087180209273149,0.8895634104847079,0.8869152835252028,0.9709975539511579,0.8717477199335648,22560,0.8864895562141347,0.007150318605911587,0.8863297039301961,0.0226953957376135,"{'classifier__ccp_alpha': np.float64(0.005211276502712239), 'classifier__max_depth': 19, 'classifier__max_features': 'log2', 'classifier__max_leaf_nodes': 18, 'classifier__min_impurity_decrease': np.float64(0.07649552946168192), 'classifier__min_samples_leaf': 7, 'classifier__min_samples_split': 6, 'classifier__n_estimators': 651, 'feature_selection_filter__k': 22}",13.837709426879883,"[1, 2, 3, 4, 5, 6, 7, 8, 9, 10, 11, 12, 14, 16, 17, 18, 19, 20, 21, 27, 28, 29]","['V1', 'V2', 'V3', 'V4', 'V5', 'V6', 'V7', 'V8', 'V9', 'V10', 'V11', 'V12', 'V14', 'V16', 'V17', 'V18', 'V19', 'V20', 'V21', 'V27', 'V28', 'Time_sin']"
CostSensitiveLearning___RandomizedSearchCV__niter_30__cv_5,2,2,ExtraTreesClassifier,resubstitution,346,22118,16,80,0.9957446808510638,0.9558011049723757,0.812206572769953,0.8781725888324873,0.9992771302069214,0.0007228697930785621,0.9057418514884372,0.9008992469598128,0.8790292889915395,0.8760216467523689,0.9729195327987321,0.8572516234672468,22560,0.8756063391572451,0.0043232767083282945,0.8780045269196212,0.012629324367918157,"{'classifier__ccp_alpha': np.float64(0.003292027985636038), 'classifier__max_depth': 13, 'classifier__max_features': 'log2', 'classifier__max_leaf_nodes': 18, 'classifier__min_impurity_decrease': np.float64(0.06708299049081604), 'classifier__min_samples_leaf': 1, 'classifier__min_samples_split': 7, 'classifier__n_estimators': 909, 'feature_selection_filter__k': 28}",13.334410667419434,"[0, 1, 2, 3, 4, 5, 6, 7, 8, 9, 10, 11, 12, 14, 16, 17, 18, 19, 20, 21, 22, 23, 24, 25, 27, 28, 29, 30]","['Amount_log1p', 'V1', 'V2', 'V3', 'V4', 'V5', 'V6', 'V7', 'V8', 'V9', 'V10', 'V11', 'V12', 'V14', 'V16', 'V17', 'V18', 'V19', 'V20', 'V21', 'V22', 'V23', 'V24', 'V25', 'V27', 'V28', 'Time_sin', 'Time_cos']"
CostSensitiveLearning___RandomizedSearchCV__niter_30__cv_5,2,3,ExtraTreesClassifier,resubstitution,353,22116,18,73,0.9959663120567376,0.9514824797843666,0.8286384976525821,0.8858218318695107,0.9991867714827867,0.0008132285172133269,0.9139126345676845,0.9099256151993032,0.8859671338695061,0.8837786740524409,0.97159596838887,0.8697464521124924,22560,0.8852538437974976,0.005235985671221793,0.887764938014817,0.02019209967965682,"{'classifier__ccp_alpha': np.float64(0.008827253537551424), 'classifier__max_depth': 17, 'classifier__max_features': 'sqrt', 'classifier__max_leaf_nodes': 17, 'classifier__min_impurity_decrease': np.float64(0.06574665890667282), 'classifier__min_samples_leaf': 1, 'classifier__min_samples_split': 9, 'classifier__n_estimators': 584, 'feature_selection_filter__k': 22}",12.610095024108887,"[1, 2, 3, 4, 5, 6, 7, 8, 9, 10, 11, 12, 14, 16, 17, 18, 19, 20, 21, 27, 28, 29]","['V1', 'V2', 'V3', 'V4', 'V5', 'V6', 'V7', 'V8', 'V9', 'V10', 'V11', 'V12', 'V14', 'V16', 'V17', 'V18', 'V19', 'V20', 'V21', 'V27', 'V28', 'Time_sin']"
CostSensitiveLearning___RandomizedSearchCV__niter_30__cv_5,2,4,ExtraTreesClassifier,resubstitution,347,22118,16,79,0.9957890070921985,0.9559228650137741,0.8145539906103286,0.8795944233206591,0.9992771302069214,0.0007228697930785621,0.906915560408625,0.902200185178259,0.8803768054280323,0.8774653578924042,0.9685656104028769,0.8643347505500337,22560,0.8793128469226756,0.006648373635179399,0.8806534218277962,0.026287685695156566,"{'classifier__ccp_alpha': np.float64(0.0048172552327362395), 'classifier__max_depth': 13, 'classifier__max_features': 'sqrt', 'classifier__max_leaf_nodes': 12, 'classifier__min_impurity_decrease': np.float64(0.0921790357758227), 'classifier__min_samples_leaf': 9, 'classifier__min_samples_split': 4, 'classifier__n_estimators': 875, 'feature_selection_filter__k': 24}",14.099650859832764,"[0, 1, 2, 3, 4, 5, 6, 7, 8, 9, 10, 11, 12, 14, 16, 17, 18, 19, 20, 21, 24, 27, 28, 29]","['Amount_log1p', 'V1', 'V2', 'V3', 'V4', 'V5', 'V6', 'V7', 'V8', 'V9', 'V10', 'V11', 'V12', 'V14', 'V16', 'V17', 'V18', 'V19', 'V20', 'V21', 'V24', 'V27', 'V28', 'Time_sin']"
CostSensitiveLearning___RandomizedSearchCV__niter_30__cv_5,2,5,ExtraTreesClassifier,resubstitution,347,22123,12,78,0.9960106382978723,0.9665738161559888,0.8164705882352942,0.8852040816326531,0.9994578721481816,0.000542127851818397,0.9079642301917379,0.9033426574612876,0.8864470876029442,0.8831887671593825,0.9729091271475836,0.8674495801712169,22560,0.8817075220507167,0.006264705734481338,0.8850737337565198,0.010276998595358305,"{'classifier__ccp_alpha': np.float64(0.0006252124502227307), 'classifier__max_depth': 11, 'classifier__max_features': 'sqrt', 'classifier__max_leaf_nodes': 15, 'classifier__min_impurity_decrease': np.float64(0.07333267576792542), 'classifier__min_samples_leaf': 7, 'classifier__min_samples_split': 2, 'classifier__n_estimators': 951, 'feature_selection_filter__k': 28}",14.76563835144043,"[0, 1, 2, 3, 4, 5, 6, 7, 8, 9, 10, 11, 12, 14, 16, 17, 18, 19, 20, 21, 22, 23, 24, 26, 27, 28, 29, 30]","['Amount_log1p', 'V1', 'V2', 'V3', 'V4', 'V5', 'V6', 'V7', 'V8', 'V9', 'V10', 'V11', 'V12', 'V14', 'V16', 'V17', 'V18', 'V19', 'V20', 'V21', 'V22', 'V23', 'V24', 'V26', 'V27', 'V28', 'Time_sin', 'Time_cos']"
CostSensitiveLearning___RandomizedSearchCV__niter_30__cv_5,2,6,ExtraTreesClassifier,resubstitution,346,22122,13,79,0.9959219858156029,0.9637883008356546,0.8141176470588235,0.8826530612244898,0.9994126948271967,0.0005873051728032541,0.9067651709430101,0.9020196846817897,0.8838417058066075,0.8805929619851466,0.9701611235865478,0.857592737925742,22560,0.8796112451917469,0.0017862778689133583,0.8812659544981847,0.015293310585001968,"{'classifier__ccp_alpha': np.float64(0.0008734964290217506), 'classifier__max_depth': 8, 'classifier__max_features': 'sqrt', 'classifier__max_leaf_nodes': 17, 'classifier__min_impurity_decrease': np.float64(0.09704023846297166), 'classifier__min_samples_leaf': 9, 'classifier__min_samples_split': 2, 'classifier__n_estimators': 821, 'feature_selection_filter__k': 22}",15.109009742736816,"[1, 2, 3, 4, 5, 6, 7, 8, 9, 10, 11, 12, 14, 16, 17, 18, 19, 20, 21, 27, 28, 29]","['V1', 'V2', 'V3', 'V4', 'V5', 'V6', 'V7', 'V8', 'V9', 'V10', 'V11', 'V12', 'V14', 'V16', 'V17', 'V18', 'V19', 'V20', 'V21', 'V27', 'V28', 'Time_sin']"
CostSensitiveLearning___RandomizedSearchCV__niter_30__cv_5,2,7,ExtraTreesClassifier,resubstitution,346,22119,16,79,0.9957890070921985,0.9558011049723757,0.8141176470588235,0.8792884371029225,0.9992771628642422,0.0007228371357578256,0.9066974049615328,0.9019585204379709,0.880084589258604,0.8771595378465779,0.9739088215362948,0.8598071503246357,22560,0.8795353873136575,0.005166621597532138,0.8822306631373585,0.02673722003648948,"{'classifier__ccp_alpha': np.float64(0.0010017725012876056), 'classifier__max_depth': 9, 'classifier__max_features': 'log2', 'classifier__max_leaf_nodes': 17, 'classifier__min_impurity_decrease': np.float64(0.08907195058786788), 'classifier__min_samples_leaf': 9, 'classifier__min_samples_split': 6, 'classifier__n_estimators': 762, 'feature_selection_filter__k': 22}",13.062750577926636,"[1, 2, 3, 4, 5, 6, 7, 8, 9, 10, 11, 12, 14, 16, 17, 18, 19, 20, 21, 27, 28, 29]","['V1', 'V2', 'V3', 'V4', 'V5', 'V6', 'V7', 'V8', 'V9', 'V10', 'V11', 'V12', 'V14', 'V16', 'V17', 'V18', 'V19', 'V20', 'V21', 'V27', 'V28', 'Time_sin']"
CostSensitiveLearning___RandomizedSearchCV__niter_30__cv_5,2,8,ExtraTreesClassifier,resubstitution,352,22118,17,74,0.9959664908470369,0.9539295392953929,0.8262910798122066,0.8855345911949686,0.9992319855432573,0.0007680144567426828,0.912761532677732,0.9086564126871242,0.885854447346914,0.8834924079285164,0.9741611706228639,0.8717331307847841,22561,0.8863760082176746,0.008558456439798237,0.8897676194508606,0.02297252542383479,"{'classifier__ccp_alpha': np.float64(0.0016743932211150548), 'classifier__max_depth': 19, 'classifier__max_features': 'sqrt', 'classifier__max_leaf_nodes': 13, 'classifier__min_impurity_decrease': np.float64(0.06588855148078315), 'classifier__min_samples_leaf': 9, 'classifier__min_samples_split': 8, 'classifier__n_estimators': 822, 'feature_selection_filter__k': 22}",13.244503736495972,"[1, 2, 3, 4, 5, 6, 7, 8, 9, 10, 11, 12, 14, 16, 17, 18, 19, 20, 21, 27, 28, 29]","['V1', 'V2', 'V3', 'V4', 'V5', 'V6', 'V7', 'V8', 'V9', 'V10', 'V11', 'V12', 'V14', 'V16', 'V17', 'V18', 'V19', 'V20', 'V21', 'V27', 'V28', 'Time_sin']"
CostSensitiveLearning___RandomizedSearchCV__niter_30__cv_5,2,9,ExtraTreesClassifier,resubstitution,346,22116,19,80,0.9956118966357874,0.947945205479452,0.812206572769953,0.8748419721871049,0.9991416309012876,0.0008583690987123971,0.9056741018356202,0.9008381651251883,0.8753224179879844,0.8726222885944732,0.965613642702537,0.8558128090043368,22561,0.8750415902653275,0.005441273506389283,0.881971769018881,0.010290459011784884,"{'classifier__ccp_alpha': np.float64(0.008332912284333699), 'classifier__max_depth': 16, 'classifier__max_features': 'log2', 'classifier__max_leaf_nodes': 17, 'classifier__min_impurity_decrease': np.float64(0.07718894723230865), 'classifier__min_samples_leaf': 9, 'classifier__min_samples_split': 8, 'classifier__n_estimators': 350, 'feature_selection_filter__k': 24}",11.687496900558472,"[0, 1, 2, 3, 4, 5, 6, 7, 8, 9, 10, 11, 12, 14, 16, 17, 18, 19, 20, 21, 24, 27, 28, 29]","['Amount_log1p', 'V1', 'V2', 'V3', 'V4', 'V5', 'V6', 'V7', 'V8', 'V9', 'V10', 'V11', 'V12', 'V14', 'V16', 'V17', 'V18', 'V19', 'V20', 'V21', 'V24', 'V27', 'V28', 'Time_sin']"
CostSensitiveLearning___RandomizedSearchCV__niter_30__cv_5,2,10,ExtraTreesClassifier,resubstitution,340,22122,13,86,0.9956118966357874,0.9631728045325779,0.7981220657276995,0.8729139922978177,0.9994126948271967,0.0005873051728032541,0.8987673802774481,0.8931143960937866,0.8746858612744415,0.870701343380033,0.9706855923584576,0.8631683884701747,22561,0.8742460949296152,0.0071718997360069574,0.8730080761202196,0.03399966642766366,"{'classifier__ccp_alpha': np.float64(0.0074969030703040075), 'classifier__max_depth': 8, 'classifier__max_features': 'sqrt', 'classifier__max_leaf_nodes': 12, 'classifier__min_impurity_decrease': np.float64(0.06998267342193659), 'classifier__min_samples_leaf': 9, 'classifier__min_samples_split': 5, 'classifier__n_estimators': 894, 'feature_selection_filter__k': 28}",15.173291206359863,"[0, 1, 2, 3, 4, 5, 6, 7, 8, 9, 10, 11, 12, 14, 15, 16, 17, 18, 19, 20, 21, 22, 23, 24, 27, 28, 29, 30]","['Amount_log1p', 'V1', 'V2', 'V3', 'V4', 'V5', 'V6', 'V7', 'V8', 'V9', 'V10', 'V11', 'V12', 'V14', 'V15', 'V16', 'V17', 'V18', 'V19', 'V20', 'V21', 'V22', 'V23', 'V24', 'V27', 'V28', 'Time_sin', 'Time_cos']"
CostSensitiveLearning___RandomizedSearchCV__niter_30__cv_5,3,1,ExtraTreesClassifier,resubstitution,350,22121,13,76,0.9960549645390071,0.9641873278236914,0.8215962441314554,0.8871989860583016,0.9994126682931237,0.000587331706876304,0.9105044562122895,0.9061532401349268,0.8881415137116658,0.8852043879202524,0.9724415966598664,0.8698501891257403,22560,0.8849746721048497,0.007877030479100823,0.8846757178095249,0.031193461536780816,"{'classifier__ccp_alpha': np.float64(0.008259265523147801), 'classifier__max_depth': 6, 'classifier__max_features': 'log2', 'classifier__max_leaf_nodes': 19, 'classifier__min_impurity_decrease': np.float64(0.0672070558111855), 'classifier__min_samples_leaf': 9, 'classifier__min_samples_split': 8, 'classifier__n_estimators': 863, 'feature_selection_filter__k': 28}",13.671673774719238,"[0, 1, 2, 3, 4, 5, 6, 7, 8, 9, 10, 11, 12, 14, 16, 17, 18, 19, 20, 21, 22, 23, 24, 26, 27, 28, 29, 30]","['Amount_log1p', 'V1', 'V2', 'V3', 'V4', 'V5', 'V6', 'V7', 'V8', 'V9', 'V10', 'V11', 'V12', 'V14', 'V16', 'V17', 'V18', 'V19', 'V20', 'V21', 'V22', 'V23', 'V24', 'V26', 'V27', 'V28', 'Time_sin', 'Time_cos']"
CostSensitiveLearning___RandomizedSearchCV__niter_30__cv_5,3,2,ExtraTreesClassifier,resubstitution,350,22123,11,76,0.9961436170212766,0.9695290858725761,0.8215962441314554,0.8894536213468869,0.9995030270172586,0.0004969729827414282,0.910549635574357,0.9061942026935508,0.8906562348424049,0.8875048231378562,0.9716006878292738,0.8725401890512313,22560,0.8866318286467777,0.004525624851524584,0.8880201364448588,0.020842724287321375,"{'classifier__ccp_alpha': np.float64(0.0021071820293767475), 'classifier__max_depth': 14, 'classifier__max_features': 'sqrt', 'classifier__max_leaf_nodes': 15, 'classifier__min_impurity_decrease': np.float64(0.09582148942674767), 'classifier__min_samples_leaf': 3, 'classifier__min_samples_split': 9, 'classifier__n_estimators': 845, 'feature_selection_filter__k': 28}",14.260274410247803,"[0, 1, 2, 3, 4, 5, 6, 7, 8, 9, 10, 11, 12, 14, 16, 17, 18, 19, 20, 21, 22, 23, 24, 25, 26, 27, 28, 29]","['Amount_log1p', 'V1', 'V2', 'V3', 'V4', 'V5', 'V6', 'V7', 'V8', 'V9', 'V10', 'V11', 'V12', 'V14', 'V16', 'V17', 'V18', 'V19', 'V20', 'V21', 'V22', 'V23', 'V24', 'V25', 'V26', 'V27', 'V28', 'Time_sin']"
CostSensitiveLearning___RandomizedSearchCV__niter_30__cv_5,3,3,ExtraTreesClassifier,resubstitution,342,22120,14,84,0.9956560283687943,0.9606741573033708,0.8028169014084507,0.8746803069053708,0.9993674889310563,0.0006325110689436864,0.9010921951697535,0.8957170930779288,0.8761295952680411,0.872488033641455,0.9724459979357486,0.8582467154603513,22560,0.8773815261482862,0.003644915317850381,0.8817865551421595,0.02136294406501442,"{'classifier__ccp_alpha': np.float64(0.0032875701614259144), 'classifier__max_depth': 7, 'classifier__max_features': 'log2', 'classifier__max_leaf_nodes': 2, 'classifier__min_impurity_decrease': np.float64(0.09819003724123594), 'classifier__min_samples_leaf': 5, 'classifier__min_samples_split': 4, 'classifier__n_estimators': 485, 'feature_selection_filter__k': 22}",14.278529405593872,"[0, 1, 2, 3, 4, 5, 6, 7, 8, 9, 10, 11, 12, 14, 16, 17, 18, 19, 20, 21, 27, 29]","['Amount_log1p', 'V1', 'V2', 'V3', 'V4', 'V5', 'V6', 'V7', 'V8', 'V9', 'V10', 'V11', 'V12', 'V14', 'V16', 'V17', 'V18', 'V19', 'V20', 'V21', 'V27', 'Time_sin']"
CostSensitiveLearning___RandomizedSearchCV__niter_30__cv_5,3,4,ExtraTreesClassifier,resubstitution,349,22120,14,77,0.9959663120567376,0.9614325068870524,0.8192488262910798,0.8846641318124208,0.9993674889310563,0.0006325110689436864,0.909308157611068,0.9048373568438869,0.8855532776171213,0.882624711244303,0.9720740636099965,0.8691817337702896,22560,0.884711035143243,0.008181122936884673,0.8850518402008477,0.03726814303188065,"{'classifier__ccp_alpha': np.float64(0.003426825981368861), 'classifier__max_depth': 14, 'classifier__max_features': 'log2', 'classifier__max_leaf_nodes': 5, 'classifier__min_impurity_decrease': np.float64(0.0323742331001803), 'classifier__min_samples_leaf': 3, 'classifier__min_samples_split': 4, 'classifier__n_estimators': 458, 'feature_selection_filter__k': 'all'}",13.682743787765503,"[0, 1, 2, 3, 4, 5, 6, 7, 8, 9, 10, 11, 12, 13, 14, 15, 16, 17, 18, 19, 20, 21, 22, 23, 24, 25, 26, 27, 28, 29, 30]","['Amount_log1p', 'V1', 'V2', 'V3', 'V4', 'V5', 'V6', 'V7', 'V8', 'V9', 'V10', 'V11', 'V12', 'V13', 'V14', 'V15', 'V16', 'V17', 'V18', 'V19', 'V20', 'V21', 'V22', 'V23', 'V24', 'V25', 'V26', 'V27', 'V28', 'Time_sin', 'Time_cos']"
CostSensitiveLearning___RandomizedSearchCV__niter_30__cv_5,3,5,ExtraTreesClassifier,resubstitution,347,22120,15,78,0.995877659574468,0.9585635359116023,0.8164705882352942,0.8818297331639136,0.999322340185227,0.0006776598147729684,0.9078964642102606,0.9032814062780785,0.8826793281321237,0.8797456528392814,0.9669803744402662,0.8695546063556243,22560,0.8815317508003389,0.007305088315970582,0.8873511988777523,0.02507481795382891,"{'classifier__ccp_alpha': np.float64(0.0005165914912673509), 'classifier__max_depth': 12, 'classifier__max_features': 'log2', 'classifier__max_leaf_nodes': 14, 'classifier__min_impurity_decrease': np.float64(0.0694962086311869), 'classifier__min_samples_leaf': 8, 'classifier__min_samples_split': 6, 'classifier__n_estimators': 153, 'feature_selection_filter__k': 'all'}",10.976642370223999,"[0, 1, 2, 3, 4, 5, 6, 7, 8, 9, 10, 11, 12, 13, 14, 15, 16, 17, 18, 19, 20, 21, 22, 23, 24, 25, 26, 27, 28, 29, 30]","['Amount_log1p', 'V1', 'V2', 'V3', 'V4', 'V5', 'V6', 'V7', 'V8', 'V9', 'V10', 'V11', 'V12', 'V13', 'V14', 'V15', 'V16', 'V17', 'V18', 'V19', 'V20', 'V21', 'V22', 'V23', 'V24', 'V25', 'V26', 'V27', 'V28', 'Time_sin', 'Time_cos']"
CostSensitiveLearning___RandomizedSearchCV__niter_30__cv_5,3,6,ExtraTreesClassifier,resubstitution,344,22120,15,81,0.9957446808510638,0.958217270194986,0.8094117647058824,0.8775510204081632,0.999322340185227,0.0006776598147729684,0.9043670524455547,0.8993682554322988,0.8786309422139341,0.8754013516366748,0.9710666365484526,0.8542880085665724,22560,0.876689502132716,0.0071658637881429465,0.8793827695758955,0.02427796235150564,"{'classifier__ccp_alpha': np.float64(0.0008945445434501265), 'classifier__max_depth': 9, 'classifier__max_features': 'log2', 'classifier__max_leaf_nodes': 19, 'classifier__min_impurity_decrease': np.float64(0.09274957120672367), 'classifier__min_samples_leaf': 2, 'classifier__min_samples_split': 5, 'classifier__n_estimators': 642, 'feature_selection_filter__k': 26}",11.78089714050293,"[0, 1, 2, 3, 4, 5, 6, 7, 8, 9, 10, 11, 12, 14, 16, 17, 18, 19, 20, 21, 23, 24, 25, 27, 28, 29]","['Amount_log1p', 'V1', 'V2', 'V3', 'V4', 'V5', 'V6', 'V7', 'V8', 'V9', 'V10', 'V11', 'V12', 'V14', 'V16', 'V17', 'V18', 'V19', 'V20', 'V21', 'V23', 'V24', 'V25', 'V27', 'V28', 'Time_sin']"
CostSensitiveLearning___RandomizedSearchCV__niter_30__cv_5,3,7,ExtraTreesClassifier,resubstitution,345,22120,15,80,0.9957890070921985,0.9583333333333334,0.8117647058823529,0.8789808917197452,0.999322340185227,0.0006776598147729684,0.90554352303379,0.9006745280966513,0.8799823386178756,0.8768530648831276,0.9725392577631912,0.8532117907799105,22560,0.8765770436158077,0.006710433161552645,0.8785912528373675,0.020115388633010316,"{'classifier__ccp_alpha': np.float64(0.005984661151093318), 'classifier__max_depth': 12, 'classifier__max_features': 'sqrt', 'classifier__max_leaf_nodes': 11, 'classifier__min_impurity_decrease': np.float64(0.09946912899681132), 'classifier__min_samples_leaf': 8, 'classifier__min_samples_split': 8, 'classifier__n_estimators': 871, 'feature_selection_filter__k': 24}",14.079540014266968,"[1, 2, 3, 4, 5, 6, 7, 8, 9, 10, 11, 12, 14, 16, 17, 18, 19, 20, 21, 23, 24, 27, 28, 29]","['V1', 'V2', 'V3', 'V4', 'V5', 'V6', 'V7', 'V8', 'V9', 'V10', 'V11', 'V12', 'V14', 'V16', 'V17', 'V18', 'V19', 'V20', 'V21', 'V23', 'V24', 'V27', 'V28', 'Time_sin']"
CostSensitiveLearning___RandomizedSearchCV__niter_30__cv_5,3,8,ExtraTreesClassifier,resubstitution,350,22119,16,76,0.9959221665706307,0.9562841530054644,0.8215962441314554,0.8838383838383839,0.9992771628642422,0.0007228371357578256,0.9104367034978488,0.9060918076307709,0.8844079377835345,0.881775162219306,0.9722098497164753,0.8737284836410878,22561,0.8816327987447398,0.006456326248463247,0.8809279547899063,0.025038260895317643,"{'classifier__ccp_alpha': np.float64(0.0003057338547293986), 'classifier__max_depth': 13, 'classifier__max_features': 'log2', 'classifier__max_leaf_nodes': 13, 'classifier__min_impurity_decrease': np.float64(0.06763076087864947), 'classifier__min_samples_leaf': 3, 'classifier__min_samples_split': 7, 'classifier__n_estimators': 912, 'feature_selection_filter__k': 20}",16.11599326133728,"[1, 2, 3, 4, 5, 6, 7, 8, 9, 10, 11, 12, 14, 16, 17, 18, 19, 20, 21, 27]","['V1', 'V2', 'V3', 'V4', 'V5', 'V6', 'V7', 'V8', 'V9', 'V10', 'V11', 'V12', 'V14', 'V16', 'V17', 'V18', 'V19', 'V20', 'V21', 'V27']"
CostSensitiveLearning___RandomizedSearchCV__niter_30__cv_5,3,9,ExtraTreesClassifier,resubstitution,348,22117,18,78,0.995744869465006,0.9508196721311475,0.8169014084507042,0.8787878787878788,0.9991868082222725,0.0008131917777275399,0.9080441083364883,0.9034584168306464,0.8792523799726071,0.8766349518810149,0.9714148455221956,0.8665614224010988,22561,0.8803654128614896,0.005647341790232424,0.8831530799663156,0.01748510053745549,"{'classifier__ccp_alpha': np.float64(0.008092873595862476), 'classifier__max_depth': 3, 'classifier__max_features': 'log2', 'classifier__max_leaf_nodes': 18, 'classifier__min_impurity_decrease': np.float64(0.03091956862834787), 'classifier__min_samples_leaf': 6, 'classifier__min_samples_split': 4, 'classifier__n_estimators': 511, 'feature_selection_filter__k': 'all'}",14.111953973770142,"[0, 1, 2, 3, 4, 5, 6, 7, 8, 9, 10, 11, 12, 13, 14, 15, 16, 17, 18, 19, 20, 21, 22, 23, 24, 25, 26, 27, 28, 29, 30]","['Amount_log1p', 'V1', 'V2', 'V3', 'V4', 'V5', 'V6', 'V7', 'V8', 'V9', 'V10', 'V11', 'V12', 'V13', 'V14', 'V15', 'V16', 'V17', 'V18', 'V19', 'V20', 'V21', 'V22', 'V23', 'V24', 'V25', 'V26', 'V27', 'V28', 'Time_sin', 'Time_cos']"
CostSensitiveLearning___RandomizedSearchCV__niter_30__cv_5,3,10,ExtraTreesClassifier,resubstitution,346,22122,13,80,0.9958778422942246,0.9637883008356546,0.812206572769953,0.8815286624203822,0.9994126948271967,0.0005873051728032541,0.9058096337985748,0.900960354093553,0.8827823424792175,0.8794466402026554,0.9714661737460377,0.8619727690578065,22561,0.8792432362202905,0.0076384905033452305,0.8808380550507685,0.02704732932886936,"{'classifier__ccp_alpha': np.float64(0.007658002032060419), 'classifier__max_depth': 4, 'classifier__max_features': 'log2', 'classifier__max_leaf_nodes': 17, 'classifier__min_impurity_decrease': np.float64(0.05602578825760222), 'classifier__min_samples_leaf': 4, 'classifier__min_samples_split': 8, 'classifier__n_estimators': 388, 'feature_selection_filter__k': 22}",13.93718934059143,"[1, 2, 3, 4, 5, 6, 7, 8, 9, 10, 11, 12, 14, 16, 17, 18, 19, 20, 21, 27, 28, 29]","['V1', 'V2', 'V3', 'V4', 'V5', 'V6', 'V7', 'V8', 'V9', 'V10', 'V11', 'V12', 'V14', 'V16', 'V17', 'V18', 'V19', 'V20', 'V21', 'V27', 'V28', 'Time_sin']"
CostSensitiveLearning___RandomizedSearchCV__niter_30__cv_5,4,1,ExtraTreesClassifier,resubstitution,347,22120,14,79,0.995877659574468,0.961218836565097,0.8145539906103286,0.8818297331639136,0.9993674889310563,0.0006325110689436864,0.9069607397706925,0.9022409745711039,0.8828703981328881,0.879746535078398,0.9739905276058629,0.8673209664769083,22560,0.8790317671434158,0.00354355724883998,0.8839834256977724,0.01700665747387873,"{'classifier__ccp_alpha': np.float64(0.0044164634803195045), 'classifier__max_depth': 11, 'classifier__max_features': 'sqrt', 'classifier__max_leaf_nodes': 15, 'classifier__min_impurity_decrease': np.float64(0.07839516493479537), 'classifier__min_samples_leaf': 7, 'classifier__min_samples_split': 2, 'classifier__n_estimators': 484, 'feature_selection_filter__k': 24}",11.093278169631958,"[1, 2, 3, 4, 5, 6, 7, 8, 9, 10, 11, 12, 14, 16, 17, 18, 19, 20, 21, 23, 24, 27, 28, 29]","['V1', 'V2', 'V3', 'V4', 'V5', 'V6', 'V7', 'V8', 'V9', 'V10', 'V11', 'V12', 'V14', 'V16', 'V17', 'V18', 'V19', 'V20', 'V21', 'V23', 'V24', 'V27', 'V28', 'Time_sin']"
CostSensitiveLearning___RandomizedSearchCV__niter_30__cv_5,4,2,ExtraTreesClassifier,resubstitution,348,22118,16,78,0.9958333333333333,0.9560439560439561,0.8169014084507042,0.8810126582278481,0.9992771302069214,0.0007228697930785621,0.9080892693288128,0.9034992501926119,0.8817223983906785,0.8789054898187968,0.9746817400290421,0.8588566529014381,22560,0.8811386332614219,0.003223295324486412,0.8832176002177476,0.014578225902651891,"{'classifier__ccp_alpha': np.float64(0.0015512120817136545), 'classifier__max_depth': 11, 'classifier__max_features': 'sqrt', 'classifier__max_leaf_nodes': 19, 'classifier__min_impurity_decrease': np.float64(0.09194505028864744), 'classifier__min_samples_leaf': 7, 'classifier__min_samples_split': 7, 'classifier__n_estimators': 377, 'feature_selection_filter__k': 22}",12.198690176010132,"[1, 2, 3, 4, 5, 6, 7, 8, 9, 10, 11, 12, 14, 16, 17, 18, 19, 20, 21, 27, 28, 29]","['V1', 'V2', 'V3', 'V4', 'V5', 'V6', 'V7', 'V8', 'V9', 'V10', 'V11', 'V12', 'V14', 'V16', 'V17', 'V18', 'V19', 'V20', 'V21', 'V27', 'V28', 'Time_sin']"
CostSensitiveLearning___RandomizedSearchCV__niter_30__cv_5,4,3,ExtraTreesClassifier,resubstitution,344,22119,15,82,0.9957003546099291,0.958217270194986,0.8075117370892019,0.8764331210191083,0.9993223095689889,0.0006776904310110687,0.9034170233290955,0.898312024917872,0.8775774917899192,0.8742614515093659,0.9704631966371282,0.8633324315040639,22560,0.8757648581037225,0.007935922038223171,0.8769428222770737,0.025404796852205296,"{'classifier__ccp_alpha': np.float64(0.005010052352003983), 'classifier__max_depth': 3, 'classifier__max_features': 'log2', 'classifier__max_leaf_nodes': 5, 'classifier__min_impurity_decrease': np.float64(0.06120602013881591), 'classifier__min_samples_leaf': 8, 'classifier__min_samples_split': 6, 'classifier__n_estimators': 792, 'feature_selection_filter__k': 20}",14.43732738494873,"[1, 2, 3, 4, 5, 6, 7, 8, 9, 10, 11, 12, 14, 16, 17, 18, 19, 20, 21, 27]","['V1', 'V2', 'V3', 'V4', 'V5', 'V6', 'V7', 'V8', 'V9', 'V10', 'V11', 'V12', 'V14', 'V16', 'V17', 'V18', 'V19', 'V20', 'V21', 'V27']"
CostSensitiveLearning___RandomizedSearchCV__niter_30__cv_5,4,4,ExtraTreesClassifier,resubstitution,347,22120,14,79,0.995877659574468,0.961218836565097,0.8145539906103286,0.8818297331639136,0.9993674889310563,0.0006325110689436864,0.9069607397706925,0.9022409745711039,0.8828703981328881,0.879746535078398,0.9673734479404361,0.8628620820109011,22560,0.8800204128547524,0.005415086357766889,0.8829256189319443,0.01440165237826254,"{'classifier__ccp_alpha': np.float64(0.0051759740407183764), 'classifier__max_depth': 18, 'classifier__max_features': 'sqrt', 'classifier__max_leaf_nodes': 15, 'classifier__min_impurity_decrease': np.float64(0.07456436508615018), 'classifier__min_samples_leaf': 1, 'classifier__min_samples_split': 7, 'classifier__n_estimators': 461, 'feature_selection_filter__k': 22}",13.559655666351318,"[1, 2, 3, 4, 5, 6, 7, 8, 9, 10, 11, 12, 14, 16, 17, 18, 19, 20, 21, 27, 28, 29]","['V1', 'V2', 'V3', 'V4', 'V5', 'V6', 'V7', 'V8', 'V9', 'V10', 'V11', 'V12', 'V14', 'V16', 'V17', 'V18', 'V19', 'V20', 'V21', 'V27', 'V28', 'Time_sin']"
CostSensitiveLearning___RandomizedSearchCV__niter_30__cv_5,4,5,ExtraTreesClassifier,resubstitution,349,22120,15,76,0.9959663120567376,0.9587912087912088,0.8211764705882353,0.8846641318124208,0.999322340185227,0.0006776598147729684,0.9102494053867312,0.9058807826051287,0.885368638220009,0.8826238791019552,0.9725207084866927,0.8669911781013228,22560,0.8849389693574821,0.003126161311718273,0.8856940348542363,0.009820953728464761,"{'classifier__ccp_alpha': np.float64(0.009560061283224503), 'classifier__max_depth': 17, 'classifier__max_features': 'log2', 'classifier__max_leaf_nodes': 5, 'classifier__min_impurity_decrease': np.float64(0.09007631990529198), 'classifier__min_samples_leaf': 1, 'classifier__min_samples_split': 6, 'classifier__n_estimators': 815, 'feature_selection_filter__k': 22}",12.704933881759644,"[1, 2, 3, 4, 5, 6, 7, 8, 9, 10, 11, 12, 14, 16, 17, 18, 19, 20, 21, 27, 28, 29]","['V1', 'V2', 'V3', 'V4', 'V5', 'V6', 'V7', 'V8', 'V9', 'V10', 'V11', 'V12', 'V14', 'V16', 'V17', 'V18', 'V19', 'V20', 'V21', 'V27', 'V28', 'Time_sin']"
CostSensitiveLearning___RandomizedSearchCV__niter_30__cv_5,4,6,ExtraTreesClassifier,resubstitution,353,22120,15,72,0.9961436170212766,0.9592391304347826,0.8305882352941176,0.8902900378310215,0.999322340185227,0.0006776598147729684,0.9149552877396723,0.9110572863571399,0.890724495340025,0.8883376722678367,0.9711069240888133,0.8701484084901968,22560,0.8911981575384514,0.003689512040135252,0.8916328272446415,0.010569272402033418,"{'classifier__ccp_alpha': np.float64(0.002596390482071086), 'classifier__max_depth': 9, 'classifier__max_features': 'sqrt', 'classifier__max_leaf_nodes': 12, 'classifier__min_impurity_decrease': np.float64(0.08936293596271191), 'classifier__min_samples_leaf': 2, 'classifier__min_samples_split': 8, 'classifier__n_estimators': 949, 'feature_selection_filter__k': 22}",14.831934928894043,"[1, 2, 3, 4, 5, 6, 7, 8, 9, 10, 11, 12, 14, 16, 17, 18, 19, 20, 21, 27, 28, 29]","['V1', 'V2', 'V3', 'V4', 'V5', 'V6', 'V7', 'V8', 'V9', 'V10', 'V11', 'V12', 'V14', 'V16', 'V17', 'V18', 'V19', 'V20', 'V21', 'V27', 'V28', 'Time_sin']"
CostSensitiveLearning___RandomizedSearchCV__niter_30__cv_5,4,7,ExtraTreesClassifier,resubstitution,346,22120,15,79,0.9958333333333333,0.9584487534626038,0.8141176470588235,0.8804071246819338,0.999322340185227,0.0006776598147729684,0.9067199936220253,0.9019789089800904,0.8813317976594449,0.8783011607827924,0.9732779866859776,0.868344553533749,22560,0.8778709742885343,0.010123245512165542,0.8797644390434373,0.031677131168829836,"{'classifier__ccp_alpha': np.float64(0.009399977999586289), 'classifier__max_depth': 11, 'classifier__max_features': 'sqrt', 'classifier__max_leaf_nodes': 9, 'classifier__min_impurity_decrease': np.float64(0.08930768632997374), 'classifier__min_samples_leaf': 8, 'classifier__min_samples_split': 4, 'classifier__n_estimators': 678, 'feature_selection_filter__k': 22}",13.82677149772644,"[1, 2, 3, 4, 5, 6, 7, 8, 9, 10, 11, 12, 14, 16, 17, 18, 19, 20, 21, 27, 28, 29]","['V1', 'V2', 'V3', 'V4', 'V5', 'V6', 'V7', 'V8', 'V9', 'V10', 'V11', 'V12', 'V14', 'V16', 'V17', 'V18', 'V19', 'V20', 'V21', 'V27', 'V28', 'Time_sin']"
CostSensitiveLearning___RandomizedSearchCV__niter_30__cv_5,4,8,ExtraTreesClassifier,resubstitution,352,22119,16,74,0.9960108151234431,0.9565217391304348,0.8262910798122066,0.8866498740554156,0.9992771628642422,0.0007228371357578256,0.9127841213382244,0.9086769535620307,0.8870857958086239,0.8846305813817784,0.9744361584005955,0.8710219183884356,22561,0.8874670539651202,0.007438740937508482,0.8874362372556114,0.02716790118246139,"{'classifier__ccp_alpha': np.float64(0.000599098979516014), 'classifier__max_depth': 3, 'classifier__max_features': 'sqrt', 'classifier__max_leaf_nodes': 15, 'classifier__min_impurity_decrease': np.float64(0.062211520577939675), 'classifier__min_samples_leaf': 9, 'classifier__min_samples_split': 4, 'classifier__n_estimators': 405, 'feature_selection_filter__k': 22}",12.768248796463013,"[1, 2, 3, 4, 5, 6, 7, 8, 9, 10, 11, 12, 14, 16, 17, 18, 19, 20, 21, 27, 28, 29]","['V1', 'V2', 'V3', 'V4', 'V5', 'V6', 'V7', 'V8', 'V9', 'V10', 'V11', 'V12', 'V14', 'V16', 'V17', 'V18', 'V19', 'V20', 'V21', 'V27', 'V28', 'Time_sin']"
CostSensitiveLearning___RandomizedSearchCV__niter_30__cv_5,4,9,ExtraTreesClassifier,resubstitution,346,22123,12,80,0.9959221665706307,0.9664804469273743,0.812206572769953,0.8826530612244898,0.9994578721481816,0.000542127851818397,0.9058322224590674,0.9009807173105452,0.8840437171127631,0.8805939753807325,0.9685626294473413,0.857864396095932,22561,0.8825244545011192,0.007487952914891601,0.8833668716475582,0.028141975173151458,"{'classifier__ccp_alpha': np.float64(0.007258798969579726), 'classifier__max_depth': 15, 'classifier__max_features': 'sqrt', 'classifier__max_leaf_nodes': 5, 'classifier__min_impurity_decrease': np.float64(0.06047321813478554), 'classifier__min_samples_leaf': 2, 'classifier__min_samples_split': 4, 'classifier__n_estimators': 193, 'feature_selection_filter__k': 28}",11.944177627563477,"[0, 1, 2, 3, 4, 5, 6, 7, 8, 9, 10, 11, 12, 14, 16, 17, 18, 19, 20, 21, 22, 23, 24, 25, 26, 27, 28, 29]","['Amount_log1p', 'V1', 'V2', 'V3', 'V4', 'V5', 'V6', 'V7', 'V8', 'V9', 'V10', 'V11', 'V12', 'V14', 'V16', 'V17', 'V18', 'V19', 'V20', 'V21', 'V22', 'V23', 'V24', 'V25', 'V26', 'V27', 'V28', 'Time_sin']"
CostSensitiveLearning___RandomizedSearchCV__niter_30__cv_5,4,10,ExtraTreesClassifier,resubstitution,346,22117,18,80,0.9956562209121936,0.9505494505494505,0.812206572769953,0.8759493670886076,0.9991868082222725,0.0008131917777275399,0.9056966904961128,0.9008585311041685,0.8765530201816045,0.8737526310361946,0.9710575629062379,0.8686249059355273,22561,0.876704066778234,0.0030264741023381557,0.879482251490139,0.008383247401903394,"{'classifier__ccp_alpha': np.float64(0.0025613630680178744), 'classifier__max_depth': 13, 'classifier__max_features': 'log2', 'classifier__max_leaf_nodes': 16, 'classifier__min_impurity_decrease': np.float64(0.07172979317803128), 'classifier__min_samples_leaf': 4, 'classifier__min_samples_split': 7, 'classifier__n_estimators': 250, 'feature_selection_filter__k': 'all'}",12.45853853225708,"[0, 1, 2, 3, 4, 5, 6, 7, 8, 9, 10, 11, 12, 13, 14, 15, 16, 17, 18, 19, 20, 21, 22, 23, 24, 25, 26, 27, 28, 29, 30]","['Amount_log1p', 'V1', 'V2', 'V3', 'V4', 'V5', 'V6', 'V7', 'V8', 'V9', 'V10', 'V11', 'V12', 'V13', 'V14', 'V15', 'V16', 'V17', 'V18', 'V19', 'V20', 'V21', 'V22', 'V23', 'V24', 'V25', 'V26', 'V27', 'V28', 'Time_sin', 'Time_cos']"
CostSensitiveLearning___RandomizedSearchCV__niter_30__cv_5,5,1,ExtraTreesClassifier,resubstitution,355,22119,15,71,0.9961879432624113,0.9594594594594594,0.8333333333333334,0.8919597989949749,0.9993223095689889,0.0006776904310110687,0.9163278214511612,0.9125615548046558,0.892320085613314,0.8900293155399569,0.972752443397471,0.8741834644765758,22560,0.8924983187062807,0.006784903999822843,0.8938093908477167,0.018354042862361603,"{'classifier__ccp_alpha': np.float64(0.0021262291123602616), 'classifier__max_depth': 7, 'classifier__max_features': 'log2', 'classifier__max_leaf_nodes': 14, 'classifier__min_impurity_decrease': np.float64(0.07930633160737958), 'classifier__min_samples_leaf': 9, 'classifier__min_samples_split': 8, 'classifier__n_estimators': 987, 'feature_selection_filter__k': 22}",13.308788537979126,"[1, 2, 3, 4, 5, 6, 7, 8, 9, 10, 11, 12, 14, 16, 17, 18, 19, 20, 21, 27, 28, 29]","['V1', 'V2', 'V3', 'V4', 'V5', 'V6', 'V7', 'V8', 'V9', 'V10', 'V11', 'V12', 'V14', 'V16', 'V17', 'V18', 'V19', 'V20', 'V21', 'V27', 'V28', 'Time_sin']"
CostSensitiveLearning___RandomizedSearchCV__niter_30__cv_5,5,2,ExtraTreesClassifier,resubstitution,347,22120,14,79,0.995877659574468,0.961218836565097,0.8145539906103286,0.8818297331639136,0.9993674889310563,0.0006325110689436864,0.9069607397706925,0.9022409745711039,0.8828703981328881,0.879746535078398,0.9694381235759486,0.8647228630220557,22560,0.8803992961087117,0.00897202527776318,0.8800100433510044,0.02552301398528666,"{'classifier__ccp_alpha': np.float64(0.006017692858239942), 'classifier__max_depth': 18, 'classifier__max_features': 'log2', 'classifier__max_leaf_nodes': 8, 'classifier__min_impurity_decrease': np.float64(0.09940420777129803), 'classifier__min_samples_leaf': 5, 'classifier__min_samples_split': 5, 'classifier__n_estimators': 856, 'feature_selection_filter__k': 22}",11.336601495742798,"[1, 2, 3, 4, 5, 6, 7, 8, 9, 10, 11, 12, 14, 16, 17, 18, 19, 20, 21, 27, 28, 29]","['V1', 'V2', 'V3', 'V4', 'V5', 'V6', 'V7', 'V8', 'V9', 'V10', 'V11', 'V12', 'V14', 'V16', 'V17', 'V18', 'V19', 'V20', 'V21', 'V27', 'V28', 'Time_sin']"
CostSensitiveLearning___RandomizedSearchCV__niter_30__cv_5,5,3,ExtraTreesClassifier,resubstitution,344,22116,18,82,0.9955673758865248,0.9502762430939227,0.8075117370892019,0.8730964467005076,0.9991867714827867,0.0008132285172133269,0.9033492542859942,0.8982511038215408,0.8738457886698663,0.8708558820337176,0.9699262940069258,0.8543681949426696,22560,0.8733641189620986,0.008736357016284918,0.8737850600216192,0.019792751486015368,"{'classifier__ccp_alpha': np.float64(0.004244083106147193), 'classifier__max_depth': 10, 'classifier__max_features': 'sqrt', 'classifier__max_leaf_nodes': 8, 'classifier__min_impurity_decrease': np.float64(0.057583765436821345), 'classifier__min_samples_leaf': 2, 'classifier__min_samples_split': 8, 'classifier__n_estimators': 275, 'feature_selection_filter__k': 22}",12.96135139465332,"[1, 2, 3, 4, 5, 6, 7, 8, 9, 10, 11, 12, 14, 16, 17, 18, 19, 20, 21, 27, 28, 29]","['V1', 'V2', 'V3', 'V4', 'V5', 'V6', 'V7', 'V8', 'V9', 'V10', 'V11', 'V12', 'V14', 'V16', 'V17', 'V18', 'V19', 'V20', 'V21', 'V27', 'V28', 'Time_sin']"
CostSensitiveLearning___RandomizedSearchCV__niter_30__cv_5,5,4,ExtraTreesClassifier,resubstitution,348,22118,16,78,0.9958333333333333,0.9560439560439561,0.8169014084507042,0.8810126582278481,0.9992771302069214,0.0007228697930785621,0.9080892693288128,0.9034992501926119,0.8817223983906785,0.8789054898187968,0.9716694113659398,0.8672035340968739,22560,0.8815704054683117,0.004279590367540636,0.8831594596209662,0.015699585756973507,"{'classifier__ccp_alpha': np.float64(0.0004031585312675368), 'classifier__max_depth': 16, 'classifier__max_features': 'sqrt', 'classifier__max_leaf_nodes': 13, 'classifier__min_impurity_decrease': np.float64(0.07291644614118606), 'classifier__min_samples_leaf': 2, 'classifier__min_samples_split': 2, 'classifier__n_estimators': 959, 'feature_selection_filter__k': 22}",14.787623643875122,"[1, 2, 3, 4, 5, 6, 7, 8, 9, 10, 11, 12, 14, 16, 17, 18, 19, 20, 21, 27, 28, 29]","['V1', 'V2', 'V3', 'V4', 'V5', 'V6', 'V7', 'V8', 'V9', 'V10', 'V11', 'V12', 'V14', 'V16', 'V17', 'V18', 'V19', 'V20', 'V21', 'V27', 'V28', 'Time_sin']"
CostSensitiveLearning___RandomizedSearchCV__niter_30__cv_5,5,5,ExtraTreesClassifier,resubstitution,348,22120,15,77,0.9959219858156029,0.9586776859504132,0.8188235294117647,0.883248730964467,0.999322340185227,0.0006776598147729684,0.9090729347984958,0.9045820281270748,0.8840249387643143,0.8811865544890785,0.9719074130668758,0.8658048417419738,22560,0.8796023542857263,0.007253211570101841,0.8842819299881096,0.020011616021757692,"{'classifier__ccp_alpha': np.float64(0.0067961781669357985), 'classifier__max_depth': 15, 'classifier__max_features': 'sqrt', 'classifier__max_leaf_nodes': 15, 'classifier__min_impurity_decrease': np.float64(0.07291867697112116), 'classifier__min_samples_leaf': 7, 'classifier__min_samples_split': 3, 'classifier__n_estimators': 321, 'feature_selection_filter__k': 'all'}",13.24301290512085,"[0, 1, 2, 3, 4, 5, 6, 7, 8, 9, 10, 11, 12, 13, 14, 15, 16, 17, 18, 19, 20, 21, 22, 23, 24, 25, 26, 27, 28, 29, 30]","['Amount_log1p', 'V1', 'V2', 'V3', 'V4', 'V5', 'V6', 'V7', 'V8', 'V9', 'V10', 'V11', 'V12', 'V13', 'V14', 'V15', 'V16', 'V17', 'V18', 'V19', 'V20', 'V21', 'V22', 'V23', 'V24', 'V25', 'V26', 'V27', 'V28', 'Time_sin', 'Time_cos']"
CostSensitiveLearning___RandomizedSearchCV__niter_30__cv_5,5,6,ExtraTreesClassifier,resubstitution,344,22119,16,81,0.9957003546099291,0.9555555555555556,0.8094117647058824,0.8764331210191083,0.9992771628642422,0.0007228371357578256,0.9043444637850623,0.8993479259020025,0.8773805193262163,0.8742604978280356,0.9709018722013314,0.8638325829072391,22560,0.8766937821880785,0.010639138829628329,0.8768529350504274,0.028731470723696795,"{'classifier__ccp_alpha': np.float64(0.003336096260327799), 'classifier__max_depth': 16, 'classifier__max_features': 'sqrt', 'classifier__max_leaf_nodes': 7, 'classifier__min_impurity_decrease': np.float64(0.05891324222243123), 'classifier__min_samples_leaf': 6, 'classifier__min_samples_split': 7, 'classifier__n_estimators': 735, 'feature_selection_filter__k': 22}",13.971516847610474,"[1, 2, 3, 4, 5, 6, 7, 8, 9, 10, 11, 12, 14, 16, 17, 18, 19, 20, 21, 27, 28, 29]","['V1', 'V2', 'V3', 'V4', 'V5', 'V6', 'V7', 'V8', 'V9', 'V10', 'V11', 'V12', 'V14', 'V16', 'V17', 'V18', 'V19', 'V20', 'V21', 'V27', 'V28', 'Time_sin']"
CostSensitiveLearning___RandomizedSearchCV__niter_30__cv_5,5,7,ExtraTreesClassifier,resubstitution,348,22121,14,77,0.9959663120567376,0.9613259668508287,0.8188235294117647,0.8843710292249047,0.9993675175062119,0.0006324824937881113,0.9090955234589884,0.904602475048521,0.8852740670056434,0.8823317678319851,0.9728459320479943,0.8695160532972636,22560,0.8843403407907978,0.005785909465567416,0.8850397156784681,0.01673117290202707,"{'classifier__ccp_alpha': np.float64(0.008335306555285723), 'classifier__max_depth': 5, 'classifier__max_features': 'log2', 'classifier__max_leaf_nodes': 10, 'classifier__min_impurity_decrease': np.float64(0.03741046166241814), 'classifier__min_samples_leaf': 6, 'classifier__min_samples_split': 3, 'classifier__n_estimators': 462, 'feature_selection_filter__k': 'all'}",13.166453838348389,"[0, 1, 2, 3, 4, 5, 6, 7, 8, 9, 10, 11, 12, 13, 14, 15, 16, 17, 18, 19, 20, 21, 22, 23, 24, 25, 26, 27, 28, 29, 30]","['Amount_log1p', 'V1', 'V2', 'V3', 'V4', 'V5', 'V6', 'V7', 'V8', 'V9', 'V10', 'V11', 'V12', 'V13', 'V14', 'V15', 'V16', 'V17', 'V18', 'V19', 'V20', 'V21', 'V22', 'V23', 'V24', 'V25', 'V26', 'V27', 'V28', 'Time_sin', 'Time_cos']"
CostSensitiveLearning___RandomizedSearchCV__niter_30__cv_5,5,8,ExtraTreesClassifier,resubstitution,348,22119,16,78,0.9958335180178184,0.9560439560439561,0.8169014084507042,0.8810126582278481,0.9992771628642422,0.0007228371357578256,0.9080892856574732,0.9034992649562164,0.8817224893044553,0.878905584871452,0.9728993871367653,0.8687147130223557,22561,0.8800550154784259,0.007726514994664904,0.8819851813935469,0.019967271481759905,"{'classifier__ccp_alpha': np.float64(0.00019103777903533458), 'classifier__max_depth': 15, 'classifier__max_features': 'log2', 'classifier__max_leaf_nodes': 9, 'classifier__min_impurity_decrease': np.float64(0.025777393281393814), 'classifier__min_samples_leaf': 5, 'classifier__min_samples_split': 5, 'classifier__n_estimators': 281, 'feature_selection_filter__k': 'all'}",13.498780012130737,"[0, 1, 2, 3, 4, 5, 6, 7, 8, 9, 10, 11, 12, 13, 14, 15, 16, 17, 18, 19, 20, 21, 22, 23, 24, 25, 26, 27, 28, 29, 30]","['Amount_log1p', 'V1', 'V2', 'V3', 'V4', 'V5', 'V6', 'V7', 'V8', 'V9', 'V10', 'V11', 'V12', 'V13', 'V14', 'V15', 'V16', 'V17', 'V18', 'V19', 'V20', 'V21', 'V22', 'V23', 'V24', 'V25', 'V26', 'V27', 'V28', 'Time_sin', 'Time_cos']"
CostSensitiveLearning___RandomizedSearchCV__niter_30__cv_5,5,9,ExtraTreesClassifier,resubstitution,348,22121,14,78,0.9959221665706307,0.9613259668508287,0.8169014084507042,0.883248730964467,0.9993675175062119,0.0006324824937881113,0.908134462978458,0.9035401112350842,0.8842128778524242,0.8811875044505773,0.9719754791076101,0.8617917976285123,22561,0.8809845622467135,0.007123650606315246,0.8816124285745272,0.023855192447171446,"{'classifier__ccp_alpha': np.float64(0.0074202231078332615), 'classifier__max_depth': 9, 'classifier__max_features': 'sqrt', 'classifier__max_leaf_nodes': 3, 'classifier__min_impurity_decrease': np.float64(0.05470821133655247), 'classifier__min_samples_leaf': 5, 'classifier__min_samples_split': 8, 'classifier__n_estimators': 328, 'feature_selection_filter__k': 22}",14.054596185684204,"[1, 2, 3, 4, 5, 6, 7, 8, 9, 10, 11, 12, 14, 16, 17, 18, 19, 20, 21, 27, 28, 29]","['V1', 'V2', 'V3', 'V4', 'V5', 'V6', 'V7', 'V8', 'V9', 'V10', 'V11', 'V12', 'V14', 'V16', 'V17', 'V18', 'V19', 'V20', 'V21', 'V27', 'V28', 'Time_sin']"
CostSensitiveLearning___RandomizedSearchCV__niter_30__cv_5,5,10,ExtraTreesClassifier,resubstitution,350,22117,18,76,0.9958335180178184,0.9510869565217391,0.8215962441314554,0.8816120906801007,0.9991868082222725,0.0008131917777275399,0.9103915261768639,0.9060508422936959,0.8819440350841986,0.8795030516654131,0.9701636670410233,0.862281660497044,22561,0.8835536200569665,0.005967456390128308,0.8870773733180529,0.020916348072653575,"{'classifier__ccp_alpha': np.float64(0.005251483903418127), 'classifier__max_depth': 13, 'classifier__max_features': 'sqrt', 'classifier__max_leaf_nodes': 18, 'classifier__min_impurity_decrease': np.float64(0.07756147873072287), 'classifier__min_samples_leaf': 1, 'classifier__min_samples_split': 3, 'classifier__n_estimators': 549, 'feature_selection_filter__k': 22}",13.407254457473755,"[1, 2, 3, 4, 5, 6, 7, 8, 9, 10, 11, 12, 14, 16, 17, 18, 19, 20, 21, 27, 28, 29]","['V1', 'V2', 'V3', 'V4', 'V5', 'V6', 'V7', 'V8', 'V9', 'V10', 'V11', 'V12', 'V14', 'V16', 'V17', 'V18', 'V19', 'V20', 'V21', 'V27', 'V28', 'Time_sin']"
CostSensitiveLearning___RandomizedSearchCV__niter_30__cv_5,6,1,ExtraTreesClassifier,resubstitution,345,22119,15,81,0.9957446808510638,0.9583333333333334,0.8098591549295775,0.8778625954198473,0.9993223095689889,0.0006776904310110687,0.9045907322492832,0.899616763477546,0.8789272730365723,0.875712751012313,0.9708562889035669,0.8682362634476082,22560,0.8786087526758045,0.005598124806160308,0.8802980875231807,0.011897996679452374,"{'classifier__ccp_alpha': np.float64(0.0021980192891355933), 'classifier__max_depth': 16, 'classifier__max_features': 'log2', 'classifier__max_leaf_nodes': 4, 'classifier__min_impurity_decrease': np.float64(0.04694723310840704), 'classifier__min_samples_leaf': 2, 'classifier__min_samples_split': 4, 'classifier__n_estimators': 355, 'feature_selection_filter__k': 'all'}",11.76992130279541,"[0, 1, 2, 3, 4, 5, 6, 7, 8, 9, 10, 11, 12, 13, 14, 15, 16, 17, 18, 19, 20, 21, 22, 23, 24, 25, 26, 27, 28, 29, 30]","['Amount_log1p', 'V1', 'V2', 'V3', 'V4', 'V5', 'V6', 'V7', 'V8', 'V9', 'V10', 'V11', 'V12', 'V13', 'V14', 'V15', 'V16', 'V17', 'V18', 'V19', 'V20', 'V21', 'V22', 'V23', 'V24', 'V25', 'V26', 'V27', 'V28', 'Time_sin', 'Time_cos']"
CostSensitiveLearning___RandomizedSearchCV__niter_30__cv_5,6,2,ExtraTreesClassifier,resubstitution,340,22118,16,86,0.9954787234042554,0.9550561797752809,0.7981220657276995,0.8695652173913043,0.9992771302069214,0.0007228697930785621,0.8986995979673105,0.8930538211077736,0.8709033025506557,0.8672834635860042,0.967862731947239,0.8608737841909845,22560,0.8696653011080379,0.005831630010949933,0.87160676172249,0.028701905589387473,"{'classifier__ccp_alpha': np.float64(0.007468245032037765), 'classifier__max_depth': 18, 'classifier__max_features': 'log2', 'classifier__max_leaf_nodes': 14, 'classifier__min_impurity_decrease': np.float64(0.057724614248690825), 'classifier__min_samples_leaf': 2, 'classifier__min_samples_split': 4, 'classifier__n_estimators': 195, 'feature_selection_filter__k': 'all'}",12.47869086265564,"[0, 1, 2, 3, 4, 5, 6, 7, 8, 9, 10, 11, 12, 13, 14, 15, 16, 17, 18, 19, 20, 21, 22, 23, 24, 25, 26, 27, 28, 29, 30]","['Amount_log1p', 'V1', 'V2', 'V3', 'V4', 'V5', 'V6', 'V7', 'V8', 'V9', 'V10', 'V11', 'V12', 'V13', 'V14', 'V15', 'V16', 'V17', 'V18', 'V19', 'V20', 'V21', 'V22', 'V23', 'V24', 'V25', 'V26', 'V27', 'V28', 'Time_sin', 'Time_cos']"
CostSensitiveLearning___RandomizedSearchCV__niter_30__cv_5,6,3,ExtraTreesClassifier,resubstitution,351,22119,15,75,0.9960106382978723,0.9590163934426229,0.823943661971831,0.8863636363636364,0.9993223095689889,0.0006776904310110687,0.91163298577041,0.9074057985468357,0.8869856295376016,0.8843451763325938,0.9751551158097648,0.8702238716071853,22560,0.8869197102468569,0.002703495175284418,0.8874266013667771,0.010710198959717653,"{'classifier__ccp_alpha': np.float64(0.007996229266768158), 'classifier__max_depth': 3, 'classifier__max_features': 'log2', 'classifier__max_leaf_nodes': 11, 'classifier__min_impurity_decrease': np.float64(0.050546535894598), 'classifier__min_samples_leaf': 9, 'classifier__min_samples_split': 2, 'classifier__n_estimators': 567, 'feature_selection_filter__k': 26}",13.923577070236206,"[0, 1, 2, 3, 4, 5, 6, 7, 8, 9, 10, 11, 12, 14, 16, 17, 18, 19, 20, 21, 22, 23, 24, 27, 28, 29]","['Amount_log1p', 'V1', 'V2', 'V3', 'V4', 'V5', 'V6', 'V7', 'V8', 'V9', 'V10', 'V11', 'V12', 'V14', 'V16', 'V17', 'V18', 'V19', 'V20', 'V21', 'V22', 'V23', 'V24', 'V27', 'V28', 'Time_sin']"
CostSensitiveLearning___RandomizedSearchCV__niter_30__cv_5,6,4,ExtraTreesClassifier,resubstitution,355,22122,12,71,0.9963209219858156,0.9673024523160763,0.8333333333333334,0.8953341740226987,0.9994578476551911,0.0005421523448089216,0.9163955904942622,0.912623438068878,0.8960450213562545,0.8934722754155393,0.9736483416628805,0.8836464518299882,22560,0.8949128170538273,0.0038548564516569265,0.8964139981336541,0.013788930140199003,"{'classifier__ccp_alpha': np.float64(0.007560771967887299), 'classifier__max_depth': 6, 'classifier__max_features': 'sqrt', 'classifier__max_leaf_nodes': 9, 'classifier__min_impurity_decrease': np.float64(0.09584913526455774), 'classifier__min_samples_leaf': 4, 'classifier__min_samples_split': 6, 'classifier__n_estimators': 119, 'feature_selection_filter__k': 28}",11.612571239471436,"[0, 1, 2, 3, 4, 5, 6, 7, 8, 9, 10, 11, 12, 14, 16, 17, 18, 19, 20, 21, 22, 23, 24, 26, 27, 28, 29, 30]","['Amount_log1p', 'V1', 'V2', 'V3', 'V4', 'V5', 'V6', 'V7', 'V8', 'V9', 'V10', 'V11', 'V12', 'V14', 'V16', 'V17', 'V18', 'V19', 'V20', 'V21', 'V22', 'V23', 'V24', 'V26', 'V27', 'V28', 'Time_sin', 'Time_cos']"
CostSensitiveLearning___RandomizedSearchCV__niter_30__cv_5,6,5,ExtraTreesClassifier,resubstitution,350,22123,12,75,0.9961436170212766,0.9668508287292817,0.8235294117647058,0.8894536213468869,0.9994578721481816,0.000542127851818397,0.9114936419564437,0.9072391931204232,0.8904635447526827,0.8875039978173923,0.9745122842450735,0.8733969407671832,22560,0.8891695056400938,0.0029741086239038895,0.8869849157668636,0.016577929487947448,"{'classifier__ccp_alpha': np.float64(0.00020324746699501906), 'classifier__max_depth': 15, 'classifier__max_features': 'log2', 'classifier__max_leaf_nodes': 11, 'classifier__min_impurity_decrease': np.float64(0.0651923715418648), 'classifier__min_samples_leaf': 9, 'classifier__min_samples_split': 8, 'classifier__n_estimators': 687, 'feature_selection_filter__k': 26}",12.359879732131958,"[0, 1, 2, 3, 4, 5, 6, 7, 8, 9, 10, 11, 12, 14, 16, 17, 18, 19, 20, 21, 22, 24, 26, 27, 28, 29]","['Amount_log1p', 'V1', 'V2', 'V3', 'V4', 'V5', 'V6', 'V7', 'V8', 'V9', 'V10', 'V11', 'V12', 'V14', 'V16', 'V17', 'V18', 'V19', 'V20', 'V21', 'V22', 'V24', 'V26', 'V27', 'V28', 'Time_sin']"
CostSensitiveLearning___RandomizedSearchCV__niter_30__cv_5,6,6,ExtraTreesClassifier,resubstitution,346,22121,14,79,0.995877659574468,0.9611111111111111,0.8141176470588235,0.8815286624203822,0.9993675175062119,0.0006324824937881113,0.9067425822825177,0.901999297061353,0.8825841579095349,0.8794456319382197,0.9732306833734171,0.867195960157935,22560,0.8784577616307001,0.005477209481062152,0.881448026950855,0.010437088990721117,"{'classifier__ccp_alpha': np.float64(0.00628890347008791), 'classifier__max_depth': 19, 'classifier__max_features': 'sqrt', 'classifier__max_leaf_nodes': 3, 'classifier__min_impurity_decrease': np.float64(0.06919269587913514), 'classifier__min_samples_leaf': 7, 'classifier__min_samples_split': 9, 'classifier__n_estimators': 911, 'feature_selection_filter__k': 28}",17.102633714675903,"[0, 1, 2, 3, 4, 5, 6, 7, 8, 9, 10, 11, 12, 14, 16, 17, 18, 19, 20, 21, 22, 23, 24, 26, 27, 28, 29, 30]","['Amount_log1p', 'V1', 'V2', 'V3', 'V4', 'V5', 'V6', 'V7', 'V8', 'V9', 'V10', 'V11', 'V12', 'V14', 'V16', 'V17', 'V18', 'V19', 'V20', 'V21', 'V22', 'V23', 'V24', 'V26', 'V27', 'V28', 'Time_sin', 'Time_cos']"
CostSensitiveLearning___RandomizedSearchCV__niter_30__cv_5,6,7,ExtraTreesClassifier,resubstitution,346,22119,16,79,0.9957890070921985,0.9558011049723757,0.8141176470588235,0.8792884371029225,0.9992771628642422,0.0007228371357578256,0.9066974049615328,0.9019585204379709,0.880084589258604,0.8771595378465779,0.9724605429250988,0.8647496928995184,22560,0.87952969201278,0.007383109544542353,0.8808722195612493,0.019413092575835983,"{'classifier__ccp_alpha': np.float64(0.004982733459085368), 'classifier__max_depth': 4, 'classifier__max_features': 'log2', 'classifier__max_leaf_nodes': 5, 'classifier__min_impurity_decrease': np.float64(0.08529939574744949), 'classifier__min_samples_leaf': 5, 'classifier__min_samples_split': 4, 'classifier__n_estimators': 513, 'feature_selection_filter__k': 26}",12.488426923751831,"[0, 1, 2, 3, 4, 5, 6, 7, 8, 9, 10, 11, 12, 14, 16, 17, 18, 19, 20, 21, 23, 24, 27, 28, 29, 30]","['Amount_log1p', 'V1', 'V2', 'V3', 'V4', 'V5', 'V6', 'V7', 'V8', 'V9', 'V10', 'V11', 'V12', 'V14', 'V16', 'V17', 'V18', 'V19', 'V20', 'V21', 'V23', 'V24', 'V27', 'V28', 'Time_sin', 'Time_cos']"
CostSensitiveLearning___RandomizedSearchCV__niter_30__cv_5,6,8,ExtraTreesClassifier,resubstitution,344,22122,13,82,0.9957891937414122,0.9635854341736695,0.8075117370892019,0.8786717752234994,0.9994126948271967,0.0005873051728032541,0.9034622159581993,0.8983526486123977,0.8800912647697615,0.8765461218785746,0.9725594437038616,0.8597131845327051,22561,0.8774704553714645,0.00264955958549587,0.8786387943033735,0.010940302587664626,"{'classifier__ccp_alpha': np.float64(0.008862631373650051), 'classifier__max_depth': 16, 'classifier__max_features': 'log2', 'classifier__max_leaf_nodes': 12, 'classifier__min_impurity_decrease': np.float64(0.08706170075619951), 'classifier__min_samples_leaf': 7, 'classifier__min_samples_split': 9, 'classifier__n_estimators': 701, 'feature_selection_filter__k': 26}",13.134852170944214,"[0, 1, 2, 3, 4, 5, 6, 7, 8, 9, 10, 11, 12, 14, 16, 17, 18, 19, 20, 21, 23, 24, 26, 27, 28, 29]","['Amount_log1p', 'V1', 'V2', 'V3', 'V4', 'V5', 'V6', 'V7', 'V8', 'V9', 'V10', 'V11', 'V12', 'V14', 'V16', 'V17', 'V18', 'V19', 'V20', 'V21', 'V23', 'V24', 'V26', 'V27', 'V28', 'Time_sin']"
CostSensitiveLearning___RandomizedSearchCV__niter_30__cv_5,6,9,ExtraTreesClassifier,resubstitution,348,22118,17,78,0.9957891937414122,0.9534246575342465,0.8169014084507042,0.8798988621997471,0.9992319855432573,0.0007680144567426828,0.9080666969969808,0.9034788411242848,0.8804849170788359,0.8777688627926763,0.9721785649519433,0.8620420064851474,22561,0.8810957075407455,0.004173630879664304,0.8843447055293246,0.014305986254222995,"{'classifier__ccp_alpha': np.float64(0.006103281532093939), 'classifier__max_depth': 8, 'classifier__max_features': 'log2', 'classifier__max_leaf_nodes': 4, 'classifier__min_impurity_decrease': np.float64(0.08596182957290652), 'classifier__min_samples_leaf': 7, 'classifier__min_samples_split': 7, 'classifier__n_estimators': 312, 'feature_selection_filter__k': 22}",11.742683172225952,"[1, 2, 3, 4, 5, 6, 7, 8, 9, 10, 11, 12, 14, 16, 17, 18, 19, 20, 21, 27, 28, 29]","['V1', 'V2', 'V3', 'V4', 'V5', 'V6', 'V7', 'V8', 'V9', 'V10', 'V11', 'V12', 'V14', 'V16', 'V17', 'V18', 'V19', 'V20', 'V21', 'V27', 'V28', 'Time_sin']"
CostSensitiveLearning___RandomizedSearchCV__niter_30__cv_5,6,10,ExtraTreesClassifier,resubstitution,348,22113,22,78,0.9955675723593812,0.9405405405405406,0.8169014084507042,0.8743718592964824,0.9990060989383329,0.0009939010616670796,0.9079537536945186,0.9033767150383984,0.8743719021846081,0.8721272123675617,0.9698078691257552,0.8673736866217943,22561,0.8742982549168126,0.0032948302449085248,0.8824877982535337,0.012804338176299081,"{'classifier__ccp_alpha': np.float64(0.004611193422864347), 'classifier__max_depth': 8, 'classifier__max_features': 'sqrt', 'classifier__max_leaf_nodes': 8, 'classifier__min_impurity_decrease': np.float64(0.050879000165388724), 'classifier__min_samples_leaf': 6, 'classifier__min_samples_split': 8, 'classifier__n_estimators': 171, 'feature_selection_filter__k': 'all'}",14.025211095809937,"[0, 1, 2, 3, 4, 5, 6, 7, 8, 9, 10, 11, 12, 13, 14, 15, 16, 17, 18, 19, 20, 21, 22, 23, 24, 25, 26, 27, 28, 29, 30]","['Amount_log1p', 'V1', 'V2', 'V3', 'V4', 'V5', 'V6', 'V7', 'V8', 'V9', 'V10', 'V11', 'V12', 'V13', 'V14', 'V15', 'V16', 'V17', 'V18', 'V19', 'V20', 'V21', 'V22', 'V23', 'V24', 'V25', 'V26', 'V27', 'V28', 'Time_sin', 'Time_cos']"
CostSensitiveLearning___RandomizedSearchCV__niter_30__cv_5,7,1,ExtraTreesClassifier,resubstitution,344,22120,14,82,0.9957446808510638,0.9608938547486033,0.8075117370892019,0.8775510204081632,0.9993674889310563,0.0006325110689436864,0.9034396130101291,0.898332331031891,0.8788317208519443,0.8754023121818264,0.9694137309626258,0.8625096682369049,22560,0.8760645824142422,0.009540499220552424,0.8782217926041709,0.026655825384437455,"{'classifier__ccp_alpha': np.float64(0.004128609618733341), 'classifier__max_depth': 12, 'classifier__max_features': 'log2', 'classifier__max_leaf_nodes': 15, 'classifier__min_impurity_decrease': np.float64(0.060110016139330896), 'classifier__min_samples_leaf': 7, 'classifier__min_samples_split': 4, 'classifier__n_estimators': 484, 'feature_selection_filter__k': 'all'}",14.667718172073364,"[0, 1, 2, 3, 4, 5, 6, 7, 8, 9, 10, 11, 12, 13, 14, 15, 16, 17, 18, 19, 20, 21, 22, 23, 24, 25, 26, 27, 28, 29, 30]","['Amount_log1p', 'V1', 'V2', 'V3', 'V4', 'V5', 'V6', 'V7', 'V8', 'V9', 'V10', 'V11', 'V12', 'V13', 'V14', 'V15', 'V16', 'V17', 'V18', 'V19', 'V20', 'V21', 'V22', 'V23', 'V24', 'V25', 'V26', 'V27', 'V28', 'Time_sin', 'Time_cos']"
CostSensitiveLearning___RandomizedSearchCV__niter_30__cv_5,7,2,ExtraTreesClassifier,resubstitution,344,22119,15,82,0.9957003546099291,0.958217270194986,0.8075117370892019,0.8764331210191083,0.9993223095689889,0.0006776904310110687,0.9034170233290955,0.898312024917872,0.8775774917899192,0.8742614515093659,0.9704389631060663,0.8543528678547229,22560,0.8762915446780115,0.007103159912433862,0.876348502433818,0.018832209251782906,"{'classifier__ccp_alpha': np.float64(0.0009574152417296978), 'classifier__max_depth': 7, 'classifier__max_features': 'log2', 'classifier__max_leaf_nodes': 13, 'classifier__min_impurity_decrease': np.float64(0.09150216689245186), 'classifier__min_samples_leaf': 4, 'classifier__min_samples_split': 8, 'classifier__n_estimators': 521, 'feature_selection_filter__k': 26}",12.933549404144287,"[0, 1, 2, 3, 4, 5, 6, 7, 8, 9, 10, 11, 12, 14, 16, 17, 18, 19, 20, 21, 23, 24, 25, 27, 28, 29]","['Amount_log1p', 'V1', 'V2', 'V3', 'V4', 'V5', 'V6', 'V7', 'V8', 'V9', 'V10', 'V11', 'V12', 'V14', 'V16', 'V17', 'V18', 'V19', 'V20', 'V21', 'V23', 'V24', 'V25', 'V27', 'V28', 'Time_sin']"
CostSensitiveLearning___RandomizedSearchCV__niter_30__cv_5,7,3,ExtraTreesClassifier,resubstitution,356,22120,14,70,0.9962765957446809,0.9621621621621622,0.8356807511737089,0.8944723618090452,0.9993674889310563,0.0006325110689436864,0.9175241200523826,0.9138666061567675,0.8948841258125498,0.8925867733180974,0.9708896431509149,0.8724128656314951,22560,0.8920122907718024,0.006423149530631973,0.8941076533529364,0.023080533471437254,"{'classifier__ccp_alpha': np.float64(0.002625159423258593), 'classifier__max_depth': 15, 'classifier__max_features': 'sqrt', 'classifier__max_leaf_nodes': 9, 'classifier__min_impurity_decrease': np.float64(0.0724657736646413), 'classifier__min_samples_leaf': 1, 'classifier__min_samples_split': 4, 'classifier__n_estimators': 823, 'feature_selection_filter__k': 22}",12.069942235946655,"[1, 2, 3, 4, 5, 6, 7, 8, 9, 10, 11, 12, 14, 16, 17, 18, 19, 20, 21, 27, 28, 29]","['V1', 'V2', 'V3', 'V4', 'V5', 'V6', 'V7', 'V8', 'V9', 'V10', 'V11', 'V12', 'V14', 'V16', 'V17', 'V18', 'V19', 'V20', 'V21', 'V27', 'V28', 'Time_sin']"
CostSensitiveLearning___RandomizedSearchCV__niter_30__cv_5,7,4,ExtraTreesClassifier,resubstitution,345,22119,15,81,0.9957446808510638,0.9583333333333334,0.8098591549295775,0.8778625954198473,0.9993223095689889,0.0006776904310110687,0.9045907322492832,0.899616763477546,0.8789272730365723,0.875712751012313,0.9717955105713343,0.8701128325506435,22560,0.8741571372674752,0.0025786035130710423,0.8823620036784595,0.015100152255674943,"{'classifier__ccp_alpha': np.float64(0.008241336082244009), 'classifier__max_depth': 10, 'classifier__max_features': 'log2', 'classifier__max_leaf_nodes': 7, 'classifier__min_impurity_decrease': np.float64(0.09352919607834811), 'classifier__min_samples_leaf': 9, 'classifier__min_samples_split': 9, 'classifier__n_estimators': 115, 'feature_selection_filter__k': 28}",12.343899250030518,"[0, 1, 2, 3, 4, 5, 6, 7, 8, 9, 10, 11, 12, 14, 16, 17, 18, 19, 20, 21, 23, 24, 25, 26, 27, 28, 29, 30]","['Amount_log1p', 'V1', 'V2', 'V3', 'V4', 'V5', 'V6', 'V7', 'V8', 'V9', 'V10', 'V11', 'V12', 'V14', 'V16', 'V17', 'V18', 'V19', 'V20', 'V21', 'V23', 'V24', 'V25', 'V26', 'V27', 'V28', 'Time_sin', 'Time_cos']"
CostSensitiveLearning___RandomizedSearchCV__niter_30__cv_5,7,5,ExtraTreesClassifier,resubstitution,345,22117,18,80,0.9956560283687943,0.9504132231404959,0.8117647058823529,0.8756345177664975,0.9991868082222725,0.0008131917777275399,0.9054757570523126,0.9006134495431878,0.8762512764995146,0.8734378515209749,0.9704169335229008,0.863391310116583,22560,0.8769284201368052,0.004342916050519318,0.8775514688320994,0.014999781903732351,"{'classifier__ccp_alpha': np.float64(0.008574618746329558), 'classifier__max_depth': 15, 'classifier__max_features': 'log2', 'classifier__max_leaf_nodes': 3, 'classifier__min_impurity_decrease': np.float64(0.06737095963379659), 'classifier__min_samples_leaf': 7, 'classifier__min_samples_split': 3, 'classifier__n_estimators': 875, 'feature_selection_filter__k': 24}",13.600744485855103,"[0, 1, 2, 3, 4, 5, 6, 7, 8, 9, 10, 11, 12, 14, 16, 17, 18, 19, 20, 21, 24, 27, 28, 29]","['Amount_log1p', 'V1', 'V2', 'V3', 'V4', 'V5', 'V6', 'V7', 'V8', 'V9', 'V10', 'V11', 'V12', 'V14', 'V16', 'V17', 'V18', 'V19', 'V20', 'V21', 'V24', 'V27', 'V28', 'Time_sin']"
CostSensitiveLearning___RandomizedSearchCV__niter_30__cv_5,7,6,ExtraTreesClassifier,resubstitution,347,22120,15,78,0.995877659574468,0.9585635359116023,0.8164705882352942,0.8818297331639136,0.999322340185227,0.0006776598147729684,0.9078964642102606,0.9032814062780785,0.8826793281321237,0.8797456528392814,0.9751280245552028,0.8673368063208599,22560,0.882381362205688,0.008842093835733053,0.8839659795542149,0.025871200169136396,"{'classifier__ccp_alpha': np.float64(0.003358109425005499), 'classifier__max_depth': 4, 'classifier__max_features': 'sqrt', 'classifier__max_leaf_nodes': 17, 'classifier__min_impurity_decrease': np.float64(0.05845668738478182), 'classifier__min_samples_leaf': 5, 'classifier__min_samples_split': 5, 'classifier__n_estimators': 876, 'feature_selection_filter__k': 28}",14.690008640289307,"[0, 1, 2, 3, 4, 5, 6, 7, 8, 9, 10, 11, 12, 13, 14, 16, 17, 18, 19, 20, 21, 22, 23, 24, 26, 27, 28, 29]","['Amount_log1p', 'V1', 'V2', 'V3', 'V4', 'V5', 'V6', 'V7', 'V8', 'V9', 'V10', 'V11', 'V12', 'V13', 'V14', 'V16', 'V17', 'V18', 'V19', 'V20', 'V21', 'V22', 'V23', 'V24', 'V26', 'V27', 'V28', 'Time_sin']"
CostSensitiveLearning___RandomizedSearchCV__niter_30__cv_5,7,7,ExtraTreesClassifier,resubstitution,345,22117,18,80,0.9956560283687943,0.9504132231404959,0.8117647058823529,0.8756345177664975,0.9991868082222725,0.0008131917777275399,0.9054757570523126,0.9006134495431878,0.8762512764995146,0.8734378515209749,0.9719855964070742,0.8584034061457694,22560,0.8775677549826855,0.007323027429738655,0.8785484779428996,0.01995495591768842,"{'classifier__ccp_alpha': np.float64(0.006839867721365864), 'classifier__max_depth': 7, 'classifier__max_features': 'sqrt', 'classifier__max_leaf_nodes': 6, 'classifier__min_impurity_decrease': np.float64(0.061707139946129065), 'classifier__min_samples_leaf': 6, 'classifier__min_samples_split': 2, 'classifier__n_estimators': 318, 'feature_selection_filter__k': 22}",13.5278000831604,"[1, 2, 3, 4, 5, 6, 7, 8, 9, 10, 11, 12, 14, 16, 17, 18, 19, 20, 21, 27, 28, 29]","['V1', 'V2', 'V3', 'V4', 'V5', 'V6', 'V7', 'V8', 'V9', 'V10', 'V11', 'V12', 'V14', 'V16', 'V17', 'V18', 'V19', 'V20', 'V21', 'V27', 'V28', 'Time_sin']"
CostSensitiveLearning___RandomizedSearchCV__niter_30__cv_5,7,8,ExtraTreesClassifier,resubstitution,355,22119,16,71,0.9961437879526617,0.9568733153638814,0.8333333333333334,0.890840652446675,0.9992771628642422,0.0007228371357578256,0.9163052480987878,0.9125409410286944,0.89108849868604,0.8888873918944354,0.975113765190344,0.879831356086795,22561,0.890962128380943,0.007448064668620027,0.8901056474206903,0.028273997863775182,"{'classifier__ccp_alpha': np.float64(0.007658346052536761), 'classifier__max_depth': 19, 'classifier__max_features': 'sqrt', 'classifier__max_leaf_nodes': 14, 'classifier__min_impurity_decrease': np.float64(0.07235351545877254), 'classifier__min_samples_leaf': 9, 'classifier__min_samples_split': 6, 'classifier__n_estimators': 984, 'feature_selection_filter__k': 22}",12.315797328948975,"[0, 1, 2, 3, 4, 5, 6, 7, 8, 9, 10, 11, 12, 14, 16, 17, 18, 19, 20, 21, 27, 29]","['Amount_log1p', 'V1', 'V2', 'V3', 'V4', 'V5', 'V6', 'V7', 'V8', 'V9', 'V10', 'V11', 'V12', 'V14', 'V16', 'V17', 'V18', 'V19', 'V20', 'V21', 'V27', 'Time_sin']"
CostSensitiveLearning___RandomizedSearchCV__niter_30__cv_5,7,9,ExtraTreesClassifier,resubstitution,347,22120,15,79,0.9958335180178184,0.9585635359116023,0.8145539906103286,0.8807106598984772,0.999322340185227,0.0006776598147729684,0.9069381653977778,0.9022205939258586,0.8816211297337729,0.8786046241125464,0.9709281818461404,0.8621140681940966,22561,0.8803872600718531,0.011003557648056455,0.8825576771389422,0.038281248211573124,"{'classifier__ccp_alpha': np.float64(0.009046958380908859), 'classifier__max_depth': 8, 'classifier__max_features': 'log2', 'classifier__max_leaf_nodes': 13, 'classifier__min_impurity_decrease': np.float64(0.07376909736598848), 'classifier__min_samples_leaf': 7, 'classifier__min_samples_split': 5, 'classifier__n_estimators': 396, 'feature_selection_filter__k': 22}",12.805050373077393,"[1, 2, 3, 4, 5, 6, 7, 8, 9, 10, 11, 12, 14, 16, 17, 18, 19, 20, 21, 27, 28, 29]","['V1', 'V2', 'V3', 'V4', 'V5', 'V6', 'V7', 'V8', 'V9', 'V10', 'V11', 'V12', 'V14', 'V16', 'V17', 'V18', 'V19', 'V20', 'V21', 'V27', 'V28', 'Time_sin']"
CostSensitiveLearning___RandomizedSearchCV__niter_30__cv_5,7,10,ExtraTreesClassifier,resubstitution,347,22121,14,79,0.9958778422942246,0.961218836565097,0.8145539906103286,0.8818297331639136,0.9993675175062119,0.0006324824937881113,0.9069607540582703,0.9022409874701006,0.8828704875225964,0.879746629042348,0.969251954767533,0.857793051240241,22561,0.8839900601859985,0.0047498069733277115,0.8839119012294072,0.017686274777673285,"{'classifier__ccp_alpha': np.float64(0.0022489465051047488), 'classifier__max_depth': 8, 'classifier__max_features': 'log2', 'classifier__max_leaf_nodes': 11, 'classifier__min_impurity_decrease': np.float64(0.06815441685958021), 'classifier__min_samples_leaf': 9, 'classifier__min_samples_split': 5, 'classifier__n_estimators': 443, 'feature_selection_filter__k': 22}",12.880184173583984,"[1, 2, 3, 4, 5, 6, 7, 8, 9, 10, 11, 12, 14, 16, 17, 18, 19, 20, 21, 27, 28, 29]","['V1', 'V2', 'V3', 'V4', 'V5', 'V6', 'V7', 'V8', 'V9', 'V10', 'V11', 'V12', 'V14', 'V16', 'V17', 'V18', 'V19', 'V20', 'V21', 'V27', 'V28', 'Time_sin']"
CostSensitiveLearning___RandomizedSearchCV__niter_30__cv_5,8,1,ExtraTreesClassifier,resubstitution,349,22121,13,77,0.9960106382978723,0.9640883977900553,0.8192488262910798,0.8857868020304569,0.9994126682931237,0.000587331706876304,0.9093307472921017,0.9048578095367127,0.8868045394740495,0.8837702938303459,0.975155380946866,0.8711828651445394,22560,0.8843084941921429,0.0048550113178926005,0.8857972155167447,0.024361659810469147,"{'classifier__ccp_alpha': np.float64(0.008327389792620868), 'classifier__max_depth': 6, 'classifier__max_features': 'log2', 'classifier__max_leaf_nodes': 17, 'classifier__min_impurity_decrease': np.float64(0.08100886886240931), 'classifier__min_samples_leaf': 1, 'classifier__min_samples_split': 3, 'classifier__n_estimators': 602, 'feature_selection_filter__k': 26}",13.448689699172974,"[0, 1, 2, 3, 4, 5, 6, 7, 8, 9, 10, 11, 12, 14, 16, 17, 18, 19, 20, 21, 22, 23, 24, 27, 28, 29]","['Amount_log1p', 'V1', 'V2', 'V3', 'V4', 'V5', 'V6', 'V7', 'V8', 'V9', 'V10', 'V11', 'V12', 'V14', 'V16', 'V17', 'V18', 'V19', 'V20', 'V21', 'V22', 'V23', 'V24', 'V27', 'V28', 'Time_sin']"
CostSensitiveLearning___RandomizedSearchCV__niter_30__cv_5,8,2,ExtraTreesClassifier,resubstitution,352,22122,12,74,0.9961879432624113,0.967032967032967,0.8262910798122066,0.8911392405063291,0.9994578476551911,0.0005421523448089216,0.9128744637336988,0.9087591012836085,0.892061344803999,0.8892114055788992,0.9744760466658268,0.8819592251854116,22560,0.8907687983418879,0.0040819859528427585,0.8918712574425228,0.01800861189988754,"{'classifier__ccp_alpha': np.float64(0.006427493682648401), 'classifier__max_depth': 7, 'classifier__max_features': 'log2', 'classifier__max_leaf_nodes': 7, 'classifier__min_impurity_decrease': np.float64(0.07961063390799468), 'classifier__min_samples_leaf': 4, 'classifier__min_samples_split': 9, 'classifier__n_estimators': 352, 'feature_selection_filter__k': 'all'}",14.320875644683838,"[0, 1, 2, 3, 4, 5, 6, 7, 8, 9, 10, 11, 12, 13, 14, 15, 16, 17, 18, 19, 20, 21, 22, 23, 24, 25, 26, 27, 28, 29, 30]","['Amount_log1p', 'V1', 'V2', 'V3', 'V4', 'V5', 'V6', 'V7', 'V8', 'V9', 'V10', 'V11', 'V12', 'V13', 'V14', 'V15', 'V16', 'V17', 'V18', 'V19', 'V20', 'V21', 'V22', 'V23', 'V24', 'V25', 'V26', 'V27', 'V28', 'Time_sin', 'Time_cos']"
CostSensitiveLearning___RandomizedSearchCV__niter_30__cv_5,8,3,ExtraTreesClassifier,resubstitution,346,22117,17,80,0.9957003546099291,0.953168044077135,0.812206572769953,0.8770595690747782,0.999231950844854,0.0007680491551459445,0.9057192618074035,0.9008788809811966,0.8777885693334879,0.8748856812164547,0.9722287445949149,0.8575845138809062,22560,0.8789222846879907,0.006358035764147419,0.8779508641401226,0.016887884326243642,"{'classifier__ccp_alpha': np.float64(0.0021754554926572446), 'classifier__max_depth': 18, 'classifier__max_features': 'log2', 'classifier__max_leaf_nodes': 4, 'classifier__min_impurity_decrease': np.float64(0.04304946016383424), 'classifier__min_samples_leaf': 2, 'classifier__min_samples_split': 6, 'classifier__n_estimators': 476, 'feature_selection_filter__k': 26}",12.770943880081177,"[0, 1, 2, 3, 4, 5, 6, 7, 8, 9, 10, 11, 12, 14, 16, 17, 18, 19, 20, 21, 22, 23, 24, 27, 28, 29]","['Amount_log1p', 'V1', 'V2', 'V3', 'V4', 'V5', 'V6', 'V7', 'V8', 'V9', 'V10', 'V11', 'V12', 'V14', 'V16', 'V17', 'V18', 'V19', 'V20', 'V21', 'V22', 'V23', 'V24', 'V27', 'V28', 'Time_sin']"
CostSensitiveLearning___RandomizedSearchCV__niter_30__cv_5,8,4,ExtraTreesClassifier,resubstitution,348,22116,18,78,0.9957446808510638,0.9508196721311475,0.8169014084507042,0.8787878787878788,0.9991867714827867,0.0008132285172133269,0.9080440899667455,0.9034584002208406,0.8792522866962831,0.8766348547547667,0.9722605610470754,0.8624108145578202,22560,0.879615355373967,0.00839802544273385,0.8796581141907336,0.0247314193100884,"{'classifier__ccp_alpha': np.float64(0.0021869087375359277), 'classifier__max_depth': 12, 'classifier__max_features': 'sqrt', 'classifier__max_leaf_nodes': 10, 'classifier__min_impurity_decrease': np.float64(0.057776559975628396), 'classifier__min_samples_leaf': 6, 'classifier__min_samples_split': 5, 'classifier__n_estimators': 397, 'feature_selection_filter__k': 22}",13.01431393623352,"[1, 2, 3, 4, 5, 6, 7, 8, 9, 10, 11, 12, 14, 16, 17, 18, 19, 20, 21, 27, 28, 29]","['V1', 'V2', 'V3', 'V4', 'V5', 'V6', 'V7', 'V8', 'V9', 'V10', 'V11', 'V12', 'V14', 'V16', 'V17', 'V18', 'V19', 'V20', 'V21', 'V27', 'V28', 'Time_sin']"
CostSensitiveLearning___RandomizedSearchCV__niter_30__cv_5,8,5,ExtraTreesClassifier,resubstitution,350,22118,17,75,0.9959219858156029,0.9536784741144414,0.8235294117647058,0.8838383838383839,0.9992319855432573,0.0007680144567426828,0.9113806986539816,0.9071366651563135,0.8842337688094786,0.881774274489521,0.9764031943023426,0.870038329679917,22560,0.8812867956917172,0.01280076875014746,0.8838222865086351,0.0387580877077299,"{'classifier__ccp_alpha': np.float64(0.005066519579365351), 'classifier__max_depth': 5, 'classifier__max_features': 'log2', 'classifier__max_leaf_nodes': 6, 'classifier__min_impurity_decrease': np.float64(0.034458401575439536), 'classifier__min_samples_leaf': 5, 'classifier__min_samples_split': 9, 'classifier__n_estimators': 359, 'feature_selection_filter__k': 26}",13.167986392974854,"[0, 1, 2, 3, 4, 5, 6, 7, 8, 9, 10, 11, 12, 14, 16, 17, 18, 19, 20, 21, 23, 24, 26, 27, 28, 29]","['Amount_log1p', 'V1', 'V2', 'V3', 'V4', 'V5', 'V6', 'V7', 'V8', 'V9', 'V10', 'V11', 'V12', 'V14', 'V16', 'V17', 'V18', 'V19', 'V20', 'V21', 'V23', 'V24', 'V26', 'V27', 'V28', 'Time_sin']"
CostSensitiveLearning___RandomizedSearchCV__niter_30__cv_5,8,6,ExtraTreesClassifier,resubstitution,346,22119,16,79,0.9957890070921985,0.9558011049723757,0.8141176470588235,0.8792884371029225,0.9992771628642422,0.0007228371357578256,0.9066974049615328,0.9019585204379709,0.880084589258604,0.8771595378465779,0.9713057574509361,0.8668353487345497,22560,0.8777886997733251,0.004156168282992369,0.8790222763789274,0.014792185165436055,"{'classifier__ccp_alpha': np.float64(0.009840867496276278), 'classifier__max_depth': 16, 'classifier__max_features': 'sqrt', 'classifier__max_leaf_nodes': 16, 'classifier__min_impurity_decrease': np.float64(0.07654497224585302), 'classifier__min_samples_leaf': 8, 'classifier__min_samples_split': 4, 'classifier__n_estimators': 843, 'feature_selection_filter__k': 20}",15.907203197479248,"[1, 2, 3, 4, 5, 6, 7, 8, 9, 10, 11, 12, 14, 16, 17, 18, 19, 20, 21, 27]","['V1', 'V2', 'V3', 'V4', 'V5', 'V6', 'V7', 'V8', 'V9', 'V10', 'V11', 'V12', 'V14', 'V16', 'V17', 'V18', 'V19', 'V20', 'V21', 'V27']"
CostSensitiveLearning___RandomizedSearchCV__niter_30__cv_5,8,7,ExtraTreesClassifier,resubstitution,349,22120,15,76,0.9959663120567376,0.9587912087912088,0.8211764705882353,0.8846641318124208,0.999322340185227,0.0006776598147729684,0.9102494053867312,0.9058807826051287,0.885368638220009,0.8826238791019552,0.9709289785939224,0.8676868845677485,22560,0.8840896087844812,0.007862626978525961,0.8844033573936055,0.029673598739423976,"{'classifier__ccp_alpha': np.float64(0.002453185927198344), 'classifier__max_depth': 4, 'classifier__max_features': 'sqrt', 'classifier__max_leaf_nodes': 13, 'classifier__min_impurity_decrease': np.float64(0.0709657167778829), 'classifier__min_samples_leaf': 7, 'classifier__min_samples_split': 3, 'classifier__n_estimators': 988, 'feature_selection_filter__k': 22}",15.360525369644165,"[1, 2, 3, 4, 5, 6, 7, 8, 9, 10, 11, 12, 14, 16, 17, 18, 19, 20, 21, 27, 28, 29]","['V1', 'V2', 'V3', 'V4', 'V5', 'V6', 'V7', 'V8', 'V9', 'V10', 'V11', 'V12', 'V14', 'V16', 'V17', 'V18', 'V19', 'V20', 'V21', 'V27', 'V28', 'Time_sin']"
CostSensitiveLearning___RandomizedSearchCV__niter_30__cv_5,8,8,ExtraTreesClassifier,resubstitution,349,22119,16,77,0.9958778422942246,0.9561643835616438,0.8192488262910798,0.8824273072060683,0.9992771628642422,0.0007228371357578256,0.9092629945776609,0.9047964648560529,0.8830661666242616,0.8803421498917778,0.9693667009208327,0.8664611146258093,22561,0.8820471441029557,0.005640360984808483,0.8831401317956867,0.018471896062421354,"{'classifier__ccp_alpha': np.float64(0.0012240257093254214), 'classifier__max_depth': 11, 'classifier__max_features': 'log2', 'classifier__max_leaf_nodes': 12, 'classifier__min_impurity_decrease': np.float64(0.08537542024076711), 'classifier__min_samples_leaf': 3, 'classifier__min_samples_split': 2, 'classifier__n_estimators': 911, 'feature_selection_filter__k': 22}",13.084896326065063,"[1, 2, 3, 4, 5, 6, 7, 8, 9, 10, 11, 12, 14, 16, 17, 18, 19, 20, 21, 27, 28, 29]","['V1', 'V2', 'V3', 'V4', 'V5', 'V6', 'V7', 'V8', 'V9', 'V10', 'V11', 'V12', 'V14', 'V16', 'V17', 'V18', 'V19', 'V20', 'V21', 'V27', 'V28', 'Time_sin']"
CostSensitiveLearning___RandomizedSearchCV__niter_30__cv_5,8,9,ExtraTreesClassifier,resubstitution,346,22121,14,80,0.9958335180178184,0.9611111111111111,0.812206572769953,0.8804071246819338,0.9993675175062119,0.0006324824937881113,0.9057870451380825,0.9009399904163076,0.8815261856975193,0.8783021636469078,0.9700939921586593,0.8581585756841288,22561,0.87833154696487,0.0080812288759653,0.8808042887684561,0.027439698018126173,"{'classifier__ccp_alpha': np.float64(0.005761361830348329), 'classifier__max_depth': 5, 'classifier__max_features': 'sqrt', 'classifier__max_leaf_nodes': 10, 'classifier__min_impurity_decrease': np.float64(0.053145508402791), 'classifier__min_samples_leaf': 5, 'classifier__min_samples_split': 3, 'classifier__n_estimators': 989, 'feature_selection_filter__k': 24}",12.936880826950073,"[0, 1, 2, 3, 4, 5, 6, 7, 8, 9, 10, 11, 12, 14, 16, 17, 18, 19, 20, 21, 23, 27, 28, 29]","['Amount_log1p', 'V1', 'V2', 'V3', 'V4', 'V5', 'V6', 'V7', 'V8', 'V9', 'V10', 'V11', 'V12', 'V14', 'V16', 'V17', 'V18', 'V19', 'V20', 'V21', 'V23', 'V27', 'V28', 'Time_sin']"
CostSensitiveLearning___RandomizedSearchCV__niter_30__cv_5,8,10,ExtraTreesClassifier,resubstitution,346,22119,16,80,0.995744869465006,0.9558011049723757,0.812206572769953,0.8781725888324873,0.9992771628642422,0.0007228371357578256,0.9057418678170976,0.9008992616809319,0.8790293816151217,0.8760217437745154,0.971816351008695,0.8589121015401038,22561,0.8765004816539612,0.005694951392650039,0.8779316077626795,0.01934962169020427,"{'classifier__ccp_alpha': np.float64(0.0010613876309772741), 'classifier__max_depth': 7, 'classifier__max_features': 'sqrt', 'classifier__max_leaf_nodes': 6, 'classifier__min_impurity_decrease': np.float64(0.05812859339790608), 'classifier__min_samples_leaf': 8, 'classifier__min_samples_split': 6, 'classifier__n_estimators': 386, 'feature_selection_filter__k': 22}",12.262710571289062,"[1, 2, 3, 4, 5, 6, 7, 8, 9, 10, 11, 12, 14, 16, 17, 18, 19, 20, 21, 27, 28, 29]","['V1', 'V2', 'V3', 'V4', 'V5', 'V6', 'V7', 'V8', 'V9', 'V10', 'V11', 'V12', 'V14', 'V16', 'V17', 'V18', 'V19', 'V20', 'V21', 'V27', 'V28', 'Time_sin']"
CostSensitiveLearning___RandomizedSearchCV__niter_30__cv_5,9,1,ExtraTreesClassifier,resubstitution,346,22116,18,80,0.9956560283687943,0.9505494505494505,0.812206572769953,0.8759493670886076,0.9991867714827867,0.0008132285172133269,0.9056966721263698,0.9008585145421607,0.8765529251840182,0.8737525319387456,0.9716323982265933,0.8640816794710371,22560,0.8780179145308556,0.0077562012077428315,0.8811827045003874,0.03273103161565554,"{'classifier__ccp_alpha': np.float64(0.007396574762229701), 'classifier__max_depth': 10, 'classifier__max_features': 'log2', 'classifier__max_leaf_nodes': 17, 'classifier__min_impurity_decrease': np.float64(0.0783110218751406), 'classifier__min_samples_leaf': 1, 'classifier__min_samples_split': 5, 'classifier__n_estimators': 518, 'feature_selection_filter__k': 22}",12.844616651535034,"[1, 2, 3, 4, 5, 6, 7, 8, 9, 10, 11, 12, 14, 16, 17, 18, 19, 20, 21, 27, 28, 29]","['V1', 'V2', 'V3', 'V4', 'V5', 'V6', 'V7', 'V8', 'V9', 'V10', 'V11', 'V12', 'V14', 'V16', 'V17', 'V18', 'V19', 'V20', 'V21', 'V27', 'V28', 'Time_sin']"
CostSensitiveLearning___RandomizedSearchCV__niter_30__cv_5,9,2,ExtraTreesClassifier,resubstitution,350,22115,19,76,0.9957890070921985,0.948509485094851,0.8215962441314554,0.8805031446540881,0.9991415921207193,0.0008584078792807093,0.9103689181260873,0.9060303413473003,0.8807194501004959,0.8783710989028202,0.9727949183611049,0.8600024094005739,22560,0.8824302576517592,0.007247692910793079,0.885678773190311,0.020494979073158292,"{'classifier__ccp_alpha': np.float64(0.005315513738418384), 'classifier__max_depth': 18, 'classifier__max_features': 'sqrt', 'classifier__max_leaf_nodes': 18, 'classifier__min_impurity_decrease': np.float64(0.04920847767923423), 'classifier__min_samples_leaf': 4, 'classifier__min_samples_split': 6, 'classifier__n_estimators': 960, 'feature_selection_filter__k': 28}",14.825138092041016,"[0, 1, 2, 3, 4, 5, 6, 7, 8, 9, 10, 11, 12, 13, 14, 16, 17, 18, 19, 20, 21, 22, 23, 24, 27, 28, 29, 30]","['Amount_log1p', 'V1', 'V2', 'V3', 'V4', 'V5', 'V6', 'V7', 'V8', 'V9', 'V10', 'V11', 'V12', 'V13', 'V14', 'V16', 'V17', 'V18', 'V19', 'V20', 'V21', 'V22', 'V23', 'V24', 'V27', 'V28', 'Time_sin', 'Time_cos']"
CostSensitiveLearning___RandomizedSearchCV__niter_30__cv_5,9,3,ExtraTreesClassifier,resubstitution,348,22120,14,78,0.9959219858156029,0.9613259668508287,0.8169014084507042,0.883248730964467,0.9993674889310563,0.0006325110689436864,0.9081344486908802,0.9035400983175144,0.8842127893132128,0.8811874114710202,0.9723007028042173,0.8705685452567108,22560,0.8833682287317082,0.00855575044329339,0.8849516767731416,0.028787334653965563,"{'classifier__ccp_alpha': np.float64(0.0025148603869059715), 'classifier__max_depth': 9, 'classifier__max_features': 'log2', 'classifier__max_leaf_nodes': 19, 'classifier__min_impurity_decrease': np.float64(0.0905232455345869), 'classifier__min_samples_leaf': 2, 'classifier__min_samples_split': 3, 'classifier__n_estimators': 615, 'feature_selection_filter__k': 26}",12.842404842376709,"[0, 1, 2, 3, 4, 5, 6, 7, 8, 9, 10, 11, 12, 14, 16, 17, 18, 19, 20, 21, 22, 23, 24, 27, 28, 29]","['Amount_log1p', 'V1', 'V2', 'V3', 'V4', 'V5', 'V6', 'V7', 'V8', 'V9', 'V10', 'V11', 'V12', 'V14', 'V16', 'V17', 'V18', 'V19', 'V20', 'V21', 'V22', 'V23', 'V24', 'V27', 'V28', 'Time_sin']"
CostSensitiveLearning___RandomizedSearchCV__niter_30__cv_5,9,4,ExtraTreesClassifier,resubstitution,346,22119,15,80,0.9957890070921985,0.9584487534626038,0.812206572769953,0.8792884371029225,0.9993223095689889,0.0006776904310110687,0.905764441169471,0.9009196124780404,0.8802751192297159,0.8771604390585785,0.9738139993237944,0.859522852216881,22560,0.8778497474910101,0.01261470179381168,0.8781681378145956,0.03768287453705106,"{'classifier__ccp_alpha': np.float64(0.009778975908949454), 'classifier__max_depth': 12, 'classifier__max_features': 'log2', 'classifier__max_leaf_nodes': 19, 'classifier__min_impurity_decrease': np.float64(0.09200822448829604), 'classifier__min_samples_leaf': 2, 'classifier__min_samples_split': 8, 'classifier__n_estimators': 391, 'feature_selection_filter__k': 22}",12.03034496307373,"[1, 2, 3, 4, 5, 6, 7, 8, 9, 10, 11, 12, 14, 16, 17, 18, 19, 20, 21, 27, 28, 29]","['V1', 'V2', 'V3', 'V4', 'V5', 'V6', 'V7', 'V8', 'V9', 'V10', 'V11', 'V12', 'V14', 'V16', 'V17', 'V18', 'V19', 'V20', 'V21', 'V27', 'V28', 'Time_sin']"
CostSensitiveLearning___RandomizedSearchCV__niter_30__cv_5,9,5,ExtraTreesClassifier,resubstitution,347,22117,18,78,0.9957446808510638,0.9506849315068493,0.8164705882352942,0.8784810126582279,0.9991868082222725,0.0008131917777275399,0.9078286982287833,0.9032201509411671,0.8789577505195374,0.8763281493134767,0.9725962874872107,0.8692383982120852,22560,0.8799193495099928,0.007019702760835163,0.8768148821630859,0.02184441257993041,"{'classifier__ccp_alpha': np.float64(0.009727954583133426), 'classifier__max_depth': 16, 'classifier__max_features': 'log2', 'classifier__max_leaf_nodes': 14, 'classifier__min_impurity_decrease': np.float64(0.08498153542229572), 'classifier__min_samples_leaf': 4, 'classifier__min_samples_split': 7, 'classifier__n_estimators': 828, 'feature_selection_filter__k': 20}",12.525982141494751,"[1, 2, 3, 4, 5, 6, 7, 8, 9, 10, 11, 12, 14, 16, 17, 18, 19, 20, 21, 27]","['V1', 'V2', 'V3', 'V4', 'V5', 'V6', 'V7', 'V8', 'V9', 'V10', 'V11', 'V12', 'V14', 'V16', 'V17', 'V18', 'V19', 'V20', 'V21', 'V27']"
CostSensitiveLearning___RandomizedSearchCV__niter_30__cv_5,9,6,ExtraTreesClassifier,resubstitution,347,22121,14,78,0.9959219858156029,0.961218836565097,0.8164705882352942,0.8829516539440203,0.9993675175062119,0.0006324824937881113,0.907919052870753,0.903301823800629,0.8839300693445185,0.8808904977874138,0.9723987828698228,0.8699389559270821,22560,0.8825763037855126,0.0061999190374542185,0.8836743329541479,0.022171410462145907,"{'classifier__ccp_alpha': np.float64(0.009280304639941592), 'classifier__max_depth': 10, 'classifier__max_features': 'log2', 'classifier__max_leaf_nodes': 18, 'classifier__min_impurity_decrease': np.float64(0.08814546781585536), 'classifier__min_samples_leaf': 4, 'classifier__min_samples_split': 7, 'classifier__n_estimators': 960, 'feature_selection_filter__k': 20}",13.65224814414978,"[1, 2, 3, 4, 5, 6, 7, 8, 9, 10, 11, 12, 14, 16, 17, 18, 19, 20, 21, 27]","['V1', 'V2', 'V3', 'V4', 'V5', 'V6', 'V7', 'V8', 'V9', 'V10', 'V11', 'V12', 'V14', 'V16', 'V17', 'V18', 'V19', 'V20', 'V21', 'V27']"
CostSensitiveLearning___RandomizedSearchCV__niter_30__cv_5,9,7,ExtraTreesClassifier,resubstitution,348,22121,14,77,0.9959663120567376,0.9613259668508287,0.8188235294117647,0.8843710292249047,0.9993675175062119,0.0006324824937881113,0.9090955234589884,0.904602475048521,0.8852740670056434,0.8823317678319851,0.9727901247691305,0.8645574917754768,22560,0.8848561316410777,0.004432829430916086,0.8854263778349047,0.017380915661267052,"{'classifier__ccp_alpha': np.float64(0.00601624574352351), 'classifier__max_depth': 19, 'classifier__max_features': 'sqrt', 'classifier__max_leaf_nodes': 12, 'classifier__min_impurity_decrease': np.float64(0.0899453593820165), 'classifier__min_samples_leaf': 2, 'classifier__min_samples_split': 2, 'classifier__n_estimators': 998, 'feature_selection_filter__k': 28}",14.455872297286987,"[0, 1, 2, 3, 4, 5, 6, 7, 8, 9, 10, 11, 12, 13, 14, 16, 17, 18, 19, 20, 21, 22, 23, 24, 26, 27, 28, 29]","['Amount_log1p', 'V1', 'V2', 'V3', 'V4', 'V5', 'V6', 'V7', 'V8', 'V9', 'V10', 'V11', 'V12', 'V13', 'V14', 'V16', 'V17', 'V18', 'V19', 'V20', 'V21', 'V22', 'V23', 'V24', 'V26', 'V27', 'V28', 'Time_sin']"
CostSensitiveLearning___RandomizedSearchCV__niter_30__cv_5,9,8,ExtraTreesClassifier,resubstitution,349,22118,17,77,0.9958335180178184,0.953551912568306,0.8192488262910798,0.8813131313131313,0.9992319855432573,0.0007680144567426828,0.9092404059171686,0.9047760117005859,0.8818301588780708,0.8792050570501604,0.9757044639647235,0.8712517762445936,22561,0.8797242552893051,0.005191271738520982,0.8826669851126503,0.018038469927361717,"{'classifier__ccp_alpha': np.float64(0.0026901361160904125), 'classifier__max_depth': 18, 'classifier__max_features': 'sqrt', 'classifier__max_leaf_nodes': 17, 'classifier__min_impurity_decrease': np.float64(0.03699825342452465), 'classifier__min_samples_leaf': 9, 'classifier__min_samples_split': 3, 'classifier__n_estimators': 734, 'feature_selection_filter__k': 28}",14.177387475967407,"[0, 1, 2, 3, 4, 5, 6, 7, 8, 9, 10, 11, 12, 14, 16, 17, 18, 19, 20, 21, 22, 23, 24, 25, 27, 28, 29, 30]","['Amount_log1p', 'V1', 'V2', 'V3', 'V4', 'V5', 'V6', 'V7', 'V8', 'V9', 'V10', 'V11', 'V12', 'V14', 'V16', 'V17', 'V18', 'V19', 'V20', 'V21', 'V22', 'V23', 'V24', 'V25', 'V27', 'V28', 'Time_sin', 'Time_cos']"
CostSensitiveLearning___RandomizedSearchCV__niter_30__cv_5,9,9,ExtraTreesClassifier,resubstitution,347,22119,16,79,0.9957891937414122,0.9559228650137741,0.8145539906103286,0.8795944233206591,0.9992771628642422,0.0007228371357578256,0.9069155767372854,0.9022001999206362,0.8803768971980809,0.8774654539302934,0.9678947262371004,0.8615421939752489,22561,0.8812711212071342,0.009856900623397231,0.882955170326067,0.044500439204606196,"{'classifier__ccp_alpha': np.float64(0.0028560429618555627), 'classifier__max_depth': 12, 'classifier__max_features': 'log2', 'classifier__max_leaf_nodes': 7, 'classifier__min_impurity_decrease': np.float64(0.055950434448477526), 'classifier__min_samples_leaf': 3, 'classifier__min_samples_split': 9, 'classifier__n_estimators': 715, 'feature_selection_filter__k': 24}",13.615236759185791,"[0, 1, 2, 3, 4, 5, 6, 7, 8, 9, 10, 11, 12, 14, 16, 17, 18, 19, 20, 21, 23, 27, 28, 29]","['Amount_log1p', 'V1', 'V2', 'V3', 'V4', 'V5', 'V6', 'V7', 'V8', 'V9', 'V10', 'V11', 'V12', 'V14', 'V16', 'V17', 'V18', 'V19', 'V20', 'V21', 'V23', 'V27', 'V28', 'Time_sin']"
CostSensitiveLearning___RandomizedSearchCV__niter_30__cv_5,9,10,ExtraTreesClassifier,resubstitution,347,22117,18,79,0.9957005451885999,0.9506849315068493,0.8145539906103286,0.877370417193426,0.9991868082222725,0.0008131917777275399,0.9068703994163005,0.9021594105271248,0.8779036675334102,0.8751955756935748,0.9738254161669059,0.8635574053954301,22561,0.8773385423977625,0.004766941407707498,0.8789592649100306,0.022755326554320613,"{'classifier__ccp_alpha': np.float64(0.004861416945383815), 'classifier__max_depth': 10, 'classifier__max_features': 'log2', 'classifier__max_leaf_nodes': 6, 'classifier__min_impurity_decrease': np.float64(0.042322104395355865), 'classifier__min_samples_leaf': 1, 'classifier__min_samples_split': 3, 'classifier__n_estimators': 455, 'feature_selection_filter__k': 26}",13.133761167526245,"[0, 1, 2, 3, 4, 5, 6, 7, 8, 9, 10, 11, 12, 14, 16, 17, 18, 19, 20, 21, 23, 24, 27, 28, 29, 30]","['Amount_log1p', 'V1', 'V2', 'V3', 'V4', 'V5', 'V6', 'V7', 'V8', 'V9', 'V10', 'V11', 'V12', 'V14', 'V16', 'V17', 'V18', 'V19', 'V20', 'V21', 'V23', 'V24', 'V27', 'V28', 'Time_sin', 'Time_cos']"
CostSensitiveLearning___RandomizedSearchCV__niter_30__cv_5,10,1,ExtraTreesClassifier,resubstitution,350,22120,14,76,0.9960106382978723,0.9615384615384616,0.8215962441314554,0.8860759493670886,0.9993674889310563,0.0006325110689436864,0.9104818665312558,0.9061327581612088,0.8868918715973387,0.884058447698848,0.9738493686131124,0.8666000633766621,22560,0.8857876385040362,0.006864288385350624,0.8858061129318834,0.018644453495892173,"{'classifier__ccp_alpha': np.float64(0.0032051779529353743), 'classifier__max_depth': 19, 'classifier__max_features': 'log2', 'classifier__max_leaf_nodes': 7, 'classifier__min_impurity_decrease': np.float64(0.09226946324641379), 'classifier__min_samples_leaf': 1, 'classifier__min_samples_split': 2, 'classifier__n_estimators': 556, 'feature_selection_filter__k': 22}",13.039148330688477,"[1, 2, 3, 4, 5, 6, 7, 8, 9, 10, 11, 12, 14, 16, 17, 18, 19, 20, 21, 27, 28, 29]","['V1', 'V2', 'V3', 'V4', 'V5', 'V6', 'V7', 'V8', 'V9', 'V10', 'V11', 'V12', 'V14', 'V16', 'V17', 'V18', 'V19', 'V20', 'V21', 'V27', 'V28', 'Time_sin']"
CostSensitiveLearning___RandomizedSearchCV__niter_30__cv_5,10,2,ExtraTreesClassifier,resubstitution,345,22118,16,81,0.9957003546099291,0.9556786703601108,0.8098591549295775,0.8767471410419314,0.9992771302069214,0.0007228697930785621,0.9045681425682495,0.8995964274105532,0.8776798403265437,0.8745743430387591,0.972098191086218,0.8549646058711796,22560,0.8770029290868114,0.006110650586152931,0.8774714172381696,0.021410300400314525,"{'classifier__ccp_alpha': np.float64(0.00016198218716908852), 'classifier__max_depth': 11, 'classifier__max_features': 'sqrt', 'classifier__max_leaf_nodes': 19, 'classifier__min_impurity_decrease': np.float64(0.09077778954669968), 'classifier__min_samples_leaf': 4, 'classifier__min_samples_split': 9, 'classifier__n_estimators': 440, 'feature_selection_filter__k': 22}",13.177978515625,"[1, 2, 3, 4, 5, 6, 7, 8, 9, 10, 11, 12, 14, 16, 17, 18, 19, 20, 21, 27, 28, 29]","['V1', 'V2', 'V3', 'V4', 'V5', 'V6', 'V7', 'V8', 'V9', 'V10', 'V11', 'V12', 'V14', 'V16', 'V17', 'V18', 'V19', 'V20', 'V21', 'V27', 'V28', 'Time_sin']"
CostSensitiveLearning___RandomizedSearchCV__niter_30__cv_5,10,3,ExtraTreesClassifier,resubstitution,348,22123,11,78,0.9960549645390071,0.9693593314763231,0.8169014084507042,0.8866242038216561,0.9995030270172586,0.0004969729827414282,0.9082022177339815,0.9036013670425366,0.8879870150889428,0.8846316410756038,0.9694519107052182,0.8666625505500402,22560,0.886260184699605,0.0038255456046830624,0.8864387867472192,0.01396995124032188,"{'classifier__ccp_alpha': np.float64(0.001313138029068567), 'classifier__max_depth': 11, 'classifier__max_features': 'sqrt', 'classifier__max_leaf_nodes': 11, 'classifier__min_impurity_decrease': np.float64(0.08368840332210015), 'classifier__min_samples_leaf': 9, 'classifier__min_samples_split': 2, 'classifier__n_estimators': 993, 'feature_selection_filter__k': 22}",13.495789527893066,"[1, 2, 3, 4, 5, 6, 7, 8, 9, 10, 11, 12, 14, 16, 17, 18, 19, 20, 21, 27, 28, 29]","['V1', 'V2', 'V3', 'V4', 'V5', 'V6', 'V7', 'V8', 'V9', 'V10', 'V11', 'V12', 'V14', 'V16', 'V17', 'V18', 'V19', 'V20', 'V21', 'V27', 'V28', 'Time_sin']"
CostSensitiveLearning___RandomizedSearchCV__niter_30__cv_5,10,4,ExtraTreesClassifier,resubstitution,348,22117,17,78,0.9957890070921985,0.9534246575342465,0.8169014084507042,0.8798988621997471,0.999231950844854,0.0007680491551459445,0.9080666796477792,0.9034788254376005,0.8804848249822924,0.8777687667032813,0.9722177679189198,0.8592517871763811,22560,0.8798706201639241,0.0050690387155456484,0.8805275604791278,0.02176351669591328,"{'classifier__ccp_alpha': np.float64(0.000253644457473734), 'classifier__max_depth': 3, 'classifier__max_features': 'log2', 'classifier__max_leaf_nodes': 3, 'classifier__min_impurity_decrease': np.float64(0.09738353480019946), 'classifier__min_samples_leaf': 6, 'classifier__min_samples_split': 9, 'classifier__n_estimators': 517, 'feature_selection_filter__k': 22}",11.929215669631958,"[1, 2, 3, 4, 5, 6, 7, 8, 9, 10, 11, 12, 14, 16, 17, 18, 19, 20, 21, 27, 28, 29]","['V1', 'V2', 'V3', 'V4', 'V5', 'V6', 'V7', 'V8', 'V9', 'V10', 'V11', 'V12', 'V14', 'V16', 'V17', 'V18', 'V19', 'V20', 'V21', 'V27', 'V28', 'Time_sin']"
CostSensitiveLearning___RandomizedSearchCV__niter_30__cv_5,10,5,ExtraTreesClassifier,resubstitution,349,22121,14,76,0.9960106382978723,0.9614325068870524,0.8211764705882353,0.8857868020304569,0.9993675175062119,0.0006324824937881113,0.9102719940472236,0.9059012588832612,0.8866161595192475,0.8837694554784463,0.972225036208294,0.8606349528031082,22560,0.8843578920612666,0.004927102847848766,0.881961213086543,0.016400673466734794,"{'classifier__ccp_alpha': np.float64(0.0013303467078510489), 'classifier__max_depth': 13, 'classifier__max_features': 'log2', 'classifier__max_leaf_nodes': 12, 'classifier__min_impurity_decrease': np.float64(0.09704093714288525), 'classifier__min_samples_leaf': 7, 'classifier__min_samples_split': 4, 'classifier__n_estimators': 951, 'feature_selection_filter__k': 24}",12.186711549758911,"[1, 2, 3, 4, 5, 6, 7, 8, 9, 10, 11, 12, 14, 16, 17, 18, 19, 20, 21, 23, 24, 27, 28, 29]","['V1', 'V2', 'V3', 'V4', 'V5', 'V6', 'V7', 'V8', 'V9', 'V10', 'V11', 'V12', 'V14', 'V16', 'V17', 'V18', 'V19', 'V20', 'V21', 'V23', 'V24', 'V27', 'V28', 'Time_sin']"
CostSensitiveLearning___RandomizedSearchCV__niter_30__cv_5,10,6,ExtraTreesClassifier,resubstitution,347,22119,16,78,0.9958333333333333,0.9559228650137741,0.8164705882352942,0.8807106598984772,0.9992771628642422,0.0007228371357578256,0.9078738755497682,0.9032609882940056,0.8814337180093811,0.8786036534997106,0.9696745904144355,0.8625129123867397,22560,0.8801279973833213,0.00635671426282105,0.8802982343522199,0.020463578314231005,"{'classifier__ccp_alpha': np.float64(0.0030243631323144692), 'classifier__max_depth': 4, 'classifier__max_features': 'sqrt', 'classifier__max_leaf_nodes': 17, 'classifier__min_impurity_decrease': np.float64(0.0886196664913896), 'classifier__min_samples_leaf': 3, 'classifier__min_samples_split': 6, 'classifier__n_estimators': 961, 'feature_selection_filter__k': 22}",12.994492053985596,"[1, 2, 3, 4, 5, 6, 7, 8, 9, 10, 11, 12, 14, 16, 17, 18, 19, 20, 21, 27, 28, 29]","['V1', 'V2', 'V3', 'V4', 'V5', 'V6', 'V7', 'V8', 'V9', 'V10', 'V11', 'V12', 'V14', 'V16', 'V17', 'V18', 'V19', 'V20', 'V21', 'V27', 'V28', 'Time_sin']"
CostSensitiveLearning___RandomizedSearchCV__niter_30__cv_5,10,7,ExtraTreesClassifier,resubstitution,350,22117,18,75,0.995877659574468,0.9510869565217391,0.8235294117647058,0.8827238335435057,0.9991868082222725,0.0008131917777275399,0.9113581099934891,0.9071161581728892,0.883002954182975,0.8806368220794116,0.9772357326034096,0.8762030888461781,22560,0.883409287052701,0.004337716267280022,0.8859178110119938,0.016102613755335143,"{'classifier__ccp_alpha': np.float64(0.0048896826717722405), 'classifier__max_depth': 5, 'classifier__max_features': 'sqrt', 'classifier__max_leaf_nodes': 3, 'classifier__min_impurity_decrease': np.float64(0.093967155008618), 'classifier__min_samples_leaf': 6, 'classifier__min_samples_split': 4, 'classifier__n_estimators': 893, 'feature_selection_filter__k': 28}",15.421383619308472,"[0, 1, 2, 3, 4, 5, 6, 7, 8, 9, 10, 11, 12, 13, 14, 16, 17, 18, 19, 20, 21, 22, 23, 24, 27, 28, 29, 30]","['Amount_log1p', 'V1', 'V2', 'V3', 'V4', 'V5', 'V6', 'V7', 'V8', 'V9', 'V10', 'V11', 'V12', 'V13', 'V14', 'V16', 'V17', 'V18', 'V19', 'V20', 'V21', 'V22', 'V23', 'V24', 'V27', 'V28', 'Time_sin', 'Time_cos']"
CostSensitiveLearning___RandomizedSearchCV__niter_30__cv_5,10,8,ExtraTreesClassifier,resubstitution,348,22123,12,78,0.9960108151234431,0.9666666666666667,0.8169014084507042,0.8854961832061069,0.9994578721481816,0.000542127851818397,0.9081796402994429,0.9035809556675005,0.8867238264595468,0.883480794981082,0.9707781210264372,0.8762220309535423,22561,0.8852556145889021,0.005136642969110395,0.8834844556132957,0.02353039718978359,"{'classifier__ccp_alpha': np.float64(0.001535191430746924), 'classifier__max_depth': 4, 'classifier__max_features': 'log2', 'classifier__max_leaf_nodes': 14, 'classifier__min_impurity_decrease': np.float64(0.0750603225586644), 'classifier__min_samples_leaf': 7, 'classifier__min_samples_split': 5, 'classifier__n_estimators': 338, 'feature_selection_filter__k': 'all'}",11.015749216079712,"[0, 1, 2, 3, 4, 5, 6, 7, 8, 9, 10, 11, 12, 13, 14, 15, 16, 17, 18, 19, 20, 21, 22, 23, 24, 25, 26, 27, 28, 29, 30]","['Amount_log1p', 'V1', 'V2', 'V3', 'V4', 'V5', 'V6', 'V7', 'V8', 'V9', 'V10', 'V11', 'V12', 'V13', 'V14', 'V15', 'V16', 'V17', 'V18', 'V19', 'V20', 'V21', 'V22', 'V23', 'V24', 'V25', 'V26', 'V27', 'V28', 'Time_sin', 'Time_cos']"
CostSensitiveLearning___RandomizedSearchCV__niter_30__cv_5,10,9,ExtraTreesClassifier,resubstitution,347,22122,13,79,0.9959221665706307,0.9638888888888889,0.8145539906103286,0.8829516539440203,0.9994126948271967,0.0005873051728032541,0.9069833427187627,0.9022613805533936,0.8841250060785331,0.8808914793139949,0.9743776187734039,0.8680295644060484,22561,0.8823724979346721,0.008220097523071125,0.8810515209428254,0.028881768900402317,"{'classifier__ccp_alpha': np.float64(0.006630029666137047), 'classifier__max_depth': 13, 'classifier__max_features': 'log2', 'classifier__max_leaf_nodes': 12, 'classifier__min_impurity_decrease': np.float64(0.07548772089243388), 'classifier__min_samples_leaf': 4, 'classifier__min_samples_split': 5, 'classifier__n_estimators': 328, 'feature_selection_filter__k': 22}",11.734328269958496,"[1, 2, 3, 4, 5, 6, 7, 8, 9, 10, 11, 12, 14, 16, 17, 18, 19, 20, 21, 27, 28, 29]","['V1', 'V2', 'V3', 'V4', 'V5', 'V6', 'V7', 'V8', 'V9', 'V10', 'V11', 'V12', 'V14', 'V16', 'V17', 'V18', 'V19', 'V20', 'V21', 'V27', 'V28', 'Time_sin']"
CostSensitiveLearning___RandomizedSearchCV__niter_30__cv_5,10,10,ExtraTreesClassifier,resubstitution,347,22119,16,79,0.9957891937414122,0.9559228650137741,0.8145539906103286,0.8795944233206591,0.9992771628642422,0.0007228371357578256,0.9069155767372854,0.9022001999206362,0.8803768971980809,0.8774654539302934,0.9660502507553415,0.8601345574869229,22561,0.8799449788564259,0.006520372393011913,0.881194417396949,0.02246648365042556,"{'classifier__ccp_alpha': np.float64(0.00867341553554067), 'classifier__max_depth': 5, 'classifier__max_features': 'sqrt', 'classifier__max_leaf_nodes': 10, 'classifier__min_impurity_decrease': np.float64(0.08663313185937621), 'classifier__min_samples_leaf': 5, 'classifier__min_samples_split': 8, 'classifier__n_estimators': 895, 'feature_selection_filter__k': 24}",13.109256744384766,"[0, 1, 2, 3, 4, 5, 6, 7, 8, 9, 10, 11, 12, 14, 16, 17, 18, 19, 20, 21, 23, 27, 28, 29]","['Amount_log1p', 'V1', 'V2', 'V3', 'V4', 'V5', 'V6', 'V7', 'V8', 'V9', 'V10', 'V11', 'V12', 'V14', 'V16', 'V17', 'V18', 'V19', 'V20', 'V21', 'V23', 'V27', 'V28', 'Time_sin']"
