experiment_name,iteration,fold,model,split,tp,tn,fp,fn,accuracy,precision,recall,f1,specificity,fpr,balanced_accuracy,geometric_mean,mcc,kappa,roc_auc,average_precision,fold_size,cv_tuning_mean_train_score,cv_tuning_std_train_score,cv_tuning_mean_val_score,cv_tuning_std_val_score,best_params,tuning_time,selected_features_indices,selected_features_names
CostSensitiveLearning_ClusterCentroids___RandomizedSearchCV__niter_30__cv_5,1,1,VotingClassifier,resubstitution,361,22122,12,65,0.9965868794326241,0.967828418230563,0.8474178403755869,0.9036295369211514,0.9994578476551911,0.0005421523448089216,0.923437844015389,0.9203034340946438,0.903963115255688,0.9018999930199636,0.9884001457617728,0.9161451630562828,22560,0.9036696883908262,0.004517517622034648,0.8953716315924384,0.014609334360886026,"{'classifier__extratreesclassifier_0__ccp_alpha': np.float64(2.5950243836465603e-05), 'classifier__extratreesclassifier_0__max_depth': 6, 'classifier__extratreesclassifier_0__max_features': 'sqrt', 'classifier__extratreesclassifier_0__max_leaf_nodes': 9, 'classifier__extratreesclassifier_0__min_impurity_decrease': np.float64(0.07482596903836584), 'classifier__extratreesclassifier_0__min_samples_leaf': 4, 'classifier__extratreesclassifier_0__min_samples_split': 8, 'classifier__extratreesclassifier_0__n_estimators': 402, 'classifier__randomforestclassifier_1__ccp_alpha': np.float64(0.00370472102791382), 'classifier__randomforestclassifier_1__max_depth': 16, 'classifier__randomforestclassifier_1__max_features': 'log2', 'classifier__randomforestclassifier_1__max_leaf_nodes': 15, 'classifier__randomforestclassifier_1__max_samples': np.float64(0.6850138864532591), 'classifier__randomforestclassifier_1__min_impurity_decrease': np.float64(0.07474709381337566), 'classifier__randomforestclassifier_1__min_samples_leaf': 8, 'classifier__randomforestclassifier_1__min_samples_split': 4, 'classifier__randomforestclassifier_1__n_estimators': 106, 'classifier__xgbclassifier_2__colsample_bytree': np.float64(0.8748662021613325), 'classifier__xgbclassifier_2__gamma': np.float64(4.222203363168144), 'classifier__xgbclassifier_2__learning_rate': np.float64(0.09446549466507852), 'classifier__xgbclassifier_2__max_delta_step': 1, 'classifier__xgbclassifier_2__max_depth': 4, 'classifier__xgbclassifier_2__min_child_weight': 6, 'classifier__xgbclassifier_2__n_estimators': 214, 'classifier__xgbclassifier_2__reg_alpha': np.float64(0.00033446126857477617), 'classifier__xgbclassifier_2__reg_lambda': np.float64(0.4864363605338933), 'classifier__xgbclassifier_2__scale_pos_weight': np.float64(1.1575446745810392), 'classifier__xgbclassifier_2__subsample': np.float64(0.8255860368075345), 'feature_selection_filter__k': 20}",104.23860907554626,"[1, 2, 3, 4, 5, 6, 7, 8, 9, 10, 11, 12, 14, 16, 17, 18, 19, 20, 21, 27]","['V1', 'V2', 'V3', 'V4', 'V5', 'V6', 'V7', 'V8', 'V9', 'V10', 'V11', 'V12', 'V14', 'V16', 'V17', 'V18', 'V19', 'V20', 'V21', 'V27']"
CostSensitiveLearning_ClusterCentroids___RandomizedSearchCV__niter_30__cv_5,1,2,VotingClassifier,resubstitution,370,22123,11,56,0.9970301418439717,0.9711286089238845,0.8685446009389671,0.9169764560099133,0.9995030270172586,0.0004969729827414282,0.9340238139781128,0.93172579535934,0.9169482768696909,0.9154692710399038,0.9994189255287153,0.9721577547390707,22560,0.9256051793481838,0.0021661444948956983,0.900018768978917,0.010892078094336751,"{'classifier__extratreesclassifier_0__ccp_alpha': np.float64(0.0008837381961170587), 'classifier__extratreesclassifier_0__max_depth': 10, 'classifier__extratreesclassifier_0__max_features': 'sqrt', 'classifier__extratreesclassifier_0__max_leaf_nodes': 11, 'classifier__extratreesclassifier_0__min_impurity_decrease': np.float64(0.05140381970932863), 'classifier__extratreesclassifier_0__min_samples_leaf': 3, 'classifier__extratreesclassifier_0__min_samples_split': 7, 'classifier__extratreesclassifier_0__n_estimators': 558, 'classifier__randomforestclassifier_1__ccp_alpha': np.float64(0.002322500383005779), 'classifier__randomforestclassifier_1__max_depth': 7, 'classifier__randomforestclassifier_1__max_features': 'log2', 'classifier__randomforestclassifier_1__max_leaf_nodes': 9, 'classifier__randomforestclassifier_1__max_samples': np.float64(0.5427608819521872), 'classifier__randomforestclassifier_1__min_impurity_decrease': np.float64(0.08987370913616553), 'classifier__randomforestclassifier_1__min_samples_leaf': 3, 'classifier__randomforestclassifier_1__min_samples_split': 4, 'classifier__randomforestclassifier_1__n_estimators': 844, 'classifier__xgbclassifier_2__colsample_bytree': np.float64(0.7127617618220341), 'classifier__xgbclassifier_2__gamma': np.float64(2.6845932884043022), 'classifier__xgbclassifier_2__learning_rate': np.float64(0.12782079617414263), 'classifier__xgbclassifier_2__max_delta_step': 9, 'classifier__xgbclassifier_2__max_depth': 6, 'classifier__xgbclassifier_2__min_child_weight': 1, 'classifier__xgbclassifier_2__n_estimators': 575, 'classifier__xgbclassifier_2__reg_alpha': np.float64(0.5141412239052597), 'classifier__xgbclassifier_2__reg_lambda': np.float64(0.04716618306450626), 'classifier__xgbclassifier_2__scale_pos_weight': np.float64(1.0978140094240847), 'classifier__xgbclassifier_2__subsample': np.float64(0.885097402590341), 'feature_selection_filter__k': 'all'}",105.0889413356781,"[0, 1, 2, 3, 4, 5, 6, 7, 8, 9, 10, 11, 12, 13, 14, 15, 16, 17, 18, 19, 20, 21, 22, 23, 24, 25, 26, 27, 28, 29, 30]","['Amount_log1p', 'V1', 'V2', 'V3', 'V4', 'V5', 'V6', 'V7', 'V8', 'V9', 'V10', 'V11', 'V12', 'V13', 'V14', 'V15', 'V16', 'V17', 'V18', 'V19', 'V20', 'V21', 'V22', 'V23', 'V24', 'V25', 'V26', 'V27', 'V28', 'Time_sin', 'Time_cos']"
CostSensitiveLearning_ClusterCentroids___RandomizedSearchCV__niter_30__cv_5,1,3,VotingClassifier,resubstitution,372,22122,12,54,0.9970744680851064,0.96875,0.8732394366197183,0.9185185185185185,0.9994578476551911,0.0005421523448089216,0.9363486421374547,0.934219464479078,0.9183139003551314,0.9170330904772603,0.9992008767765777,0.9652250082418811,22560,0.9182440730428407,0.005070619294303952,0.904410724113531,0.022107023437099294,"{'classifier__extratreesclassifier_0__ccp_alpha': np.float64(0.006974299182041918), 'classifier__extratreesclassifier_0__max_depth': 11, 'classifier__extratreesclassifier_0__max_features': 'sqrt', 'classifier__extratreesclassifier_0__max_leaf_nodes': 2, 'classifier__extratreesclassifier_0__min_impurity_decrease': np.float64(0.08217045624293119), 'classifier__extratreesclassifier_0__min_samples_leaf': 6, 'classifier__extratreesclassifier_0__min_samples_split': 3, 'classifier__extratreesclassifier_0__n_estimators': 121, 'classifier__randomforestclassifier_1__ccp_alpha': np.float64(0.0011046645159821556), 'classifier__randomforestclassifier_1__max_depth': 13, 'classifier__randomforestclassifier_1__max_features': 'sqrt', 'classifier__randomforestclassifier_1__max_leaf_nodes': 6, 'classifier__randomforestclassifier_1__max_samples': np.float64(0.6086240614847794), 'classifier__randomforestclassifier_1__min_impurity_decrease': np.float64(0.08971518866243715), 'classifier__randomforestclassifier_1__min_samples_leaf': 8, 'classifier__randomforestclassifier_1__min_samples_split': 8, 'classifier__randomforestclassifier_1__n_estimators': 122, 'classifier__xgbclassifier_2__colsample_bytree': np.float64(0.7269413610677278), 'classifier__xgbclassifier_2__gamma': np.float64(1.5371127941281122), 'classifier__xgbclassifier_2__learning_rate': np.float64(0.035408412642504765), 'classifier__xgbclassifier_2__max_delta_step': 2, 'classifier__xgbclassifier_2__max_depth': 6, 'classifier__xgbclassifier_2__min_child_weight': 9, 'classifier__xgbclassifier_2__n_estimators': 645, 'classifier__xgbclassifier_2__reg_alpha': np.float64(0.0002995182625516038), 'classifier__xgbclassifier_2__reg_lambda': np.float64(0.9769839390134032), 'classifier__xgbclassifier_2__scale_pos_weight': np.float64(1.7229899540691505), 'classifier__xgbclassifier_2__subsample': np.float64(0.9645659651689448), 'feature_selection_filter__k': 22}",103.94495987892151,"[1, 2, 3, 4, 5, 6, 7, 8, 9, 10, 11, 12, 14, 16, 17, 18, 19, 20, 21, 27, 28, 29]","['V1', 'V2', 'V3', 'V4', 'V5', 'V6', 'V7', 'V8', 'V9', 'V10', 'V11', 'V12', 'V14', 'V16', 'V17', 'V18', 'V19', 'V20', 'V21', 'V27', 'V28', 'Time_sin']"
CostSensitiveLearning_ClusterCentroids___RandomizedSearchCV__niter_30__cv_5,1,4,VotingClassifier,resubstitution,363,22126,8,63,0.9968528368794326,0.9784366576819407,0.852112676056338,0.9109159347553325,0.9996385651034607,0.00036143489653928107,0.9258756205798994,0.9229326588648966,0.9115735337341373,0.909321822612344,0.9847668129799246,0.9086784241810192,22560,0.9072594828791021,0.003771639808919803,0.9021978026732651,0.015608055841107995,"{'classifier__extratreesclassifier_0__ccp_alpha': np.float64(0.0027140277003350243), 'classifier__extratreesclassifier_0__max_depth': 12, 'classifier__extratreesclassifier_0__max_features': 'log2', 'classifier__extratreesclassifier_0__max_leaf_nodes': 4, 'classifier__extratreesclassifier_0__min_impurity_decrease': np.float64(0.051631084639298365), 'classifier__extratreesclassifier_0__min_samples_leaf': 6, 'classifier__extratreesclassifier_0__min_samples_split': 6, 'classifier__extratreesclassifier_0__n_estimators': 825, 'classifier__randomforestclassifier_1__ccp_alpha': np.float64(0.004209765673771428), 'classifier__randomforestclassifier_1__max_depth': 12, 'classifier__randomforestclassifier_1__max_features': 'log2', 'classifier__randomforestclassifier_1__max_leaf_nodes': 2, 'classifier__randomforestclassifier_1__max_samples': np.float64(0.7400978792821469), 'classifier__randomforestclassifier_1__min_impurity_decrease': np.float64(0.08217769853415986), 'classifier__randomforestclassifier_1__min_samples_leaf': 8, 'classifier__randomforestclassifier_1__min_samples_split': 7, 'classifier__randomforestclassifier_1__n_estimators': 361, 'classifier__xgbclassifier_2__colsample_bytree': np.float64(0.7153064543151965), 'classifier__xgbclassifier_2__gamma': np.float64(0.6933629918177392), 'classifier__xgbclassifier_2__learning_rate': np.float64(0.0301543199662538), 'classifier__xgbclassifier_2__max_delta_step': 0, 'classifier__xgbclassifier_2__max_depth': 9, 'classifier__xgbclassifier_2__min_child_weight': 7, 'classifier__xgbclassifier_2__n_estimators': 231, 'classifier__xgbclassifier_2__reg_alpha': np.float64(0.0059283300344578), 'classifier__xgbclassifier_2__reg_lambda': np.float64(0.0005341285135733649), 'classifier__xgbclassifier_2__scale_pos_weight': np.float64(0.5971573642813938), 'classifier__xgbclassifier_2__subsample': np.float64(0.72467949710994), 'feature_selection_filter__k': 24}",101.7920594215393,"[0, 1, 2, 3, 4, 5, 6, 7, 8, 9, 10, 11, 12, 14, 16, 17, 18, 19, 20, 21, 23, 27, 28, 29]","['Amount_log1p', 'V1', 'V2', 'V3', 'V4', 'V5', 'V6', 'V7', 'V8', 'V9', 'V10', 'V11', 'V12', 'V14', 'V16', 'V17', 'V18', 'V19', 'V20', 'V21', 'V23', 'V27', 'V28', 'Time_sin']"
CostSensitiveLearning_ClusterCentroids___RandomizedSearchCV__niter_30__cv_5,1,5,VotingClassifier,resubstitution,364,22122,13,61,0.9967198581560284,0.9655172413793104,0.8564705882352941,0.9077306733167082,0.9994126948271967,0.0005873051728032541,0.9279416415312454,0.9251851591051758,0.9077535528826053,0.9060670118783503,0.996297904569553,0.9328469007360749,22560,0.9017075858466683,0.003754553268452629,0.8944094829068465,0.014394336070192615,"{'classifier__extratreesclassifier_0__ccp_alpha': np.float64(0.0052175422308479305), 'classifier__extratreesclassifier_0__max_depth': 17, 'classifier__extratreesclassifier_0__max_features': 'sqrt', 'classifier__extratreesclassifier_0__max_leaf_nodes': 9, 'classifier__extratreesclassifier_0__min_impurity_decrease': np.float64(0.0344180714481948), 'classifier__extratreesclassifier_0__min_samples_leaf': 5, 'classifier__extratreesclassifier_0__min_samples_split': 7, 'classifier__extratreesclassifier_0__n_estimators': 101, 'classifier__randomforestclassifier_1__ccp_alpha': np.float64(0.0031249233015915624), 'classifier__randomforestclassifier_1__max_depth': 16, 'classifier__randomforestclassifier_1__max_features': 'log2', 'classifier__randomforestclassifier_1__max_leaf_nodes': 6, 'classifier__randomforestclassifier_1__max_samples': np.float64(0.6332954252412315), 'classifier__randomforestclassifier_1__min_impurity_decrease': np.float64(0.049459222410977166), 'classifier__randomforestclassifier_1__min_samples_leaf': 3, 'classifier__randomforestclassifier_1__min_samples_split': 7, 'classifier__randomforestclassifier_1__n_estimators': 566, 'classifier__xgbclassifier_2__colsample_bytree': np.float64(0.7115080652108283), 'classifier__xgbclassifier_2__gamma': np.float64(2.698596520662792), 'classifier__xgbclassifier_2__learning_rate': np.float64(0.012347087679286363), 'classifier__xgbclassifier_2__max_delta_step': 0, 'classifier__xgbclassifier_2__max_depth': 7, 'classifier__xgbclassifier_2__min_child_weight': 9, 'classifier__xgbclassifier_2__n_estimators': 574, 'classifier__xgbclassifier_2__reg_alpha': np.float64(0.013517725759673244), 'classifier__xgbclassifier_2__reg_lambda': np.float64(1.528722624986099), 'classifier__xgbclassifier_2__scale_pos_weight': np.float64(1.715980020676852), 'classifier__xgbclassifier_2__subsample': np.float64(0.7682357305194841), 'feature_selection_filter__k': 26}",106.58637738227844,"[0, 1, 2, 3, 4, 5, 6, 7, 8, 9, 10, 11, 12, 14, 16, 17, 18, 19, 20, 21, 22, 23, 24, 27, 28, 29]","['Amount_log1p', 'V1', 'V2', 'V3', 'V4', 'V5', 'V6', 'V7', 'V8', 'V9', 'V10', 'V11', 'V12', 'V14', 'V16', 'V17', 'V18', 'V19', 'V20', 'V21', 'V22', 'V23', 'V24', 'V27', 'V28', 'Time_sin']"
CostSensitiveLearning_ClusterCentroids___RandomizedSearchCV__niter_30__cv_5,1,6,VotingClassifier,resubstitution,419,22132,3,6,0.9996010638297872,0.9928909952606635,0.9858823529411764,0.9893742621015348,0.9998644680370454,0.00013553196295457148,0.9928734104891109,0.992848797335546,0.9891774249153398,0.9891709805318721,0.999948869902603,0.9960797397889523,22560,0.98732545268775,0.002776586076642109,0.9112087954357483,0.015191744676652937,"{'classifier__extratreesclassifier_0__ccp_alpha': np.float64(0.00046496052906994323), 'classifier__extratreesclassifier_0__max_depth': 4, 'classifier__extratreesclassifier_0__max_features': 'log2', 'classifier__extratreesclassifier_0__max_leaf_nodes': 17, 'classifier__extratreesclassifier_0__min_impurity_decrease': np.float64(0.08074733562400283), 'classifier__extratreesclassifier_0__min_samples_leaf': 2, 'classifier__extratreesclassifier_0__min_samples_split': 4, 'classifier__extratreesclassifier_0__n_estimators': 100, 'classifier__randomforestclassifier_1__ccp_alpha': np.float64(0.005731364988875632), 'classifier__randomforestclassifier_1__max_depth': 17, 'classifier__randomforestclassifier_1__max_features': 'sqrt', 'classifier__randomforestclassifier_1__max_leaf_nodes': 10, 'classifier__randomforestclassifier_1__max_samples': np.float64(0.7374796531929684), 'classifier__randomforestclassifier_1__min_impurity_decrease': np.float64(0.09429592638226726), 'classifier__randomforestclassifier_1__min_samples_leaf': 2, 'classifier__randomforestclassifier_1__min_samples_split': 7, 'classifier__randomforestclassifier_1__n_estimators': 248, 'classifier__xgbclassifier_2__colsample_bytree': np.float64(0.7883520921429679), 'classifier__xgbclassifier_2__gamma': np.float64(0.2605307738102203), 'classifier__xgbclassifier_2__learning_rate': np.float64(0.18334886642141615), 'classifier__xgbclassifier_2__max_delta_step': 5, 'classifier__xgbclassifier_2__max_depth': 5, 'classifier__xgbclassifier_2__min_child_weight': 2, 'classifier__xgbclassifier_2__n_estimators': 265, 'classifier__xgbclassifier_2__reg_alpha': np.float64(0.201691362525894), 'classifier__xgbclassifier_2__reg_lambda': np.float64(0.00015291604297157753), 'classifier__xgbclassifier_2__scale_pos_weight': np.float64(4.037273707699232), 'classifier__xgbclassifier_2__subsample': np.float64(0.9631674093016243), 'feature_selection_filter__k': 20}",104.57449555397034,"[1, 2, 3, 4, 5, 6, 7, 8, 9, 10, 11, 12, 14, 16, 17, 18, 19, 20, 21, 27]","['V1', 'V2', 'V3', 'V4', 'V5', 'V6', 'V7', 'V8', 'V9', 'V10', 'V11', 'V12', 'V14', 'V16', 'V17', 'V18', 'V19', 'V20', 'V21', 'V27']"
CostSensitiveLearning_ClusterCentroids___RandomizedSearchCV__niter_30__cv_5,1,7,VotingClassifier,resubstitution,371,22123,12,54,0.9970744680851064,0.9686684073107049,0.8729411764705882,0.9183168316831684,0.9994578721481816,0.000542127851818397,0.9361995243093849,0.9340599181775355,0.9181182627651252,0.916831490711297,0.999549927583412,0.9739300743011801,22560,0.9192753801516862,0.002284465988376177,0.8980164444235775,0.013705529660055527,"{'classifier__extratreesclassifier_0__ccp_alpha': np.float64(0.008804524874101431), 'classifier__extratreesclassifier_0__max_depth': 10, 'classifier__extratreesclassifier_0__max_features': 'log2', 'classifier__extratreesclassifier_0__max_leaf_nodes': 13, 'classifier__extratreesclassifier_0__min_impurity_decrease': np.float64(0.03787411654278016), 'classifier__extratreesclassifier_0__min_samples_leaf': 1, 'classifier__extratreesclassifier_0__min_samples_split': 5, 'classifier__extratreesclassifier_0__n_estimators': 930, 'classifier__randomforestclassifier_1__ccp_alpha': np.float64(0.009262952009663435), 'classifier__randomforestclassifier_1__max_depth': 17, 'classifier__randomforestclassifier_1__max_features': 'log2', 'classifier__randomforestclassifier_1__max_leaf_nodes': 14, 'classifier__randomforestclassifier_1__max_samples': np.float64(0.792432220042497), 'classifier__randomforestclassifier_1__min_impurity_decrease': np.float64(0.039599405726056296), 'classifier__randomforestclassifier_1__min_samples_leaf': 7, 'classifier__randomforestclassifier_1__min_samples_split': 2, 'classifier__randomforestclassifier_1__n_estimators': 536, 'classifier__xgbclassifier_2__colsample_bytree': np.float64(0.6946811540180108), 'classifier__xgbclassifier_2__gamma': np.float64(3.3082821912445803), 'classifier__xgbclassifier_2__learning_rate': np.float64(0.02692937634376212), 'classifier__xgbclassifier_2__max_delta_step': 6, 'classifier__xgbclassifier_2__max_depth': 7, 'classifier__xgbclassifier_2__min_child_weight': 4, 'classifier__xgbclassifier_2__n_estimators': 507, 'classifier__xgbclassifier_2__reg_alpha': np.float64(0.03745292579008866), 'classifier__xgbclassifier_2__reg_lambda': np.float64(0.01689773794700762), 'classifier__xgbclassifier_2__scale_pos_weight': np.float64(2.715611632924596), 'classifier__xgbclassifier_2__subsample': np.float64(0.8930997197102247), 'feature_selection_filter__k': 20}",104.06546902656555,"[1, 2, 3, 4, 5, 6, 7, 8, 9, 10, 11, 12, 14, 16, 17, 18, 19, 20, 21, 27]","['V1', 'V2', 'V3', 'V4', 'V5', 'V6', 'V7', 'V8', 'V9', 'V10', 'V11', 'V12', 'V14', 'V16', 'V17', 'V18', 'V19', 'V20', 'V21', 'V27']"
CostSensitiveLearning_ClusterCentroids___RandomizedSearchCV__niter_30__cv_5,1,8,VotingClassifier,resubstitution,373,22117,18,53,0.9968529763751607,0.9539641943734015,0.8755868544600939,0.9130966952264382,0.9991868082222725,0.0008131917777275399,0.9373868313411832,0.93534744048902,0.9123658820658211,0.9114971624444278,0.9992250922900553,0.9604559402357171,22561,0.912770367458665,0.005747577515861843,0.8998631139655557,0.02116898227167476,"{'classifier__extratreesclassifier_0__ccp_alpha': np.float64(0.0077242576150991235), 'classifier__extratreesclassifier_0__max_depth': 8, 'classifier__extratreesclassifier_0__max_features': 'log2', 'classifier__extratreesclassifier_0__max_leaf_nodes': 5, 'classifier__extratreesclassifier_0__min_impurity_decrease': np.float64(0.09481977873272927), 'classifier__extratreesclassifier_0__min_samples_leaf': 1, 'classifier__extratreesclassifier_0__min_samples_split': 5, 'classifier__extratreesclassifier_0__n_estimators': 219, 'classifier__randomforestclassifier_1__ccp_alpha': np.float64(0.004343076270512425), 'classifier__randomforestclassifier_1__max_depth': 7, 'classifier__randomforestclassifier_1__max_features': 'sqrt', 'classifier__randomforestclassifier_1__max_leaf_nodes': 8, 'classifier__randomforestclassifier_1__max_samples': np.float64(0.787707539278935), 'classifier__randomforestclassifier_1__min_impurity_decrease': np.float64(0.06737141188180931), 'classifier__randomforestclassifier_1__min_samples_leaf': 7, 'classifier__randomforestclassifier_1__min_samples_split': 2, 'classifier__randomforestclassifier_1__n_estimators': 287, 'classifier__xgbclassifier_2__colsample_bytree': np.float64(0.6358476313318218), 'classifier__xgbclassifier_2__gamma': np.float64(1.6120547644383172), 'classifier__xgbclassifier_2__learning_rate': np.float64(0.010941051377890297), 'classifier__xgbclassifier_2__max_delta_step': 7, 'classifier__xgbclassifier_2__max_depth': 7, 'classifier__xgbclassifier_2__min_child_weight': 5, 'classifier__xgbclassifier_2__n_estimators': 501, 'classifier__xgbclassifier_2__reg_alpha': np.float64(6.2820716766254066), 'classifier__xgbclassifier_2__reg_lambda': np.float64(0.0021162635383286054), 'classifier__xgbclassifier_2__scale_pos_weight': np.float64(3.561763946942574), 'classifier__xgbclassifier_2__subsample': np.float64(0.9676526085768795), 'feature_selection_filter__k': 22}",105.512460231781,"[1, 2, 3, 4, 5, 6, 7, 8, 9, 10, 11, 12, 14, 16, 17, 18, 19, 20, 21, 27, 28, 29]","['V1', 'V2', 'V3', 'V4', 'V5', 'V6', 'V7', 'V8', 'V9', 'V10', 'V11', 'V12', 'V14', 'V16', 'V17', 'V18', 'V19', 'V20', 'V21', 'V27', 'V28', 'Time_sin']"
CostSensitiveLearning_ClusterCentroids___RandomizedSearchCV__niter_30__cv_5,1,9,VotingClassifier,resubstitution,359,22125,10,67,0.9965870307167235,0.9728997289972899,0.8427230046948356,0.9031446540880503,0.9995482267901513,0.00045177320984868263,0.9211356157424935,0.9177920706881223,0.9038266132056045,0.9014166528625908,0.9916064567511992,0.9182116131716285,22561,0.9018947103165263,0.00670533061578433,0.8968363834700229,0.02992277645093322,"{'classifier__extratreesclassifier_0__ccp_alpha': np.float64(0.00703918792339217), 'classifier__extratreesclassifier_0__max_depth': 9, 'classifier__extratreesclassifier_0__max_features': 'sqrt', 'classifier__extratreesclassifier_0__max_leaf_nodes': 3, 'classifier__extratreesclassifier_0__min_impurity_decrease': np.float64(0.06372502117314752), 'classifier__extratreesclassifier_0__min_samples_leaf': 5, 'classifier__extratreesclassifier_0__min_samples_split': 3, 'classifier__extratreesclassifier_0__n_estimators': 853, 'classifier__randomforestclassifier_1__ccp_alpha': np.float64(0.00709802469728028), 'classifier__randomforestclassifier_1__max_depth': 19, 'classifier__randomforestclassifier_1__max_features': 'log2', 'classifier__randomforestclassifier_1__max_leaf_nodes': 11, 'classifier__randomforestclassifier_1__max_samples': np.float64(0.7851630188327876), 'classifier__randomforestclassifier_1__min_impurity_decrease': np.float64(0.07024334545903924), 'classifier__randomforestclassifier_1__min_samples_leaf': 5, 'classifier__randomforestclassifier_1__min_samples_split': 7, 'classifier__randomforestclassifier_1__n_estimators': 394, 'classifier__xgbclassifier_2__colsample_bytree': np.float64(0.9624476995798326), 'classifier__xgbclassifier_2__gamma': np.float64(1.2737947800302325), 'classifier__xgbclassifier_2__learning_rate': np.float64(0.018088284887776574), 'classifier__xgbclassifier_2__max_delta_step': 3, 'classifier__xgbclassifier_2__max_depth': 7, 'classifier__xgbclassifier_2__min_child_weight': 7, 'classifier__xgbclassifier_2__n_estimators': 321, 'classifier__xgbclassifier_2__reg_alpha': np.float64(0.011560758419552435), 'classifier__xgbclassifier_2__reg_lambda': np.float64(0.699721112361338), 'classifier__xgbclassifier_2__scale_pos_weight': np.float64(0.9324738649518626), 'classifier__xgbclassifier_2__subsample': np.float64(0.8336549525254789), 'feature_selection_filter__k': 28}",103.83267378807068,"[0, 1, 2, 3, 4, 5, 6, 7, 8, 9, 10, 11, 12, 14, 16, 17, 18, 19, 20, 21, 22, 23, 24, 25, 26, 27, 28, 29]","['Amount_log1p', 'V1', 'V2', 'V3', 'V4', 'V5', 'V6', 'V7', 'V8', 'V9', 'V10', 'V11', 'V12', 'V14', 'V16', 'V17', 'V18', 'V19', 'V20', 'V21', 'V22', 'V23', 'V24', 'V25', 'V26', 'V27', 'V28', 'Time_sin']"
CostSensitiveLearning_ClusterCentroids___RandomizedSearchCV__niter_30__cv_5,1,10,VotingClassifier,resubstitution,364,22125,10,62,0.9968086520987545,0.9732620320855615,0.8544600938967136,0.91,0.9995482267901513,0.00045177320984868263,0.9270041603434325,0.9241612801440051,0.9103776182698724,0.908382511328724,0.9877726414203919,0.9154908097533551,22561,0.9107152180344563,0.009990979666876523,0.9025856592439052,0.045703011032409764,"{'classifier__extratreesclassifier_0__ccp_alpha': np.float64(0.002863912175457022), 'classifier__extratreesclassifier_0__max_depth': 15, 'classifier__extratreesclassifier_0__max_features': 'log2', 'classifier__extratreesclassifier_0__max_leaf_nodes': 11, 'classifier__extratreesclassifier_0__min_impurity_decrease': np.float64(0.011188613076130739), 'classifier__extratreesclassifier_0__min_samples_leaf': 3, 'classifier__extratreesclassifier_0__min_samples_split': 6, 'classifier__extratreesclassifier_0__n_estimators': 144, 'classifier__randomforestclassifier_1__ccp_alpha': np.float64(0.0011583894600724364), 'classifier__randomforestclassifier_1__max_depth': 3, 'classifier__randomforestclassifier_1__max_features': 'log2', 'classifier__randomforestclassifier_1__max_leaf_nodes': 7, 'classifier__randomforestclassifier_1__max_samples': np.float64(0.5899839429099), 'classifier__randomforestclassifier_1__min_impurity_decrease': np.float64(0.02654987916865849), 'classifier__randomforestclassifier_1__min_samples_leaf': 5, 'classifier__randomforestclassifier_1__min_samples_split': 3, 'classifier__randomforestclassifier_1__n_estimators': 568, 'classifier__xgbclassifier_2__colsample_bytree': np.float64(0.70494691652862), 'classifier__xgbclassifier_2__gamma': np.float64(2.437394010429927), 'classifier__xgbclassifier_2__learning_rate': np.float64(0.02414213948384504), 'classifier__xgbclassifier_2__max_delta_step': 2, 'classifier__xgbclassifier_2__max_depth': 6, 'classifier__xgbclassifier_2__min_child_weight': 4, 'classifier__xgbclassifier_2__n_estimators': 283, 'classifier__xgbclassifier_2__reg_alpha': np.float64(0.6218081914471713), 'classifier__xgbclassifier_2__reg_lambda': np.float64(0.3022110904205571), 'classifier__xgbclassifier_2__scale_pos_weight': np.float64(0.6581688816533583), 'classifier__xgbclassifier_2__subsample': np.float64(0.8985742027617489), 'feature_selection_filter__k': 28}",105.66031408309937,"[0, 1, 2, 3, 4, 5, 6, 7, 8, 9, 10, 11, 12, 14, 15, 16, 17, 18, 19, 20, 21, 22, 23, 24, 27, 28, 29, 30]","['Amount_log1p', 'V1', 'V2', 'V3', 'V4', 'V5', 'V6', 'V7', 'V8', 'V9', 'V10', 'V11', 'V12', 'V14', 'V15', 'V16', 'V17', 'V18', 'V19', 'V20', 'V21', 'V22', 'V23', 'V24', 'V27', 'V28', 'Time_sin', 'Time_cos']"
CostSensitiveLearning_ClusterCentroids___RandomizedSearchCV__niter_30__cv_5,2,1,VotingClassifier,resubstitution,362,22124,10,64,0.9967198581560284,0.9731182795698925,0.8497652582159625,0.9072681704260651,0.999548206379326,0.0004517936206740458,0.9246567322976442,0.921618868998042,0.9077624480112978,0.9056063529801307,0.9840152023250615,0.9014967111782108,22560,0.9045683369607961,0.005047341916878989,0.9042839438032484,0.021063550097469803,"{'classifier__extratreesclassifier_0__ccp_alpha': np.float64(0.007126714883784618), 'classifier__extratreesclassifier_0__max_depth': 11, 'classifier__extratreesclassifier_0__max_features': 'sqrt', 'classifier__extratreesclassifier_0__max_leaf_nodes': 5, 'classifier__extratreesclassifier_0__min_impurity_decrease': np.float64(0.026417957878094013), 'classifier__extratreesclassifier_0__min_samples_leaf': 9, 'classifier__extratreesclassifier_0__min_samples_split': 4, 'classifier__extratreesclassifier_0__n_estimators': 786, 'classifier__randomforestclassifier_1__ccp_alpha': np.float64(0.0017144602712990686), 'classifier__randomforestclassifier_1__max_depth': 4, 'classifier__randomforestclassifier_1__max_features': 'sqrt', 'classifier__randomforestclassifier_1__max_leaf_nodes': 16, 'classifier__randomforestclassifier_1__max_samples': np.float64(0.7013555042759086), 'classifier__randomforestclassifier_1__min_impurity_decrease': np.float64(0.04351349676632097), 'classifier__randomforestclassifier_1__min_samples_leaf': 1, 'classifier__randomforestclassifier_1__min_samples_split': 8, 'classifier__randomforestclassifier_1__n_estimators': 498, 'classifier__xgbclassifier_2__colsample_bytree': np.float64(0.9408483470412944), 'classifier__xgbclassifier_2__gamma': np.float64(4.97314114007254), 'classifier__xgbclassifier_2__learning_rate': np.float64(0.010843554593516123), 'classifier__xgbclassifier_2__max_delta_step': 2, 'classifier__xgbclassifier_2__max_depth': 8, 'classifier__xgbclassifier_2__min_child_weight': 8, 'classifier__xgbclassifier_2__n_estimators': 693, 'classifier__xgbclassifier_2__reg_alpha': np.float64(0.10530740032550784), 'classifier__xgbclassifier_2__reg_lambda': np.float64(1.6421152129711831), 'classifier__xgbclassifier_2__scale_pos_weight': np.float64(0.9010923886093228), 'classifier__xgbclassifier_2__subsample': np.float64(0.8040718977006278), 'feature_selection_filter__k': 'all'}",104.48907113075256,"[0, 1, 2, 3, 4, 5, 6, 7, 8, 9, 10, 11, 12, 13, 14, 15, 16, 17, 18, 19, 20, 21, 22, 23, 24, 25, 26, 27, 28, 29, 30]","['Amount_log1p', 'V1', 'V2', 'V3', 'V4', 'V5', 'V6', 'V7', 'V8', 'V9', 'V10', 'V11', 'V12', 'V13', 'V14', 'V15', 'V16', 'V17', 'V18', 'V19', 'V20', 'V21', 'V22', 'V23', 'V24', 'V25', 'V26', 'V27', 'V28', 'Time_sin', 'Time_cos']"
CostSensitiveLearning_ClusterCentroids___RandomizedSearchCV__niter_30__cv_5,2,2,VotingClassifier,resubstitution,383,22126,8,43,0.9977393617021276,0.979539641943734,0.8990610328638498,0.9375764993880049,0.9996385651034607,0.00036143489653928107,0.9493497989836552,0.9480169201192846,0.9373199687518637,0.9364274873541224,0.99986690117513,0.9926734984400841,22560,0.9345721846505374,0.006385260330744171,0.8949997188504157,0.013731639103799676,"{'classifier__extratreesclassifier_0__ccp_alpha': np.float64(0.008353319919654859), 'classifier__extratreesclassifier_0__max_depth': 11, 'classifier__extratreesclassifier_0__max_features': 'log2', 'classifier__extratreesclassifier_0__max_leaf_nodes': 18, 'classifier__extratreesclassifier_0__min_impurity_decrease': np.float64(0.049100429522686284), 'classifier__extratreesclassifier_0__min_samples_leaf': 6, 'classifier__extratreesclassifier_0__min_samples_split': 2, 'classifier__extratreesclassifier_0__n_estimators': 406, 'classifier__randomforestclassifier_1__ccp_alpha': np.float64(0.008884436631183969), 'classifier__randomforestclassifier_1__max_depth': 12, 'classifier__randomforestclassifier_1__max_features': 'sqrt', 'classifier__randomforestclassifier_1__max_leaf_nodes': 12, 'classifier__randomforestclassifier_1__max_samples': np.float64(0.6708287257809573), 'classifier__randomforestclassifier_1__min_impurity_decrease': np.float64(0.09638771020361142), 'classifier__randomforestclassifier_1__min_samples_leaf': 6, 'classifier__randomforestclassifier_1__min_samples_split': 3, 'classifier__randomforestclassifier_1__n_estimators': 394, 'classifier__xgbclassifier_2__colsample_bytree': np.float64(0.8822772598459736), 'classifier__xgbclassifier_2__gamma': np.float64(0.43495398898434956), 'classifier__xgbclassifier_2__learning_rate': np.float64(0.027748581932493774), 'classifier__xgbclassifier_2__max_delta_step': 7, 'classifier__xgbclassifier_2__max_depth': 8, 'classifier__xgbclassifier_2__min_child_weight': 5, 'classifier__xgbclassifier_2__n_estimators': 669, 'classifier__xgbclassifier_2__reg_alpha': np.float64(0.04203548243647363), 'classifier__xgbclassifier_2__reg_lambda': np.float64(0.00010320605376468226), 'classifier__xgbclassifier_2__scale_pos_weight': np.float64(0.9131758735612021), 'classifier__xgbclassifier_2__subsample': np.float64(0.972490534887623), 'feature_selection_filter__k': 'all'}",104.09034872055054,"[0, 1, 2, 3, 4, 5, 6, 7, 8, 9, 10, 11, 12, 13, 14, 15, 16, 17, 18, 19, 20, 21, 22, 23, 24, 25, 26, 27, 28, 29, 30]","['Amount_log1p', 'V1', 'V2', 'V3', 'V4', 'V5', 'V6', 'V7', 'V8', 'V9', 'V10', 'V11', 'V12', 'V13', 'V14', 'V15', 'V16', 'V17', 'V18', 'V19', 'V20', 'V21', 'V22', 'V23', 'V24', 'V25', 'V26', 'V27', 'V28', 'Time_sin', 'Time_cos']"
CostSensitiveLearning_ClusterCentroids___RandomizedSearchCV__niter_30__cv_5,2,3,VotingClassifier,resubstitution,369,22120,14,57,0.9968528368794326,0.9634464751958225,0.8661971830985915,0.9122373300370828,0.9993674889310563,0.0006325110689436864,0.932782336014824,0.9304027642867329,0.9119761683681292,0.9106396282587113,0.9973500076995815,0.9458104061167292,22560,0.9099600895279565,0.004472553212234994,0.9040159513647129,0.02817494665271955,"{'classifier__extratreesclassifier_0__ccp_alpha': np.float64(0.005404902965516099), 'classifier__extratreesclassifier_0__max_depth': 10, 'classifier__extratreesclassifier_0__max_features': 'sqrt', 'classifier__extratreesclassifier_0__max_leaf_nodes': 13, 'classifier__extratreesclassifier_0__min_impurity_decrease': np.float64(0.09330007959563964), 'classifier__extratreesclassifier_0__min_samples_leaf': 1, 'classifier__extratreesclassifier_0__min_samples_split': 3, 'classifier__extratreesclassifier_0__n_estimators': 380, 'classifier__randomforestclassifier_1__ccp_alpha': np.float64(0.008264622968918837), 'classifier__randomforestclassifier_1__max_depth': 12, 'classifier__randomforestclassifier_1__max_features': 'sqrt', 'classifier__randomforestclassifier_1__max_leaf_nodes': 4, 'classifier__randomforestclassifier_1__max_samples': np.float64(0.6974948541721342), 'classifier__randomforestclassifier_1__min_impurity_decrease': np.float64(0.03936853689920114), 'classifier__randomforestclassifier_1__min_samples_leaf': 5, 'classifier__randomforestclassifier_1__min_samples_split': 3, 'classifier__randomforestclassifier_1__n_estimators': 552, 'classifier__xgbclassifier_2__colsample_bytree': np.float64(0.8896847625064286), 'classifier__xgbclassifier_2__gamma': np.float64(4.818703579874469), 'classifier__xgbclassifier_2__learning_rate': np.float64(0.052507139028508204), 'classifier__xgbclassifier_2__max_delta_step': 7, 'classifier__xgbclassifier_2__max_depth': 4, 'classifier__xgbclassifier_2__min_child_weight': 9, 'classifier__xgbclassifier_2__n_estimators': 473, 'classifier__xgbclassifier_2__reg_alpha': np.float64(0.0004432562845478759), 'classifier__xgbclassifier_2__reg_lambda': np.float64(0.01620070204154882), 'classifier__xgbclassifier_2__scale_pos_weight': np.float64(1.7133830386277835), 'classifier__xgbclassifier_2__subsample': np.float64(0.8883136794057647), 'feature_selection_filter__k': 'all'}",105.05189156532288,"[0, 1, 2, 3, 4, 5, 6, 7, 8, 9, 10, 11, 12, 13, 14, 15, 16, 17, 18, 19, 20, 21, 22, 23, 24, 25, 26, 27, 28, 29, 30]","['Amount_log1p', 'V1', 'V2', 'V3', 'V4', 'V5', 'V6', 'V7', 'V8', 'V9', 'V10', 'V11', 'V12', 'V13', 'V14', 'V15', 'V16', 'V17', 'V18', 'V19', 'V20', 'V21', 'V22', 'V23', 'V24', 'V25', 'V26', 'V27', 'V28', 'Time_sin', 'Time_cos']"
CostSensitiveLearning_ClusterCentroids___RandomizedSearchCV__niter_30__cv_5,2,4,VotingClassifier,resubstitution,387,22114,20,39,0.9973847517730496,0.9508599508599509,0.9084507042253521,0.929171668667467,0.9990964127586518,0.0009035872413482027,0.953773558492002,0.952696089925649,0.928090774096946,0.92784015540519,0.9996585034134811,0.9779830706524355,22560,0.9266704240225323,0.0015999108957677676,0.9007288688727992,0.011023616305576795,"{'classifier__extratreesclassifier_0__ccp_alpha': np.float64(0.00681745203858658), 'classifier__extratreesclassifier_0__max_depth': 17, 'classifier__extratreesclassifier_0__max_features': 'sqrt', 'classifier__extratreesclassifier_0__max_leaf_nodes': 13, 'classifier__extratreesclassifier_0__min_impurity_decrease': np.float64(0.011515393123814423), 'classifier__extratreesclassifier_0__min_samples_leaf': 9, 'classifier__extratreesclassifier_0__min_samples_split': 8, 'classifier__extratreesclassifier_0__n_estimators': 252, 'classifier__randomforestclassifier_1__ccp_alpha': np.float64(0.007122715414517165), 'classifier__randomforestclassifier_1__max_depth': 8, 'classifier__randomforestclassifier_1__max_features': 'sqrt', 'classifier__randomforestclassifier_1__max_leaf_nodes': 12, 'classifier__randomforestclassifier_1__max_samples': np.float64(0.818172103289448), 'classifier__randomforestclassifier_1__min_impurity_decrease': np.float64(0.088712366521164), 'classifier__randomforestclassifier_1__min_samples_leaf': 3, 'classifier__randomforestclassifier_1__min_samples_split': 9, 'classifier__randomforestclassifier_1__n_estimators': 159, 'classifier__xgbclassifier_2__colsample_bytree': np.float64(0.8828756547213623), 'classifier__xgbclassifier_2__gamma': np.float64(3.2077407306547445), 'classifier__xgbclassifier_2__learning_rate': np.float64(0.0757477063269322), 'classifier__xgbclassifier_2__max_delta_step': 6, 'classifier__xgbclassifier_2__max_depth': 9, 'classifier__xgbclassifier_2__min_child_weight': 2, 'classifier__xgbclassifier_2__n_estimators': 564, 'classifier__xgbclassifier_2__reg_alpha': np.float64(0.14942771779169767), 'classifier__xgbclassifier_2__reg_lambda': np.float64(2.1150607728761894), 'classifier__xgbclassifier_2__scale_pos_weight': np.float64(3.4404909664300707), 'classifier__xgbclassifier_2__subsample': np.float64(0.6482775974939707), 'feature_selection_filter__k': 28}",103.09329414367676,"[0, 1, 2, 3, 4, 5, 6, 7, 8, 9, 10, 11, 12, 14, 16, 17, 18, 19, 20, 21, 22, 23, 24, 26, 27, 28, 29, 30]","['Amount_log1p', 'V1', 'V2', 'V3', 'V4', 'V5', 'V6', 'V7', 'V8', 'V9', 'V10', 'V11', 'V12', 'V14', 'V16', 'V17', 'V18', 'V19', 'V20', 'V21', 'V22', 'V23', 'V24', 'V26', 'V27', 'V28', 'Time_sin', 'Time_cos']"
CostSensitiveLearning_ClusterCentroids___RandomizedSearchCV__niter_30__cv_5,2,5,VotingClassifier,resubstitution,365,22122,13,60,0.9967641843971631,0.9656084656084656,0.8588235294117647,0.9090909090909091,0.9994126948271967,0.0005873051728032541,0.9291181121194807,0.9264551461945776,0.9090647523723738,0.9074494306629397,0.989085903347108,0.9213505866953596,22560,0.9083013686262623,0.002082255498327594,0.9012493249808404,0.015187319268139227,"{'classifier__extratreesclassifier_0__ccp_alpha': np.float64(0.001348798097525623), 'classifier__extratreesclassifier_0__max_depth': 16, 'classifier__extratreesclassifier_0__max_features': 'log2', 'classifier__extratreesclassifier_0__max_leaf_nodes': 19, 'classifier__extratreesclassifier_0__min_impurity_decrease': np.float64(0.05328738636377245), 'classifier__extratreesclassifier_0__min_samples_leaf': 9, 'classifier__extratreesclassifier_0__min_samples_split': 5, 'classifier__extratreesclassifier_0__n_estimators': 359, 'classifier__randomforestclassifier_1__ccp_alpha': np.float64(0.004152497762655599), 'classifier__randomforestclassifier_1__max_depth': 3, 'classifier__randomforestclassifier_1__max_features': 'log2', 'classifier__randomforestclassifier_1__max_leaf_nodes': 10, 'classifier__randomforestclassifier_1__max_samples': np.float64(0.8890682632211838), 'classifier__randomforestclassifier_1__min_impurity_decrease': np.float64(0.037560124570717106), 'classifier__randomforestclassifier_1__min_samples_leaf': 4, 'classifier__randomforestclassifier_1__min_samples_split': 3, 'classifier__randomforestclassifier_1__n_estimators': 736, 'classifier__xgbclassifier_2__colsample_bytree': np.float64(0.9423018832656797), 'classifier__xgbclassifier_2__gamma': np.float64(4.473663338042539), 'classifier__xgbclassifier_2__learning_rate': np.float64(0.04806345032959447), 'classifier__xgbclassifier_2__max_delta_step': 0, 'classifier__xgbclassifier_2__max_depth': 7, 'classifier__xgbclassifier_2__min_child_weight': 4, 'classifier__xgbclassifier_2__n_estimators': 648, 'classifier__xgbclassifier_2__reg_alpha': np.float64(0.026741136887664513), 'classifier__xgbclassifier_2__reg_lambda': np.float64(0.0005525915932251834), 'classifier__xgbclassifier_2__scale_pos_weight': np.float64(0.7303255097760789), 'classifier__xgbclassifier_2__subsample': np.float64(0.6200413946167281), 'feature_selection_filter__k': 28}",107.58680629730225,"[0, 1, 2, 3, 4, 5, 6, 7, 8, 9, 10, 11, 12, 14, 16, 17, 18, 19, 20, 21, 22, 23, 24, 26, 27, 28, 29, 30]","['Amount_log1p', 'V1', 'V2', 'V3', 'V4', 'V5', 'V6', 'V7', 'V8', 'V9', 'V10', 'V11', 'V12', 'V14', 'V16', 'V17', 'V18', 'V19', 'V20', 'V21', 'V22', 'V23', 'V24', 'V26', 'V27', 'V28', 'Time_sin', 'Time_cos']"
CostSensitiveLearning_ClusterCentroids___RandomizedSearchCV__niter_30__cv_5,2,6,VotingClassifier,resubstitution,371,22125,10,54,0.9971631205673759,0.973753280839895,0.8729411764705882,0.9205955334987593,0.9995482267901513,0.00045177320984868263,0.9362447016303698,0.9341021384373793,0.9205786973131438,0.9191556767234935,0.999615514423524,0.9759657293769992,22560,0.9250569995064986,0.0024581514855728623,0.8997355423347709,0.013721223562323321,"{'classifier__extratreesclassifier_0__ccp_alpha': np.float64(0.006708784050873133), 'classifier__extratreesclassifier_0__max_depth': 17, 'classifier__extratreesclassifier_0__max_features': 'log2', 'classifier__extratreesclassifier_0__max_leaf_nodes': 2, 'classifier__extratreesclassifier_0__min_impurity_decrease': np.float64(0.09623590819905829), 'classifier__extratreesclassifier_0__min_samples_leaf': 7, 'classifier__extratreesclassifier_0__min_samples_split': 7, 'classifier__extratreesclassifier_0__n_estimators': 234, 'classifier__randomforestclassifier_1__ccp_alpha': np.float64(0.005269128216130118), 'classifier__randomforestclassifier_1__max_depth': 6, 'classifier__randomforestclassifier_1__max_features': 'log2', 'classifier__randomforestclassifier_1__max_leaf_nodes': 3, 'classifier__randomforestclassifier_1__max_samples': np.float64(0.5726906672404155), 'classifier__randomforestclassifier_1__min_impurity_decrease': np.float64(0.0500916725210398), 'classifier__randomforestclassifier_1__min_samples_leaf': 9, 'classifier__randomforestclassifier_1__min_samples_split': 5, 'classifier__randomforestclassifier_1__n_estimators': 221, 'classifier__xgbclassifier_2__colsample_bytree': np.float64(0.6330126682981545), 'classifier__xgbclassifier_2__gamma': np.float64(2.1393567856477658), 'classifier__xgbclassifier_2__learning_rate': np.float64(0.03467535057987433), 'classifier__xgbclassifier_2__max_delta_step': 8, 'classifier__xgbclassifier_2__max_depth': 5, 'classifier__xgbclassifier_2__min_child_weight': 2, 'classifier__xgbclassifier_2__n_estimators': 222, 'classifier__xgbclassifier_2__reg_alpha': np.float64(2.0594684778295305), 'classifier__xgbclassifier_2__reg_lambda': np.float64(0.21116831830948732), 'classifier__xgbclassifier_2__scale_pos_weight': np.float64(4.046104422666942), 'classifier__xgbclassifier_2__subsample': np.float64(0.9459990946604616), 'feature_selection_filter__k': 20}",102.42839074134827,"[1, 2, 3, 4, 5, 6, 7, 8, 9, 10, 11, 12, 14, 16, 17, 18, 19, 20, 21, 27]","['V1', 'V2', 'V3', 'V4', 'V5', 'V6', 'V7', 'V8', 'V9', 'V10', 'V11', 'V12', 'V14', 'V16', 'V17', 'V18', 'V19', 'V20', 'V21', 'V27']"
CostSensitiveLearning_ClusterCentroids___RandomizedSearchCV__niter_30__cv_5,2,7,VotingClassifier,resubstitution,368,22121,14,57,0.9968528368794326,0.9633507853403142,0.8658823529411764,0.9120198265179678,0.9993675175062119,0.0006324824937881113,0.9326249352236942,0.9302336789813951,0.9117649647517648,0.9104222195129863,0.9949188801339375,0.9335452957414155,22560,0.9108045495079755,0.0030733391190454758,0.897083586587879,0.010724074998388436,"{'classifier__extratreesclassifier_0__ccp_alpha': np.float64(0.002538827798711646), 'classifier__extratreesclassifier_0__max_depth': 8, 'classifier__extratreesclassifier_0__max_features': 'sqrt', 'classifier__extratreesclassifier_0__max_leaf_nodes': 5, 'classifier__extratreesclassifier_0__min_impurity_decrease': np.float64(0.06450442329460652), 'classifier__extratreesclassifier_0__min_samples_leaf': 2, 'classifier__extratreesclassifier_0__min_samples_split': 4, 'classifier__extratreesclassifier_0__n_estimators': 549, 'classifier__randomforestclassifier_1__ccp_alpha': np.float64(0.0034964609380343805), 'classifier__randomforestclassifier_1__max_depth': 18, 'classifier__randomforestclassifier_1__max_features': 'sqrt', 'classifier__randomforestclassifier_1__max_leaf_nodes': 8, 'classifier__randomforestclassifier_1__max_samples': np.float64(0.8891666748514055), 'classifier__randomforestclassifier_1__min_impurity_decrease': np.float64(0.044353802892715635), 'classifier__randomforestclassifier_1__min_samples_leaf': 4, 'classifier__randomforestclassifier_1__min_samples_split': 6, 'classifier__randomforestclassifier_1__n_estimators': 471, 'classifier__xgbclassifier_2__colsample_bytree': np.float64(0.7434559114134043), 'classifier__xgbclassifier_2__gamma': np.float64(3.735845554583462), 'classifier__xgbclassifier_2__learning_rate': np.float64(0.10099064609318328), 'classifier__xgbclassifier_2__max_delta_step': 7, 'classifier__xgbclassifier_2__max_depth': 7, 'classifier__xgbclassifier_2__min_child_weight': 8, 'classifier__xgbclassifier_2__n_estimators': 647, 'classifier__xgbclassifier_2__reg_alpha': np.float64(0.0007363963592370478), 'classifier__xgbclassifier_2__reg_lambda': np.float64(0.0001530599946108616), 'classifier__xgbclassifier_2__scale_pos_weight': np.float64(1.0875168826065102), 'classifier__xgbclassifier_2__subsample': np.float64(0.690660275248188), 'feature_selection_filter__k': 20}",104.74868249893188,"[1, 2, 3, 4, 5, 6, 7, 8, 9, 10, 11, 12, 14, 16, 17, 18, 19, 20, 21, 27]","['V1', 'V2', 'V3', 'V4', 'V5', 'V6', 'V7', 'V8', 'V9', 'V10', 'V11', 'V12', 'V14', 'V16', 'V17', 'V18', 'V19', 'V20', 'V21', 'V27']"
CostSensitiveLearning_ClusterCentroids___RandomizedSearchCV__niter_30__cv_5,2,8,VotingClassifier,resubstitution,426,22130,5,0,0.999778378617969,0.988399071925754,1.0,0.9941656942823804,0.9997741133950757,0.0002258866049242858,0.9998870566975379,0.9998870503187226,0.9940703223691403,0.9940527421416507,0.9999599130813797,0.9977048545843241,22561,0.9947436631038628,0.0011651250232692614,0.9063005967055755,0.025263995747694726,"{'classifier__extratreesclassifier_0__ccp_alpha': np.float64(0.009697151960932947), 'classifier__extratreesclassifier_0__max_depth': 10, 'classifier__extratreesclassifier_0__max_features': 'log2', 'classifier__extratreesclassifier_0__max_leaf_nodes': 6, 'classifier__extratreesclassifier_0__min_impurity_decrease': np.float64(0.037971716975715664), 'classifier__extratreesclassifier_0__min_samples_leaf': 1, 'classifier__extratreesclassifier_0__min_samples_split': 5, 'classifier__extratreesclassifier_0__n_estimators': 670, 'classifier__randomforestclassifier_1__ccp_alpha': np.float64(0.0030806462210369832), 'classifier__randomforestclassifier_1__max_depth': 17, 'classifier__randomforestclassifier_1__max_features': 'sqrt', 'classifier__randomforestclassifier_1__max_leaf_nodes': 5, 'classifier__randomforestclassifier_1__max_samples': np.float64(0.6386008372717018), 'classifier__randomforestclassifier_1__min_impurity_decrease': np.float64(0.08038827677079657), 'classifier__randomforestclassifier_1__min_samples_leaf': 6, 'classifier__randomforestclassifier_1__min_samples_split': 9, 'classifier__randomforestclassifier_1__n_estimators': 450, 'classifier__xgbclassifier_2__colsample_bytree': np.float64(0.7219783149187591), 'classifier__xgbclassifier_2__gamma': np.float64(0.16317018017692253), 'classifier__xgbclassifier_2__learning_rate': np.float64(0.0406296277749299), 'classifier__xgbclassifier_2__max_delta_step': 3, 'classifier__xgbclassifier_2__max_depth': 9, 'classifier__xgbclassifier_2__min_child_weight': 1, 'classifier__xgbclassifier_2__n_estimators': 203, 'classifier__xgbclassifier_2__reg_alpha': np.float64(0.003652173220702448), 'classifier__xgbclassifier_2__reg_lambda': np.float64(0.00014927550488348532), 'classifier__xgbclassifier_2__scale_pos_weight': np.float64(6.786622303851022), 'classifier__xgbclassifier_2__subsample': np.float64(0.7774714775472555), 'feature_selection_filter__k': 24}",101.71461939811707,"[0, 1, 2, 3, 4, 5, 6, 7, 8, 9, 10, 11, 12, 14, 16, 17, 18, 19, 20, 21, 24, 27, 28, 29]","['Amount_log1p', 'V1', 'V2', 'V3', 'V4', 'V5', 'V6', 'V7', 'V8', 'V9', 'V10', 'V11', 'V12', 'V14', 'V16', 'V17', 'V18', 'V19', 'V20', 'V21', 'V24', 'V27', 'V28', 'Time_sin']"
CostSensitiveLearning_ClusterCentroids___RandomizedSearchCV__niter_30__cv_5,2,9,VotingClassifier,resubstitution,375,22129,6,51,0.9974735162448473,0.984251968503937,0.8802816901408451,0.929368029739777,0.9997289360740909,0.00027106392590914297,0.9400053131074679,0.9381061120843471,0.9295852420182945,0.9280858556160723,0.9998469697789175,0.9884422651210224,22561,0.9293622863255703,0.0030013787781956545,0.9007620000704826,0.01027082039242318,"{'classifier__extratreesclassifier_0__ccp_alpha': np.float64(0.004520203833165546), 'classifier__extratreesclassifier_0__max_depth': 18, 'classifier__extratreesclassifier_0__max_features': 'log2', 'classifier__extratreesclassifier_0__max_leaf_nodes': 6, 'classifier__extratreesclassifier_0__min_impurity_decrease': np.float64(0.016054655753001114), 'classifier__extratreesclassifier_0__min_samples_leaf': 3, 'classifier__extratreesclassifier_0__min_samples_split': 9, 'classifier__extratreesclassifier_0__n_estimators': 681, 'classifier__randomforestclassifier_1__ccp_alpha': np.float64(0.005490387657697406), 'classifier__randomforestclassifier_1__max_depth': 6, 'classifier__randomforestclassifier_1__max_features': 'log2', 'classifier__randomforestclassifier_1__max_leaf_nodes': 14, 'classifier__randomforestclassifier_1__max_samples': np.float64(0.7412993929871894), 'classifier__randomforestclassifier_1__min_impurity_decrease': np.float64(0.06032170176248852), 'classifier__randomforestclassifier_1__min_samples_leaf': 4, 'classifier__randomforestclassifier_1__min_samples_split': 2, 'classifier__randomforestclassifier_1__n_estimators': 258, 'classifier__xgbclassifier_2__colsample_bytree': np.float64(0.9852577345676254), 'classifier__xgbclassifier_2__gamma': np.float64(0.04864656110022347), 'classifier__xgbclassifier_2__learning_rate': np.float64(0.03179763748918586), 'classifier__xgbclassifier_2__max_delta_step': 7, 'classifier__xgbclassifier_2__max_depth': 5, 'classifier__xgbclassifier_2__min_child_weight': 3, 'classifier__xgbclassifier_2__n_estimators': 694, 'classifier__xgbclassifier_2__reg_alpha': np.float64(0.0021210927931153353), 'classifier__xgbclassifier_2__reg_lambda': np.float64(0.2116957683584778), 'classifier__xgbclassifier_2__scale_pos_weight': np.float64(1.2556550524157586), 'classifier__xgbclassifier_2__subsample': np.float64(0.6603976884305417), 'feature_selection_filter__k': 22}",102.04512977600098,"[1, 2, 3, 4, 5, 6, 7, 8, 9, 10, 11, 12, 14, 16, 17, 18, 19, 20, 21, 27, 28, 29]","['V1', 'V2', 'V3', 'V4', 'V5', 'V6', 'V7', 'V8', 'V9', 'V10', 'V11', 'V12', 'V14', 'V16', 'V17', 'V18', 'V19', 'V20', 'V21', 'V27', 'V28', 'Time_sin']"
CostSensitiveLearning_ClusterCentroids___RandomizedSearchCV__niter_30__cv_5,2,10,VotingClassifier,resubstitution,395,22125,10,31,0.9981827046673463,0.9753086419753086,0.9272300469483568,0.950661853188929,0.9995482267901513,0.00045177320984868263,0.963389136869254,0.9627103142969742,0.9500516510458296,0.9497367594677232,0.9998840872961586,0.9919522435581312,22561,0.9522296668766204,0.0027244960868792576,0.8964137971183119,0.02259560610154557,"{'classifier__extratreesclassifier_0__ccp_alpha': np.float64(0.005310715822723231), 'classifier__extratreesclassifier_0__max_depth': 12, 'classifier__extratreesclassifier_0__max_features': 'log2', 'classifier__extratreesclassifier_0__max_leaf_nodes': 10, 'classifier__extratreesclassifier_0__min_impurity_decrease': np.float64(0.03076043123399749), 'classifier__extratreesclassifier_0__min_samples_leaf': 3, 'classifier__extratreesclassifier_0__min_samples_split': 9, 'classifier__extratreesclassifier_0__n_estimators': 218, 'classifier__randomforestclassifier_1__ccp_alpha': np.float64(0.004256460809990969), 'classifier__randomforestclassifier_1__max_depth': 3, 'classifier__randomforestclassifier_1__max_features': 'log2', 'classifier__randomforestclassifier_1__max_leaf_nodes': 9, 'classifier__randomforestclassifier_1__max_samples': np.float64(0.8098935850791626), 'classifier__randomforestclassifier_1__min_impurity_decrease': np.float64(0.05799717426667827), 'classifier__randomforestclassifier_1__min_samples_leaf': 6, 'classifier__randomforestclassifier_1__min_samples_split': 9, 'classifier__randomforestclassifier_1__n_estimators': 679, 'classifier__xgbclassifier_2__colsample_bytree': np.float64(0.6528812180239708), 'classifier__xgbclassifier_2__gamma': np.float64(0.12401716834223364), 'classifier__xgbclassifier_2__learning_rate': np.float64(0.04165977412959446), 'classifier__xgbclassifier_2__max_delta_step': 0, 'classifier__xgbclassifier_2__max_depth': 8, 'classifier__xgbclassifier_2__min_child_weight': 4, 'classifier__xgbclassifier_2__n_estimators': 542, 'classifier__xgbclassifier_2__reg_alpha': np.float64(0.32804787160278454), 'classifier__xgbclassifier_2__reg_lambda': np.float64(1.2641773862170773), 'classifier__xgbclassifier_2__scale_pos_weight': np.float64(2.6594029233309247), 'classifier__xgbclassifier_2__subsample': np.float64(0.6027032635499933), 'feature_selection_filter__k': 26}",109.3516297340393,"[0, 1, 2, 3, 4, 5, 6, 7, 8, 9, 10, 11, 12, 14, 16, 17, 18, 19, 20, 21, 22, 23, 24, 27, 28, 29]","['Amount_log1p', 'V1', 'V2', 'V3', 'V4', 'V5', 'V6', 'V7', 'V8', 'V9', 'V10', 'V11', 'V12', 'V14', 'V16', 'V17', 'V18', 'V19', 'V20', 'V21', 'V22', 'V23', 'V24', 'V27', 'V28', 'Time_sin']"
CostSensitiveLearning_ClusterCentroids___RandomizedSearchCV__niter_30__cv_5,3,1,VotingClassifier,resubstitution,364,22125,9,62,0.9968528368794326,0.9758713136729222,0.8544600938967136,0.9111389236545682,0.9995933857413933,0.00040661425860666345,0.9270267398190535,0.9241821564167558,0.9116247578718607,0.9095441494080183,0.9875915836575428,0.9195726820671961,22560,0.9111764396740378,0.005180794838281838,0.9066209762186407,0.02634082497286253,"{'classifier__extratreesclassifier_0__ccp_alpha': np.float64(0.005715377995004768), 'classifier__extratreesclassifier_0__max_depth': 4, 'classifier__extratreesclassifier_0__max_features': 'log2', 'classifier__extratreesclassifier_0__max_leaf_nodes': 10, 'classifier__extratreesclassifier_0__min_impurity_decrease': np.float64(0.056993253612524934), 'classifier__extratreesclassifier_0__min_samples_leaf': 7, 'classifier__extratreesclassifier_0__min_samples_split': 4, 'classifier__extratreesclassifier_0__n_estimators': 810, 'classifier__randomforestclassifier_1__ccp_alpha': np.float64(0.003523738085352344), 'classifier__randomforestclassifier_1__max_depth': 5, 'classifier__randomforestclassifier_1__max_features': 'log2', 'classifier__randomforestclassifier_1__max_leaf_nodes': 2, 'classifier__randomforestclassifier_1__max_samples': np.float64(0.5890954621068323), 'classifier__randomforestclassifier_1__min_impurity_decrease': np.float64(0.0802494360824797), 'classifier__randomforestclassifier_1__min_samples_leaf': 1, 'classifier__randomforestclassifier_1__min_samples_split': 6, 'classifier__randomforestclassifier_1__n_estimators': 773, 'classifier__xgbclassifier_2__colsample_bytree': np.float64(0.7911206000452689), 'classifier__xgbclassifier_2__gamma': np.float64(1.8933340729980819), 'classifier__xgbclassifier_2__learning_rate': np.float64(0.06194587138211638), 'classifier__xgbclassifier_2__max_delta_step': 3, 'classifier__xgbclassifier_2__max_depth': 8, 'classifier__xgbclassifier_2__min_child_weight': 8, 'classifier__xgbclassifier_2__n_estimators': 295, 'classifier__xgbclassifier_2__reg_alpha': np.float64(1.1577905012523781), 'classifier__xgbclassifier_2__reg_lambda': np.float64(0.0002380208819566393), 'classifier__xgbclassifier_2__scale_pos_weight': np.float64(0.7167903911851414), 'classifier__xgbclassifier_2__subsample': np.float64(0.7891946276257679), 'feature_selection_filter__k': 22}",105.13975787162781,"[1, 2, 3, 4, 5, 6, 7, 8, 9, 10, 11, 12, 14, 16, 17, 18, 19, 20, 21, 27, 28, 29]","['V1', 'V2', 'V3', 'V4', 'V5', 'V6', 'V7', 'V8', 'V9', 'V10', 'V11', 'V12', 'V14', 'V16', 'V17', 'V18', 'V19', 'V20', 'V21', 'V27', 'V28', 'Time_sin']"
CostSensitiveLearning_ClusterCentroids___RandomizedSearchCV__niter_30__cv_5,3,2,VotingClassifier,resubstitution,364,22123,11,62,0.9967641843971631,0.9706666666666667,0.8544600938967136,0.9088639200998752,0.9995030270172586,0.0004969729827414282,0.9269815604569861,0.9241403845278141,0.9091352932581304,0.9072235686206909,0.9889412375581763,0.920938403215041,22560,0.9081645389746802,0.005873710128612691,0.9030528859438078,0.025058366050542433,"{'classifier__extratreesclassifier_0__ccp_alpha': np.float64(0.008198403758364557), 'classifier__extratreesclassifier_0__max_depth': 11, 'classifier__extratreesclassifier_0__max_features': 'log2', 'classifier__extratreesclassifier_0__max_leaf_nodes': 11, 'classifier__extratreesclassifier_0__min_impurity_decrease': np.float64(0.07507619599300688), 'classifier__extratreesclassifier_0__min_samples_leaf': 8, 'classifier__extratreesclassifier_0__min_samples_split': 7, 'classifier__extratreesclassifier_0__n_estimators': 386, 'classifier__randomforestclassifier_1__ccp_alpha': np.float64(0.009862779361088585), 'classifier__randomforestclassifier_1__max_depth': 7, 'classifier__randomforestclassifier_1__max_features': 'log2', 'classifier__randomforestclassifier_1__max_leaf_nodes': 13, 'classifier__randomforestclassifier_1__max_samples': np.float64(0.6001228565592546), 'classifier__randomforestclassifier_1__min_impurity_decrease': np.float64(0.04344213063834466), 'classifier__randomforestclassifier_1__min_samples_leaf': 5, 'classifier__randomforestclassifier_1__min_samples_split': 9, 'classifier__randomforestclassifier_1__n_estimators': 986, 'classifier__xgbclassifier_2__colsample_bytree': np.float64(0.921924143692864), 'classifier__xgbclassifier_2__gamma': np.float64(4.451392112579655), 'classifier__xgbclassifier_2__learning_rate': np.float64(0.01788081010118587), 'classifier__xgbclassifier_2__max_delta_step': 4, 'classifier__xgbclassifier_2__max_depth': 9, 'classifier__xgbclassifier_2__min_child_weight': 3, 'classifier__xgbclassifier_2__n_estimators': 538, 'classifier__xgbclassifier_2__reg_alpha': np.float64(0.00010147627736990714), 'classifier__xgbclassifier_2__reg_lambda': np.float64(0.35211122718567167), 'classifier__xgbclassifier_2__scale_pos_weight': np.float64(0.7451550793655365), 'classifier__xgbclassifier_2__subsample': np.float64(0.8994178239927852), 'feature_selection_filter__k': 'all'}",112.3808867931366,"[0, 1, 2, 3, 4, 5, 6, 7, 8, 9, 10, 11, 12, 13, 14, 15, 16, 17, 18, 19, 20, 21, 22, 23, 24, 25, 26, 27, 28, 29, 30]","['Amount_log1p', 'V1', 'V2', 'V3', 'V4', 'V5', 'V6', 'V7', 'V8', 'V9', 'V10', 'V11', 'V12', 'V13', 'V14', 'V15', 'V16', 'V17', 'V18', 'V19', 'V20', 'V21', 'V22', 'V23', 'V24', 'V25', 'V26', 'V27', 'V28', 'Time_sin', 'Time_cos']"
CostSensitiveLearning_ClusterCentroids___RandomizedSearchCV__niter_30__cv_5,3,3,VotingClassifier,resubstitution,367,22125,9,59,0.9969858156028368,0.976063829787234,0.8615023474178404,0.9152119700748129,0.9995933857413933,0.00040661425860666345,0.9305478665796169,0.9279827844736976,0.9155294920942528,0.9136836760599136,0.9987404927138204,0.9642350763937586,22560,0.919538422825752,0.0062570400264716445,0.9006372002535684,0.01740502237842242,"{'classifier__extratreesclassifier_0__ccp_alpha': np.float64(0.0057792125470418195), 'classifier__extratreesclassifier_0__max_depth': 15, 'classifier__extratreesclassifier_0__max_features': 'sqrt', 'classifier__extratreesclassifier_0__max_leaf_nodes': 10, 'classifier__extratreesclassifier_0__min_impurity_decrease': np.float64(0.07881851041584019), 'classifier__extratreesclassifier_0__min_samples_leaf': 3, 'classifier__extratreesclassifier_0__min_samples_split': 5, 'classifier__extratreesclassifier_0__n_estimators': 746, 'classifier__randomforestclassifier_1__ccp_alpha': np.float64(0.006386474053343256), 'classifier__randomforestclassifier_1__max_depth': 9, 'classifier__randomforestclassifier_1__max_features': 'sqrt', 'classifier__randomforestclassifier_1__max_leaf_nodes': 19, 'classifier__randomforestclassifier_1__max_samples': np.float64(0.8211481184816726), 'classifier__randomforestclassifier_1__min_impurity_decrease': np.float64(0.02872045582103121), 'classifier__randomforestclassifier_1__min_samples_leaf': 2, 'classifier__randomforestclassifier_1__min_samples_split': 6, 'classifier__randomforestclassifier_1__n_estimators': 407, 'classifier__xgbclassifier_2__colsample_bytree': np.float64(0.854457879945588), 'classifier__xgbclassifier_2__gamma': np.float64(1.1304542482494866), 'classifier__xgbclassifier_2__learning_rate': np.float64(0.02220037985615146), 'classifier__xgbclassifier_2__max_delta_step': 1, 'classifier__xgbclassifier_2__max_depth': 4, 'classifier__xgbclassifier_2__min_child_weight': 2, 'classifier__xgbclassifier_2__n_estimators': 677, 'classifier__xgbclassifier_2__reg_alpha': np.float64(0.0004395212828489617), 'classifier__xgbclassifier_2__reg_lambda': np.float64(0.7480787619689975), 'classifier__xgbclassifier_2__scale_pos_weight': np.float64(0.9655842014600492), 'classifier__xgbclassifier_2__subsample': np.float64(0.9404843259776973), 'feature_selection_filter__k': 20}",105.20330858230591,"[1, 2, 3, 4, 5, 6, 7, 8, 9, 10, 11, 12, 14, 16, 17, 18, 19, 20, 21, 27]","['V1', 'V2', 'V3', 'V4', 'V5', 'V6', 'V7', 'V8', 'V9', 'V10', 'V11', 'V12', 'V14', 'V16', 'V17', 'V18', 'V19', 'V20', 'V21', 'V27']"
CostSensitiveLearning_ClusterCentroids___RandomizedSearchCV__niter_30__cv_5,3,4,VotingClassifier,resubstitution,368,22125,9,58,0.9970301418439717,0.9761273209549072,0.863849765258216,0.9165628891656289,0.9995933857413933,0.00040661425860666345,0.9317215754998047,0.9292462061404222,0.9168276165914556,0.9150567850382332,0.9994712105650982,0.9758808636282413,22560,0.9139309939632246,0.0055114719319620765,0.9017967164603521,0.03555872663869687,"{'classifier__extratreesclassifier_0__ccp_alpha': np.float64(0.008173056756274832), 'classifier__extratreesclassifier_0__max_depth': 8, 'classifier__extratreesclassifier_0__max_features': 'sqrt', 'classifier__extratreesclassifier_0__max_leaf_nodes': 17, 'classifier__extratreesclassifier_0__min_impurity_decrease': np.float64(0.012241687547983894), 'classifier__extratreesclassifier_0__min_samples_leaf': 1, 'classifier__extratreesclassifier_0__min_samples_split': 5, 'classifier__extratreesclassifier_0__n_estimators': 313, 'classifier__randomforestclassifier_1__ccp_alpha': np.float64(0.003038355837997059), 'classifier__randomforestclassifier_1__max_depth': 7, 'classifier__randomforestclassifier_1__max_features': 'sqrt', 'classifier__randomforestclassifier_1__max_leaf_nodes': 18, 'classifier__randomforestclassifier_1__max_samples': np.float64(0.8254245425684055), 'classifier__randomforestclassifier_1__min_impurity_decrease': np.float64(0.05939161213094462), 'classifier__randomforestclassifier_1__min_samples_leaf': 8, 'classifier__randomforestclassifier_1__min_samples_split': 9, 'classifier__randomforestclassifier_1__n_estimators': 886, 'classifier__xgbclassifier_2__colsample_bytree': np.float64(0.741638933992545), 'classifier__xgbclassifier_2__gamma': np.float64(0.8079981913844153), 'classifier__xgbclassifier_2__learning_rate': np.float64(0.03935357532808792), 'classifier__xgbclassifier_2__max_delta_step': 8, 'classifier__xgbclassifier_2__max_depth': 4, 'classifier__xgbclassifier_2__min_child_weight': 8, 'classifier__xgbclassifier_2__n_estimators': 647, 'classifier__xgbclassifier_2__reg_alpha': np.float64(0.7299566015405061), 'classifier__xgbclassifier_2__reg_lambda': np.float64(0.0001267135823560034), 'classifier__xgbclassifier_2__scale_pos_weight': np.float64(1.1801825586098105), 'classifier__xgbclassifier_2__subsample': np.float64(0.7885132873820598), 'feature_selection_filter__k': 28}",108.78567004203796,"[0, 1, 2, 3, 4, 5, 6, 7, 8, 9, 10, 11, 12, 14, 16, 17, 18, 19, 20, 21, 22, 23, 24, 26, 27, 28, 29, 30]","['Amount_log1p', 'V1', 'V2', 'V3', 'V4', 'V5', 'V6', 'V7', 'V8', 'V9', 'V10', 'V11', 'V12', 'V14', 'V16', 'V17', 'V18', 'V19', 'V20', 'V21', 'V22', 'V23', 'V24', 'V26', 'V27', 'V28', 'Time_sin', 'Time_cos']"
CostSensitiveLearning_ClusterCentroids___RandomizedSearchCV__niter_30__cv_5,3,5,VotingClassifier,resubstitution,363,22125,10,62,0.9968085106382979,0.9731903485254692,0.8541176470588235,0.9097744360902256,0.9995482267901513,0.00045177320984868263,0.9268329369244874,0.9239760708956826,0.9101614584654008,0.9081569821716029,0.9946733281069373,0.9327774169418214,22560,0.9079811513068694,0.006542318942072989,0.9014020260448472,0.026400078675676543,"{'classifier__extratreesclassifier_0__ccp_alpha': np.float64(0.007069938193225658), 'classifier__extratreesclassifier_0__max_depth': 17, 'classifier__extratreesclassifier_0__max_features': 'log2', 'classifier__extratreesclassifier_0__max_leaf_nodes': 15, 'classifier__extratreesclassifier_0__min_impurity_decrease': np.float64(0.0005183688661883235), 'classifier__extratreesclassifier_0__min_samples_leaf': 9, 'classifier__extratreesclassifier_0__min_samples_split': 9, 'classifier__extratreesclassifier_0__n_estimators': 898, 'classifier__randomforestclassifier_1__ccp_alpha': np.float64(0.009097146829709489), 'classifier__randomforestclassifier_1__max_depth': 12, 'classifier__randomforestclassifier_1__max_features': 'sqrt', 'classifier__randomforestclassifier_1__max_leaf_nodes': 13, 'classifier__randomforestclassifier_1__max_samples': np.float64(0.5848655815780426), 'classifier__randomforestclassifier_1__min_impurity_decrease': np.float64(0.039539654442420906), 'classifier__randomforestclassifier_1__min_samples_leaf': 8, 'classifier__randomforestclassifier_1__min_samples_split': 2, 'classifier__randomforestclassifier_1__n_estimators': 652, 'classifier__xgbclassifier_2__colsample_bytree': np.float64(0.8875089825317775), 'classifier__xgbclassifier_2__gamma': np.float64(1.890912760277571), 'classifier__xgbclassifier_2__learning_rate': np.float64(0.026287780352933963), 'classifier__xgbclassifier_2__max_delta_step': 6, 'classifier__xgbclassifier_2__max_depth': 9, 'classifier__xgbclassifier_2__min_child_weight': 4, 'classifier__xgbclassifier_2__n_estimators': 627, 'classifier__xgbclassifier_2__reg_alpha': np.float64(0.1531514008530459), 'classifier__xgbclassifier_2__reg_lambda': np.float64(0.0005070187824143342), 'classifier__xgbclassifier_2__scale_pos_weight': np.float64(0.5953247805669073), 'classifier__xgbclassifier_2__subsample': np.float64(0.8218882056542917), 'feature_selection_filter__k': 26}",107.5504720211029,"[0, 1, 2, 3, 4, 5, 6, 7, 8, 9, 10, 11, 12, 14, 16, 17, 18, 19, 20, 21, 22, 23, 24, 27, 28, 29]","['Amount_log1p', 'V1', 'V2', 'V3', 'V4', 'V5', 'V6', 'V7', 'V8', 'V9', 'V10', 'V11', 'V12', 'V14', 'V16', 'V17', 'V18', 'V19', 'V20', 'V21', 'V22', 'V23', 'V24', 'V27', 'V28', 'Time_sin']"
CostSensitiveLearning_ClusterCentroids___RandomizedSearchCV__niter_30__cv_5,3,6,VotingClassifier,resubstitution,362,22121,14,63,0.9965868794326241,0.9627659574468085,0.851764705882353,0.9038701622971286,0.9993675175062119,0.0006324824937881113,0.9255661116942824,0.9226190869568306,0.9038938060798228,0.9021393772505825,0.9926279116119003,0.9214995382342897,22560,0.9034516217647621,0.0057867364505167695,0.8960027994964509,0.025321663180999186,"{'classifier__extratreesclassifier_0__ccp_alpha': np.float64(0.0014153135248131255), 'classifier__extratreesclassifier_0__max_depth': 16, 'classifier__extratreesclassifier_0__max_features': 'sqrt', 'classifier__extratreesclassifier_0__max_leaf_nodes': 19, 'classifier__extratreesclassifier_0__min_impurity_decrease': np.float64(0.03088514926546101), 'classifier__extratreesclassifier_0__min_samples_leaf': 4, 'classifier__extratreesclassifier_0__min_samples_split': 8, 'classifier__extratreesclassifier_0__n_estimators': 193, 'classifier__randomforestclassifier_1__ccp_alpha': np.float64(0.009591370639512892), 'classifier__randomforestclassifier_1__max_depth': 6, 'classifier__randomforestclassifier_1__max_features': 'log2', 'classifier__randomforestclassifier_1__max_leaf_nodes': 10, 'classifier__randomforestclassifier_1__max_samples': np.float64(0.8226088772483584), 'classifier__randomforestclassifier_1__min_impurity_decrease': np.float64(0.023697985864485373), 'classifier__randomforestclassifier_1__min_samples_leaf': 5, 'classifier__randomforestclassifier_1__min_samples_split': 3, 'classifier__randomforestclassifier_1__n_estimators': 712, 'classifier__xgbclassifier_2__colsample_bytree': np.float64(0.8602261886321874), 'classifier__xgbclassifier_2__gamma': np.float64(4.965539213273264), 'classifier__xgbclassifier_2__learning_rate': np.float64(0.01737590980686707), 'classifier__xgbclassifier_2__max_delta_step': 0, 'classifier__xgbclassifier_2__max_depth': 7, 'classifier__xgbclassifier_2__min_child_weight': 3, 'classifier__xgbclassifier_2__n_estimators': 567, 'classifier__xgbclassifier_2__reg_alpha': np.float64(0.1058858634965913), 'classifier__xgbclassifier_2__reg_lambda': np.float64(0.00017881646446510282), 'classifier__xgbclassifier_2__scale_pos_weight': np.float64(1.1446192559085784), 'classifier__xgbclassifier_2__subsample': np.float64(0.7158775701036124), 'feature_selection_filter__k': 22}",108.52282381057739,"[1, 2, 3, 4, 5, 6, 7, 8, 9, 10, 11, 12, 14, 16, 17, 18, 19, 20, 21, 27, 28, 29]","['V1', 'V2', 'V3', 'V4', 'V5', 'V6', 'V7', 'V8', 'V9', 'V10', 'V11', 'V12', 'V14', 'V16', 'V17', 'V18', 'V19', 'V20', 'V21', 'V27', 'V28', 'Time_sin']"
CostSensitiveLearning_ClusterCentroids___RandomizedSearchCV__niter_30__cv_5,3,7,VotingClassifier,resubstitution,375,22121,14,50,0.9971631205673759,0.9640102827763496,0.8823529411764706,0.9213759213759214,0.9993675175062119,0.0006324824937881113,0.9408602293413413,0.9390393327160657,0.9208686846043319,0.9199342989232632,0.9994023837680542,0.9713032643249664,22560,0.9198230272338342,0.0058292597844363005,0.8977111484535198,0.026568840964470274,"{'classifier__extratreesclassifier_0__ccp_alpha': np.float64(0.00539843781631056), 'classifier__extratreesclassifier_0__max_depth': 9, 'classifier__extratreesclassifier_0__max_features': 'sqrt', 'classifier__extratreesclassifier_0__max_leaf_nodes': 12, 'classifier__extratreesclassifier_0__min_impurity_decrease': np.float64(0.0634934404506853), 'classifier__extratreesclassifier_0__min_samples_leaf': 6, 'classifier__extratreesclassifier_0__min_samples_split': 5, 'classifier__extratreesclassifier_0__n_estimators': 479, 'classifier__randomforestclassifier_1__ccp_alpha': np.float64(0.006670555655195713), 'classifier__randomforestclassifier_1__max_depth': 3, 'classifier__randomforestclassifier_1__max_features': 'log2', 'classifier__randomforestclassifier_1__max_leaf_nodes': 5, 'classifier__randomforestclassifier_1__max_samples': np.float64(0.7986444205650014), 'classifier__randomforestclassifier_1__min_impurity_decrease': np.float64(0.05209295099701225), 'classifier__randomforestclassifier_1__min_samples_leaf': 6, 'classifier__randomforestclassifier_1__min_samples_split': 7, 'classifier__randomforestclassifier_1__n_estimators': 669, 'classifier__xgbclassifier_2__colsample_bytree': np.float64(0.7717470710064218), 'classifier__xgbclassifier_2__gamma': np.float64(3.2626134543254497), 'classifier__xgbclassifier_2__learning_rate': np.float64(0.03905429321903163), 'classifier__xgbclassifier_2__max_delta_step': 6, 'classifier__xgbclassifier_2__max_depth': 3, 'classifier__xgbclassifier_2__min_child_weight': 1, 'classifier__xgbclassifier_2__n_estimators': 505, 'classifier__xgbclassifier_2__reg_alpha': np.float64(0.003380076325643903), 'classifier__xgbclassifier_2__reg_lambda': np.float64(0.0015570287826510898), 'classifier__xgbclassifier_2__scale_pos_weight': np.float64(3.1730629016442666), 'classifier__xgbclassifier_2__subsample': np.float64(0.8388985915628806), 'feature_selection_filter__k': 22}",104.395672082901,"[1, 2, 3, 4, 5, 6, 7, 8, 9, 10, 11, 12, 14, 16, 17, 18, 19, 20, 21, 27, 28, 29]","['V1', 'V2', 'V3', 'V4', 'V5', 'V6', 'V7', 'V8', 'V9', 'V10', 'V11', 'V12', 'V14', 'V16', 'V17', 'V18', 'V19', 'V20', 'V21', 'V27', 'V28', 'Time_sin']"
CostSensitiveLearning_ClusterCentroids___RandomizedSearchCV__niter_30__cv_5,3,8,VotingClassifier,resubstitution,408,22119,16,18,0.9984929746021897,0.9622641509433962,0.9577464788732394,0.96,0.9992771628642422,0.0007228371357578256,0.9785118208687408,0.978291461759566,0.9592347828369787,0.9592320245719483,0.9998175939152724,0.9845292000559822,22561,0.962129798228721,0.0031987937693324802,0.9014366192521432,0.02212237994865618,"{'classifier__extratreesclassifier_0__ccp_alpha': np.float64(0.004573652109796378), 'classifier__extratreesclassifier_0__max_depth': 6, 'classifier__extratreesclassifier_0__max_features': 'sqrt', 'classifier__extratreesclassifier_0__max_leaf_nodes': 5, 'classifier__extratreesclassifier_0__min_impurity_decrease': np.float64(0.0631169213927115), 'classifier__extratreesclassifier_0__min_samples_leaf': 5, 'classifier__extratreesclassifier_0__min_samples_split': 6, 'classifier__extratreesclassifier_0__n_estimators': 170, 'classifier__randomforestclassifier_1__ccp_alpha': np.float64(0.0057626395118705), 'classifier__randomforestclassifier_1__max_depth': 15, 'classifier__randomforestclassifier_1__max_features': 'sqrt', 'classifier__randomforestclassifier_1__max_leaf_nodes': 7, 'classifier__randomforestclassifier_1__max_samples': np.float64(0.537570927841088), 'classifier__randomforestclassifier_1__min_impurity_decrease': np.float64(0.09324169149464079), 'classifier__randomforestclassifier_1__min_samples_leaf': 5, 'classifier__randomforestclassifier_1__min_samples_split': 7, 'classifier__randomforestclassifier_1__n_estimators': 497, 'classifier__xgbclassifier_2__colsample_bytree': np.float64(0.8673650345834204), 'classifier__xgbclassifier_2__gamma': np.float64(1.710351516742723), 'classifier__xgbclassifier_2__learning_rate': np.float64(0.12701353646250038), 'classifier__xgbclassifier_2__max_delta_step': 6, 'classifier__xgbclassifier_2__max_depth': 4, 'classifier__xgbclassifier_2__min_child_weight': 5, 'classifier__xgbclassifier_2__n_estimators': 613, 'classifier__xgbclassifier_2__reg_alpha': np.float64(0.3951571597708925), 'classifier__xgbclassifier_2__reg_lambda': np.float64(0.01794814421372766), 'classifier__xgbclassifier_2__scale_pos_weight': np.float64(7.496318214495175), 'classifier__xgbclassifier_2__subsample': np.float64(0.8739750341438784), 'feature_selection_filter__k': 20}",103.93937397003174,"[1, 2, 3, 4, 5, 6, 7, 8, 9, 10, 11, 12, 14, 16, 17, 18, 19, 20, 21, 27]","['V1', 'V2', 'V3', 'V4', 'V5', 'V6', 'V7', 'V8', 'V9', 'V10', 'V11', 'V12', 'V14', 'V16', 'V17', 'V18', 'V19', 'V20', 'V21', 'V27']"
CostSensitiveLearning_ClusterCentroids___RandomizedSearchCV__niter_30__cv_5,3,9,VotingClassifier,resubstitution,373,22123,12,53,0.9971189220335978,0.9688311688311688,0.8755868544600939,0.9198520345252774,0.9994578721481816,0.000542127851818397,0.9375223633041377,0.9354743045319871,0.9196082174582111,0.9183889476909364,0.9988248594041471,0.9632404888145059,22561,0.9182464328478822,0.004107214336606719,0.9012753749647675,0.017423162096428364,"{'classifier__extratreesclassifier_0__ccp_alpha': np.float64(0.007045087467348027), 'classifier__extratreesclassifier_0__max_depth': 16, 'classifier__extratreesclassifier_0__max_features': 'sqrt', 'classifier__extratreesclassifier_0__max_leaf_nodes': 15, 'classifier__extratreesclassifier_0__min_impurity_decrease': np.float64(0.06436172714420567), 'classifier__extratreesclassifier_0__min_samples_leaf': 8, 'classifier__extratreesclassifier_0__min_samples_split': 5, 'classifier__extratreesclassifier_0__n_estimators': 691, 'classifier__randomforestclassifier_1__ccp_alpha': np.float64(0.0023458577356217235), 'classifier__randomforestclassifier_1__max_depth': 10, 'classifier__randomforestclassifier_1__max_features': 'sqrt', 'classifier__randomforestclassifier_1__max_leaf_nodes': 16, 'classifier__randomforestclassifier_1__max_samples': np.float64(0.7477001118918745), 'classifier__randomforestclassifier_1__min_impurity_decrease': np.float64(0.031721648652079625), 'classifier__randomforestclassifier_1__min_samples_leaf': 9, 'classifier__randomforestclassifier_1__min_samples_split': 4, 'classifier__randomforestclassifier_1__n_estimators': 108, 'classifier__xgbclassifier_2__colsample_bytree': np.float64(0.7084497518007152), 'classifier__xgbclassifier_2__gamma': np.float64(1.3367785499762057), 'classifier__xgbclassifier_2__learning_rate': np.float64(0.06318336296046881), 'classifier__xgbclassifier_2__max_delta_step': 8, 'classifier__xgbclassifier_2__max_depth': 6, 'classifier__xgbclassifier_2__min_child_weight': 6, 'classifier__xgbclassifier_2__n_estimators': 520, 'classifier__xgbclassifier_2__reg_alpha': np.float64(0.7945154032989576), 'classifier__xgbclassifier_2__reg_lambda': np.float64(0.004375293219304796), 'classifier__xgbclassifier_2__scale_pos_weight': np.float64(1.1240138566176128), 'classifier__xgbclassifier_2__subsample': np.float64(0.979029507009246), 'feature_selection_filter__k': 24}",102.49047303199768,"[0, 1, 2, 3, 4, 5, 6, 7, 8, 9, 10, 11, 12, 14, 16, 17, 18, 19, 20, 21, 24, 27, 28, 29]","['Amount_log1p', 'V1', 'V2', 'V3', 'V4', 'V5', 'V6', 'V7', 'V8', 'V9', 'V10', 'V11', 'V12', 'V14', 'V16', 'V17', 'V18', 'V19', 'V20', 'V21', 'V24', 'V27', 'V28', 'Time_sin']"
CostSensitiveLearning_ClusterCentroids___RandomizedSearchCV__niter_30__cv_5,3,10,VotingClassifier,resubstitution,380,22125,10,46,0.9975178405212535,0.9743589743589743,0.892018779342723,0.9313725490196079,0.9995482267901513,0.00045177320984868263,0.9457835030664372,0.9442540914158297,0.9310512908314587,0.9301111171591464,0.9997892785521199,0.9835818930668783,22561,0.9343463938742043,0.0015369677314996364,0.8988747679077397,0.027490872828702117,"{'classifier__extratreesclassifier_0__ccp_alpha': np.float64(0.00947003204520594), 'classifier__extratreesclassifier_0__max_depth': 17, 'classifier__extratreesclassifier_0__max_features': 'sqrt', 'classifier__extratreesclassifier_0__max_leaf_nodes': 3, 'classifier__extratreesclassifier_0__min_impurity_decrease': np.float64(0.020936993076339363), 'classifier__extratreesclassifier_0__min_samples_leaf': 3, 'classifier__extratreesclassifier_0__min_samples_split': 2, 'classifier__extratreesclassifier_0__n_estimators': 799, 'classifier__randomforestclassifier_1__ccp_alpha': np.float64(0.004143145263059433), 'classifier__randomforestclassifier_1__max_depth': 9, 'classifier__randomforestclassifier_1__max_features': 'log2', 'classifier__randomforestclassifier_1__max_leaf_nodes': 6, 'classifier__randomforestclassifier_1__max_samples': np.float64(0.7238046521257787), 'classifier__randomforestclassifier_1__min_impurity_decrease': np.float64(0.07464542188277022), 'classifier__randomforestclassifier_1__min_samples_leaf': 8, 'classifier__randomforestclassifier_1__min_samples_split': 6, 'classifier__randomforestclassifier_1__n_estimators': 451, 'classifier__xgbclassifier_2__colsample_bytree': np.float64(0.7597947249468884), 'classifier__xgbclassifier_2__gamma': np.float64(1.5847051375685233), 'classifier__xgbclassifier_2__learning_rate': np.float64(0.013620834140622115), 'classifier__xgbclassifier_2__max_delta_step': 7, 'classifier__xgbclassifier_2__max_depth': 5, 'classifier__xgbclassifier_2__min_child_weight': 2, 'classifier__xgbclassifier_2__n_estimators': 587, 'classifier__xgbclassifier_2__reg_alpha': np.float64(0.011613759140261515), 'classifier__xgbclassifier_2__reg_lambda': np.float64(0.0003358370234661886), 'classifier__xgbclassifier_2__scale_pos_weight': np.float64(3.413510053125089), 'classifier__xgbclassifier_2__subsample': np.float64(0.6287016492722183), 'feature_selection_filter__k': 24}",107.09346294403076,"[0, 1, 2, 3, 4, 5, 6, 7, 8, 9, 10, 11, 12, 14, 16, 17, 18, 19, 20, 21, 23, 27, 28, 29]","['Amount_log1p', 'V1', 'V2', 'V3', 'V4', 'V5', 'V6', 'V7', 'V8', 'V9', 'V10', 'V11', 'V12', 'V14', 'V16', 'V17', 'V18', 'V19', 'V20', 'V21', 'V23', 'V27', 'V28', 'Time_sin']"
CostSensitiveLearning_ClusterCentroids___RandomizedSearchCV__niter_30__cv_5,4,1,VotingClassifier,resubstitution,368,22122,12,58,0.9968971631205674,0.968421052631579,0.863849765258216,0.913151364764268,0.9994578476551911,0.0005421523448089216,0.9316538064567035,0.9291832042619037,0.9131197868191478,0.9115769670093395,0.9956389189024087,0.9369496096671055,22560,0.9100416435115202,0.0034620451011052123,0.8997895568799137,0.014906450033098973,"{'classifier__extratreesclassifier_0__ccp_alpha': np.float64(0.002770219288510345), 'classifier__extratreesclassifier_0__max_depth': 4, 'classifier__extratreesclassifier_0__max_features': 'sqrt', 'classifier__extratreesclassifier_0__max_leaf_nodes': 8, 'classifier__extratreesclassifier_0__min_impurity_decrease': np.float64(0.09928820140627348), 'classifier__extratreesclassifier_0__min_samples_leaf': 7, 'classifier__extratreesclassifier_0__min_samples_split': 2, 'classifier__extratreesclassifier_0__n_estimators': 616, 'classifier__randomforestclassifier_1__ccp_alpha': np.float64(0.00480645764603201), 'classifier__randomforestclassifier_1__max_depth': 19, 'classifier__randomforestclassifier_1__max_features': 'log2', 'classifier__randomforestclassifier_1__max_leaf_nodes': 13, 'classifier__randomforestclassifier_1__max_samples': np.float64(0.8928943282336936), 'classifier__randomforestclassifier_1__min_impurity_decrease': np.float64(0.07013063584085408), 'classifier__randomforestclassifier_1__min_samples_leaf': 1, 'classifier__randomforestclassifier_1__min_samples_split': 5, 'classifier__randomforestclassifier_1__n_estimators': 131, 'classifier__xgbclassifier_2__colsample_bytree': np.float64(0.7256384070599126), 'classifier__xgbclassifier_2__gamma': np.float64(2.3244607760753944), 'classifier__xgbclassifier_2__learning_rate': np.float64(0.04963155602597085), 'classifier__xgbclassifier_2__max_delta_step': 6, 'classifier__xgbclassifier_2__max_depth': 4, 'classifier__xgbclassifier_2__min_child_weight': 7, 'classifier__xgbclassifier_2__n_estimators': 274, 'classifier__xgbclassifier_2__reg_alpha': np.float64(2.2426901642253023), 'classifier__xgbclassifier_2__reg_lambda': np.float64(1.0294229471047471), 'classifier__xgbclassifier_2__scale_pos_weight': np.float64(1.3525910239898131), 'classifier__xgbclassifier_2__subsample': np.float64(0.6601160495996637), 'feature_selection_filter__k': 22}",98.36551356315613,"[1, 2, 3, 4, 5, 6, 7, 8, 9, 10, 11, 12, 14, 16, 17, 18, 19, 20, 21, 27, 28, 29]","['V1', 'V2', 'V3', 'V4', 'V5', 'V6', 'V7', 'V8', 'V9', 'V10', 'V11', 'V12', 'V14', 'V16', 'V17', 'V18', 'V19', 'V20', 'V21', 'V27', 'V28', 'Time_sin']"
CostSensitiveLearning_ClusterCentroids___RandomizedSearchCV__niter_30__cv_5,4,2,VotingClassifier,resubstitution,370,22118,16,56,0.9968085106382979,0.9585492227979274,0.8685446009389671,0.9113300492610837,0.9992771302069214,0.0007228697930785621,0.9339108655729442,0.9316205001410214,0.9108557400806463,0.9097090759188182,0.999026310509059,0.9613098091497818,22560,0.917107346458432,0.007082082647408825,0.9000949284398005,0.021130286877330973,"{'classifier__extratreesclassifier_0__ccp_alpha': np.float64(0.0011333356510295923), 'classifier__extratreesclassifier_0__max_depth': 16, 'classifier__extratreesclassifier_0__max_features': 'log2', 'classifier__extratreesclassifier_0__max_leaf_nodes': 3, 'classifier__extratreesclassifier_0__min_impurity_decrease': np.float64(0.027723310657525414), 'classifier__extratreesclassifier_0__min_samples_leaf': 2, 'classifier__extratreesclassifier_0__min_samples_split': 6, 'classifier__extratreesclassifier_0__n_estimators': 941, 'classifier__randomforestclassifier_1__ccp_alpha': np.float64(0.0029157504853266013), 'classifier__randomforestclassifier_1__max_depth': 16, 'classifier__randomforestclassifier_1__max_features': 'sqrt', 'classifier__randomforestclassifier_1__max_leaf_nodes': 14, 'classifier__randomforestclassifier_1__max_samples': np.float64(0.742641676506692), 'classifier__randomforestclassifier_1__min_impurity_decrease': np.float64(0.034798617840299084), 'classifier__randomforestclassifier_1__min_samples_leaf': 6, 'classifier__randomforestclassifier_1__min_samples_split': 2, 'classifier__randomforestclassifier_1__n_estimators': 880, 'classifier__xgbclassifier_2__colsample_bytree': np.float64(0.7639110214727115), 'classifier__xgbclassifier_2__gamma': np.float64(0.5489838299907351), 'classifier__xgbclassifier_2__learning_rate': np.float64(0.022752373068071804), 'classifier__xgbclassifier_2__max_delta_step': 4, 'classifier__xgbclassifier_2__max_depth': 3, 'classifier__xgbclassifier_2__min_child_weight': 2, 'classifier__xgbclassifier_2__n_estimators': 672, 'classifier__xgbclassifier_2__reg_alpha': np.float64(0.00033139641758570264), 'classifier__xgbclassifier_2__reg_lambda': np.float64(5.0345563849676), 'classifier__xgbclassifier_2__scale_pos_weight': np.float64(2.752789027526092), 'classifier__xgbclassifier_2__subsample': np.float64(0.7343244531679013), 'feature_selection_filter__k': 22}",104.70185589790344,"[1, 2, 3, 4, 5, 6, 7, 8, 9, 10, 11, 12, 14, 16, 17, 18, 19, 20, 21, 27, 28, 29]","['V1', 'V2', 'V3', 'V4', 'V5', 'V6', 'V7', 'V8', 'V9', 'V10', 'V11', 'V12', 'V14', 'V16', 'V17', 'V18', 'V19', 'V20', 'V21', 'V27', 'V28', 'Time_sin']"
CostSensitiveLearning_ClusterCentroids___RandomizedSearchCV__niter_30__cv_5,4,3,VotingClassifier,resubstitution,361,22126,8,65,0.9967641843971631,0.978319783197832,0.8474178403755869,0.9081761006289308,0.9996385651034607,0.00036143489653928107,0.9235282027395237,0.920386632886487,0.9089614474754061,0.9065377917884828,0.9926113713696898,0.9227535453336745,22560,0.9062544666365756,0.005719259354740549,0.8957794118218295,0.026005614750571254,"{'classifier__extratreesclassifier_0__ccp_alpha': np.float64(0.003666151183622943), 'classifier__extratreesclassifier_0__max_depth': 6, 'classifier__extratreesclassifier_0__max_features': 'log2', 'classifier__extratreesclassifier_0__max_leaf_nodes': 6, 'classifier__extratreesclassifier_0__min_impurity_decrease': np.float64(0.0594044233129923), 'classifier__extratreesclassifier_0__min_samples_leaf': 5, 'classifier__extratreesclassifier_0__min_samples_split': 9, 'classifier__extratreesclassifier_0__n_estimators': 579, 'classifier__randomforestclassifier_1__ccp_alpha': np.float64(0.005601078347763806), 'classifier__randomforestclassifier_1__max_depth': 9, 'classifier__randomforestclassifier_1__max_features': 'log2', 'classifier__randomforestclassifier_1__max_leaf_nodes': 5, 'classifier__randomforestclassifier_1__max_samples': np.float64(0.5737585475496246), 'classifier__randomforestclassifier_1__min_impurity_decrease': np.float64(0.052014163971611474), 'classifier__randomforestclassifier_1__min_samples_leaf': 3, 'classifier__randomforestclassifier_1__min_samples_split': 3, 'classifier__randomforestclassifier_1__n_estimators': 444, 'classifier__xgbclassifier_2__colsample_bytree': np.float64(0.8946811679905688), 'classifier__xgbclassifier_2__gamma': np.float64(1.4559620776850295), 'classifier__xgbclassifier_2__learning_rate': np.float64(0.01893057095305813), 'classifier__xgbclassifier_2__max_delta_step': 0, 'classifier__xgbclassifier_2__max_depth': 9, 'classifier__xgbclassifier_2__min_child_weight': 5, 'classifier__xgbclassifier_2__n_estimators': 699, 'classifier__xgbclassifier_2__reg_alpha': np.float64(0.0015740540906629445), 'classifier__xgbclassifier_2__reg_lambda': np.float64(0.028451321816910242), 'classifier__xgbclassifier_2__scale_pos_weight': np.float64(0.6388531183746052), 'classifier__xgbclassifier_2__subsample': np.float64(0.6135751359731829), 'feature_selection_filter__k': 22}",103.06068849563599,"[1, 2, 3, 4, 5, 6, 7, 8, 9, 10, 11, 12, 14, 16, 17, 18, 19, 20, 21, 27, 28, 29]","['V1', 'V2', 'V3', 'V4', 'V5', 'V6', 'V7', 'V8', 'V9', 'V10', 'V11', 'V12', 'V14', 'V16', 'V17', 'V18', 'V19', 'V20', 'V21', 'V27', 'V28', 'Time_sin']"
CostSensitiveLearning_ClusterCentroids___RandomizedSearchCV__niter_30__cv_5,4,4,VotingClassifier,resubstitution,359,22128,6,67,0.9967641843971631,0.9835616438356164,0.8427230046948356,0.9077117572692794,0.9997289238275956,0.0002710761724044053,0.9212259642612156,0.9178750255717418,0.9088785924414602,0.9060749470456793,0.9927376826847656,0.9357004938227423,22560,0.9082864624951297,0.0018824655416220966,0.9014941019977311,0.010472699166317472,"{'classifier__extratreesclassifier_0__ccp_alpha': np.float64(0.0046002905632211944), 'classifier__extratreesclassifier_0__max_depth': 10, 'classifier__extratreesclassifier_0__max_features': 'log2', 'classifier__extratreesclassifier_0__max_leaf_nodes': 15, 'classifier__extratreesclassifier_0__min_impurity_decrease': np.float64(0.03527306431081663), 'classifier__extratreesclassifier_0__min_samples_leaf': 1, 'classifier__extratreesclassifier_0__min_samples_split': 6, 'classifier__extratreesclassifier_0__n_estimators': 603, 'classifier__randomforestclassifier_1__ccp_alpha': np.float64(0.00020821462472543463), 'classifier__randomforestclassifier_1__max_depth': 16, 'classifier__randomforestclassifier_1__max_features': 'log2', 'classifier__randomforestclassifier_1__max_leaf_nodes': 15, 'classifier__randomforestclassifier_1__max_samples': np.float64(0.6688783535357492), 'classifier__randomforestclassifier_1__min_impurity_decrease': np.float64(0.03415786175667037), 'classifier__randomforestclassifier_1__min_samples_leaf': 9, 'classifier__randomforestclassifier_1__min_samples_split': 5, 'classifier__randomforestclassifier_1__n_estimators': 232, 'classifier__xgbclassifier_2__colsample_bytree': np.float64(0.7269709545635252), 'classifier__xgbclassifier_2__gamma': np.float64(0.244636432776959), 'classifier__xgbclassifier_2__learning_rate': np.float64(0.14994854367299396), 'classifier__xgbclassifier_2__max_delta_step': 7, 'classifier__xgbclassifier_2__max_depth': 3, 'classifier__xgbclassifier_2__min_child_weight': 5, 'classifier__xgbclassifier_2__n_estimators': 341, 'classifier__xgbclassifier_2__reg_alpha': np.float64(2.6631861285927494), 'classifier__xgbclassifier_2__reg_lambda': np.float64(0.00029183122836882964), 'classifier__xgbclassifier_2__scale_pos_weight': np.float64(0.6142933160095132), 'classifier__xgbclassifier_2__subsample': np.float64(0.7334691650518484), 'feature_selection_filter__k': 20}",101.32486319541931,"[1, 2, 3, 4, 5, 6, 7, 8, 9, 10, 11, 12, 14, 16, 17, 18, 19, 20, 21, 27]","['V1', 'V2', 'V3', 'V4', 'V5', 'V6', 'V7', 'V8', 'V9', 'V10', 'V11', 'V12', 'V14', 'V16', 'V17', 'V18', 'V19', 'V20', 'V21', 'V27']"
CostSensitiveLearning_ClusterCentroids___RandomizedSearchCV__niter_30__cv_5,4,5,VotingClassifier,resubstitution,394,22120,15,31,0.9979609929078014,0.9633251833740831,0.9270588235294117,0.9448441247002398,0.999322340185227,0.0006776598147729684,0.9631905818573194,0.9625126456409677,0.9439861479609,0.9438058112164198,0.9998127001421757,0.9845866997103367,22560,0.9475920098848517,0.005325745559564486,0.9017572228873076,0.010118063550529252,"{'classifier__extratreesclassifier_0__ccp_alpha': np.float64(0.008681825788277026), 'classifier__extratreesclassifier_0__max_depth': 5, 'classifier__extratreesclassifier_0__max_features': 'log2', 'classifier__extratreesclassifier_0__max_leaf_nodes': 7, 'classifier__extratreesclassifier_0__min_impurity_decrease': np.float64(0.08427966364327655), 'classifier__extratreesclassifier_0__min_samples_leaf': 5, 'classifier__extratreesclassifier_0__min_samples_split': 7, 'classifier__extratreesclassifier_0__n_estimators': 750, 'classifier__randomforestclassifier_1__ccp_alpha': np.float64(0.00431019952378675), 'classifier__randomforestclassifier_1__max_depth': 15, 'classifier__randomforestclassifier_1__max_features': 'log2', 'classifier__randomforestclassifier_1__max_leaf_nodes': 8, 'classifier__randomforestclassifier_1__max_samples': np.float64(0.5435222381149383), 'classifier__randomforestclassifier_1__min_impurity_decrease': np.float64(0.03290067721295549), 'classifier__randomforestclassifier_1__min_samples_leaf': 7, 'classifier__randomforestclassifier_1__min_samples_split': 6, 'classifier__randomforestclassifier_1__n_estimators': 375, 'classifier__xgbclassifier_2__colsample_bytree': np.float64(0.9733338156794282), 'classifier__xgbclassifier_2__gamma': np.float64(1.6171457667980933), 'classifier__xgbclassifier_2__learning_rate': np.float64(0.06563407476472459), 'classifier__xgbclassifier_2__max_delta_step': 3, 'classifier__xgbclassifier_2__max_depth': 7, 'classifier__xgbclassifier_2__min_child_weight': 5, 'classifier__xgbclassifier_2__n_estimators': 354, 'classifier__xgbclassifier_2__reg_alpha': np.float64(0.23070945334427886), 'classifier__xgbclassifier_2__reg_lambda': np.float64(0.0019235731395837287), 'classifier__xgbclassifier_2__scale_pos_weight': np.float64(3.878807214002115), 'classifier__xgbclassifier_2__subsample': np.float64(0.7124558256411986), 'feature_selection_filter__k': 22}",101.25989174842834,"[1, 2, 3, 4, 5, 6, 7, 8, 9, 10, 11, 12, 14, 16, 17, 18, 19, 20, 21, 27, 28, 29]","['V1', 'V2', 'V3', 'V4', 'V5', 'V6', 'V7', 'V8', 'V9', 'V10', 'V11', 'V12', 'V14', 'V16', 'V17', 'V18', 'V19', 'V20', 'V21', 'V27', 'V28', 'Time_sin']"
CostSensitiveLearning_ClusterCentroids___RandomizedSearchCV__niter_30__cv_5,4,6,VotingClassifier,resubstitution,370,22122,13,55,0.9969858156028368,0.9660574412532638,0.8705882352941177,0.9158415841584159,0.9994126948271967,0.0005873051728032541,0.9350004650606571,0.9327791455216758,0.9155944677285823,0.9143112328540636,0.9990024847526542,0.9664714326560655,22560,0.9181950062822629,0.0054293544658476165,0.9078021934861807,0.017118962791767407,"{'classifier__extratreesclassifier_0__ccp_alpha': np.float64(0.002588923609645817), 'classifier__extratreesclassifier_0__max_depth': 10, 'classifier__extratreesclassifier_0__max_features': 'sqrt', 'classifier__extratreesclassifier_0__max_leaf_nodes': 14, 'classifier__extratreesclassifier_0__min_impurity_decrease': np.float64(0.08034842965990346), 'classifier__extratreesclassifier_0__min_samples_leaf': 2, 'classifier__extratreesclassifier_0__min_samples_split': 6, 'classifier__extratreesclassifier_0__n_estimators': 493, 'classifier__randomforestclassifier_1__ccp_alpha': np.float64(0.0030399028207439105), 'classifier__randomforestclassifier_1__max_depth': 7, 'classifier__randomforestclassifier_1__max_features': 'sqrt', 'classifier__randomforestclassifier_1__max_leaf_nodes': 19, 'classifier__randomforestclassifier_1__max_samples': np.float64(0.8445310918740112), 'classifier__randomforestclassifier_1__min_impurity_decrease': np.float64(0.03765911070921362), 'classifier__randomforestclassifier_1__min_samples_leaf': 9, 'classifier__randomforestclassifier_1__min_samples_split': 9, 'classifier__randomforestclassifier_1__n_estimators': 246, 'classifier__xgbclassifier_2__colsample_bytree': np.float64(0.8602600942633574), 'classifier__xgbclassifier_2__gamma': np.float64(1.632617315540847), 'classifier__xgbclassifier_2__learning_rate': np.float64(0.011094595715679724), 'classifier__xgbclassifier_2__max_delta_step': 5, 'classifier__xgbclassifier_2__max_depth': 5, 'classifier__xgbclassifier_2__min_child_weight': 3, 'classifier__xgbclassifier_2__n_estimators': 770, 'classifier__xgbclassifier_2__reg_alpha': np.float64(0.5443408287083554), 'classifier__xgbclassifier_2__reg_lambda': np.float64(0.11847021529124112), 'classifier__xgbclassifier_2__scale_pos_weight': np.float64(1.1401828114581323), 'classifier__xgbclassifier_2__subsample': np.float64(0.6755073945602951), 'feature_selection_filter__k': 28}",100.83718276023865,"[0, 1, 2, 3, 4, 5, 6, 7, 8, 9, 10, 11, 12, 14, 16, 17, 18, 19, 20, 21, 22, 23, 24, 25, 26, 27, 28, 29]","['Amount_log1p', 'V1', 'V2', 'V3', 'V4', 'V5', 'V6', 'V7', 'V8', 'V9', 'V10', 'V11', 'V12', 'V14', 'V16', 'V17', 'V18', 'V19', 'V20', 'V21', 'V22', 'V23', 'V24', 'V25', 'V26', 'V27', 'V28', 'Time_sin']"
CostSensitiveLearning_ClusterCentroids___RandomizedSearchCV__niter_30__cv_5,4,7,VotingClassifier,resubstitution,367,22129,6,58,0.9971631205673759,0.9839142091152815,0.8635294117647059,0.9197994987468672,0.9997289360740909,0.00027106392590914297,0.9316291739193984,0.9291368790938259,0.9203887621263789,0.9183617619303137,0.9992898125141179,0.97763608377088,22560,0.9211298602591584,0.006886725519632345,0.8997000539398797,0.03406583950669469,"{'classifier__extratreesclassifier_0__ccp_alpha': np.float64(0.008987529568501584), 'classifier__extratreesclassifier_0__max_depth': 4, 'classifier__extratreesclassifier_0__max_features': 'sqrt', 'classifier__extratreesclassifier_0__max_leaf_nodes': 14, 'classifier__extratreesclassifier_0__min_impurity_decrease': np.float64(0.06489592478000952), 'classifier__extratreesclassifier_0__min_samples_leaf': 7, 'classifier__extratreesclassifier_0__min_samples_split': 9, 'classifier__extratreesclassifier_0__n_estimators': 458, 'classifier__randomforestclassifier_1__ccp_alpha': np.float64(0.009642325471451179), 'classifier__randomforestclassifier_1__max_depth': 17, 'classifier__randomforestclassifier_1__max_features': 'sqrt', 'classifier__randomforestclassifier_1__max_leaf_nodes': 19, 'classifier__randomforestclassifier_1__max_samples': np.float64(0.5224363925608224), 'classifier__randomforestclassifier_1__min_impurity_decrease': np.float64(0.05265621253395785), 'classifier__randomforestclassifier_1__min_samples_leaf': 1, 'classifier__randomforestclassifier_1__min_samples_split': 7, 'classifier__randomforestclassifier_1__n_estimators': 765, 'classifier__xgbclassifier_2__colsample_bytree': np.float64(0.8745563180372783), 'classifier__xgbclassifier_2__gamma': np.float64(0.4114507787289279), 'classifier__xgbclassifier_2__learning_rate': np.float64(0.010126692216361807), 'classifier__xgbclassifier_2__max_delta_step': 4, 'classifier__xgbclassifier_2__max_depth': 7, 'classifier__xgbclassifier_2__min_child_weight': 1, 'classifier__xgbclassifier_2__n_estimators': 272, 'classifier__xgbclassifier_2__reg_alpha': np.float64(0.14263424682330988), 'classifier__xgbclassifier_2__reg_lambda': np.float64(0.00045609100834696233), 'classifier__xgbclassifier_2__scale_pos_weight': np.float64(1.1357572006984826), 'classifier__xgbclassifier_2__subsample': np.float64(0.9455538415308421), 'feature_selection_filter__k': 24}",107.45613121986389,"[0, 1, 2, 3, 4, 5, 6, 7, 8, 9, 10, 11, 12, 14, 16, 17, 18, 19, 20, 21, 23, 27, 28, 29]","['Amount_log1p', 'V1', 'V2', 'V3', 'V4', 'V5', 'V6', 'V7', 'V8', 'V9', 'V10', 'V11', 'V12', 'V14', 'V16', 'V17', 'V18', 'V19', 'V20', 'V21', 'V23', 'V27', 'V28', 'Time_sin']"
CostSensitiveLearning_ClusterCentroids___RandomizedSearchCV__niter_30__cv_5,4,8,VotingClassifier,resubstitution,391,22122,13,35,0.997872434732503,0.9678217821782178,0.9178403755868545,0.9421686746987952,0.9994126948271967,0.0005873051728032541,0.9586265352070256,0.9577584889660152,0.9414290069528963,0.9410857331930033,0.9998022166581296,0.9853705034433171,22561,0.9476849967944319,0.002909174303455309,0.9070321115166575,0.021019718174454114,"{'classifier__extratreesclassifier_0__ccp_alpha': np.float64(0.007452323891129875), 'classifier__extratreesclassifier_0__max_depth': 3, 'classifier__extratreesclassifier_0__max_features': 'sqrt', 'classifier__extratreesclassifier_0__max_leaf_nodes': 5, 'classifier__extratreesclassifier_0__min_impurity_decrease': np.float64(0.029971662530041444), 'classifier__extratreesclassifier_0__min_samples_leaf': 9, 'classifier__extratreesclassifier_0__min_samples_split': 9, 'classifier__extratreesclassifier_0__n_estimators': 150, 'classifier__randomforestclassifier_1__ccp_alpha': np.float64(0.004572150423996272), 'classifier__randomforestclassifier_1__max_depth': 4, 'classifier__randomforestclassifier_1__max_features': 'sqrt', 'classifier__randomforestclassifier_1__max_leaf_nodes': 17, 'classifier__randomforestclassifier_1__max_samples': np.float64(0.875071027047672), 'classifier__randomforestclassifier_1__min_impurity_decrease': np.float64(0.0023826928090806224), 'classifier__randomforestclassifier_1__min_samples_leaf': 5, 'classifier__randomforestclassifier_1__min_samples_split': 7, 'classifier__randomforestclassifier_1__n_estimators': 252, 'classifier__xgbclassifier_2__colsample_bytree': np.float64(0.6018135329710931), 'classifier__xgbclassifier_2__gamma': np.float64(0.11608260641662094), 'classifier__xgbclassifier_2__learning_rate': np.float64(0.010310252788081752), 'classifier__xgbclassifier_2__max_delta_step': 6, 'classifier__xgbclassifier_2__max_depth': 8, 'classifier__xgbclassifier_2__min_child_weight': 2, 'classifier__xgbclassifier_2__n_estimators': 453, 'classifier__xgbclassifier_2__reg_alpha': np.float64(0.02705421373690732), 'classifier__xgbclassifier_2__reg_lambda': np.float64(0.054053011899838015), 'classifier__xgbclassifier_2__scale_pos_weight': np.float64(4.064866724143665), 'classifier__xgbclassifier_2__subsample': np.float64(0.7078680841755787), 'feature_selection_filter__k': 'all'}",106.98152232170105,"[0, 1, 2, 3, 4, 5, 6, 7, 8, 9, 10, 11, 12, 13, 14, 15, 16, 17, 18, 19, 20, 21, 22, 23, 24, 25, 26, 27, 28, 29, 30]","['Amount_log1p', 'V1', 'V2', 'V3', 'V4', 'V5', 'V6', 'V7', 'V8', 'V9', 'V10', 'V11', 'V12', 'V13', 'V14', 'V15', 'V16', 'V17', 'V18', 'V19', 'V20', 'V21', 'V22', 'V23', 'V24', 'V25', 'V26', 'V27', 'V28', 'Time_sin', 'Time_cos']"
CostSensitiveLearning_ClusterCentroids___RandomizedSearchCV__niter_30__cv_5,4,9,VotingClassifier,resubstitution,374,22124,11,52,0.9972075705864102,0.9714285714285714,0.8779342723004695,0.9223181257706535,0.9995030494691665,0.0004969505308335398,0.9387186608848179,0.936748622842763,0.9221226605541271,0.9209000569927538,0.9996787744007907,0.9781357237782418,22561,0.9209601786579448,0.0053132982592324915,0.9024485819539407,0.016637393652354695,"{'classifier__extratreesclassifier_0__ccp_alpha': np.float64(0.0005275590089665238), 'classifier__extratreesclassifier_0__max_depth': 13, 'classifier__extratreesclassifier_0__max_features': 'log2', 'classifier__extratreesclassifier_0__max_leaf_nodes': 5, 'classifier__extratreesclassifier_0__min_impurity_decrease': np.float64(0.027298695229175586), 'classifier__extratreesclassifier_0__min_samples_leaf': 3, 'classifier__extratreesclassifier_0__min_samples_split': 2, 'classifier__extratreesclassifier_0__n_estimators': 678, 'classifier__randomforestclassifier_1__ccp_alpha': np.float64(0.009014911370364947), 'classifier__randomforestclassifier_1__max_depth': 9, 'classifier__randomforestclassifier_1__max_features': 'log2', 'classifier__randomforestclassifier_1__max_leaf_nodes': 4, 'classifier__randomforestclassifier_1__max_samples': np.float64(0.8168251365482444), 'classifier__randomforestclassifier_1__min_impurity_decrease': np.float64(0.058167158720688464), 'classifier__randomforestclassifier_1__min_samples_leaf': 2, 'classifier__randomforestclassifier_1__min_samples_split': 2, 'classifier__randomforestclassifier_1__n_estimators': 683, 'classifier__xgbclassifier_2__colsample_bytree': np.float64(0.6340022613131694), 'classifier__xgbclassifier_2__gamma': np.float64(2.151650530070751), 'classifier__xgbclassifier_2__learning_rate': np.float64(0.03299065456204767), 'classifier__xgbclassifier_2__max_delta_step': 6, 'classifier__xgbclassifier_2__max_depth': 4, 'classifier__xgbclassifier_2__min_child_weight': 4, 'classifier__xgbclassifier_2__n_estimators': 411, 'classifier__xgbclassifier_2__reg_alpha': np.float64(0.13436772846543368), 'classifier__xgbclassifier_2__reg_lambda': np.float64(0.004137486245827014), 'classifier__xgbclassifier_2__scale_pos_weight': np.float64(2.494162840238718), 'classifier__xgbclassifier_2__subsample': np.float64(0.6545819548612138), 'feature_selection_filter__k': 20}",103.94346475601196,"[1, 2, 3, 4, 5, 6, 7, 8, 9, 10, 11, 12, 14, 16, 17, 18, 19, 20, 21, 27]","['V1', 'V2', 'V3', 'V4', 'V5', 'V6', 'V7', 'V8', 'V9', 'V10', 'V11', 'V12', 'V14', 'V16', 'V17', 'V18', 'V19', 'V20', 'V21', 'V27']"
CostSensitiveLearning_ClusterCentroids___RandomizedSearchCV__niter_30__cv_5,4,10,VotingClassifier,resubstitution,364,22124,11,62,0.9967643278223483,0.9706666666666667,0.8544600938967136,0.9088639200998752,0.9995030494691665,0.0004969505308335398,0.92698157168294,0.9241403949073299,0.9091353643701352,0.9072236426366791,0.9958459135204268,0.941974170674939,22561,0.9102281819569169,0.0035072418394031715,0.900555152394775,0.014480575205881425,"{'classifier__extratreesclassifier_0__ccp_alpha': np.float64(0.0028087519798196026), 'classifier__extratreesclassifier_0__max_depth': 11, 'classifier__extratreesclassifier_0__max_features': 'sqrt', 'classifier__extratreesclassifier_0__max_leaf_nodes': 12, 'classifier__extratreesclassifier_0__min_impurity_decrease': np.float64(0.06379745654800165), 'classifier__extratreesclassifier_0__min_samples_leaf': 1, 'classifier__extratreesclassifier_0__min_samples_split': 4, 'classifier__extratreesclassifier_0__n_estimators': 956, 'classifier__randomforestclassifier_1__ccp_alpha': np.float64(0.005446138895886064), 'classifier__randomforestclassifier_1__max_depth': 8, 'classifier__randomforestclassifier_1__max_features': 'log2', 'classifier__randomforestclassifier_1__max_leaf_nodes': 19, 'classifier__randomforestclassifier_1__max_samples': np.float64(0.8423581360684536), 'classifier__randomforestclassifier_1__min_impurity_decrease': np.float64(0.052865176518608975), 'classifier__randomforestclassifier_1__min_samples_leaf': 6, 'classifier__randomforestclassifier_1__min_samples_split': 6, 'classifier__randomforestclassifier_1__n_estimators': 977, 'classifier__xgbclassifier_2__colsample_bytree': np.float64(0.6696675451424231), 'classifier__xgbclassifier_2__gamma': np.float64(1.8772588996323774), 'classifier__xgbclassifier_2__learning_rate': np.float64(0.01880284771230881), 'classifier__xgbclassifier_2__max_delta_step': 8, 'classifier__xgbclassifier_2__max_depth': 7, 'classifier__xgbclassifier_2__min_child_weight': 7, 'classifier__xgbclassifier_2__n_estimators': 402, 'classifier__xgbclassifier_2__reg_alpha': np.float64(0.0014529338116872831), 'classifier__xgbclassifier_2__reg_lambda': np.float64(0.0003452154160883032), 'classifier__xgbclassifier_2__scale_pos_weight': np.float64(1.1558926644517753), 'classifier__xgbclassifier_2__subsample': np.float64(0.9332456185144362), 'feature_selection_filter__k': 20}",106.63517713546753,"[1, 2, 3, 4, 5, 6, 7, 8, 9, 10, 11, 12, 14, 16, 17, 18, 19, 20, 21, 27]","['V1', 'V2', 'V3', 'V4', 'V5', 'V6', 'V7', 'V8', 'V9', 'V10', 'V11', 'V12', 'V14', 'V16', 'V17', 'V18', 'V19', 'V20', 'V21', 'V27']"
CostSensitiveLearning_ClusterCentroids___RandomizedSearchCV__niter_30__cv_5,5,1,VotingClassifier,resubstitution,365,22124,10,61,0.9968528368794326,0.9733333333333334,0.8568075117370892,0.9113607990012484,0.999548206379326,0.0004517936206740458,0.9281778590582076,0.9254298523222281,0.9116824694839182,0.9097653886584801,0.9824240615525325,0.9097870095923053,22560,0.9119618538368123,0.0043849409434002515,0.9084555718164451,0.018850046369782502,"{'classifier__extratreesclassifier_0__ccp_alpha': np.float64(0.004857728362968611), 'classifier__extratreesclassifier_0__max_depth': 6, 'classifier__extratreesclassifier_0__max_features': 'sqrt', 'classifier__extratreesclassifier_0__max_leaf_nodes': 8, 'classifier__extratreesclassifier_0__min_impurity_decrease': np.float64(0.0658386573721768), 'classifier__extratreesclassifier_0__min_samples_leaf': 3, 'classifier__extratreesclassifier_0__min_samples_split': 4, 'classifier__extratreesclassifier_0__n_estimators': 972, 'classifier__randomforestclassifier_1__ccp_alpha': np.float64(0.009625858815583973), 'classifier__randomforestclassifier_1__max_depth': 4, 'classifier__randomforestclassifier_1__max_features': 'log2', 'classifier__randomforestclassifier_1__max_leaf_nodes': 16, 'classifier__randomforestclassifier_1__max_samples': np.float64(0.8597192637651312), 'classifier__randomforestclassifier_1__min_impurity_decrease': np.float64(0.09178674409390036), 'classifier__randomforestclassifier_1__min_samples_leaf': 5, 'classifier__randomforestclassifier_1__min_samples_split': 6, 'classifier__randomforestclassifier_1__n_estimators': 173, 'classifier__xgbclassifier_2__colsample_bytree': np.float64(0.8494367782999818), 'classifier__xgbclassifier_2__gamma': np.float64(3.2235781187987955), 'classifier__xgbclassifier_2__learning_rate': np.float64(0.03507357986996555), 'classifier__xgbclassifier_2__max_delta_step': 2, 'classifier__xgbclassifier_2__max_depth': 6, 'classifier__xgbclassifier_2__min_child_weight': 7, 'classifier__xgbclassifier_2__n_estimators': 707, 'classifier__xgbclassifier_2__reg_alpha': np.float64(0.0020617305589705074), 'classifier__xgbclassifier_2__reg_lambda': np.float64(0.4837000508042975), 'classifier__xgbclassifier_2__scale_pos_weight': np.float64(0.5797976288608008), 'classifier__xgbclassifier_2__subsample': np.float64(0.922547400123225), 'feature_selection_filter__k': 28}",103.42863488197327,"[0, 1, 2, 3, 4, 5, 6, 7, 8, 9, 10, 11, 12, 13, 14, 16, 17, 18, 19, 20, 21, 22, 24, 25, 26, 27, 28, 29]","['Amount_log1p', 'V1', 'V2', 'V3', 'V4', 'V5', 'V6', 'V7', 'V8', 'V9', 'V10', 'V11', 'V12', 'V13', 'V14', 'V16', 'V17', 'V18', 'V19', 'V20', 'V21', 'V22', 'V24', 'V25', 'V26', 'V27', 'V28', 'Time_sin']"
CostSensitiveLearning_ClusterCentroids___RandomizedSearchCV__niter_30__cv_5,5,2,VotingClassifier,resubstitution,375,22128,6,51,0.9974734042553192,0.984251968503937,0.8802816901408451,0.929368029739777,0.9997289238275956,0.0002710761724044053,0.9400053069842204,0.9381061063385335,0.9295851864779157,0.9280857977503659,0.9998805822495589,0.9934388686405144,22560,0.9297262410975236,0.004254922897613371,0.9015575518838055,0.029657331081757214,"{'classifier__extratreesclassifier_0__ccp_alpha': np.float64(0.0007246407923337583), 'classifier__extratreesclassifier_0__max_depth': 8, 'classifier__extratreesclassifier_0__max_features': 'log2', 'classifier__extratreesclassifier_0__max_leaf_nodes': 16, 'classifier__extratreesclassifier_0__min_impurity_decrease': np.float64(0.04139373901333842), 'classifier__extratreesclassifier_0__min_samples_leaf': 6, 'classifier__extratreesclassifier_0__min_samples_split': 8, 'classifier__extratreesclassifier_0__n_estimators': 745, 'classifier__randomforestclassifier_1__ccp_alpha': np.float64(0.0014100062462977414), 'classifier__randomforestclassifier_1__max_depth': 17, 'classifier__randomforestclassifier_1__max_features': 'sqrt', 'classifier__randomforestclassifier_1__max_leaf_nodes': 12, 'classifier__randomforestclassifier_1__max_samples': np.float64(0.5185662851531306), 'classifier__randomforestclassifier_1__min_impurity_decrease': np.float64(0.051460226487742504), 'classifier__randomforestclassifier_1__min_samples_leaf': 5, 'classifier__randomforestclassifier_1__min_samples_split': 8, 'classifier__randomforestclassifier_1__n_estimators': 278, 'classifier__xgbclassifier_2__colsample_bytree': np.float64(0.8912570220404221), 'classifier__xgbclassifier_2__gamma': np.float64(0.6261127499479596), 'classifier__xgbclassifier_2__learning_rate': np.float64(0.04295252671502147), 'classifier__xgbclassifier_2__max_delta_step': 2, 'classifier__xgbclassifier_2__max_depth': 5, 'classifier__xgbclassifier_2__min_child_weight': 3, 'classifier__xgbclassifier_2__n_estimators': 537, 'classifier__xgbclassifier_2__reg_alpha': np.float64(0.00036952873873871456), 'classifier__xgbclassifier_2__reg_lambda': np.float64(0.0025840764477315396), 'classifier__xgbclassifier_2__scale_pos_weight': np.float64(0.7934338115771242), 'classifier__xgbclassifier_2__subsample': np.float64(0.6787171795802047), 'feature_selection_filter__k': 24}",100.31564664840698,"[0, 1, 2, 3, 4, 5, 6, 7, 8, 9, 10, 11, 12, 14, 16, 17, 18, 19, 20, 21, 24, 27, 28, 29]","['Amount_log1p', 'V1', 'V2', 'V3', 'V4', 'V5', 'V6', 'V7', 'V8', 'V9', 'V10', 'V11', 'V12', 'V14', 'V16', 'V17', 'V18', 'V19', 'V20', 'V21', 'V24', 'V27', 'V28', 'Time_sin']"
CostSensitiveLearning_ClusterCentroids___RandomizedSearchCV__niter_30__cv_5,5,3,VotingClassifier,resubstitution,370,22123,11,56,0.9970301418439717,0.9711286089238845,0.8685446009389671,0.9169764560099133,0.9995030270172586,0.0004969729827414282,0.9340238139781128,0.93172579535934,0.9169482768696909,0.9154692710399038,0.9994469240066162,0.9693954439174711,22560,0.9140262574957696,0.0056630478038380205,0.8919545014857924,0.01668515364272721,"{'classifier__extratreesclassifier_0__ccp_alpha': np.float64(0.0011607138870796275), 'classifier__extratreesclassifier_0__max_depth': 12, 'classifier__extratreesclassifier_0__max_features': 'log2', 'classifier__extratreesclassifier_0__max_leaf_nodes': 10, 'classifier__extratreesclassifier_0__min_impurity_decrease': np.float64(0.04759094772882327), 'classifier__extratreesclassifier_0__min_samples_leaf': 9, 'classifier__extratreesclassifier_0__min_samples_split': 3, 'classifier__extratreesclassifier_0__n_estimators': 513, 'classifier__randomforestclassifier_1__ccp_alpha': np.float64(0.0041877331530372945), 'classifier__randomforestclassifier_1__max_depth': 3, 'classifier__randomforestclassifier_1__max_features': 'sqrt', 'classifier__randomforestclassifier_1__max_leaf_nodes': 12, 'classifier__randomforestclassifier_1__max_samples': np.float64(0.7701435151535548), 'classifier__randomforestclassifier_1__min_impurity_decrease': np.float64(0.07137810832291092), 'classifier__randomforestclassifier_1__min_samples_leaf': 1, 'classifier__randomforestclassifier_1__min_samples_split': 9, 'classifier__randomforestclassifier_1__n_estimators': 284, 'classifier__xgbclassifier_2__colsample_bytree': np.float64(0.9202553483480888), 'classifier__xgbclassifier_2__gamma': np.float64(0.9369901716161783), 'classifier__xgbclassifier_2__learning_rate': np.float64(0.019209517885016382), 'classifier__xgbclassifier_2__max_delta_step': 1, 'classifier__xgbclassifier_2__max_depth': 6, 'classifier__xgbclassifier_2__min_child_weight': 3, 'classifier__xgbclassifier_2__n_estimators': 643, 'classifier__xgbclassifier_2__reg_alpha': np.float64(0.21926317504334267), 'classifier__xgbclassifier_2__reg_lambda': np.float64(3.5214002794972137), 'classifier__xgbclassifier_2__scale_pos_weight': np.float64(1.6216660735859592), 'classifier__xgbclassifier_2__subsample': np.float64(0.6130426372194415), 'feature_selection_filter__k': 22}",101.26412749290466,"[1, 2, 3, 4, 5, 6, 7, 8, 9, 10, 11, 12, 14, 16, 17, 18, 19, 20, 21, 27, 28, 29]","['V1', 'V2', 'V3', 'V4', 'V5', 'V6', 'V7', 'V8', 'V9', 'V10', 'V11', 'V12', 'V14', 'V16', 'V17', 'V18', 'V19', 'V20', 'V21', 'V27', 'V28', 'Time_sin']"
CostSensitiveLearning_ClusterCentroids___RandomizedSearchCV__niter_30__cv_5,5,4,VotingClassifier,resubstitution,375,22122,12,51,0.9972074468085106,0.9689922480620154,0.8802816901408451,0.922509225092251,0.9994578476551911,0.0005421523448089216,0.9398697688980181,0.9379789141331711,0.9221915788929915,0.9210906597964107,0.9996223387128591,0.9781107830910364,22560,0.9193747618157726,0.004991917897056806,0.905292683665583,0.02527826216781154,"{'classifier__extratreesclassifier_0__ccp_alpha': np.float64(0.0005572433860713588), 'classifier__extratreesclassifier_0__max_depth': 9, 'classifier__extratreesclassifier_0__max_features': 'log2', 'classifier__extratreesclassifier_0__max_leaf_nodes': 4, 'classifier__extratreesclassifier_0__min_impurity_decrease': np.float64(0.02338926700080446), 'classifier__extratreesclassifier_0__min_samples_leaf': 2, 'classifier__extratreesclassifier_0__min_samples_split': 8, 'classifier__extratreesclassifier_0__n_estimators': 888, 'classifier__randomforestclassifier_1__ccp_alpha': np.float64(0.0067576240956383395), 'classifier__randomforestclassifier_1__max_depth': 3, 'classifier__randomforestclassifier_1__max_features': 'sqrt', 'classifier__randomforestclassifier_1__max_leaf_nodes': 12, 'classifier__randomforestclassifier_1__max_samples': np.float64(0.5900630366592398), 'classifier__randomforestclassifier_1__min_impurity_decrease': np.float64(0.029727246504202755), 'classifier__randomforestclassifier_1__min_samples_leaf': 7, 'classifier__randomforestclassifier_1__min_samples_split': 9, 'classifier__randomforestclassifier_1__n_estimators': 576, 'classifier__xgbclassifier_2__colsample_bytree': np.float64(0.9294757178875435), 'classifier__xgbclassifier_2__gamma': np.float64(4.257736740002115), 'classifier__xgbclassifier_2__learning_rate': np.float64(0.06383848594664297), 'classifier__xgbclassifier_2__max_delta_step': 7, 'classifier__xgbclassifier_2__max_depth': 9, 'classifier__xgbclassifier_2__min_child_weight': 3, 'classifier__xgbclassifier_2__n_estimators': 657, 'classifier__xgbclassifier_2__reg_alpha': np.float64(0.50519039448988), 'classifier__xgbclassifier_2__reg_lambda': np.float64(0.9295153036371792), 'classifier__xgbclassifier_2__scale_pos_weight': np.float64(3.1919516099648355), 'classifier__xgbclassifier_2__subsample': np.float64(0.8511623357570293), 'feature_selection_filter__k': 22}",106.63370537757874,"[1, 2, 3, 4, 5, 6, 7, 8, 9, 10, 11, 12, 14, 16, 17, 18, 19, 20, 21, 27, 28, 29]","['V1', 'V2', 'V3', 'V4', 'V5', 'V6', 'V7', 'V8', 'V9', 'V10', 'V11', 'V12', 'V14', 'V16', 'V17', 'V18', 'V19', 'V20', 'V21', 'V27', 'V28', 'Time_sin']"
CostSensitiveLearning_ClusterCentroids___RandomizedSearchCV__niter_30__cv_5,5,5,VotingClassifier,resubstitution,371,22122,13,54,0.9970301418439717,0.9661458333333334,0.8729411764705882,0.9171817058096415,0.9994126948271967,0.0005873051728032541,0.9361769356488925,0.9340388073319513,0.9168952064568734,0.915673620223335,0.9996993847911878,0.9785161922515565,22560,0.9227349617579584,0.004836960029376994,0.897511904347718,0.023852745467474817,"{'classifier__extratreesclassifier_0__ccp_alpha': np.float64(0.0006267871666492475), 'classifier__extratreesclassifier_0__max_depth': 14, 'classifier__extratreesclassifier_0__max_features': 'sqrt', 'classifier__extratreesclassifier_0__max_leaf_nodes': 6, 'classifier__extratreesclassifier_0__min_impurity_decrease': np.float64(0.04276784455546706), 'classifier__extratreesclassifier_0__min_samples_leaf': 5, 'classifier__extratreesclassifier_0__min_samples_split': 8, 'classifier__extratreesclassifier_0__n_estimators': 378, 'classifier__randomforestclassifier_1__ccp_alpha': np.float64(0.006388405135586181), 'classifier__randomforestclassifier_1__max_depth': 3, 'classifier__randomforestclassifier_1__max_features': 'sqrt', 'classifier__randomforestclassifier_1__max_leaf_nodes': 5, 'classifier__randomforestclassifier_1__max_samples': np.float64(0.8772775675188933), 'classifier__randomforestclassifier_1__min_impurity_decrease': np.float64(0.056617920672024806), 'classifier__randomforestclassifier_1__min_samples_leaf': 2, 'classifier__randomforestclassifier_1__min_samples_split': 6, 'classifier__randomforestclassifier_1__n_estimators': 858, 'classifier__xgbclassifier_2__colsample_bytree': np.float64(0.9969656531628053), 'classifier__xgbclassifier_2__gamma': np.float64(2.182945182406206), 'classifier__xgbclassifier_2__learning_rate': np.float64(0.07250264685203756), 'classifier__xgbclassifier_2__max_delta_step': 3, 'classifier__xgbclassifier_2__max_depth': 7, 'classifier__xgbclassifier_2__min_child_weight': 5, 'classifier__xgbclassifier_2__n_estimators': 703, 'classifier__xgbclassifier_2__reg_alpha': np.float64(0.018448166124281767), 'classifier__xgbclassifier_2__reg_lambda': np.float64(0.00026741711794147965), 'classifier__xgbclassifier_2__scale_pos_weight': np.float64(1.712325921092805), 'classifier__xgbclassifier_2__subsample': np.float64(0.6969862831672016), 'feature_selection_filter__k': 20}",106.17513036727905,"[1, 2, 3, 4, 5, 6, 7, 8, 9, 10, 11, 12, 14, 16, 17, 18, 19, 20, 21, 27]","['V1', 'V2', 'V3', 'V4', 'V5', 'V6', 'V7', 'V8', 'V9', 'V10', 'V11', 'V12', 'V14', 'V16', 'V17', 'V18', 'V19', 'V20', 'V21', 'V27']"
CostSensitiveLearning_ClusterCentroids___RandomizedSearchCV__niter_30__cv_5,5,6,VotingClassifier,resubstitution,384,22127,8,41,0.9978280141843971,0.9795918367346939,0.9035294117647059,0.9400244798041616,0.999638581432121,0.0003614185678789683,0.9515839965984134,0.9503698540350853,0.9397156870892016,0.9389202975745815,0.9998673381256726,0.9901909025712907,22560,0.941062690358379,0.005610871221413789,0.903438494078206,0.026342435655791845,"{'classifier__extratreesclassifier_0__ccp_alpha': np.float64(0.00854930087888418), 'classifier__extratreesclassifier_0__max_depth': 19, 'classifier__extratreesclassifier_0__max_features': 'sqrt', 'classifier__extratreesclassifier_0__max_leaf_nodes': 8, 'classifier__extratreesclassifier_0__min_impurity_decrease': np.float64(0.02446896118751242), 'classifier__extratreesclassifier_0__min_samples_leaf': 2, 'classifier__extratreesclassifier_0__min_samples_split': 4, 'classifier__extratreesclassifier_0__n_estimators': 139, 'classifier__randomforestclassifier_1__ccp_alpha': np.float64(0.0056043766136973615), 'classifier__randomforestclassifier_1__max_depth': 6, 'classifier__randomforestclassifier_1__max_features': 'sqrt', 'classifier__randomforestclassifier_1__max_leaf_nodes': 3, 'classifier__randomforestclassifier_1__max_samples': np.float64(0.7686248019616997), 'classifier__randomforestclassifier_1__min_impurity_decrease': np.float64(0.060772974817720565), 'classifier__randomforestclassifier_1__min_samples_leaf': 3, 'classifier__randomforestclassifier_1__min_samples_split': 6, 'classifier__randomforestclassifier_1__n_estimators': 507, 'classifier__xgbclassifier_2__colsample_bytree': np.float64(0.8222290157552186), 'classifier__xgbclassifier_2__gamma': np.float64(1.9255513207685153), 'classifier__xgbclassifier_2__learning_rate': np.float64(0.01886441919854671), 'classifier__xgbclassifier_2__max_delta_step': 4, 'classifier__xgbclassifier_2__max_depth': 7, 'classifier__xgbclassifier_2__min_child_weight': 1, 'classifier__xgbclassifier_2__n_estimators': 624, 'classifier__xgbclassifier_2__reg_alpha': np.float64(0.00047621992240222855), 'classifier__xgbclassifier_2__reg_lambda': np.float64(0.4309039858939135), 'classifier__xgbclassifier_2__scale_pos_weight': np.float64(3.070675991310413), 'classifier__xgbclassifier_2__subsample': np.float64(0.7203881790267488), 'feature_selection_filter__k': 24}",105.76571822166443,"[0, 1, 2, 3, 4, 5, 6, 7, 8, 9, 10, 11, 12, 14, 16, 17, 18, 19, 20, 21, 24, 27, 28, 29]","['Amount_log1p', 'V1', 'V2', 'V3', 'V4', 'V5', 'V6', 'V7', 'V8', 'V9', 'V10', 'V11', 'V12', 'V14', 'V16', 'V17', 'V18', 'V19', 'V20', 'V21', 'V24', 'V27', 'V28', 'Time_sin']"
CostSensitiveLearning_ClusterCentroids___RandomizedSearchCV__niter_30__cv_5,5,7,VotingClassifier,resubstitution,373,22128,7,52,0.9973847517730496,0.9815789473684211,0.8776470588235294,0.9267080745341615,0.9996837587531059,0.00031624124689411115,0.9386654087883177,0.9366800470936243,0.9268832711078204,0.9253809326262207,0.9996843965505787,0.9831821471879144,22560,0.9256472758760668,0.0024901483702247304,0.9034039119178638,0.01654515690816856,"{'classifier__extratreesclassifier_0__ccp_alpha': np.float64(0.0024316441704541826), 'classifier__extratreesclassifier_0__max_depth': 11, 'classifier__extratreesclassifier_0__max_features': 'log2', 'classifier__extratreesclassifier_0__max_leaf_nodes': 9, 'classifier__extratreesclassifier_0__min_impurity_decrease': np.float64(0.028049242364592098), 'classifier__extratreesclassifier_0__min_samples_leaf': 6, 'classifier__extratreesclassifier_0__min_samples_split': 7, 'classifier__extratreesclassifier_0__n_estimators': 996, 'classifier__randomforestclassifier_1__ccp_alpha': np.float64(0.007561746031097837), 'classifier__randomforestclassifier_1__max_depth': 7, 'classifier__randomforestclassifier_1__max_features': 'sqrt', 'classifier__randomforestclassifier_1__max_leaf_nodes': 2, 'classifier__randomforestclassifier_1__max_samples': np.float64(0.8588770045190566), 'classifier__randomforestclassifier_1__min_impurity_decrease': np.float64(0.09023147080219439), 'classifier__randomforestclassifier_1__min_samples_leaf': 6, 'classifier__randomforestclassifier_1__min_samples_split': 2, 'classifier__randomforestclassifier_1__n_estimators': 667, 'classifier__xgbclassifier_2__colsample_bytree': np.float64(0.745811165696149), 'classifier__xgbclassifier_2__gamma': np.float64(0.7389261990907547), 'classifier__xgbclassifier_2__learning_rate': np.float64(0.10082680059120598), 'classifier__xgbclassifier_2__max_delta_step': 5, 'classifier__xgbclassifier_2__max_depth': 9, 'classifier__xgbclassifier_2__min_child_weight': 1, 'classifier__xgbclassifier_2__n_estimators': 272, 'classifier__xgbclassifier_2__reg_alpha': np.float64(0.00012607201378828044), 'classifier__xgbclassifier_2__reg_lambda': np.float64(6.168491387972178), 'classifier__xgbclassifier_2__scale_pos_weight': np.float64(1.0402430129523519), 'classifier__xgbclassifier_2__subsample': np.float64(0.6960180583989859), 'feature_selection_filter__k': 24}",106.72533440589905,"[1, 2, 3, 4, 5, 6, 7, 8, 9, 10, 11, 12, 14, 16, 17, 18, 19, 20, 21, 23, 24, 27, 28, 29]","['V1', 'V2', 'V3', 'V4', 'V5', 'V6', 'V7', 'V8', 'V9', 'V10', 'V11', 'V12', 'V14', 'V16', 'V17', 'V18', 'V19', 'V20', 'V21', 'V23', 'V24', 'V27', 'V28', 'Time_sin']"
CostSensitiveLearning_ClusterCentroids___RandomizedSearchCV__niter_30__cv_5,5,8,VotingClassifier,resubstitution,369,22130,5,57,0.9972518948628164,0.9866310160427807,0.8661971830985915,0.9225,0.9997741133950757,0.0002258866049242858,0.9329856482468336,0.9305920270224254,0.9231302169959099,0.921107162533068,0.9995007163680827,0.9797538165308493,22561,0.9202691381419562,0.005109667774753386,0.9008647510181254,0.016873800891506155,"{'classifier__extratreesclassifier_0__ccp_alpha': np.float64(0.0008748207540063125), 'classifier__extratreesclassifier_0__max_depth': 18, 'classifier__extratreesclassifier_0__max_features': 'sqrt', 'classifier__extratreesclassifier_0__max_leaf_nodes': 10, 'classifier__extratreesclassifier_0__min_impurity_decrease': np.float64(0.013429191153755016), 'classifier__extratreesclassifier_0__min_samples_leaf': 8, 'classifier__extratreesclassifier_0__min_samples_split': 4, 'classifier__extratreesclassifier_0__n_estimators': 532, 'classifier__randomforestclassifier_1__ccp_alpha': np.float64(0.008953479743708845), 'classifier__randomforestclassifier_1__max_depth': 16, 'classifier__randomforestclassifier_1__max_features': 'sqrt', 'classifier__randomforestclassifier_1__max_leaf_nodes': 7, 'classifier__randomforestclassifier_1__max_samples': np.float64(0.5044029673939989), 'classifier__randomforestclassifier_1__min_impurity_decrease': np.float64(0.09312977901219895), 'classifier__randomforestclassifier_1__min_samples_leaf': 9, 'classifier__randomforestclassifier_1__min_samples_split': 6, 'classifier__randomforestclassifier_1__n_estimators': 797, 'classifier__xgbclassifier_2__colsample_bytree': np.float64(0.6177165288519215), 'classifier__xgbclassifier_2__gamma': np.float64(0.9343835220675584), 'classifier__xgbclassifier_2__learning_rate': np.float64(0.130289582150431), 'classifier__xgbclassifier_2__max_delta_step': 8, 'classifier__xgbclassifier_2__max_depth': 6, 'classifier__xgbclassifier_2__min_child_weight': 3, 'classifier__xgbclassifier_2__n_estimators': 658, 'classifier__xgbclassifier_2__reg_alpha': np.float64(0.0018695489835191784), 'classifier__xgbclassifier_2__reg_lambda': np.float64(0.02656655462758901), 'classifier__xgbclassifier_2__scale_pos_weight': np.float64(0.7288816040783711), 'classifier__xgbclassifier_2__subsample': np.float64(0.9684590399787525), 'feature_selection_filter__k': 24}",105.83401346206665,"[0, 1, 2, 3, 4, 5, 6, 7, 8, 9, 10, 11, 12, 14, 16, 17, 18, 19, 20, 21, 23, 27, 28, 29]","['Amount_log1p', 'V1', 'V2', 'V3', 'V4', 'V5', 'V6', 'V7', 'V8', 'V9', 'V10', 'V11', 'V12', 'V14', 'V16', 'V17', 'V18', 'V19', 'V20', 'V21', 'V23', 'V27', 'V28', 'Time_sin']"
CostSensitiveLearning_ClusterCentroids___RandomizedSearchCV__niter_30__cv_5,5,9,VotingClassifier,resubstitution,373,22127,8,53,0.9972962191392225,0.979002624671916,0.8755868544600939,0.9244114002478315,0.999638581432121,0.0003614185678789683,0.9376127179461075,0.9355588710033705,0.9245304822554691,0.9230392489926387,0.9996164169718257,0.9773063029391379,22561,0.9213141538144356,0.001481207140932388,0.8972910731244065,0.016024568920559222,"{'classifier__extratreesclassifier_0__ccp_alpha': np.float64(0.009086165139391405), 'classifier__extratreesclassifier_0__max_depth': 11, 'classifier__extratreesclassifier_0__max_features': 'sqrt', 'classifier__extratreesclassifier_0__max_leaf_nodes': 16, 'classifier__extratreesclassifier_0__min_impurity_decrease': np.float64(0.04614965024525524), 'classifier__extratreesclassifier_0__min_samples_leaf': 4, 'classifier__extratreesclassifier_0__min_samples_split': 6, 'classifier__extratreesclassifier_0__n_estimators': 307, 'classifier__randomforestclassifier_1__ccp_alpha': np.float64(0.006180874008929035), 'classifier__randomforestclassifier_1__max_depth': 11, 'classifier__randomforestclassifier_1__max_features': 'log2', 'classifier__randomforestclassifier_1__max_leaf_nodes': 19, 'classifier__randomforestclassifier_1__max_samples': np.float64(0.5841570132066605), 'classifier__randomforestclassifier_1__min_impurity_decrease': np.float64(0.09000800280201404), 'classifier__randomforestclassifier_1__min_samples_leaf': 5, 'classifier__randomforestclassifier_1__min_samples_split': 4, 'classifier__randomforestclassifier_1__n_estimators': 859, 'classifier__xgbclassifier_2__colsample_bytree': np.float64(0.7278094024494064), 'classifier__xgbclassifier_2__gamma': np.float64(0.3739985589607786), 'classifier__xgbclassifier_2__learning_rate': np.float64(0.0613986200418322), 'classifier__xgbclassifier_2__max_delta_step': 6, 'classifier__xgbclassifier_2__max_depth': 5, 'classifier__xgbclassifier_2__min_child_weight': 2, 'classifier__xgbclassifier_2__n_estimators': 795, 'classifier__xgbclassifier_2__reg_alpha': np.float64(3.4624921381478546), 'classifier__xgbclassifier_2__reg_lambda': np.float64(0.01413805482873514), 'classifier__xgbclassifier_2__scale_pos_weight': np.float64(1.2805285302114506), 'classifier__xgbclassifier_2__subsample': np.float64(0.8266852534866437), 'feature_selection_filter__k': 22}",104.42381453514099,"[1, 2, 3, 4, 5, 6, 7, 8, 9, 10, 11, 12, 14, 16, 17, 18, 19, 20, 21, 27, 28, 29]","['V1', 'V2', 'V3', 'V4', 'V5', 'V6', 'V7', 'V8', 'V9', 'V10', 'V11', 'V12', 'V14', 'V16', 'V17', 'V18', 'V19', 'V20', 'V21', 'V27', 'V28', 'Time_sin']"
CostSensitiveLearning_ClusterCentroids___RandomizedSearchCV__niter_30__cv_5,5,10,VotingClassifier,resubstitution,371,22124,11,55,0.9970745977571916,0.9712041884816754,0.8708920187793427,0.9183168316831684,0.9995030494691665,0.0004969505308335398,0.9351975341242547,0.932984045162784,0.9182444717962599,0.9168319572399729,0.9996118568197074,0.976977236912495,22561,0.9216378784440341,0.004484291085312097,0.9023586547274387,0.017844953302327986,"{'classifier__extratreesclassifier_0__ccp_alpha': np.float64(0.0040398152990588024), 'classifier__extratreesclassifier_0__max_depth': 10, 'classifier__extratreesclassifier_0__max_features': 'log2', 'classifier__extratreesclassifier_0__max_leaf_nodes': 6, 'classifier__extratreesclassifier_0__min_impurity_decrease': np.float64(0.010220819320212482), 'classifier__extratreesclassifier_0__min_samples_leaf': 6, 'classifier__extratreesclassifier_0__min_samples_split': 8, 'classifier__extratreesclassifier_0__n_estimators': 983, 'classifier__randomforestclassifier_1__ccp_alpha': np.float64(0.0020856033027514044), 'classifier__randomforestclassifier_1__max_depth': 15, 'classifier__randomforestclassifier_1__max_features': 'sqrt', 'classifier__randomforestclassifier_1__max_leaf_nodes': 2, 'classifier__randomforestclassifier_1__max_samples': np.float64(0.7988082085856701), 'classifier__randomforestclassifier_1__min_impurity_decrease': np.float64(0.01790196205792254), 'classifier__randomforestclassifier_1__min_samples_leaf': 2, 'classifier__randomforestclassifier_1__min_samples_split': 4, 'classifier__randomforestclassifier_1__n_estimators': 649, 'classifier__xgbclassifier_2__colsample_bytree': np.float64(0.7465264642628566), 'classifier__xgbclassifier_2__gamma': np.float64(1.855761811766377), 'classifier__xgbclassifier_2__learning_rate': np.float64(0.02276245279879804), 'classifier__xgbclassifier_2__max_delta_step': 9, 'classifier__xgbclassifier_2__max_depth': 4, 'classifier__xgbclassifier_2__min_child_weight': 4, 'classifier__xgbclassifier_2__n_estimators': 487, 'classifier__xgbclassifier_2__reg_alpha': np.float64(0.002804115597212417), 'classifier__xgbclassifier_2__reg_lambda': np.float64(0.23980785051865489), 'classifier__xgbclassifier_2__scale_pos_weight': np.float64(2.544627086749118), 'classifier__xgbclassifier_2__subsample': np.float64(0.8602504128967752), 'feature_selection_filter__k': 26}",105.69541954994202,"[0, 1, 2, 3, 4, 5, 6, 7, 8, 9, 10, 11, 12, 14, 16, 17, 18, 19, 20, 21, 23, 24, 26, 27, 28, 29]","['Amount_log1p', 'V1', 'V2', 'V3', 'V4', 'V5', 'V6', 'V7', 'V8', 'V9', 'V10', 'V11', 'V12', 'V14', 'V16', 'V17', 'V18', 'V19', 'V20', 'V21', 'V23', 'V24', 'V26', 'V27', 'V28', 'Time_sin']"
CostSensitiveLearning_ClusterCentroids___RandomizedSearchCV__niter_30__cv_5,6,1,VotingClassifier,resubstitution,365,22119,15,61,0.9966312056737588,0.9605263157894737,0.8568075117370892,0.9057071960297767,0.9993223095689889,0.0006776904310110687,0.9280649106530391,0.9253252733418484,0.905527842251211,0.9039978498958543,0.9968155973581316,0.9408964234248607,22560,0.9063818045795722,0.0030026069668609772,0.8973981515658134,0.014165634673298809,"{'classifier__extratreesclassifier_0__ccp_alpha': np.float64(0.006198153656331973), 'classifier__extratreesclassifier_0__max_depth': 6, 'classifier__extratreesclassifier_0__max_features': 'log2', 'classifier__extratreesclassifier_0__max_leaf_nodes': 4, 'classifier__extratreesclassifier_0__min_impurity_decrease': np.float64(0.011825726253444524), 'classifier__extratreesclassifier_0__min_samples_leaf': 2, 'classifier__extratreesclassifier_0__min_samples_split': 6, 'classifier__extratreesclassifier_0__n_estimators': 874, 'classifier__randomforestclassifier_1__ccp_alpha': np.float64(0.007171788433343361), 'classifier__randomforestclassifier_1__max_depth': 10, 'classifier__randomforestclassifier_1__max_features': 'log2', 'classifier__randomforestclassifier_1__max_leaf_nodes': 19, 'classifier__randomforestclassifier_1__max_samples': np.float64(0.7751702858725849), 'classifier__randomforestclassifier_1__min_impurity_decrease': np.float64(0.07130684715490716), 'classifier__randomforestclassifier_1__min_samples_leaf': 4, 'classifier__randomforestclassifier_1__min_samples_split': 7, 'classifier__randomforestclassifier_1__n_estimators': 138, 'classifier__xgbclassifier_2__colsample_bytree': np.float64(0.9746070565360029), 'classifier__xgbclassifier_2__gamma': np.float64(4.515060981186207), 'classifier__xgbclassifier_2__learning_rate': np.float64(0.03639695977442706), 'classifier__xgbclassifier_2__max_delta_step': 5, 'classifier__xgbclassifier_2__max_depth': 4, 'classifier__xgbclassifier_2__min_child_weight': 6, 'classifier__xgbclassifier_2__n_estimators': 575, 'classifier__xgbclassifier_2__reg_alpha': np.float64(0.048710716738326054), 'classifier__xgbclassifier_2__reg_lambda': np.float64(0.003677319768305758), 'classifier__xgbclassifier_2__scale_pos_weight': np.float64(1.547094183541617), 'classifier__xgbclassifier_2__subsample': np.float64(0.8352781948783273), 'feature_selection_filter__k': 24}",105.08934164047241,"[0, 1, 2, 3, 4, 5, 6, 7, 8, 9, 10, 11, 12, 14, 16, 17, 18, 19, 20, 21, 24, 27, 28, 29]","['Amount_log1p', 'V1', 'V2', 'V3', 'V4', 'V5', 'V6', 'V7', 'V8', 'V9', 'V10', 'V11', 'V12', 'V14', 'V16', 'V17', 'V18', 'V19', 'V20', 'V21', 'V24', 'V27', 'V28', 'Time_sin']"
CostSensitiveLearning_ClusterCentroids___RandomizedSearchCV__niter_30__cv_5,6,2,VotingClassifier,resubstitution,364,22124,10,62,0.9968085106382979,0.9732620320855615,0.8544600938967136,0.91,0.999548206379326,0.0004517936206740458,0.9270041501380197,0.924161270708295,0.9103775483130012,0.9083824383429242,0.9962928530491402,0.9432883237921984,22560,0.9089423967053467,0.005999735697591737,0.8935168592319119,0.03319117598244877,"{'classifier__extratreesclassifier_0__ccp_alpha': np.float64(0.0089397299639546), 'classifier__extratreesclassifier_0__max_depth': 13, 'classifier__extratreesclassifier_0__max_features': 'log2', 'classifier__extratreesclassifier_0__max_leaf_nodes': 18, 'classifier__extratreesclassifier_0__min_impurity_decrease': np.float64(0.09704832667942992), 'classifier__extratreesclassifier_0__min_samples_leaf': 6, 'classifier__extratreesclassifier_0__min_samples_split': 9, 'classifier__extratreesclassifier_0__n_estimators': 249, 'classifier__randomforestclassifier_1__ccp_alpha': np.float64(0.007963851847725337), 'classifier__randomforestclassifier_1__max_depth': 10, 'classifier__randomforestclassifier_1__max_features': 'log2', 'classifier__randomforestclassifier_1__max_leaf_nodes': 2, 'classifier__randomforestclassifier_1__max_samples': np.float64(0.6382519977107557), 'classifier__randomforestclassifier_1__min_impurity_decrease': np.float64(0.07747751362307509), 'classifier__randomforestclassifier_1__min_samples_leaf': 3, 'classifier__randomforestclassifier_1__min_samples_split': 8, 'classifier__randomforestclassifier_1__n_estimators': 524, 'classifier__xgbclassifier_2__colsample_bytree': np.float64(0.8803980699566918), 'classifier__xgbclassifier_2__gamma': np.float64(2.426081235982509), 'classifier__xgbclassifier_2__learning_rate': np.float64(0.04304171722226831), 'classifier__xgbclassifier_2__max_delta_step': 0, 'classifier__xgbclassifier_2__max_depth': 4, 'classifier__xgbclassifier_2__min_child_weight': 5, 'classifier__xgbclassifier_2__n_estimators': 226, 'classifier__xgbclassifier_2__reg_alpha': np.float64(0.6034543476616889), 'classifier__xgbclassifier_2__reg_lambda': np.float64(0.9700716733054052), 'classifier__xgbclassifier_2__scale_pos_weight': np.float64(1.1428680633809547), 'classifier__xgbclassifier_2__subsample': np.float64(0.6534886648080344), 'feature_selection_filter__k': 28}",104.2390947341919,"[0, 1, 2, 3, 4, 5, 6, 7, 8, 9, 10, 11, 12, 13, 14, 16, 17, 18, 19, 20, 21, 22, 23, 24, 27, 28, 29, 30]","['Amount_log1p', 'V1', 'V2', 'V3', 'V4', 'V5', 'V6', 'V7', 'V8', 'V9', 'V10', 'V11', 'V12', 'V13', 'V14', 'V16', 'V17', 'V18', 'V19', 'V20', 'V21', 'V22', 'V23', 'V24', 'V27', 'V28', 'Time_sin', 'Time_cos']"
CostSensitiveLearning_ClusterCentroids___RandomizedSearchCV__niter_30__cv_5,6,3,VotingClassifier,resubstitution,366,22123,11,60,0.9968528368794326,0.9708222811671088,0.8591549295774648,0.9115815691158157,0.9995030270172586,0.0004969729827414282,0.9293289782973617,0.9266757538586383,0.9117465659443119,0.909985548324098,0.9932612754324811,0.9309905959216691,22560,0.9095335851056788,0.004045072617245573,0.9016464142185047,0.008822201865866883,"{'classifier__extratreesclassifier_0__ccp_alpha': np.float64(0.0035645741154290713), 'classifier__extratreesclassifier_0__max_depth': 16, 'classifier__extratreesclassifier_0__max_features': 'log2', 'classifier__extratreesclassifier_0__max_leaf_nodes': 16, 'classifier__extratreesclassifier_0__min_impurity_decrease': np.float64(0.02657514274883327), 'classifier__extratreesclassifier_0__min_samples_leaf': 2, 'classifier__extratreesclassifier_0__min_samples_split': 8, 'classifier__extratreesclassifier_0__n_estimators': 994, 'classifier__randomforestclassifier_1__ccp_alpha': np.float64(0.0059414930020394155), 'classifier__randomforestclassifier_1__max_depth': 11, 'classifier__randomforestclassifier_1__max_features': 'log2', 'classifier__randomforestclassifier_1__max_leaf_nodes': 4, 'classifier__randomforestclassifier_1__max_samples': np.float64(0.7843043416396211), 'classifier__randomforestclassifier_1__min_impurity_decrease': np.float64(0.007616126832182879), 'classifier__randomforestclassifier_1__min_samples_leaf': 3, 'classifier__randomforestclassifier_1__min_samples_split': 9, 'classifier__randomforestclassifier_1__n_estimators': 454, 'classifier__xgbclassifier_2__colsample_bytree': np.float64(0.6298580663557029), 'classifier__xgbclassifier_2__gamma': np.float64(0.4613415645842478), 'classifier__xgbclassifier_2__learning_rate': np.float64(0.028245340496673408), 'classifier__xgbclassifier_2__max_delta_step': 3, 'classifier__xgbclassifier_2__max_depth': 3, 'classifier__xgbclassifier_2__min_child_weight': 7, 'classifier__xgbclassifier_2__n_estimators': 721, 'classifier__xgbclassifier_2__reg_alpha': np.float64(0.1666699568019398), 'classifier__xgbclassifier_2__reg_lambda': np.float64(0.3441823106059992), 'classifier__xgbclassifier_2__scale_pos_weight': np.float64(0.6079984489497597), 'classifier__xgbclassifier_2__subsample': np.float64(0.7353945505982977), 'feature_selection_filter__k': 26}",105.44838523864746,"[0, 1, 2, 3, 4, 5, 6, 7, 8, 9, 10, 11, 12, 14, 16, 17, 18, 19, 20, 21, 22, 23, 24, 27, 28, 29]","['Amount_log1p', 'V1', 'V2', 'V3', 'V4', 'V5', 'V6', 'V7', 'V8', 'V9', 'V10', 'V11', 'V12', 'V14', 'V16', 'V17', 'V18', 'V19', 'V20', 'V21', 'V22', 'V23', 'V24', 'V27', 'V28', 'Time_sin']"
CostSensitiveLearning_ClusterCentroids___RandomizedSearchCV__niter_30__cv_5,6,4,VotingClassifier,resubstitution,366,22127,7,60,0.9970301418439717,0.9812332439678284,0.8591549295774648,0.9161451814768461,0.9996837444655281,0.0003162555344718987,0.9294193370214965,0.926759524944857,0.9167325196159759,0.9146402536667215,0.9915923964618407,0.9323596165114985,22560,0.9160085257845587,0.004875769842393471,0.9110678562117279,0.014868254510504855,"{'classifier__extratreesclassifier_0__ccp_alpha': np.float64(0.002288034875569012), 'classifier__extratreesclassifier_0__max_depth': 8, 'classifier__extratreesclassifier_0__max_features': 'sqrt', 'classifier__extratreesclassifier_0__max_leaf_nodes': 6, 'classifier__extratreesclassifier_0__min_impurity_decrease': np.float64(0.05329833834341422), 'classifier__extratreesclassifier_0__min_samples_leaf': 2, 'classifier__extratreesclassifier_0__min_samples_split': 2, 'classifier__extratreesclassifier_0__n_estimators': 120, 'classifier__randomforestclassifier_1__ccp_alpha': np.float64(0.0048208699113916455), 'classifier__randomforestclassifier_1__max_depth': 11, 'classifier__randomforestclassifier_1__max_features': 'log2', 'classifier__randomforestclassifier_1__max_leaf_nodes': 5, 'classifier__randomforestclassifier_1__max_samples': np.float64(0.7033468402868006), 'classifier__randomforestclassifier_1__min_impurity_decrease': np.float64(0.09584913526455774), 'classifier__randomforestclassifier_1__min_samples_leaf': 4, 'classifier__randomforestclassifier_1__min_samples_split': 6, 'classifier__randomforestclassifier_1__n_estimators': 119, 'classifier__xgbclassifier_2__colsample_bytree': np.float64(0.98790009283239), 'classifier__xgbclassifier_2__gamma': np.float64(1.2804423541616017), 'classifier__xgbclassifier_2__learning_rate': np.float64(0.03347134452383295), 'classifier__xgbclassifier_2__max_delta_step': 1, 'classifier__xgbclassifier_2__max_depth': 3, 'classifier__xgbclassifier_2__min_child_weight': 5, 'classifier__xgbclassifier_2__n_estimators': 371, 'classifier__xgbclassifier_2__reg_alpha': np.float64(0.04569387911632807), 'classifier__xgbclassifier_2__reg_lambda': np.float64(0.003705366998832613), 'classifier__xgbclassifier_2__scale_pos_weight': np.float64(0.6301277347476666), 'classifier__xgbclassifier_2__subsample': np.float64(0.7212210169189063), 'feature_selection_filter__k': 'all'}",102.4734320640564,"[0, 1, 2, 3, 4, 5, 6, 7, 8, 9, 10, 11, 12, 13, 14, 15, 16, 17, 18, 19, 20, 21, 22, 23, 24, 25, 26, 27, 28, 29, 30]","['Amount_log1p', 'V1', 'V2', 'V3', 'V4', 'V5', 'V6', 'V7', 'V8', 'V9', 'V10', 'V11', 'V12', 'V13', 'V14', 'V15', 'V16', 'V17', 'V18', 'V19', 'V20', 'V21', 'V22', 'V23', 'V24', 'V25', 'V26', 'V27', 'V28', 'Time_sin', 'Time_cos']"
CostSensitiveLearning_ClusterCentroids___RandomizedSearchCV__niter_30__cv_5,6,5,VotingClassifier,resubstitution,414,22133,2,11,0.9994237588652483,0.9951923076923077,0.9741176470588235,0.9845422116527943,0.9999096453580303,9.035464196971432e-05,0.9870136462084269,0.9869293951481976,0.9843071788042921,0.9842486530149264,0.9999788463838213,0.998742142175568,22560,0.9860625568092136,0.0018035120998201363,0.9058780356827626,0.019829204762417334,"{'classifier__extratreesclassifier_0__ccp_alpha': np.float64(0.007657174792005053), 'classifier__extratreesclassifier_0__max_depth': 14, 'classifier__extratreesclassifier_0__max_features': 'log2', 'classifier__extratreesclassifier_0__max_leaf_nodes': 3, 'classifier__extratreesclassifier_0__min_impurity_decrease': np.float64(0.027376658763693308), 'classifier__extratreesclassifier_0__min_samples_leaf': 1, 'classifier__extratreesclassifier_0__min_samples_split': 3, 'classifier__extratreesclassifier_0__n_estimators': 755, 'classifier__randomforestclassifier_1__ccp_alpha': np.float64(0.001864262492851173), 'classifier__randomforestclassifier_1__max_depth': 10, 'classifier__randomforestclassifier_1__max_features': 'sqrt', 'classifier__randomforestclassifier_1__max_leaf_nodes': 2, 'classifier__randomforestclassifier_1__max_samples': np.float64(0.8199163909727905), 'classifier__randomforestclassifier_1__min_impurity_decrease': np.float64(0.09921394481043343), 'classifier__randomforestclassifier_1__min_samples_leaf': 9, 'classifier__randomforestclassifier_1__min_samples_split': 7, 'classifier__randomforestclassifier_1__n_estimators': 374, 'classifier__xgbclassifier_2__colsample_bytree': np.float64(0.7726114423493802), 'classifier__xgbclassifier_2__gamma': np.float64(0.2902699937588127), 'classifier__xgbclassifier_2__learning_rate': np.float64(0.02757394834486008), 'classifier__xgbclassifier_2__max_delta_step': 6, 'classifier__xgbclassifier_2__max_depth': 9, 'classifier__xgbclassifier_2__min_child_weight': 1, 'classifier__xgbclassifier_2__n_estimators': 556, 'classifier__xgbclassifier_2__reg_alpha': np.float64(0.004465059665168056), 'classifier__xgbclassifier_2__reg_lambda': np.float64(0.12372384188769917), 'classifier__xgbclassifier_2__scale_pos_weight': np.float64(3.14649825848425), 'classifier__xgbclassifier_2__subsample': np.float64(0.7453099114176915), 'feature_selection_filter__k': 20}",102.0220320224762,"[1, 2, 3, 4, 5, 6, 7, 8, 9, 10, 11, 12, 14, 16, 17, 18, 19, 20, 21, 27]","['V1', 'V2', 'V3', 'V4', 'V5', 'V6', 'V7', 'V8', 'V9', 'V10', 'V11', 'V12', 'V14', 'V16', 'V17', 'V18', 'V19', 'V20', 'V21', 'V27']"
CostSensitiveLearning_ClusterCentroids___RandomizedSearchCV__niter_30__cv_5,6,6,VotingClassifier,resubstitution,398,22129,6,27,0.9985372340425532,0.9851485148514851,0.9364705882352942,0.9601930036188179,0.9997289360740909,0.00027106392590914297,0.9680997621546925,0.9675829395153414,0.9597680390213632,0.9594484183096536,0.9999562045735394,0.9975487864053023,22560,0.9594155482366675,0.0035371769271945147,0.9022333455722567,0.01295760242035135,"{'classifier__extratreesclassifier_0__ccp_alpha': np.float64(0.00806887746132374), 'classifier__extratreesclassifier_0__max_depth': 19, 'classifier__extratreesclassifier_0__max_features': 'log2', 'classifier__extratreesclassifier_0__max_leaf_nodes': 19, 'classifier__extratreesclassifier_0__min_impurity_decrease': np.float64(0.06973867909660422), 'classifier__extratreesclassifier_0__min_samples_leaf': 3, 'classifier__extratreesclassifier_0__min_samples_split': 2, 'classifier__extratreesclassifier_0__n_estimators': 409, 'classifier__randomforestclassifier_1__ccp_alpha': np.float64(0.005947687304827446), 'classifier__randomforestclassifier_1__max_depth': 15, 'classifier__randomforestclassifier_1__max_features': 'sqrt', 'classifier__randomforestclassifier_1__max_leaf_nodes': 14, 'classifier__randomforestclassifier_1__max_samples': np.float64(0.8981441673641024), 'classifier__randomforestclassifier_1__min_impurity_decrease': np.float64(0.057005235419558355), 'classifier__randomforestclassifier_1__min_samples_leaf': 8, 'classifier__randomforestclassifier_1__min_samples_split': 5, 'classifier__randomforestclassifier_1__n_estimators': 951, 'classifier__xgbclassifier_2__colsample_bytree': np.float64(0.626876439542575), 'classifier__xgbclassifier_2__gamma': np.float64(0.2059390263855121), 'classifier__xgbclassifier_2__learning_rate': np.float64(0.06547007640771568), 'classifier__xgbclassifier_2__max_delta_step': 9, 'classifier__xgbclassifier_2__max_depth': 8, 'classifier__xgbclassifier_2__min_child_weight': 2, 'classifier__xgbclassifier_2__n_estimators': 338, 'classifier__xgbclassifier_2__reg_alpha': np.float64(0.02731182670054646), 'classifier__xgbclassifier_2__reg_lambda': np.float64(0.05417522375502403), 'classifier__xgbclassifier_2__scale_pos_weight': np.float64(0.8639438609340941), 'classifier__xgbclassifier_2__subsample': np.float64(0.82243130874663), 'feature_selection_filter__k': 24}",108.12612509727478,"[0, 1, 2, 3, 4, 5, 6, 7, 8, 9, 10, 11, 12, 14, 16, 17, 18, 19, 20, 21, 23, 27, 28, 29]","['Amount_log1p', 'V1', 'V2', 'V3', 'V4', 'V5', 'V6', 'V7', 'V8', 'V9', 'V10', 'V11', 'V12', 'V14', 'V16', 'V17', 'V18', 'V19', 'V20', 'V21', 'V23', 'V27', 'V28', 'Time_sin']"
CostSensitiveLearning_ClusterCentroids___RandomizedSearchCV__niter_30__cv_5,6,7,VotingClassifier,resubstitution,363,22124,11,62,0.9967641843971631,0.9705882352941176,0.8541176470588235,0.9086357947434293,0.9995030494691665,0.0004969505308335398,0.926810348263995,0.9239551898445743,0.9089162312124667,0.9069955510477458,0.9984430300694934,0.9562435427839413,22560,0.9099629934775123,0.005195542413753021,0.8944807166657857,0.023817586227153024,"{'classifier__extratreesclassifier_0__ccp_alpha': np.float64(0.004303643279926618), 'classifier__extratreesclassifier_0__max_depth': 8, 'classifier__extratreesclassifier_0__max_features': 'log2', 'classifier__extratreesclassifier_0__max_leaf_nodes': 16, 'classifier__extratreesclassifier_0__min_impurity_decrease': np.float64(0.0031980577568589408), 'classifier__extratreesclassifier_0__min_samples_leaf': 1, 'classifier__extratreesclassifier_0__min_samples_split': 6, 'classifier__extratreesclassifier_0__n_estimators': 804, 'classifier__randomforestclassifier_1__ccp_alpha': np.float64(0.009843971981421184), 'classifier__randomforestclassifier_1__max_depth': 12, 'classifier__randomforestclassifier_1__max_features': 'log2', 'classifier__randomforestclassifier_1__max_leaf_nodes': 9, 'classifier__randomforestclassifier_1__max_samples': np.float64(0.6373462845347703), 'classifier__randomforestclassifier_1__min_impurity_decrease': np.float64(0.052318015384621996), 'classifier__randomforestclassifier_1__min_samples_leaf': 4, 'classifier__randomforestclassifier_1__min_samples_split': 2, 'classifier__randomforestclassifier_1__n_estimators': 526, 'classifier__xgbclassifier_2__colsample_bytree': np.float64(0.8038656801999257), 'classifier__xgbclassifier_2__gamma': np.float64(2.5629986263511357), 'classifier__xgbclassifier_2__learning_rate': np.float64(0.03048655356069978), 'classifier__xgbclassifier_2__max_delta_step': 2, 'classifier__xgbclassifier_2__max_depth': 4, 'classifier__xgbclassifier_2__min_child_weight': 4, 'classifier__xgbclassifier_2__n_estimators': 727, 'classifier__xgbclassifier_2__reg_alpha': np.float64(0.7974337882530904), 'classifier__xgbclassifier_2__reg_lambda': np.float64(0.14045283590250704), 'classifier__xgbclassifier_2__scale_pos_weight': np.float64(1.2924672585069679), 'classifier__xgbclassifier_2__subsample': np.float64(0.6513345826879734), 'feature_selection_filter__k': 22}",104.75114345550537,"[1, 2, 3, 4, 5, 6, 7, 8, 9, 10, 11, 12, 14, 16, 17, 18, 19, 20, 21, 27, 28, 29]","['V1', 'V2', 'V3', 'V4', 'V5', 'V6', 'V7', 'V8', 'V9', 'V10', 'V11', 'V12', 'V14', 'V16', 'V17', 'V18', 'V19', 'V20', 'V21', 'V27', 'V28', 'Time_sin']"
CostSensitiveLearning_ClusterCentroids___RandomizedSearchCV__niter_30__cv_5,6,8,VotingClassifier,resubstitution,359,22123,12,67,0.9964983821639112,0.967654986522911,0.8427230046948356,0.9008782936010038,0.9994578721481816,0.000542127851818397,0.9210904384215086,0.917750587623142,0.901331050467632,0.8991046432144874,0.9912650816426304,0.9132409689440566,22561,0.9028753390891688,0.0048704054927283524,0.899706546134564,0.01704459040676063,"{'classifier__extratreesclassifier_0__ccp_alpha': np.float64(0.005715919466693372), 'classifier__extratreesclassifier_0__max_depth': 6, 'classifier__extratreesclassifier_0__max_features': 'sqrt', 'classifier__extratreesclassifier_0__max_leaf_nodes': 18, 'classifier__extratreesclassifier_0__min_impurity_decrease': np.float64(0.0002535901035297772), 'classifier__extratreesclassifier_0__min_samples_leaf': 8, 'classifier__extratreesclassifier_0__min_samples_split': 3, 'classifier__extratreesclassifier_0__n_estimators': 473, 'classifier__randomforestclassifier_1__ccp_alpha': np.float64(0.008832361639076712), 'classifier__randomforestclassifier_1__max_depth': 10, 'classifier__randomforestclassifier_1__max_features': 'sqrt', 'classifier__randomforestclassifier_1__max_leaf_nodes': 11, 'classifier__randomforestclassifier_1__max_samples': np.float64(0.7857916279590647), 'classifier__randomforestclassifier_1__min_impurity_decrease': np.float64(0.07175493629550538), 'classifier__randomforestclassifier_1__min_samples_leaf': 1, 'classifier__randomforestclassifier_1__min_samples_split': 7, 'classifier__randomforestclassifier_1__n_estimators': 798, 'classifier__xgbclassifier_2__colsample_bytree': np.float64(0.9043288279629571), 'classifier__xgbclassifier_2__gamma': np.float64(0.9570474108028032), 'classifier__xgbclassifier_2__learning_rate': np.float64(0.018970890429486565), 'classifier__xgbclassifier_2__max_delta_step': 7, 'classifier__xgbclassifier_2__max_depth': 4, 'classifier__xgbclassifier_2__min_child_weight': 7, 'classifier__xgbclassifier_2__n_estimators': 379, 'classifier__xgbclassifier_2__reg_alpha': np.float64(0.05637605417288213), 'classifier__xgbclassifier_2__reg_lambda': np.float64(0.0009149321657519824), 'classifier__xgbclassifier_2__scale_pos_weight': np.float64(1.0839424649445566), 'classifier__xgbclassifier_2__subsample': np.float64(0.9730895786131664), 'feature_selection_filter__k': 22}",105.09050297737122,"[1, 2, 3, 4, 5, 6, 7, 8, 9, 10, 11, 12, 14, 16, 17, 18, 19, 20, 21, 27, 28, 29]","['V1', 'V2', 'V3', 'V4', 'V5', 'V6', 'V7', 'V8', 'V9', 'V10', 'V11', 'V12', 'V14', 'V16', 'V17', 'V18', 'V19', 'V20', 'V21', 'V27', 'V28', 'Time_sin']"
CostSensitiveLearning_ClusterCentroids___RandomizedSearchCV__niter_30__cv_5,6,9,VotingClassifier,resubstitution,368,22125,10,58,0.9969859492043792,0.9735449735449735,0.863849765258216,0.9154228855721394,0.9995482267901513,0.00045177320984868263,0.9316989960241837,0.9292252154762796,0.9155868730838326,0.9138940880467563,0.9985616431818832,0.9635297748977355,22561,0.9171259134106403,0.0018638829145002013,0.9012708421623881,0.010854154300534633,"{'classifier__extratreesclassifier_0__ccp_alpha': np.float64(0.0003706046397354013), 'classifier__extratreesclassifier_0__max_depth': 3, 'classifier__extratreesclassifier_0__max_features': 'log2', 'classifier__extratreesclassifier_0__max_leaf_nodes': 14, 'classifier__extratreesclassifier_0__min_impurity_decrease': np.float64(0.00886254141339946), 'classifier__extratreesclassifier_0__min_samples_leaf': 4, 'classifier__extratreesclassifier_0__min_samples_split': 6, 'classifier__extratreesclassifier_0__n_estimators': 669, 'classifier__randomforestclassifier_1__ccp_alpha': np.float64(0.004301881115367585), 'classifier__randomforestclassifier_1__max_depth': 19, 'classifier__randomforestclassifier_1__max_features': 'log2', 'classifier__randomforestclassifier_1__max_leaf_nodes': 8, 'classifier__randomforestclassifier_1__max_samples': np.float64(0.8741881371282825), 'classifier__randomforestclassifier_1__min_impurity_decrease': np.float64(0.07472800008826407), 'classifier__randomforestclassifier_1__min_samples_leaf': 5, 'classifier__randomforestclassifier_1__min_samples_split': 7, 'classifier__randomforestclassifier_1__n_estimators': 277, 'classifier__xgbclassifier_2__colsample_bytree': np.float64(0.7410230778622704), 'classifier__xgbclassifier_2__gamma': np.float64(2.8016299645557643), 'classifier__xgbclassifier_2__learning_rate': np.float64(0.012192624502883422), 'classifier__xgbclassifier_2__max_delta_step': 9, 'classifier__xgbclassifier_2__max_depth': 7, 'classifier__xgbclassifier_2__min_child_weight': 1, 'classifier__xgbclassifier_2__n_estimators': 604, 'classifier__xgbclassifier_2__reg_alpha': np.float64(0.01423341377538512), 'classifier__xgbclassifier_2__reg_lambda': np.float64(0.02726738284774873), 'classifier__xgbclassifier_2__scale_pos_weight': np.float64(0.8778768663072045), 'classifier__xgbclassifier_2__subsample': np.float64(0.6760064334548658), 'feature_selection_filter__k': 28}",106.55824828147888,"[0, 1, 2, 3, 4, 5, 6, 7, 8, 9, 10, 11, 12, 13, 14, 16, 17, 18, 19, 20, 21, 22, 24, 25, 27, 28, 29, 30]","['Amount_log1p', 'V1', 'V2', 'V3', 'V4', 'V5', 'V6', 'V7', 'V8', 'V9', 'V10', 'V11', 'V12', 'V13', 'V14', 'V16', 'V17', 'V18', 'V19', 'V20', 'V21', 'V22', 'V24', 'V25', 'V27', 'V28', 'Time_sin', 'Time_cos']"
CostSensitiveLearning_ClusterCentroids___RandomizedSearchCV__niter_30__cv_5,6,10,VotingClassifier,resubstitution,382,22130,5,44,0.9978281104560968,0.9870801033591732,0.8967136150234741,0.939729397293973,0.9997741133950757,0.0002258866049242858,0.948243864209275,0.946842679345089,0.9397479947834312,0.9386261185299946,0.999914417610247,0.9955038149147261,22561,0.9372828320452768,0.004934610541454561,0.9021667780839806,0.0058647590201014186,"{'classifier__extratreesclassifier_0__ccp_alpha': np.float64(0.006517677034763694), 'classifier__extratreesclassifier_0__max_depth': 18, 'classifier__extratreesclassifier_0__max_features': 'sqrt', 'classifier__extratreesclassifier_0__max_leaf_nodes': 5, 'classifier__extratreesclassifier_0__min_impurity_decrease': np.float64(0.024009652591617026), 'classifier__extratreesclassifier_0__min_samples_leaf': 4, 'classifier__extratreesclassifier_0__min_samples_split': 8, 'classifier__extratreesclassifier_0__n_estimators': 608, 'classifier__randomforestclassifier_1__ccp_alpha': np.float64(0.007485203698504924), 'classifier__randomforestclassifier_1__max_depth': 14, 'classifier__randomforestclassifier_1__max_features': 'sqrt', 'classifier__randomforestclassifier_1__max_leaf_nodes': 6, 'classifier__randomforestclassifier_1__max_samples': np.float64(0.5814110482406084), 'classifier__randomforestclassifier_1__min_impurity_decrease': np.float64(0.029902040965281165), 'classifier__randomforestclassifier_1__min_samples_leaf': 6, 'classifier__randomforestclassifier_1__min_samples_split': 3, 'classifier__randomforestclassifier_1__n_estimators': 317, 'classifier__xgbclassifier_2__colsample_bytree': np.float64(0.9615885429810448), 'classifier__xgbclassifier_2__gamma': np.float64(0.4005176933706639), 'classifier__xgbclassifier_2__learning_rate': np.float64(0.06166043488660247), 'classifier__xgbclassifier_2__max_delta_step': 1, 'classifier__xgbclassifier_2__max_depth': 7, 'classifier__xgbclassifier_2__min_child_weight': 2, 'classifier__xgbclassifier_2__n_estimators': 480, 'classifier__xgbclassifier_2__reg_alpha': np.float64(0.005090275986010606), 'classifier__xgbclassifier_2__reg_lambda': np.float64(1.2116520748736603), 'classifier__xgbclassifier_2__scale_pos_weight': np.float64(0.8296380045432622), 'classifier__xgbclassifier_2__subsample': np.float64(0.7019356976224683), 'feature_selection_filter__k': 'all'}",103.05370569229126,"[0, 1, 2, 3, 4, 5, 6, 7, 8, 9, 10, 11, 12, 13, 14, 15, 16, 17, 18, 19, 20, 21, 22, 23, 24, 25, 26, 27, 28, 29, 30]","['Amount_log1p', 'V1', 'V2', 'V3', 'V4', 'V5', 'V6', 'V7', 'V8', 'V9', 'V10', 'V11', 'V12', 'V13', 'V14', 'V15', 'V16', 'V17', 'V18', 'V19', 'V20', 'V21', 'V22', 'V23', 'V24', 'V25', 'V26', 'V27', 'V28', 'Time_sin', 'Time_cos']"
CostSensitiveLearning_ClusterCentroids___RandomizedSearchCV__niter_30__cv_5,7,1,VotingClassifier,resubstitution,369,22121,13,57,0.9968971631205674,0.9659685863874345,0.8661971830985915,0.9133663366336634,0.9994126682931237,0.000587331706876304,0.9328049256958576,0.9304237948529427,0.9131961498261632,0.9117913987229861,0.9991143360267021,0.9604246452185924,22560,0.9096532075567684,0.004303757907743891,0.8983704415175697,0.02766313338427957,"{'classifier__extratreesclassifier_0__ccp_alpha': np.float64(0.0054855018098331765), 'classifier__extratreesclassifier_0__max_depth': 7, 'classifier__extratreesclassifier_0__max_features': 'sqrt', 'classifier__extratreesclassifier_0__max_leaf_nodes': 12, 'classifier__extratreesclassifier_0__min_impurity_decrease': np.float64(0.0819391518109579), 'classifier__extratreesclassifier_0__min_samples_leaf': 5, 'classifier__extratreesclassifier_0__min_samples_split': 8, 'classifier__extratreesclassifier_0__n_estimators': 440, 'classifier__randomforestclassifier_1__ccp_alpha': np.float64(0.006296915036430594), 'classifier__randomforestclassifier_1__max_depth': 13, 'classifier__randomforestclassifier_1__max_features': 'log2', 'classifier__randomforestclassifier_1__max_leaf_nodes': 10, 'classifier__randomforestclassifier_1__max_samples': np.float64(0.5437315907554275), 'classifier__randomforestclassifier_1__min_impurity_decrease': np.float64(0.05508356593378175), 'classifier__randomforestclassifier_1__min_samples_leaf': 9, 'classifier__randomforestclassifier_1__min_samples_split': 3, 'classifier__randomforestclassifier_1__n_estimators': 869, 'classifier__xgbclassifier_2__colsample_bytree': np.float64(0.7449167215455702), 'classifier__xgbclassifier_2__gamma': np.float64(3.6681872825998956), 'classifier__xgbclassifier_2__learning_rate': np.float64(0.06455744470105444), 'classifier__xgbclassifier_2__max_delta_step': 5, 'classifier__xgbclassifier_2__max_depth': 6, 'classifier__xgbclassifier_2__min_child_weight': 9, 'classifier__xgbclassifier_2__n_estimators': 468, 'classifier__xgbclassifier_2__reg_alpha': np.float64(0.010035294625496407), 'classifier__xgbclassifier_2__reg_lambda': np.float64(0.38220835651287516), 'classifier__xgbclassifier_2__scale_pos_weight': np.float64(2.0387348124891025), 'classifier__xgbclassifier_2__subsample': np.float64(0.8596738221134193), 'feature_selection_filter__k': 24}",102.43622994422913,"[0, 1, 2, 3, 4, 5, 6, 7, 8, 9, 10, 11, 12, 14, 16, 17, 18, 19, 20, 21, 23, 27, 28, 29]","['Amount_log1p', 'V1', 'V2', 'V3', 'V4', 'V5', 'V6', 'V7', 'V8', 'V9', 'V10', 'V11', 'V12', 'V14', 'V16', 'V17', 'V18', 'V19', 'V20', 'V21', 'V23', 'V27', 'V28', 'Time_sin']"
CostSensitiveLearning_ClusterCentroids___RandomizedSearchCV__niter_30__cv_5,7,2,VotingClassifier,resubstitution,376,22123,11,50,0.9972960992907801,0.9715762273901809,0.8826291079812206,0.9249692496924969,0.9995030270172586,0.0004969729827414282,0.9410660674992396,0.9392499481824701,0.9246996314437539,0.9235957182155723,0.9995982642640578,0.9786820495271178,22560,0.9222025206894914,0.006089005123822026,0.8970643134660374,0.02161280151414106,"{'classifier__extratreesclassifier_0__ccp_alpha': np.float64(0.006132579762933901), 'classifier__extratreesclassifier_0__max_depth': 16, 'classifier__extratreesclassifier_0__max_features': 'log2', 'classifier__extratreesclassifier_0__max_leaf_nodes': 18, 'classifier__extratreesclassifier_0__min_impurity_decrease': np.float64(0.08666243435878243), 'classifier__extratreesclassifier_0__min_samples_leaf': 4, 'classifier__extratreesclassifier_0__min_samples_split': 2, 'classifier__extratreesclassifier_0__n_estimators': 742, 'classifier__randomforestclassifier_1__ccp_alpha': np.float64(0.004191696880485569), 'classifier__randomforestclassifier_1__max_depth': 5, 'classifier__randomforestclassifier_1__max_features': 'log2', 'classifier__randomforestclassifier_1__max_leaf_nodes': 4, 'classifier__randomforestclassifier_1__max_samples': np.float64(0.7215912243670456), 'classifier__randomforestclassifier_1__min_impurity_decrease': np.float64(0.07558442217574061), 'classifier__randomforestclassifier_1__min_samples_leaf': 1, 'classifier__randomforestclassifier_1__min_samples_split': 7, 'classifier__randomforestclassifier_1__n_estimators': 834, 'classifier__xgbclassifier_2__colsample_bytree': np.float64(0.9486962931067245), 'classifier__xgbclassifier_2__gamma': np.float64(1.902670386161864), 'classifier__xgbclassifier_2__learning_rate': np.float64(0.015224114857819373), 'classifier__xgbclassifier_2__max_delta_step': 5, 'classifier__xgbclassifier_2__max_depth': 8, 'classifier__xgbclassifier_2__min_child_weight': 5, 'classifier__xgbclassifier_2__n_estimators': 718, 'classifier__xgbclassifier_2__reg_alpha': np.float64(0.00043453164272136765), 'classifier__xgbclassifier_2__reg_lambda': np.float64(0.04049411820942485), 'classifier__xgbclassifier_2__scale_pos_weight': np.float64(1.4640351886608576), 'classifier__xgbclassifier_2__subsample': np.float64(0.7570838477726971), 'feature_selection_filter__k': 28}",105.21188306808472,"[0, 1, 2, 3, 4, 5, 6, 7, 8, 9, 10, 11, 12, 13, 14, 15, 16, 17, 18, 19, 20, 21, 23, 24, 25, 27, 28, 29]","['Amount_log1p', 'V1', 'V2', 'V3', 'V4', 'V5', 'V6', 'V7', 'V8', 'V9', 'V10', 'V11', 'V12', 'V13', 'V14', 'V15', 'V16', 'V17', 'V18', 'V19', 'V20', 'V21', 'V23', 'V24', 'V25', 'V27', 'V28', 'Time_sin']"
CostSensitiveLearning_ClusterCentroids___RandomizedSearchCV__niter_30__cv_5,7,3,VotingClassifier,resubstitution,385,22122,12,41,0.9976507092198581,0.9697732997481109,0.903755868544601,0.9356014580801945,0.9994578476551911,0.0005421523448089216,0.951606858099896,0.9504030172412832,0.9350089110427527,0.93440650194562,0.9998266003357272,0.9876263422553684,22560,0.9385613936662427,0.004397431717805852,0.9017532146666717,0.021780350142155878,"{'classifier__extratreesclassifier_0__ccp_alpha': np.float64(0.001592262006158911), 'classifier__extratreesclassifier_0__max_depth': 19, 'classifier__extratreesclassifier_0__max_features': 'sqrt', 'classifier__extratreesclassifier_0__max_leaf_nodes': 14, 'classifier__extratreesclassifier_0__min_impurity_decrease': np.float64(0.013443432591705263), 'classifier__extratreesclassifier_0__min_samples_leaf': 9, 'classifier__extratreesclassifier_0__min_samples_split': 5, 'classifier__extratreesclassifier_0__n_estimators': 464, 'classifier__randomforestclassifier_1__ccp_alpha': np.float64(0.007689983327914199), 'classifier__randomforestclassifier_1__max_depth': 3, 'classifier__randomforestclassifier_1__max_features': 'log2', 'classifier__randomforestclassifier_1__max_leaf_nodes': 13, 'classifier__randomforestclassifier_1__max_samples': np.float64(0.6554918834965754), 'classifier__randomforestclassifier_1__min_impurity_decrease': np.float64(0.031208918681617605), 'classifier__randomforestclassifier_1__min_samples_leaf': 7, 'classifier__randomforestclassifier_1__min_samples_split': 3, 'classifier__randomforestclassifier_1__n_estimators': 824, 'classifier__xgbclassifier_2__colsample_bytree': np.float64(0.699484056480419), 'classifier__xgbclassifier_2__gamma': np.float64(1.6296134384585537), 'classifier__xgbclassifier_2__learning_rate': np.float64(0.1359495297534146), 'classifier__xgbclassifier_2__max_delta_step': 6, 'classifier__xgbclassifier_2__max_depth': 8, 'classifier__xgbclassifier_2__min_child_weight': 1, 'classifier__xgbclassifier_2__n_estimators': 707, 'classifier__xgbclassifier_2__reg_alpha': np.float64(0.002053901970801241), 'classifier__xgbclassifier_2__reg_lambda': np.float64(0.006837456760624714), 'classifier__xgbclassifier_2__scale_pos_weight': np.float64(4.761211674320842), 'classifier__xgbclassifier_2__subsample': np.float64(0.8898630946585652), 'feature_selection_filter__k': 26}",105.3851490020752,"[0, 1, 2, 3, 4, 5, 6, 7, 8, 9, 10, 11, 12, 14, 16, 17, 18, 19, 20, 21, 22, 24, 27, 28, 29, 30]","['Amount_log1p', 'V1', 'V2', 'V3', 'V4', 'V5', 'V6', 'V7', 'V8', 'V9', 'V10', 'V11', 'V12', 'V14', 'V16', 'V17', 'V18', 'V19', 'V20', 'V21', 'V22', 'V24', 'V27', 'V28', 'Time_sin', 'Time_cos']"
CostSensitiveLearning_ClusterCentroids___RandomizedSearchCV__niter_30__cv_5,7,4,VotingClassifier,resubstitution,362,22126,8,64,0.9968085106382979,0.9783783783783784,0.8497652582159625,0.9095477386934674,0.9996385651034607,0.00036143489653928107,0.9247019116597116,0.9216605250295666,0.9102683670079648,0.9079315199869407,0.9958830571453177,0.9442938866417139,22560,0.9099311189463629,0.004445637587612604,0.9000689667208632,0.02025439952129281,"{'classifier__extratreesclassifier_0__ccp_alpha': np.float64(0.008138235215024494), 'classifier__extratreesclassifier_0__max_depth': 5, 'classifier__extratreesclassifier_0__max_features': 'log2', 'classifier__extratreesclassifier_0__max_leaf_nodes': 16, 'classifier__extratreesclassifier_0__min_impurity_decrease': np.float64(0.006614699118004919), 'classifier__extratreesclassifier_0__min_samples_leaf': 8, 'classifier__extratreesclassifier_0__min_samples_split': 2, 'classifier__extratreesclassifier_0__n_estimators': 383, 'classifier__randomforestclassifier_1__ccp_alpha': np.float64(0.0012146752349882605), 'classifier__randomforestclassifier_1__max_depth': 8, 'classifier__randomforestclassifier_1__max_features': 'log2', 'classifier__randomforestclassifier_1__max_leaf_nodes': 3, 'classifier__randomforestclassifier_1__max_samples': np.float64(0.6361704311062711), 'classifier__randomforestclassifier_1__min_impurity_decrease': np.float64(0.06276022490181647), 'classifier__randomforestclassifier_1__min_samples_leaf': 7, 'classifier__randomforestclassifier_1__min_samples_split': 4, 'classifier__randomforestclassifier_1__n_estimators': 389, 'classifier__xgbclassifier_2__colsample_bytree': np.float64(0.920457010681796), 'classifier__xgbclassifier_2__gamma': np.float64(1.4481780769471753), 'classifier__xgbclassifier_2__learning_rate': np.float64(0.07197171553340241), 'classifier__xgbclassifier_2__max_delta_step': 5, 'classifier__xgbclassifier_2__max_depth': 5, 'classifier__xgbclassifier_2__min_child_weight': 8, 'classifier__xgbclassifier_2__n_estimators': 619, 'classifier__xgbclassifier_2__reg_alpha': np.float64(1.395086447950035), 'classifier__xgbclassifier_2__reg_lambda': np.float64(0.20630336637215546), 'classifier__xgbclassifier_2__scale_pos_weight': np.float64(0.8076303398602426), 'classifier__xgbclassifier_2__subsample': np.float64(0.8811130607414216), 'feature_selection_filter__k': 24}",105.68491697311401,"[1, 2, 3, 4, 5, 6, 7, 8, 9, 10, 11, 12, 14, 16, 17, 18, 19, 20, 21, 23, 24, 27, 28, 29]","['V1', 'V2', 'V3', 'V4', 'V5', 'V6', 'V7', 'V8', 'V9', 'V10', 'V11', 'V12', 'V14', 'V16', 'V17', 'V18', 'V19', 'V20', 'V21', 'V23', 'V24', 'V27', 'V28', 'Time_sin']"
CostSensitiveLearning_ClusterCentroids___RandomizedSearchCV__niter_30__cv_5,7,5,VotingClassifier,resubstitution,383,22122,13,42,0.9975620567375887,0.9671717171717171,0.9011764705882352,0.9330085261875761,0.9994126948271967,0.0005873051728032541,0.950294582707716,0.9490243437264664,0.9323721278579395,0.9317685409421749,0.9998399128343455,0.9895102850659392,22560,0.9392278014006576,0.00413287823664314,0.8968224453282223,0.024853740074945434,"{'classifier__extratreesclassifier_0__ccp_alpha': np.float64(8.564797748379039e-05), 'classifier__extratreesclassifier_0__max_depth': 10, 'classifier__extratreesclassifier_0__max_features': 'log2', 'classifier__extratreesclassifier_0__max_leaf_nodes': 12, 'classifier__extratreesclassifier_0__min_impurity_decrease': np.float64(0.0852059817475304), 'classifier__extratreesclassifier_0__min_samples_leaf': 6, 'classifier__extratreesclassifier_0__min_samples_split': 4, 'classifier__extratreesclassifier_0__n_estimators': 438, 'classifier__randomforestclassifier_1__ccp_alpha': np.float64(0.0001305001867906652), 'classifier__randomforestclassifier_1__max_depth': 19, 'classifier__randomforestclassifier_1__max_features': 'sqrt', 'classifier__randomforestclassifier_1__max_leaf_nodes': 5, 'classifier__randomforestclassifier_1__max_samples': np.float64(0.8438103010466981), 'classifier__randomforestclassifier_1__min_impurity_decrease': np.float64(0.03522789160883704), 'classifier__randomforestclassifier_1__min_samples_leaf': 7, 'classifier__randomforestclassifier_1__min_samples_split': 3, 'classifier__randomforestclassifier_1__n_estimators': 875, 'classifier__xgbclassifier_2__colsample_bytree': np.float64(0.9597645009540884), 'classifier__xgbclassifier_2__gamma': np.float64(0.23869826182826348), 'classifier__xgbclassifier_2__learning_rate': np.float64(0.01509465307516886), 'classifier__xgbclassifier_2__max_delta_step': 3, 'classifier__xgbclassifier_2__max_depth': 6, 'classifier__xgbclassifier_2__min_child_weight': 2, 'classifier__xgbclassifier_2__n_estimators': 474, 'classifier__xgbclassifier_2__reg_alpha': np.float64(0.012423544907140534), 'classifier__xgbclassifier_2__reg_lambda': np.float64(0.06607613066361347), 'classifier__xgbclassifier_2__scale_pos_weight': np.float64(3.0338838757929354), 'classifier__xgbclassifier_2__subsample': np.float64(0.8053850721807069), 'feature_selection_filter__k': 20}",106.79014372825623,"[1, 2, 3, 4, 5, 6, 7, 8, 9, 10, 11, 12, 14, 16, 17, 18, 19, 20, 21, 27]","['V1', 'V2', 'V3', 'V4', 'V5', 'V6', 'V7', 'V8', 'V9', 'V10', 'V11', 'V12', 'V14', 'V16', 'V17', 'V18', 'V19', 'V20', 'V21', 'V27']"
CostSensitiveLearning_ClusterCentroids___RandomizedSearchCV__niter_30__cv_5,7,6,VotingClassifier,resubstitution,395,22124,11,30,0.9981826241134751,0.9729064039408867,0.9294117647058824,0.950661853188929,0.9995030494691665,0.0004969505308335398,0.9644574070875245,0.9638204672220075,0.9499943550802442,0.9497366084383114,0.9998277946823637,0.985195284542841,22560,0.9465987302980305,0.0032726710029631024,0.9054200968311399,0.023911305994127673,"{'classifier__extratreesclassifier_0__ccp_alpha': np.float64(0.005092244126041745), 'classifier__extratreesclassifier_0__max_depth': 6, 'classifier__extratreesclassifier_0__max_features': 'log2', 'classifier__extratreesclassifier_0__max_leaf_nodes': 4, 'classifier__extratreesclassifier_0__min_impurity_decrease': np.float64(0.007752213235669259), 'classifier__extratreesclassifier_0__min_samples_leaf': 6, 'classifier__extratreesclassifier_0__min_samples_split': 9, 'classifier__extratreesclassifier_0__n_estimators': 977, 'classifier__randomforestclassifier_1__ccp_alpha': np.float64(9.992089371387957e-05), 'classifier__randomforestclassifier_1__max_depth': 18, 'classifier__randomforestclassifier_1__max_features': 'sqrt', 'classifier__randomforestclassifier_1__max_leaf_nodes': 12, 'classifier__randomforestclassifier_1__max_samples': np.float64(0.8520782679147385), 'classifier__randomforestclassifier_1__min_impurity_decrease': np.float64(0.07027415259929791), 'classifier__randomforestclassifier_1__min_samples_leaf': 6, 'classifier__randomforestclassifier_1__min_samples_split': 8, 'classifier__randomforestclassifier_1__n_estimators': 937, 'classifier__xgbclassifier_2__colsample_bytree': np.float64(0.7788586111507937), 'classifier__xgbclassifier_2__gamma': np.float64(1.3401746549071776), 'classifier__xgbclassifier_2__learning_rate': np.float64(0.06973669900432523), 'classifier__xgbclassifier_2__max_delta_step': 4, 'classifier__xgbclassifier_2__max_depth': 8, 'classifier__xgbclassifier_2__min_child_weight': 8, 'classifier__xgbclassifier_2__n_estimators': 535, 'classifier__xgbclassifier_2__reg_alpha': np.float64(0.000579216665681951), 'classifier__xgbclassifier_2__reg_lambda': np.float64(0.0001351463445447056), 'classifier__xgbclassifier_2__scale_pos_weight': np.float64(13.649556460909512), 'classifier__xgbclassifier_2__subsample': np.float64(0.9074261578092889), 'feature_selection_filter__k': 20}",106.9963026046753,"[1, 2, 3, 4, 5, 6, 7, 8, 9, 10, 11, 12, 14, 16, 17, 18, 19, 20, 21, 27]","['V1', 'V2', 'V3', 'V4', 'V5', 'V6', 'V7', 'V8', 'V9', 'V10', 'V11', 'V12', 'V14', 'V16', 'V17', 'V18', 'V19', 'V20', 'V21', 'V27']"
CostSensitiveLearning_ClusterCentroids___RandomizedSearchCV__niter_30__cv_5,7,7,VotingClassifier,resubstitution,363,22121,14,62,0.9966312056737588,0.9628647214854111,0.8541176470588235,0.9052369077306733,0.9993675175062119,0.0006324824937881113,0.9267425822825177,0.9238925438596327,0.9052100979169827,0.9035282824696571,0.996933044552811,0.9474615313034837,22560,0.9081051466210261,0.004774654761821552,0.8980511531388334,0.020718766402101386,"{'classifier__extratreesclassifier_0__ccp_alpha': np.float64(0.00586889003696114), 'classifier__extratreesclassifier_0__max_depth': 7, 'classifier__extratreesclassifier_0__max_features': 'log2', 'classifier__extratreesclassifier_0__max_leaf_nodes': 19, 'classifier__extratreesclassifier_0__min_impurity_decrease': np.float64(0.005307749916360927), 'classifier__extratreesclassifier_0__min_samples_leaf': 9, 'classifier__extratreesclassifier_0__min_samples_split': 6, 'classifier__extratreesclassifier_0__n_estimators': 286, 'classifier__randomforestclassifier_1__ccp_alpha': np.float64(0.009897413387694584), 'classifier__randomforestclassifier_1__max_depth': 6, 'classifier__randomforestclassifier_1__max_features': 'sqrt', 'classifier__randomforestclassifier_1__max_leaf_nodes': 19, 'classifier__randomforestclassifier_1__max_samples': np.float64(0.5273290586355797), 'classifier__randomforestclassifier_1__min_impurity_decrease': np.float64(0.02606513156006104), 'classifier__randomforestclassifier_1__min_samples_leaf': 7, 'classifier__randomforestclassifier_1__min_samples_split': 7, 'classifier__randomforestclassifier_1__n_estimators': 505, 'classifier__xgbclassifier_2__colsample_bytree': np.float64(0.7695930730598128), 'classifier__xgbclassifier_2__gamma': np.float64(3.4137303938123846), 'classifier__xgbclassifier_2__learning_rate': np.float64(0.02506634275102077), 'classifier__xgbclassifier_2__max_delta_step': 2, 'classifier__xgbclassifier_2__max_depth': 6, 'classifier__xgbclassifier_2__min_child_weight': 2, 'classifier__xgbclassifier_2__n_estimators': 698, 'classifier__xgbclassifier_2__reg_alpha': np.float64(0.11052048618032599), 'classifier__xgbclassifier_2__reg_lambda': np.float64(0.0008637487649839613), 'classifier__xgbclassifier_2__scale_pos_weight': np.float64(1.142729199798158), 'classifier__xgbclassifier_2__subsample': np.float64(0.6961906805180804), 'feature_selection_filter__k': 22}",104.69751739501953,"[1, 2, 3, 4, 5, 6, 7, 8, 9, 10, 11, 12, 14, 16, 17, 18, 19, 20, 21, 27, 28, 29]","['V1', 'V2', 'V3', 'V4', 'V5', 'V6', 'V7', 'V8', 'V9', 'V10', 'V11', 'V12', 'V14', 'V16', 'V17', 'V18', 'V19', 'V20', 'V21', 'V27', 'V28', 'Time_sin']"
CostSensitiveLearning_ClusterCentroids___RandomizedSearchCV__niter_30__cv_5,7,8,VotingClassifier,resubstitution,369,22127,8,57,0.9971189220335978,0.9787798408488063,0.8661971830985915,0.9190535491905355,0.999638581432121,0.0003614185678789683,0.9329178822653563,0.9305289481543146,0.9193682051261018,0.9175924693285225,0.9888729106814671,0.9237625292023788,22561,0.9170130486777615,0.005606164585871545,0.9074203826677462,0.030011926326718275,"{'classifier__extratreesclassifier_0__ccp_alpha': np.float64(0.006928432208078651), 'classifier__extratreesclassifier_0__max_depth': 12, 'classifier__extratreesclassifier_0__max_features': 'sqrt', 'classifier__extratreesclassifier_0__max_leaf_nodes': 2, 'classifier__extratreesclassifier_0__min_impurity_decrease': np.float64(0.05792565945992274), 'classifier__extratreesclassifier_0__min_samples_leaf': 3, 'classifier__extratreesclassifier_0__min_samples_split': 3, 'classifier__extratreesclassifier_0__n_estimators': 452, 'classifier__randomforestclassifier_1__ccp_alpha': np.float64(0.00048117703653745124), 'classifier__randomforestclassifier_1__max_depth': 10, 'classifier__randomforestclassifier_1__max_features': 'sqrt', 'classifier__randomforestclassifier_1__max_leaf_nodes': 8, 'classifier__randomforestclassifier_1__max_samples': np.float64(0.8717597219826348), 'classifier__randomforestclassifier_1__min_impurity_decrease': np.float64(0.08106942230536163), 'classifier__randomforestclassifier_1__min_samples_leaf': 2, 'classifier__randomforestclassifier_1__min_samples_split': 9, 'classifier__randomforestclassifier_1__n_estimators': 188, 'classifier__xgbclassifier_2__colsample_bytree': np.float64(0.9193636705865728), 'classifier__xgbclassifier_2__gamma': np.float64(1.994857515334882), 'classifier__xgbclassifier_2__learning_rate': np.float64(0.061544170147444274), 'classifier__xgbclassifier_2__max_delta_step': 7, 'classifier__xgbclassifier_2__max_depth': 3, 'classifier__xgbclassifier_2__min_child_weight': 6, 'classifier__xgbclassifier_2__n_estimators': 444, 'classifier__xgbclassifier_2__reg_alpha': np.float64(0.0696888441157884), 'classifier__xgbclassifier_2__reg_lambda': np.float64(0.00017472029007865484), 'classifier__xgbclassifier_2__scale_pos_weight': np.float64(0.5199673650605282), 'classifier__xgbclassifier_2__subsample': np.float64(0.631855061865599), 'feature_selection_filter__k': 26}",101.83062791824341,"[0, 1, 2, 3, 4, 5, 6, 7, 8, 9, 10, 11, 12, 14, 16, 17, 18, 19, 20, 21, 22, 24, 26, 27, 28, 29]","['Amount_log1p', 'V1', 'V2', 'V3', 'V4', 'V5', 'V6', 'V7', 'V8', 'V9', 'V10', 'V11', 'V12', 'V14', 'V16', 'V17', 'V18', 'V19', 'V20', 'V21', 'V22', 'V24', 'V26', 'V27', 'V28', 'Time_sin']"
CostSensitiveLearning_ClusterCentroids___RandomizedSearchCV__niter_30__cv_5,7,9,VotingClassifier,resubstitution,378,22129,6,48,0.9976064890740659,0.984375,0.8873239436619719,0.9333333333333333,0.9997289360740909,0.00027106392590914297,0.9435264398680314,0.941851061553922,0.9334199147165275,0.9321180379692879,0.9996340212800028,0.9818534735640023,22561,0.9307996230279505,0.005288145630744704,0.9017590213031973,0.03355520738750432,"{'classifier__extratreesclassifier_0__ccp_alpha': np.float64(0.0026132716085059795), 'classifier__extratreesclassifier_0__max_depth': 18, 'classifier__extratreesclassifier_0__max_features': 'sqrt', 'classifier__extratreesclassifier_0__max_leaf_nodes': 19, 'classifier__extratreesclassifier_0__min_impurity_decrease': np.float64(0.0747115439427898), 'classifier__extratreesclassifier_0__min_samples_leaf': 1, 'classifier__extratreesclassifier_0__min_samples_split': 7, 'classifier__extratreesclassifier_0__n_estimators': 888, 'classifier__randomforestclassifier_1__ccp_alpha': np.float64(0.004479086527324629), 'classifier__randomforestclassifier_1__max_depth': 8, 'classifier__randomforestclassifier_1__max_features': 'log2', 'classifier__randomforestclassifier_1__max_leaf_nodes': 10, 'classifier__randomforestclassifier_1__max_samples': np.float64(0.5308889040728986), 'classifier__randomforestclassifier_1__min_impurity_decrease': np.float64(0.025379390190447562), 'classifier__randomforestclassifier_1__min_samples_leaf': 7, 'classifier__randomforestclassifier_1__min_samples_split': 3, 'classifier__randomforestclassifier_1__n_estimators': 187, 'classifier__xgbclassifier_2__colsample_bytree': np.float64(0.9600250316549233), 'classifier__xgbclassifier_2__gamma': np.float64(1.505065180007978), 'classifier__xgbclassifier_2__learning_rate': np.float64(0.11446093925417974), 'classifier__xgbclassifier_2__max_delta_step': 5, 'classifier__xgbclassifier_2__max_depth': 9, 'classifier__xgbclassifier_2__min_child_weight': 2, 'classifier__xgbclassifier_2__n_estimators': 213, 'classifier__xgbclassifier_2__reg_alpha': np.float64(0.09196000321443913), 'classifier__xgbclassifier_2__reg_lambda': np.float64(0.14696836872567087), 'classifier__xgbclassifier_2__scale_pos_weight': np.float64(1.1422870448982672), 'classifier__xgbclassifier_2__subsample': np.float64(0.825525441114924), 'feature_selection_filter__k': 20}",102.50232148170471,"[1, 2, 3, 4, 5, 6, 7, 8, 9, 10, 11, 12, 14, 16, 17, 18, 19, 20, 21, 27]","['V1', 'V2', 'V3', 'V4', 'V5', 'V6', 'V7', 'V8', 'V9', 'V10', 'V11', 'V12', 'V14', 'V16', 'V17', 'V18', 'V19', 'V20', 'V21', 'V27']"
CostSensitiveLearning_ClusterCentroids___RandomizedSearchCV__niter_30__cv_5,7,10,VotingClassifier,resubstitution,371,22122,13,55,0.9969859492043792,0.9661458333333334,0.8708920187793427,0.9160493827160494,0.9994126948271967,0.0005873051728032541,0.9351523568032698,0.932941873533266,0.9157963071984173,0.9145190107761404,0.9993866065150787,0.9682629576010918,22561,0.9176847626266585,0.002478598280585614,0.9001407498092497,0.01674116914921258,"{'classifier__extratreesclassifier_0__ccp_alpha': np.float64(0.0041295045037025024), 'classifier__extratreesclassifier_0__max_depth': 15, 'classifier__extratreesclassifier_0__max_features': 'sqrt', 'classifier__extratreesclassifier_0__max_leaf_nodes': 5, 'classifier__extratreesclassifier_0__min_impurity_decrease': np.float64(0.09446128693538011), 'classifier__extratreesclassifier_0__min_samples_leaf': 2, 'classifier__extratreesclassifier_0__min_samples_split': 7, 'classifier__extratreesclassifier_0__n_estimators': 392, 'classifier__randomforestclassifier_1__ccp_alpha': np.float64(0.008754966010072064), 'classifier__randomforestclassifier_1__max_depth': 3, 'classifier__randomforestclassifier_1__max_features': 'sqrt', 'classifier__randomforestclassifier_1__max_leaf_nodes': 19, 'classifier__randomforestclassifier_1__max_samples': np.float64(0.5827843091765221), 'classifier__randomforestclassifier_1__min_impurity_decrease': np.float64(0.09703435836359481), 'classifier__randomforestclassifier_1__min_samples_leaf': 3, 'classifier__randomforestclassifier_1__min_samples_split': 5, 'classifier__randomforestclassifier_1__n_estimators': 399, 'classifier__xgbclassifier_2__colsample_bytree': np.float64(0.701692147349078), 'classifier__xgbclassifier_2__gamma': np.float64(3.685751592637529), 'classifier__xgbclassifier_2__learning_rate': np.float64(0.0304389883219472), 'classifier__xgbclassifier_2__max_delta_step': 4, 'classifier__xgbclassifier_2__max_depth': 5, 'classifier__xgbclassifier_2__min_child_weight': 5, 'classifier__xgbclassifier_2__n_estimators': 353, 'classifier__xgbclassifier_2__reg_alpha': np.float64(0.0019144497905925054), 'classifier__xgbclassifier_2__reg_lambda': np.float64(0.07878325675763058), 'classifier__xgbclassifier_2__scale_pos_weight': np.float64(2.92427925434107), 'classifier__xgbclassifier_2__subsample': np.float64(0.9111687744628036), 'feature_selection_filter__k': 24}",104.04699063301086,"[0, 1, 2, 3, 4, 5, 6, 7, 8, 9, 10, 11, 12, 14, 16, 17, 18, 19, 20, 21, 23, 27, 28, 29]","['Amount_log1p', 'V1', 'V2', 'V3', 'V4', 'V5', 'V6', 'V7', 'V8', 'V9', 'V10', 'V11', 'V12', 'V14', 'V16', 'V17', 'V18', 'V19', 'V20', 'V21', 'V23', 'V27', 'V28', 'Time_sin']"
CostSensitiveLearning_ClusterCentroids___RandomizedSearchCV__niter_30__cv_5,8,1,VotingClassifier,resubstitution,391,22125,9,35,0.9980496453900709,0.9775,0.9178403755868545,0.9467312348668281,0.9995933857413933,0.00040661425860666345,0.958716880664124,0.9578450650303607,0.946225388732041,0.9457388748950462,0.9999144137436893,0.995082139604637,22560,0.9473034966873615,0.00699562087353494,0.9015437727336091,0.01773434712606316,"{'classifier__extratreesclassifier_0__ccp_alpha': np.float64(0.0033426172779234377), 'classifier__extratreesclassifier_0__max_depth': 15, 'classifier__extratreesclassifier_0__max_features': 'sqrt', 'classifier__extratreesclassifier_0__max_leaf_nodes': 10, 'classifier__extratreesclassifier_0__min_impurity_decrease': np.float64(0.00431349389065826), 'classifier__extratreesclassifier_0__min_samples_leaf': 9, 'classifier__extratreesclassifier_0__min_samples_split': 9, 'classifier__extratreesclassifier_0__n_estimators': 754, 'classifier__randomforestclassifier_1__ccp_alpha': np.float64(0.0017589427671403802), 'classifier__randomforestclassifier_1__max_depth': 9, 'classifier__randomforestclassifier_1__max_features': 'sqrt', 'classifier__randomforestclassifier_1__max_leaf_nodes': 14, 'classifier__randomforestclassifier_1__max_samples': np.float64(0.8268165172628974), 'classifier__randomforestclassifier_1__min_impurity_decrease': np.float64(0.09497821174655782), 'classifier__randomforestclassifier_1__min_samples_leaf': 8, 'classifier__randomforestclassifier_1__min_samples_split': 4, 'classifier__randomforestclassifier_1__n_estimators': 660, 'classifier__xgbclassifier_2__colsample_bytree': np.float64(0.9495351979655936), 'classifier__xgbclassifier_2__gamma': np.float64(0.48777947634431496), 'classifier__xgbclassifier_2__learning_rate': np.float64(0.020723822688961304), 'classifier__xgbclassifier_2__max_delta_step': 4, 'classifier__xgbclassifier_2__max_depth': 9, 'classifier__xgbclassifier_2__min_child_weight': 2, 'classifier__xgbclassifier_2__n_estimators': 796, 'classifier__xgbclassifier_2__reg_alpha': np.float64(0.0074784786664415185), 'classifier__xgbclassifier_2__reg_lambda': np.float64(1.6007252471969007), 'classifier__xgbclassifier_2__scale_pos_weight': np.float64(3.594419470254341), 'classifier__xgbclassifier_2__subsample': np.float64(0.7669148476210292), 'feature_selection_filter__k': 28}",107.42498874664307,"[0, 1, 2, 3, 4, 5, 6, 7, 8, 9, 10, 11, 12, 14, 16, 17, 18, 19, 20, 21, 22, 23, 24, 26, 27, 28, 29, 30]","['Amount_log1p', 'V1', 'V2', 'V3', 'V4', 'V5', 'V6', 'V7', 'V8', 'V9', 'V10', 'V11', 'V12', 'V14', 'V16', 'V17', 'V18', 'V19', 'V20', 'V21', 'V22', 'V23', 'V24', 'V26', 'V27', 'V28', 'Time_sin', 'Time_cos']"
CostSensitiveLearning_ClusterCentroids___RandomizedSearchCV__niter_30__cv_5,8,2,VotingClassifier,resubstitution,391,22131,3,35,0.9983156028368795,0.9923857868020305,0.9178403755868545,0.9536585365853658,0.9998644619137977,0.00013553808620225816,0.9588524187503261,0.9579749335232672,0.9535555495074567,0.9528020792454676,0.9999233223502941,0.995518183190778,22560,0.9444395901310404,0.003875998401928305,0.91031250649262,0.008834430939488443,"{'classifier__extratreesclassifier_0__ccp_alpha': np.float64(0.008320296297773717), 'classifier__extratreesclassifier_0__max_depth': 10, 'classifier__extratreesclassifier_0__max_features': 'sqrt', 'classifier__extratreesclassifier_0__max_leaf_nodes': 8, 'classifier__extratreesclassifier_0__min_impurity_decrease': np.float64(0.016480860451044344), 'classifier__extratreesclassifier_0__min_samples_leaf': 9, 'classifier__extratreesclassifier_0__min_samples_split': 9, 'classifier__extratreesclassifier_0__n_estimators': 389, 'classifier__randomforestclassifier_1__ccp_alpha': np.float64(0.002459590103531897), 'classifier__randomforestclassifier_1__max_depth': 4, 'classifier__randomforestclassifier_1__max_features': 'sqrt', 'classifier__randomforestclassifier_1__max_leaf_nodes': 4, 'classifier__randomforestclassifier_1__max_samples': np.float64(0.5449088487938201), 'classifier__randomforestclassifier_1__min_impurity_decrease': np.float64(0.09080501924918893), 'classifier__randomforestclassifier_1__min_samples_leaf': 2, 'classifier__randomforestclassifier_1__min_samples_split': 4, 'classifier__randomforestclassifier_1__n_estimators': 915, 'classifier__xgbclassifier_2__colsample_bytree': np.float64(0.860964809828762), 'classifier__xgbclassifier_2__gamma': np.float64(0.5490731839467877), 'classifier__xgbclassifier_2__learning_rate': np.float64(0.08012641282626716), 'classifier__xgbclassifier_2__max_delta_step': 6, 'classifier__xgbclassifier_2__max_depth': 6, 'classifier__xgbclassifier_2__min_child_weight': 4, 'classifier__xgbclassifier_2__n_estimators': 610, 'classifier__xgbclassifier_2__reg_alpha': np.float64(0.008588757768430363), 'classifier__xgbclassifier_2__reg_lambda': np.float64(0.008490079528694173), 'classifier__xgbclassifier_2__scale_pos_weight': np.float64(1.3896923287912781), 'classifier__xgbclassifier_2__subsample': np.float64(0.7652148953233814), 'feature_selection_filter__k': 24}",107.00569772720337,"[0, 1, 2, 3, 4, 5, 6, 7, 8, 9, 10, 11, 12, 14, 16, 17, 18, 19, 20, 21, 24, 27, 28, 29]","['Amount_log1p', 'V1', 'V2', 'V3', 'V4', 'V5', 'V6', 'V7', 'V8', 'V9', 'V10', 'V11', 'V12', 'V14', 'V16', 'V17', 'V18', 'V19', 'V20', 'V21', 'V24', 'V27', 'V28', 'Time_sin']"
CostSensitiveLearning_ClusterCentroids___RandomizedSearchCV__niter_30__cv_5,8,3,VotingClassifier,resubstitution,362,22123,11,64,0.9966755319148937,0.9705093833780161,0.8497652582159625,0.9061326658322904,0.9995030270172586,0.0004969729827414282,0.9246341426166105,0.9215980402762133,0.9065169961277455,0.9044480451493152,0.9960725771453515,0.9397978810991496,22560,0.9054309479625559,0.005919658985717003,0.8941258060278111,0.017663147282110468,"{'classifier__extratreesclassifier_0__ccp_alpha': np.float64(0.0016947666256555715), 'classifier__extratreesclassifier_0__max_depth': 15, 'classifier__extratreesclassifier_0__max_features': 'sqrt', 'classifier__extratreesclassifier_0__max_leaf_nodes': 14, 'classifier__extratreesclassifier_0__min_impurity_decrease': np.float64(0.03049611137225602), 'classifier__extratreesclassifier_0__min_samples_leaf': 7, 'classifier__extratreesclassifier_0__min_samples_split': 4, 'classifier__extratreesclassifier_0__n_estimators': 548, 'classifier__randomforestclassifier_1__ccp_alpha': np.float64(0.007071237659517673), 'classifier__randomforestclassifier_1__max_depth': 17, 'classifier__randomforestclassifier_1__max_features': 'sqrt', 'classifier__randomforestclassifier_1__max_leaf_nodes': 17, 'classifier__randomforestclassifier_1__max_samples': np.float64(0.8688369028608095), 'classifier__randomforestclassifier_1__min_impurity_decrease': np.float64(0.02238226508737531), 'classifier__randomforestclassifier_1__min_samples_leaf': 7, 'classifier__randomforestclassifier_1__min_samples_split': 8, 'classifier__randomforestclassifier_1__n_estimators': 244, 'classifier__xgbclassifier_2__colsample_bytree': np.float64(0.6267244122652371), 'classifier__xgbclassifier_2__gamma': np.float64(0.9823498799552499), 'classifier__xgbclassifier_2__learning_rate': np.float64(0.01508455238898914), 'classifier__xgbclassifier_2__max_delta_step': 6, 'classifier__xgbclassifier_2__max_depth': 5, 'classifier__xgbclassifier_2__min_child_weight': 7, 'classifier__xgbclassifier_2__n_estimators': 674, 'classifier__xgbclassifier_2__reg_alpha': np.float64(0.15037409940365828), 'classifier__xgbclassifier_2__reg_lambda': np.float64(0.0023841646371779075), 'classifier__xgbclassifier_2__scale_pos_weight': np.float64(1.2202605762446737), 'classifier__xgbclassifier_2__subsample': np.float64(0.715290546285144), 'feature_selection_filter__k': 22}",108.93108129501343,"[1, 2, 3, 4, 5, 6, 7, 8, 9, 10, 11, 12, 14, 16, 17, 18, 19, 20, 21, 27, 28, 29]","['V1', 'V2', 'V3', 'V4', 'V5', 'V6', 'V7', 'V8', 'V9', 'V10', 'V11', 'V12', 'V14', 'V16', 'V17', 'V18', 'V19', 'V20', 'V21', 'V27', 'V28', 'Time_sin']"
CostSensitiveLearning_ClusterCentroids___RandomizedSearchCV__niter_30__cv_5,8,4,VotingClassifier,resubstitution,365,22125,9,61,0.9968971631205674,0.9759358288770054,0.8568075117370892,0.9125,0.9995933857413933,0.00040661425860666345,0.9282004487392412,0.9254507667001717,0.9129280700989798,0.9109273706111763,0.9928394953316779,0.9337168226629158,22560,0.9105617752391538,0.005743007777765924,0.903394882100882,0.023910729518460613,"{'classifier__extratreesclassifier_0__ccp_alpha': np.float64(0.0016454362849971115), 'classifier__extratreesclassifier_0__max_depth': 3, 'classifier__extratreesclassifier_0__max_features': 'log2', 'classifier__extratreesclassifier_0__max_leaf_nodes': 18, 'classifier__extratreesclassifier_0__min_impurity_decrease': np.float64(0.0006096667647237375), 'classifier__extratreesclassifier_0__min_samples_leaf': 4, 'classifier__extratreesclassifier_0__min_samples_split': 5, 'classifier__extratreesclassifier_0__n_estimators': 713, 'classifier__randomforestclassifier_1__ccp_alpha': np.float64(0.003959105053747131), 'classifier__randomforestclassifier_1__max_depth': 13, 'classifier__randomforestclassifier_1__max_features': 'sqrt', 'classifier__randomforestclassifier_1__max_leaf_nodes': 13, 'classifier__randomforestclassifier_1__max_samples': np.float64(0.5474561571237533), 'classifier__randomforestclassifier_1__min_impurity_decrease': np.float64(0.08178775874085453), 'classifier__randomforestclassifier_1__min_samples_leaf': 2, 'classifier__randomforestclassifier_1__min_samples_split': 4, 'classifier__randomforestclassifier_1__n_estimators': 902, 'classifier__xgbclassifier_2__colsample_bytree': np.float64(0.9403968327227066), 'classifier__xgbclassifier_2__gamma': np.float64(3.1971758670684967), 'classifier__xgbclassifier_2__learning_rate': np.float64(0.0621598460945026), 'classifier__xgbclassifier_2__max_delta_step': 6, 'classifier__xgbclassifier_2__max_depth': 6, 'classifier__xgbclassifier_2__min_child_weight': 2, 'classifier__xgbclassifier_2__n_estimators': 732, 'classifier__xgbclassifier_2__reg_alpha': np.float64(0.012478752713144388), 'classifier__xgbclassifier_2__reg_lambda': np.float64(0.0007038030681155855), 'classifier__xgbclassifier_2__scale_pos_weight': np.float64(0.6881912487942747), 'classifier__xgbclassifier_2__subsample': np.float64(0.8122824833857225), 'feature_selection_filter__k': 24}",104.28919768333435,"[0, 1, 2, 3, 4, 5, 6, 7, 8, 9, 10, 11, 12, 14, 16, 17, 18, 19, 20, 21, 22, 27, 28, 29]","['Amount_log1p', 'V1', 'V2', 'V3', 'V4', 'V5', 'V6', 'V7', 'V8', 'V9', 'V10', 'V11', 'V12', 'V14', 'V16', 'V17', 'V18', 'V19', 'V20', 'V21', 'V22', 'V27', 'V28', 'Time_sin']"
CostSensitiveLearning_ClusterCentroids___RandomizedSearchCV__niter_30__cv_5,8,5,VotingClassifier,resubstitution,370,22122,13,55,0.9969858156028368,0.9660574412532638,0.8705882352941177,0.9158415841584159,0.9994126948271967,0.0005873051728032541,0.9350004650606571,0.9327791455216758,0.9155944677285823,0.9143112328540636,0.9992048791506662,0.9647001000784365,22560,0.9169515496293839,0.008794115982349238,0.9052305936194008,0.0337760479426753,"{'classifier__extratreesclassifier_0__ccp_alpha': np.float64(0.0034191129060693803), 'classifier__extratreesclassifier_0__max_depth': 16, 'classifier__extratreesclassifier_0__max_features': 'log2', 'classifier__extratreesclassifier_0__max_leaf_nodes': 14, 'classifier__extratreesclassifier_0__min_impurity_decrease': np.float64(0.011790961280772384), 'classifier__extratreesclassifier_0__min_samples_leaf': 5, 'classifier__extratreesclassifier_0__min_samples_split': 5, 'classifier__extratreesclassifier_0__n_estimators': 769, 'classifier__randomforestclassifier_1__ccp_alpha': np.float64(0.0012043630166549712), 'classifier__randomforestclassifier_1__max_depth': 3, 'classifier__randomforestclassifier_1__max_features': 'log2', 'classifier__randomforestclassifier_1__max_leaf_nodes': 8, 'classifier__randomforestclassifier_1__max_samples': np.float64(0.8202196461823267), 'classifier__randomforestclassifier_1__min_impurity_decrease': np.float64(0.08386023480549254), 'classifier__randomforestclassifier_1__min_samples_leaf': 7, 'classifier__randomforestclassifier_1__min_samples_split': 4, 'classifier__randomforestclassifier_1__n_estimators': 205, 'classifier__xgbclassifier_2__colsample_bytree': np.float64(0.6790629780082336), 'classifier__xgbclassifier_2__gamma': np.float64(1.1630452049221756), 'classifier__xgbclassifier_2__learning_rate': np.float64(0.027657490580338027), 'classifier__xgbclassifier_2__max_delta_step': 5, 'classifier__xgbclassifier_2__max_depth': 3, 'classifier__xgbclassifier_2__min_child_weight': 6, 'classifier__xgbclassifier_2__n_estimators': 634, 'classifier__xgbclassifier_2__reg_alpha': np.float64(0.043309672475555984), 'classifier__xgbclassifier_2__reg_lambda': np.float64(0.6525392942486568), 'classifier__xgbclassifier_2__scale_pos_weight': np.float64(1.6785349701163774), 'classifier__xgbclassifier_2__subsample': np.float64(0.8531910842568984), 'feature_selection_filter__k': 24}",104.82282161712646,"[0, 1, 2, 3, 4, 5, 6, 7, 8, 9, 10, 11, 12, 14, 16, 17, 18, 19, 20, 21, 24, 27, 28, 29]","['Amount_log1p', 'V1', 'V2', 'V3', 'V4', 'V5', 'V6', 'V7', 'V8', 'V9', 'V10', 'V11', 'V12', 'V14', 'V16', 'V17', 'V18', 'V19', 'V20', 'V21', 'V24', 'V27', 'V28', 'Time_sin']"
CostSensitiveLearning_ClusterCentroids___RandomizedSearchCV__niter_30__cv_5,8,6,VotingClassifier,resubstitution,384,22119,16,41,0.9974734042553192,0.96,0.9035294117647059,0.9309090909090909,0.9992771628642422,0.0007228371357578256,0.951403287314474,0.9501980357549856,0.9300666409022801,0.9296234676007005,0.9997750700912849,0.9821136303478133,22560,0.9359334329567544,0.005181520511866811,0.8978692349836077,0.01842930303183693,"{'classifier__extratreesclassifier_0__ccp_alpha': np.float64(0.006939724456474186), 'classifier__extratreesclassifier_0__max_depth': 3, 'classifier__extratreesclassifier_0__max_features': 'sqrt', 'classifier__extratreesclassifier_0__max_leaf_nodes': 18, 'classifier__extratreesclassifier_0__min_impurity_decrease': np.float64(0.09093527807163672), 'classifier__extratreesclassifier_0__min_samples_leaf': 5, 'classifier__extratreesclassifier_0__min_samples_split': 8, 'classifier__extratreesclassifier_0__n_estimators': 573, 'classifier__randomforestclassifier_1__ccp_alpha': np.float64(0.006440872008253728), 'classifier__randomforestclassifier_1__max_depth': 6, 'classifier__randomforestclassifier_1__max_features': 'sqrt', 'classifier__randomforestclassifier_1__max_leaf_nodes': 12, 'classifier__randomforestclassifier_1__max_samples': np.float64(0.5750221966572737), 'classifier__randomforestclassifier_1__min_impurity_decrease': np.float64(0.06108635743953558), 'classifier__randomforestclassifier_1__min_samples_leaf': 4, 'classifier__randomforestclassifier_1__min_samples_split': 9, 'classifier__randomforestclassifier_1__n_estimators': 195, 'classifier__xgbclassifier_2__colsample_bytree': np.float64(0.8860716991435174), 'classifier__xgbclassifier_2__gamma': np.float64(2.781230724582389), 'classifier__xgbclassifier_2__learning_rate': np.float64(0.036340434266011655), 'classifier__xgbclassifier_2__max_delta_step': 7, 'classifier__xgbclassifier_2__max_depth': 9, 'classifier__xgbclassifier_2__min_child_weight': 5, 'classifier__xgbclassifier_2__n_estimators': 382, 'classifier__xgbclassifier_2__reg_alpha': np.float64(0.9678459091751842), 'classifier__xgbclassifier_2__reg_lambda': np.float64(0.5937251384009437), 'classifier__xgbclassifier_2__scale_pos_weight': np.float64(4.761727174154708), 'classifier__xgbclassifier_2__subsample': np.float64(0.9123650380513117), 'feature_selection_filter__k': 26}",103.52740430831909,"[0, 1, 2, 3, 4, 5, 6, 7, 8, 9, 10, 11, 12, 14, 16, 17, 18, 19, 20, 21, 22, 23, 24, 27, 28, 29]","['Amount_log1p', 'V1', 'V2', 'V3', 'V4', 'V5', 'V6', 'V7', 'V8', 'V9', 'V10', 'V11', 'V12', 'V14', 'V16', 'V17', 'V18', 'V19', 'V20', 'V21', 'V22', 'V23', 'V24', 'V27', 'V28', 'Time_sin']"
CostSensitiveLearning_ClusterCentroids___RandomizedSearchCV__niter_30__cv_5,8,7,VotingClassifier,resubstitution,371,22124,11,54,0.9971187943262412,0.9712041884816754,0.8729411764705882,0.919454770755886,0.9995030494691665,0.0004969505308335398,0.9362221129698773,0.9340810285460008,0.919346082653022,0.9179921727935789,0.999476261975312,0.9710445428479569,22560,0.9212931834917175,0.0049570902340625705,0.8984553730457154,0.028076697291080876,"{'classifier__extratreesclassifier_0__ccp_alpha': np.float64(0.00434528046797921), 'classifier__extratreesclassifier_0__max_depth': 4, 'classifier__extratreesclassifier_0__max_features': 'sqrt', 'classifier__extratreesclassifier_0__max_leaf_nodes': 4, 'classifier__extratreesclassifier_0__min_impurity_decrease': np.float64(0.028510108835947935), 'classifier__extratreesclassifier_0__min_samples_leaf': 3, 'classifier__extratreesclassifier_0__min_samples_split': 2, 'classifier__extratreesclassifier_0__n_estimators': 875, 'classifier__randomforestclassifier_1__ccp_alpha': np.float64(0.003972917639358347), 'classifier__randomforestclassifier_1__max_depth': 15, 'classifier__randomforestclassifier_1__max_features': 'sqrt', 'classifier__randomforestclassifier_1__max_leaf_nodes': 10, 'classifier__randomforestclassifier_1__max_samples': np.float64(0.8597850746878588), 'classifier__randomforestclassifier_1__min_impurity_decrease': np.float64(0.09863111038625266), 'classifier__randomforestclassifier_1__min_samples_leaf': 4, 'classifier__randomforestclassifier_1__min_samples_split': 2, 'classifier__randomforestclassifier_1__n_estimators': 680, 'classifier__xgbclassifier_2__colsample_bytree': np.float64(0.7756936057833685), 'classifier__xgbclassifier_2__gamma': np.float64(2.7130856651556745), 'classifier__xgbclassifier_2__learning_rate': np.float64(0.023842623893574184), 'classifier__xgbclassifier_2__max_delta_step': 8, 'classifier__xgbclassifier_2__max_depth': 4, 'classifier__xgbclassifier_2__min_child_weight': 1, 'classifier__xgbclassifier_2__n_estimators': 364, 'classifier__xgbclassifier_2__reg_alpha': np.float64(0.00022792076788755703), 'classifier__xgbclassifier_2__reg_lambda': np.float64(1.3839826960126116), 'classifier__xgbclassifier_2__scale_pos_weight': np.float64(2.6194288876265475), 'classifier__xgbclassifier_2__subsample': np.float64(0.8655745960816406), 'feature_selection_filter__k': 24}",103.69589972496033,"[0, 1, 2, 3, 4, 5, 6, 7, 8, 9, 10, 11, 12, 14, 16, 17, 18, 19, 20, 21, 24, 27, 28, 29]","['Amount_log1p', 'V1', 'V2', 'V3', 'V4', 'V5', 'V6', 'V7', 'V8', 'V9', 'V10', 'V11', 'V12', 'V14', 'V16', 'V17', 'V18', 'V19', 'V20', 'V21', 'V24', 'V27', 'V28', 'Time_sin']"
CostSensitiveLearning_ClusterCentroids___RandomizedSearchCV__niter_30__cv_5,8,8,VotingClassifier,resubstitution,382,22113,22,44,0.9970745977571916,0.9455445544554455,0.8967136150234741,0.9204819277108434,0.9990060989383329,0.0009939010616670796,0.9478598569809036,0.9464789328925874,0.919328098234163,0.9189928831403794,0.9996242646754709,0.9676227092568462,22561,0.927032237991137,0.006151293573061618,0.898967309798992,0.027158056454495,"{'classifier__extratreesclassifier_0__ccp_alpha': np.float64(0.002642066638413453), 'classifier__extratreesclassifier_0__max_depth': 11, 'classifier__extratreesclassifier_0__max_features': 'sqrt', 'classifier__extratreesclassifier_0__max_leaf_nodes': 4, 'classifier__extratreesclassifier_0__min_impurity_decrease': np.float64(0.09506699411209306), 'classifier__extratreesclassifier_0__min_samples_leaf': 1, 'classifier__extratreesclassifier_0__min_samples_split': 5, 'classifier__extratreesclassifier_0__n_estimators': 943, 'classifier__randomforestclassifier_1__ccp_alpha': np.float64(0.00813874693501739), 'classifier__randomforestclassifier_1__max_depth': 4, 'classifier__randomforestclassifier_1__max_features': 'sqrt', 'classifier__randomforestclassifier_1__max_leaf_nodes': 19, 'classifier__randomforestclassifier_1__max_samples': np.float64(0.6944472635565848), 'classifier__randomforestclassifier_1__min_impurity_decrease': np.float64(0.06653155762124717), 'classifier__randomforestclassifier_1__min_samples_leaf': 8, 'classifier__randomforestclassifier_1__min_samples_split': 3, 'classifier__randomforestclassifier_1__n_estimators': 892, 'classifier__xgbclassifier_2__colsample_bytree': np.float64(0.8983967386710563), 'classifier__xgbclassifier_2__gamma': np.float64(1.7011303856240207), 'classifier__xgbclassifier_2__learning_rate': np.float64(0.013538483788554703), 'classifier__xgbclassifier_2__max_delta_step': 1, 'classifier__xgbclassifier_2__max_depth': 8, 'classifier__xgbclassifier_2__min_child_weight': 5, 'classifier__xgbclassifier_2__n_estimators': 481, 'classifier__xgbclassifier_2__reg_alpha': np.float64(0.30130110667672816), 'classifier__xgbclassifier_2__reg_lambda': np.float64(4.975508699325228), 'classifier__xgbclassifier_2__scale_pos_weight': np.float64(4.5044998622188785), 'classifier__xgbclassifier_2__subsample': np.float64(0.8767537452267102), 'feature_selection_filter__k': 24}",104.92423272132874,"[0, 1, 2, 3, 4, 5, 6, 7, 8, 9, 10, 11, 12, 14, 16, 17, 18, 19, 20, 21, 23, 27, 28, 29]","['Amount_log1p', 'V1', 'V2', 'V3', 'V4', 'V5', 'V6', 'V7', 'V8', 'V9', 'V10', 'V11', 'V12', 'V14', 'V16', 'V17', 'V18', 'V19', 'V20', 'V21', 'V23', 'V27', 'V28', 'Time_sin']"
CostSensitiveLearning_ClusterCentroids___RandomizedSearchCV__niter_30__cv_5,8,9,VotingClassifier,resubstitution,368,22120,15,58,0.9967643278223483,0.9608355091383812,0.863849765258216,0.9097651421508035,0.999322340185227,0.0006776598147729684,0.9315860527217215,0.9291202123440753,0.9094553524190052,0.9081225088258185,0.9988748089773488,0.9550725083524672,22561,0.9143492208111461,0.004880996952870772,0.9045807077234083,0.02640895723792284,"{'classifier__extratreesclassifier_0__ccp_alpha': np.float64(0.005399883813607374), 'classifier__extratreesclassifier_0__max_depth': 8, 'classifier__extratreesclassifier_0__max_features': 'sqrt', 'classifier__extratreesclassifier_0__max_leaf_nodes': 6, 'classifier__extratreesclassifier_0__min_impurity_decrease': np.float64(0.041447139254311406), 'classifier__extratreesclassifier_0__min_samples_leaf': 6, 'classifier__extratreesclassifier_0__min_samples_split': 8, 'classifier__extratreesclassifier_0__n_estimators': 526, 'classifier__randomforestclassifier_1__ccp_alpha': np.float64(0.002470357595026402), 'classifier__randomforestclassifier_1__max_depth': 17, 'classifier__randomforestclassifier_1__max_features': 'sqrt', 'classifier__randomforestclassifier_1__max_leaf_nodes': 12, 'classifier__randomforestclassifier_1__max_samples': np.float64(0.8821309560057282), 'classifier__randomforestclassifier_1__min_impurity_decrease': np.float64(0.04351639657348616), 'classifier__randomforestclassifier_1__min_samples_leaf': 5, 'classifier__randomforestclassifier_1__min_samples_split': 5, 'classifier__randomforestclassifier_1__n_estimators': 103, 'classifier__xgbclassifier_2__colsample_bytree': np.float64(0.7224567394804379), 'classifier__xgbclassifier_2__gamma': np.float64(2.1158600518233577), 'classifier__xgbclassifier_2__learning_rate': np.float64(0.03613477128538534), 'classifier__xgbclassifier_2__max_delta_step': 3, 'classifier__xgbclassifier_2__max_depth': 5, 'classifier__xgbclassifier_2__min_child_weight': 7, 'classifier__xgbclassifier_2__n_estimators': 211, 'classifier__xgbclassifier_2__reg_alpha': np.float64(3.0867342990566806), 'classifier__xgbclassifier_2__reg_lambda': np.float64(0.8289510104486045), 'classifier__xgbclassifier_2__scale_pos_weight': np.float64(3.9083074215079883), 'classifier__xgbclassifier_2__subsample': np.float64(0.7150809154510145), 'feature_selection_filter__k': 22}",105.58285713195801,"[1, 2, 3, 4, 5, 6, 7, 8, 9, 10, 11, 12, 14, 16, 17, 18, 19, 20, 21, 27, 28, 29]","['V1', 'V2', 'V3', 'V4', 'V5', 'V6', 'V7', 'V8', 'V9', 'V10', 'V11', 'V12', 'V14', 'V16', 'V17', 'V18', 'V19', 'V20', 'V21', 'V27', 'V28', 'Time_sin']"
CostSensitiveLearning_ClusterCentroids___RandomizedSearchCV__niter_30__cv_5,8,10,VotingClassifier,resubstitution,364,22126,9,62,0.9968529763751607,0.9758713136729222,0.8544600938967136,0.9111389236545682,0.9995934041111362,0.00040659588886382547,0.9270267490039249,0.924182164908703,0.9116248266707018,0.9095442213637868,0.9906351443500245,0.9259781351283863,22561,0.905654265179608,0.005901318081458876,0.9028990981234577,0.019598675004647303,"{'classifier__extratreesclassifier_0__ccp_alpha': np.float64(0.00501480918278991), 'classifier__extratreesclassifier_0__max_depth': 8, 'classifier__extratreesclassifier_0__max_features': 'log2', 'classifier__extratreesclassifier_0__max_leaf_nodes': 12, 'classifier__extratreesclassifier_0__min_impurity_decrease': np.float64(0.042220309096724654), 'classifier__extratreesclassifier_0__min_samples_leaf': 5, 'classifier__extratreesclassifier_0__min_samples_split': 5, 'classifier__extratreesclassifier_0__n_estimators': 345, 'classifier__randomforestclassifier_1__ccp_alpha': np.float64(0.002925908157147125), 'classifier__randomforestclassifier_1__max_depth': 3, 'classifier__randomforestclassifier_1__max_features': 'log2', 'classifier__randomforestclassifier_1__max_leaf_nodes': 3, 'classifier__randomforestclassifier_1__max_samples': np.float64(0.759448803324109), 'classifier__randomforestclassifier_1__min_impurity_decrease': np.float64(0.09541340477403229), 'classifier__randomforestclassifier_1__min_samples_leaf': 4, 'classifier__randomforestclassifier_1__min_samples_split': 8, 'classifier__randomforestclassifier_1__n_estimators': 797, 'classifier__xgbclassifier_2__colsample_bytree': np.float64(0.6927650189393337), 'classifier__xgbclassifier_2__gamma': np.float64(2.6221153898605687), 'classifier__xgbclassifier_2__learning_rate': np.float64(0.029574476485148642), 'classifier__xgbclassifier_2__max_delta_step': 2, 'classifier__xgbclassifier_2__max_depth': 6, 'classifier__xgbclassifier_2__min_child_weight': 5, 'classifier__xgbclassifier_2__n_estimators': 330, 'classifier__xgbclassifier_2__reg_alpha': np.float64(0.014477564650069275), 'classifier__xgbclassifier_2__reg_lambda': np.float64(0.12756074418291577), 'classifier__xgbclassifier_2__scale_pos_weight': np.float64(0.8011236633409972), 'classifier__xgbclassifier_2__subsample': np.float64(0.6187551946287234), 'feature_selection_filter__k': 26}",106.5304491519928,"[0, 1, 2, 3, 4, 5, 6, 7, 8, 9, 10, 11, 12, 14, 16, 17, 18, 19, 20, 21, 23, 24, 26, 27, 28, 29]","['Amount_log1p', 'V1', 'V2', 'V3', 'V4', 'V5', 'V6', 'V7', 'V8', 'V9', 'V10', 'V11', 'V12', 'V14', 'V16', 'V17', 'V18', 'V19', 'V20', 'V21', 'V23', 'V24', 'V26', 'V27', 'V28', 'Time_sin']"
CostSensitiveLearning_ClusterCentroids___RandomizedSearchCV__niter_30__cv_5,9,1,VotingClassifier,resubstitution,362,22121,13,64,0.9965868794326241,0.9653333333333334,0.8497652582159625,0.9038701622971286,0.9994126682931237,0.000587331706876304,0.9245889632545431,0.9215563814202635,0.9040409408065548,0.9021399285451123,0.9891494232101443,0.9182819680054576,22560,0.9055943705673657,0.006972689980891506,0.9003246677124211,0.028192549315705365,"{'classifier__extratreesclassifier_0__ccp_alpha': np.float64(0.005376750124586126), 'classifier__extratreesclassifier_0__max_depth': 4, 'classifier__extratreesclassifier_0__max_features': 'log2', 'classifier__extratreesclassifier_0__max_leaf_nodes': 9, 'classifier__extratreesclassifier_0__min_impurity_decrease': np.float64(0.021900075554948897), 'classifier__extratreesclassifier_0__min_samples_leaf': 7, 'classifier__extratreesclassifier_0__min_samples_split': 4, 'classifier__extratreesclassifier_0__n_estimators': 469, 'classifier__randomforestclassifier_1__ccp_alpha': np.float64(0.008802731144355444), 'classifier__randomforestclassifier_1__max_depth': 12, 'classifier__randomforestclassifier_1__max_features': 'sqrt', 'classifier__randomforestclassifier_1__max_leaf_nodes': 4, 'classifier__randomforestclassifier_1__max_samples': np.float64(0.8305063735154747), 'classifier__randomforestclassifier_1__min_impurity_decrease': np.float64(0.010062605294402106), 'classifier__randomforestclassifier_1__min_samples_leaf': 7, 'classifier__randomforestclassifier_1__min_samples_split': 8, 'classifier__randomforestclassifier_1__n_estimators': 511, 'classifier__xgbclassifier_2__colsample_bytree': np.float64(0.9100243680566263), 'classifier__xgbclassifier_2__gamma': np.float64(2.894486869699449), 'classifier__xgbclassifier_2__learning_rate': np.float64(0.16400689450460032), 'classifier__xgbclassifier_2__max_delta_step': 8, 'classifier__xgbclassifier_2__max_depth': 4, 'classifier__xgbclassifier_2__min_child_weight': 9, 'classifier__xgbclassifier_2__n_estimators': 231, 'classifier__xgbclassifier_2__reg_alpha': np.float64(0.16515703556922445), 'classifier__xgbclassifier_2__reg_lambda': np.float64(0.00010076316240122352), 'classifier__xgbclassifier_2__scale_pos_weight': np.float64(0.702294384340422), 'classifier__xgbclassifier_2__subsample': np.float64(0.8629108644015453), 'feature_selection_filter__k': 26}",103.84132742881775,"[0, 1, 2, 3, 4, 5, 6, 7, 8, 9, 10, 11, 12, 14, 16, 17, 18, 19, 20, 21, 22, 24, 27, 28, 29, 30]","['Amount_log1p', 'V1', 'V2', 'V3', 'V4', 'V5', 'V6', 'V7', 'V8', 'V9', 'V10', 'V11', 'V12', 'V14', 'V16', 'V17', 'V18', 'V19', 'V20', 'V21', 'V22', 'V24', 'V27', 'V28', 'Time_sin', 'Time_cos']"
CostSensitiveLearning_ClusterCentroids___RandomizedSearchCV__niter_30__cv_5,9,2,VotingClassifier,resubstitution,364,22125,9,62,0.9968528368794326,0.9758713136729222,0.8544600938967136,0.9111389236545682,0.9995933857413933,0.00040661425860666345,0.9270267398190535,0.9241821564167558,0.9116247578718607,0.9095441494080183,0.9934940658074528,0.9268005767598607,22560,0.9104278684400681,0.005242977828040026,0.9003091382286085,0.022974572448549377,"{'classifier__extratreesclassifier_0__ccp_alpha': np.float64(0.009254210841791127), 'classifier__extratreesclassifier_0__max_depth': 12, 'classifier__extratreesclassifier_0__max_features': 'log2', 'classifier__extratreesclassifier_0__max_leaf_nodes': 8, 'classifier__extratreesclassifier_0__min_impurity_decrease': np.float64(0.04842225037284308), 'classifier__extratreesclassifier_0__min_samples_leaf': 4, 'classifier__extratreesclassifier_0__min_samples_split': 3, 'classifier__extratreesclassifier_0__n_estimators': 606, 'classifier__randomforestclassifier_1__ccp_alpha': np.float64(0.008159660896670598), 'classifier__randomforestclassifier_1__max_depth': 6, 'classifier__randomforestclassifier_1__max_features': 'sqrt', 'classifier__randomforestclassifier_1__max_leaf_nodes': 5, 'classifier__randomforestclassifier_1__max_samples': np.float64(0.8949404391321563), 'classifier__randomforestclassifier_1__min_impurity_decrease': np.float64(0.040866013374577806), 'classifier__randomforestclassifier_1__min_samples_leaf': 8, 'classifier__randomforestclassifier_1__min_samples_split': 8, 'classifier__randomforestclassifier_1__n_estimators': 962, 'classifier__xgbclassifier_2__colsample_bytree': np.float64(0.8608227826873902), 'classifier__xgbclassifier_2__gamma': np.float64(0.28801609138595585), 'classifier__xgbclassifier_2__learning_rate': np.float64(0.03176629658765234), 'classifier__xgbclassifier_2__max_delta_step': 6, 'classifier__xgbclassifier_2__max_depth': 9, 'classifier__xgbclassifier_2__min_child_weight': 5, 'classifier__xgbclassifier_2__n_estimators': 321, 'classifier__xgbclassifier_2__reg_alpha': np.float64(0.0008402918573328568), 'classifier__xgbclassifier_2__reg_lambda': np.float64(5.876138406042613), 'classifier__xgbclassifier_2__scale_pos_weight': np.float64(0.8030263110236417), 'classifier__xgbclassifier_2__subsample': np.float64(0.8500834132555206), 'feature_selection_filter__k': 26}",110.99916410446167,"[0, 1, 2, 3, 4, 5, 6, 7, 8, 9, 10, 11, 12, 14, 16, 17, 18, 19, 20, 21, 23, 24, 27, 28, 29, 30]","['Amount_log1p', 'V1', 'V2', 'V3', 'V4', 'V5', 'V6', 'V7', 'V8', 'V9', 'V10', 'V11', 'V12', 'V14', 'V16', 'V17', 'V18', 'V19', 'V20', 'V21', 'V23', 'V24', 'V27', 'V28', 'Time_sin', 'Time_cos']"
CostSensitiveLearning_ClusterCentroids___RandomizedSearchCV__niter_30__cv_5,9,3,VotingClassifier,resubstitution,368,22116,18,58,0.9966312056737588,0.9533678756476683,0.863849765258216,0.9064039408866995,0.9991867714827867,0.0008132285172133269,0.9315182683705013,0.9290571876878839,0.9058332548919693,0.9046929134698637,0.9949184883706624,0.9224161684507863,22560,0.9070001236924968,0.005671415776235795,0.898509425821479,0.02255393294865128,"{'classifier__extratreesclassifier_0__ccp_alpha': np.float64(0.0010606490595473272), 'classifier__extratreesclassifier_0__max_depth': 10, 'classifier__extratreesclassifier_0__max_features': 'sqrt', 'classifier__extratreesclassifier_0__max_leaf_nodes': 11, 'classifier__extratreesclassifier_0__min_impurity_decrease': np.float64(0.045824118376088144), 'classifier__extratreesclassifier_0__min_samples_leaf': 5, 'classifier__extratreesclassifier_0__min_samples_split': 6, 'classifier__extratreesclassifier_0__n_estimators': 562, 'classifier__randomforestclassifier_1__ccp_alpha': np.float64(0.0018143326541753414), 'classifier__randomforestclassifier_1__max_depth': 12, 'classifier__randomforestclassifier_1__max_features': 'sqrt', 'classifier__randomforestclassifier_1__max_leaf_nodes': 16, 'classifier__randomforestclassifier_1__max_samples': np.float64(0.7396376655239925), 'classifier__randomforestclassifier_1__min_impurity_decrease': np.float64(0.012294635792733722), 'classifier__randomforestclassifier_1__min_samples_leaf': 1, 'classifier__randomforestclassifier_1__min_samples_split': 4, 'classifier__randomforestclassifier_1__n_estimators': 758, 'classifier__xgbclassifier_2__colsample_bytree': np.float64(0.7870395602893674), 'classifier__xgbclassifier_2__gamma': np.float64(0.7008570382505591), 'classifier__xgbclassifier_2__learning_rate': np.float64(0.011343118886582891), 'classifier__xgbclassifier_2__max_delta_step': 9, 'classifier__xgbclassifier_2__max_depth': 5, 'classifier__xgbclassifier_2__min_child_weight': 5, 'classifier__xgbclassifier_2__n_estimators': 254, 'classifier__xgbclassifier_2__reg_alpha': np.float64(0.0019980599215364474), 'classifier__xgbclassifier_2__reg_lambda': np.float64(0.05992228652930152), 'classifier__xgbclassifier_2__scale_pos_weight': np.float64(3.228070191620773), 'classifier__xgbclassifier_2__subsample': np.float64(0.6567023481931029), 'feature_selection_filter__k': 20}",111.83896088600159,"[1, 2, 3, 4, 5, 6, 7, 8, 9, 10, 11, 12, 14, 16, 17, 18, 19, 20, 21, 27]","['V1', 'V2', 'V3', 'V4', 'V5', 'V6', 'V7', 'V8', 'V9', 'V10', 'V11', 'V12', 'V14', 'V16', 'V17', 'V18', 'V19', 'V20', 'V21', 'V27']"
CostSensitiveLearning_ClusterCentroids___RandomizedSearchCV__niter_30__cv_5,9,4,VotingClassifier,resubstitution,363,22124,10,63,0.9967641843971631,0.9731903485254692,0.852112676056338,0.9086357947434293,0.999548206379326,0.0004517936206740458,0.925830441217832,0.9228909453370968,0.9090708769998032,0.9069960972786668,0.9917406611289071,0.9270471220457102,22560,0.9088826764115658,0.007716078009987369,0.8997736183722231,0.035096842773449446,"{'classifier__extratreesclassifier_0__ccp_alpha': np.float64(0.007549656834456536), 'classifier__extratreesclassifier_0__max_depth': 6, 'classifier__extratreesclassifier_0__max_features': 'log2', 'classifier__extratreesclassifier_0__max_leaf_nodes': 19, 'classifier__extratreesclassifier_0__min_impurity_decrease': np.float64(0.00821301544872557), 'classifier__extratreesclassifier_0__min_samples_leaf': 6, 'classifier__extratreesclassifier_0__min_samples_split': 9, 'classifier__extratreesclassifier_0__n_estimators': 478, 'classifier__randomforestclassifier_1__ccp_alpha': np.float64(0.006786838294936631), 'classifier__randomforestclassifier_1__max_depth': 18, 'classifier__randomforestclassifier_1__max_features': 'sqrt', 'classifier__randomforestclassifier_1__max_leaf_nodes': 18, 'classifier__randomforestclassifier_1__max_samples': np.float64(0.7191987450901102), 'classifier__randomforestclassifier_1__min_impurity_decrease': np.float64(0.053038502398876655), 'classifier__randomforestclassifier_1__min_samples_leaf': 1, 'classifier__randomforestclassifier_1__min_samples_split': 5, 'classifier__randomforestclassifier_1__n_estimators': 787, 'classifier__xgbclassifier_2__colsample_bytree': np.float64(0.7205523463315808), 'classifier__xgbclassifier_2__gamma': np.float64(1.3669943886366565), 'classifier__xgbclassifier_2__learning_rate': np.float64(0.05298639974314005), 'classifier__xgbclassifier_2__max_delta_step': 7, 'classifier__xgbclassifier_2__max_depth': 5, 'classifier__xgbclassifier_2__min_child_weight': 5, 'classifier__xgbclassifier_2__n_estimators': 326, 'classifier__xgbclassifier_2__reg_alpha': np.float64(0.013993425080549994), 'classifier__xgbclassifier_2__reg_lambda': np.float64(0.0001168609255930608), 'classifier__xgbclassifier_2__scale_pos_weight': np.float64(0.6267454917818079), 'classifier__xgbclassifier_2__subsample': np.float64(0.6370832738459701), 'feature_selection_filter__k': 20}",109.22921133041382,"[1, 2, 3, 4, 5, 6, 7, 8, 9, 10, 11, 12, 14, 16, 17, 18, 19, 20, 21, 27]","['V1', 'V2', 'V3', 'V4', 'V5', 'V6', 'V7', 'V8', 'V9', 'V10', 'V11', 'V12', 'V14', 'V16', 'V17', 'V18', 'V19', 'V20', 'V21', 'V27']"
CostSensitiveLearning_ClusterCentroids___RandomizedSearchCV__niter_30__cv_5,9,5,VotingClassifier,resubstitution,368,22118,17,57,0.9967198581560284,0.9558441558441558,0.8658823529411764,0.908641975308642,0.9992319855432573,0.0007680144567426828,0.9325571692422169,0.9301705987485732,0.9081248487095166,0.9069760703429945,0.9984064630143903,0.9559311920316144,22560,0.9090325861064867,0.006566546235990339,0.8968327550504022,0.01648584213824038,"{'classifier__extratreesclassifier_0__ccp_alpha': np.float64(0.002007873272799826), 'classifier__extratreesclassifier_0__max_depth': 6, 'classifier__extratreesclassifier_0__max_features': 'log2', 'classifier__extratreesclassifier_0__max_leaf_nodes': 2, 'classifier__extratreesclassifier_0__min_impurity_decrease': np.float64(0.07690014351038148), 'classifier__extratreesclassifier_0__min_samples_leaf': 6, 'classifier__extratreesclassifier_0__min_samples_split': 6, 'classifier__extratreesclassifier_0__n_estimators': 179, 'classifier__randomforestclassifier_1__ccp_alpha': np.float64(0.003542819279203655), 'classifier__randomforestclassifier_1__max_depth': 17, 'classifier__randomforestclassifier_1__max_features': 'sqrt', 'classifier__randomforestclassifier_1__max_leaf_nodes': 18, 'classifier__randomforestclassifier_1__max_samples': np.float64(0.8882172298925652), 'classifier__randomforestclassifier_1__min_impurity_decrease': np.float64(0.06736036979329613), 'classifier__randomforestclassifier_1__min_samples_leaf': 6, 'classifier__randomforestclassifier_1__min_samples_split': 5, 'classifier__randomforestclassifier_1__n_estimators': 484, 'classifier__xgbclassifier_2__colsample_bytree': np.float64(0.6950785872281282), 'classifier__xgbclassifier_2__gamma': np.float64(2.8962345963860443), 'classifier__xgbclassifier_2__learning_rate': np.float64(0.02977946177590053), 'classifier__xgbclassifier_2__max_delta_step': 3, 'classifier__xgbclassifier_2__max_depth': 6, 'classifier__xgbclassifier_2__min_child_weight': 8, 'classifier__xgbclassifier_2__n_estimators': 743, 'classifier__xgbclassifier_2__reg_alpha': np.float64(0.7127329782335856), 'classifier__xgbclassifier_2__reg_lambda': np.float64(0.00159363035566518), 'classifier__xgbclassifier_2__scale_pos_weight': np.float64(1.5516510290450587), 'classifier__xgbclassifier_2__subsample': np.float64(0.950758647017984), 'feature_selection_filter__k': 28}",104.1675763130188,"[0, 1, 2, 3, 4, 5, 6, 7, 8, 9, 10, 11, 12, 14, 16, 17, 18, 19, 20, 21, 22, 23, 24, 26, 27, 28, 29, 30]","['Amount_log1p', 'V1', 'V2', 'V3', 'V4', 'V5', 'V6', 'V7', 'V8', 'V9', 'V10', 'V11', 'V12', 'V14', 'V16', 'V17', 'V18', 'V19', 'V20', 'V21', 'V22', 'V23', 'V24', 'V26', 'V27', 'V28', 'Time_sin', 'Time_cos']"
CostSensitiveLearning_ClusterCentroids___RandomizedSearchCV__niter_30__cv_5,9,6,VotingClassifier,resubstitution,362,22124,11,63,0.9967198581560284,0.9705093833780161,0.851764705882353,0.9072681704260651,0.9995030494691665,0.0004969505308335398,0.9256338776757598,0.922681646593027,0.9076046325501563,0.9056057872319252,0.9911471584793847,0.9217873118108818,22560,0.9054147933095024,0.0076516815867553045,0.898613641544407,0.02984517718889079,"{'classifier__extratreesclassifier_0__ccp_alpha': np.float64(0.008014677000890386), 'classifier__extratreesclassifier_0__max_depth': 6, 'classifier__extratreesclassifier_0__max_features': 'sqrt', 'classifier__extratreesclassifier_0__max_leaf_nodes': 14, 'classifier__extratreesclassifier_0__min_impurity_decrease': np.float64(0.0836723102159832), 'classifier__extratreesclassifier_0__min_samples_leaf': 4, 'classifier__extratreesclassifier_0__min_samples_split': 8, 'classifier__extratreesclassifier_0__n_estimators': 569, 'classifier__randomforestclassifier_1__ccp_alpha': np.float64(0.0019108319834312804), 'classifier__randomforestclassifier_1__max_depth': 5, 'classifier__randomforestclassifier_1__max_features': 'sqrt', 'classifier__randomforestclassifier_1__max_leaf_nodes': 10, 'classifier__randomforestclassifier_1__max_samples': np.float64(0.8690709705984145), 'classifier__randomforestclassifier_1__min_impurity_decrease': np.float64(0.04723445985686939), 'classifier__randomforestclassifier_1__min_samples_leaf': 3, 'classifier__randomforestclassifier_1__min_samples_split': 8, 'classifier__randomforestclassifier_1__n_estimators': 290, 'classifier__xgbclassifier_2__colsample_bytree': np.float64(0.9415200195726078), 'classifier__xgbclassifier_2__gamma': np.float64(4.034708483886689), 'classifier__xgbclassifier_2__learning_rate': np.float64(0.012573262419914832), 'classifier__xgbclassifier_2__max_delta_step': 4, 'classifier__xgbclassifier_2__max_depth': 9, 'classifier__xgbclassifier_2__min_child_weight': 2, 'classifier__xgbclassifier_2__n_estimators': 617, 'classifier__xgbclassifier_2__reg_alpha': np.float64(0.002333159594913819), 'classifier__xgbclassifier_2__reg_lambda': np.float64(0.14053198342699455), 'classifier__xgbclassifier_2__scale_pos_weight': np.float64(0.8514669607601499), 'classifier__xgbclassifier_2__subsample': np.float64(0.6141803481153705), 'feature_selection_filter__k': 22}",100.91625428199768,"[1, 2, 3, 4, 5, 6, 7, 8, 9, 10, 11, 12, 14, 16, 17, 18, 19, 20, 21, 27, 28, 29]","['V1', 'V2', 'V3', 'V4', 'V5', 'V6', 'V7', 'V8', 'V9', 'V10', 'V11', 'V12', 'V14', 'V16', 'V17', 'V18', 'V19', 'V20', 'V21', 'V27', 'V28', 'Time_sin']"
CostSensitiveLearning_ClusterCentroids___RandomizedSearchCV__niter_30__cv_5,9,7,VotingClassifier,resubstitution,363,22125,10,62,0.9968085106382979,0.9731903485254692,0.8541176470588235,0.9097744360902256,0.9995482267901513,0.00045177320984868263,0.9268329369244874,0.9239760708956826,0.9101614584654008,0.9081569821716029,0.9888320599529624,0.9146212565492896,22560,0.9066442311998599,0.002771448624166858,0.8996668659482822,0.009615103899393554,"{'classifier__extratreesclassifier_0__ccp_alpha': np.float64(0.007902794558626686), 'classifier__extratreesclassifier_0__max_depth': 11, 'classifier__extratreesclassifier_0__max_features': 'sqrt', 'classifier__extratreesclassifier_0__max_leaf_nodes': 12, 'classifier__extratreesclassifier_0__min_impurity_decrease': np.float64(0.0969065834925998), 'classifier__extratreesclassifier_0__min_samples_leaf': 2, 'classifier__extratreesclassifier_0__min_samples_split': 2, 'classifier__extratreesclassifier_0__n_estimators': 520, 'classifier__randomforestclassifier_1__ccp_alpha': np.float64(0.003891671078839981), 'classifier__randomforestclassifier_1__max_depth': 15, 'classifier__randomforestclassifier_1__max_features': 'log2', 'classifier__randomforestclassifier_1__max_leaf_nodes': 18, 'classifier__randomforestclassifier_1__max_samples': np.float64(0.7263408710588428), 'classifier__randomforestclassifier_1__min_impurity_decrease': np.float64(0.035199104942145114), 'classifier__randomforestclassifier_1__min_samples_leaf': 3, 'classifier__randomforestclassifier_1__min_samples_split': 2, 'classifier__randomforestclassifier_1__n_estimators': 238, 'classifier__xgbclassifier_2__colsample_bytree': np.float64(0.9766804095668774), 'classifier__xgbclassifier_2__gamma': np.float64(3.902238759763369), 'classifier__xgbclassifier_2__learning_rate': np.float64(0.0679349490857899), 'classifier__xgbclassifier_2__max_delta_step': 4, 'classifier__xgbclassifier_2__max_depth': 5, 'classifier__xgbclassifier_2__min_child_weight': 6, 'classifier__xgbclassifier_2__n_estimators': 774, 'classifier__xgbclassifier_2__reg_alpha': np.float64(0.6273195859045879), 'classifier__xgbclassifier_2__reg_lambda': np.float64(0.057217316798376154), 'classifier__xgbclassifier_2__scale_pos_weight': np.float64(0.7733140854612196), 'classifier__xgbclassifier_2__subsample': np.float64(0.6369207184218759), 'feature_selection_filter__k': 22}",106.10707545280457,"[1, 2, 3, 4, 5, 6, 7, 8, 9, 10, 11, 12, 14, 16, 17, 18, 19, 20, 21, 27, 28, 29]","['V1', 'V2', 'V3', 'V4', 'V5', 'V6', 'V7', 'V8', 'V9', 'V10', 'V11', 'V12', 'V14', 'V16', 'V17', 'V18', 'V19', 'V20', 'V21', 'V27', 'V28', 'Time_sin']"
CostSensitiveLearning_ClusterCentroids___RandomizedSearchCV__niter_30__cv_5,9,8,VotingClassifier,resubstitution,404,22123,12,22,0.9984929746021897,0.9711538461538461,0.9483568075117371,0.9596199524940617,0.9994578721481816,0.000542127851818397,0.9739073398299594,0.9735721220705343,0.9589224488820658,0.9588522218461286,0.999877724293203,0.9912318540637778,22561,0.9605001844572326,0.0035605624493228634,0.9004518799384409,0.01588742975743078,"{'classifier__extratreesclassifier_0__ccp_alpha': np.float64(0.0070609461153397805), 'classifier__extratreesclassifier_0__max_depth': 13, 'classifier__extratreesclassifier_0__max_features': 'sqrt', 'classifier__extratreesclassifier_0__max_leaf_nodes': 16, 'classifier__extratreesclassifier_0__min_impurity_decrease': np.float64(0.0909202973606259), 'classifier__extratreesclassifier_0__min_samples_leaf': 4, 'classifier__extratreesclassifier_0__min_samples_split': 4, 'classifier__extratreesclassifier_0__n_estimators': 485, 'classifier__randomforestclassifier_1__ccp_alpha': np.float64(0.008261930361099788), 'classifier__randomforestclassifier_1__max_depth': 19, 'classifier__randomforestclassifier_1__max_features': 'log2', 'classifier__randomforestclassifier_1__max_leaf_nodes': 15, 'classifier__randomforestclassifier_1__max_samples': np.float64(0.7110495176629545), 'classifier__randomforestclassifier_1__min_impurity_decrease': np.float64(0.019307965884469227), 'classifier__randomforestclassifier_1__min_samples_leaf': 4, 'classifier__randomforestclassifier_1__min_samples_split': 3, 'classifier__randomforestclassifier_1__n_estimators': 346, 'classifier__xgbclassifier_2__colsample_bytree': np.float64(0.6762590700210893), 'classifier__xgbclassifier_2__gamma': np.float64(0.970062345939055), 'classifier__xgbclassifier_2__learning_rate': np.float64(0.06835607769284072), 'classifier__xgbclassifier_2__max_delta_step': 6, 'classifier__xgbclassifier_2__max_depth': 8, 'classifier__xgbclassifier_2__min_child_weight': 4, 'classifier__xgbclassifier_2__n_estimators': 689, 'classifier__xgbclassifier_2__reg_alpha': np.float64(0.030152165502554992), 'classifier__xgbclassifier_2__reg_lambda': np.float64(0.3547068476111756), 'classifier__xgbclassifier_2__scale_pos_weight': np.float64(3.2924640458634005), 'classifier__xgbclassifier_2__subsample': np.float64(0.9178488540655008), 'feature_selection_filter__k': 26}",100.86670541763306,"[0, 1, 2, 3, 4, 5, 6, 7, 8, 9, 10, 11, 12, 14, 16, 17, 18, 19, 20, 21, 23, 24, 27, 28, 29, 30]","['Amount_log1p', 'V1', 'V2', 'V3', 'V4', 'V5', 'V6', 'V7', 'V8', 'V9', 'V10', 'V11', 'V12', 'V14', 'V16', 'V17', 'V18', 'V19', 'V20', 'V21', 'V23', 'V24', 'V27', 'V28', 'Time_sin', 'Time_cos']"
CostSensitiveLearning_ClusterCentroids___RandomizedSearchCV__niter_30__cv_5,9,9,VotingClassifier,resubstitution,365,22128,7,61,0.9969859492043792,0.9811827956989247,0.8568075117370892,0.9147869674185464,0.9996837587531059,0.00031624124689411115,0.9282456352450976,0.9254926006517985,0.9154342743331002,0.9132599608271375,0.9899317143732813,0.9191022205611612,22561,0.9136104509474416,0.008669676543348829,0.9046847776250431,0.034080554557409146,"{'classifier__extratreesclassifier_0__ccp_alpha': np.float64(0.0007220973605879344), 'classifier__extratreesclassifier_0__max_depth': 4, 'classifier__extratreesclassifier_0__max_features': 'log2', 'classifier__extratreesclassifier_0__max_leaf_nodes': 17, 'classifier__extratreesclassifier_0__min_impurity_decrease': np.float64(0.07922432301881112), 'classifier__extratreesclassifier_0__min_samples_leaf': 8, 'classifier__extratreesclassifier_0__min_samples_split': 8, 'classifier__extratreesclassifier_0__n_estimators': 391, 'classifier__randomforestclassifier_1__ccp_alpha': np.float64(0.002387140011333383), 'classifier__randomforestclassifier_1__max_depth': 10, 'classifier__randomforestclassifier_1__max_features': 'sqrt', 'classifier__randomforestclassifier_1__max_leaf_nodes': 8, 'classifier__randomforestclassifier_1__max_samples': np.float64(0.8271951544824229), 'classifier__randomforestclassifier_1__min_impurity_decrease': np.float64(0.035638409162561537), 'classifier__randomforestclassifier_1__min_samples_leaf': 2, 'classifier__randomforestclassifier_1__min_samples_split': 2, 'classifier__randomforestclassifier_1__n_estimators': 403, 'classifier__xgbclassifier_2__colsample_bytree': np.float64(0.9456941056342649), 'classifier__xgbclassifier_2__gamma': np.float64(3.130195173260086), 'classifier__xgbclassifier_2__learning_rate': np.float64(0.02376021942994583), 'classifier__xgbclassifier_2__max_delta_step': 4, 'classifier__xgbclassifier_2__max_depth': 6, 'classifier__xgbclassifier_2__min_child_weight': 1, 'classifier__xgbclassifier_2__n_estimators': 230, 'classifier__xgbclassifier_2__reg_alpha': np.float64(0.04561022808352041), 'classifier__xgbclassifier_2__reg_lambda': np.float64(0.0054436872233159335), 'classifier__xgbclassifier_2__scale_pos_weight': np.float64(0.5171589130071489), 'classifier__xgbclassifier_2__subsample': np.float64(0.8176213389313786), 'feature_selection_filter__k': 28}",101.78862190246582,"[0, 1, 2, 3, 4, 5, 6, 7, 8, 9, 10, 11, 12, 13, 14, 16, 17, 18, 19, 20, 21, 22, 23, 24, 26, 27, 28, 29]","['Amount_log1p', 'V1', 'V2', 'V3', 'V4', 'V5', 'V6', 'V7', 'V8', 'V9', 'V10', 'V11', 'V12', 'V13', 'V14', 'V16', 'V17', 'V18', 'V19', 'V20', 'V21', 'V22', 'V23', 'V24', 'V26', 'V27', 'V28', 'Time_sin']"
CostSensitiveLearning_ClusterCentroids___RandomizedSearchCV__niter_30__cv_5,9,10,VotingClassifier,resubstitution,371,22126,9,55,0.997163246310004,0.9763157894736842,0.8708920187793427,0.9205955334987593,0.9995934041111362,0.00040659588886382547,0.9352427114452395,0.9330262148861964,0.9207117939498287,0.9191561490819413,0.9994416464906447,0.9791921188047265,22561,0.9185684881944617,0.003658132635678699,0.8969081633159224,0.025026082084695145,"{'classifier__extratreesclassifier_0__ccp_alpha': np.float64(0.0068805250369512305), 'classifier__extratreesclassifier_0__max_depth': 19, 'classifier__extratreesclassifier_0__max_features': 'log2', 'classifier__extratreesclassifier_0__max_leaf_nodes': 14, 'classifier__extratreesclassifier_0__min_impurity_decrease': np.float64(0.026362026150217488), 'classifier__extratreesclassifier_0__min_samples_leaf': 1, 'classifier__extratreesclassifier_0__min_samples_split': 4, 'classifier__extratreesclassifier_0__n_estimators': 556, 'classifier__randomforestclassifier_1__ccp_alpha': np.float64(0.009574534516764908), 'classifier__randomforestclassifier_1__max_depth': 11, 'classifier__randomforestclassifier_1__max_features': 'log2', 'classifier__randomforestclassifier_1__max_leaf_nodes': 6, 'classifier__randomforestclassifier_1__max_samples': np.float64(0.7566777595851797), 'classifier__randomforestclassifier_1__min_impurity_decrease': np.float64(0.06412239834123822), 'classifier__randomforestclassifier_1__min_samples_leaf': 6, 'classifier__randomforestclassifier_1__min_samples_split': 3, 'classifier__randomforestclassifier_1__n_estimators': 321, 'classifier__xgbclassifier_2__colsample_bytree': np.float64(0.909755150154536), 'classifier__xgbclassifier_2__gamma': np.float64(0.6979443884940861), 'classifier__xgbclassifier_2__learning_rate': np.float64(0.08757208118990299), 'classifier__xgbclassifier_2__max_delta_step': 4, 'classifier__xgbclassifier_2__max_depth': 5, 'classifier__xgbclassifier_2__min_child_weight': 7, 'classifier__xgbclassifier_2__n_estimators': 237, 'classifier__xgbclassifier_2__reg_alpha': np.float64(0.00781333728630098), 'classifier__xgbclassifier_2__reg_lambda': np.float64(0.005128614850850935), 'classifier__xgbclassifier_2__scale_pos_weight': np.float64(0.8225502301243353), 'classifier__xgbclassifier_2__subsample': np.float64(0.9340648667968708), 'feature_selection_filter__k': 26}",102.92820143699646,"[0, 1, 2, 3, 4, 5, 6, 7, 8, 9, 10, 11, 12, 14, 16, 17, 18, 19, 20, 21, 23, 24, 27, 28, 29, 30]","['Amount_log1p', 'V1', 'V2', 'V3', 'V4', 'V5', 'V6', 'V7', 'V8', 'V9', 'V10', 'V11', 'V12', 'V14', 'V16', 'V17', 'V18', 'V19', 'V20', 'V21', 'V23', 'V24', 'V27', 'V28', 'Time_sin', 'Time_cos']"
CostSensitiveLearning_ClusterCentroids___RandomizedSearchCV__niter_30__cv_5,10,1,VotingClassifier,resubstitution,393,22123,11,33,0.9980496453900709,0.9727722772277227,0.9225352112676056,0.946987951807229,0.9995030270172586,0.0004969729827414282,0.9610191191424321,0.9602482679973852,0.9463402757317853,0.9459952106003985,0.9998344483939267,0.9861750112493187,22560,0.945040956601907,0.006410960686924926,0.9015350363867013,0.021130601729446214,"{'classifier__extratreesclassifier_0__ccp_alpha': np.float64(0.004985159325761142), 'classifier__extratreesclassifier_0__max_depth': 15, 'classifier__extratreesclassifier_0__max_features': 'sqrt', 'classifier__extratreesclassifier_0__max_leaf_nodes': 11, 'classifier__extratreesclassifier_0__min_impurity_decrease': np.float64(0.06835892647426468), 'classifier__extratreesclassifier_0__min_samples_leaf': 7, 'classifier__extratreesclassifier_0__min_samples_split': 6, 'classifier__extratreesclassifier_0__n_estimators': 209, 'classifier__randomforestclassifier_1__ccp_alpha': np.float64(0.00977515915296765), 'classifier__randomforestclassifier_1__max_depth': 12, 'classifier__randomforestclassifier_1__max_features': 'log2', 'classifier__randomforestclassifier_1__max_leaf_nodes': 18, 'classifier__randomforestclassifier_1__max_samples': np.float64(0.5879319578960531), 'classifier__randomforestclassifier_1__min_impurity_decrease': np.float64(0.09396302073168526), 'classifier__randomforestclassifier_1__min_samples_leaf': 4, 'classifier__randomforestclassifier_1__min_samples_split': 3, 'classifier__randomforestclassifier_1__n_estimators': 665, 'classifier__xgbclassifier_2__colsample_bytree': np.float64(0.6711077175797882), 'classifier__xgbclassifier_2__gamma': np.float64(0.8506189073069759), 'classifier__xgbclassifier_2__learning_rate': np.float64(0.07642662869581379), 'classifier__xgbclassifier_2__max_delta_step': 4, 'classifier__xgbclassifier_2__max_depth': 4, 'classifier__xgbclassifier_2__min_child_weight': 6, 'classifier__xgbclassifier_2__n_estimators': 446, 'classifier__xgbclassifier_2__reg_alpha': np.float64(0.18161650754634967), 'classifier__xgbclassifier_2__reg_lambda': np.float64(0.00026437148658309294), 'classifier__xgbclassifier_2__scale_pos_weight': np.float64(2.7065198697136243), 'classifier__xgbclassifier_2__subsample': np.float64(0.8866184790113938), 'feature_selection_filter__k': 20}",103.11017370223999,"[1, 2, 3, 4, 5, 6, 7, 8, 9, 10, 11, 12, 14, 16, 17, 18, 19, 20, 21, 27]","['V1', 'V2', 'V3', 'V4', 'V5', 'V6', 'V7', 'V8', 'V9', 'V10', 'V11', 'V12', 'V14', 'V16', 'V17', 'V18', 'V19', 'V20', 'V21', 'V27']"
CostSensitiveLearning_ClusterCentroids___RandomizedSearchCV__niter_30__cv_5,10,2,VotingClassifier,resubstitution,368,22127,7,58,0.9971187943262412,0.9813333333333333,0.863849765258216,0.9188514357053683,0.9996837444655281,0.0003162555344718987,0.931766754861872,0.9292882050198426,0.9193239981612815,0.917390848771848,0.9996684725684911,0.9825600877696903,22560,0.9153550777474149,0.003553942417546118,0.900112697989772,0.02272299457054536,"{'classifier__extratreesclassifier_0__ccp_alpha': np.float64(0.007283267211462764), 'classifier__extratreesclassifier_0__max_depth': 8, 'classifier__extratreesclassifier_0__max_features': 'sqrt', 'classifier__extratreesclassifier_0__max_leaf_nodes': 5, 'classifier__extratreesclassifier_0__min_impurity_decrease': np.float64(0.0005271537371651869), 'classifier__extratreesclassifier_0__min_samples_leaf': 7, 'classifier__extratreesclassifier_0__min_samples_split': 3, 'classifier__extratreesclassifier_0__n_estimators': 329, 'classifier__randomforestclassifier_1__ccp_alpha': np.float64(0.0015603738972255821), 'classifier__randomforestclassifier_1__max_depth': 15, 'classifier__randomforestclassifier_1__max_features': 'log2', 'classifier__randomforestclassifier_1__max_leaf_nodes': 11, 'classifier__randomforestclassifier_1__max_samples': np.float64(0.5455217925219238), 'classifier__randomforestclassifier_1__min_impurity_decrease': np.float64(0.06792032495218285), 'classifier__randomforestclassifier_1__min_samples_leaf': 8, 'classifier__randomforestclassifier_1__min_samples_split': 9, 'classifier__randomforestclassifier_1__n_estimators': 709, 'classifier__xgbclassifier_2__colsample_bytree': np.float64(0.792869686452004), 'classifier__xgbclassifier_2__gamma': np.float64(0.13783902482562282), 'classifier__xgbclassifier_2__learning_rate': np.float64(0.0519881009216594), 'classifier__xgbclassifier_2__max_delta_step': 0, 'classifier__xgbclassifier_2__max_depth': 8, 'classifier__xgbclassifier_2__min_child_weight': 5, 'classifier__xgbclassifier_2__n_estimators': 520, 'classifier__xgbclassifier_2__reg_alpha': np.float64(0.49531195659718275), 'classifier__xgbclassifier_2__reg_lambda': np.float64(0.00036634552528873435), 'classifier__xgbclassifier_2__scale_pos_weight': np.float64(0.9498497031209718), 'classifier__xgbclassifier_2__subsample': np.float64(0.6536514440379724), 'feature_selection_filter__k': 28}",102.00912308692932,"[0, 1, 2, 3, 4, 5, 6, 7, 8, 9, 10, 11, 12, 13, 14, 16, 17, 18, 19, 20, 21, 23, 24, 25, 27, 28, 29, 30]","['Amount_log1p', 'V1', 'V2', 'V3', 'V4', 'V5', 'V6', 'V7', 'V8', 'V9', 'V10', 'V11', 'V12', 'V13', 'V14', 'V16', 'V17', 'V18', 'V19', 'V20', 'V21', 'V23', 'V24', 'V25', 'V27', 'V28', 'Time_sin', 'Time_cos']"
CostSensitiveLearning_ClusterCentroids___RandomizedSearchCV__niter_30__cv_5,10,3,VotingClassifier,resubstitution,363,22125,9,63,0.9968085106382979,0.9758064516129032,0.852112676056338,0.9097744360902256,0.9995933857413933,0.00040661425860666345,0.9258530308988657,0.9229118023366664,0.910319701586254,0.9081575326293163,0.9973080099827301,0.9519221142080392,22560,0.9092453569433016,0.003681275963401908,0.9032148542031344,0.011201208308015034,"{'classifier__extratreesclassifier_0__ccp_alpha': np.float64(0.001579038941232892), 'classifier__extratreesclassifier_0__max_depth': 13, 'classifier__extratreesclassifier_0__max_features': 'sqrt', 'classifier__extratreesclassifier_0__max_leaf_nodes': 11, 'classifier__extratreesclassifier_0__min_impurity_decrease': np.float64(0.007750227579307656), 'classifier__extratreesclassifier_0__min_samples_leaf': 9, 'classifier__extratreesclassifier_0__min_samples_split': 3, 'classifier__extratreesclassifier_0__n_estimators': 584, 'classifier__randomforestclassifier_1__ccp_alpha': np.float64(0.00483173481131315), 'classifier__randomforestclassifier_1__max_depth': 10, 'classifier__randomforestclassifier_1__max_features': 'sqrt', 'classifier__randomforestclassifier_1__max_leaf_nodes': 8, 'classifier__randomforestclassifier_1__max_samples': np.float64(0.7697071258025731), 'classifier__randomforestclassifier_1__min_impurity_decrease': np.float64(0.05893764654193722), 'classifier__randomforestclassifier_1__min_samples_leaf': 1, 'classifier__randomforestclassifier_1__min_samples_split': 6, 'classifier__randomforestclassifier_1__n_estimators': 254, 'classifier__xgbclassifier_2__colsample_bytree': np.float64(0.8875724130065386), 'classifier__xgbclassifier_2__gamma': np.float64(2.1804726494335593), 'classifier__xgbclassifier_2__learning_rate': np.float64(0.04150495553460469), 'classifier__xgbclassifier_2__max_delta_step': 1, 'classifier__xgbclassifier_2__max_depth': 7, 'classifier__xgbclassifier_2__min_child_weight': 2, 'classifier__xgbclassifier_2__n_estimators': 236, 'classifier__xgbclassifier_2__reg_alpha': np.float64(0.00017281211836881467), 'classifier__xgbclassifier_2__reg_lambda': np.float64(3.0898556464299527), 'classifier__xgbclassifier_2__scale_pos_weight': np.float64(1.0335109883617348), 'classifier__xgbclassifier_2__subsample': np.float64(0.739848915497391), 'feature_selection_filter__k': 'all'}",100.97399234771729,"[0, 1, 2, 3, 4, 5, 6, 7, 8, 9, 10, 11, 12, 13, 14, 15, 16, 17, 18, 19, 20, 21, 22, 23, 24, 25, 26, 27, 28, 29, 30]","['Amount_log1p', 'V1', 'V2', 'V3', 'V4', 'V5', 'V6', 'V7', 'V8', 'V9', 'V10', 'V11', 'V12', 'V13', 'V14', 'V15', 'V16', 'V17', 'V18', 'V19', 'V20', 'V21', 'V22', 'V23', 'V24', 'V25', 'V26', 'V27', 'V28', 'Time_sin', 'Time_cos']"
CostSensitiveLearning_ClusterCentroids___RandomizedSearchCV__niter_30__cv_5,10,4,VotingClassifier,resubstitution,411,22121,13,15,0.998758865248227,0.9693396226415094,0.9647887323943662,0.9670588235294117,0.9994126682931237,0.000587331706876304,0.982100700343745,0.9819481052384561,0.9664291235614668,0.9664263446044891,0.9998582046782063,0.9894677523511455,22560,0.9661456155594859,0.005627740428762877,0.8998662866567138,0.01395737788137354,"{'classifier__extratreesclassifier_0__ccp_alpha': np.float64(0.005365091531737141), 'classifier__extratreesclassifier_0__max_depth': 9, 'classifier__extratreesclassifier_0__max_features': 'sqrt', 'classifier__extratreesclassifier_0__max_leaf_nodes': 4, 'classifier__extratreesclassifier_0__min_impurity_decrease': np.float64(0.09424977299222048), 'classifier__extratreesclassifier_0__min_samples_leaf': 3, 'classifier__extratreesclassifier_0__min_samples_split': 7, 'classifier__extratreesclassifier_0__n_estimators': 147, 'classifier__randomforestclassifier_1__ccp_alpha': np.float64(0.0036262570633591564), 'classifier__randomforestclassifier_1__max_depth': 16, 'classifier__randomforestclassifier_1__max_features': 'log2', 'classifier__randomforestclassifier_1__max_leaf_nodes': 19, 'classifier__randomforestclassifier_1__max_samples': np.float64(0.8730176255786091), 'classifier__randomforestclassifier_1__min_impurity_decrease': np.float64(0.02269967748718761), 'classifier__randomforestclassifier_1__min_samples_leaf': 3, 'classifier__randomforestclassifier_1__min_samples_split': 8, 'classifier__randomforestclassifier_1__n_estimators': 130, 'classifier__xgbclassifier_2__colsample_bytree': np.float64(0.7319117539691028), 'classifier__xgbclassifier_2__gamma': np.float64(0.36768135168094296), 'classifier__xgbclassifier_2__learning_rate': np.float64(0.05081730907377353), 'classifier__xgbclassifier_2__max_delta_step': 9, 'classifier__xgbclassifier_2__max_depth': 9, 'classifier__xgbclassifier_2__min_child_weight': 4, 'classifier__xgbclassifier_2__n_estimators': 369, 'classifier__xgbclassifier_2__reg_alpha': np.float64(0.3278433929791654), 'classifier__xgbclassifier_2__reg_lambda': np.float64(0.09671509939865797), 'classifier__xgbclassifier_2__scale_pos_weight': np.float64(3.514588458260855), 'classifier__xgbclassifier_2__subsample': np.float64(0.6795551641049425), 'feature_selection_filter__k': 24}",99.70497965812683,"[0, 1, 2, 3, 4, 5, 6, 7, 8, 9, 10, 11, 12, 14, 16, 17, 18, 19, 20, 21, 23, 27, 28, 29]","['Amount_log1p', 'V1', 'V2', 'V3', 'V4', 'V5', 'V6', 'V7', 'V8', 'V9', 'V10', 'V11', 'V12', 'V14', 'V16', 'V17', 'V18', 'V19', 'V20', 'V21', 'V23', 'V27', 'V28', 'Time_sin']"
CostSensitiveLearning_ClusterCentroids___RandomizedSearchCV__niter_30__cv_5,10,5,VotingClassifier,resubstitution,387,22121,14,38,0.9976950354609929,0.9650872817955112,0.9105882352941177,0.937046004842615,0.9993675175062119,0.0006324824937881113,0.9549778764001648,0.9539456505358389,0.9362832157885222,0.9358730405150185,0.9997770897832818,0.9833825057832091,22560,0.9388271099226287,0.003739180690438165,0.9019111128589404,0.015176702720382376,"{'classifier__extratreesclassifier_0__ccp_alpha': np.float64(0.0019651863156173034), 'classifier__extratreesclassifier_0__max_depth': 4, 'classifier__extratreesclassifier_0__max_features': 'sqrt', 'classifier__extratreesclassifier_0__max_leaf_nodes': 3, 'classifier__extratreesclassifier_0__min_impurity_decrease': np.float64(0.06768402836403598), 'classifier__extratreesclassifier_0__min_samples_leaf': 2, 'classifier__extratreesclassifier_0__min_samples_split': 7, 'classifier__extratreesclassifier_0__n_estimators': 636, 'classifier__randomforestclassifier_1__ccp_alpha': np.float64(0.0055470276555198254), 'classifier__randomforestclassifier_1__max_depth': 11, 'classifier__randomforestclassifier_1__max_features': 'sqrt', 'classifier__randomforestclassifier_1__max_leaf_nodes': 18, 'classifier__randomforestclassifier_1__max_samples': np.float64(0.7272388758245276), 'classifier__randomforestclassifier_1__min_impurity_decrease': np.float64(0.07918604730812814), 'classifier__randomforestclassifier_1__min_samples_leaf': 2, 'classifier__randomforestclassifier_1__min_samples_split': 4, 'classifier__randomforestclassifier_1__n_estimators': 388, 'classifier__xgbclassifier_2__colsample_bytree': np.float64(0.707191219828082), 'classifier__xgbclassifier_2__gamma': np.float64(0.5239545135589241), 'classifier__xgbclassifier_2__learning_rate': np.float64(0.1415812993571157), 'classifier__xgbclassifier_2__max_delta_step': 8, 'classifier__xgbclassifier_2__max_depth': 9, 'classifier__xgbclassifier_2__min_child_weight': 1, 'classifier__xgbclassifier_2__n_estimators': 645, 'classifier__xgbclassifier_2__reg_alpha': np.float64(9.607629020047737), 'classifier__xgbclassifier_2__reg_lambda': np.float64(0.0001176754443337597), 'classifier__xgbclassifier_2__scale_pos_weight': np.float64(5.92982499996765), 'classifier__xgbclassifier_2__subsample': np.float64(0.8780882791072804), 'feature_selection_filter__k': 20}",97.97210454940796,"[1, 2, 3, 4, 5, 6, 7, 8, 9, 10, 11, 12, 14, 16, 17, 18, 19, 20, 21, 27]","['V1', 'V2', 'V3', 'V4', 'V5', 'V6', 'V7', 'V8', 'V9', 'V10', 'V11', 'V12', 'V14', 'V16', 'V17', 'V18', 'V19', 'V20', 'V21', 'V27']"
CostSensitiveLearning_ClusterCentroids___RandomizedSearchCV__niter_30__cv_5,10,6,VotingClassifier,resubstitution,381,22122,13,44,0.9974734042553192,0.9670050761421319,0.8964705882352941,0.9304029304029304,0.9994126948271967,0.0005873051728032541,0.9479416415312454,0.9465432300859573,0.9298092999271931,0.9291181551493958,0.999780385070224,0.9834352722813243,22560,0.9297097352355991,0.004684222553063973,0.8985844467769544,0.02944486114225958,"{'classifier__extratreesclassifier_0__ccp_alpha': np.float64(0.0012092422027287508), 'classifier__extratreesclassifier_0__max_depth': 14, 'classifier__extratreesclassifier_0__max_features': 'sqrt', 'classifier__extratreesclassifier_0__max_leaf_nodes': 8, 'classifier__extratreesclassifier_0__min_impurity_decrease': np.float64(0.01081270194688011), 'classifier__extratreesclassifier_0__min_samples_leaf': 9, 'classifier__extratreesclassifier_0__min_samples_split': 9, 'classifier__extratreesclassifier_0__n_estimators': 854, 'classifier__randomforestclassifier_1__ccp_alpha': np.float64(0.006367158154834145), 'classifier__randomforestclassifier_1__max_depth': 15, 'classifier__randomforestclassifier_1__max_features': 'sqrt', 'classifier__randomforestclassifier_1__max_leaf_nodes': 9, 'classifier__randomforestclassifier_1__max_samples': np.float64(0.6910637144407982), 'classifier__randomforestclassifier_1__min_impurity_decrease': np.float64(0.045017900383336), 'classifier__randomforestclassifier_1__min_samples_leaf': 6, 'classifier__randomforestclassifier_1__min_samples_split': 6, 'classifier__randomforestclassifier_1__n_estimators': 526, 'classifier__xgbclassifier_2__colsample_bytree': np.float64(0.8216212013438273), 'classifier__xgbclassifier_2__gamma': np.float64(2.288078813929398), 'classifier__xgbclassifier_2__learning_rate': np.float64(0.051175159751978144), 'classifier__xgbclassifier_2__max_delta_step': 5, 'classifier__xgbclassifier_2__max_depth': 9, 'classifier__xgbclassifier_2__min_child_weight': 3, 'classifier__xgbclassifier_2__n_estimators': 618, 'classifier__xgbclassifier_2__reg_alpha': np.float64(0.04728823162692635), 'classifier__xgbclassifier_2__reg_lambda': np.float64(0.005615460061164131), 'classifier__xgbclassifier_2__scale_pos_weight': np.float64(2.718026870230281), 'classifier__xgbclassifier_2__subsample': np.float64(0.854986598984341), 'feature_selection_filter__k': 'all'}",106.30024838447571,"[0, 1, 2, 3, 4, 5, 6, 7, 8, 9, 10, 11, 12, 13, 14, 15, 16, 17, 18, 19, 20, 21, 22, 23, 24, 25, 26, 27, 28, 29, 30]","['Amount_log1p', 'V1', 'V2', 'V3', 'V4', 'V5', 'V6', 'V7', 'V8', 'V9', 'V10', 'V11', 'V12', 'V13', 'V14', 'V15', 'V16', 'V17', 'V18', 'V19', 'V20', 'V21', 'V22', 'V23', 'V24', 'V25', 'V26', 'V27', 'V28', 'Time_sin', 'Time_cos']"
CostSensitiveLearning_ClusterCentroids___RandomizedSearchCV__niter_30__cv_5,10,7,VotingClassifier,resubstitution,379,22126,9,46,0.9975620567375887,0.9768041237113402,0.8917647058823529,0.932349323493235,0.9995934041111362,0.00040659588886382547,0.9456790549967445,0.9441409418191266,0.9321121106715399,0.9311106027933296,0.9998036646779787,0.9844824399123081,22560,0.9319430476846756,0.0039601265124945715,0.9016798618643994,0.023735857661169014,"{'classifier__extratreesclassifier_0__ccp_alpha': np.float64(0.008303264675658024), 'classifier__extratreesclassifier_0__max_depth': 7, 'classifier__extratreesclassifier_0__max_features': 'sqrt', 'classifier__extratreesclassifier_0__max_leaf_nodes': 15, 'classifier__extratreesclassifier_0__min_impurity_decrease': np.float64(0.06000109468399607), 'classifier__extratreesclassifier_0__min_samples_leaf': 6, 'classifier__extratreesclassifier_0__min_samples_split': 6, 'classifier__extratreesclassifier_0__n_estimators': 566, 'classifier__randomforestclassifier_1__ccp_alpha': np.float64(0.00894072508207761), 'classifier__randomforestclassifier_1__max_depth': 6, 'classifier__randomforestclassifier_1__max_features': 'sqrt', 'classifier__randomforestclassifier_1__max_leaf_nodes': 17, 'classifier__randomforestclassifier_1__max_samples': np.float64(0.6261873484472544), 'classifier__randomforestclassifier_1__min_impurity_decrease': np.float64(0.09102845728823944), 'classifier__randomforestclassifier_1__min_samples_leaf': 4, 'classifier__randomforestclassifier_1__min_samples_split': 3, 'classifier__randomforestclassifier_1__n_estimators': 740, 'classifier__xgbclassifier_2__colsample_bytree': np.float64(0.9383944475521403), 'classifier__xgbclassifier_2__gamma': np.float64(1.1016238573963673), 'classifier__xgbclassifier_2__learning_rate': np.float64(0.016461980871117565), 'classifier__xgbclassifier_2__max_delta_step': 8, 'classifier__xgbclassifier_2__max_depth': 7, 'classifier__xgbclassifier_2__min_child_weight': 4, 'classifier__xgbclassifier_2__n_estimators': 574, 'classifier__xgbclassifier_2__reg_alpha': np.float64(0.0011255336930985373), 'classifier__xgbclassifier_2__reg_lambda': np.float64(0.0009526276143520127), 'classifier__xgbclassifier_2__scale_pos_weight': np.float64(1.9859276169770774), 'classifier__xgbclassifier_2__subsample': np.float64(0.7020161983188854), 'feature_selection_filter__k': 20}",103.30413508415222,"[1, 2, 3, 4, 5, 6, 7, 8, 9, 10, 11, 12, 14, 16, 17, 18, 19, 20, 21, 27]","['V1', 'V2', 'V3', 'V4', 'V5', 'V6', 'V7', 'V8', 'V9', 'V10', 'V11', 'V12', 'V14', 'V16', 'V17', 'V18', 'V19', 'V20', 'V21', 'V27']"
CostSensitiveLearning_ClusterCentroids___RandomizedSearchCV__niter_30__cv_5,10,8,VotingClassifier,resubstitution,373,22123,12,53,0.9971189220335978,0.9688311688311688,0.8755868544600939,0.9198520345252774,0.9994578721481816,0.000542127851818397,0.9375223633041377,0.9354743045319871,0.9196082174582111,0.9183889476909364,0.9992153356855236,0.969121196587554,22561,0.9195185781040583,0.0031501804566781448,0.9000670840787119,0.01615217893999444,"{'classifier__extratreesclassifier_0__ccp_alpha': np.float64(0.0012153272651388002), 'classifier__extratreesclassifier_0__max_depth': 13, 'classifier__extratreesclassifier_0__max_features': 'log2', 'classifier__extratreesclassifier_0__max_leaf_nodes': 9, 'classifier__extratreesclassifier_0__min_impurity_decrease': np.float64(0.06445502769197796), 'classifier__extratreesclassifier_0__min_samples_leaf': 2, 'classifier__extratreesclassifier_0__min_samples_split': 3, 'classifier__extratreesclassifier_0__n_estimators': 739, 'classifier__randomforestclassifier_1__ccp_alpha': np.float64(0.009988524301805014), 'classifier__randomforestclassifier_1__max_depth': 14, 'classifier__randomforestclassifier_1__max_features': 'log2', 'classifier__randomforestclassifier_1__max_leaf_nodes': 18, 'classifier__randomforestclassifier_1__max_samples': np.float64(0.6700377164961513), 'classifier__randomforestclassifier_1__min_impurity_decrease': np.float64(0.09062130293965127), 'classifier__randomforestclassifier_1__min_samples_leaf': 6, 'classifier__randomforestclassifier_1__min_samples_split': 5, 'classifier__randomforestclassifier_1__n_estimators': 964, 'classifier__xgbclassifier_2__colsample_bytree': np.float64(0.6942700280560327), 'classifier__xgbclassifier_2__gamma': np.float64(0.58641804569808), 'classifier__xgbclassifier_2__learning_rate': np.float64(0.04772255235531327), 'classifier__xgbclassifier_2__max_delta_step': 1, 'classifier__xgbclassifier_2__max_depth': 8, 'classifier__xgbclassifier_2__min_child_weight': 6, 'classifier__xgbclassifier_2__n_estimators': 758, 'classifier__xgbclassifier_2__reg_alpha': np.float64(0.00439099914349404), 'classifier__xgbclassifier_2__reg_lambda': np.float64(9.970359945970621), 'classifier__xgbclassifier_2__scale_pos_weight': np.float64(1.397055719433052), 'classifier__xgbclassifier_2__subsample': np.float64(0.622798295136466), 'feature_selection_filter__k': 22}",102.86802768707275,"[1, 2, 3, 4, 5, 6, 7, 8, 9, 10, 11, 12, 14, 16, 17, 18, 19, 20, 21, 27, 28, 29]","['V1', 'V2', 'V3', 'V4', 'V5', 'V6', 'V7', 'V8', 'V9', 'V10', 'V11', 'V12', 'V14', 'V16', 'V17', 'V18', 'V19', 'V20', 'V21', 'V27', 'V28', 'Time_sin']"
CostSensitiveLearning_ClusterCentroids___RandomizedSearchCV__niter_30__cv_5,10,9,VotingClassifier,resubstitution,366,22124,11,60,0.9968529763751607,0.9708222811671088,0.8591549295774648,0.9115815691158157,0.9995030494691665,0.0004969505308335398,0.9293289895233157,0.9266757642666301,0.9117466352769321,0.909985620343463,0.9950169202853596,0.9378417891799291,22561,0.9076112947366013,0.006617691359682316,0.8981178719828471,0.025131121263542985,"{'classifier__extratreesclassifier_0__ccp_alpha': np.float64(0.0026169285726567893), 'classifier__extratreesclassifier_0__max_depth': 12, 'classifier__extratreesclassifier_0__max_features': 'sqrt', 'classifier__extratreesclassifier_0__max_leaf_nodes': 3, 'classifier__extratreesclassifier_0__min_impurity_decrease': np.float64(0.0703738576820464), 'classifier__extratreesclassifier_0__min_samples_leaf': 7, 'classifier__extratreesclassifier_0__min_samples_split': 3, 'classifier__extratreesclassifier_0__n_estimators': 301, 'classifier__randomforestclassifier_1__ccp_alpha': np.float64(0.0005004813382403306), 'classifier__randomforestclassifier_1__max_depth': 10, 'classifier__randomforestclassifier_1__max_features': 'log2', 'classifier__randomforestclassifier_1__max_leaf_nodes': 19, 'classifier__randomforestclassifier_1__max_samples': np.float64(0.8243710418124572), 'classifier__randomforestclassifier_1__min_impurity_decrease': np.float64(0.09571692176816343), 'classifier__randomforestclassifier_1__min_samples_leaf': 2, 'classifier__randomforestclassifier_1__min_samples_split': 3, 'classifier__randomforestclassifier_1__n_estimators': 207, 'classifier__xgbclassifier_2__colsample_bytree': np.float64(0.978896055387788), 'classifier__xgbclassifier_2__gamma': np.float64(4.196349919664391), 'classifier__xgbclassifier_2__learning_rate': np.float64(0.16190433094419274), 'classifier__xgbclassifier_2__max_delta_step': 8, 'classifier__xgbclassifier_2__max_depth': 9, 'classifier__xgbclassifier_2__min_child_weight': 9, 'classifier__xgbclassifier_2__n_estimators': 525, 'classifier__xgbclassifier_2__reg_alpha': np.float64(0.0002972740260563865), 'classifier__xgbclassifier_2__reg_lambda': np.float64(0.7830348485685741), 'classifier__xgbclassifier_2__scale_pos_weight': np.float64(1.0269192682670627), 'classifier__xgbclassifier_2__subsample': np.float64(0.6511740587942294), 'feature_selection_filter__k': 24}",101.74332737922668,"[0, 1, 2, 3, 4, 5, 6, 7, 8, 9, 10, 11, 12, 14, 16, 17, 18, 19, 20, 21, 23, 27, 28, 29]","['Amount_log1p', 'V1', 'V2', 'V3', 'V4', 'V5', 'V6', 'V7', 'V8', 'V9', 'V10', 'V11', 'V12', 'V14', 'V16', 'V17', 'V18', 'V19', 'V20', 'V21', 'V23', 'V27', 'V28', 'Time_sin']"
CostSensitiveLearning_ClusterCentroids___RandomizedSearchCV__niter_30__cv_5,10,10,VotingClassifier,resubstitution,364,22126,9,62,0.9968529763751607,0.9758713136729222,0.8544600938967136,0.9111389236545682,0.9995934041111362,0.00040659588886382547,0.9270267490039249,0.924182164908703,0.9116248266707018,0.9095442213637868,0.9943797715894039,0.9367073264773504,22561,0.9105700540905207,0.004099534958259206,0.9004044404522112,0.017355547114103278,"{'classifier__extratreesclassifier_0__ccp_alpha': np.float64(0.00917385483951649), 'classifier__extratreesclassifier_0__max_depth': 10, 'classifier__extratreesclassifier_0__max_features': 'log2', 'classifier__extratreesclassifier_0__max_leaf_nodes': 4, 'classifier__extratreesclassifier_0__min_impurity_decrease': np.float64(0.042138618879779946), 'classifier__extratreesclassifier_0__min_samples_leaf': 2, 'classifier__extratreesclassifier_0__min_samples_split': 2, 'classifier__extratreesclassifier_0__n_estimators': 911, 'classifier__randomforestclassifier_1__ccp_alpha': np.float64(0.000504140810136815), 'classifier__randomforestclassifier_1__max_depth': 16, 'classifier__randomforestclassifier_1__max_features': 'log2', 'classifier__randomforestclassifier_1__max_leaf_nodes': 8, 'classifier__randomforestclassifier_1__max_samples': np.float64(0.8370404248613625), 'classifier__randomforestclassifier_1__min_impurity_decrease': np.float64(0.05736770259105022), 'classifier__randomforestclassifier_1__min_samples_leaf': 5, 'classifier__randomforestclassifier_1__min_samples_split': 9, 'classifier__randomforestclassifier_1__n_estimators': 175, 'classifier__xgbclassifier_2__colsample_bytree': np.float64(0.9700863874320131), 'classifier__xgbclassifier_2__gamma': np.float64(1.755765172772719), 'classifier__xgbclassifier_2__learning_rate': np.float64(0.033551953742092), 'classifier__xgbclassifier_2__max_delta_step': 5, 'classifier__xgbclassifier_2__max_depth': 5, 'classifier__xgbclassifier_2__min_child_weight': 6, 'classifier__xgbclassifier_2__n_estimators': 786, 'classifier__xgbclassifier_2__reg_alpha': np.float64(0.22732373513396453), 'classifier__xgbclassifier_2__reg_lambda': np.float64(0.002490751426587476), 'classifier__xgbclassifier_2__scale_pos_weight': np.float64(0.617385280779884), 'classifier__xgbclassifier_2__subsample': np.float64(0.9542274573590004), 'feature_selection_filter__k': 'all'}",107.80249118804932,"[0, 1, 2, 3, 4, 5, 6, 7, 8, 9, 10, 11, 12, 13, 14, 15, 16, 17, 18, 19, 20, 21, 22, 23, 24, 25, 26, 27, 28, 29, 30]","['Amount_log1p', 'V1', 'V2', 'V3', 'V4', 'V5', 'V6', 'V7', 'V8', 'V9', 'V10', 'V11', 'V12', 'V13', 'V14', 'V15', 'V16', 'V17', 'V18', 'V19', 'V20', 'V21', 'V22', 'V23', 'V24', 'V25', 'V26', 'V27', 'V28', 'Time_sin', 'Time_cos']"
