experiment_name,iteration,fold,model,split,tp,tn,fp,fn,accuracy,precision,recall,f1,specificity,fpr,balanced_accuracy,geometric_mean,mcc,kappa,roc_auc,average_precision,fold_size,cv_tuning_mean_train_score,cv_tuning_std_train_score,cv_tuning_mean_val_score,cv_tuning_std_val_score,best_params,tuning_time,selected_features_indices,selected_features_names
CostSensitiveLearning_with_RandomUnderSampler___RandomizedSearchCV__niter_30__cv_5,1,1,ExtraTreesClassifier,resubstitution,345,22119,15,81,0.9957446808510638,0.9583333333333334,0.8098591549295775,0.8778625954198473,0.9993223095689889,0.0006776904310110687,0.9045907322492832,0.899616763477546,0.8789272730365723,0.875712751012313,0.9680392072018872,0.8517723651785151,22560,0.8767384531241713,0.0042713661499764735,0.8776702061800744,0.01807342094865035,"{'classifier__ccp_alpha': np.float64(0.006689882547142287), 'classifier__max_depth': 5, 'classifier__max_features': 'log2', 'classifier__max_leaf_nodes': 4, 'classifier__min_impurity_decrease': np.float64(0.09736638367553174), 'classifier__min_samples_leaf': 2, 'classifier__min_samples_split': 9, 'classifier__n_estimators': 977, 'feature_selection_filter__k': 22}",23.6423122882843,"[1, 2, 3, 4, 5, 6, 7, 8, 9, 10, 11, 12, 14, 16, 17, 18, 19, 20, 21, 27, 28, 29]","['V1', 'V2', 'V3', 'V4', 'V5', 'V6', 'V7', 'V8', 'V9', 'V10', 'V11', 'V12', 'V14', 'V16', 'V17', 'V18', 'V19', 'V20', 'V21', 'V27', 'V28', 'Time_sin']"
CostSensitiveLearning_with_RandomUnderSampler___RandomizedSearchCV__niter_30__cv_5,1,2,ExtraTreesClassifier,resubstitution,350,22121,13,76,0.9960549645390071,0.9641873278236914,0.8215962441314554,0.8871989860583016,0.9994126682931237,0.000587331706876304,0.9105044562122895,0.9061532401349268,0.8881415137116658,0.8852043879202524,0.9719422374432128,0.8709213431104279,22560,0.8845361417163632,0.0030831348444153223,0.8872869790645644,0.01128874469769405,"{'classifier__ccp_alpha': np.float64(0.006112775896700217), 'classifier__max_depth': 8, 'classifier__max_features': 'sqrt', 'classifier__max_leaf_nodes': 5, 'classifier__min_impurity_decrease': np.float64(0.07398638198034742), 'classifier__min_samples_leaf': 8, 'classifier__min_samples_split': 3, 'classifier__n_estimators': 911, 'feature_selection_filter__k': 24}",21.018481016159058,"[0, 1, 2, 3, 4, 5, 6, 7, 8, 9, 10, 11, 12, 14, 16, 17, 18, 19, 20, 21, 23, 27, 28, 29]","['Amount_log1p', 'V1', 'V2', 'V3', 'V4', 'V5', 'V6', 'V7', 'V8', 'V9', 'V10', 'V11', 'V12', 'V14', 'V16', 'V17', 'V18', 'V19', 'V20', 'V21', 'V23', 'V27', 'V28', 'Time_sin']"
CostSensitiveLearning_with_RandomUnderSampler___RandomizedSearchCV__niter_30__cv_5,1,3,ExtraTreesClassifier,resubstitution,348,22121,13,78,0.9959663120567376,0.96398891966759,0.8169014084507042,0.8843710292249047,0.9994126682931237,0.000587331706876304,0.908157038371914,0.9035605216874679,0.8854656770360604,0.8823326310982174,0.9727523903700509,0.8603031770425436,22560,0.8821240323880574,0.006553917233389382,0.8831026250886366,0.02491265640618646,"{'classifier__ccp_alpha': np.float64(0.008011292402349716), 'classifier__max_depth': 19, 'classifier__max_features': 'log2', 'classifier__max_leaf_nodes': 10, 'classifier__min_impurity_decrease': np.float64(0.08626743360369593), 'classifier__min_samples_leaf': 3, 'classifier__min_samples_split': 6, 'classifier__n_estimators': 385, 'feature_selection_filter__k': 22}",18.924338340759277,"[1, 2, 3, 4, 5, 6, 7, 8, 9, 10, 11, 12, 14, 16, 17, 18, 19, 20, 21, 27, 28, 29]","['V1', 'V2', 'V3', 'V4', 'V5', 'V6', 'V7', 'V8', 'V9', 'V10', 'V11', 'V12', 'V14', 'V16', 'V17', 'V18', 'V19', 'V20', 'V21', 'V27', 'V28', 'Time_sin']"
CostSensitiveLearning_with_RandomUnderSampler___RandomizedSearchCV__niter_30__cv_5,1,4,ExtraTreesClassifier,resubstitution,349,22118,16,77,0.995877659574468,0.9561643835616438,0.8192488262910798,0.8824273072060683,0.9992771302069214,0.0007228697930785621,0.9092629782490006,0.9047964500712515,0.8830660765694894,0.8803420558253174,0.9736173736494447,0.8726240282429799,22560,0.8832573696199615,0.003856277859046785,0.8834383102044789,0.017461104228658552,"{'classifier__ccp_alpha': np.float64(0.0014215650202896591), 'classifier__max_depth': 14, 'classifier__max_features': 'sqrt', 'classifier__max_leaf_nodes': 4, 'classifier__min_impurity_decrease': np.float64(0.04857100047013496), 'classifier__min_samples_leaf': 4, 'classifier__min_samples_split': 9, 'classifier__n_estimators': 794, 'feature_selection_filter__k': 'all'}",21.406058311462402,"[0, 1, 2, 3, 4, 5, 6, 7, 8, 9, 10, 11, 12, 13, 14, 15, 16, 17, 18, 19, 20, 21, 22, 23, 24, 25, 26, 27, 28, 29, 30]","['Amount_log1p', 'V1', 'V2', 'V3', 'V4', 'V5', 'V6', 'V7', 'V8', 'V9', 'V10', 'V11', 'V12', 'V13', 'V14', 'V15', 'V16', 'V17', 'V18', 'V19', 'V20', 'V21', 'V22', 'V23', 'V24', 'V25', 'V26', 'V27', 'V28', 'Time_sin', 'Time_cos']"
CostSensitiveLearning_with_RandomUnderSampler___RandomizedSearchCV__niter_30__cv_5,1,5,ExtraTreesClassifier,resubstitution,346,22119,16,79,0.9957890070921985,0.9558011049723757,0.8141176470588235,0.8792884371029225,0.9992771628642422,0.0007228371357578256,0.9066974049615328,0.9019585204379709,0.880084589258604,0.8771595378465779,0.9694261151490187,0.8624638931996352,22560,0.8823012628655457,0.00397457210974167,0.8848957505952721,0.018075162758185957,"{'classifier__ccp_alpha': np.float64(0.009099494466458694), 'classifier__max_depth': 19, 'classifier__max_features': 'sqrt', 'classifier__max_leaf_nodes': 13, 'classifier__min_impurity_decrease': np.float64(0.06591872229787107), 'classifier__min_samples_leaf': 9, 'classifier__min_samples_split': 2, 'classifier__n_estimators': 304, 'feature_selection_filter__k': 22}",22.215738773345947,"[1, 2, 3, 4, 5, 6, 7, 8, 9, 10, 11, 12, 14, 16, 17, 18, 19, 20, 21, 23, 27, 29]","['V1', 'V2', 'V3', 'V4', 'V5', 'V6', 'V7', 'V8', 'V9', 'V10', 'V11', 'V12', 'V14', 'V16', 'V17', 'V18', 'V19', 'V20', 'V21', 'V23', 'V27', 'Time_sin']"
CostSensitiveLearning_with_RandomUnderSampler___RandomizedSearchCV__niter_30__cv_5,1,6,ExtraTreesClassifier,resubstitution,353,22121,14,72,0.9961879432624113,0.9618528610354223,0.8305882352941176,0.8914141414141414,0.9993675175062119,0.0006324824937881113,0.9149778764001648,0.9110778796435285,0.8919656484187855,0.8894846478923784,0.9703532069254176,0.8754542859012436,22560,0.8901382814640281,0.005592982779113192,0.892414611885344,0.019710099672400633,"{'classifier__ccp_alpha': np.float64(0.003073934601577203), 'classifier__max_depth': 7, 'classifier__max_features': 'log2', 'classifier__max_leaf_nodes': 8, 'classifier__min_impurity_decrease': np.float64(0.09353298208995899), 'classifier__min_samples_leaf': 3, 'classifier__min_samples_split': 9, 'classifier__n_estimators': 776, 'feature_selection_filter__k': 22}",19.111408233642578,"[1, 2, 3, 4, 5, 6, 7, 8, 9, 10, 11, 12, 14, 16, 17, 18, 19, 20, 21, 27, 28, 29]","['V1', 'V2', 'V3', 'V4', 'V5', 'V6', 'V7', 'V8', 'V9', 'V10', 'V11', 'V12', 'V14', 'V16', 'V17', 'V18', 'V19', 'V20', 'V21', 'V27', 'V28', 'Time_sin']"
CostSensitiveLearning_with_RandomUnderSampler___RandomizedSearchCV__niter_30__cv_5,1,7,ExtraTreesClassifier,resubstitution,341,22118,17,84,0.9955230496453901,0.952513966480447,0.8023529411764706,0.8710089399744572,0.9992319855432573,0.0007680144567426828,0.900792463359864,0.8953975220639362,0.8720596809820381,0.8687479046876242,0.973822772027266,0.8682080129652175,22560,0.8781806930455485,0.0041940623336746245,0.8798836146767165,0.01289219249217022,"{'classifier__ccp_alpha': np.float64(0.007655156885095032), 'classifier__max_depth': 13, 'classifier__max_features': 'log2', 'classifier__max_leaf_nodes': 4, 'classifier__min_impurity_decrease': np.float64(0.06515641449922903), 'classifier__min_samples_leaf': 3, 'classifier__min_samples_split': 7, 'classifier__n_estimators': 227, 'feature_selection_filter__k': 24}",21.821006059646606,"[0, 1, 2, 3, 4, 5, 6, 7, 8, 9, 10, 11, 12, 14, 16, 17, 18, 19, 20, 21, 24, 27, 28, 29]","['Amount_log1p', 'V1', 'V2', 'V3', 'V4', 'V5', 'V6', 'V7', 'V8', 'V9', 'V10', 'V11', 'V12', 'V14', 'V16', 'V17', 'V18', 'V19', 'V20', 'V21', 'V24', 'V27', 'V28', 'Time_sin']"
CostSensitiveLearning_with_RandomUnderSampler___RandomizedSearchCV__niter_30__cv_5,1,8,ExtraTreesClassifier,resubstitution,347,22119,16,79,0.9957891937414122,0.9559228650137741,0.8145539906103286,0.8795944233206591,0.9992771628642422,0.0007228371357578256,0.9069155767372854,0.9022001999206362,0.8803768971980809,0.8774654539302934,0.9700619120187581,0.851990262445869,22561,0.8853684499741707,0.003975630952454946,0.8861662635579572,0.022894418226453297,"{'classifier__ccp_alpha': np.float64(0.003930553850050462), 'classifier__max_depth': 10, 'classifier__max_features': 'log2', 'classifier__max_leaf_nodes': 16, 'classifier__min_impurity_decrease': np.float64(0.0896307404937981), 'classifier__min_samples_leaf': 6, 'classifier__min_samples_split': 9, 'classifier__n_estimators': 198, 'feature_selection_filter__k': 24}",19.004276990890503,"[1, 2, 3, 4, 5, 6, 7, 8, 9, 10, 11, 12, 14, 16, 17, 18, 19, 20, 21, 23, 24, 27, 28, 29]","['V1', 'V2', 'V3', 'V4', 'V5', 'V6', 'V7', 'V8', 'V9', 'V10', 'V11', 'V12', 'V14', 'V16', 'V17', 'V18', 'V19', 'V20', 'V21', 'V23', 'V24', 'V27', 'V28', 'Time_sin']"
CostSensitiveLearning_with_RandomUnderSampler___RandomizedSearchCV__niter_30__cv_5,1,9,ExtraTreesClassifier,resubstitution,343,22122,13,83,0.995744869465006,0.9634831460674157,0.8051643192488263,0.8772378516624041,0.9994126948271967,0.0005873051728032541,0.9022885070380116,0.8970459531591315,0.8787428331843427,0.8750904155221146,0.9700289834784629,0.8601272947128901,22561,0.8768795604768027,0.007126984642442803,0.8801622287650528,0.030920395816659587,"{'classifier__ccp_alpha': np.float64(0.004206244998635097), 'classifier__max_depth': 8, 'classifier__max_features': 'log2', 'classifier__max_leaf_nodes': 3, 'classifier__min_impurity_decrease': np.float64(0.06605265612088683), 'classifier__min_samples_leaf': 3, 'classifier__min_samples_split': 8, 'classifier__n_estimators': 684, 'feature_selection_filter__k': 22}",19.781205892562866,"[1, 2, 3, 4, 5, 6, 7, 8, 9, 10, 11, 12, 14, 16, 17, 18, 19, 20, 21, 27, 28, 29]","['V1', 'V2', 'V3', 'V4', 'V5', 'V6', 'V7', 'V8', 'V9', 'V10', 'V11', 'V12', 'V14', 'V16', 'V17', 'V18', 'V19', 'V20', 'V21', 'V27', 'V28', 'Time_sin']"
CostSensitiveLearning_with_RandomUnderSampler___RandomizedSearchCV__niter_30__cv_5,1,10,ExtraTreesClassifier,resubstitution,349,22121,14,77,0.9959664908470369,0.9614325068870524,0.8192488262910798,0.8846641318124208,0.9993675175062119,0.0006324824937881113,0.9093081718986458,0.9048373697800032,0.8855533653030844,0.8826248032384916,0.971492951383476,0.8600925960429808,22561,0.8853901222362955,0.011568847507323421,0.8827841026942098,0.04532185457171419,"{'classifier__ccp_alpha': np.float64(0.006757314155035523), 'classifier__max_depth': 8, 'classifier__max_features': 'sqrt', 'classifier__max_leaf_nodes': 11, 'classifier__min_impurity_decrease': np.float64(0.09427227276863137), 'classifier__min_samples_leaf': 6, 'classifier__min_samples_split': 8, 'classifier__n_estimators': 536, 'feature_selection_filter__k': 22}",21.85800528526306,"[1, 2, 3, 4, 5, 6, 7, 8, 9, 10, 11, 12, 14, 16, 17, 18, 19, 20, 21, 27, 28, 29]","['V1', 'V2', 'V3', 'V4', 'V5', 'V6', 'V7', 'V8', 'V9', 'V10', 'V11', 'V12', 'V14', 'V16', 'V17', 'V18', 'V19', 'V20', 'V21', 'V27', 'V28', 'Time_sin']"
CostSensitiveLearning_with_RandomUnderSampler___RandomizedSearchCV__niter_30__cv_5,2,1,ExtraTreesClassifier,resubstitution,352,22121,13,74,0.9961436170212766,0.9643835616438357,0.8262910798122066,0.8900126422250316,0.9994126682931237,0.000587331706876304,0.9128518740526652,0.908738561337596,0.8908098313310807,0.888061923191426,0.9737735394021307,0.8757790854600609,22560,0.887325409053445,0.005707132887507065,0.8907963632661989,0.0211538951364502,"{'classifier__ccp_alpha': np.float64(0.002195878532994993), 'classifier__max_depth': 14, 'classifier__max_features': 'sqrt', 'classifier__max_leaf_nodes': 14, 'classifier__min_impurity_decrease': np.float64(0.07777095568347196), 'classifier__min_samples_leaf': 4, 'classifier__min_samples_split': 7, 'classifier__n_estimators': 803, 'feature_selection_filter__k': 28}",20.673373460769653,"[0, 1, 2, 3, 4, 5, 6, 7, 8, 9, 10, 11, 12, 14, 16, 17, 18, 19, 20, 21, 22, 23, 24, 26, 27, 28, 29, 30]","['Amount_log1p', 'V1', 'V2', 'V3', 'V4', 'V5', 'V6', 'V7', 'V8', 'V9', 'V10', 'V11', 'V12', 'V14', 'V16', 'V17', 'V18', 'V19', 'V20', 'V21', 'V22', 'V23', 'V24', 'V26', 'V27', 'V28', 'Time_sin', 'Time_cos']"
CostSensitiveLearning_with_RandomUnderSampler___RandomizedSearchCV__niter_30__cv_5,2,2,ExtraTreesClassifier,resubstitution,345,22112,22,81,0.9954343971631205,0.9400544959128065,0.8098591549295775,0.8701134930643127,0.999006054034517,0.0009939459654829674,0.9044326044820472,0.8994744013533269,0.8703017755066147,0.8678029441903681,0.9720995167717247,0.8625024831765263,22560,0.8753157896264174,0.0034568588240165158,0.8780711269862213,0.016518534805448192,"{'classifier__ccp_alpha': np.float64(0.009638771020361142), 'classifier__max_depth': 18, 'classifier__max_features': 'log2', 'classifier__max_leaf_nodes': 8, 'classifier__min_impurity_decrease': np.float64(0.07056931496149342), 'classifier__min_samples_leaf': 3, 'classifier__min_samples_split': 7, 'classifier__n_estimators': 224, 'feature_selection_filter__k': 'all'}",19.06326985359192,"[0, 1, 2, 3, 4, 5, 6, 7, 8, 9, 10, 11, 12, 13, 14, 15, 16, 17, 18, 19, 20, 21, 22, 23, 24, 25, 26, 27, 28, 29, 30]","['Amount_log1p', 'V1', 'V2', 'V3', 'V4', 'V5', 'V6', 'V7', 'V8', 'V9', 'V10', 'V11', 'V12', 'V13', 'V14', 'V15', 'V16', 'V17', 'V18', 'V19', 'V20', 'V21', 'V22', 'V23', 'V24', 'V25', 'V26', 'V27', 'V28', 'Time_sin', 'Time_cos']"
CostSensitiveLearning_with_RandomUnderSampler___RandomizedSearchCV__niter_30__cv_5,2,3,ExtraTreesClassifier,resubstitution,352,22118,16,74,0.9960106382978723,0.9565217391304348,0.8262910798122066,0.8866498740554156,0.9992771302069214,0.0007228697930785621,0.912784105009564,0.9086769387138204,0.8870857083472178,0.8846304902795051,0.9722027611589843,0.863967110645416,22560,0.8881723448148942,0.006088317932643693,0.8900340921726111,0.02274604993676278,"{'classifier__ccp_alpha': np.float64(0.0001784768851695362), 'classifier__max_depth': 7, 'classifier__max_features': 'log2', 'classifier__max_leaf_nodes': 8, 'classifier__min_impurity_decrease': np.float64(0.0780969954194398), 'classifier__min_samples_leaf': 9, 'classifier__min_samples_split': 4, 'classifier__n_estimators': 339, 'feature_selection_filter__k': 22}",20.30427098274231,"[1, 2, 3, 4, 5, 6, 7, 8, 9, 10, 11, 12, 14, 16, 17, 18, 19, 20, 21, 27, 28, 29]","['V1', 'V2', 'V3', 'V4', 'V5', 'V6', 'V7', 'V8', 'V9', 'V10', 'V11', 'V12', 'V14', 'V16', 'V17', 'V18', 'V19', 'V20', 'V21', 'V27', 'V28', 'Time_sin']"
CostSensitiveLearning_with_RandomUnderSampler___RandomizedSearchCV__niter_30__cv_5,2,4,ExtraTreesClassifier,resubstitution,346,22119,15,80,0.9957890070921985,0.9584487534626038,0.812206572769953,0.8792884371029225,0.9993223095689889,0.0006776904310110687,0.905764441169471,0.9009196124780404,0.8802751192297159,0.8771604390585785,0.9707104104704125,0.8653384069826638,22560,0.8789069761820449,0.00631388242536951,0.8799434331563637,0.02584742464978742,"{'classifier__ccp_alpha': np.float64(0.0048172552327362395), 'classifier__max_depth': 13, 'classifier__max_features': 'sqrt', 'classifier__max_leaf_nodes': 12, 'classifier__min_impurity_decrease': np.float64(0.0921790357758227), 'classifier__min_samples_leaf': 9, 'classifier__min_samples_split': 4, 'classifier__n_estimators': 875, 'feature_selection_filter__k': 24}",22.133697986602783,"[0, 1, 2, 3, 4, 5, 6, 7, 8, 9, 10, 11, 12, 14, 16, 17, 18, 19, 20, 21, 24, 27, 28, 29]","['Amount_log1p', 'V1', 'V2', 'V3', 'V4', 'V5', 'V6', 'V7', 'V8', 'V9', 'V10', 'V11', 'V12', 'V14', 'V16', 'V17', 'V18', 'V19', 'V20', 'V21', 'V24', 'V27', 'V28', 'Time_sin']"
CostSensitiveLearning_with_RandomUnderSampler___RandomizedSearchCV__niter_30__cv_5,2,5,ExtraTreesClassifier,resubstitution,349,22122,13,76,0.9960549645390071,0.9640883977900553,0.8211764705882353,0.8869123252858958,0.9994126948271967,0.0005873051728032541,0.910294582707716,0.9059217346985746,0.8878688058791631,0.8849178828246886,0.9746501547987616,0.8703920589882488,22560,0.8853510802856348,0.0018679584739372502,0.8879545838085949,0.009472997662750747,"{'classifier__ccp_alpha': np.float64(0.0006252124502227307), 'classifier__max_depth': 11, 'classifier__max_features': 'sqrt', 'classifier__max_leaf_nodes': 15, 'classifier__min_impurity_decrease': np.float64(0.07333267576792542), 'classifier__min_samples_leaf': 7, 'classifier__min_samples_split': 2, 'classifier__n_estimators': 951, 'feature_selection_filter__k': 28}",21.68336272239685,"[0, 1, 2, 3, 4, 5, 6, 7, 8, 9, 10, 11, 12, 14, 16, 17, 18, 19, 20, 21, 22, 23, 24, 26, 27, 28, 29, 30]","['Amount_log1p', 'V1', 'V2', 'V3', 'V4', 'V5', 'V6', 'V7', 'V8', 'V9', 'V10', 'V11', 'V12', 'V14', 'V16', 'V17', 'V18', 'V19', 'V20', 'V21', 'V22', 'V23', 'V24', 'V26', 'V27', 'V28', 'Time_sin', 'Time_cos']"
CostSensitiveLearning_with_RandomUnderSampler___RandomizedSearchCV__niter_30__cv_5,2,6,ExtraTreesClassifier,resubstitution,346,22121,14,79,0.995877659574468,0.9611111111111111,0.8141176470588235,0.8815286624203822,0.9993675175062119,0.0006324824937881113,0.9067425822825177,0.901999297061353,0.8825841579095349,0.8794456319382197,0.9686815397493986,0.8577225485963306,22560,0.8828434658419454,0.0037579586110627343,0.8821458041979608,0.014903113253980992,"{'classifier__ccp_alpha': np.float64(0.0008734964290217506), 'classifier__max_depth': 8, 'classifier__max_features': 'sqrt', 'classifier__max_leaf_nodes': 17, 'classifier__min_impurity_decrease': np.float64(0.09704023846297166), 'classifier__min_samples_leaf': 9, 'classifier__min_samples_split': 2, 'classifier__n_estimators': 821, 'feature_selection_filter__k': 22}",22.92640256881714,"[1, 2, 3, 4, 5, 6, 7, 8, 9, 10, 11, 12, 14, 16, 17, 18, 19, 20, 21, 27, 28, 29]","['V1', 'V2', 'V3', 'V4', 'V5', 'V6', 'V7', 'V8', 'V9', 'V10', 'V11', 'V12', 'V14', 'V16', 'V17', 'V18', 'V19', 'V20', 'V21', 'V27', 'V28', 'Time_sin']"
CostSensitiveLearning_with_RandomUnderSampler___RandomizedSearchCV__niter_30__cv_5,2,7,ExtraTreesClassifier,resubstitution,346,22115,20,79,0.9956117021276596,0.9453551912568307,0.8141176470588235,0.8748419721871049,0.9990964535803026,0.0009035464196973653,0.9066070503195631,0.9018769616602983,0.8751465701847969,0.8726213166980916,0.9733153509879217,0.8618229396240439,22560,0.878396757171808,0.010301629203149365,0.881136996408031,0.027428506686714663,"{'classifier__ccp_alpha': np.float64(0.008307465963970645), 'classifier__max_depth': 15, 'classifier__max_features': 'sqrt', 'classifier__max_leaf_nodes': 12, 'classifier__min_impurity_decrease': np.float64(0.03502439972778922), 'classifier__min_samples_leaf': 6, 'classifier__min_samples_split': 5, 'classifier__n_estimators': 212, 'feature_selection_filter__k': 28}",20.840591430664062,"[0, 1, 2, 3, 4, 5, 6, 7, 8, 9, 10, 11, 12, 13, 14, 16, 17, 18, 19, 20, 21, 23, 24, 25, 26, 27, 28, 29]","['Amount_log1p', 'V1', 'V2', 'V3', 'V4', 'V5', 'V6', 'V7', 'V8', 'V9', 'V10', 'V11', 'V12', 'V13', 'V14', 'V16', 'V17', 'V18', 'V19', 'V20', 'V21', 'V23', 'V24', 'V25', 'V26', 'V27', 'V28', 'Time_sin']"
CostSensitiveLearning_with_RandomUnderSampler___RandomizedSearchCV__niter_30__cv_5,2,8,ExtraTreesClassifier,resubstitution,352,22122,13,74,0.9961437879526617,0.9643835616438357,0.8262910798122066,0.8900126422250316,0.9994126948271967,0.0005873051728032541,0.9128518873197017,0.9087385734009489,0.8908099152605389,0.8880620111890826,0.9752762868908351,0.8673777292903571,22561,0.8876393234377776,0.007410163366717656,0.8919760947063203,0.020820680103226293,"{'classifier__ccp_alpha': np.float64(0.00594039022441054), 'classifier__max_depth': 19, 'classifier__max_features': 'sqrt', 'classifier__max_leaf_nodes': 10, 'classifier__min_impurity_decrease': np.float64(0.09499560278585542), 'classifier__min_samples_leaf': 6, 'classifier__min_samples_split': 5, 'classifier__n_estimators': 520, 'feature_selection_filter__k': 22}",20.958611488342285,"[1, 2, 3, 4, 5, 6, 7, 8, 9, 10, 11, 12, 14, 16, 17, 18, 19, 20, 21, 27, 28, 29]","['V1', 'V2', 'V3', 'V4', 'V5', 'V6', 'V7', 'V8', 'V9', 'V10', 'V11', 'V12', 'V14', 'V16', 'V17', 'V18', 'V19', 'V20', 'V21', 'V27', 'V28', 'Time_sin']"
CostSensitiveLearning_with_RandomUnderSampler___RandomizedSearchCV__niter_30__cv_5,2,9,ExtraTreesClassifier,resubstitution,348,22118,17,78,0.9957891937414122,0.9534246575342465,0.8169014084507042,0.8798988621997471,0.9992319855432573,0.0007680144567426828,0.9080666969969808,0.9034788411242848,0.8804849170788359,0.8777688627926763,0.9720978078394317,0.8639261708887518,22561,0.877162415801315,0.004968324623646975,0.8843190992801568,0.009642981334446875,"{'classifier__ccp_alpha': np.float64(0.009658040726508076), 'classifier__max_depth': 14, 'classifier__max_features': 'log2', 'classifier__max_leaf_nodes': 9, 'classifier__min_impurity_decrease': np.float64(0.06183510103206724), 'classifier__min_samples_leaf': 7, 'classifier__min_samples_split': 5, 'classifier__n_estimators': 191, 'feature_selection_filter__k': 24}",19.541060209274292,"[0, 1, 2, 3, 4, 5, 6, 7, 8, 9, 10, 11, 12, 14, 16, 17, 18, 19, 20, 21, 24, 27, 28, 29]","['Amount_log1p', 'V1', 'V2', 'V3', 'V4', 'V5', 'V6', 'V7', 'V8', 'V9', 'V10', 'V11', 'V12', 'V14', 'V16', 'V17', 'V18', 'V19', 'V20', 'V21', 'V24', 'V27', 'V28', 'Time_sin']"
CostSensitiveLearning_with_RandomUnderSampler___RandomizedSearchCV__niter_30__cv_5,2,10,ExtraTreesClassifier,resubstitution,341,22120,15,85,0.9955675723593812,0.9578651685393258,0.8004694835680751,0.8721227621483376,0.999322340185227,0.0006776598147729684,0.8998959118766511,0.8943864028293973,0.8735165445532375,0.8698858495022028,0.9682390707470484,0.8591449874339853,22561,0.8751173574635859,0.008275105838275345,0.8760431760564732,0.028819230966972486,"{'classifier__ccp_alpha': np.float64(0.00013461262196252656), 'classifier__max_depth': 10, 'classifier__max_features': 'sqrt', 'classifier__max_leaf_nodes': 19, 'classifier__min_impurity_decrease': np.float64(0.09826249719522459), 'classifier__min_samples_leaf': 1, 'classifier__min_samples_split': 8, 'classifier__n_estimators': 689, 'feature_selection_filter__k': 22}",21.824557542800903,"[1, 2, 3, 4, 5, 6, 7, 8, 9, 10, 11, 12, 14, 16, 17, 18, 19, 20, 21, 27, 28, 29]","['V1', 'V2', 'V3', 'V4', 'V5', 'V6', 'V7', 'V8', 'V9', 'V10', 'V11', 'V12', 'V14', 'V16', 'V17', 'V18', 'V19', 'V20', 'V21', 'V27', 'V28', 'Time_sin']"
CostSensitiveLearning_with_RandomUnderSampler___RandomizedSearchCV__niter_30__cv_5,3,1,ExtraTreesClassifier,resubstitution,351,22119,15,75,0.9960106382978723,0.9590163934426229,0.823943661971831,0.8863636363636364,0.9993223095689889,0.0006776904310110687,0.91163298577041,0.9074057985468357,0.8869856295376016,0.8843451763325938,0.9701107764020344,0.8711687063742745,22560,0.8866554163330956,0.007021350808451045,0.8854066630743838,0.027483356332295785,"{'classifier__ccp_alpha': np.float64(0.0038586127824393923), 'classifier__max_depth': 7, 'classifier__max_features': 'log2', 'classifier__max_leaf_nodes': 19, 'classifier__min_impurity_decrease': np.float64(0.06741579089292736), 'classifier__min_samples_leaf': 3, 'classifier__min_samples_split': 9, 'classifier__n_estimators': 858, 'feature_selection_filter__k': 24}",20.23289394378662,"[0, 1, 2, 3, 4, 5, 6, 7, 8, 9, 10, 11, 12, 14, 16, 17, 18, 19, 20, 21, 23, 27, 28, 29]","['Amount_log1p', 'V1', 'V2', 'V3', 'V4', 'V5', 'V6', 'V7', 'V8', 'V9', 'V10', 'V11', 'V12', 'V14', 'V16', 'V17', 'V18', 'V19', 'V20', 'V21', 'V23', 'V27', 'V28', 'Time_sin']"
CostSensitiveLearning_with_RandomUnderSampler___RandomizedSearchCV__niter_30__cv_5,3,2,ExtraTreesClassifier,resubstitution,351,22121,13,75,0.9960992907801418,0.9642857142857143,0.823943661971831,0.8886075949367088,0.9994126682931237,0.000587331706876304,0.9116781651324773,0.9074468214360967,0.8894766082006689,0.8866349266388736,0.9695524506940442,0.8674177864358097,22560,0.8888672274340562,0.004992219464072997,0.8905431571578223,0.02056954008312739,"{'classifier__ccp_alpha': np.float64(0.009937951194186228), 'classifier__max_depth': 18, 'classifier__max_features': 'sqrt', 'classifier__max_leaf_nodes': 5, 'classifier__min_impurity_decrease': np.float64(0.07601812824949439), 'classifier__min_samples_leaf': 7, 'classifier__min_samples_split': 6, 'classifier__n_estimators': 310, 'feature_selection_filter__k': 22}",21.927348375320435,"[1, 2, 3, 4, 5, 6, 7, 8, 9, 10, 11, 12, 14, 16, 17, 18, 19, 20, 21, 27, 28, 29]","['V1', 'V2', 'V3', 'V4', 'V5', 'V6', 'V7', 'V8', 'V9', 'V10', 'V11', 'V12', 'V14', 'V16', 'V17', 'V18', 'V19', 'V20', 'V21', 'V27', 'V28', 'Time_sin']"
CostSensitiveLearning_with_RandomUnderSampler___RandomizedSearchCV__niter_30__cv_5,3,3,ExtraTreesClassifier,resubstitution,347,22115,19,79,0.9956560283687943,0.9480874316939891,0.8145539906103286,0.8762626262626263,0.9991415921207193,0.0008584078792807093,0.906847791365524,0.9021389976310131,0.8766745057491768,0.8740647475621577,0.9717077501907927,0.8661835363185676,22560,0.8768458810684331,0.004244577000420509,0.8847447165597714,0.018716239821291336,"{'classifier__ccp_alpha': np.float64(0.008165412033400094), 'classifier__max_depth': 4, 'classifier__max_features': 'log2', 'classifier__max_leaf_nodes': 18, 'classifier__min_impurity_decrease': np.float64(0.08452925824887814), 'classifier__min_samples_leaf': 1, 'classifier__min_samples_split': 6, 'classifier__n_estimators': 433, 'feature_selection_filter__k': 22}",21.49395990371704,"[0, 1, 2, 3, 4, 5, 6, 7, 8, 9, 10, 11, 12, 14, 16, 17, 18, 19, 20, 21, 27, 29]","['Amount_log1p', 'V1', 'V2', 'V3', 'V4', 'V5', 'V6', 'V7', 'V8', 'V9', 'V10', 'V11', 'V12', 'V14', 'V16', 'V17', 'V18', 'V19', 'V20', 'V21', 'V27', 'Time_sin']"
CostSensitiveLearning_with_RandomUnderSampler___RandomizedSearchCV__niter_30__cv_5,3,4,ExtraTreesClassifier,resubstitution,351,22120,14,75,0.9960549645390071,0.9616438356164384,0.823943661971831,0.8874841972187105,0.9993674889310563,0.0006325110689436864,0.9116555754514437,0.9074263102232863,0.8882285797438836,0.8854886340693898,0.9703804738615119,0.8660310866689661,22560,0.8857862303251615,0.009162535741236842,0.8858623461616892,0.03022813779348743,"{'classifier__ccp_alpha': np.float64(0.00663279065066506), 'classifier__max_depth': 17, 'classifier__max_features': 'sqrt', 'classifier__max_leaf_nodes': 19, 'classifier__min_impurity_decrease': np.float64(0.06757017329580173), 'classifier__min_samples_leaf': 5, 'classifier__min_samples_split': 7, 'classifier__n_estimators': 914, 'feature_selection_filter__k': 22}",22.211801767349243,"[1, 2, 3, 4, 5, 6, 7, 8, 9, 10, 11, 12, 14, 16, 17, 18, 19, 20, 21, 27, 28, 29]","['V1', 'V2', 'V3', 'V4', 'V5', 'V6', 'V7', 'V8', 'V9', 'V10', 'V11', 'V12', 'V14', 'V16', 'V17', 'V18', 'V19', 'V20', 'V21', 'V27', 'V28', 'Time_sin']"
CostSensitiveLearning_with_RandomUnderSampler___RandomizedSearchCV__niter_30__cv_5,3,5,ExtraTreesClassifier,resubstitution,349,22116,19,76,0.9957890070921985,0.9483695652173914,0.8211764705882353,0.880201765447667,0.9991416309012876,0.0008583690987123971,0.9101590507447614,0.9057988728637791,0.880429107130625,0.8780698720166032,0.9687248036779654,0.8514712335018054,22560,0.8806199803531125,0.008773813802880113,0.8851705780781876,0.030942109042563583,"{'classifier__ccp_alpha': np.float64(0.007815196681053469), 'classifier__max_depth': 7, 'classifier__max_features': 'log2', 'classifier__max_leaf_nodes': 16, 'classifier__min_impurity_decrease': np.float64(0.08192413431427388), 'classifier__min_samples_leaf': 1, 'classifier__min_samples_split': 3, 'classifier__n_estimators': 190, 'feature_selection_filter__k': 22}",19.08010697364807,"[1, 2, 3, 4, 5, 6, 7, 8, 9, 10, 11, 12, 14, 16, 17, 18, 19, 20, 21, 27, 28, 29]","['V1', 'V2', 'V3', 'V4', 'V5', 'V6', 'V7', 'V8', 'V9', 'V10', 'V11', 'V12', 'V14', 'V16', 'V17', 'V18', 'V19', 'V20', 'V21', 'V27', 'V28', 'Time_sin']"
CostSensitiveLearning_with_RandomUnderSampler___RandomizedSearchCV__niter_30__cv_5,3,6,ExtraTreesClassifier,resubstitution,344,22121,14,81,0.9957890070921985,0.9608938547486033,0.8094117647058824,0.8786717752234994,0.9993675175062119,0.0006324824937881113,0.9043896411060471,0.8993885845030721,0.879886558891555,0.876545058864597,0.9688888770778246,0.8524769807419947,22560,0.878926584099764,0.0061352245055325706,0.8782701867944385,0.02611520630506215,"{'classifier__ccp_alpha': np.float64(0.00032848143656301066), 'classifier__max_depth': 11, 'classifier__max_features': 'log2', 'classifier__max_leaf_nodes': 14, 'classifier__min_impurity_decrease': np.float64(0.0910905477292192), 'classifier__min_samples_leaf': 2, 'classifier__min_samples_split': 3, 'classifier__n_estimators': 920, 'feature_selection_filter__k': 22}",18.661272764205933,"[1, 2, 3, 4, 5, 6, 7, 8, 9, 10, 11, 12, 14, 16, 17, 18, 19, 20, 21, 27, 28, 29]","['V1', 'V2', 'V3', 'V4', 'V5', 'V6', 'V7', 'V8', 'V9', 'V10', 'V11', 'V12', 'V14', 'V16', 'V17', 'V18', 'V19', 'V20', 'V21', 'V27', 'V28', 'Time_sin']"
CostSensitiveLearning_with_RandomUnderSampler___RandomizedSearchCV__niter_30__cv_5,3,7,ExtraTreesClassifier,resubstitution,344,22121,14,81,0.9957890070921985,0.9608938547486033,0.8094117647058824,0.8786717752234994,0.9993675175062119,0.0006324824937881113,0.9043896411060471,0.8993885845030721,0.879886558891555,0.876545058864597,0.972983908901261,0.8627677331679344,22560,0.8784574914315086,0.007527436716774333,0.8819595150464263,0.017793869868125853,"{'classifier__ccp_alpha': np.float64(0.00977774801990706), 'classifier__max_depth': 11, 'classifier__max_features': 'sqrt', 'classifier__max_leaf_nodes': 17, 'classifier__min_impurity_decrease': np.float64(0.06384527367003133), 'classifier__min_samples_leaf': 6, 'classifier__min_samples_split': 7, 'classifier__n_estimators': 709, 'feature_selection_filter__k': 28}",20.029119968414307,"[0, 1, 2, 3, 4, 5, 6, 7, 8, 9, 10, 11, 12, 14, 15, 16, 17, 18, 19, 20, 21, 23, 24, 26, 27, 28, 29, 30]","['Amount_log1p', 'V1', 'V2', 'V3', 'V4', 'V5', 'V6', 'V7', 'V8', 'V9', 'V10', 'V11', 'V12', 'V14', 'V15', 'V16', 'V17', 'V18', 'V19', 'V20', 'V21', 'V23', 'V24', 'V26', 'V27', 'V28', 'Time_sin', 'Time_cos']"
CostSensitiveLearning_with_RandomUnderSampler___RandomizedSearchCV__niter_30__cv_5,3,8,ExtraTreesClassifier,resubstitution,350,22118,17,76,0.9958778422942246,0.9536784741144414,0.8215962441314554,0.8827238335435057,0.9992319855432573,0.0007680144567426828,0.9104141148373563,0.9060713251937492,0.8831734888015349,0.8806377039181909,0.9698128534780703,0.8653288862916187,22561,0.8830993767197679,0.007141717637783695,0.8831798326826107,0.026863441911618987,"{'classifier__ccp_alpha': np.float64(0.0010505671876021138), 'classifier__max_depth': 12, 'classifier__max_features': 'sqrt', 'classifier__max_leaf_nodes': 18, 'classifier__min_impurity_decrease': np.float64(0.08208864400253216), 'classifier__min_samples_leaf': 2, 'classifier__min_samples_split': 4, 'classifier__n_estimators': 940, 'feature_selection_filter__k': 22}",23.312565326690674,"[1, 2, 3, 4, 5, 6, 7, 8, 9, 10, 11, 12, 14, 16, 17, 18, 19, 20, 21, 27, 28, 29]","['V1', 'V2', 'V3', 'V4', 'V5', 'V6', 'V7', 'V8', 'V9', 'V10', 'V11', 'V12', 'V14', 'V16', 'V17', 'V18', 'V19', 'V20', 'V21', 'V27', 'V28', 'Time_sin']"
CostSensitiveLearning_with_RandomUnderSampler___RandomizedSearchCV__niter_30__cv_5,3,9,ExtraTreesClassifier,resubstitution,349,22115,20,77,0.9957005451885999,0.94579945799458,0.8192488262910798,0.8779874213836478,0.9990964535803026,0.0009035464196973653,0.9091726399356912,0.9047146494598411,0.8781520905503323,0.8758105886710559,0.9727311387336139,0.8630764872760547,22561,0.88129429179009,0.005934883886489114,0.8821033691242768,0.02450930879838266,"{'classifier__ccp_alpha': np.float64(0.004667681761994854), 'classifier__max_depth': 5, 'classifier__max_features': 'sqrt', 'classifier__max_leaf_nodes': 15, 'classifier__min_impurity_decrease': np.float64(0.08498493552352962), 'classifier__min_samples_leaf': 9, 'classifier__min_samples_split': 7, 'classifier__n_estimators': 884, 'feature_selection_filter__k': 22}",23.307203769683838,"[1, 2, 3, 4, 5, 6, 7, 8, 9, 10, 11, 12, 14, 16, 17, 18, 19, 20, 21, 27, 28, 29]","['V1', 'V2', 'V3', 'V4', 'V5', 'V6', 'V7', 'V8', 'V9', 'V10', 'V11', 'V12', 'V14', 'V16', 'V17', 'V18', 'V19', 'V20', 'V21', 'V27', 'V28', 'Time_sin']"
CostSensitiveLearning_with_RandomUnderSampler___RandomizedSearchCV__niter_30__cv_5,3,10,ExtraTreesClassifier,resubstitution,346,22122,13,80,0.9958778422942246,0.9637883008356546,0.812206572769953,0.8815286624203822,0.9994126948271967,0.0005873051728032541,0.9058096337985748,0.900960354093553,0.8827823424792175,0.8794466402026554,0.9731156762122316,0.8550919326405586,22561,0.8806436088779815,0.008074100151550512,0.8808505576812793,0.028825644867738434,"{'classifier__ccp_alpha': np.float64(0.006109927839963325), 'classifier__max_depth': 6, 'classifier__max_features': 'log2', 'classifier__max_leaf_nodes': 13, 'classifier__min_impurity_decrease': np.float64(0.09989037590131747), 'classifier__min_samples_leaf': 3, 'classifier__min_samples_split': 6, 'classifier__n_estimators': 699, 'feature_selection_filter__k': 26}",22.755093812942505,"[0, 1, 2, 3, 4, 5, 6, 7, 8, 9, 10, 11, 12, 14, 16, 17, 18, 19, 20, 21, 22, 23, 24, 27, 28, 29]","['Amount_log1p', 'V1', 'V2', 'V3', 'V4', 'V5', 'V6', 'V7', 'V8', 'V9', 'V10', 'V11', 'V12', 'V14', 'V16', 'V17', 'V18', 'V19', 'V20', 'V21', 'V22', 'V23', 'V24', 'V27', 'V28', 'Time_sin']"
CostSensitiveLearning_with_RandomUnderSampler___RandomizedSearchCV__niter_30__cv_5,4,1,ExtraTreesClassifier,resubstitution,345,22123,11,81,0.9959219858156029,0.9691011235955056,0.8098591549295775,0.8823529411764706,0.9995030270172586,0.0004969729827414282,0.904681090973418,0.8996981031489127,0.8839690343441193,0.8802948887246311,0.9719145041024133,0.8628743780112269,22560,0.8822593653001742,0.0030826343809689334,0.8845164677000363,0.016309166605992107,"{'classifier__ccp_alpha': np.float64(0.002274217585379018), 'classifier__max_depth': 16, 'classifier__max_features': 'sqrt', 'classifier__max_leaf_nodes': 2, 'classifier__min_impurity_decrease': np.float64(0.09469742025858337), 'classifier__min_samples_leaf': 5, 'classifier__min_samples_split': 9, 'classifier__n_estimators': 471, 'feature_selection_filter__k': 22}",17.389782667160034,"[1, 2, 3, 4, 5, 6, 7, 8, 9, 10, 11, 12, 14, 16, 17, 18, 19, 20, 21, 27, 28, 29]","['V1', 'V2', 'V3', 'V4', 'V5', 'V6', 'V7', 'V8', 'V9', 'V10', 'V11', 'V12', 'V14', 'V16', 'V17', 'V18', 'V19', 'V20', 'V21', 'V27', 'V28', 'Time_sin']"
CostSensitiveLearning_with_RandomUnderSampler___RandomizedSearchCV__niter_30__cv_5,4,2,ExtraTreesClassifier,resubstitution,348,22117,17,78,0.9957890070921985,0.9534246575342465,0.8169014084507042,0.8798988621997471,0.999231950844854,0.0007680491551459445,0.9080666796477792,0.9034788254376005,0.8804848249822924,0.8777687667032813,0.9723230273481496,0.8574991123979848,22560,0.8801055401824552,0.0039120505473178874,0.8820665089845425,0.011016268233454972,"{'classifier__ccp_alpha': np.float64(0.00413289855895386), 'classifier__max_depth': 12, 'classifier__max_features': 'sqrt', 'classifier__max_leaf_nodes': 12, 'classifier__min_impurity_decrease': np.float64(0.08356868369337618), 'classifier__min_samples_leaf': 9, 'classifier__min_samples_split': 9, 'classifier__n_estimators': 956, 'feature_selection_filter__k': 22}",20.29849147796631,"[1, 2, 3, 4, 5, 6, 7, 8, 9, 10, 11, 12, 14, 16, 17, 18, 19, 20, 21, 27, 28, 29]","['V1', 'V2', 'V3', 'V4', 'V5', 'V6', 'V7', 'V8', 'V9', 'V10', 'V11', 'V12', 'V14', 'V16', 'V17', 'V18', 'V19', 'V20', 'V21', 'V27', 'V28', 'Time_sin']"
CostSensitiveLearning_with_RandomUnderSampler___RandomizedSearchCV__niter_30__cv_5,4,3,ExtraTreesClassifier,resubstitution,344,22120,14,82,0.9957446808510638,0.9608938547486033,0.8075117370892019,0.8775510204081632,0.9993674889310563,0.0006325110689436864,0.9034396130101291,0.898332331031891,0.8788317208519443,0.8754023121818264,0.9698054445161375,0.8559135289461965,22560,0.8766040651387117,0.004916360829338527,0.8769002111589275,0.026398856472793407,"{'classifier__ccp_alpha': np.float64(0.006772461404992738), 'classifier__max_depth': 19, 'classifier__max_features': 'sqrt', 'classifier__max_leaf_nodes': 8, 'classifier__min_impurity_decrease': np.float64(0.05711258728333654), 'classifier__min_samples_leaf': 7, 'classifier__min_samples_split': 6, 'classifier__n_estimators': 316, 'feature_selection_filter__k': 22}",21.961342811584473,"[1, 2, 3, 4, 5, 6, 7, 8, 9, 10, 11, 12, 14, 16, 17, 18, 19, 20, 21, 27, 28, 29]","['V1', 'V2', 'V3', 'V4', 'V5', 'V6', 'V7', 'V8', 'V9', 'V10', 'V11', 'V12', 'V14', 'V16', 'V17', 'V18', 'V19', 'V20', 'V21', 'V27', 'V28', 'Time_sin']"
CostSensitiveLearning_with_RandomUnderSampler___RandomizedSearchCV__niter_30__cv_5,4,4,ExtraTreesClassifier,resubstitution,347,22119,15,79,0.9958333333333333,0.9585635359116023,0.8145539906103286,0.8807106598984772,0.9993223095689889,0.0006776904310110687,0.9069381500896587,0.9022205801051926,0.8816210391523762,0.8786045291116945,0.9695050441803255,0.8655950690531178,22560,0.8821171002788093,0.0036840574552990638,0.8840651245875788,0.014143996805354952,"{'classifier__ccp_alpha': np.float64(0.0051759740407183764), 'classifier__max_depth': 18, 'classifier__max_features': 'sqrt', 'classifier__max_leaf_nodes': 15, 'classifier__min_impurity_decrease': np.float64(0.07456436508615018), 'classifier__min_samples_leaf': 1, 'classifier__min_samples_split': 7, 'classifier__n_estimators': 461, 'feature_selection_filter__k': 22}",20.640639781951904,"[1, 2, 3, 4, 5, 6, 7, 8, 9, 10, 11, 12, 14, 16, 17, 18, 19, 20, 21, 27, 28, 29]","['V1', 'V2', 'V3', 'V4', 'V5', 'V6', 'V7', 'V8', 'V9', 'V10', 'V11', 'V12', 'V14', 'V16', 'V17', 'V18', 'V19', 'V20', 'V21', 'V27', 'V28', 'Time_sin']"
CostSensitiveLearning_with_RandomUnderSampler___RandomizedSearchCV__niter_30__cv_5,4,5,ExtraTreesClassifier,resubstitution,349,22122,13,76,0.9960549645390071,0.9640883977900553,0.8211764705882353,0.8869123252858958,0.9994126948271967,0.0005873051728032541,0.910294582707716,0.9059217346985746,0.8878688058791631,0.8849178828246886,0.9720661714877955,0.8624598889700315,22560,0.8865514797503815,0.0020175552619475156,0.88534877195262,0.010486095023161576,"{'classifier__ccp_alpha': np.float64(0.008650472517381354), 'classifier__max_depth': 11, 'classifier__max_features': 'sqrt', 'classifier__max_leaf_nodes': 7, 'classifier__min_impurity_decrease': np.float64(0.08601932751446828), 'classifier__min_samples_leaf': 2, 'classifier__min_samples_split': 6, 'classifier__n_estimators': 414, 'feature_selection_filter__k': 22}",17.345322608947754,"[1, 2, 3, 4, 5, 6, 7, 8, 9, 10, 11, 12, 14, 16, 17, 18, 19, 20, 21, 27, 28, 29]","['V1', 'V2', 'V3', 'V4', 'V5', 'V6', 'V7', 'V8', 'V9', 'V10', 'V11', 'V12', 'V14', 'V16', 'V17', 'V18', 'V19', 'V20', 'V21', 'V27', 'V28', 'Time_sin']"
CostSensitiveLearning_with_RandomUnderSampler___RandomizedSearchCV__niter_30__cv_5,4,6,ExtraTreesClassifier,resubstitution,354,22121,14,71,0.9962322695035462,0.9619565217391305,0.8329411764705882,0.89281210592686,0.9993675175062119,0.0006324824937881113,0.9161543469884,0.9123674455821598,0.8932983423923749,0.890904622330645,0.9714299685087497,0.8656471269537148,22560,0.8930918261001685,0.0027542892733232647,0.893881132462892,0.01132459596205704,"{'classifier__ccp_alpha': np.float64(0.0014340697572682037), 'classifier__max_depth': 19, 'classifier__max_features': 'log2', 'classifier__max_leaf_nodes': 3, 'classifier__min_impurity_decrease': np.float64(0.09600580430351148), 'classifier__min_samples_leaf': 5, 'classifier__min_samples_split': 6, 'classifier__n_estimators': 530, 'feature_selection_filter__k': 22}",22.040194988250732,"[1, 2, 3, 4, 5, 6, 7, 8, 9, 10, 11, 12, 14, 16, 17, 18, 19, 20, 21, 27, 28, 29]","['V1', 'V2', 'V3', 'V4', 'V5', 'V6', 'V7', 'V8', 'V9', 'V10', 'V11', 'V12', 'V14', 'V16', 'V17', 'V18', 'V19', 'V20', 'V21', 'V27', 'V28', 'Time_sin']"
CostSensitiveLearning_with_RandomUnderSampler___RandomizedSearchCV__niter_30__cv_5,4,7,ExtraTreesClassifier,resubstitution,346,22119,16,79,0.9957890070921985,0.9558011049723757,0.8141176470588235,0.8792884371029225,0.9992771628642422,0.0007228371357578256,0.9066974049615328,0.9019585204379709,0.880084589258604,0.8771595378465779,0.9700303219548493,0.8636471795868357,22560,0.8784196221563466,0.008340351095944585,0.8797644390434373,0.031677131168829836,"{'classifier__ccp_alpha': np.float64(0.008638846038271052), 'classifier__max_depth': 13, 'classifier__max_features': 'log2', 'classifier__max_leaf_nodes': 5, 'classifier__min_impurity_decrease': np.float64(0.04724387390374203), 'classifier__min_samples_leaf': 4, 'classifier__min_samples_split': 3, 'classifier__n_estimators': 927, 'feature_selection_filter__k': 24}",22.31377148628235,"[0, 1, 2, 3, 4, 5, 6, 7, 8, 9, 10, 11, 12, 14, 16, 17, 18, 19, 20, 21, 23, 27, 28, 29]","['Amount_log1p', 'V1', 'V2', 'V3', 'V4', 'V5', 'V6', 'V7', 'V8', 'V9', 'V10', 'V11', 'V12', 'V14', 'V16', 'V17', 'V18', 'V19', 'V20', 'V21', 'V23', 'V27', 'V28', 'Time_sin']"
CostSensitiveLearning_with_RandomUnderSampler___RandomizedSearchCV__niter_30__cv_5,4,8,ExtraTreesClassifier,resubstitution,352,22120,15,74,0.9960551393998492,0.9591280653950953,0.8262910798122066,0.8877679697351829,0.999322340185227,0.0006776598147729684,0.9128067099987168,0.908697493972616,0.8883221338884266,0.885771566115258,0.9746768389873918,0.8702688684470218,22561,0.889165984570105,0.0093438332436507,0.8874362372556114,0.02716790118246139,"{'classifier__ccp_alpha': np.float64(0.000599098979516014), 'classifier__max_depth': 3, 'classifier__max_features': 'sqrt', 'classifier__max_leaf_nodes': 15, 'classifier__min_impurity_decrease': np.float64(0.062211520577939675), 'classifier__min_samples_leaf': 9, 'classifier__min_samples_split': 4, 'classifier__n_estimators': 405, 'feature_selection_filter__k': 22}",19.595861196517944,"[1, 2, 3, 4, 5, 6, 7, 8, 9, 10, 11, 12, 14, 16, 17, 18, 19, 20, 21, 27, 28, 29]","['V1', 'V2', 'V3', 'V4', 'V5', 'V6', 'V7', 'V8', 'V9', 'V10', 'V11', 'V12', 'V14', 'V16', 'V17', 'V18', 'V19', 'V20', 'V21', 'V27', 'V28', 'Time_sin']"
CostSensitiveLearning_with_RandomUnderSampler___RandomizedSearchCV__niter_30__cv_5,4,9,ExtraTreesClassifier,resubstitution,346,22122,13,80,0.9958778422942246,0.9637883008356546,0.812206572769953,0.8815286624203822,0.9994126948271967,0.0005873051728032541,0.9058096337985748,0.900960354093553,0.8827823424792175,0.8794466402026554,0.9590087395845596,0.8446383785038375,22561,0.8806258874207826,0.009401727579859076,0.8805060250942068,0.023457525548802486,"{'classifier__ccp_alpha': np.float64(0.009401924104345833), 'classifier__max_depth': 14, 'classifier__max_features': 'log2', 'classifier__max_leaf_nodes': 14, 'classifier__min_impurity_decrease': np.float64(0.09870679046239986), 'classifier__min_samples_leaf': 3, 'classifier__min_samples_split': 4, 'classifier__n_estimators': 267, 'feature_selection_filter__k': 22}",19.60496497154236,"[1, 2, 3, 4, 5, 6, 7, 8, 9, 10, 11, 12, 14, 16, 17, 18, 19, 20, 21, 27, 28, 29]","['V1', 'V2', 'V3', 'V4', 'V5', 'V6', 'V7', 'V8', 'V9', 'V10', 'V11', 'V12', 'V14', 'V16', 'V17', 'V18', 'V19', 'V20', 'V21', 'V27', 'V28', 'Time_sin']"
CostSensitiveLearning_with_RandomUnderSampler___RandomizedSearchCV__niter_30__cv_5,4,10,ExtraTreesClassifier,resubstitution,347,22120,15,79,0.9958335180178184,0.9585635359116023,0.8145539906103286,0.8807106598984772,0.999322340185227,0.0006776598147729684,0.9069381653977778,0.9022205939258586,0.8816211297337729,0.8786046241125464,0.9720074531974621,0.8577862857826114,22561,0.8801461047515946,0.004242452657639302,0.8805959505846761,0.013310968631567673,"{'classifier__ccp_alpha': np.float64(0.009509264681218762), 'classifier__max_depth': 17, 'classifier__max_features': 'log2', 'classifier__max_leaf_nodes': 9, 'classifier__min_impurity_decrease': np.float64(0.09246889028551414), 'classifier__min_samples_leaf': 1, 'classifier__min_samples_split': 4, 'classifier__n_estimators': 956, 'feature_selection_filter__k': 22}",21.180405855178833,"[1, 2, 3, 4, 5, 6, 7, 8, 9, 10, 11, 12, 14, 16, 17, 18, 19, 20, 21, 27, 28, 29]","['V1', 'V2', 'V3', 'V4', 'V5', 'V6', 'V7', 'V8', 'V9', 'V10', 'V11', 'V12', 'V14', 'V16', 'V17', 'V18', 'V19', 'V20', 'V21', 'V27', 'V28', 'Time_sin']"
CostSensitiveLearning_with_RandomUnderSampler___RandomizedSearchCV__niter_30__cv_5,5,1,ExtraTreesClassifier,resubstitution,355,22121,13,71,0.9962765957446809,0.9646739130434783,0.8333333333333334,0.8942065491183879,0.9994126682931237,0.000587331706876304,0.9163730008132285,0.9126028107803907,0.8947983555580504,0.8923217909275382,0.9737276706835998,0.8699191555472163,22560,0.8927788166920573,0.00631147888544855,0.8938093908477167,0.018354042862361603,"{'classifier__ccp_alpha': np.float64(0.0053149704638717245), 'classifier__max_depth': 11, 'classifier__max_features': 'log2', 'classifier__max_leaf_nodes': 8, 'classifier__min_impurity_decrease': np.float64(0.0908130781134659), 'classifier__min_samples_leaf': 7, 'classifier__min_samples_split': 7, 'classifier__n_estimators': 987, 'feature_selection_filter__k': 22}",20.201295614242554,"[1, 2, 3, 4, 5, 6, 7, 8, 9, 10, 11, 12, 14, 16, 17, 18, 19, 20, 21, 27, 28, 29]","['V1', 'V2', 'V3', 'V4', 'V5', 'V6', 'V7', 'V8', 'V9', 'V10', 'V11', 'V12', 'V14', 'V16', 'V17', 'V18', 'V19', 'V20', 'V21', 'V27', 'V28', 'Time_sin']"
CostSensitiveLearning_with_RandomUnderSampler___RandomizedSearchCV__niter_30__cv_5,5,2,ExtraTreesClassifier,resubstitution,347,22121,13,79,0.9959219858156029,0.9638888888888889,0.8145539906103286,0.8829516539440203,0.9994126682931237,0.000587331706876304,0.9069833294517262,0.9022613685760245,0.8841249178835691,0.8808913863868,0.9669284418295563,0.86321133555096,22560,0.880802685751255,0.009391502156016036,0.8808107465345556,0.025343917371025305,"{'classifier__ccp_alpha': np.float64(0.006017692858239942), 'classifier__max_depth': 18, 'classifier__max_features': 'log2', 'classifier__max_leaf_nodes': 8, 'classifier__min_impurity_decrease': np.float64(0.09940420777129803), 'classifier__min_samples_leaf': 5, 'classifier__min_samples_split': 5, 'classifier__n_estimators': 856, 'feature_selection_filter__k': 22}",17.71115279197693,"[1, 2, 3, 4, 5, 6, 7, 8, 9, 10, 11, 12, 14, 16, 17, 18, 19, 20, 21, 27, 28, 29]","['V1', 'V2', 'V3', 'V4', 'V5', 'V6', 'V7', 'V8', 'V9', 'V10', 'V11', 'V12', 'V14', 'V16', 'V17', 'V18', 'V19', 'V20', 'V21', 'V27', 'V28', 'Time_sin']"
CostSensitiveLearning_with_RandomUnderSampler___RandomizedSearchCV__niter_30__cv_5,5,3,ExtraTreesClassifier,resubstitution,342,22116,18,84,0.9954787234042554,0.95,0.8028169014084507,0.8702290076335878,0.9991867714827867,0.0008132285172133269,0.9010018364456187,0.8956361023373971,0.871130805766077,0.8679447979505825,0.9733164430394299,0.858245623753309,22560,0.8707079523118896,0.006588118998739816,0.8733905655648128,0.023016761494223967,"{'classifier__ccp_alpha': np.float64(0.007118861115641508), 'classifier__max_depth': 4, 'classifier__max_features': 'log2', 'classifier__max_leaf_nodes': 10, 'classifier__min_impurity_decrease': np.float64(0.06812059908827466), 'classifier__min_samples_leaf': 5, 'classifier__min_samples_split': 2, 'classifier__n_estimators': 228, 'feature_selection_filter__k': 24}",21.2498996257782,"[0, 1, 2, 3, 4, 5, 6, 7, 8, 9, 10, 11, 12, 14, 16, 17, 18, 19, 20, 21, 24, 27, 28, 29]","['Amount_log1p', 'V1', 'V2', 'V3', 'V4', 'V5', 'V6', 'V7', 'V8', 'V9', 'V10', 'V11', 'V12', 'V14', 'V16', 'V17', 'V18', 'V19', 'V20', 'V21', 'V24', 'V27', 'V28', 'Time_sin']"
CostSensitiveLearning_with_RandomUnderSampler___RandomizedSearchCV__niter_30__cv_5,5,4,ExtraTreesClassifier,resubstitution,348,22121,13,78,0.9959663120567376,0.96398891966759,0.8169014084507042,0.8843710292249047,0.9994126682931237,0.000587331706876304,0.908157038371914,0.9035605216874679,0.8854656770360604,0.8823326310982174,0.968355250626678,0.8559228979932528,22560,0.8846480328975653,0.004752608652895807,0.8853875957239369,0.015122103423791042,"{'classifier__ccp_alpha': np.float64(0.007096160330894152), 'classifier__max_depth': 3, 'classifier__max_features': 'log2', 'classifier__max_leaf_nodes': 3, 'classifier__min_impurity_decrease': np.float64(0.09006150186286543), 'classifier__min_samples_leaf': 1, 'classifier__min_samples_split': 5, 'classifier__n_estimators': 202, 'feature_selection_filter__k': 22}",19.558802127838135,"[1, 2, 3, 4, 5, 6, 7, 8, 9, 10, 11, 12, 14, 16, 17, 18, 19, 20, 21, 27, 28, 29]","['V1', 'V2', 'V3', 'V4', 'V5', 'V6', 'V7', 'V8', 'V9', 'V10', 'V11', 'V12', 'V14', 'V16', 'V17', 'V18', 'V19', 'V20', 'V21', 'V27', 'V28', 'Time_sin']"
CostSensitiveLearning_with_RandomUnderSampler___RandomizedSearchCV__niter_30__cv_5,5,5,ExtraTreesClassifier,resubstitution,349,22119,16,76,0.9959219858156029,0.9561643835616438,0.8211764705882353,0.8835443037974684,0.9992771628642422,0.0007228371357578256,0.9102268167262387,0.9058603058641457,0.8841262069061457,0.8814811430920818,0.9702654566231281,0.8617654068701975,22560,0.8830912451392008,0.006319655572818933,0.8842118299149708,0.024860616472130097,"{'classifier__ccp_alpha': np.float64(0.0041949994841604535), 'classifier__max_depth': 11, 'classifier__max_features': 'log2', 'classifier__max_leaf_nodes': 3, 'classifier__min_impurity_decrease': np.float64(0.09082998059195312), 'classifier__min_samples_leaf': 5, 'classifier__min_samples_split': 9, 'classifier__n_estimators': 639, 'feature_selection_filter__k': 22}",21.727245092391968,"[1, 2, 3, 4, 5, 6, 7, 8, 9, 10, 11, 12, 14, 16, 17, 18, 19, 20, 21, 27, 28, 29]","['V1', 'V2', 'V3', 'V4', 'V5', 'V6', 'V7', 'V8', 'V9', 'V10', 'V11', 'V12', 'V14', 'V16', 'V17', 'V18', 'V19', 'V20', 'V21', 'V27', 'V28', 'Time_sin']"
CostSensitiveLearning_with_RandomUnderSampler___RandomizedSearchCV__niter_30__cv_5,5,6,ExtraTreesClassifier,resubstitution,344,22121,14,81,0.9957890070921985,0.9608938547486033,0.8094117647058824,0.8786717752234994,0.9993675175062119,0.0006324824937881113,0.9043896411060471,0.8993885845030721,0.879886558891555,0.876545058864597,0.9670994299685088,0.8637176672937835,22560,0.879136857888725,0.0093593934251421,0.8780361250500166,0.03271576566833402,"{'classifier__ccp_alpha': np.float64(0.006857652999488277), 'classifier__max_depth': 6, 'classifier__max_features': 'sqrt', 'classifier__max_leaf_nodes': 11, 'classifier__min_impurity_decrease': np.float64(0.06899786215253394), 'classifier__min_samples_leaf': 9, 'classifier__min_samples_split': 7, 'classifier__n_estimators': 826, 'feature_selection_filter__k': 24}",22.88878631591797,"[0, 1, 2, 3, 4, 5, 6, 7, 8, 9, 10, 11, 12, 14, 16, 17, 18, 19, 20, 21, 24, 27, 28, 29]","['Amount_log1p', 'V1', 'V2', 'V3', 'V4', 'V5', 'V6', 'V7', 'V8', 'V9', 'V10', 'V11', 'V12', 'V14', 'V16', 'V17', 'V18', 'V19', 'V20', 'V21', 'V24', 'V27', 'V28', 'Time_sin']"
CostSensitiveLearning_with_RandomUnderSampler___RandomizedSearchCV__niter_30__cv_5,5,7,ExtraTreesClassifier,resubstitution,349,22120,15,76,0.9959663120567376,0.9587912087912088,0.8211764705882353,0.8846641318124208,0.999322340185227,0.0006776598147729684,0.9102494053867312,0.9058807826051287,0.885368638220009,0.8826238791019552,0.9748452676756267,0.8664808245904109,22560,0.8839973953941053,0.006721150441483926,0.884173914812667,0.015533303031690987,"{'classifier__ccp_alpha': np.float64(0.009049394086065417), 'classifier__max_depth': 12, 'classifier__max_features': 'sqrt', 'classifier__max_leaf_nodes': 16, 'classifier__min_impurity_decrease': np.float64(0.06481674008530043), 'classifier__min_samples_leaf': 9, 'classifier__min_samples_split': 7, 'classifier__n_estimators': 948, 'feature_selection_filter__k': 28}",22.399657249450684,"[0, 1, 2, 3, 4, 5, 6, 7, 8, 9, 10, 11, 12, 13, 14, 16, 17, 18, 19, 20, 21, 22, 23, 24, 27, 28, 29, 30]","['Amount_log1p', 'V1', 'V2', 'V3', 'V4', 'V5', 'V6', 'V7', 'V8', 'V9', 'V10', 'V11', 'V12', 'V13', 'V14', 'V16', 'V17', 'V18', 'V19', 'V20', 'V21', 'V22', 'V23', 'V24', 'V27', 'V28', 'Time_sin', 'Time_cos']"
CostSensitiveLearning_with_RandomUnderSampler___RandomizedSearchCV__niter_30__cv_5,5,8,ExtraTreesClassifier,resubstitution,349,22120,15,77,0.9959221665706307,0.9587912087912088,0.8192488262910798,0.8835443037974684,0.999322340185227,0.0006776598147729684,0.9092855832381534,0.9048169175491816,0.8843072238658807,0.8814820617890806,0.9694877040270385,0.8587101651165608,22561,0.8801366551287766,0.0070749916773172215,0.882274896007712,0.01746376713051672,"{'classifier__ccp_alpha': np.float64(6.375331637226256e-05), 'classifier__max_depth': 14, 'classifier__max_features': 'log2', 'classifier__max_leaf_nodes': 9, 'classifier__min_impurity_decrease': np.float64(0.09064381976473365), 'classifier__min_samples_leaf': 7, 'classifier__min_samples_split': 8, 'classifier__n_estimators': 533, 'feature_selection_filter__k': 22}",21.512309074401855,"[1, 2, 3, 4, 5, 6, 7, 8, 9, 10, 11, 12, 14, 16, 17, 18, 19, 20, 21, 27, 28, 29]","['V1', 'V2', 'V3', 'V4', 'V5', 'V6', 'V7', 'V8', 'V9', 'V10', 'V11', 'V12', 'V14', 'V16', 'V17', 'V18', 'V19', 'V20', 'V21', 'V27', 'V28', 'Time_sin']"
CostSensitiveLearning_with_RandomUnderSampler___RandomizedSearchCV__niter_30__cv_5,5,9,ExtraTreesClassifier,resubstitution,348,22117,18,78,0.995744869465006,0.9508196721311475,0.8169014084507042,0.8787878787878788,0.9991868082222725,0.0008131917777275399,0.9080441083364883,0.9034584168306464,0.8792523799726071,0.8766349518810149,0.9750165172951724,0.8684507987011351,22561,0.8798691069064624,0.006600820636427405,0.8838626820783105,0.02368745938123668,"{'classifier__ccp_alpha': np.float64(0.0074202231078332615), 'classifier__max_depth': 9, 'classifier__max_features': 'sqrt', 'classifier__max_leaf_nodes': 3, 'classifier__min_impurity_decrease': np.float64(0.05470821133655247), 'classifier__min_samples_leaf': 5, 'classifier__min_samples_split': 8, 'classifier__n_estimators': 328, 'feature_selection_filter__k': 22}",21.140325784683228,"[1, 2, 3, 4, 5, 6, 7, 8, 9, 10, 11, 12, 14, 16, 17, 18, 19, 20, 21, 27, 28, 29]","['V1', 'V2', 'V3', 'V4', 'V5', 'V6', 'V7', 'V8', 'V9', 'V10', 'V11', 'V12', 'V14', 'V16', 'V17', 'V18', 'V19', 'V20', 'V21', 'V27', 'V28', 'Time_sin']"
CostSensitiveLearning_with_RandomUnderSampler___RandomizedSearchCV__niter_30__cv_5,5,10,ExtraTreesClassifier,resubstitution,350,22122,13,76,0.9960551393998492,0.9641873278236914,0.8215962441314554,0.8871989860583016,0.9994126948271967,0.0005873051728032541,0.9105044694793261,0.9061532521639599,0.8881415993555861,0.8852044778925907,0.9691897033886172,0.8603175860992088,22561,0.8866383423934252,0.0064158794667406255,0.8848122322302832,0.021697588366143338,"{'classifier__ccp_alpha': np.float64(0.005251483903418127), 'classifier__max_depth': 13, 'classifier__max_features': 'sqrt', 'classifier__max_leaf_nodes': 18, 'classifier__min_impurity_decrease': np.float64(0.07756147873072287), 'classifier__min_samples_leaf': 1, 'classifier__min_samples_split': 3, 'classifier__n_estimators': 549, 'feature_selection_filter__k': 22}",21.809082984924316,"[1, 2, 3, 4, 5, 6, 7, 8, 9, 10, 11, 12, 14, 16, 17, 18, 19, 20, 21, 27, 28, 29]","['V1', 'V2', 'V3', 'V4', 'V5', 'V6', 'V7', 'V8', 'V9', 'V10', 'V11', 'V12', 'V14', 'V16', 'V17', 'V18', 'V19', 'V20', 'V21', 'V27', 'V28', 'Time_sin']"
CostSensitiveLearning_with_RandomUnderSampler___RandomizedSearchCV__niter_30__cv_5,6,1,ExtraTreesClassifier,resubstitution,346,22116,18,80,0.9956560283687943,0.9505494505494505,0.812206572769953,0.8759493670886076,0.9991867714827867,0.0008132285172133269,0.9056966721263698,0.9008585145421607,0.8765529251840182,0.8737525319387456,0.9726849925188916,0.8643467972029643,22560,0.8787863674291359,0.0050335035002339445,0.8800367336496864,0.016148294364352857,"{'classifier__ccp_alpha': np.float64(0.0021980192891355933), 'classifier__max_depth': 16, 'classifier__max_features': 'log2', 'classifier__max_leaf_nodes': 4, 'classifier__min_impurity_decrease': np.float64(0.04694723310840704), 'classifier__min_samples_leaf': 2, 'classifier__min_samples_split': 4, 'classifier__n_estimators': 355, 'feature_selection_filter__k': 'all'}",20.094851970672607,"[0, 1, 2, 3, 4, 5, 6, 7, 8, 9, 10, 11, 12, 13, 14, 15, 16, 17, 18, 19, 20, 21, 22, 23, 24, 25, 26, 27, 28, 29, 30]","['Amount_log1p', 'V1', 'V2', 'V3', 'V4', 'V5', 'V6', 'V7', 'V8', 'V9', 'V10', 'V11', 'V12', 'V13', 'V14', 'V15', 'V16', 'V17', 'V18', 'V19', 'V20', 'V21', 'V22', 'V23', 'V24', 'V25', 'V26', 'V27', 'V28', 'Time_sin', 'Time_cos']"
CostSensitiveLearning_with_RandomUnderSampler___RandomizedSearchCV__niter_30__cv_5,6,2,ExtraTreesClassifier,resubstitution,337,22120,14,89,0.9954343971631205,0.9601139601139601,0.7910798122065728,0.8674388674388674,0.9993674889310563,0.0006325110689436864,0.8952236505688145,0.8891453455250914,0.8693399003715454,0.8651380830302005,0.9690254641914315,0.8594075184240949,22560,0.8720347064079441,0.006235918485775784,0.872328450696938,0.03282540688497455,"{'classifier__ccp_alpha': np.float64(0.007468245032037765), 'classifier__max_depth': 18, 'classifier__max_features': 'log2', 'classifier__max_leaf_nodes': 14, 'classifier__min_impurity_decrease': np.float64(0.057724614248690825), 'classifier__min_samples_leaf': 2, 'classifier__min_samples_split': 4, 'classifier__n_estimators': 195, 'feature_selection_filter__k': 'all'}",19.75726580619812,"[0, 1, 2, 3, 4, 5, 6, 7, 8, 9, 10, 11, 12, 13, 14, 15, 16, 17, 18, 19, 20, 21, 22, 23, 24, 25, 26, 27, 28, 29, 30]","['Amount_log1p', 'V1', 'V2', 'V3', 'V4', 'V5', 'V6', 'V7', 'V8', 'V9', 'V10', 'V11', 'V12', 'V13', 'V14', 'V15', 'V16', 'V17', 'V18', 'V19', 'V20', 'V21', 'V22', 'V23', 'V24', 'V25', 'V26', 'V27', 'V28', 'Time_sin', 'Time_cos']"
CostSensitiveLearning_with_RandomUnderSampler___RandomizedSearchCV__niter_30__cv_5,6,3,ExtraTreesClassifier,resubstitution,351,22121,13,75,0.9960992907801418,0.9642857142857143,0.823943661971831,0.8886075949367088,0.9994126682931237,0.000587331706876304,0.9116781651324773,0.9074468214360967,0.8894766082006689,0.8866349266388736,0.9704618709516217,0.8652814632267433,22560,0.8846182291212281,0.0025434800942134464,0.886076284197558,0.010493233123825016,"{'classifier__ccp_alpha': np.float64(0.0030237855945508176), 'classifier__max_depth': 11, 'classifier__max_features': 'log2', 'classifier__max_leaf_nodes': 17, 'classifier__min_impurity_decrease': np.float64(0.09750001955783677), 'classifier__min_samples_leaf': 7, 'classifier__min_samples_split': 7, 'classifier__n_estimators': 946, 'feature_selection_filter__k': 24}",21.89915370941162,"[0, 1, 2, 3, 4, 5, 6, 7, 8, 9, 10, 11, 12, 14, 16, 17, 18, 19, 20, 21, 23, 27, 28, 29]","['Amount_log1p', 'V1', 'V2', 'V3', 'V4', 'V5', 'V6', 'V7', 'V8', 'V9', 'V10', 'V11', 'V12', 'V14', 'V16', 'V17', 'V18', 'V19', 'V20', 'V21', 'V23', 'V27', 'V28', 'Time_sin']"
CostSensitiveLearning_with_RandomUnderSampler___RandomizedSearchCV__niter_30__cv_5,6,4,ExtraTreesClassifier,resubstitution,354,22123,11,72,0.9963209219858156,0.9698630136986301,0.8309859154929577,0.8950695322376738,0.9995030270172586,0.0004969729827414282,0.9152444712551082,0.9113577442167917,0.8959723345054749,0.8932085014354983,0.9729321002973355,0.8775597994371328,22560,0.8932543454805302,0.004045341514670457,0.8949437089543038,0.013794136732602656,"{'classifier__ccp_alpha': np.float64(0.00290284109271307), 'classifier__max_depth': 13, 'classifier__max_features': 'sqrt', 'classifier__max_leaf_nodes': 11, 'classifier__min_impurity_decrease': np.float64(0.07901760787631458), 'classifier__min_samples_leaf': 4, 'classifier__min_samples_split': 8, 'classifier__n_estimators': 182, 'feature_selection_filter__k': 28}",20.513323068618774,"[0, 1, 2, 3, 4, 5, 6, 7, 8, 9, 10, 11, 12, 14, 16, 17, 18, 19, 20, 21, 22, 23, 24, 26, 27, 28, 29, 30]","['Amount_log1p', 'V1', 'V2', 'V3', 'V4', 'V5', 'V6', 'V7', 'V8', 'V9', 'V10', 'V11', 'V12', 'V14', 'V16', 'V17', 'V18', 'V19', 'V20', 'V21', 'V22', 'V23', 'V24', 'V26', 'V27', 'V28', 'Time_sin', 'Time_cos']"
CostSensitiveLearning_with_RandomUnderSampler___RandomizedSearchCV__niter_30__cv_5,6,5,ExtraTreesClassifier,resubstitution,350,22120,15,75,0.9960106382978723,0.958904109589041,0.8235294117647058,0.8860759493670886,0.999322340185227,0.0006776598147729684,0.9114258759749665,0.9071776777324657,0.88671043509945,0.8840576399813843,0.9732115494492353,0.8740516338964829,22560,0.8888963899246869,0.004628765290131513,0.8884039272963324,0.016129678117693683,"{'classifier__ccp_alpha': np.float64(0.00398216875470577), 'classifier__max_depth': 16, 'classifier__max_features': 'log2', 'classifier__max_leaf_nodes': 18, 'classifier__min_impurity_decrease': np.float64(0.06300607898341495), 'classifier__min_samples_leaf': 4, 'classifier__min_samples_split': 6, 'classifier__n_estimators': 420, 'feature_selection_filter__k': 22}",18.267594814300537,"[1, 2, 3, 4, 5, 6, 7, 8, 9, 10, 11, 12, 14, 16, 17, 18, 19, 20, 21, 27, 28, 29]","['V1', 'V2', 'V3', 'V4', 'V5', 'V6', 'V7', 'V8', 'V9', 'V10', 'V11', 'V12', 'V14', 'V16', 'V17', 'V18', 'V19', 'V20', 'V21', 'V27', 'V28', 'Time_sin']"
CostSensitiveLearning_with_RandomUnderSampler___RandomizedSearchCV__niter_30__cv_5,6,6,ExtraTreesClassifier,resubstitution,348,22116,19,77,0.9957446808510638,0.9482288828337875,0.8188235294117647,0.8787878787878788,0.9991416309012876,0.0008583690987123971,0.9089825801565261,0.9045002358191064,0.879079182403274,0.8766340255542828,0.9711666644520922,0.8597487433793759,22560,0.8821338538360802,0.0039154931879121875,0.8821768317708838,0.012940012200562845,"{'classifier__ccp_alpha': np.float64(0.003428548047855382), 'classifier__max_depth': 8, 'classifier__max_features': 'log2', 'classifier__max_leaf_nodes': 11, 'classifier__min_impurity_decrease': np.float64(0.06517086339538775), 'classifier__min_samples_leaf': 2, 'classifier__min_samples_split': 4, 'classifier__n_estimators': 912, 'feature_selection_filter__k': 22}",24.454312086105347,"[1, 2, 3, 4, 5, 6, 7, 8, 9, 10, 11, 12, 14, 16, 17, 18, 19, 20, 21, 27, 28, 29]","['V1', 'V2', 'V3', 'V4', 'V5', 'V6', 'V7', 'V8', 'V9', 'V10', 'V11', 'V12', 'V14', 'V16', 'V17', 'V18', 'V19', 'V20', 'V21', 'V27', 'V28', 'Time_sin']"
CostSensitiveLearning_with_RandomUnderSampler___RandomizedSearchCV__niter_30__cv_5,6,7,ExtraTreesClassifier,resubstitution,346,22122,13,79,0.9959219858156029,0.9637883008356546,0.8141176470588235,0.8826530612244898,0.9994126948271967,0.0005873051728032541,0.9067651709430101,0.9020196846817897,0.8838417058066075,0.8805929619851466,0.9691468130057534,0.8554798475179445,22560,0.8816229327881911,0.004937434594700543,0.882014170033839,0.02007330946553053,"{'classifier__ccp_alpha': np.float64(0.004774256262081964), 'classifier__max_depth': 12, 'classifier__max_features': 'log2', 'classifier__max_leaf_nodes': 12, 'classifier__min_impurity_decrease': np.float64(0.08678563904757007), 'classifier__min_samples_leaf': 3, 'classifier__min_samples_split': 5, 'classifier__n_estimators': 537, 'feature_selection_filter__k': 22}",20.137823343276978,"[1, 2, 3, 4, 5, 6, 7, 8, 9, 10, 11, 12, 14, 16, 17, 18, 19, 20, 21, 27, 28, 29]","['V1', 'V2', 'V3', 'V4', 'V5', 'V6', 'V7', 'V8', 'V9', 'V10', 'V11', 'V12', 'V14', 'V16', 'V17', 'V18', 'V19', 'V20', 'V21', 'V27', 'V28', 'Time_sin']"
CostSensitiveLearning_with_RandomUnderSampler___RandomizedSearchCV__niter_30__cv_5,6,8,ExtraTreesClassifier,resubstitution,342,22123,12,84,0.995744869465006,0.9661016949152542,0.8028169014084507,0.8769230769230769,0.9994578721481816,0.000542127851818397,0.9011373867783161,0.8957575966779666,0.8786605380479724,0.8747768555592019,0.9709043205850569,0.8604605741788525,22561,0.8770793770383394,0.0027696029026538474,0.878293612466513,0.011345708121839302,"{'classifier__ccp_alpha': np.float64(0.003120897936952004), 'classifier__max_depth': 14, 'classifier__max_features': 'sqrt', 'classifier__max_leaf_nodes': 13, 'classifier__min_impurity_decrease': np.float64(0.08006581636464107), 'classifier__min_samples_leaf': 1, 'classifier__min_samples_split': 8, 'classifier__n_estimators': 481, 'feature_selection_filter__k': 20}",19.5088312625885,"[1, 2, 3, 4, 5, 6, 7, 8, 9, 10, 11, 12, 14, 16, 17, 18, 19, 20, 21, 27]","['V1', 'V2', 'V3', 'V4', 'V5', 'V6', 'V7', 'V8', 'V9', 'V10', 'V11', 'V12', 'V14', 'V16', 'V17', 'V18', 'V19', 'V20', 'V21', 'V27']"
CostSensitiveLearning_with_RandomUnderSampler___RandomizedSearchCV__niter_30__cv_5,6,9,ExtraTreesClassifier,resubstitution,348,22122,13,78,0.9959664908470369,0.96398891966759,0.8169014084507042,0.8843710292249047,0.9994126948271967,0.0005873051728032541,0.9081570516389506,0.9035605336820831,0.885465764383436,0.8823327230414373,0.9678160901255739,0.8582040461539763,22561,0.8848725255975067,0.0036563559471897776,0.8846348915772169,0.013761838653539832,"{'classifier__ccp_alpha': np.float64(0.006103281532093939), 'classifier__max_depth': 8, 'classifier__max_features': 'log2', 'classifier__max_leaf_nodes': 4, 'classifier__min_impurity_decrease': np.float64(0.08596182957290652), 'classifier__min_samples_leaf': 7, 'classifier__min_samples_split': 7, 'classifier__n_estimators': 312, 'feature_selection_filter__k': 22}",20.39374017715454,"[1, 2, 3, 4, 5, 6, 7, 8, 9, 10, 11, 12, 14, 16, 17, 18, 19, 20, 21, 27, 28, 29]","['V1', 'V2', 'V3', 'V4', 'V5', 'V6', 'V7', 'V8', 'V9', 'V10', 'V11', 'V12', 'V14', 'V16', 'V17', 'V18', 'V19', 'V20', 'V21', 'V27', 'V28', 'Time_sin']"
CostSensitiveLearning_with_RandomUnderSampler___RandomizedSearchCV__niter_30__cv_5,6,10,ExtraTreesClassifier,resubstitution,349,22113,22,77,0.9956118966357874,0.9407008086253369,0.8192488262910798,0.875784190715182,0.9990060989383329,0.0009939010616670796,0.9091274626147063,0.9046737389870779,0.8757246710136519,0.8735615149143576,0.9762169508277736,0.8739672170937598,22561,0.8786428374210867,0.006750204465026276,0.8804966359916321,0.008700139447390303,"{'classifier__ccp_alpha': np.float64(0.005163986277024461), 'classifier__max_depth': 9, 'classifier__max_features': 'log2', 'classifier__max_leaf_nodes': 13, 'classifier__min_impurity_decrease': np.float64(0.06852769816973125), 'classifier__min_samples_leaf': 9, 'classifier__min_samples_split': 6, 'classifier__n_estimators': 675, 'feature_selection_filter__k': 20}",21.73846173286438,"[1, 2, 3, 4, 5, 6, 7, 8, 9, 10, 11, 12, 14, 16, 17, 18, 19, 20, 21, 27]","['V1', 'V2', 'V3', 'V4', 'V5', 'V6', 'V7', 'V8', 'V9', 'V10', 'V11', 'V12', 'V14', 'V16', 'V17', 'V18', 'V19', 'V20', 'V21', 'V27']"
CostSensitiveLearning_with_RandomUnderSampler___RandomizedSearchCV__niter_30__cv_5,7,1,ExtraTreesClassifier,resubstitution,341,22118,16,85,0.9955230496453901,0.9551820728291317,0.8004694835680751,0.8710089399744572,0.9992771302069214,0.0007228697930785621,0.8998733068874982,0.8943661712956962,0.8722625459880333,0.8687489329111291,0.9712540475829889,0.8583648290681244,22560,0.877025493407882,0.007078773527328321,0.8770401850534076,0.027526125402266444,"{'classifier__ccp_alpha': np.float64(0.0023363109350406077), 'classifier__max_depth': 16, 'classifier__max_features': 'log2', 'classifier__max_leaf_nodes': 12, 'classifier__min_impurity_decrease': np.float64(0.06677539191768063), 'classifier__min_samples_leaf': 9, 'classifier__min_samples_split': 3, 'classifier__n_estimators': 362, 'feature_selection_filter__k': 28}",21.169169902801514,"[0, 1, 2, 3, 4, 5, 6, 7, 8, 9, 10, 11, 12, 13, 14, 16, 17, 18, 19, 20, 21, 22, 23, 24, 27, 28, 29, 30]","['Amount_log1p', 'V1', 'V2', 'V3', 'V4', 'V5', 'V6', 'V7', 'V8', 'V9', 'V10', 'V11', 'V12', 'V13', 'V14', 'V16', 'V17', 'V18', 'V19', 'V20', 'V21', 'V22', 'V23', 'V24', 'V27', 'V28', 'Time_sin', 'Time_cos']"
CostSensitiveLearning_with_RandomUnderSampler___RandomizedSearchCV__niter_30__cv_5,7,2,ExtraTreesClassifier,resubstitution,345,22115,19,81,0.9955673758865248,0.9478021978021978,0.8098591549295775,0.8734177215189873,0.9991415921207193,0.0008584078792807093,0.9045003735251484,0.8995354164511136,0.873968188580688,0.87117605299872,0.9698733726414994,0.8573097693138946,22560,0.8749862277047982,0.00561032570242391,0.8785632789493423,0.019163942405974726,"{'classifier__ccp_alpha': np.float64(0.0009574152417296978), 'classifier__max_depth': 7, 'classifier__max_features': 'log2', 'classifier__max_leaf_nodes': 13, 'classifier__min_impurity_decrease': np.float64(0.09150216689245186), 'classifier__min_samples_leaf': 4, 'classifier__min_samples_split': 8, 'classifier__n_estimators': 521, 'feature_selection_filter__k': 26}",21.970459938049316,"[0, 1, 2, 3, 4, 5, 6, 7, 8, 9, 10, 11, 12, 14, 16, 17, 18, 19, 20, 21, 23, 24, 25, 27, 28, 29]","['Amount_log1p', 'V1', 'V2', 'V3', 'V4', 'V5', 'V6', 'V7', 'V8', 'V9', 'V10', 'V11', 'V12', 'V14', 'V16', 'V17', 'V18', 'V19', 'V20', 'V21', 'V23', 'V24', 'V25', 'V27', 'V28', 'Time_sin']"
CostSensitiveLearning_with_RandomUnderSampler___RandomizedSearchCV__niter_30__cv_5,7,3,ExtraTreesClassifier,resubstitution,356,22122,12,70,0.9963652482269504,0.967391304347826,0.8356807511737089,0.8967254408060453,0.9994578476551911,0.0005421523448089216,0.91756929941445,0.9139079192648176,0.8973692379616613,0.8948855578102157,0.9695610411361274,0.8658096525719591,22560,0.8939083634065608,0.006695450111907944,0.8963922702760103,0.02561879874995138,"{'classifier__ccp_alpha': np.float64(0.001126333956140556), 'classifier__max_depth': 7, 'classifier__max_features': 'sqrt', 'classifier__max_leaf_nodes': 3, 'classifier__min_impurity_decrease': np.float64(0.0957413380154712), 'classifier__min_samples_leaf': 5, 'classifier__min_samples_split': 5, 'classifier__n_estimators': 428, 'feature_selection_filter__k': 22}",19.242194890975952,"[1, 2, 3, 4, 5, 6, 7, 8, 9, 10, 11, 12, 14, 16, 17, 18, 19, 20, 21, 27, 28, 29]","['V1', 'V2', 'V3', 'V4', 'V5', 'V6', 'V7', 'V8', 'V9', 'V10', 'V11', 'V12', 'V14', 'V16', 'V17', 'V18', 'V19', 'V20', 'V21', 'V27', 'V28', 'Time_sin']"
CostSensitiveLearning_with_RandomUnderSampler___RandomizedSearchCV__niter_30__cv_5,7,4,ExtraTreesClassifier,resubstitution,347,22119,15,79,0.9958333333333333,0.9585635359116023,0.8145539906103286,0.8807106598984772,0.9993223095689889,0.0006776904310110687,0.9069381500896587,0.9022205801051926,0.8816210391523762,0.8786045291116945,0.9732638928659455,0.8649186679455555,22560,0.8812735618828358,0.004059494743540398,0.8818314310158947,0.02115332737520088,"{'classifier__ccp_alpha': np.float64(0.008246503209769548), 'classifier__max_depth': 6, 'classifier__max_features': 'sqrt', 'classifier__max_leaf_nodes': 19, 'classifier__min_impurity_decrease': np.float64(0.053035961160016146), 'classifier__min_samples_leaf': 2, 'classifier__min_samples_split': 9, 'classifier__n_estimators': 988, 'feature_selection_filter__k': 24}",22.553820610046387,"[1, 2, 3, 4, 5, 6, 7, 8, 9, 10, 11, 12, 14, 16, 17, 18, 19, 20, 21, 23, 24, 27, 28, 29]","['V1', 'V2', 'V3', 'V4', 'V5', 'V6', 'V7', 'V8', 'V9', 'V10', 'V11', 'V12', 'V14', 'V16', 'V17', 'V18', 'V19', 'V20', 'V21', 'V23', 'V24', 'V27', 'V28', 'Time_sin']"
CostSensitiveLearning_with_RandomUnderSampler___RandomizedSearchCV__niter_30__cv_5,7,5,ExtraTreesClassifier,resubstitution,342,22125,10,83,0.995877659574468,0.9715909090909091,0.8047058823529412,0.8803088803088803,0.9995482267901513,0.00045177320984868263,0.9021270545715463,0.8968513465416029,0.8822698953407533,0.8782304270710485,0.9718266253869968,0.8706169025474879,22560,0.8747846250484175,0.0049989827219152835,0.8810871911225266,0.019598006596055303,"{'classifier__ccp_alpha': np.float64(0.00900591375826523), 'classifier__max_depth': 8, 'classifier__max_features': 'log2', 'classifier__max_leaf_nodes': 2, 'classifier__min_impurity_decrease': np.float64(0.07197529357902364), 'classifier__min_samples_leaf': 6, 'classifier__min_samples_split': 7, 'classifier__n_estimators': 274, 'feature_selection_filter__k': 20}",21.38681387901306,"[1, 2, 3, 4, 5, 6, 7, 8, 9, 10, 11, 12, 14, 16, 17, 18, 19, 20, 21, 27]","['V1', 'V2', 'V3', 'V4', 'V5', 'V6', 'V7', 'V8', 'V9', 'V10', 'V11', 'V12', 'V14', 'V16', 'V17', 'V18', 'V19', 'V20', 'V21', 'V27']"
CostSensitiveLearning_with_RandomUnderSampler___RandomizedSearchCV__niter_30__cv_5,7,6,ExtraTreesClassifier,resubstitution,347,22123,12,78,0.9960106382978723,0.9665738161559888,0.8164705882352942,0.8852040816326531,0.9994578721481816,0.000542127851818397,0.9079642301917379,0.9033426574612876,0.8864470876029442,0.8831887671593825,0.9754923132117088,0.8628295036713935,22560,0.8836321033462353,0.008300075128600138,0.885037938985039,0.02507426921527988,"{'classifier__ccp_alpha': np.float64(0.003358109425005499), 'classifier__max_depth': 4, 'classifier__max_features': 'sqrt', 'classifier__max_leaf_nodes': 17, 'classifier__min_impurity_decrease': np.float64(0.05845668738478182), 'classifier__min_samples_leaf': 5, 'classifier__min_samples_split': 5, 'classifier__n_estimators': 876, 'feature_selection_filter__k': 28}",22.037184715270996,"[0, 1, 2, 3, 4, 5, 6, 7, 8, 9, 10, 11, 12, 13, 14, 16, 17, 18, 19, 20, 21, 22, 23, 24, 26, 27, 28, 29]","['Amount_log1p', 'V1', 'V2', 'V3', 'V4', 'V5', 'V6', 'V7', 'V8', 'V9', 'V10', 'V11', 'V12', 'V13', 'V14', 'V16', 'V17', 'V18', 'V19', 'V20', 'V21', 'V22', 'V23', 'V24', 'V26', 'V27', 'V28', 'Time_sin']"
CostSensitiveLearning_with_RandomUnderSampler___RandomizedSearchCV__niter_30__cv_5,7,7,ExtraTreesClassifier,resubstitution,345,22119,16,80,0.9957446808510638,0.9556786703601108,0.8117647058823529,0.8778625954198473,0.9992771628642422,0.0007228371357578256,0.9055209343732975,0.9006541690390621,0.8787335259743714,0.8757118237781709,0.9701888146268222,0.8541359792142809,22560,0.8772721945370396,0.006116713653608844,0.8773604087488615,0.021776206759596982,"{'classifier__ccp_alpha': np.float64(0.006839867721365864), 'classifier__max_depth': 7, 'classifier__max_features': 'sqrt', 'classifier__max_leaf_nodes': 6, 'classifier__min_impurity_decrease': np.float64(0.061707139946129065), 'classifier__min_samples_leaf': 6, 'classifier__min_samples_split': 2, 'classifier__n_estimators': 318, 'feature_selection_filter__k': 22}",19.977177143096924,"[1, 2, 3, 4, 5, 6, 7, 8, 9, 10, 11, 12, 14, 16, 17, 18, 19, 20, 21, 27, 28, 29]","['V1', 'V2', 'V3', 'V4', 'V5', 'V6', 'V7', 'V8', 'V9', 'V10', 'V11', 'V12', 'V14', 'V16', 'V17', 'V18', 'V19', 'V20', 'V21', 'V27', 'V28', 'Time_sin']"
CostSensitiveLearning_with_RandomUnderSampler___RandomizedSearchCV__niter_30__cv_5,7,8,ExtraTreesClassifier,resubstitution,355,22120,15,71,0.9961881122290679,0.9594594594594594,0.8333333333333334,0.8919597989949749,0.999322340185227,0.0006776598147729684,0.9163278367592802,0.9125615687837301,0.8923201692910565,0.8900294026361031,0.9765158528916136,0.8796116427185965,22561,0.8886672827038244,0.008051905751578055,0.8910708014038533,0.034332206588652166,"{'classifier__ccp_alpha': np.float64(0.008023645031624454), 'classifier__max_depth': 3, 'classifier__max_features': 'sqrt', 'classifier__max_leaf_nodes': 18, 'classifier__min_impurity_decrease': np.float64(0.04971410927994031), 'classifier__min_samples_leaf': 7, 'classifier__min_samples_split': 5, 'classifier__n_estimators': 346, 'feature_selection_filter__k': 28}",18.17699098587036,"[0, 1, 2, 3, 4, 5, 6, 7, 8, 9, 10, 11, 12, 14, 16, 17, 18, 19, 20, 21, 22, 23, 24, 26, 27, 28, 29, 30]","['Amount_log1p', 'V1', 'V2', 'V3', 'V4', 'V5', 'V6', 'V7', 'V8', 'V9', 'V10', 'V11', 'V12', 'V14', 'V16', 'V17', 'V18', 'V19', 'V20', 'V21', 'V22', 'V23', 'V24', 'V26', 'V27', 'V28', 'Time_sin', 'Time_cos']"
CostSensitiveLearning_with_RandomUnderSampler___RandomizedSearchCV__niter_30__cv_5,7,9,ExtraTreesClassifier,resubstitution,348,22119,16,78,0.9958335180178184,0.9560439560439561,0.8169014084507042,0.8810126582278481,0.9992771628642422,0.0007228371357578256,0.9080892856574732,0.9034992649562164,0.8817224893044553,0.878905584871452,0.9707473665121517,0.8654439381524848,22561,0.8790834148422348,0.010160307075952398,0.8804104993157639,0.04010817595769249,"{'classifier__ccp_alpha': np.float64(0.001705657796570742), 'classifier__max_depth': 6, 'classifier__max_features': 'sqrt', 'classifier__max_leaf_nodes': 11, 'classifier__min_impurity_decrease': np.float64(0.07940578129239984), 'classifier__min_samples_leaf': 9, 'classifier__min_samples_split': 9, 'classifier__n_estimators': 740, 'feature_selection_filter__k': 24}",22.632183074951172,"[0, 1, 2, 3, 4, 5, 6, 7, 8, 9, 10, 11, 12, 14, 16, 17, 18, 19, 20, 21, 24, 27, 28, 29]","['Amount_log1p', 'V1', 'V2', 'V3', 'V4', 'V5', 'V6', 'V7', 'V8', 'V9', 'V10', 'V11', 'V12', 'V14', 'V16', 'V17', 'V18', 'V19', 'V20', 'V21', 'V24', 'V27', 'V28', 'Time_sin']"
CostSensitiveLearning_with_RandomUnderSampler___RandomizedSearchCV__niter_30__cv_5,7,10,ExtraTreesClassifier,resubstitution,348,22123,12,78,0.9960108151234431,0.9666666666666667,0.8169014084507042,0.8854961832061069,0.9994578721481816,0.000542127851818397,0.9081796402994429,0.9035809556675005,0.8867238264595468,0.883480794981082,0.9706279541566848,0.855182271316724,22561,0.8846245447097839,0.005211758024869187,0.8827440077050281,0.019383027037784297,"{'classifier__ccp_alpha': np.float64(0.006421081523582136), 'classifier__max_depth': 11, 'classifier__max_features': 'log2', 'classifier__max_leaf_nodes': 3, 'classifier__min_impurity_decrease': np.float64(0.09551458014099562), 'classifier__min_samples_leaf': 9, 'classifier__min_samples_split': 7, 'classifier__n_estimators': 769, 'feature_selection_filter__k': 22}",21.637369632720947,"[1, 2, 3, 4, 5, 6, 7, 8, 9, 10, 11, 12, 14, 16, 17, 18, 19, 20, 21, 27, 28, 29]","['V1', 'V2', 'V3', 'V4', 'V5', 'V6', 'V7', 'V8', 'V9', 'V10', 'V11', 'V12', 'V14', 'V16', 'V17', 'V18', 'V19', 'V20', 'V21', 'V27', 'V28', 'Time_sin']"
CostSensitiveLearning_with_RandomUnderSampler___RandomizedSearchCV__niter_30__cv_5,8,1,ExtraTreesClassifier,resubstitution,345,22121,13,81,0.9958333333333333,0.9636871508379888,0.8098591549295775,0.8801020408163265,0.9994126682931237,0.000587331706876304,0.9046359116113506,0.8996574342324879,0.881437675062836,0.877998097344705,0.972641563061693,0.8664081175980549,22560,0.8854120885419094,0.005544618131163521,0.8857494486192048,0.022595336627376186,"{'classifier__ccp_alpha': np.float64(0.009420629279142423), 'classifier__max_depth': 7, 'classifier__max_features': 'log2', 'classifier__max_leaf_nodes': 10, 'classifier__min_impurity_decrease': np.float64(0.05092759430598917), 'classifier__min_samples_leaf': 1, 'classifier__min_samples_split': 5, 'classifier__n_estimators': 223, 'feature_selection_filter__k': 'all'}",21.558763027191162,"[0, 1, 2, 3, 4, 5, 6, 7, 8, 9, 10, 11, 12, 13, 14, 15, 16, 17, 18, 19, 20, 21, 22, 23, 24, 25, 26, 27, 28, 29, 30]","['Amount_log1p', 'V1', 'V2', 'V3', 'V4', 'V5', 'V6', 'V7', 'V8', 'V9', 'V10', 'V11', 'V12', 'V13', 'V14', 'V15', 'V16', 'V17', 'V18', 'V19', 'V20', 'V21', 'V22', 'V23', 'V24', 'V25', 'V26', 'V27', 'V28', 'Time_sin', 'Time_cos']"
CostSensitiveLearning_with_RandomUnderSampler___RandomizedSearchCV__niter_30__cv_5,8,2,ExtraTreesClassifier,resubstitution,352,22119,15,74,0.9960549645390071,0.9591280653950953,0.8262910798122066,0.8877679697351829,0.9993223095689889,0.0006776904310110687,0.9128066946905977,0.9086974800527335,0.8883220476013626,0.885771476047988,0.9742353021778151,0.8767563059389422,22560,0.8874708451602199,0.0056295238002337464,0.8930017406843029,0.0182252292162941,"{'classifier__ccp_alpha': np.float64(0.0065746919523914675), 'classifier__max_depth': 9, 'classifier__max_features': 'log2', 'classifier__max_leaf_nodes': 3, 'classifier__min_impurity_decrease': np.float64(0.05213583825531548), 'classifier__min_samples_leaf': 1, 'classifier__min_samples_split': 6, 'classifier__n_estimators': 439, 'feature_selection_filter__k': 20}",21.667245149612427,"[1, 2, 3, 4, 5, 6, 7, 8, 9, 10, 11, 12, 14, 16, 17, 18, 19, 20, 21, 27]","['V1', 'V2', 'V3', 'V4', 'V5', 'V6', 'V7', 'V8', 'V9', 'V10', 'V11', 'V12', 'V14', 'V16', 'V17', 'V18', 'V19', 'V20', 'V21', 'V27']"
CostSensitiveLearning_with_RandomUnderSampler___RandomizedSearchCV__niter_30__cv_5,8,3,ExtraTreesClassifier,resubstitution,347,22117,17,79,0.9957446808510638,0.9532967032967034,0.8145539906103286,0.8784810126582279,0.999231950844854,0.0007680491551459445,0.9068929707275913,0.9021797897902721,0.8791376617873483,0.8763290108787711,0.9727554129330059,0.8570382435640365,22560,0.8809533024646983,0.005588696091143384,0.8812912969579049,0.01927649574835214,"{'classifier__ccp_alpha': np.float64(0.0007488150689202711), 'classifier__max_depth': 10, 'classifier__max_features': 'sqrt', 'classifier__max_leaf_nodes': 9, 'classifier__min_impurity_decrease': np.float64(0.07610828184902332), 'classifier__min_samples_leaf': 3, 'classifier__min_samples_split': 4, 'classifier__n_estimators': 383, 'feature_selection_filter__k': 22}",19.838023900985718,"[1, 2, 3, 4, 5, 6, 7, 8, 9, 10, 11, 12, 14, 16, 17, 18, 19, 20, 21, 27, 28, 29]","['V1', 'V2', 'V3', 'V4', 'V5', 'V6', 'V7', 'V8', 'V9', 'V10', 'V11', 'V12', 'V14', 'V16', 'V17', 'V18', 'V19', 'V20', 'V21', 'V27', 'V28', 'Time_sin']"
CostSensitiveLearning_with_RandomUnderSampler___RandomizedSearchCV__niter_30__cv_5,8,4,ExtraTreesClassifier,resubstitution,347,22118,16,79,0.9957890070921985,0.9559228650137741,0.8145539906103286,0.8795944233206591,0.9992771302069214,0.0007228697930785621,0.906915560408625,0.902200185178259,0.8803768054280323,0.8774653578924042,0.9693347201064282,0.864666465576636,22560,0.8804415175995087,0.00712388502292155,0.8807654013372247,0.025826293936395947,"{'classifier__ccp_alpha': np.float64(0.004856725026433569), 'classifier__max_depth': 11, 'classifier__max_features': 'sqrt', 'classifier__max_leaf_nodes': 8, 'classifier__min_impurity_decrease': np.float64(0.07761689080752275), 'classifier__min_samples_leaf': 9, 'classifier__min_samples_split': 2, 'classifier__n_estimators': 739, 'feature_selection_filter__k': 22}",21.35166096687317,"[1, 2, 3, 4, 5, 6, 7, 8, 9, 10, 11, 12, 14, 16, 17, 18, 19, 20, 21, 27, 28, 29]","['V1', 'V2', 'V3', 'V4', 'V5', 'V6', 'V7', 'V8', 'V9', 'V10', 'V11', 'V12', 'V14', 'V16', 'V17', 'V18', 'V19', 'V20', 'V21', 'V27', 'V28', 'Time_sin']"
CostSensitiveLearning_with_RandomUnderSampler___RandomizedSearchCV__niter_30__cv_5,8,5,ExtraTreesClassifier,resubstitution,349,22119,16,76,0.9959219858156029,0.9561643835616438,0.8211764705882353,0.8835443037974684,0.9992771628642422,0.0007228371357578256,0.9102268167262387,0.9058603058641457,0.8841262069061457,0.8814811430920818,0.9711739991230285,0.868237185647525,22560,0.8826679629704313,0.01275587182101455,0.8843782227668701,0.0363142163055407,"{'classifier__ccp_alpha': np.float64(0.0015090991594851788), 'classifier__max_depth': 19, 'classifier__max_features': 'log2', 'classifier__max_leaf_nodes': 7, 'classifier__min_impurity_decrease': np.float64(0.05313384329510443), 'classifier__min_samples_leaf': 2, 'classifier__min_samples_split': 4, 'classifier__n_estimators': 319, 'feature_selection_filter__k': 20}",21.590486526489258,"[1, 2, 3, 4, 5, 6, 7, 8, 9, 10, 11, 12, 14, 16, 17, 18, 19, 20, 21, 27]","['V1', 'V2', 'V3', 'V4', 'V5', 'V6', 'V7', 'V8', 'V9', 'V10', 'V11', 'V12', 'V14', 'V16', 'V17', 'V18', 'V19', 'V20', 'V21', 'V27']"
CostSensitiveLearning_with_RandomUnderSampler___RandomizedSearchCV__niter_30__cv_5,8,6,ExtraTreesClassifier,resubstitution,346,22120,15,79,0.9958333333333333,0.9584487534626038,0.8141176470588235,0.8804071246819338,0.999322340185227,0.0006776598147729684,0.9067199936220253,0.9019789089800904,0.8813317976594449,0.8783011607827924,0.970056737400178,0.8543642378462996,22560,0.8782116183819205,0.004155349311276524,0.8779193039695985,0.013890826068486751,"{'classifier__ccp_alpha': np.float64(0.00617102680218895), 'classifier__max_depth': 10, 'classifier__max_features': 'sqrt', 'classifier__max_leaf_nodes': 17, 'classifier__min_impurity_decrease': np.float64(0.09000378732983819), 'classifier__min_samples_leaf': 6, 'classifier__min_samples_split': 9, 'classifier__n_estimators': 548, 'feature_selection_filter__k': 22}",22.72583532333374,"[1, 2, 3, 4, 5, 6, 7, 8, 9, 10, 11, 12, 14, 16, 17, 18, 19, 20, 21, 27, 28, 29]","['V1', 'V2', 'V3', 'V4', 'V5', 'V6', 'V7', 'V8', 'V9', 'V10', 'V11', 'V12', 'V14', 'V16', 'V17', 'V18', 'V19', 'V20', 'V21', 'V27', 'V28', 'Time_sin']"
CostSensitiveLearning_with_RandomUnderSampler___RandomizedSearchCV__niter_30__cv_5,8,7,ExtraTreesClassifier,resubstitution,349,22120,15,76,0.9959663120567376,0.9587912087912088,0.8211764705882353,0.8846641318124208,0.999322340185227,0.0006776598147729684,0.9102494053867312,0.9058807826051287,0.885368638220009,0.8826238791019552,0.9695957692767643,0.8684658779266807,22560,0.8852147484613464,0.008266026289443541,0.8855668794061842,0.03131146388564446,"{'classifier__ccp_alpha': np.float64(0.002453185927198344), 'classifier__max_depth': 4, 'classifier__max_features': 'sqrt', 'classifier__max_leaf_nodes': 13, 'classifier__min_impurity_decrease': np.float64(0.0709657167778829), 'classifier__min_samples_leaf': 7, 'classifier__min_samples_split': 3, 'classifier__n_estimators': 988, 'feature_selection_filter__k': 22}",22.65213632583618,"[1, 2, 3, 4, 5, 6, 7, 8, 9, 10, 11, 12, 14, 16, 17, 18, 19, 20, 21, 27, 28, 29]","['V1', 'V2', 'V3', 'V4', 'V5', 'V6', 'V7', 'V8', 'V9', 'V10', 'V11', 'V12', 'V14', 'V16', 'V17', 'V18', 'V19', 'V20', 'V21', 'V27', 'V28', 'Time_sin']"
CostSensitiveLearning_with_RandomUnderSampler___RandomizedSearchCV__niter_30__cv_5,8,8,ExtraTreesClassifier,resubstitution,349,22119,16,77,0.9958778422942246,0.9561643835616438,0.8192488262910798,0.8824273072060683,0.9992771628642422,0.0007228371357578256,0.9092629945776609,0.9047964648560529,0.8830661666242616,0.8803421498917778,0.96828902032025,0.8604064068936222,22561,0.8826864893031507,0.006124952453408061,0.8842484858072666,0.01710427654424316,"{'classifier__ccp_alpha': np.float64(0.004017413396206272), 'classifier__max_depth': 17, 'classifier__max_features': 'log2', 'classifier__max_leaf_nodes': 12, 'classifier__min_impurity_decrease': np.float64(0.09045458911152021), 'classifier__min_samples_leaf': 7, 'classifier__min_samples_split': 4, 'classifier__n_estimators': 735, 'feature_selection_filter__k': 22}",20.836490631103516,"[1, 2, 3, 4, 5, 6, 7, 8, 9, 10, 11, 12, 14, 16, 17, 18, 19, 20, 21, 27, 28, 29]","['V1', 'V2', 'V3', 'V4', 'V5', 'V6', 'V7', 'V8', 'V9', 'V10', 'V11', 'V12', 'V14', 'V16', 'V17', 'V18', 'V19', 'V20', 'V21', 'V27', 'V28', 'Time_sin']"
CostSensitiveLearning_with_RandomUnderSampler___RandomizedSearchCV__niter_30__cv_5,8,9,ExtraTreesClassifier,resubstitution,345,22121,14,81,0.9957891937414122,0.9610027855153204,0.8098591549295775,0.8789808917197452,0.9993675175062119,0.0006324824937881113,0.9046133362178947,0.8996371119466173,0.8801799636971029,0.8768540948306696,0.9711775055119514,0.8669933807620548,22561,0.8793608175412755,0.007835423053292948,0.8819052020162745,0.027457002030422024,"{'classifier__ccp_alpha': np.float64(0.005547674402958374), 'classifier__max_depth': 9, 'classifier__max_features': 'log2', 'classifier__max_leaf_nodes': 19, 'classifier__min_impurity_decrease': np.float64(0.06277844794488324), 'classifier__min_samples_leaf': 2, 'classifier__min_samples_split': 2, 'classifier__n_estimators': 865, 'feature_selection_filter__k': 20}",19.847908973693848,"[1, 2, 3, 4, 5, 6, 7, 8, 9, 10, 11, 12, 14, 16, 17, 18, 19, 20, 21, 27]","['V1', 'V2', 'V3', 'V4', 'V5', 'V6', 'V7', 'V8', 'V9', 'V10', 'V11', 'V12', 'V14', 'V16', 'V17', 'V18', 'V19', 'V20', 'V21', 'V27']"
CostSensitiveLearning_with_RandomUnderSampler___RandomizedSearchCV__niter_30__cv_5,8,10,ExtraTreesClassifier,resubstitution,346,22121,14,80,0.9958335180178184,0.9611111111111111,0.812206572769953,0.8804071246819338,0.9993675175062119,0.0006324824937881113,0.9057870451380825,0.9009399904163076,0.8815261856975193,0.8783021636469078,0.9703374830717608,0.8592538195591216,22561,0.8789180811763704,0.00427858707634838,0.8790565043714471,0.019122317906506862,"{'classifier__ccp_alpha': np.float64(0.007906777074129108), 'classifier__max_depth': 5, 'classifier__max_features': 'log2', 'classifier__max_leaf_nodes': 3, 'classifier__min_impurity_decrease': np.float64(0.08208122848690307), 'classifier__min_samples_leaf': 1, 'classifier__min_samples_split': 5, 'classifier__n_estimators': 395, 'feature_selection_filter__k': 22}",19.22798252105713,"[1, 2, 3, 4, 5, 6, 7, 8, 9, 10, 11, 12, 14, 16, 17, 18, 19, 20, 21, 27, 28, 29]","['V1', 'V2', 'V3', 'V4', 'V5', 'V6', 'V7', 'V8', 'V9', 'V10', 'V11', 'V12', 'V14', 'V16', 'V17', 'V18', 'V19', 'V20', 'V21', 'V27', 'V28', 'Time_sin']"
CostSensitiveLearning_with_RandomUnderSampler___RandomizedSearchCV__niter_30__cv_5,9,1,ExtraTreesClassifier,resubstitution,343,22121,13,83,0.9957446808510638,0.9634831460674157,0.8051643192488263,0.8772378516624041,0.9994126682931237,0.000587331706876304,0.902288493770975,0.8970459412509963,0.8787427416267339,0.8750903186691804,0.9699259758424043,0.8698911969136385,22560,0.8794055949807287,0.007423418893019596,0.8811620176914818,0.033305083818845574,"{'classifier__ccp_alpha': np.float64(0.009460019681507833), 'classifier__max_depth': 18, 'classifier__max_features': 'sqrt', 'classifier__max_leaf_nodes': 11, 'classifier__min_impurity_decrease': np.float64(0.03646923222210831), 'classifier__min_samples_leaf': 6, 'classifier__min_samples_split': 2, 'classifier__n_estimators': 236, 'feature_selection_filter__k': 28}",19.07165217399597,"[0, 1, 2, 3, 4, 5, 6, 7, 8, 9, 10, 11, 12, 14, 16, 17, 18, 19, 20, 21, 22, 23, 24, 25, 27, 28, 29, 30]","['Amount_log1p', 'V1', 'V2', 'V3', 'V4', 'V5', 'V6', 'V7', 'V8', 'V9', 'V10', 'V11', 'V12', 'V14', 'V16', 'V17', 'V18', 'V19', 'V20', 'V21', 'V22', 'V23', 'V24', 'V25', 'V27', 'V28', 'Time_sin', 'Time_cos']"
CostSensitiveLearning_with_RandomUnderSampler___RandomizedSearchCV__niter_30__cv_5,9,2,ExtraTreesClassifier,resubstitution,350,22116,18,76,0.9958333333333333,0.9510869565217391,0.8215962441314554,0.8816120906801007,0.9991867714827867,0.0008132285172133269,0.910391507807121,0.9060508256362291,0.881943943539996,0.8795029565141498,0.9729602578574971,0.859531420044289,22560,0.8838199945455478,0.0064028932991438995,0.8841600093934014,0.02246006394657324,"{'classifier__ccp_alpha': np.float64(0.005315513738418384), 'classifier__max_depth': 18, 'classifier__max_features': 'sqrt', 'classifier__max_leaf_nodes': 18, 'classifier__min_impurity_decrease': np.float64(0.04920847767923423), 'classifier__min_samples_leaf': 4, 'classifier__min_samples_split': 6, 'classifier__n_estimators': 960, 'feature_selection_filter__k': 28}",21.60933256149292,"[0, 1, 2, 3, 4, 5, 6, 7, 8, 9, 10, 11, 12, 13, 14, 16, 17, 18, 19, 20, 21, 22, 23, 24, 27, 28, 29, 30]","['Amount_log1p', 'V1', 'V2', 'V3', 'V4', 'V5', 'V6', 'V7', 'V8', 'V9', 'V10', 'V11', 'V12', 'V13', 'V14', 'V16', 'V17', 'V18', 'V19', 'V20', 'V21', 'V22', 'V23', 'V24', 'V27', 'V28', 'Time_sin', 'Time_cos']"
CostSensitiveLearning_with_RandomUnderSampler___RandomizedSearchCV__niter_30__cv_5,9,3,ExtraTreesClassifier,resubstitution,349,22118,16,77,0.995877659574468,0.9561643835616438,0.8192488262910798,0.8824273072060683,0.9992771302069214,0.0007228697930785621,0.9092629782490006,0.9047964500712515,0.8830660765694894,0.8803420558253174,0.9686098352713794,0.8699553915332711,22560,0.8843380881160208,0.008659659913234391,0.8838307194149653,0.02774083642157946,"{'classifier__ccp_alpha': np.float64(0.002003528334609459), 'classifier__max_depth': 17, 'classifier__max_features': 'sqrt', 'classifier__max_leaf_nodes': 9, 'classifier__min_impurity_decrease': np.float64(0.07216649051712316), 'classifier__min_samples_leaf': 5, 'classifier__min_samples_split': 6, 'classifier__n_estimators': 292, 'feature_selection_filter__k': 22}",20.591173887252808,"[1, 2, 3, 4, 5, 6, 7, 8, 9, 10, 11, 12, 14, 16, 17, 18, 19, 20, 21, 27, 28, 29]","['V1', 'V2', 'V3', 'V4', 'V5', 'V6', 'V7', 'V8', 'V9', 'V10', 'V11', 'V12', 'V14', 'V16', 'V17', 'V18', 'V19', 'V20', 'V21', 'V27', 'V28', 'Time_sin']"
CostSensitiveLearning_with_RandomUnderSampler___RandomizedSearchCV__niter_30__cv_5,9,4,ExtraTreesClassifier,resubstitution,346,22116,18,80,0.9956560283687943,0.9505494505494505,0.812206572769953,0.8759493670886076,0.9991867714827867,0.0008132285172133269,0.9056966721263698,0.9008585145421607,0.8765529251840182,0.8737525319387456,0.973508561383057,0.8565520634609396,22560,0.8776861634649537,0.011077447729875747,0.8770476124301589,0.0409078438225389,"{'classifier__ccp_alpha': np.float64(0.004450536619542533), 'classifier__max_depth': 17, 'classifier__max_features': 'log2', 'classifier__max_leaf_nodes': 10, 'classifier__min_impurity_decrease': np.float64(0.09997310240721183), 'classifier__min_samples_leaf': 7, 'classifier__min_samples_split': 6, 'classifier__n_estimators': 573, 'feature_selection_filter__k': 26}",20.55564022064209,"[0, 1, 2, 3, 4, 5, 6, 7, 8, 9, 10, 11, 12, 14, 16, 17, 18, 19, 20, 21, 23, 24, 25, 27, 28, 29]","['Amount_log1p', 'V1', 'V2', 'V3', 'V4', 'V5', 'V6', 'V7', 'V8', 'V9', 'V10', 'V11', 'V12', 'V14', 'V16', 'V17', 'V18', 'V19', 'V20', 'V21', 'V23', 'V24', 'V25', 'V27', 'V28', 'Time_sin']"
CostSensitiveLearning_with_RandomUnderSampler___RandomizedSearchCV__niter_30__cv_5,9,5,ExtraTreesClassifier,resubstitution,348,22117,18,77,0.9957890070921985,0.9508196721311475,0.8188235294117647,0.8798988621997471,0.9991868082222725,0.0008131917777275399,0.9090051688170186,0.9045206845894886,0.88030807728679,0.8777679301648353,0.9715584315497149,0.8614842368766653,22560,0.882445127453404,0.006049871188024901,0.8824817284322826,0.02164680249427349,"{'classifier__ccp_alpha': np.float64(0.004858308331138187), 'classifier__max_depth': 8, 'classifier__max_features': 'log2', 'classifier__max_leaf_nodes': 13, 'classifier__min_impurity_decrease': np.float64(0.0967659534196108), 'classifier__min_samples_leaf': 3, 'classifier__min_samples_split': 7, 'classifier__n_estimators': 697, 'feature_selection_filter__k': 22}",18.902892112731934,"[1, 2, 3, 4, 5, 6, 7, 8, 9, 10, 11, 12, 14, 16, 17, 18, 19, 20, 21, 27, 28, 29]","['V1', 'V2', 'V3', 'V4', 'V5', 'V6', 'V7', 'V8', 'V9', 'V10', 'V11', 'V12', 'V14', 'V16', 'V17', 'V18', 'V19', 'V20', 'V21', 'V27', 'V28', 'Time_sin']"
CostSensitiveLearning_with_RandomUnderSampler___RandomizedSearchCV__niter_30__cv_5,9,6,ExtraTreesClassifier,resubstitution,347,22123,12,78,0.9960106382978723,0.9665738161559888,0.8164705882352942,0.8852040816326531,0.9994578721481816,0.000542127851818397,0.9079642301917379,0.9033426574612876,0.8864470876029442,0.8831887671593825,0.9703146201783176,0.8612487407311268,22560,0.88398057089873,0.0053570781572164486,0.882627183172471,0.025170808000237452,"{'classifier__ccp_alpha': np.float64(0.009479595333361764), 'classifier__max_depth': 16, 'classifier__max_features': 'log2', 'classifier__max_leaf_nodes': 13, 'classifier__min_impurity_decrease': np.float64(0.09642212237766606), 'classifier__min_samples_leaf': 9, 'classifier__min_samples_split': 5, 'classifier__n_estimators': 977, 'feature_selection_filter__k': 22}",19.792818307876587,"[1, 2, 3, 4, 5, 6, 7, 8, 9, 10, 11, 12, 14, 16, 17, 18, 19, 20, 21, 27, 28, 29]","['V1', 'V2', 'V3', 'V4', 'V5', 'V6', 'V7', 'V8', 'V9', 'V10', 'V11', 'V12', 'V14', 'V16', 'V17', 'V18', 'V19', 'V20', 'V21', 'V27', 'V28', 'Time_sin']"
CostSensitiveLearning_with_RandomUnderSampler___RandomizedSearchCV__niter_30__cv_5,9,7,ExtraTreesClassifier,resubstitution,347,22121,14,78,0.9959219858156029,0.961218836565097,0.8164705882352942,0.8829516539440203,0.9993675175062119,0.0006324824937881113,0.907919052870753,0.903301823800629,0.8839300693445185,0.8808904977874138,0.9720199843208122,0.8575853116318365,22560,0.8838878439196283,0.005514375971975785,0.8846568154664644,0.01899102870773135,"{'classifier__ccp_alpha': np.float64(0.002512849591625698), 'classifier__max_depth': 13, 'classifier__max_features': 'log2', 'classifier__max_leaf_nodes': 8, 'classifier__min_impurity_decrease': np.float64(0.09727841370940396), 'classifier__min_samples_leaf': 8, 'classifier__min_samples_split': 9, 'classifier__n_estimators': 435, 'feature_selection_filter__k': 28}",18.526618242263794,"[0, 1, 2, 3, 4, 5, 6, 7, 8, 9, 10, 11, 12, 13, 14, 16, 17, 18, 19, 20, 21, 22, 23, 24, 26, 27, 28, 29]","['Amount_log1p', 'V1', 'V2', 'V3', 'V4', 'V5', 'V6', 'V7', 'V8', 'V9', 'V10', 'V11', 'V12', 'V13', 'V14', 'V16', 'V17', 'V18', 'V19', 'V20', 'V21', 'V22', 'V23', 'V24', 'V26', 'V27', 'V28', 'Time_sin']"
CostSensitiveLearning_with_RandomUnderSampler___RandomizedSearchCV__niter_30__cv_5,9,8,ExtraTreesClassifier,resubstitution,350,22118,17,76,0.9958778422942246,0.9536784741144414,0.8215962441314554,0.8827238335435057,0.9992319855432573,0.0007680144567426828,0.9104141148373563,0.9060713251937492,0.8831734888015349,0.8806377039181909,0.9753453254729036,0.869033201294539,22561,0.8799539535727879,0.00575745474128537,0.8827291530705951,0.02054329711438943,"{'classifier__ccp_alpha': np.float64(0.0056914764350185654), 'classifier__max_depth': 8, 'classifier__max_features': 'log2', 'classifier__max_leaf_nodes': 5, 'classifier__min_impurity_decrease': np.float64(0.040130591875384564), 'classifier__min_samples_leaf': 2, 'classifier__min_samples_split': 2, 'classifier__n_estimators': 426, 'feature_selection_filter__k': 22}",21.969396114349365,"[1, 2, 3, 4, 5, 6, 7, 8, 9, 10, 11, 12, 14, 16, 17, 18, 19, 20, 21, 27, 28, 29]","['V1', 'V2', 'V3', 'V4', 'V5', 'V6', 'V7', 'V8', 'V9', 'V10', 'V11', 'V12', 'V14', 'V16', 'V17', 'V18', 'V19', 'V20', 'V21', 'V27', 'V28', 'Time_sin']"
CostSensitiveLearning_with_RandomUnderSampler___RandomizedSearchCV__niter_30__cv_5,9,9,ExtraTreesClassifier,resubstitution,350,22122,13,76,0.9960551393998492,0.9641873278236914,0.8215962441314554,0.8871989860583016,0.9994126948271967,0.0005873051728032541,0.9105044694793261,0.9061532521639599,0.8881415993555861,0.8852044778925907,0.975050400285911,0.8705224118189903,22561,0.8839879948850623,0.011538267024353843,0.8849263556127808,0.04288044270351012,"{'classifier__ccp_alpha': np.float64(0.008049990964749721), 'classifier__max_depth': 10, 'classifier__max_features': 'log2', 'classifier__max_leaf_nodes': 19, 'classifier__min_impurity_decrease': np.float64(0.09564330042178831), 'classifier__min_samples_leaf': 8, 'classifier__min_samples_split': 5, 'classifier__n_estimators': 224, 'feature_selection_filter__k': 24}",20.554441690444946,"[0, 1, 2, 3, 4, 5, 6, 7, 8, 9, 10, 11, 12, 14, 16, 17, 18, 19, 20, 21, 23, 27, 28, 29]","['Amount_log1p', 'V1', 'V2', 'V3', 'V4', 'V5', 'V6', 'V7', 'V8', 'V9', 'V10', 'V11', 'V12', 'V14', 'V16', 'V17', 'V18', 'V19', 'V20', 'V21', 'V23', 'V27', 'V28', 'Time_sin']"
CostSensitiveLearning_with_RandomUnderSampler___RandomizedSearchCV__niter_30__cv_5,9,10,ExtraTreesClassifier,resubstitution,347,22112,23,79,0.9954789238065689,0.9378378378378378,0.8145539906103286,0.871859296482412,0.9989609216173481,0.0010390783826519367,0.9067574561138383,0.9020574289739998,0.8718078640265441,0.869569756614913,0.973968318608284,0.8641393210059886,22561,0.876354289326839,0.005051875249686427,0.878952836745387,0.02577753249165732,"{'classifier__ccp_alpha': np.float64(0.0003685708444379199), 'classifier__max_depth': 19, 'classifier__max_features': 'sqrt', 'classifier__max_leaf_nodes': 15, 'classifier__min_impurity_decrease': np.float64(0.03382380900758143), 'classifier__min_samples_leaf': 3, 'classifier__min_samples_split': 6, 'classifier__n_estimators': 432, 'feature_selection_filter__k': 28}",22.244343519210815,"[0, 1, 2, 3, 4, 5, 6, 7, 8, 9, 10, 11, 12, 13, 14, 16, 17, 18, 19, 20, 21, 22, 23, 24, 27, 28, 29, 30]","['Amount_log1p', 'V1', 'V2', 'V3', 'V4', 'V5', 'V6', 'V7', 'V8', 'V9', 'V10', 'V11', 'V12', 'V13', 'V14', 'V16', 'V17', 'V18', 'V19', 'V20', 'V21', 'V22', 'V23', 'V24', 'V27', 'V28', 'Time_sin', 'Time_cos']"
CostSensitiveLearning_with_RandomUnderSampler___RandomizedSearchCV__niter_30__cv_5,10,1,ExtraTreesClassifier,resubstitution,350,22119,15,76,0.9959663120567376,0.958904109589041,0.8215962441314554,0.8849557522123894,0.9993223095689889,0.0006776904310110687,0.9104592768502222,0.9061122757245114,0.8856473281566866,0.8829153449473537,0.9751314125529056,0.8633498778546161,22560,0.8880298751888347,0.005304242489702202,0.8868910185922608,0.01737106386050586,"{'classifier__ccp_alpha': np.float64(0.0032051779529353743), 'classifier__max_depth': 19, 'classifier__max_features': 'log2', 'classifier__max_leaf_nodes': 7, 'classifier__min_impurity_decrease': np.float64(0.09226946324641379), 'classifier__min_samples_leaf': 1, 'classifier__min_samples_split': 2, 'classifier__n_estimators': 556, 'feature_selection_filter__k': 22}",20.88392663002014,"[1, 2, 3, 4, 5, 6, 7, 8, 9, 10, 11, 12, 14, 16, 17, 18, 19, 20, 21, 27, 28, 29]","['V1', 'V2', 'V3', 'V4', 'V5', 'V6', 'V7', 'V8', 'V9', 'V10', 'V11', 'V12', 'V14', 'V16', 'V17', 'V18', 'V19', 'V20', 'V21', 'V27', 'V28', 'Time_sin']"
CostSensitiveLearning_with_RandomUnderSampler___RandomizedSearchCV__niter_30__cv_5,10,2,ExtraTreesClassifier,resubstitution,345,22120,14,81,0.9957890070921985,0.9610027855153204,0.8098591549295775,0.8789808917197452,0.9993674889310563,0.0006325110689436864,0.904613321930317,0.8996370990848472,0.880179872614675,0.8768539989009254,0.9701430170735567,0.8592076241681081,22560,0.8786009324884491,0.006409749330803375,0.8775006173732323,0.021965689457245387,"{'classifier__ccp_alpha': np.float64(0.0001347535403490663), 'classifier__max_depth': 16, 'classifier__max_features': 'log2', 'classifier__max_leaf_nodes': 3, 'classifier__min_impurity_decrease': np.float64(0.08134351003191026), 'classifier__min_samples_leaf': 9, 'classifier__min_samples_split': 3, 'classifier__n_estimators': 972, 'feature_selection_filter__k': 22}",20.686222076416016,"[1, 2, 3, 4, 5, 6, 7, 8, 9, 10, 11, 12, 14, 16, 17, 18, 19, 20, 21, 27, 28, 29]","['V1', 'V2', 'V3', 'V4', 'V5', 'V6', 'V7', 'V8', 'V9', 'V10', 'V11', 'V12', 'V14', 'V16', 'V17', 'V18', 'V19', 'V20', 'V21', 'V27', 'V28', 'Time_sin']"
CostSensitiveLearning_with_RandomUnderSampler___RandomizedSearchCV__niter_30__cv_5,10,3,ExtraTreesClassifier,resubstitution,348,22123,11,78,0.9960549645390071,0.9693593314763231,0.8169014084507042,0.8866242038216561,0.9995030270172586,0.0004969729827414282,0.9082022177339815,0.9036013670425366,0.8879870150889428,0.8846316410756038,0.9710592778683487,0.8676687415254922,22560,0.8854095765218777,0.0030030660551075526,0.8864387867472192,0.01396995124032188,"{'classifier__ccp_alpha': np.float64(0.001313138029068567), 'classifier__max_depth': 11, 'classifier__max_features': 'sqrt', 'classifier__max_leaf_nodes': 11, 'classifier__min_impurity_decrease': np.float64(0.08368840332210015), 'classifier__min_samples_leaf': 9, 'classifier__min_samples_split': 2, 'classifier__n_estimators': 993, 'feature_selection_filter__k': 22}",19.68863534927368,"[1, 2, 3, 4, 5, 6, 7, 8, 9, 10, 11, 12, 14, 16, 17, 18, 19, 20, 21, 27, 28, 29]","['V1', 'V2', 'V3', 'V4', 'V5', 'V6', 'V7', 'V8', 'V9', 'V10', 'V11', 'V12', 'V14', 'V16', 'V17', 'V18', 'V19', 'V20', 'V21', 'V27', 'V28', 'Time_sin']"
CostSensitiveLearning_with_RandomUnderSampler___RandomizedSearchCV__niter_30__cv_5,10,4,ExtraTreesClassifier,resubstitution,348,22118,16,78,0.9958333333333333,0.9560439560439561,0.8169014084507042,0.8810126582278481,0.9992771302069214,0.0007228697930785621,0.9080892693288128,0.9034992501926119,0.8817223983906785,0.8789054898187968,0.9719292457252476,0.860169522183607,22560,0.8832243434326559,0.0038788098176303376,0.8827667367452813,0.021864211102825076,"{'classifier__ccp_alpha': np.float64(0.000253644457473734), 'classifier__max_depth': 3, 'classifier__max_features': 'log2', 'classifier__max_leaf_nodes': 3, 'classifier__min_impurity_decrease': np.float64(0.09738353480019946), 'classifier__min_samples_leaf': 6, 'classifier__min_samples_split': 9, 'classifier__n_estimators': 517, 'feature_selection_filter__k': 22}",19.391889333724976,"[1, 2, 3, 4, 5, 6, 7, 8, 9, 10, 11, 12, 14, 16, 17, 18, 19, 20, 21, 27, 28, 29]","['V1', 'V2', 'V3', 'V4', 'V5', 'V6', 'V7', 'V8', 'V9', 'V10', 'V11', 'V12', 'V14', 'V16', 'V17', 'V18', 'V19', 'V20', 'V21', 'V27', 'V28', 'Time_sin']"
CostSensitiveLearning_with_RandomUnderSampler___RandomizedSearchCV__niter_30__cv_5,10,5,ExtraTreesClassifier,resubstitution,349,22120,15,76,0.9959663120567376,0.9587912087912088,0.8211764705882353,0.8846641318124208,0.999322340185227,0.0006776598147729684,0.9102494053867312,0.9058807826051287,0.885368638220009,0.8826238791019552,0.970764479995748,0.8655099938520678,22560,0.8842276278017351,0.0035917403339564362,0.8815731443254705,0.01805798296435626,"{'classifier__ccp_alpha': np.float64(0.0021711120351673406), 'classifier__max_depth': 6, 'classifier__max_features': 'sqrt', 'classifier__max_leaf_nodes': 8, 'classifier__min_impurity_decrease': np.float64(0.08800206157226573), 'classifier__min_samples_leaf': 7, 'classifier__min_samples_split': 3, 'classifier__n_estimators': 886, 'feature_selection_filter__k': 24}",18.988268613815308,"[1, 2, 3, 4, 5, 6, 7, 8, 9, 10, 11, 12, 14, 16, 17, 18, 19, 20, 21, 23, 24, 27, 28, 29]","['V1', 'V2', 'V3', 'V4', 'V5', 'V6', 'V7', 'V8', 'V9', 'V10', 'V11', 'V12', 'V14', 'V16', 'V17', 'V18', 'V19', 'V20', 'V21', 'V23', 'V24', 'V27', 'V28', 'Time_sin']"
CostSensitiveLearning_with_RandomUnderSampler___RandomizedSearchCV__niter_30__cv_5,10,6,ExtraTreesClassifier,resubstitution,347,22119,16,78,0.9958333333333333,0.9559228650137741,0.8164705882352942,0.8807106598984772,0.9992771628642422,0.0007228371357578256,0.9078738755497682,0.9032609882940056,0.8814337180093811,0.8786036534997106,0.9690457752561155,0.8582221756483824,22560,0.8815234754175968,0.005542441740196362,0.8802982343522199,0.020463578314231005,"{'classifier__ccp_alpha': np.float64(0.00022212173328114315), 'classifier__max_depth': 13, 'classifier__max_features': 'sqrt', 'classifier__max_leaf_nodes': 7, 'classifier__min_impurity_decrease': np.float64(0.09426916700133531), 'classifier__min_samples_leaf': 5, 'classifier__min_samples_split': 5, 'classifier__n_estimators': 976, 'feature_selection_filter__k': 24}",19.145241498947144,"[0, 1, 2, 3, 4, 5, 6, 7, 8, 9, 10, 11, 12, 14, 16, 17, 18, 19, 20, 21, 24, 27, 28, 29]","['Amount_log1p', 'V1', 'V2', 'V3', 'V4', 'V5', 'V6', 'V7', 'V8', 'V9', 'V10', 'V11', 'V12', 'V14', 'V16', 'V17', 'V18', 'V19', 'V20', 'V21', 'V24', 'V27', 'V28', 'Time_sin']"
CostSensitiveLearning_with_RandomUnderSampler___RandomizedSearchCV__niter_30__cv_5,10,7,ExtraTreesClassifier,resubstitution,350,22118,17,75,0.9959219858156029,0.9536784741144414,0.8235294117647058,0.8838383838383839,0.9992319855432573,0.0007680144567426828,0.9113806986539816,0.9071366651563135,0.8842337688094786,0.881774274489521,0.9716510716326286,0.8666327747629142,22560,0.884034288459383,0.002578486906016668,0.8859251635440394,0.014472272203335463,"{'classifier__ccp_alpha': np.float64(0.005123355252745222), 'classifier__max_depth': 14, 'classifier__max_features': 'sqrt', 'classifier__max_leaf_nodes': 4, 'classifier__min_impurity_decrease': np.float64(0.06720304328723724), 'classifier__min_samples_leaf': 9, 'classifier__min_samples_split': 7, 'classifier__n_estimators': 743, 'feature_selection_filter__k': 24}",22.557109355926514,"[0, 1, 2, 3, 4, 5, 6, 7, 8, 9, 10, 11, 12, 14, 16, 17, 18, 19, 20, 21, 23, 27, 28, 29]","['Amount_log1p', 'V1', 'V2', 'V3', 'V4', 'V5', 'V6', 'V7', 'V8', 'V9', 'V10', 'V11', 'V12', 'V14', 'V16', 'V17', 'V18', 'V19', 'V20', 'V21', 'V23', 'V27', 'V28', 'Time_sin']"
CostSensitiveLearning_with_RandomUnderSampler___RandomizedSearchCV__niter_30__cv_5,10,8,ExtraTreesClassifier,resubstitution,349,22120,15,77,0.9959221665706307,0.9587912087912088,0.8192488262910798,0.8835443037974684,0.999322340185227,0.0006776598147729684,0.9092855832381534,0.9048169175491816,0.8843072238658807,0.8814820617890806,0.9700500874382655,0.8702721624514288,22561,0.883140337370153,0.006381160607886665,0.8838202181316841,0.026235663847797835,"{'classifier__ccp_alpha': np.float64(0.0006451460021681965), 'classifier__max_depth': 6, 'classifier__max_features': 'log2', 'classifier__max_leaf_nodes': 3, 'classifier__min_impurity_decrease': np.float64(0.06694815523392575), 'classifier__min_samples_leaf': 5, 'classifier__min_samples_split': 7, 'classifier__n_estimators': 281, 'feature_selection_filter__k': 20}",16.739892959594727,"[1, 2, 3, 4, 5, 6, 7, 8, 9, 10, 11, 12, 14, 16, 17, 18, 19, 20, 21, 27]","['V1', 'V2', 'V3', 'V4', 'V5', 'V6', 'V7', 'V8', 'V9', 'V10', 'V11', 'V12', 'V14', 'V16', 'V17', 'V18', 'V19', 'V20', 'V21', 'V27']"
CostSensitiveLearning_with_RandomUnderSampler___RandomizedSearchCV__niter_30__cv_5,10,9,ExtraTreesClassifier,resubstitution,347,22120,15,79,0.9958335180178184,0.9585635359116023,0.8145539906103286,0.8807106598984772,0.999322340185227,0.0006776598147729684,0.9069381653977778,0.9022205939258586,0.8816211297337729,0.8786046241125464,0.9737050493609954,0.8694997646107341,22561,0.883971728831165,0.006061262694750189,0.8824386583752142,0.02013363606567064,"{'classifier__ccp_alpha': np.float64(0.006630029666137047), 'classifier__max_depth': 13, 'classifier__max_features': 'log2', 'classifier__max_leaf_nodes': 12, 'classifier__min_impurity_decrease': np.float64(0.07548772089243388), 'classifier__min_samples_leaf': 4, 'classifier__min_samples_split': 5, 'classifier__n_estimators': 328, 'feature_selection_filter__k': 22}",19.809261083602905,"[1, 2, 3, 4, 5, 6, 7, 8, 9, 10, 11, 12, 14, 16, 17, 18, 19, 20, 21, 27, 28, 29]","['V1', 'V2', 'V3', 'V4', 'V5', 'V6', 'V7', 'V8', 'V9', 'V10', 'V11', 'V12', 'V14', 'V16', 'V17', 'V18', 'V19', 'V20', 'V21', 'V27', 'V28', 'Time_sin']"
CostSensitiveLearning_with_RandomUnderSampler___RandomizedSearchCV__niter_30__cv_5,10,10,ExtraTreesClassifier,resubstitution,347,22117,18,79,0.9957005451885999,0.9506849315068493,0.8145539906103286,0.877370417193426,0.9991868082222725,0.0008131917777275399,0.9068703994163005,0.9021594105271248,0.8779036675334102,0.8751955756935748,0.9699313644081188,0.8653191367417781,22561,0.8806117521374384,0.007280530448717128,0.8800453490739676,0.02023247649153547,"{'classifier__ccp_alpha': np.float64(0.00867341553554067), 'classifier__max_depth': 5, 'classifier__max_features': 'sqrt', 'classifier__max_leaf_nodes': 10, 'classifier__min_impurity_decrease': np.float64(0.08663313185937621), 'classifier__min_samples_leaf': 5, 'classifier__min_samples_split': 8, 'classifier__n_estimators': 895, 'feature_selection_filter__k': 24}",20.247065782546997,"[0, 1, 2, 3, 4, 5, 6, 7, 8, 9, 10, 11, 12, 14, 16, 17, 18, 19, 20, 21, 23, 27, 28, 29]","['Amount_log1p', 'V1', 'V2', 'V3', 'V4', 'V5', 'V6', 'V7', 'V8', 'V9', 'V10', 'V11', 'V12', 'V14', 'V16', 'V17', 'V18', 'V19', 'V20', 'V21', 'V23', 'V27', 'V28', 'Time_sin']"
