experiment_name,iteration,fold,model,split,tp,tn,fp,fn,accuracy,precision,recall,f1,specificity,fpr,balanced_accuracy,geometric_mean,mcc,kappa,roc_auc,average_precision,fold_size,cv_tuning_mean_train_score,cv_tuning_std_train_score,cv_tuning_mean_val_score,cv_tuning_std_val_score,best_params,tuning_time,selected_features_indices,selected_features_names
CostSensitiveLearning_with_RandomUnderSampler___RandomizedSearchCV__niter_30__cv_5,1,1,LogitBoostClassifier,resubstitution,350,22116,18,76,0.9958333333333333,0.9510869565217391,0.8215962441314554,0.8816120906801007,0.9991867714827867,0.0008132285172133269,0.910391507807121,0.9060508256362291,0.881943943539996,0.8795029565141498,0.9722818780700225,0.8742313604332824,22560,0.8714061152876644,0.0020647649408138363,0.8683436330210418,0.01825438665265826,"{'classifier__ccp_alpha': np.float64(6.952130531190704e-05), 'classifier__learning_rate': np.float64(0.05681142678077596), 'classifier__max_depth': 1, 'classifier__max_features': 'log2', 'classifier__max_leaf_nodes': 6, 'classifier__min_impurity_decrease': np.float64(0.06924360328902704), 'classifier__min_samples_leaf': 8, 'classifier__min_samples_split': 16, 'classifier__n_estimators': 364, 'feature_selection_filter__k': 'all'}",4.680129289627075,"[0, 1, 2, 3, 4, 5, 6, 7, 8, 9, 10, 11, 12, 13, 14, 15, 16, 17, 18, 19, 20, 21, 22, 23, 24, 25, 26, 27, 28, 29, 30]","['Amount_log1p', 'V1', 'V2', 'V3', 'V4', 'V5', 'V6', 'V7', 'V8', 'V9', 'V10', 'V11', 'V12', 'V13', 'V14', 'V15', 'V16', 'V17', 'V18', 'V19', 'V20', 'V21', 'V22', 'V23', 'V24', 'V25', 'V26', 'V27', 'V28', 'Time_sin', 'Time_cos']"
CostSensitiveLearning_with_RandomUnderSampler___RandomizedSearchCV__niter_30__cv_5,1,2,LogitBoostClassifier,resubstitution,355,22123,11,71,0.9963652482269504,0.9699453551912568,0.8333333333333334,0.8964646464646465,0.9995030270172586,0.0004969729827414282,0.916418180175296,0.9126440648911539,0.8972967533260265,0.8946256051030299,0.9754800678411604,0.8751712073115335,22560,0.8929681511181051,0.005276540790281098,0.8917050821189099,0.008034460203766391,"{'classifier__ccp_alpha': np.float64(0.0002535820781420295), 'classifier__learning_rate': np.float64(0.01284079373045348), 'classifier__max_depth': 1, 'classifier__max_features': 'sqrt', 'classifier__max_leaf_nodes': 7, 'classifier__min_impurity_decrease': np.float64(0.053915718588350786), 'classifier__min_samples_leaf': 2, 'classifier__min_samples_split': 15, 'classifier__n_estimators': 352, 'feature_selection_filter__k': 28}",3.581068992614746,"[0, 1, 2, 3, 4, 5, 6, 7, 8, 9, 10, 11, 12, 14, 16, 17, 18, 19, 20, 21, 22, 23, 24, 26, 27, 28, 29, 30]","['Amount_log1p', 'V1', 'V2', 'V3', 'V4', 'V5', 'V6', 'V7', 'V8', 'V9', 'V10', 'V11', 'V12', 'V14', 'V16', 'V17', 'V18', 'V19', 'V20', 'V21', 'V22', 'V23', 'V24', 'V26', 'V27', 'V28', 'Time_sin', 'Time_cos']"
CostSensitiveLearning_with_RandomUnderSampler___RandomizedSearchCV__niter_30__cv_5,1,3,LogitBoostClassifier,resubstitution,356,22118,16,70,0.9961879432624113,0.956989247311828,0.8356807511737089,0.8922305764411027,0.9992771302069214,0.0007228697930785621,0.9174789406903152,0.9138252911809939,0.8924189265615614,0.8902992750850167,0.9712927575997837,0.8838986821236615,22560,0.8962741109235285,0.006166402662317042,0.8939920288847091,0.02643018146549419,"{'classifier__ccp_alpha': np.float64(0.0005526831746372408), 'classifier__learning_rate': np.float64(0.012988707739856975), 'classifier__max_depth': 3, 'classifier__max_features': 'sqrt', 'classifier__max_leaf_nodes': 7, 'classifier__min_impurity_decrease': np.float64(0.0064139647556933355), 'classifier__min_samples_leaf': 2, 'classifier__min_samples_split': 20, 'classifier__n_estimators': 321, 'feature_selection_filter__k': 22}",5.101502180099487,"[1, 2, 3, 4, 5, 6, 7, 8, 9, 10, 11, 12, 14, 16, 17, 18, 19, 20, 21, 27, 28, 29]","['V1', 'V2', 'V3', 'V4', 'V5', 'V6', 'V7', 'V8', 'V9', 'V10', 'V11', 'V12', 'V14', 'V16', 'V17', 'V18', 'V19', 'V20', 'V21', 'V27', 'V28', 'Time_sin']"
CostSensitiveLearning_with_RandomUnderSampler___RandomizedSearchCV__niter_30__cv_5,1,4,LogitBoostClassifier,resubstitution,356,22124,10,70,0.9964539007092199,0.9726775956284153,0.8356807511737089,0.898989898989899,0.999548206379326,0.0004517936206740458,0.9176144787765175,0.9139492305053977,0.8998745342731327,0.8971957122956389,0.968220720061461,0.8840484354869602,22560,0.8998025112603502,0.004878484459725587,0.8960919709557242,0.013286140315167025,"{'classifier__ccp_alpha': np.float64(0.0006085647078423318), 'classifier__learning_rate': np.float64(0.023926192447705347), 'classifier__max_depth': 2, 'classifier__max_features': 'log2', 'classifier__max_leaf_nodes': 13, 'classifier__min_impurity_decrease': np.float64(0.08277189129825646), 'classifier__min_samples_leaf': 7, 'classifier__min_samples_split': 18, 'classifier__n_estimators': 294, 'feature_selection_filter__k': 22}",2.4950098991394043,"[0, 1, 2, 3, 4, 5, 6, 7, 8, 9, 10, 11, 12, 14, 16, 17, 18, 19, 20, 21, 27, 29]","['Amount_log1p', 'V1', 'V2', 'V3', 'V4', 'V5', 'V6', 'V7', 'V8', 'V9', 'V10', 'V11', 'V12', 'V14', 'V16', 'V17', 'V18', 'V19', 'V20', 'V21', 'V27', 'Time_sin']"
CostSensitiveLearning_with_RandomUnderSampler___RandomizedSearchCV__niter_30__cv_5,1,5,LogitBoostClassifier,resubstitution,368,22102,33,57,0.9960106382978723,0.9177057356608479,0.8658823529411764,0.8910411622276029,0.9985091484074994,0.0014908515925006194,0.9321957506743379,0.9298340985661775,0.8894006682109455,0.889011031660609,0.9870864614198966,0.915049158645539,22560,0.8977421799888544,0.0044239148979619905,0.883648709852811,0.013783786498619192,"{'classifier__ccp_alpha': np.float64(7.611268721885667e-05), 'classifier__learning_rate': np.float64(0.04160009092780548), 'classifier__max_depth': 3, 'classifier__max_features': 'sqrt', 'classifier__max_leaf_nodes': 16, 'classifier__min_impurity_decrease': np.float64(0.023985188369766652), 'classifier__min_samples_leaf': 2, 'classifier__min_samples_split': 7, 'classifier__n_estimators': 245, 'feature_selection_filter__k': 20}",4.33256721496582,"[1, 2, 3, 4, 5, 6, 7, 8, 9, 10, 11, 12, 14, 16, 17, 18, 19, 20, 21, 27]","['V1', 'V2', 'V3', 'V4', 'V5', 'V6', 'V7', 'V8', 'V9', 'V10', 'V11', 'V12', 'V14', 'V16', 'V17', 'V18', 'V19', 'V20', 'V21', 'V27']"
CostSensitiveLearning_with_RandomUnderSampler___RandomizedSearchCV__niter_30__cv_5,1,6,LogitBoostClassifier,resubstitution,354,22125,10,71,0.9964095744680851,0.9725274725274725,0.8329411764705882,0.8973384030418251,0.9995482267901513,0.00045177320984868263,0.9162447016303698,0.9124499306601316,0.898307224361169,0.8955223539259161,0.961853705204693,0.8782831064648869,22560,0.8975125338344352,0.0030060745963651826,0.8901468049032328,0.01522105622370054,"{'classifier__ccp_alpha': np.float64(0.0007667126465563834), 'classifier__learning_rate': np.float64(0.048955652099896746), 'classifier__max_depth': 2, 'classifier__max_features': 'sqrt', 'classifier__max_leaf_nodes': 16, 'classifier__min_impurity_decrease': np.float64(0.08609630351903892), 'classifier__min_samples_leaf': 2, 'classifier__min_samples_split': 13, 'classifier__n_estimators': 66, 'feature_selection_filter__k': 22}",2.3399596214294434,"[1, 2, 3, 4, 5, 6, 7, 8, 9, 10, 11, 12, 14, 16, 17, 18, 19, 20, 21, 27, 28, 29]","['V1', 'V2', 'V3', 'V4', 'V5', 'V6', 'V7', 'V8', 'V9', 'V10', 'V11', 'V12', 'V14', 'V16', 'V17', 'V18', 'V19', 'V20', 'V21', 'V27', 'V28', 'Time_sin']"
CostSensitiveLearning_with_RandomUnderSampler___RandomizedSearchCV__niter_30__cv_5,1,7,LogitBoostClassifier,resubstitution,353,22118,17,72,0.9960549645390071,0.9540540540540541,0.8305882352941176,0.8880503144654088,0.9992319855432573,0.0007680144567426828,0.9149101104186874,0.9110160983878448,0.8882571835645297,0.8860521999693542,0.9666898576914389,0.8733967243543587,22560,0.8948514555397029,0.0026196771678027985,0.884318651405569,0.012825946293880442,"{'classifier__ccp_alpha': np.float64(0.0010543877746756291), 'classifier__learning_rate': np.float64(0.03038941772815793), 'classifier__max_depth': 3, 'classifier__max_features': 'log2', 'classifier__max_leaf_nodes': 7, 'classifier__min_impurity_decrease': np.float64(0.017546967226868715), 'classifier__min_samples_leaf': 1, 'classifier__min_samples_split': 17, 'classifier__n_estimators': 129, 'feature_selection_filter__k': 20}",2.4653232097625732,"[1, 2, 3, 4, 5, 6, 7, 8, 9, 10, 11, 12, 14, 16, 17, 18, 19, 20, 21, 27]","['V1', 'V2', 'V3', 'V4', 'V5', 'V6', 'V7', 'V8', 'V9', 'V10', 'V11', 'V12', 'V14', 'V16', 'V17', 'V18', 'V19', 'V20', 'V21', 'V27']"
CostSensitiveLearning_with_RandomUnderSampler___RandomizedSearchCV__niter_30__cv_5,1,8,LogitBoostClassifier,resubstitution,346,22126,9,80,0.9960551393998492,0.9746478873239437,0.812206572769953,0.8860435339308579,0.9995934041111362,0.00040659588886382547,0.9058999884405445,0.9010418042003138,0.8878595145129332,0.8840532401538058,0.9719431338425857,0.8785663653129795,22561,0.8966746960917075,0.009001970864501748,0.8879039283609298,0.02798206728650527,"{'classifier__ccp_alpha': np.float64(0.0016851359653441078), 'classifier__learning_rate': np.float64(0.0386498923594067), 'classifier__max_depth': 2, 'classifier__max_features': 'log2', 'classifier__max_leaf_nodes': 12, 'classifier__min_impurity_decrease': np.float64(0.06703768927247478), 'classifier__min_samples_leaf': 2, 'classifier__min_samples_split': 2, 'classifier__n_estimators': 335, 'feature_selection_filter__k': 28}",2.110954999923706,"[0, 1, 2, 3, 4, 5, 6, 7, 8, 9, 10, 11, 12, 13, 14, 16, 17, 18, 19, 20, 21, 23, 24, 25, 26, 27, 28, 29]","['Amount_log1p', 'V1', 'V2', 'V3', 'V4', 'V5', 'V6', 'V7', 'V8', 'V9', 'V10', 'V11', 'V12', 'V13', 'V14', 'V16', 'V17', 'V18', 'V19', 'V20', 'V21', 'V23', 'V24', 'V25', 'V26', 'V27', 'V28', 'Time_sin']"
CostSensitiveLearning_with_RandomUnderSampler___RandomizedSearchCV__niter_30__cv_5,1,9,LogitBoostClassifier,resubstitution,337,22128,7,89,0.995744869465006,0.9796511627906976,0.7910798122065728,0.8753246753246753,0.9996837587531059,0.00031624124689411115,0.8953817854798394,0.8892860283060607,0.8783534022588159,0.8731851417440556,0.9633333545433431,0.8560621884458313,22561,0.8787510408615468,0.006575507881364484,0.8745509409477039,0.03026434066279801,"{'classifier__ccp_alpha': np.float64(0.0021035674456063016), 'classifier__learning_rate': np.float64(0.04816046302026977), 'classifier__max_depth': 3, 'classifier__max_features': 'log2', 'classifier__max_leaf_nodes': 7, 'classifier__min_impurity_decrease': np.float64(0.034470792106036686), 'classifier__min_samples_leaf': 5, 'classifier__min_samples_split': 20, 'classifier__n_estimators': 158, 'feature_selection_filter__k': 26}",2.4311108589172363,"[0, 1, 2, 3, 4, 5, 6, 7, 8, 9, 10, 11, 12, 14, 16, 17, 18, 19, 20, 21, 22, 23, 24, 27, 28, 29]","['Amount_log1p', 'V1', 'V2', 'V3', 'V4', 'V5', 'V6', 'V7', 'V8', 'V9', 'V10', 'V11', 'V12', 'V14', 'V16', 'V17', 'V18', 'V19', 'V20', 'V21', 'V22', 'V23', 'V24', 'V27', 'V28', 'Time_sin']"
CostSensitiveLearning_with_RandomUnderSampler___RandomizedSearchCV__niter_30__cv_5,1,10,LogitBoostClassifier,resubstitution,359,22120,15,67,0.9963654093346926,0.9598930481283422,0.8427230046948356,0.8975,0.999322340185227,0.0006776598147729684,0.9210226724400313,0.9176883595096808,0.8976250195438349,0.8956578601243802,0.9740190105318304,0.8833753282701626,22561,0.8975615972078236,0.012339989586506367,0.8913187686680553,0.04957694960900318,"{'classifier__ccp_alpha': np.float64(0.00030807536577887376), 'classifier__learning_rate': np.float64(0.012212025098462996), 'classifier__max_depth': 3, 'classifier__max_features': 'log2', 'classifier__max_leaf_nodes': 9, 'classifier__min_impurity_decrease': np.float64(0.06391391135990555), 'classifier__min_samples_leaf': 9, 'classifier__min_samples_split': 4, 'classifier__n_estimators': 208, 'feature_selection_filter__k': 22}",4.119006872177124,"[1, 2, 3, 4, 5, 6, 7, 8, 9, 10, 11, 12, 14, 16, 17, 18, 19, 20, 21, 27, 28, 29]","['V1', 'V2', 'V3', 'V4', 'V5', 'V6', 'V7', 'V8', 'V9', 'V10', 'V11', 'V12', 'V14', 'V16', 'V17', 'V18', 'V19', 'V20', 'V21', 'V27', 'V28', 'Time_sin']"
CostSensitiveLearning_with_RandomUnderSampler___RandomizedSearchCV__niter_30__cv_5,2,1,LogitBoostClassifier,resubstitution,356,22115,19,70,0.9960549645390071,0.9493333333333334,0.8356807511737089,0.8888888888888888,0.9991415921207193,0.0008584078792807093,0.9174111716472141,0.9137633152147979,0.8887578834518283,0.8868890083183765,0.9729020337500439,0.8890547457491486,22560,0.900053794323834,0.0072055703468115306,0.8906357081174532,0.018289679269138288,"{'classifier__ccp_alpha': np.float64(0.00017670713942223194), 'classifier__learning_rate': np.float64(0.017673995075606404), 'classifier__max_depth': 2, 'classifier__max_features': 'sqrt', 'classifier__max_leaf_nodes': 17, 'classifier__min_impurity_decrease': np.float64(0.029217693267069744), 'classifier__min_samples_leaf': 9, 'classifier__min_samples_split': 4, 'classifier__n_estimators': 168, 'feature_selection_filter__k': 'all'}",3.844670295715332,"[0, 1, 2, 3, 4, 5, 6, 7, 8, 9, 10, 11, 12, 13, 14, 15, 16, 17, 18, 19, 20, 21, 22, 23, 24, 25, 26, 27, 28, 29, 30]","['Amount_log1p', 'V1', 'V2', 'V3', 'V4', 'V5', 'V6', 'V7', 'V8', 'V9', 'V10', 'V11', 'V12', 'V13', 'V14', 'V15', 'V16', 'V17', 'V18', 'V19', 'V20', 'V21', 'V22', 'V23', 'V24', 'V25', 'V26', 'V27', 'V28', 'Time_sin', 'Time_cos']"
CostSensitiveLearning_with_RandomUnderSampler___RandomizedSearchCV__niter_30__cv_5,2,2,LogitBoostClassifier,resubstitution,353,22117,17,73,0.9960106382978723,0.9540540540540541,0.8286384976525821,0.8869346733668342,0.999231950844854,0.0007680491551459445,0.9139352242487181,0.9099461866256371,0.8871920052148423,0.8849143999836758,0.9762619041255758,0.8848471734433604,22560,0.8879077450173625,0.006187579538783449,0.8881701410425,0.02223175119897163,"{'classifier__ccp_alpha': np.float64(0.00022474812312774485), 'classifier__learning_rate': np.float64(0.03769403589873036), 'classifier__max_depth': 2, 'classifier__max_features': 'log2', 'classifier__max_leaf_nodes': 12, 'classifier__min_impurity_decrease': np.float64(0.06089550768729349), 'classifier__min_samples_leaf': 6, 'classifier__min_samples_split': 7, 'classifier__n_estimators': 112, 'feature_selection_filter__k': 26}",2.5193605422973633,"[0, 1, 2, 3, 4, 5, 6, 7, 8, 9, 10, 11, 12, 14, 16, 17, 18, 19, 20, 21, 23, 24, 27, 28, 29, 30]","['Amount_log1p', 'V1', 'V2', 'V3', 'V4', 'V5', 'V6', 'V7', 'V8', 'V9', 'V10', 'V11', 'V12', 'V14', 'V16', 'V17', 'V18', 'V19', 'V20', 'V21', 'V23', 'V24', 'V27', 'V28', 'Time_sin', 'Time_cos']"
CostSensitiveLearning_with_RandomUnderSampler___RandomizedSearchCV__niter_30__cv_5,2,3,LogitBoostClassifier,resubstitution,353,22121,13,73,0.9961879432624113,0.9644808743169399,0.8286384976525821,0.8914141414141414,0.9994126682931237,0.000587331706876304,0.914025582972853,0.9100284676807492,0.892141191431814,0.8894853907178117,0.9681435651649726,0.8752618805530762,22560,0.8903659284065378,0.009207661613693623,0.8871460320598077,0.02532954519314276,"{'classifier__ccp_alpha': np.float64(0.0006275563020149854), 'classifier__learning_rate': np.float64(0.12283612231413761), 'classifier__max_depth': 2, 'classifier__max_features': 'log2', 'classifier__max_leaf_nodes': 19, 'classifier__min_impurity_decrease': np.float64(0.030520412897369766), 'classifier__min_samples_leaf': 2, 'classifier__min_samples_split': 19, 'classifier__n_estimators': 121, 'feature_selection_filter__k': 24}",2.7217347621917725,"[1, 2, 3, 4, 5, 6, 7, 8, 9, 10, 11, 12, 14, 16, 17, 18, 19, 20, 21, 23, 24, 27, 28, 29]","['V1', 'V2', 'V3', 'V4', 'V5', 'V6', 'V7', 'V8', 'V9', 'V10', 'V11', 'V12', 'V14', 'V16', 'V17', 'V18', 'V19', 'V20', 'V21', 'V23', 'V24', 'V27', 'V28', 'Time_sin']"
CostSensitiveLearning_with_RandomUnderSampler___RandomizedSearchCV__niter_30__cv_5,2,4,LogitBoostClassifier,resubstitution,354,22122,12,72,0.9962765957446809,0.9672131147540983,0.8309859154929577,0.8939393939393939,0.9994578476551911,0.0005421523448089216,0.9152218815740745,0.911337146466866,0.8947189723789203,0.8920554979104208,0.9786948021674216,0.8863211028107979,22560,0.8899926505197182,0.0044707621267153184,0.8870354818667426,0.01913887420865423,"{'classifier__ccp_alpha': np.float64(0.0005760399639364832), 'classifier__learning_rate': np.float64(0.030098222573803797), 'classifier__max_depth': 3, 'classifier__max_features': 'sqrt', 'classifier__max_leaf_nodes': 14, 'classifier__min_impurity_decrease': np.float64(0.021560330447077405), 'classifier__min_samples_leaf': 3, 'classifier__min_samples_split': 16, 'classifier__n_estimators': 243, 'feature_selection_filter__k': 24}",3.31117582321167,"[0, 1, 2, 3, 4, 5, 6, 7, 8, 9, 10, 11, 12, 14, 16, 17, 18, 19, 20, 21, 24, 27, 28, 29]","['Amount_log1p', 'V1', 'V2', 'V3', 'V4', 'V5', 'V6', 'V7', 'V8', 'V9', 'V10', 'V11', 'V12', 'V14', 'V16', 'V17', 'V18', 'V19', 'V20', 'V21', 'V24', 'V27', 'V28', 'Time_sin']"
CostSensitiveLearning_with_RandomUnderSampler___RandomizedSearchCV__niter_30__cv_5,2,5,LogitBoostClassifier,resubstitution,350,22124,11,75,0.9961879432624113,0.9695290858725761,0.8235294117647058,0.8905852417302799,0.9995030494691665,0.0004969505308335398,0.9115162306169362,0.9072596973228626,0.891724884399739,0.8886585088012782,0.9722441169826864,0.8794068795414749,22560,0.8958821143762142,0.004484896131965745,0.8952746191621707,0.015214852733873154,"{'classifier__ccp_alpha': np.float64(0.0011476305916962414), 'classifier__learning_rate': np.float64(0.011218215032948122), 'classifier__max_depth': 3, 'classifier__max_features': 'sqrt', 'classifier__max_leaf_nodes': 6, 'classifier__min_impurity_decrease': np.float64(0.07122886146265586), 'classifier__min_samples_leaf': 6, 'classifier__min_samples_split': 9, 'classifier__n_estimators': 220, 'feature_selection_filter__k': 28}",5.220299482345581,"[0, 1, 2, 3, 4, 5, 6, 7, 8, 9, 10, 11, 12, 14, 16, 17, 18, 19, 20, 21, 22, 23, 24, 26, 27, 28, 29, 30]","['Amount_log1p', 'V1', 'V2', 'V3', 'V4', 'V5', 'V6', 'V7', 'V8', 'V9', 'V10', 'V11', 'V12', 'V14', 'V16', 'V17', 'V18', 'V19', 'V20', 'V21', 'V22', 'V23', 'V24', 'V26', 'V27', 'V28', 'Time_sin', 'Time_cos']"
CostSensitiveLearning_with_RandomUnderSampler___RandomizedSearchCV__niter_30__cv_5,2,6,LogitBoostClassifier,resubstitution,341,22128,7,84,0.9959663120567376,0.9798850574712644,0.8023529411764706,0.8822768434670116,0.9996837587531059,0.00031624124689411115,0.9010183499647882,0.8955999129532695,0.8847997987429732,0.8802455568077615,0.9651817324173854,0.8669585023612132,22560,0.8858939448218409,0.008776422360047375,0.880930447666716,0.01895355587147402,"{'classifier__ccp_alpha': np.float64(0.0008734964290217506), 'classifier__learning_rate': np.float64(0.02189992474515965), 'classifier__max_depth': 1, 'classifier__max_features': 'sqrt', 'classifier__max_leaf_nodes': 10, 'classifier__min_impurity_decrease': np.float64(0.08062254678090192), 'classifier__min_samples_leaf': 6, 'classifier__min_samples_split': 10, 'classifier__n_estimators': 189, 'feature_selection_filter__k': 20}",2.6403517723083496,"[1, 2, 3, 4, 5, 6, 7, 8, 9, 10, 11, 12, 14, 16, 17, 18, 19, 20, 21, 27]","['V1', 'V2', 'V3', 'V4', 'V5', 'V6', 'V7', 'V8', 'V9', 'V10', 'V11', 'V12', 'V14', 'V16', 'V17', 'V18', 'V19', 'V20', 'V21', 'V27']"
CostSensitiveLearning_with_RandomUnderSampler___RandomizedSearchCV__niter_30__cv_5,2,7,LogitBoostClassifier,resubstitution,353,22122,13,72,0.9962322695035462,0.9644808743169399,0.8305882352941176,0.8925410872313527,0.9994126948271967,0.0005873051728032541,0.9150004650606571,0.9110984724644531,0.8932118450417724,0.8906344638316948,0.9808642155755457,0.8768487234959051,22560,0.8925061738734851,0.006555147841688724,0.8841153978057152,0.019760150840901405,"{'classifier__ccp_alpha': np.float64(0.00017440138610337776), 'classifier__learning_rate': np.float64(0.03197845427387606), 'classifier__max_depth': 1, 'classifier__max_features': 'log2', 'classifier__max_leaf_nodes': 16, 'classifier__min_impurity_decrease': np.float64(0.05722699220108516), 'classifier__min_samples_leaf': 7, 'classifier__min_samples_split': 20, 'classifier__n_estimators': 348, 'feature_selection_filter__k': 28}",2.9075241088867188,"[0, 1, 2, 3, 4, 5, 6, 7, 8, 9, 10, 11, 12, 13, 14, 16, 17, 18, 19, 20, 21, 23, 24, 25, 26, 27, 28, 29]","['Amount_log1p', 'V1', 'V2', 'V3', 'V4', 'V5', 'V6', 'V7', 'V8', 'V9', 'V10', 'V11', 'V12', 'V13', 'V14', 'V16', 'V17', 'V18', 'V19', 'V20', 'V21', 'V23', 'V24', 'V25', 'V26', 'V27', 'V28', 'Time_sin']"
CostSensitiveLearning_with_RandomUnderSampler___RandomizedSearchCV__niter_30__cv_5,2,8,LogitBoostClassifier,resubstitution,349,22128,7,77,0.9962767607818802,0.9803370786516854,0.8192488262910798,0.8925831202046036,0.9996837587531059,0.00031624124689411115,0.9094662925220929,0.9049805224537912,0.8944216990776582,0.8907041135818503,0.9628505616940859,0.8791619762330084,22561,0.8918406507435371,0.008643523894745028,0.8898546060760498,0.02254842287124745,"{'classifier__ccp_alpha': np.float64(0.001148320155157222), 'classifier__learning_rate': np.float64(0.1877394970860528), 'classifier__max_depth': 3, 'classifier__max_features': 'sqrt', 'classifier__max_leaf_nodes': 6, 'classifier__min_impurity_decrease': np.float64(0.09961331237238667), 'classifier__min_samples_leaf': 6, 'classifier__min_samples_split': 9, 'classifier__n_estimators': 218, 'feature_selection_filter__k': 20}",1.870337724685669,"[1, 2, 3, 4, 5, 6, 7, 8, 9, 10, 11, 12, 14, 16, 17, 18, 19, 20, 21, 27]","['V1', 'V2', 'V3', 'V4', 'V5', 'V6', 'V7', 'V8', 'V9', 'V10', 'V11', 'V12', 'V14', 'V16', 'V17', 'V18', 'V19', 'V20', 'V21', 'V27']"
CostSensitiveLearning_with_RandomUnderSampler___RandomizedSearchCV__niter_30__cv_5,2,9,LogitBoostClassifier,resubstitution,349,22124,11,77,0.9960994636762555,0.9694444444444444,0.8192488262910798,0.8880407124681934,0.9995030494691665,0.0004969505308335398,0.9093759378801232,0.9048987236989395,0.8893226468405606,0.886070110648169,0.9687188411699017,0.867130325821756,22561,0.8878605908626422,0.006250568517470577,0.8841738907427951,0.01699264107052253,"{'classifier__ccp_alpha': np.float64(0.00040051602323563527), 'classifier__learning_rate': np.float64(0.05258236605449633), 'classifier__max_depth': 1, 'classifier__max_features': 'log2', 'classifier__max_leaf_nodes': 2, 'classifier__min_impurity_decrease': np.float64(0.041689420587189344), 'classifier__min_samples_leaf': 6, 'classifier__min_samples_split': 9, 'classifier__n_estimators': 182, 'feature_selection_filter__k': 20}",2.689197063446045,"[1, 2, 3, 4, 5, 6, 7, 8, 9, 10, 11, 12, 14, 16, 17, 18, 19, 20, 21, 27]","['V1', 'V2', 'V3', 'V4', 'V5', 'V6', 'V7', 'V8', 'V9', 'V10', 'V11', 'V12', 'V14', 'V16', 'V17', 'V18', 'V19', 'V20', 'V21', 'V27']"
CostSensitiveLearning_with_RandomUnderSampler___RandomizedSearchCV__niter_30__cv_5,2,10,LogitBoostClassifier,resubstitution,351,22123,12,75,0.9961437879526617,0.9669421487603306,0.823943661971831,0.8897338403041825,0.9994578721481816,0.000542127851818397,0.9117007670600064,0.907467343304621,0.8907298334080879,0.8877841525466897,0.9712739050067289,0.8764178034259491,22561,0.890131786412871,0.004426461063193994,0.8852555660876504,0.028112506123645284,"{'classifier__ccp_alpha': np.float64(0.0008382478343415978), 'classifier__learning_rate': np.float64(0.020530642172389882), 'classifier__max_depth': 3, 'classifier__max_features': 'log2', 'classifier__max_leaf_nodes': 19, 'classifier__min_impurity_decrease': np.float64(0.08278586325660982), 'classifier__min_samples_leaf': 4, 'classifier__min_samples_split': 15, 'classifier__n_estimators': 192, 'feature_selection_filter__k': 20}",3.500469207763672,"[1, 2, 3, 4, 5, 6, 7, 8, 9, 10, 11, 12, 14, 16, 17, 18, 19, 20, 21, 27]","['V1', 'V2', 'V3', 'V4', 'V5', 'V6', 'V7', 'V8', 'V9', 'V10', 'V11', 'V12', 'V14', 'V16', 'V17', 'V18', 'V19', 'V20', 'V21', 'V27']"
CostSensitiveLearning_with_RandomUnderSampler___RandomizedSearchCV__niter_30__cv_5,3,1,LogitBoostClassifier,resubstitution,361,22119,15,65,0.9964539007092199,0.9601063829787234,0.8474178403755869,0.9002493765586035,0.9993223095689889,0.0006776904310110687,0.923370074972288,0.9202410300644588,0.9002664274858463,0.8984513835998984,0.9724417027147071,0.8907625277923861,22560,0.8976264017279949,0.008560559850289202,0.8906094231456091,0.028892447405438643,"{'classifier__ccp_alpha': np.float64(0.00033754710423208325), 'classifier__learning_rate': np.float64(0.05278020781441327), 'classifier__max_depth': 3, 'classifier__max_features': 'log2', 'classifier__max_leaf_nodes': 19, 'classifier__min_impurity_decrease': np.float64(0.08864141351799909), 'classifier__min_samples_leaf': 6, 'classifier__min_samples_split': 3, 'classifier__n_estimators': 143, 'feature_selection_filter__k': 22}",2.5884666442871094,"[1, 2, 3, 4, 5, 6, 7, 8, 9, 10, 11, 12, 14, 16, 17, 18, 19, 20, 21, 27, 28, 29]","['V1', 'V2', 'V3', 'V4', 'V5', 'V6', 'V7', 'V8', 'V9', 'V10', 'V11', 'V12', 'V14', 'V16', 'V17', 'V18', 'V19', 'V20', 'V21', 'V27', 'V28', 'Time_sin']"
CostSensitiveLearning_with_RandomUnderSampler___RandomizedSearchCV__niter_30__cv_5,3,2,LogitBoostClassifier,resubstitution,352,22123,11,74,0.9962322695035462,0.9696969696969697,0.8262910798122066,0.8922686945500634,0.9995030270172586,0.0004969729827414282,0.9128970534147326,0.9087796407653836,0.8933179859007548,0.8903637412721511,0.9713844950368455,0.8708647824518296,22560,0.889905119304666,0.006797935325737343,0.8854939784824154,0.02046970383402891,"{'classifier__ccp_alpha': np.float64(0.00035831877963277137), 'classifier__learning_rate': np.float64(0.06646201951660652), 'classifier__max_depth': 1, 'classifier__max_features': 'sqrt', 'classifier__max_leaf_nodes': 15, 'classifier__min_impurity_decrease': np.float64(0.05469482959633309), 'classifier__min_samples_leaf': 2, 'classifier__min_samples_split': 19, 'classifier__n_estimators': 196, 'feature_selection_filter__k': 22}",2.688697576522827,"[1, 2, 3, 4, 5, 6, 7, 8, 9, 10, 11, 12, 14, 16, 17, 18, 19, 20, 21, 27, 28, 29]","['V1', 'V2', 'V3', 'V4', 'V5', 'V6', 'V7', 'V8', 'V9', 'V10', 'V11', 'V12', 'V14', 'V16', 'V17', 'V18', 'V19', 'V20', 'V21', 'V27', 'V28', 'Time_sin']"
CostSensitiveLearning_with_RandomUnderSampler___RandomizedSearchCV__niter_30__cv_5,3,3,LogitBoostClassifier,resubstitution,356,22115,19,70,0.9960549645390071,0.9493333333333334,0.8356807511737089,0.8888888888888888,0.9991415921207193,0.0008584078792807093,0.9174111716472141,0.9137633152147979,0.8887578834518283,0.8868890083183765,0.9704278803752305,0.8813747964594217,22560,0.892413414681784,0.009411454538272638,0.8846706179852031,0.015365827022658839,"{'classifier__ccp_alpha': np.float64(0.0005728748818241492), 'classifier__learning_rate': np.float64(0.03495379245200134), 'classifier__max_depth': 3, 'classifier__max_features': 'log2', 'classifier__max_leaf_nodes': 5, 'classifier__min_impurity_decrease': np.float64(0.03580405210625152), 'classifier__min_samples_leaf': 1, 'classifier__min_samples_split': 4, 'classifier__n_estimators': 300, 'feature_selection_filter__k': 22}",3.1135172843933105,"[0, 1, 2, 3, 4, 5, 6, 7, 8, 9, 10, 11, 12, 14, 16, 17, 18, 19, 20, 21, 27, 29]","['Amount_log1p', 'V1', 'V2', 'V3', 'V4', 'V5', 'V6', 'V7', 'V8', 'V9', 'V10', 'V11', 'V12', 'V14', 'V16', 'V17', 'V18', 'V19', 'V20', 'V21', 'V27', 'Time_sin']"
CostSensitiveLearning_with_RandomUnderSampler___RandomizedSearchCV__niter_30__cv_5,3,4,LogitBoostClassifier,resubstitution,358,22117,17,68,0.9962322695035462,0.9546666666666667,0.8403755868544601,0.8938826466916354,0.999231950844854,0.0007680491551459445,0.9198037688496571,0.9163679048804423,0.8938522359034038,0.8919726483939551,0.9789003364483762,0.8850468945118527,22560,0.8904526742786423,0.010118715639224316,0.891012295562861,0.029401085608964893,"{'classifier__ccp_alpha': np.float64(8.444157467248915e-05), 'classifier__learning_rate': np.float64(0.01801757483807611), 'classifier__max_depth': 1, 'classifier__max_features': 'sqrt', 'classifier__max_leaf_nodes': 16, 'classifier__min_impurity_decrease': np.float64(0.010579117354108004), 'classifier__min_samples_leaf': 1, 'classifier__min_samples_split': 15, 'classifier__n_estimators': 385, 'feature_selection_filter__k': 28}",4.478055715560913,"[0, 1, 2, 3, 4, 5, 6, 7, 8, 9, 10, 11, 12, 14, 16, 17, 18, 19, 20, 21, 22, 23, 24, 26, 27, 28, 29, 30]","['Amount_log1p', 'V1', 'V2', 'V3', 'V4', 'V5', 'V6', 'V7', 'V8', 'V9', 'V10', 'V11', 'V12', 'V14', 'V16', 'V17', 'V18', 'V19', 'V20', 'V21', 'V22', 'V23', 'V24', 'V26', 'V27', 'V28', 'Time_sin', 'Time_cos']"
CostSensitiveLearning_with_RandomUnderSampler___RandomizedSearchCV__niter_30__cv_5,3,5,LogitBoostClassifier,resubstitution,356,22121,14,69,0.9963209219858156,0.9621621621621622,0.8376470588235294,0.8955974842767296,0.9993675175062119,0.0006324824937881113,0.9185072881648706,0.9149411247303568,0.8959581744379055,0.8937340741287236,0.9824628549409373,0.8948977897407758,22560,0.8918010745001187,0.006678187036814983,0.8896252383597654,0.03218139102421174,"{'classifier__ccp_alpha': np.float64(0.00027771627687236066), 'classifier__learning_rate': np.float64(0.028559811838845164), 'classifier__max_depth': 2, 'classifier__max_features': 'sqrt', 'classifier__max_leaf_nodes': 4, 'classifier__min_impurity_decrease': np.float64(0.0941233063328999), 'classifier__min_samples_leaf': 5, 'classifier__min_samples_split': 3, 'classifier__n_estimators': 233, 'feature_selection_filter__k': 'all'}",3.965787410736084,"[0, 1, 2, 3, 4, 5, 6, 7, 8, 9, 10, 11, 12, 13, 14, 15, 16, 17, 18, 19, 20, 21, 22, 23, 24, 25, 26, 27, 28, 29, 30]","['Amount_log1p', 'V1', 'V2', 'V3', 'V4', 'V5', 'V6', 'V7', 'V8', 'V9', 'V10', 'V11', 'V12', 'V13', 'V14', 'V15', 'V16', 'V17', 'V18', 'V19', 'V20', 'V21', 'V22', 'V23', 'V24', 'V25', 'V26', 'V27', 'V28', 'Time_sin', 'Time_cos']"
CostSensitiveLearning_with_RandomUnderSampler___RandomizedSearchCV__niter_30__cv_5,3,6,LogitBoostClassifier,resubstitution,355,22116,19,70,0.9960549645390071,0.9491978609625669,0.8352941176470589,0.8886107634543179,0.9991416309012876,0.0008583690987123971,0.9172178742741732,0.9135519290046594,0.8884885275677564,0.8866110142910872,0.9769362866899641,0.8804793613243945,22560,0.8879468772326324,0.006999715253656527,0.8804736316613381,0.029387977074609016,"{'classifier__ccp_alpha': np.float64(0.00028443654556018275), 'classifier__learning_rate': np.float64(0.10475912878902782), 'classifier__max_depth': 2, 'classifier__max_features': 'log2', 'classifier__max_leaf_nodes': 14, 'classifier__min_impurity_decrease': np.float64(0.021753098416332772), 'classifier__min_samples_leaf': 2, 'classifier__min_samples_split': 16, 'classifier__n_estimators': 136, 'feature_selection_filter__k': 24}",2.8742575645446777,"[0, 1, 2, 3, 4, 5, 6, 7, 8, 9, 10, 11, 12, 14, 16, 17, 18, 19, 20, 21, 24, 27, 28, 29]","['Amount_log1p', 'V1', 'V2', 'V3', 'V4', 'V5', 'V6', 'V7', 'V8', 'V9', 'V10', 'V11', 'V12', 'V14', 'V16', 'V17', 'V18', 'V19', 'V20', 'V21', 'V24', 'V27', 'V28', 'Time_sin']"
CostSensitiveLearning_with_RandomUnderSampler___RandomizedSearchCV__niter_30__cv_5,3,7,LogitBoostClassifier,resubstitution,347,22124,11,78,0.9960549645390071,0.9692737430167597,0.8164705882352942,0.8863346104725415,0.9995030494691665,0.0004969505308335398,0.9079868188522303,0.9033630735994586,0.887713436801072,0.8843422130415699,0.9641759258028942,0.8666966304805728,22560,0.8904082197248844,0.004632199799134329,0.8798103401151369,0.02216516235706154,"{'classifier__ccp_alpha': np.float64(0.0011141008072132863), 'classifier__learning_rate': np.float64(0.023035449137104702), 'classifier__max_depth': 3, 'classifier__max_features': 'log2', 'classifier__max_leaf_nodes': 16, 'classifier__min_impurity_decrease': np.float64(0.049684423610451646), 'classifier__min_samples_leaf': 7, 'classifier__min_samples_split': 8, 'classifier__n_estimators': 124, 'feature_selection_filter__k': 22}",3.259575128555298,"[1, 2, 3, 4, 5, 6, 7, 8, 9, 10, 11, 12, 14, 16, 17, 18, 19, 20, 21, 27, 28, 29]","['V1', 'V2', 'V3', 'V4', 'V5', 'V6', 'V7', 'V8', 'V9', 'V10', 'V11', 'V12', 'V14', 'V16', 'V17', 'V18', 'V19', 'V20', 'V21', 'V27', 'V28', 'Time_sin']"
CostSensitiveLearning_with_RandomUnderSampler___RandomizedSearchCV__niter_30__cv_5,3,8,LogitBoostClassifier,resubstitution,353,22124,11,73,0.9962767607818802,0.9697802197802198,0.8286384976525821,0.8936708860759494,0.9995030494691665,0.0004969505308335398,0.9140707735608743,0.9100696156400919,0.8946461621115821,0.8917879694595954,0.9654346302193858,0.8722821225134351,22561,0.8931074585237202,0.0036781920839419197,0.8889276572536176,0.025310024507526483,"{'classifier__ccp_alpha': np.float64(0.0005846072919687972), 'classifier__learning_rate': np.float64(0.09874940471509769), 'classifier__max_depth': 1, 'classifier__max_features': 'log2', 'classifier__max_leaf_nodes': 5, 'classifier__min_impurity_decrease': np.float64(0.07878740584977105), 'classifier__min_samples_leaf': 9, 'classifier__min_samples_split': 4, 'classifier__n_estimators': 89, 'feature_selection_filter__k': 20}",1.5368382930755615,"[1, 2, 3, 4, 5, 6, 7, 8, 9, 10, 11, 12, 14, 16, 17, 18, 19, 20, 21, 27]","['V1', 'V2', 'V3', 'V4', 'V5', 'V6', 'V7', 'V8', 'V9', 'V10', 'V11', 'V12', 'V14', 'V16', 'V17', 'V18', 'V19', 'V20', 'V21', 'V27']"
CostSensitiveLearning_with_RandomUnderSampler___RandomizedSearchCV__niter_30__cv_5,3,9,LogitBoostClassifier,resubstitution,350,22125,10,76,0.9961881122290679,0.9722222222222222,0.8215962441314554,0.8905852417302799,0.9995482267901513,0.00045177320984868263,0.9105722354608033,0.9062146925309943,0.8919214672215745,0.8886594263152561,0.9625684155380291,0.8641094121789298,22561,0.886766245336674,0.008698059432107755,0.8796371923494867,0.025972828388062346,"{'classifier__ccp_alpha': np.float64(0.0019071519885312238), 'classifier__learning_rate': np.float64(0.12178922922930671), 'classifier__max_depth': 2, 'classifier__max_features': 'log2', 'classifier__max_leaf_nodes': 16, 'classifier__min_impurity_decrease': np.float64(0.09341510095878221), 'classifier__min_samples_leaf': 1, 'classifier__min_samples_split': 11, 'classifier__n_estimators': 84, 'feature_selection_filter__k': 26}",1.6666271686553955,"[0, 1, 2, 3, 4, 5, 6, 7, 8, 9, 10, 11, 12, 14, 16, 17, 18, 19, 20, 21, 22, 24, 25, 27, 28, 29]","['Amount_log1p', 'V1', 'V2', 'V3', 'V4', 'V5', 'V6', 'V7', 'V8', 'V9', 'V10', 'V11', 'V12', 'V14', 'V16', 'V17', 'V18', 'V19', 'V20', 'V21', 'V22', 'V24', 'V25', 'V27', 'V28', 'Time_sin']"
CostSensitiveLearning_with_RandomUnderSampler___RandomizedSearchCV__niter_30__cv_5,3,10,LogitBoostClassifier,resubstitution,354,22121,14,72,0.9961881122290679,0.9619565217391305,0.8309859154929577,0.8916876574307305,0.9993675175062119,0.0006324824937881113,0.9151767164995848,0.9112959625987728,0.8922275565330492,0.8897581110981438,0.9695120425133439,0.8799386678980979,22561,0.894308932117925,0.008400723169328824,0.8889051523489563,0.03025764278207058,"{'classifier__ccp_alpha': np.float64(0.0004721675702025008), 'classifier__learning_rate': np.float64(0.03355226781632082), 'classifier__max_depth': 2, 'classifier__max_features': 'sqrt', 'classifier__max_leaf_nodes': 10, 'classifier__min_impurity_decrease': np.float64(0.09652659950443918), 'classifier__min_samples_leaf': 9, 'classifier__min_samples_split': 12, 'classifier__n_estimators': 183, 'feature_selection_filter__k': 'all'}",2.4864652156829834,"[0, 1, 2, 3, 4, 5, 6, 7, 8, 9, 10, 11, 12, 13, 14, 15, 16, 17, 18, 19, 20, 21, 22, 23, 24, 25, 26, 27, 28, 29, 30]","['Amount_log1p', 'V1', 'V2', 'V3', 'V4', 'V5', 'V6', 'V7', 'V8', 'V9', 'V10', 'V11', 'V12', 'V13', 'V14', 'V15', 'V16', 'V17', 'V18', 'V19', 'V20', 'V21', 'V22', 'V23', 'V24', 'V25', 'V26', 'V27', 'V28', 'Time_sin', 'Time_cos']"
CostSensitiveLearning_with_RandomUnderSampler___RandomizedSearchCV__niter_30__cv_5,4,1,LogitBoostClassifier,resubstitution,359,22108,26,67,0.995877659574468,0.9324675324675324,0.8427230046948356,0.8853267570900123,0.9988253365862474,0.001174663413752608,0.9207741706405415,0.9174601292771762,0.8844059214075708,0.8832333229816776,0.9827553238469401,0.89789077696583,22560,0.8925305788888535,0.004132777218604812,0.8886931106371705,0.02092402624431064,"{'classifier__ccp_alpha': np.float64(0.0002285168415908978), 'classifier__learning_rate': np.float64(0.04354121736088184), 'classifier__max_depth': 2, 'classifier__max_features': 'sqrt', 'classifier__max_leaf_nodes': 8, 'classifier__min_impurity_decrease': np.float64(0.06204099674068069), 'classifier__min_samples_leaf': 5, 'classifier__min_samples_split': 9, 'classifier__n_estimators': 205, 'feature_selection_filter__k': 26}",2.848663330078125,"[0, 1, 2, 3, 4, 5, 6, 7, 8, 9, 10, 11, 12, 14, 16, 17, 18, 19, 20, 21, 22, 23, 24, 27, 28, 29]","['Amount_log1p', 'V1', 'V2', 'V3', 'V4', 'V5', 'V6', 'V7', 'V8', 'V9', 'V10', 'V11', 'V12', 'V14', 'V16', 'V17', 'V18', 'V19', 'V20', 'V21', 'V22', 'V23', 'V24', 'V27', 'V28', 'Time_sin']"
CostSensitiveLearning_with_RandomUnderSampler___RandomizedSearchCV__niter_30__cv_5,4,2,LogitBoostClassifier,resubstitution,357,22118,16,69,0.9962322695035462,0.9571045576407506,0.8380281690140845,0.8936170212765957,0.9992771302069214,0.0007228697930785621,0.918652649610503,0.9151078536243448,0.8937475917674575,0.8917077845025572,0.9748670178354545,0.8902050897407419,22560,0.888013105510459,0.006839985690029397,0.8854543095119682,0.018392145808396144,"{'classifier__ccp_alpha': np.float64(0.00025660744281820745), 'classifier__learning_rate': np.float64(0.02404808179267067), 'classifier__max_depth': 2, 'classifier__max_features': 'sqrt', 'classifier__max_leaf_nodes': 16, 'classifier__min_impurity_decrease': np.float64(0.04166717385351903), 'classifier__min_samples_leaf': 1, 'classifier__min_samples_split': 4, 'classifier__n_estimators': 362, 'feature_selection_filter__k': 20}",3.4212844371795654,"[1, 2, 3, 4, 5, 6, 7, 8, 9, 10, 11, 12, 14, 16, 17, 18, 19, 20, 21, 27]","['V1', 'V2', 'V3', 'V4', 'V5', 'V6', 'V7', 'V8', 'V9', 'V10', 'V11', 'V12', 'V14', 'V16', 'V17', 'V18', 'V19', 'V20', 'V21', 'V27']"
CostSensitiveLearning_with_RandomUnderSampler___RandomizedSearchCV__niter_30__cv_5,4,3,LogitBoostClassifier,resubstitution,354,22120,14,72,0.9961879432624113,0.9619565217391305,0.8309859154929577,0.8916876574307305,0.9993674889310563,0.0006325110689436864,0.915176702212007,0.9112959495703206,0.8922274731544395,0.8897580240448605,0.9674030902683654,0.8822572194415764,22560,0.8908393188139158,0.008776458209994118,0.8842158588082574,0.02823173065221991,"{'classifier__ccp_alpha': np.float64(0.0004067301648732324), 'classifier__learning_rate': np.float64(0.02834882706421768), 'classifier__max_depth': 3, 'classifier__max_features': 'sqrt', 'classifier__max_leaf_nodes': 13, 'classifier__min_impurity_decrease': np.float64(0.024641415912816902), 'classifier__min_samples_leaf': 9, 'classifier__min_samples_split': 15, 'classifier__n_estimators': 105, 'feature_selection_filter__k': 28}",3.3062584400177,"[0, 1, 2, 3, 4, 5, 6, 7, 8, 9, 10, 11, 12, 14, 16, 17, 18, 19, 20, 21, 22, 23, 24, 26, 27, 28, 29, 30]","['Amount_log1p', 'V1', 'V2', 'V3', 'V4', 'V5', 'V6', 'V7', 'V8', 'V9', 'V10', 'V11', 'V12', 'V14', 'V16', 'V17', 'V18', 'V19', 'V20', 'V21', 'V22', 'V23', 'V24', 'V26', 'V27', 'V28', 'Time_sin', 'Time_cos']"
CostSensitiveLearning_with_RandomUnderSampler___RandomizedSearchCV__niter_30__cv_5,4,4,LogitBoostClassifier,resubstitution,358,22112,22,68,0.9960106382978723,0.9421052631578948,0.8403755868544601,0.8883374689826302,0.999006054034517,0.0009939459654829674,0.9196908204444886,0.916264317176226,0.8878133049260248,0.8863132432977222,0.9695465646503945,0.8842618738594904,22560,0.8922152757372409,0.0056640395616476425,0.8869466321123106,0.01682032949481137,"{'classifier__ccp_alpha': np.float64(0.0003244215779941462), 'classifier__learning_rate': np.float64(0.091653715951369), 'classifier__max_depth': 3, 'classifier__max_features': 'log2', 'classifier__max_leaf_nodes': 3, 'classifier__min_impurity_decrease': np.float64(0.0764026804709987), 'classifier__min_samples_leaf': 8, 'classifier__min_samples_split': 7, 'classifier__n_estimators': 98, 'feature_selection_filter__k': 24}",2.5050294399261475,"[0, 1, 2, 3, 4, 5, 6, 7, 8, 9, 10, 11, 12, 14, 16, 17, 18, 19, 20, 21, 23, 27, 28, 29]","['Amount_log1p', 'V1', 'V2', 'V3', 'V4', 'V5', 'V6', 'V7', 'V8', 'V9', 'V10', 'V11', 'V12', 'V14', 'V16', 'V17', 'V18', 'V19', 'V20', 'V21', 'V23', 'V27', 'V28', 'Time_sin']"
CostSensitiveLearning_with_RandomUnderSampler___RandomizedSearchCV__niter_30__cv_5,4,5,LogitBoostClassifier,resubstitution,357,22113,22,68,0.9960106382978723,0.941952506596306,0.84,0.8880597014925373,0.9990060989383329,0.0009939010616670796,0.9195030494691665,0.9160595630788424,0.8875425443215198,0.8860356004039045,0.9776465273256355,0.8849283655839826,22560,0.89187016133167,0.0038674667729737262,0.8862754334448419,0.021902380777992052,"{'classifier__ccp_alpha': np.float64(0.00035918057246693834), 'classifier__learning_rate': np.float64(0.022799682019338824), 'classifier__max_depth': 3, 'classifier__max_features': 'log2', 'classifier__max_leaf_nodes': 12, 'classifier__min_impurity_decrease': np.float64(0.05597365536142627), 'classifier__min_samples_leaf': 9, 'classifier__min_samples_split': 12, 'classifier__n_estimators': 212, 'feature_selection_filter__k': 'all'}",3.7192063331604004,"[0, 1, 2, 3, 4, 5, 6, 7, 8, 9, 10, 11, 12, 13, 14, 15, 16, 17, 18, 19, 20, 21, 22, 23, 24, 25, 26, 27, 28, 29, 30]","['Amount_log1p', 'V1', 'V2', 'V3', 'V4', 'V5', 'V6', 'V7', 'V8', 'V9', 'V10', 'V11', 'V12', 'V13', 'V14', 'V15', 'V16', 'V17', 'V18', 'V19', 'V20', 'V21', 'V22', 'V23', 'V24', 'V25', 'V26', 'V27', 'V28', 'Time_sin', 'Time_cos']"
CostSensitiveLearning_with_RandomUnderSampler___RandomizedSearchCV__niter_30__cv_5,4,6,LogitBoostClassifier,resubstitution,362,22117,18,63,0.9964095744680851,0.9526315789473684,0.851764705882353,0.8993788819875776,0.9991868082222725,0.0008131917777275399,0.9254757570523127,0.9225356675093765,0.8990140402523265,0.8975568736054895,0.9749981796197134,0.8959856949102168,22560,0.901114401155583,0.004795983200867427,0.8983823466137292,0.021887256351365375,"{'classifier__ccp_alpha': np.float64(0.00034528781366751195), 'classifier__learning_rate': np.float64(0.018280050364216982), 'classifier__max_depth': 2, 'classifier__max_features': 'sqrt', 'classifier__max_leaf_nodes': 9, 'classifier__min_impurity_decrease': np.float64(0.059944530818555455), 'classifier__min_samples_leaf': 9, 'classifier__min_samples_split': 9, 'classifier__n_estimators': 252, 'feature_selection_filter__k': 24}",3.6701247692108154,"[0, 1, 2, 3, 4, 5, 6, 7, 8, 9, 10, 11, 12, 14, 16, 17, 18, 19, 20, 21, 24, 27, 28, 29]","['Amount_log1p', 'V1', 'V2', 'V3', 'V4', 'V5', 'V6', 'V7', 'V8', 'V9', 'V10', 'V11', 'V12', 'V14', 'V16', 'V17', 'V18', 'V19', 'V20', 'V21', 'V24', 'V27', 'V28', 'Time_sin']"
CostSensitiveLearning_with_RandomUnderSampler___RandomizedSearchCV__niter_30__cv_5,4,7,LogitBoostClassifier,resubstitution,353,22112,23,72,0.9957890070921985,0.9388297872340425,0.8305882352941176,0.8813982521847691,0.9989609216173481,0.0010390783826519367,0.9147745784557328,0.9108925233055426,0.8809728079449036,0.8792628680364329,0.968297904569553,0.8710549324191662,22560,0.8820525683255347,0.014143472059180588,0.8747339845148312,0.028681522005296653,"{'classifier__ccp_alpha': np.float64(0.0004818122750023768), 'classifier__learning_rate': np.float64(0.10135961247681147), 'classifier__max_depth': 2, 'classifier__max_features': 'sqrt', 'classifier__max_leaf_nodes': 16, 'classifier__min_impurity_decrease': np.float64(0.08312348765608482), 'classifier__min_samples_leaf': 9, 'classifier__min_samples_split': 13, 'classifier__n_estimators': 246, 'feature_selection_filter__k': 28}",2.2020699977874756,"[0, 1, 2, 3, 4, 5, 6, 7, 8, 9, 10, 11, 12, 14, 15, 16, 17, 18, 19, 20, 21, 23, 24, 25, 27, 28, 29, 30]","['Amount_log1p', 'V1', 'V2', 'V3', 'V4', 'V5', 'V6', 'V7', 'V8', 'V9', 'V10', 'V11', 'V12', 'V14', 'V15', 'V16', 'V17', 'V18', 'V19', 'V20', 'V21', 'V23', 'V24', 'V25', 'V27', 'V28', 'Time_sin', 'Time_cos']"
CostSensitiveLearning_with_RandomUnderSampler___RandomizedSearchCV__niter_30__cv_5,4,8,LogitBoostClassifier,resubstitution,358,22121,14,68,0.9963654093346926,0.9623655913978495,0.8403755868544601,0.8972431077694235,0.9993675175062119,0.0006324824937881113,0.919871552180336,0.9164300649845397,0.8975335135951474,0.8954017174680187,0.9780005005562327,0.8842257224338368,22561,0.8999662047665075,0.005687841891426838,0.8968082473390483,0.02851283942795426,"{'classifier__ccp_alpha': np.float64(0.00025677594647384173), 'classifier__learning_rate': np.float64(0.05880746806852145), 'classifier__max_depth': 1, 'classifier__max_features': 'sqrt', 'classifier__max_leaf_nodes': 19, 'classifier__min_impurity_decrease': np.float64(0.03326595067237682), 'classifier__min_samples_leaf': 1, 'classifier__min_samples_split': 7, 'classifier__n_estimators': 378, 'feature_selection_filter__k': 24}",2.1894516944885254,"[0, 1, 2, 3, 4, 5, 6, 7, 8, 9, 10, 11, 12, 14, 16, 17, 18, 19, 20, 21, 23, 27, 28, 29]","['Amount_log1p', 'V1', 'V2', 'V3', 'V4', 'V5', 'V6', 'V7', 'V8', 'V9', 'V10', 'V11', 'V12', 'V14', 'V16', 'V17', 'V18', 'V19', 'V20', 'V21', 'V23', 'V27', 'V28', 'Time_sin']"
CostSensitiveLearning_with_RandomUnderSampler___RandomizedSearchCV__niter_30__cv_5,4,9,LogitBoostClassifier,resubstitution,351,22123,12,75,0.9961437879526617,0.9669421487603306,0.823943661971831,0.8897338403041825,0.9994578721481816,0.000542127851818397,0.9117007670600064,0.907467343304621,0.8907298334080879,0.8877841525466897,0.9657056941452951,0.8768290815590828,22561,0.8914994631759645,0.008430713335730282,0.8859832858993336,0.027122443234388893,"{'classifier__ccp_alpha': np.float64(0.000749392593861139), 'classifier__learning_rate': np.float64(0.030870234568817854), 'classifier__max_depth': 2, 'classifier__max_features': 'sqrt', 'classifier__max_leaf_nodes': 4, 'classifier__min_impurity_decrease': np.float64(0.06543631998117248), 'classifier__min_samples_leaf': 5, 'classifier__min_samples_split': 18, 'classifier__n_estimators': 194, 'feature_selection_filter__k': 22}",2.7515735626220703,"[1, 2, 3, 4, 5, 6, 7, 8, 9, 10, 11, 12, 14, 16, 17, 18, 19, 20, 21, 27, 28, 29]","['V1', 'V2', 'V3', 'V4', 'V5', 'V6', 'V7', 'V8', 'V9', 'V10', 'V11', 'V12', 'V14', 'V16', 'V17', 'V18', 'V19', 'V20', 'V21', 'V27', 'V28', 'Time_sin']"
CostSensitiveLearning_with_RandomUnderSampler___RandomizedSearchCV__niter_30__cv_5,4,10,LogitBoostClassifier,resubstitution,353,22119,16,73,0.9960551393998492,0.9566395663956639,0.8286384976525821,0.8880503144654088,0.9992771628642422,0.0007228371357578256,0.9139578302584122,0.9099667724562036,0.8884218996124412,0.8860530143476699,0.9701003021365903,0.8747571950870066,22561,0.8871636921814519,0.005780034502259696,0.8823383413504493,0.011806967080250681,"{'classifier__ccp_alpha': np.float64(0.0005748875415439924), 'classifier__learning_rate': np.float64(0.05906026364292854), 'classifier__max_depth': 2, 'classifier__max_features': 'log2', 'classifier__max_leaf_nodes': 14, 'classifier__min_impurity_decrease': np.float64(0.09265738773150729), 'classifier__min_samples_leaf': 8, 'classifier__min_samples_split': 13, 'classifier__n_estimators': 375, 'feature_selection_filter__k': 28}",2.2026185989379883,"[0, 1, 2, 3, 4, 5, 6, 7, 8, 9, 10, 11, 12, 13, 14, 16, 17, 18, 19, 20, 21, 22, 23, 24, 27, 28, 29, 30]","['Amount_log1p', 'V1', 'V2', 'V3', 'V4', 'V5', 'V6', 'V7', 'V8', 'V9', 'V10', 'V11', 'V12', 'V13', 'V14', 'V16', 'V17', 'V18', 'V19', 'V20', 'V21', 'V22', 'V23', 'V24', 'V27', 'V28', 'Time_sin', 'Time_cos']"
CostSensitiveLearning_with_RandomUnderSampler___RandomizedSearchCV__niter_30__cv_5,5,1,LogitBoostClassifier,resubstitution,351,22125,9,75,0.9962765957446809,0.975,0.823943661971831,0.8931297709923665,0.9995933857413933,0.00040661425860666345,0.9117685238566122,0.9075288616515645,0.8945202075775627,0.8912486571357738,0.9722629472809873,0.8751195197180158,22560,0.9007710155421425,0.0042231949289822535,0.8944219534684755,0.0242641413774007,"{'classifier__ccp_alpha': np.float64(0.0005690879959987061), 'classifier__learning_rate': np.float64(0.026554921861973488), 'classifier__max_depth': 1, 'classifier__max_features': 'sqrt', 'classifier__max_leaf_nodes': 4, 'classifier__min_impurity_decrease': np.float64(0.05580391983419254), 'classifier__min_samples_leaf': 5, 'classifier__min_samples_split': 8, 'classifier__n_estimators': 285, 'feature_selection_filter__k': 22}",2.166672945022583,"[1, 2, 3, 4, 5, 6, 7, 8, 9, 10, 11, 12, 14, 16, 17, 18, 19, 20, 21, 27, 28, 29]","['V1', 'V2', 'V3', 'V4', 'V5', 'V6', 'V7', 'V8', 'V9', 'V10', 'V11', 'V12', 'V14', 'V16', 'V17', 'V18', 'V19', 'V20', 'V21', 'V27', 'V28', 'Time_sin']"
CostSensitiveLearning_with_RandomUnderSampler___RandomizedSearchCV__niter_30__cv_5,5,2,LogitBoostClassifier,resubstitution,351,22123,11,75,0.9961879432624113,0.9696132596685083,0.823943661971831,0.8908629441624365,0.9995030270172586,0.0004969729827414282,0.9117233444945447,0.9074878424709226,0.8919880397957227,0.8889360585489972,0.9674610492387171,0.8650132231509171,22560,0.8883752732740046,0.007426492509328691,0.8827608637117745,0.023658431310716623,"{'classifier__ccp_alpha': np.float64(0.0004943839843506426), 'classifier__learning_rate': np.float64(0.10245276232962958), 'classifier__max_depth': 1, 'classifier__max_features': 'sqrt', 'classifier__max_leaf_nodes': 9, 'classifier__min_impurity_decrease': np.float64(0.017270335365163893), 'classifier__min_samples_leaf': 4, 'classifier__min_samples_split': 2, 'classifier__n_estimators': 160, 'feature_selection_filter__k': 28}",1.7035887241363525,"[0, 1, 2, 3, 4, 5, 6, 7, 8, 9, 10, 11, 12, 14, 16, 17, 18, 19, 20, 21, 22, 23, 24, 26, 27, 28, 29, 30]","['Amount_log1p', 'V1', 'V2', 'V3', 'V4', 'V5', 'V6', 'V7', 'V8', 'V9', 'V10', 'V11', 'V12', 'V14', 'V16', 'V17', 'V18', 'V19', 'V20', 'V21', 'V22', 'V23', 'V24', 'V26', 'V27', 'V28', 'Time_sin', 'Time_cos']"
CostSensitiveLearning_with_RandomUnderSampler___RandomizedSearchCV__niter_30__cv_5,5,3,LogitBoostClassifier,resubstitution,353,22112,22,73,0.9957890070921985,0.9413333333333334,0.8286384976525821,0.8813982521847691,0.999006054034517,0.0009939459654829674,0.9138222758435496,0.9098433248427975,0.8811163547744649,0.8792635482050086,0.9715881203306705,0.8741799451407877,22560,0.8880459908900219,0.0036908982931463837,0.8838881073542966,0.022402680530852967,"{'classifier__ccp_alpha': np.float64(0.0004604099363148551), 'classifier__learning_rate': np.float64(0.035228389912839206), 'classifier__max_depth': 2, 'classifier__max_features': 'sqrt', 'classifier__max_leaf_nodes': 16, 'classifier__min_impurity_decrease': np.float64(0.0370512753651366), 'classifier__min_samples_leaf': 2, 'classifier__min_samples_split': 12, 'classifier__n_estimators': 300, 'feature_selection_filter__k': 28}",3.084834337234497,"[0, 1, 2, 3, 4, 5, 6, 7, 8, 9, 10, 11, 12, 13, 14, 16, 17, 18, 19, 20, 21, 23, 24, 26, 27, 28, 29, 30]","['Amount_log1p', 'V1', 'V2', 'V3', 'V4', 'V5', 'V6', 'V7', 'V8', 'V9', 'V10', 'V11', 'V12', 'V13', 'V14', 'V16', 'V17', 'V18', 'V19', 'V20', 'V21', 'V23', 'V24', 'V26', 'V27', 'V28', 'Time_sin', 'Time_cos']"
CostSensitiveLearning_with_RandomUnderSampler___RandomizedSearchCV__niter_30__cv_5,5,4,LogitBoostClassifier,resubstitution,342,22125,9,84,0.995877659574468,0.9743589743589743,0.8028169014084507,0.8803088803088803,0.9995933857413933,0.00040661425860666345,0.901205143574922,0.895818321206531,0.8824968825676227,0.8782314730272683,0.9607303848390788,0.8697266023728905,22560,0.8808201308889089,0.009542862613762916,0.8777766681836539,0.014326807336682191,"{'classifier__ccp_alpha': np.float64(0.0020666754852732296), 'classifier__learning_rate': np.float64(0.014166022484680229), 'classifier__max_depth': 3, 'classifier__max_features': 'sqrt', 'classifier__max_leaf_nodes': 9, 'classifier__min_impurity_decrease': np.float64(0.02065993831093235), 'classifier__min_samples_leaf': 6, 'classifier__min_samples_split': 15, 'classifier__n_estimators': 392, 'feature_selection_filter__k': 20}",3.900935411453247,"[1, 2, 3, 4, 5, 6, 7, 8, 9, 10, 11, 12, 14, 16, 17, 18, 19, 20, 21, 27]","['V1', 'V2', 'V3', 'V4', 'V5', 'V6', 'V7', 'V8', 'V9', 'V10', 'V11', 'V12', 'V14', 'V16', 'V17', 'V18', 'V19', 'V20', 'V21', 'V27']"
CostSensitiveLearning_with_RandomUnderSampler___RandomizedSearchCV__niter_30__cv_5,5,5,LogitBoostClassifier,resubstitution,352,22122,13,73,0.9961879432624113,0.9643835616438357,0.8282352941176471,0.8911392405063291,0.9994126948271967,0.0005873051728032541,0.9138239944724219,0.9098070494589023,0.8918788914860584,0.8892106337599895,0.9676854595463665,0.8780483406070655,22560,0.8951130213468705,0.008028983835406211,0.8849947520833596,0.02260414649464228,"{'classifier__ccp_alpha': np.float64(0.0011091623802032147), 'classifier__learning_rate': np.float64(0.01679556672909773), 'classifier__max_depth': 3, 'classifier__max_features': 'sqrt', 'classifier__max_leaf_nodes': 19, 'classifier__min_impurity_decrease': np.float64(0.06014607445494172), 'classifier__min_samples_leaf': 2, 'classifier__min_samples_split': 13, 'classifier__n_estimators': 269, 'feature_selection_filter__k': 'all'}",3.96156907081604,"[0, 1, 2, 3, 4, 5, 6, 7, 8, 9, 10, 11, 12, 13, 14, 15, 16, 17, 18, 19, 20, 21, 22, 23, 24, 25, 26, 27, 28, 29, 30]","['Amount_log1p', 'V1', 'V2', 'V3', 'V4', 'V5', 'V6', 'V7', 'V8', 'V9', 'V10', 'V11', 'V12', 'V13', 'V14', 'V15', 'V16', 'V17', 'V18', 'V19', 'V20', 'V21', 'V22', 'V23', 'V24', 'V25', 'V26', 'V27', 'V28', 'Time_sin', 'Time_cos']"
CostSensitiveLearning_with_RandomUnderSampler___RandomizedSearchCV__niter_30__cv_5,5,6,LogitBoostClassifier,resubstitution,354,22114,21,71,0.9959219858156029,0.944,0.8329411764705882,0.885,0.9990512762593178,0.0009487237406822224,0.915996226364953,0.9122230787487667,0.8847249287255782,0.8829324421506832,0.9594683958064817,0.8769183290132121,22560,0.8923100177018837,0.006065376025194784,0.8773883646134223,0.0252131110577472,"{'classifier__ccp_alpha': np.float64(0.0006764551315445866), 'classifier__learning_rate': np.float64(0.08655218268884665), 'classifier__max_depth': 3, 'classifier__max_features': 'sqrt', 'classifier__max_leaf_nodes': 6, 'classifier__min_impurity_decrease': np.float64(0.06857652999488277), 'classifier__min_samples_leaf': 4, 'classifier__min_samples_split': 4, 'classifier__n_estimators': 219, 'feature_selection_filter__k': 26}",1.921800136566162,"[0, 1, 2, 3, 4, 5, 6, 7, 8, 9, 10, 11, 12, 14, 16, 17, 18, 19, 20, 21, 22, 23, 24, 27, 28, 29]","['Amount_log1p', 'V1', 'V2', 'V3', 'V4', 'V5', 'V6', 'V7', 'V8', 'V9', 'V10', 'V11', 'V12', 'V14', 'V16', 'V17', 'V18', 'V19', 'V20', 'V21', 'V22', 'V23', 'V24', 'V27', 'V28', 'Time_sin']"
CostSensitiveLearning_with_RandomUnderSampler___RandomizedSearchCV__niter_30__cv_5,5,7,LogitBoostClassifier,resubstitution,357,22122,13,68,0.9964095744680851,0.9648648648648649,0.84,0.8981132075471698,0.9994126948271967,0.0005873051728032541,0.9197063474135984,0.9162459624221245,0.8985251713956974,0.8962946988485134,0.977296110764161,0.8897255678821947,22560,0.8968803235982967,0.006789678066776515,0.8912498843002691,0.020090258607753708,"{'classifier__ccp_alpha': np.float64(0.00035683973193038286), 'classifier__learning_rate': np.float64(0.015810326512743358), 'classifier__max_depth': 2, 'classifier__max_features': 'log2', 'classifier__max_leaf_nodes': 6, 'classifier__min_impurity_decrease': np.float64(0.09504225610598155), 'classifier__min_samples_leaf': 8, 'classifier__min_samples_split': 18, 'classifier__n_estimators': 361, 'feature_selection_filter__k': 22}",3.809572458267212,"[1, 2, 3, 4, 5, 6, 7, 8, 9, 10, 11, 12, 14, 16, 17, 18, 19, 20, 21, 27, 28, 29]","['V1', 'V2', 'V3', 'V4', 'V5', 'V6', 'V7', 'V8', 'V9', 'V10', 'V11', 'V12', 'V14', 'V16', 'V17', 'V18', 'V19', 'V20', 'V21', 'V27', 'V28', 'Time_sin']"
CostSensitiveLearning_with_RandomUnderSampler___RandomizedSearchCV__niter_30__cv_5,5,8,LogitBoostClassifier,resubstitution,362,22109,26,64,0.9960108151234431,0.9329896907216495,0.8497652582159625,0.8894348894348895,0.9988253896543935,0.0011746103456065082,0.924295323935178,0.9212855774146934,0.888412606671797,0.8874081613709334,0.9855298419536117,0.9059211818178271,22561,0.8887275148907114,0.007249519456398361,0.8811712435485441,0.019804010529356028,"{'classifier__ccp_alpha': np.float64(6.375331637226256e-05), 'classifier__learning_rate': np.float64(0.01466517762632322), 'classifier__max_depth': 2, 'classifier__max_features': 'sqrt', 'classifier__max_leaf_nodes': 19, 'classifier__min_impurity_decrease': np.float64(0.0745913265587222), 'classifier__min_samples_leaf': 8, 'classifier__min_samples_split': 15, 'classifier__n_estimators': 321, 'feature_selection_filter__k': 26}",5.656277656555176,"[0, 1, 2, 3, 4, 5, 6, 7, 8, 9, 10, 11, 12, 14, 16, 17, 18, 19, 20, 21, 22, 23, 24, 27, 28, 29]","['Amount_log1p', 'V1', 'V2', 'V3', 'V4', 'V5', 'V6', 'V7', 'V8', 'V9', 'V10', 'V11', 'V12', 'V14', 'V16', 'V17', 'V18', 'V19', 'V20', 'V21', 'V22', 'V23', 'V24', 'V27', 'V28', 'Time_sin']"
CostSensitiveLearning_with_RandomUnderSampler___RandomizedSearchCV__niter_30__cv_5,5,9,LogitBoostClassifier,resubstitution,352,22117,18,74,0.9959221665706307,0.9513513513513514,0.8262910798122066,0.8844221105527639,0.9991868082222725,0.0008131917777275399,0.9127389440172395,0.9086358713478649,0.8846280548168644,0.8823570353781568,0.9731729962638567,0.8788648911853957,22561,0.8833724916391581,0.005389375478196911,0.878679099047434,0.024727562927141282,"{'classifier__ccp_alpha': np.float64(7.943570534962863e-06), 'classifier__learning_rate': np.float64(0.05158394410586703), 'classifier__max_depth': 2, 'classifier__max_features': 'sqrt', 'classifier__max_leaf_nodes': 2, 'classifier__min_impurity_decrease': np.float64(0.017582925895277525), 'classifier__min_samples_leaf': 3, 'classifier__min_samples_split': 7, 'classifier__n_estimators': 108, 'feature_selection_filter__k': 'all'}",2.640432357788086,"[0, 1, 2, 3, 4, 5, 6, 7, 8, 9, 10, 11, 12, 13, 14, 15, 16, 17, 18, 19, 20, 21, 22, 23, 24, 25, 26, 27, 28, 29, 30]","['Amount_log1p', 'V1', 'V2', 'V3', 'V4', 'V5', 'V6', 'V7', 'V8', 'V9', 'V10', 'V11', 'V12', 'V13', 'V14', 'V15', 'V16', 'V17', 'V18', 'V19', 'V20', 'V21', 'V22', 'V23', 'V24', 'V25', 'V26', 'V27', 'V28', 'Time_sin', 'Time_cos']"
CostSensitiveLearning_with_RandomUnderSampler___RandomizedSearchCV__niter_30__cv_5,5,10,LogitBoostClassifier,resubstitution,345,22128,7,81,0.9960994636762555,0.9801136363636364,0.8098591549295775,0.8868894601542416,0.9996837587531059,0.00031624124689411115,0.9047714568413416,0.8997794418970763,0.8890958937256819,0.8849232409300095,0.9630360432302422,0.8577641261761431,22561,0.8902459211503301,0.0040666802732198795,0.8806298953051692,0.02831898877769249,"{'classifier__ccp_alpha': np.float64(0.0020100359611797394), 'classifier__learning_rate': np.float64(0.03061985461385932), 'classifier__max_depth': 2, 'classifier__max_features': 'sqrt', 'classifier__max_leaf_nodes': 16, 'classifier__min_impurity_decrease': np.float64(0.03330788124976835), 'classifier__min_samples_leaf': 3, 'classifier__min_samples_split': 12, 'classifier__n_estimators': 320, 'feature_selection_filter__k': 28}",2.565096378326416,"[0, 1, 2, 3, 4, 5, 6, 7, 8, 9, 10, 11, 12, 14, 16, 17, 18, 19, 20, 21, 22, 23, 24, 25, 26, 27, 28, 29]","['Amount_log1p', 'V1', 'V2', 'V3', 'V4', 'V5', 'V6', 'V7', 'V8', 'V9', 'V10', 'V11', 'V12', 'V14', 'V16', 'V17', 'V18', 'V19', 'V20', 'V21', 'V22', 'V23', 'V24', 'V25', 'V26', 'V27', 'V28', 'Time_sin']"
CostSensitiveLearning_with_RandomUnderSampler___RandomizedSearchCV__niter_30__cv_5,6,1,LogitBoostClassifier,resubstitution,350,22122,12,76,0.9960992907801418,0.9668508287292817,0.8215962441314554,0.8883248730964467,0.9994578476551911,0.0005421523448089216,0.9105270458933232,0.9061737216456971,0.889396289634886,0.8863531761896715,0.9727588597153234,0.8774714630526821,22560,0.8869316330170054,0.005113926251028466,0.8807955717099232,0.017574425178649135,"{'classifier__ccp_alpha': np.float64(0.0004951825669758959), 'classifier__learning_rate': np.float64(0.052182985984641904), 'classifier__max_depth': 2, 'classifier__max_features': 'sqrt', 'classifier__max_leaf_nodes': 6, 'classifier__min_impurity_decrease': np.float64(0.019917058270026933), 'classifier__min_samples_leaf': 8, 'classifier__min_samples_split': 19, 'classifier__n_estimators': 314, 'feature_selection_filter__k': 24}",2.5313308238983154,"[0, 1, 2, 3, 4, 5, 6, 7, 8, 9, 10, 11, 12, 14, 16, 17, 18, 19, 20, 21, 24, 27, 28, 29]","['Amount_log1p', 'V1', 'V2', 'V3', 'V4', 'V5', 'V6', 'V7', 'V8', 'V9', 'V10', 'V11', 'V12', 'V14', 'V16', 'V17', 'V18', 'V19', 'V20', 'V21', 'V24', 'V27', 'V28', 'Time_sin']"
CostSensitiveLearning_with_RandomUnderSampler___RandomizedSearchCV__niter_30__cv_5,6,2,LogitBoostClassifier,resubstitution,350,22124,10,76,0.9961879432624113,0.9722222222222222,0.8215962441314554,0.8905852417302799,0.999548206379326,0.0004517936206740458,0.9105722252553907,0.9062146832785193,0.8919213851540643,0.8886593394485304,0.9680420176551615,0.8693675186832759,22560,0.8865680245559231,0.00716776609700998,0.8793236856518751,0.024924511705747537,"{'classifier__ccp_alpha': np.float64(0.0003452095522857956), 'classifier__learning_rate': np.float64(0.023485991755455776), 'classifier__max_depth': 1, 'classifier__max_features': 'log2', 'classifier__max_leaf_nodes': 5, 'classifier__min_impurity_decrease': np.float64(0.028317825960341027), 'classifier__min_samples_leaf': 5, 'classifier__min_samples_split': 2, 'classifier__n_estimators': 281, 'feature_selection_filter__k': 20}",2.6496219635009766,"[1, 2, 3, 4, 5, 6, 7, 8, 9, 10, 11, 12, 14, 16, 17, 18, 19, 20, 21, 27]","['V1', 'V2', 'V3', 'V4', 'V5', 'V6', 'V7', 'V8', 'V9', 'V10', 'V11', 'V12', 'V14', 'V16', 'V17', 'V18', 'V19', 'V20', 'V21', 'V27']"
CostSensitiveLearning_with_RandomUnderSampler___RandomizedSearchCV__niter_30__cv_5,6,3,LogitBoostClassifier,resubstitution,362,22099,35,64,0.9956117021276596,0.9118387909319899,0.8497652582159625,0.8797083839611178,0.9984187223276407,0.0015812776723592714,0.9240919902718017,0.9210980096528267,0.8780420024495686,0.8774762960871016,0.9837478910994959,0.900996957960471,22560,0.893210110049165,0.009496140985540193,0.8856822198656769,0.00975625424018367,"{'classifier__ccp_alpha': np.float64(0.00018121050069946465), 'classifier__learning_rate': np.float64(0.04032084963950673), 'classifier__max_depth': 2, 'classifier__max_features': 'sqrt', 'classifier__max_leaf_nodes': 3, 'classifier__min_impurity_decrease': np.float64(0.0820416018107117), 'classifier__min_samples_leaf': 4, 'classifier__min_samples_split': 3, 'classifier__n_estimators': 164, 'feature_selection_filter__k': 28}",2.9626009464263916,"[0, 1, 2, 3, 4, 5, 6, 7, 8, 9, 10, 11, 12, 14, 16, 17, 18, 19, 20, 21, 22, 23, 24, 26, 27, 28, 29, 30]","['Amount_log1p', 'V1', 'V2', 'V3', 'V4', 'V5', 'V6', 'V7', 'V8', 'V9', 'V10', 'V11', 'V12', 'V14', 'V16', 'V17', 'V18', 'V19', 'V20', 'V21', 'V22', 'V23', 'V24', 'V26', 'V27', 'V28', 'Time_sin', 'Time_cos']"
CostSensitiveLearning_with_RandomUnderSampler___RandomizedSearchCV__niter_30__cv_5,6,4,LogitBoostClassifier,resubstitution,359,22114,20,67,0.9961436170212766,0.9472295514511874,0.8427230046948356,0.8919254658385093,0.9990964127586518,0.0009035872413482027,0.9209097087267437,0.917584617863553,0.8915455270232779,0.8899690613666682,0.973815696201243,0.8836760834003504,22560,0.8990938737871307,0.001468915956554319,0.8903250227643997,0.023131582304327485,"{'classifier__ccp_alpha': np.float64(0.00017924351258356564), 'classifier__learning_rate': np.float64(0.07976890530718066), 'classifier__max_depth': 1, 'classifier__max_features': 'sqrt', 'classifier__max_leaf_nodes': 5, 'classifier__min_impurity_decrease': np.float64(0.04952500558867502), 'classifier__min_samples_leaf': 5, 'classifier__min_samples_split': 16, 'classifier__n_estimators': 368, 'feature_selection_filter__k': 20}",1.7857115268707275,"[1, 2, 3, 4, 5, 6, 7, 8, 9, 10, 11, 12, 14, 16, 17, 18, 19, 20, 21, 27]","['V1', 'V2', 'V3', 'V4', 'V5', 'V6', 'V7', 'V8', 'V9', 'V10', 'V11', 'V12', 'V14', 'V16', 'V17', 'V18', 'V19', 'V20', 'V21', 'V27']"
CostSensitiveLearning_with_RandomUnderSampler___RandomizedSearchCV__niter_30__cv_5,6,5,LogitBoostClassifier,resubstitution,355,22123,12,70,0.9963652482269504,0.9673024523160763,0.8352941176470589,0.8964646464646465,0.9994578721481816,0.000542127851818397,0.9173759948976202,0.9136964930661726,0.89712023482499,0.8946248968276165,0.971066955447189,0.8810473108786349,22560,0.8978804872200493,0.0016598118575600238,0.8931269806520621,0.010884104681679108,"{'classifier__ccp_alpha': np.float64(0.0013975124993272127), 'classifier__learning_rate': np.float64(0.028682205443113416), 'classifier__max_depth': 3, 'classifier__max_features': 'log2', 'classifier__max_leaf_nodes': 5, 'classifier__min_impurity_decrease': np.float64(0.009588347243522545), 'classifier__min_samples_leaf': 8, 'classifier__min_samples_split': 13, 'classifier__n_estimators': 87, 'feature_selection_filter__k': 20}",2.8672714233398438,"[1, 2, 3, 4, 5, 6, 7, 8, 9, 10, 11, 12, 14, 16, 17, 18, 19, 20, 21, 27]","['V1', 'V2', 'V3', 'V4', 'V5', 'V6', 'V7', 'V8', 'V9', 'V10', 'V11', 'V12', 'V14', 'V16', 'V17', 'V18', 'V19', 'V20', 'V21', 'V27']"
CostSensitiveLearning_with_RandomUnderSampler___RandomizedSearchCV__niter_30__cv_5,6,6,LogitBoostClassifier,resubstitution,358,22113,22,67,0.9960549645390071,0.9421052631578948,0.8423529411764706,0.8894409937888199,0.9990060989383329,0.0009939010616670796,0.9206795200574018,0.9173416624649384,0.8888797744866923,0.8874390339615872,0.9710413903984905,0.8849287323059689,22560,0.8873334424659278,0.005481920241187073,0.8809360751529984,0.015250765005351411,"{'classifier__ccp_alpha': np.float64(0.00034839591240071747), 'classifier__learning_rate': np.float64(0.05671652743396034), 'classifier__max_depth': 2, 'classifier__max_features': 'sqrt', 'classifier__max_leaf_nodes': 14, 'classifier__min_impurity_decrease': np.float64(0.09212412593404579), 'classifier__min_samples_leaf': 8, 'classifier__min_samples_split': 11, 'classifier__n_estimators': 242, 'feature_selection_filter__k': 26}",2.2946152687072754,"[0, 1, 2, 3, 4, 5, 6, 7, 8, 9, 10, 11, 12, 14, 16, 17, 18, 19, 20, 21, 22, 23, 24, 27, 28, 29]","['Amount_log1p', 'V1', 'V2', 'V3', 'V4', 'V5', 'V6', 'V7', 'V8', 'V9', 'V10', 'V11', 'V12', 'V14', 'V16', 'V17', 'V18', 'V19', 'V20', 'V21', 'V22', 'V23', 'V24', 'V27', 'V28', 'Time_sin']"
CostSensitiveLearning_with_RandomUnderSampler___RandomizedSearchCV__niter_30__cv_5,6,7,LogitBoostClassifier,resubstitution,334,22128,7,91,0.9956560283687943,0.9794721407624634,0.7858823529411765,0.8720626631853786,0.9996837587531059,0.00031624124689411115,0.8927830558471412,0.8863598730346327,0.8753415112897893,0.8698801902877445,0.9629175513892027,0.8548629847624126,22560,0.8726563581700217,0.004881485616614402,0.8662379179672346,0.020610042587600724,"{'classifier__ccp_alpha': np.float64(0.0006659858097879023), 'classifier__learning_rate': np.float64(0.01304264114636687), 'classifier__max_depth': 1, 'classifier__max_features': 'log2', 'classifier__max_leaf_nodes': 3, 'classifier__min_impurity_decrease': np.float64(0.022639916988466225), 'classifier__min_samples_leaf': 4, 'classifier__min_samples_split': 17, 'classifier__n_estimators': 235, 'feature_selection_filter__k': 26}",2.250321865081787,"[0, 1, 2, 3, 4, 5, 6, 7, 8, 9, 10, 11, 12, 14, 16, 17, 18, 19, 20, 21, 23, 24, 27, 28, 29, 30]","['Amount_log1p', 'V1', 'V2', 'V3', 'V4', 'V5', 'V6', 'V7', 'V8', 'V9', 'V10', 'V11', 'V12', 'V14', 'V16', 'V17', 'V18', 'V19', 'V20', 'V21', 'V23', 'V24', 'V27', 'V28', 'Time_sin', 'Time_cos']"
CostSensitiveLearning_with_RandomUnderSampler___RandomizedSearchCV__niter_30__cv_5,6,8,LogitBoostClassifier,resubstitution,346,22126,9,80,0.9960551393998492,0.9746478873239437,0.812206572769953,0.8860435339308579,0.9995934041111362,0.00040659588886382547,0.9058999884405445,0.9010418042003138,0.8878595145129332,0.8840532401538058,0.9642418853153558,0.8744559878639085,22561,0.8923520439424246,0.0046619700418302264,0.8798730103122114,0.01536117277264648,"{'classifier__ccp_alpha': np.float64(0.0004172451242733011), 'classifier__learning_rate': np.float64(0.015015710928337624), 'classifier__max_depth': 3, 'classifier__max_features': 'sqrt', 'classifier__max_leaf_nodes': 8, 'classifier__min_impurity_decrease': np.float64(0.00893868021046419), 'classifier__min_samples_leaf': 4, 'classifier__min_samples_split': 8, 'classifier__n_estimators': 116, 'feature_selection_filter__k': 28}",3.9331367015838623,"[0, 1, 2, 3, 4, 5, 6, 7, 8, 9, 10, 11, 12, 14, 16, 17, 18, 19, 20, 21, 23, 24, 25, 26, 27, 28, 29, 30]","['Amount_log1p', 'V1', 'V2', 'V3', 'V4', 'V5', 'V6', 'V7', 'V8', 'V9', 'V10', 'V11', 'V12', 'V14', 'V16', 'V17', 'V18', 'V19', 'V20', 'V21', 'V23', 'V24', 'V25', 'V26', 'V27', 'V28', 'Time_sin', 'Time_cos']"
CostSensitiveLearning_with_RandomUnderSampler___RandomizedSearchCV__niter_30__cv_5,6,9,LogitBoostClassifier,resubstitution,361,22119,16,65,0.9964097336110987,0.9575596816976127,0.8474178403755869,0.8991282689912827,0.9992771628642422,0.0007228371357578256,0.9233475016199145,0.9202202428174788,0.8990440188616493,0.8973075387016972,0.9767071671804791,0.8908798502716953,22561,0.8902680363272145,0.010595109184686088,0.8876908521702795,0.014799068887571685,"{'classifier__ccp_alpha': np.float64(0.00028411856713251747), 'classifier__learning_rate': np.float64(0.10862862952968629), 'classifier__max_depth': 2, 'classifier__max_features': 'sqrt', 'classifier__max_leaf_nodes': 18, 'classifier__min_impurity_decrease': np.float64(0.023205322827046404), 'classifier__min_samples_leaf': 4, 'classifier__min_samples_split': 14, 'classifier__n_estimators': 267, 'feature_selection_filter__k': 'all'}",2.0573763847351074,"[0, 1, 2, 3, 4, 5, 6, 7, 8, 9, 10, 11, 12, 13, 14, 15, 16, 17, 18, 19, 20, 21, 22, 23, 24, 25, 26, 27, 28, 29, 30]","['Amount_log1p', 'V1', 'V2', 'V3', 'V4', 'V5', 'V6', 'V7', 'V8', 'V9', 'V10', 'V11', 'V12', 'V13', 'V14', 'V15', 'V16', 'V17', 'V18', 'V19', 'V20', 'V21', 'V22', 'V23', 'V24', 'V25', 'V26', 'V27', 'V28', 'Time_sin', 'Time_cos']"
CostSensitiveLearning_with_RandomUnderSampler___RandomizedSearchCV__niter_30__cv_5,6,10,LogitBoostClassifier,resubstitution,346,22125,10,80,0.9960108151234431,0.9719101123595506,0.812206572769953,0.8849104859335039,0.9995482267901513,0.00045177320984868263,0.9058773997800522,0.9010214423638944,0.8865822661310004,0.8828972645519825,0.9668253175403599,0.8786660829099323,22561,0.8876737425533815,0.0033455647754090457,0.8878530028363546,0.01127161570055873,"{'classifier__ccp_alpha': np.float64(0.001099593169582237), 'classifier__learning_rate': np.float64(0.02379186374134257), 'classifier__max_depth': 2, 'classifier__max_features': 'log2', 'classifier__max_leaf_nodes': 10, 'classifier__min_impurity_decrease': np.float64(0.02397909655400752), 'classifier__min_samples_leaf': 2, 'classifier__min_samples_split': 6, 'classifier__n_estimators': 216, 'feature_selection_filter__k': 22}",2.3880016803741455,"[1, 2, 3, 4, 5, 6, 7, 8, 9, 10, 11, 12, 14, 16, 17, 18, 19, 20, 21, 27, 28, 29]","['V1', 'V2', 'V3', 'V4', 'V5', 'V6', 'V7', 'V8', 'V9', 'V10', 'V11', 'V12', 'V14', 'V16', 'V17', 'V18', 'V19', 'V20', 'V21', 'V27', 'V28', 'Time_sin']"
CostSensitiveLearning_with_RandomUnderSampler___RandomizedSearchCV__niter_30__cv_5,7,1,LogitBoostClassifier,resubstitution,355,22125,9,71,0.9964539007092199,0.9752747252747253,0.8333333333333334,0.8987341772151899,0.9995933857413933,0.00040661425860666345,0.9164633595373634,0.912685317137198,0.8998155546139894,0.896940842398976,0.9808022709310893,0.904040349442121,22560,0.8922305251959681,0.009108720235588973,0.8902349566876799,0.029720091443981293,"{'classifier__ccp_alpha': np.float64(4.722840167542541e-06), 'classifier__learning_rate': np.float64(0.013162679679957741), 'classifier__max_depth': 3, 'classifier__max_features': 'log2', 'classifier__max_leaf_nodes': 10, 'classifier__min_impurity_decrease': np.float64(0.016376374322418487), 'classifier__min_samples_leaf': 5, 'classifier__min_samples_split': 16, 'classifier__n_estimators': 174, 'feature_selection_filter__k': 28}",3.529526948928833,"[0, 1, 2, 3, 4, 5, 6, 7, 8, 9, 10, 11, 12, 13, 14, 16, 17, 18, 19, 20, 21, 22, 23, 24, 27, 28, 29, 30]","['Amount_log1p', 'V1', 'V2', 'V3', 'V4', 'V5', 'V6', 'V7', 'V8', 'V9', 'V10', 'V11', 'V12', 'V13', 'V14', 'V16', 'V17', 'V18', 'V19', 'V20', 'V21', 'V22', 'V23', 'V24', 'V27', 'V28', 'Time_sin', 'Time_cos']"
CostSensitiveLearning_with_RandomUnderSampler___RandomizedSearchCV__niter_30__cv_5,7,2,LogitBoostClassifier,resubstitution,350,22120,14,76,0.9960106382978723,0.9615384615384616,0.8215962441314554,0.8860759493670886,0.9993674889310563,0.0006325110689436864,0.9104818665312558,0.9061327581612088,0.8868918715973387,0.884058447698848,0.9641911663953785,0.8708988245100932,22560,0.8846778277660953,0.006779574576922467,0.881172055646109,0.029250947895133154,"{'classifier__ccp_alpha': np.float64(0.0012408799048963105), 'classifier__learning_rate': np.float64(0.10592590548827015), 'classifier__max_depth': 3, 'classifier__max_features': 'log2', 'classifier__max_leaf_nodes': 17, 'classifier__min_impurity_decrease': np.float64(0.08968175120940146), 'classifier__min_samples_leaf': 9, 'classifier__min_samples_split': 12, 'classifier__n_estimators': 184, 'feature_selection_filter__k': 28}",1.8185675144195557,"[0, 1, 2, 3, 4, 5, 6, 7, 8, 9, 10, 11, 12, 13, 14, 15, 16, 17, 18, 19, 20, 21, 23, 24, 25, 27, 28, 29]","['Amount_log1p', 'V1', 'V2', 'V3', 'V4', 'V5', 'V6', 'V7', 'V8', 'V9', 'V10', 'V11', 'V12', 'V13', 'V14', 'V15', 'V16', 'V17', 'V18', 'V19', 'V20', 'V21', 'V23', 'V24', 'V25', 'V27', 'V28', 'Time_sin']"
CostSensitiveLearning_with_RandomUnderSampler___RandomizedSearchCV__niter_30__cv_5,7,3,LogitBoostClassifier,resubstitution,344,22127,7,82,0.9960549645390071,0.98005698005698,0.8075117370892019,0.8854568854568855,0.9996837444655281,0.0003162555344718987,0.903597740777365,0.8984744609799415,0.8877596754460536,0.8834688290260956,0.9368373428426344,0.8488144577300109,22560,0.8824678056157801,0.012060538195556197,0.8878039074033358,0.025792775859852214,"{'classifier__ccp_alpha': np.float64(0.0028921891424723845), 'classifier__learning_rate': np.float64(0.16968119093871548), 'classifier__max_depth': 2, 'classifier__max_features': 'log2', 'classifier__max_leaf_nodes': 5, 'classifier__min_impurity_decrease': np.float64(0.09195065699689077), 'classifier__min_samples_leaf': 8, 'classifier__min_samples_split': 19, 'classifier__n_estimators': 306, 'feature_selection_filter__k': 26}",1.9447746276855469,"[0, 1, 2, 3, 4, 5, 6, 7, 8, 9, 10, 11, 12, 14, 16, 17, 18, 19, 20, 21, 22, 24, 27, 28, 29, 30]","['Amount_log1p', 'V1', 'V2', 'V3', 'V4', 'V5', 'V6', 'V7', 'V8', 'V9', 'V10', 'V11', 'V12', 'V14', 'V16', 'V17', 'V18', 'V19', 'V20', 'V21', 'V22', 'V24', 'V27', 'V28', 'Time_sin', 'Time_cos']"
CostSensitiveLearning_with_RandomUnderSampler___RandomizedSearchCV__niter_30__cv_5,7,4,LogitBoostClassifier,resubstitution,343,22128,6,83,0.9960549645390071,0.9828080229226361,0.8051643192488263,0.8851612903225806,0.9997289238275956,0.0002710761724044053,0.902446621538211,0.8971878612570545,0.887720531300398,0.8831744542217995,0.9660892829038324,0.8740912885845041,22560,0.8849343458924179,0.009852469257261309,0.8798126651534786,0.02881360204642834,"{'classifier__ccp_alpha': np.float64(0.001731619728199083), 'classifier__learning_rate': np.float64(0.01758368616840405), 'classifier__max_depth': 3, 'classifier__max_features': 'sqrt', 'classifier__max_leaf_nodes': 9, 'classifier__min_impurity_decrease': np.float64(0.09797251041862148), 'classifier__min_samples_leaf': 3, 'classifier__min_samples_split': 8, 'classifier__n_estimators': 306, 'feature_selection_filter__k': 24}",3.3651039600372314,"[1, 2, 3, 4, 5, 6, 7, 8, 9, 10, 11, 12, 14, 16, 17, 18, 19, 20, 21, 23, 24, 27, 28, 29]","['V1', 'V2', 'V3', 'V4', 'V5', 'V6', 'V7', 'V8', 'V9', 'V10', 'V11', 'V12', 'V14', 'V16', 'V17', 'V18', 'V19', 'V20', 'V21', 'V23', 'V24', 'V27', 'V28', 'Time_sin']"
CostSensitiveLearning_with_RandomUnderSampler___RandomizedSearchCV__niter_30__cv_5,7,5,LogitBoostClassifier,resubstitution,353,22123,12,72,0.9962765957446809,0.9671232876712329,0.8305882352941176,0.8936708860759494,0.9994578721481816,0.000542127851818397,0.9150230537211497,0.9111190648199454,0.8944631196793625,0.891787130649292,0.9702633306315523,0.876811726558376,22560,0.8929560581487002,0.00776315753151747,0.8842210376434385,0.027118033110244945,"{'classifier__ccp_alpha': np.float64(0.0009391769897813074), 'classifier__learning_rate': np.float64(0.025537735575171718), 'classifier__max_depth': 3, 'classifier__max_features': 'sqrt', 'classifier__max_leaf_nodes': 10, 'classifier__min_impurity_decrease': np.float64(0.08827299939118743), 'classifier__min_samples_leaf': 9, 'classifier__min_samples_split': 6, 'classifier__n_estimators': 369, 'feature_selection_filter__k': 28}",3.4155917167663574,"[0, 1, 2, 3, 4, 5, 6, 7, 8, 9, 10, 11, 12, 13, 14, 16, 17, 18, 19, 20, 21, 23, 24, 26, 27, 28, 29, 30]","['Amount_log1p', 'V1', 'V2', 'V3', 'V4', 'V5', 'V6', 'V7', 'V8', 'V9', 'V10', 'V11', 'V12', 'V13', 'V14', 'V16', 'V17', 'V18', 'V19', 'V20', 'V21', 'V23', 'V24', 'V26', 'V27', 'V28', 'Time_sin', 'Time_cos']"
CostSensitiveLearning_with_RandomUnderSampler___RandomizedSearchCV__niter_30__cv_5,7,6,LogitBoostClassifier,resubstitution,360,22123,12,65,0.9965868794326241,0.967741935483871,0.8470588235294118,0.903387703889586,0.9994578721481816,0.000542127851818397,0.9232583478387967,0.9201084769466304,0.9037310579723641,0.901658276778011,0.9818868175234856,0.900912024539152,22560,0.8916178293644442,0.005055737165663444,0.8842442603671319,0.028441790164228386,"{'classifier__ccp_alpha': np.float64(0.0002772176644456159), 'classifier__learning_rate': np.float64(0.10399496216424807), 'classifier__max_depth': 3, 'classifier__max_features': 'log2', 'classifier__max_leaf_nodes': 9, 'classifier__min_impurity_decrease': np.float64(0.031128653354334204), 'classifier__min_samples_leaf': 6, 'classifier__min_samples_split': 6, 'classifier__n_estimators': 376, 'feature_selection_filter__k': 24}",3.163069248199463,"[0, 1, 2, 3, 4, 5, 6, 7, 8, 9, 10, 11, 12, 14, 16, 17, 18, 19, 20, 21, 23, 27, 28, 29]","['Amount_log1p', 'V1', 'V2', 'V3', 'V4', 'V5', 'V6', 'V7', 'V8', 'V9', 'V10', 'V11', 'V12', 'V14', 'V16', 'V17', 'V18', 'V19', 'V20', 'V21', 'V23', 'V27', 'V28', 'Time_sin']"
CostSensitiveLearning_with_RandomUnderSampler___RandomizedSearchCV__niter_30__cv_5,7,7,LogitBoostClassifier,resubstitution,351,22121,14,74,0.9960992907801418,0.9616438356164384,0.8258823529411765,0.8886075949367088,0.9993675175062119,0.0006324824937881113,0.9126249352236941,0.9084932563376641,0.8892946632927542,0.8866341368706869,0.9717855405997955,0.8688528905445735,22560,0.8858287631384799,0.00277134611115282,0.8788606736366462,0.02027192774037276,"{'classifier__ccp_alpha': np.float64(0.00017461061986197347), 'classifier__learning_rate': np.float64(0.03615090388990511), 'classifier__max_depth': 1, 'classifier__max_features': 'sqrt', 'classifier__max_leaf_nodes': 8, 'classifier__min_impurity_decrease': np.float64(0.054659225905757905), 'classifier__min_samples_leaf': 3, 'classifier__min_samples_split': 9, 'classifier__n_estimators': 294, 'feature_selection_filter__k': 26}",2.953028917312622,"[0, 1, 2, 3, 4, 5, 6, 7, 8, 9, 10, 11, 12, 14, 16, 17, 18, 19, 20, 21, 23, 24, 27, 28, 29, 30]","['Amount_log1p', 'V1', 'V2', 'V3', 'V4', 'V5', 'V6', 'V7', 'V8', 'V9', 'V10', 'V11', 'V12', 'V14', 'V16', 'V17', 'V18', 'V19', 'V20', 'V21', 'V23', 'V24', 'V27', 'V28', 'Time_sin', 'Time_cos']"
CostSensitiveLearning_with_RandomUnderSampler___RandomizedSearchCV__niter_30__cv_5,7,8,LogitBoostClassifier,resubstitution,360,22121,14,66,0.996454057887505,0.9625668449197861,0.8450704225352113,0.9,0.9993675175062119,0.0006324824937881113,0.9222189700207115,0.9189863602289969,0.9001755392890424,0.898202790365249,0.9724065195328284,0.8908009825662697,22561,0.9001214486330069,0.004207481732812747,0.8898096573832899,0.031075831015312947,"{'classifier__ccp_alpha': np.float64(0.0006685289698854335), 'classifier__learning_rate': np.float64(0.03292311518633427), 'classifier__max_depth': 2, 'classifier__max_features': 'sqrt', 'classifier__max_leaf_nodes': 15, 'classifier__min_impurity_decrease': np.float64(0.051386741953708626), 'classifier__min_samples_leaf': 9, 'classifier__min_samples_split': 19, 'classifier__n_estimators': 391, 'feature_selection_filter__k': 28}",3.9288578033447266,"[0, 1, 2, 3, 4, 5, 6, 7, 8, 9, 10, 11, 12, 14, 16, 17, 18, 19, 20, 21, 22, 23, 24, 26, 27, 28, 29, 30]","['Amount_log1p', 'V1', 'V2', 'V3', 'V4', 'V5', 'V6', 'V7', 'V8', 'V9', 'V10', 'V11', 'V12', 'V14', 'V16', 'V17', 'V18', 'V19', 'V20', 'V21', 'V22', 'V23', 'V24', 'V26', 'V27', 'V28', 'Time_sin', 'Time_cos']"
CostSensitiveLearning_with_RandomUnderSampler___RandomizedSearchCV__niter_30__cv_5,7,9,LogitBoostClassifier,resubstitution,353,22119,16,73,0.9960551393998492,0.9566395663956639,0.8286384976525821,0.8880503144654088,0.9992771628642422,0.0007228371357578256,0.9139578302584122,0.9099667724562036,0.8884218996124412,0.8860530143476699,0.9717547889550995,0.8799458206991895,22561,0.8888207051073547,0.013975424456410857,0.8855553142509665,0.032770373624545386,"{'classifier__ccp_alpha': np.float64(0.0005057427997144904), 'classifier__learning_rate': np.float64(0.08999186472167739), 'classifier__max_depth': 2, 'classifier__max_features': 'log2', 'classifier__max_leaf_nodes': 14, 'classifier__min_impurity_decrease': np.float64(0.017940262349571755), 'classifier__min_samples_leaf': 8, 'classifier__min_samples_split': 4, 'classifier__n_estimators': 152, 'feature_selection_filter__k': 20}",2.2015271186828613,"[1, 2, 3, 4, 5, 6, 7, 8, 9, 10, 11, 12, 14, 16, 17, 18, 19, 20, 21, 27]","['V1', 'V2', 'V3', 'V4', 'V5', 'V6', 'V7', 'V8', 'V9', 'V10', 'V11', 'V12', 'V14', 'V16', 'V17', 'V18', 'V19', 'V20', 'V21', 'V27']"
CostSensitiveLearning_with_RandomUnderSampler___RandomizedSearchCV__niter_30__cv_5,7,10,LogitBoostClassifier,resubstitution,352,22125,10,74,0.9962767607818802,0.9723756906077348,0.8262910798122066,0.8934010152284264,0.9995482267901513,0.00045177320984868263,0.912919653301179,0.9088001890618259,0.8945798703270292,0.8915190258027009,0.9684569505732536,0.8669723059288703,22561,0.8929287986740088,0.0058162425686293625,0.885643505750061,0.02365164441066219,"{'classifier__ccp_alpha': np.float64(0.0003818192568347378), 'classifier__learning_rate': np.float64(0.011978980310513749), 'classifier__max_depth': 1, 'classifier__max_features': 'log2', 'classifier__max_leaf_nodes': 7, 'classifier__min_impurity_decrease': np.float64(0.05931436683528788), 'classifier__min_samples_leaf': 1, 'classifier__min_samples_split': 4, 'classifier__n_estimators': 367, 'feature_selection_filter__k': 22}",3.523730993270874,"[1, 2, 3, 4, 5, 6, 7, 8, 9, 10, 11, 12, 14, 16, 17, 18, 19, 20, 21, 27, 28, 29]","['V1', 'V2', 'V3', 'V4', 'V5', 'V6', 'V7', 'V8', 'V9', 'V10', 'V11', 'V12', 'V14', 'V16', 'V17', 'V18', 'V19', 'V20', 'V21', 'V27', 'V28', 'Time_sin']"
CostSensitiveLearning_with_RandomUnderSampler___RandomizedSearchCV__niter_30__cv_5,8,1,LogitBoostClassifier,resubstitution,358,22119,15,68,0.9963209219858156,0.9597855227882037,0.8403755868544601,0.8961201501877347,0.9993223095689889,0.0006776904310110687,0.9198489482117245,0.9164093366835552,0.8963014726395152,0.8942558366319088,0.9663154978786911,0.8786568046464219,22560,0.8983239931016792,0.0037231580054294267,0.8947452073141428,0.022251300485290882,"{'classifier__ccp_alpha': np.float64(0.00046521440127980207), 'classifier__learning_rate': np.float64(0.07872315158323914), 'classifier__max_depth': 2, 'classifier__max_features': 'log2', 'classifier__max_leaf_nodes': 10, 'classifier__min_impurity_decrease': np.float64(0.09062919770234229), 'classifier__min_samples_leaf': 8, 'classifier__min_samples_split': 8, 'classifier__n_estimators': 397, 'feature_selection_filter__k': 26}",2.664069414138794,"[0, 1, 2, 3, 4, 5, 6, 7, 8, 9, 10, 11, 12, 14, 16, 17, 18, 19, 20, 21, 22, 23, 24, 27, 28, 29]","['Amount_log1p', 'V1', 'V2', 'V3', 'V4', 'V5', 'V6', 'V7', 'V8', 'V9', 'V10', 'V11', 'V12', 'V14', 'V16', 'V17', 'V18', 'V19', 'V20', 'V21', 'V22', 'V23', 'V24', 'V27', 'V28', 'Time_sin']"
CostSensitiveLearning_with_RandomUnderSampler___RandomizedSearchCV__niter_30__cv_5,8,2,LogitBoostClassifier,resubstitution,361,22117,17,65,0.9963652482269504,0.955026455026455,0.8474178403755869,0.8980099502487562,0.999231950844854,0.0007680491551459445,0.9233248956102205,0.9201994250265705,0.8978262680582239,0.8961663170968598,0.9734879867439933,0.8928303901786875,22560,0.9010554108454288,0.006146426918637742,0.8934498904125213,0.009626254550313641,"{'classifier__ccp_alpha': np.float64(0.00036702005898833437), 'classifier__learning_rate': np.float64(0.04237281765618605), 'classifier__max_depth': 3, 'classifier__max_features': 'sqrt', 'classifier__max_leaf_nodes': 12, 'classifier__min_impurity_decrease': np.float64(0.04031687837461439), 'classifier__min_samples_leaf': 4, 'classifier__min_samples_split': 15, 'classifier__n_estimators': 207, 'feature_selection_filter__k': 'all'}",3.5893478393554688,"[0, 1, 2, 3, 4, 5, 6, 7, 8, 9, 10, 11, 12, 13, 14, 15, 16, 17, 18, 19, 20, 21, 22, 23, 24, 25, 26, 27, 28, 29, 30]","['Amount_log1p', 'V1', 'V2', 'V3', 'V4', 'V5', 'V6', 'V7', 'V8', 'V9', 'V10', 'V11', 'V12', 'V13', 'V14', 'V15', 'V16', 'V17', 'V18', 'V19', 'V20', 'V21', 'V22', 'V23', 'V24', 'V25', 'V26', 'V27', 'V28', 'Time_sin', 'Time_cos']"
CostSensitiveLearning_with_RandomUnderSampler___RandomizedSearchCV__niter_30__cv_5,8,3,LogitBoostClassifier,resubstitution,355,22105,29,71,0.9955673758865248,0.9244791666666666,0.8333333333333334,0.8765432098765432,0.9986897985000451,0.0013102014999548661,0.9160115659166892,0.9122727107340423,0.8755136759872334,0.8742925613291823,0.9832202152404201,0.8932313165263011,22560,0.8790405076790048,0.008458978689730865,0.8745066012820825,0.02317995639747236,"{'classifier__ccp_alpha': np.float64(0.0002444617783585268), 'classifier__learning_rate': np.float64(0.07140284416725019), 'classifier__max_depth': 3, 'classifier__max_features': 'log2', 'classifier__max_leaf_nodes': 14, 'classifier__min_impurity_decrease': np.float64(0.02700722292745852), 'classifier__min_samples_leaf': 6, 'classifier__min_samples_split': 10, 'classifier__n_estimators': 372, 'feature_selection_filter__k': 20}",2.1573657989501953,"[1, 2, 3, 4, 5, 6, 7, 8, 9, 10, 11, 12, 14, 16, 17, 18, 19, 20, 21, 27]","['V1', 'V2', 'V3', 'V4', 'V5', 'V6', 'V7', 'V8', 'V9', 'V10', 'V11', 'V12', 'V14', 'V16', 'V17', 'V18', 'V19', 'V20', 'V21', 'V27']"
CostSensitiveLearning_with_RandomUnderSampler___RandomizedSearchCV__niter_30__cv_5,8,4,LogitBoostClassifier,resubstitution,358,22113,21,68,0.9960549645390071,0.9445910290237467,0.8403755868544601,0.8894409937888199,0.9990512333965844,0.000948766603415585,0.9197134101255222,0.9162850356539316,0.8890115995685524,0.8874396145015342,0.9687127614941174,0.8796455385751498,22560,0.8923109230727091,0.008992427137668879,0.8913798359058429,0.02582649785312799,"{'classifier__ccp_alpha': np.float64(0.0006740801163314946), 'classifier__learning_rate': np.float64(0.03452292496812236), 'classifier__max_depth': 3, 'classifier__max_features': 'sqrt', 'classifier__max_leaf_nodes': 7, 'classifier__min_impurity_decrease': np.float64(0.008884891783433314), 'classifier__min_samples_leaf': 8, 'classifier__min_samples_split': 20, 'classifier__n_estimators': 235, 'feature_selection_filter__k': 24}",2.67195987701416,"[0, 1, 2, 3, 4, 5, 6, 7, 8, 9, 10, 11, 12, 14, 16, 17, 18, 19, 20, 21, 22, 27, 28, 29]","['Amount_log1p', 'V1', 'V2', 'V3', 'V4', 'V5', 'V6', 'V7', 'V8', 'V9', 'V10', 'V11', 'V12', 'V14', 'V16', 'V17', 'V18', 'V19', 'V20', 'V21', 'V22', 'V27', 'V28', 'Time_sin']"
CostSensitiveLearning_with_RandomUnderSampler___RandomizedSearchCV__niter_30__cv_5,8,5,LogitBoostClassifier,resubstitution,357,22119,16,68,0.9962765957446809,0.9571045576407506,0.84,0.8947368421052632,0.9992771628642422,0.0007228371357578256,0.9196385814321211,0.9161838335213973,0.8948205029739337,0.8928498125335367,0.9799370174995681,0.8982208101704316,22560,0.8961650496981101,0.01054895457015859,0.8939202767343926,0.031232593507980664,"{'classifier__ccp_alpha': np.float64(0.00018334218091322295), 'classifier__learning_rate': np.float64(0.08247738226599396), 'classifier__max_depth': 2, 'classifier__max_features': 'log2', 'classifier__max_leaf_nodes': 19, 'classifier__min_impurity_decrease': np.float64(0.0898691175708527), 'classifier__min_samples_leaf': 7, 'classifier__min_samples_split': 5, 'classifier__n_estimators': 291, 'feature_selection_filter__k': 22}",2.471933126449585,"[1, 2, 3, 4, 5, 6, 7, 8, 9, 10, 11, 12, 14, 16, 17, 18, 19, 20, 21, 27, 28, 29]","['V1', 'V2', 'V3', 'V4', 'V5', 'V6', 'V7', 'V8', 'V9', 'V10', 'V11', 'V12', 'V14', 'V16', 'V17', 'V18', 'V19', 'V20', 'V21', 'V27', 'V28', 'Time_sin']"
CostSensitiveLearning_with_RandomUnderSampler___RandomizedSearchCV__niter_30__cv_5,8,6,LogitBoostClassifier,resubstitution,347,22118,17,78,0.9957890070921985,0.9532967032967034,0.8164705882352942,0.8795944233206591,0.9992319855432573,0.0007680144567426828,0.9078512868892757,0.903240569848379,0.880193203763545,0.8774644891723707,0.9632102472793953,0.8650582073507038,22560,0.8911521856354533,0.009173751179752953,0.8831113243452906,0.026442810790374385,"{'classifier__ccp_alpha': np.float64(0.0005016800054871073), 'classifier__learning_rate': np.float64(0.08599877900164316), 'classifier__max_depth': 1, 'classifier__max_features': 'log2', 'classifier__max_leaf_nodes': 3, 'classifier__min_impurity_decrease': np.float64(0.08550452651649493), 'classifier__min_samples_leaf': 9, 'classifier__min_samples_split': 12, 'classifier__n_estimators': 312, 'feature_selection_filter__k': 20}",2.266315460205078,"[1, 2, 3, 4, 5, 6, 7, 8, 9, 10, 11, 12, 14, 16, 17, 18, 19, 20, 21, 27]","['V1', 'V2', 'V3', 'V4', 'V5', 'V6', 'V7', 'V8', 'V9', 'V10', 'V11', 'V12', 'V14', 'V16', 'V17', 'V18', 'V19', 'V20', 'V21', 'V27']"
CostSensitiveLearning_with_RandomUnderSampler___RandomizedSearchCV__niter_30__cv_5,8,7,LogitBoostClassifier,resubstitution,358,22124,11,67,0.9965425531914893,0.9701897018970189,0.8423529411764706,0.9017632241813602,0.9995030494691665,0.0004969505308335398,0.9209279953228185,0.9175697975822895,0.9023404266740388,0.9000124438959282,0.9785508178423843,0.8933222676040384,22560,0.8967851681309528,0.00817193179983092,0.8952922839727862,0.03238297375249302,"{'classifier__ccp_alpha': np.float64(1.1517314088319575e-05), 'classifier__learning_rate': np.float64(0.021756865988530417), 'classifier__max_depth': 2, 'classifier__max_features': 'sqrt', 'classifier__max_leaf_nodes': 5, 'classifier__min_impurity_decrease': np.float64(0.0016116711319045574), 'classifier__min_samples_leaf': 4, 'classifier__min_samples_split': 10, 'classifier__n_estimators': 142, 'feature_selection_filter__k': 20}",2.5690908432006836,"[1, 2, 3, 4, 5, 6, 7, 8, 9, 10, 11, 12, 14, 16, 17, 18, 19, 20, 21, 27]","['V1', 'V2', 'V3', 'V4', 'V5', 'V6', 'V7', 'V8', 'V9', 'V10', 'V11', 'V12', 'V14', 'V16', 'V17', 'V18', 'V19', 'V20', 'V21', 'V27']"
CostSensitiveLearning_with_RandomUnderSampler___RandomizedSearchCV__niter_30__cv_5,8,8,LogitBoostClassifier,resubstitution,358,22124,11,68,0.9964983821639112,0.9701897018970189,0.8403755868544601,0.9006289308176101,0.9995030494691665,0.0004969505308335398,0.9199393181618133,0.9164922049643811,0.9012591609400773,0.8988560464434373,0.9677531494213378,0.8872439501979118,22561,0.8966683861228368,0.008031590611255485,0.886032285862972,0.023593426487212524,"{'classifier__ccp_alpha': np.float64(0.00043343856037781015), 'classifier__learning_rate': np.float64(0.03163091003227), 'classifier__max_depth': 2, 'classifier__max_features': 'sqrt', 'classifier__max_leaf_nodes': 6, 'classifier__min_impurity_decrease': np.float64(0.07170737880784187), 'classifier__min_samples_leaf': 1, 'classifier__min_samples_split': 17, 'classifier__n_estimators': 261, 'feature_selection_filter__k': 20}",3.239345073699951,"[1, 2, 3, 4, 5, 6, 7, 8, 9, 10, 11, 12, 14, 16, 17, 18, 19, 20, 21, 27]","['V1', 'V2', 'V3', 'V4', 'V5', 'V6', 'V7', 'V8', 'V9', 'V10', 'V11', 'V12', 'V14', 'V16', 'V17', 'V18', 'V19', 'V20', 'V21', 'V27']"
CostSensitiveLearning_with_RandomUnderSampler___RandomizedSearchCV__niter_30__cv_5,8,9,LogitBoostClassifier,resubstitution,335,22130,5,91,0.995744869465006,0.9852941176470589,0.7863849765258216,0.8746736292428199,0.9997741133950757,0.0002258866049242858,0.8930795449604487,0.8866833384547782,0.8782815199514213,0.8725370682259217,0.9569804793674329,0.8604524374910054,22561,0.8767770291081499,0.006956928825393312,0.8695618230855396,0.024866671477888416,"{'classifier__ccp_alpha': np.float64(0.0025089952347593083), 'classifier__learning_rate': np.float64(0.015180154990902478), 'classifier__max_depth': 2, 'classifier__max_features': 'sqrt', 'classifier__max_leaf_nodes': 10, 'classifier__min_impurity_decrease': np.float64(0.0708214699781804), 'classifier__min_samples_leaf': 9, 'classifier__min_samples_split': 18, 'classifier__n_estimators': 226, 'feature_selection_filter__k': 'all'}",3.6312012672424316,"[0, 1, 2, 3, 4, 5, 6, 7, 8, 9, 10, 11, 12, 13, 14, 15, 16, 17, 18, 19, 20, 21, 22, 23, 24, 25, 26, 27, 28, 29, 30]","['Amount_log1p', 'V1', 'V2', 'V3', 'V4', 'V5', 'V6', 'V7', 'V8', 'V9', 'V10', 'V11', 'V12', 'V13', 'V14', 'V15', 'V16', 'V17', 'V18', 'V19', 'V20', 'V21', 'V22', 'V23', 'V24', 'V25', 'V26', 'V27', 'V28', 'Time_sin', 'Time_cos']"
CostSensitiveLearning_with_RandomUnderSampler___RandomizedSearchCV__niter_30__cv_5,8,10,LogitBoostClassifier,resubstitution,348,22126,9,78,0.9961437879526617,0.9747899159663865,0.8169014084507042,0.8888888888888888,0.9995934041111362,0.00040659588886382547,0.9082474062809203,0.9036422188545759,0.8905294273453713,0.8869422379309052,0.9610894945760703,0.8647741512081607,22561,0.8873142529858203,0.004871294011696266,0.884250172434716,0.023067499988750184,"{'classifier__ccp_alpha': np.float64(0.001202457714794759), 'classifier__learning_rate': np.float64(0.15628708996535992), 'classifier__max_depth': 3, 'classifier__max_features': 'log2', 'classifier__max_leaf_nodes': 7, 'classifier__min_impurity_decrease': np.float64(0.05190647980065069), 'classifier__min_samples_leaf': 9, 'classifier__min_samples_split': 16, 'classifier__n_estimators': 396, 'feature_selection_filter__k': 26}",1.6352789402008057,"[0, 1, 2, 3, 4, 5, 6, 7, 8, 9, 10, 11, 12, 14, 16, 17, 18, 19, 20, 21, 23, 24, 26, 27, 28, 29]","['Amount_log1p', 'V1', 'V2', 'V3', 'V4', 'V5', 'V6', 'V7', 'V8', 'V9', 'V10', 'V11', 'V12', 'V14', 'V16', 'V17', 'V18', 'V19', 'V20', 'V21', 'V23', 'V24', 'V26', 'V27', 'V28', 'Time_sin']"
CostSensitiveLearning_with_RandomUnderSampler___RandomizedSearchCV__niter_30__cv_5,9,1,LogitBoostClassifier,resubstitution,357,22121,13,69,0.9963652482269504,0.9648648648648649,0.8380281690140845,0.8969849246231156,0.9994126682931237,0.000587331706876304,0.9187204186536041,0.9151699123655492,0.8974481660117857,0.895144231096238,0.9781134625590353,0.8957583514915737,22560,0.894691737659395,0.005991276102201086,0.8809256790474544,0.023233250955765655,"{'classifier__ccp_alpha': np.float64(0.000278911059065885), 'classifier__learning_rate': np.float64(0.022423726654557424), 'classifier__max_depth': 3, 'classifier__max_features': 'log2', 'classifier__max_leaf_nodes': 12, 'classifier__min_impurity_decrease': np.float64(0.05683353297739653), 'classifier__min_samples_leaf': 6, 'classifier__min_samples_split': 10, 'classifier__n_estimators': 265, 'feature_selection_filter__k': 20}",4.069027423858643,"[1, 2, 3, 4, 5, 6, 7, 8, 9, 10, 11, 12, 14, 16, 17, 18, 19, 20, 21, 27]","['V1', 'V2', 'V3', 'V4', 'V5', 'V6', 'V7', 'V8', 'V9', 'V10', 'V11', 'V12', 'V14', 'V16', 'V17', 'V18', 'V19', 'V20', 'V21', 'V27']"
CostSensitiveLearning_with_RandomUnderSampler___RandomizedSearchCV__niter_30__cv_5,9,2,LogitBoostClassifier,resubstitution,345,22125,9,81,0.9960106382978723,0.9745762711864406,0.8098591549295775,0.8846153846153846,0.9995933857413933,0.00040661425860666345,0.9047262703354855,0.8997387702270698,0.8865216460264922,0.8826032113433606,0.9638551846605673,0.8646440551303047,22560,0.885169746758077,0.003842067333963928,0.8840179220721545,0.02729493700812731,"{'classifier__ccp_alpha': np.float64(0.0006756083483640841), 'classifier__learning_rate': np.float64(0.0501148216411443), 'classifier__max_depth': 1, 'classifier__max_features': 'sqrt', 'classifier__max_leaf_nodes': 12, 'classifier__min_impurity_decrease': np.float64(0.08392433478050837), 'classifier__min_samples_leaf': 1, 'classifier__min_samples_split': 5, 'classifier__n_estimators': 329, 'feature_selection_filter__k': 26}",1.798729419708252,"[0, 1, 2, 3, 4, 5, 6, 7, 8, 9, 10, 11, 12, 14, 16, 17, 18, 19, 20, 21, 23, 24, 27, 28, 29, 30]","['Amount_log1p', 'V1', 'V2', 'V3', 'V4', 'V5', 'V6', 'V7', 'V8', 'V9', 'V10', 'V11', 'V12', 'V14', 'V16', 'V17', 'V18', 'V19', 'V20', 'V21', 'V23', 'V24', 'V27', 'V28', 'Time_sin', 'Time_cos']"
CostSensitiveLearning_with_RandomUnderSampler___RandomizedSearchCV__niter_30__cv_5,9,3,LogitBoostClassifier,resubstitution,357,22120,14,69,0.9963209219858156,0.9622641509433962,0.8380281690140845,0.8958594730238394,0.9993674889310563,0.0006325110689436864,0.9186978289725705,0.9151492265860779,0.8962096938153586,0.8939959334764022,0.9747218817861841,0.8792095895209677,22560,0.8971162001500137,0.007989639933829798,0.8890023091295761,0.022215552428851912,"{'classifier__ccp_alpha': np.float64(0.00013456763197615686), 'classifier__learning_rate': np.float64(0.033544877417737574), 'classifier__max_depth': 2, 'classifier__max_features': 'log2', 'classifier__max_leaf_nodes': 11, 'classifier__min_impurity_decrease': np.float64(0.02514860386905972), 'classifier__min_samples_leaf': 7, 'classifier__min_samples_split': 13, 'classifier__n_estimators': 99, 'feature_selection_filter__k': 26}",2.7504160404205322,"[0, 1, 2, 3, 4, 5, 6, 7, 8, 9, 10, 11, 12, 14, 16, 17, 18, 19, 20, 21, 22, 23, 24, 27, 28, 29]","['Amount_log1p', 'V1', 'V2', 'V3', 'V4', 'V5', 'V6', 'V7', 'V8', 'V9', 'V10', 'V11', 'V12', 'V14', 'V16', 'V17', 'V18', 'V19', 'V20', 'V21', 'V22', 'V23', 'V24', 'V27', 'V28', 'Time_sin']"
CostSensitiveLearning_with_RandomUnderSampler___RandomizedSearchCV__niter_30__cv_5,9,4,LogitBoostClassifier,resubstitution,352,22118,16,74,0.9960106382978723,0.9565217391304348,0.8262910798122066,0.8866498740554156,0.9992771302069214,0.0007228697930785621,0.912784105009564,0.9086769387138204,0.8870857083472178,0.8846304902795051,0.9759222104713459,0.8636004245577391,22560,0.8877167855971605,0.00907477380694838,0.878793364135704,0.0394502506231476,"{'classifier__ccp_alpha': np.float64(0.0004391983510539077), 'classifier__learning_rate': np.float64(0.02227347458325408), 'classifier__max_depth': 1, 'classifier__max_features': 'sqrt', 'classifier__max_leaf_nodes': 7, 'classifier__min_impurity_decrease': np.float64(0.004773521375244905), 'classifier__min_samples_leaf': 3, 'classifier__min_samples_split': 16, 'classifier__n_estimators': 275, 'feature_selection_filter__k': 22}",3.283877372741699,"[1, 2, 3, 4, 5, 6, 7, 8, 9, 10, 11, 12, 14, 16, 17, 18, 19, 20, 21, 27, 28, 29]","['V1', 'V2', 'V3', 'V4', 'V5', 'V6', 'V7', 'V8', 'V9', 'V10', 'V11', 'V12', 'V14', 'V16', 'V17', 'V18', 'V19', 'V20', 'V21', 'V27', 'V28', 'Time_sin']"
CostSensitiveLearning_with_RandomUnderSampler___RandomizedSearchCV__niter_30__cv_5,9,5,LogitBoostClassifier,resubstitution,354,22121,14,71,0.9962322695035462,0.9619565217391305,0.8329411764705882,0.89281210592686,0.9993675175062119,0.0006324824937881113,0.9161543469884,0.9123674455821598,0.8932983423923749,0.890904622330645,0.9725554684489564,0.8759139339284865,22560,0.8928191514925589,0.005306538430976663,0.8847989790828666,0.024956959100211718,"{'classifier__ccp_alpha': np.float64(0.0004853357803650083), 'classifier__learning_rate': np.float64(0.012079808534500438), 'classifier__max_depth': 2, 'classifier__max_features': 'sqrt', 'classifier__max_leaf_nodes': 9, 'classifier__min_impurity_decrease': np.float64(0.009630066394161464), 'classifier__min_samples_leaf': 1, 'classifier__min_samples_split': 2, 'classifier__n_estimators': 254, 'feature_selection_filter__k': 28}",4.298159599304199,"[0, 1, 2, 3, 4, 5, 6, 7, 8, 9, 10, 11, 12, 14, 16, 17, 18, 19, 20, 21, 22, 23, 24, 26, 27, 28, 29, 30]","['Amount_log1p', 'V1', 'V2', 'V3', 'V4', 'V5', 'V6', 'V7', 'V8', 'V9', 'V10', 'V11', 'V12', 'V14', 'V16', 'V17', 'V18', 'V19', 'V20', 'V21', 'V22', 'V23', 'V24', 'V26', 'V27', 'V28', 'Time_sin', 'Time_cos']"
CostSensitiveLearning_with_RandomUnderSampler___RandomizedSearchCV__niter_30__cv_5,9,6,LogitBoostClassifier,resubstitution,348,22126,9,77,0.9961879432624113,0.9747899159663865,0.8188235294117647,0.8900255754475703,0.9995934041111362,0.00040659588886382547,0.9092084667614504,0.9047047027240441,0.8915976133190587,0.8881008531894683,0.9619728670325144,0.8680485364494651,22560,0.8921895636540175,0.00668537488667848,0.8798868113611595,0.02186685756820452,"{'classifier__ccp_alpha': np.float64(0.0006860335089343849), 'classifier__learning_rate': np.float64(0.09845088880580759), 'classifier__max_depth': 2, 'classifier__max_features': 'sqrt', 'classifier__max_leaf_nodes': 13, 'classifier__min_impurity_decrease': np.float64(0.02659179734985602), 'classifier__min_samples_leaf': 4, 'classifier__min_samples_split': 16, 'classifier__n_estimators': 284, 'feature_selection_filter__k': 'all'}",2.146005153656006,"[0, 1, 2, 3, 4, 5, 6, 7, 8, 9, 10, 11, 12, 13, 14, 15, 16, 17, 18, 19, 20, 21, 22, 23, 24, 25, 26, 27, 28, 29, 30]","['Amount_log1p', 'V1', 'V2', 'V3', 'V4', 'V5', 'V6', 'V7', 'V8', 'V9', 'V10', 'V11', 'V12', 'V13', 'V14', 'V15', 'V16', 'V17', 'V18', 'V19', 'V20', 'V21', 'V22', 'V23', 'V24', 'V25', 'V26', 'V27', 'V28', 'Time_sin', 'Time_cos']"
CostSensitiveLearning_with_RandomUnderSampler___RandomizedSearchCV__niter_30__cv_5,9,7,LogitBoostClassifier,resubstitution,357,22119,16,68,0.9962765957446809,0.9571045576407506,0.84,0.8947368421052632,0.9992771628642422,0.0007228371357578256,0.9196385814321211,0.9161838335213973,0.8948205029739337,0.8928498125335367,0.973536082063275,0.886392738846056,22560,0.8925836714323557,0.003930941247548805,0.8892672736584549,0.009850190903226861,"{'classifier__ccp_alpha': np.float64(0.00047832136180883444), 'classifier__learning_rate': np.float64(0.015505998305350432), 'classifier__max_depth': 3, 'classifier__max_features': 'sqrt', 'classifier__max_leaf_nodes': 18, 'classifier__min_impurity_decrease': np.float64(0.05655244614632209), 'classifier__min_samples_leaf': 5, 'classifier__min_samples_split': 6, 'classifier__n_estimators': 261, 'feature_selection_filter__k': 22}",4.88200831413269,"[1, 2, 3, 4, 5, 6, 7, 8, 9, 10, 11, 12, 14, 16, 17, 18, 19, 20, 21, 27, 28, 29]","['V1', 'V2', 'V3', 'V4', 'V5', 'V6', 'V7', 'V8', 'V9', 'V10', 'V11', 'V12', 'V14', 'V16', 'V17', 'V18', 'V19', 'V20', 'V21', 'V27', 'V28', 'Time_sin']"
CostSensitiveLearning_with_RandomUnderSampler___RandomizedSearchCV__niter_30__cv_5,9,8,LogitBoostClassifier,resubstitution,357,22121,14,69,0.9963210850582864,0.9622641509433962,0.8380281690140845,0.8958594730238394,0.9993675175062119,0.0006324824937881113,0.9186978432601483,0.915149239669619,0.8962097745768359,0.8939960175544615,0.9691862037369916,0.889560869852364,22561,0.8936093969218131,0.004803069584985723,0.8910551976944282,0.02278694028984218,"{'classifier__ccp_alpha': np.float64(0.0005162463207686719), 'classifier__learning_rate': np.float64(0.019483563781336553), 'classifier__max_depth': 2, 'classifier__max_features': 'sqrt', 'classifier__max_leaf_nodes': 11, 'classifier__min_impurity_decrease': np.float64(0.0966164838728486), 'classifier__min_samples_leaf': 7, 'classifier__min_samples_split': 7, 'classifier__n_estimators': 386, 'feature_selection_filter__k': 26}",4.084795236587524,"[0, 1, 2, 3, 4, 5, 6, 7, 8, 9, 10, 11, 12, 14, 16, 17, 18, 19, 20, 21, 23, 24, 27, 28, 29, 30]","['Amount_log1p', 'V1', 'V2', 'V3', 'V4', 'V5', 'V6', 'V7', 'V8', 'V9', 'V10', 'V11', 'V12', 'V14', 'V16', 'V17', 'V18', 'V19', 'V20', 'V21', 'V23', 'V24', 'V27', 'V28', 'Time_sin', 'Time_cos']"
CostSensitiveLearning_with_RandomUnderSampler___RandomizedSearchCV__niter_30__cv_5,9,9,LogitBoostClassifier,resubstitution,352,22126,9,74,0.9963210850582864,0.9750692520775623,0.8262910798122066,0.8945362134688691,0.9995934041111362,0.00040659588886382547,0.9129422419616714,0.9088207266871449,0.8958468718267943,0.8926770990377945,0.9631780442462015,0.8755454404296152,22561,0.8938500946217556,0.008012375686734482,0.8832744960648107,0.05166917855365894,"{'classifier__ccp_alpha': np.float64(0.001416302690767407), 'classifier__learning_rate': np.float64(0.028852855292460875), 'classifier__max_depth': 3, 'classifier__max_features': 'sqrt', 'classifier__max_leaf_nodes': 19, 'classifier__min_impurity_decrease': np.float64(0.07623390890202118), 'classifier__min_samples_leaf': 7, 'classifier__min_samples_split': 13, 'classifier__n_estimators': 314, 'feature_selection_filter__k': 26}",2.836996555328369,"[0, 1, 2, 3, 4, 5, 6, 7, 8, 9, 10, 11, 12, 14, 16, 17, 18, 19, 20, 21, 23, 24, 26, 27, 28, 29]","['Amount_log1p', 'V1', 'V2', 'V3', 'V4', 'V5', 'V6', 'V7', 'V8', 'V9', 'V10', 'V11', 'V12', 'V14', 'V16', 'V17', 'V18', 'V19', 'V20', 'V21', 'V23', 'V24', 'V26', 'V27', 'V28', 'Time_sin']"
CostSensitiveLearning_with_RandomUnderSampler___RandomizedSearchCV__niter_30__cv_5,9,10,LogitBoostClassifier,resubstitution,351,22124,11,75,0.9961881122290679,0.9696132596685083,0.823943661971831,0.8908629441624365,0.9995030494691665,0.0004969505308335398,0.9117233557204987,0.9074878526634046,0.891988122208378,0.88893614546467,0.9696574901559042,0.8690331922817505,22561,0.8879365326470368,0.0046404818094215195,0.8791674733961081,0.026746600417968665,"{'classifier__ccp_alpha': np.float64(0.0007303645921619573), 'classifier__learning_rate': np.float64(0.03592328264690209), 'classifier__max_depth': 2, 'classifier__max_features': 'log2', 'classifier__max_leaf_nodes': 14, 'classifier__min_impurity_decrease': np.float64(0.09485299058345828), 'classifier__min_samples_leaf': 4, 'classifier__min_samples_split': 9, 'classifier__n_estimators': 386, 'feature_selection_filter__k': 'all'}",3.067093849182129,"[0, 1, 2, 3, 4, 5, 6, 7, 8, 9, 10, 11, 12, 13, 14, 15, 16, 17, 18, 19, 20, 21, 22, 23, 24, 25, 26, 27, 28, 29, 30]","['Amount_log1p', 'V1', 'V2', 'V3', 'V4', 'V5', 'V6', 'V7', 'V8', 'V9', 'V10', 'V11', 'V12', 'V13', 'V14', 'V15', 'V16', 'V17', 'V18', 'V19', 'V20', 'V21', 'V22', 'V23', 'V24', 'V25', 'V26', 'V27', 'V28', 'Time_sin', 'Time_cos']"
CostSensitiveLearning_with_RandomUnderSampler___RandomizedSearchCV__niter_30__cv_5,10,1,LogitBoostClassifier,resubstitution,351,22125,9,75,0.9962765957446809,0.975,0.823943661971831,0.8931297709923665,0.9995933857413933,0.00040661425860666345,0.9117685238566122,0.9075288616515645,0.8945202075775627,0.8912486571357738,0.9620175724386376,0.8680665050614905,22560,0.8921793545000856,0.005249719135802727,0.8866414714830582,0.013843419674752966,"{'classifier__ccp_alpha': np.float64(0.0006361354376327577), 'classifier__learning_rate': np.float64(0.16162594888574358), 'classifier__max_depth': 1, 'classifier__max_features': 'sqrt', 'classifier__max_leaf_nodes': 4, 'classifier__min_impurity_decrease': np.float64(0.03093888878221245), 'classifier__min_samples_leaf': 1, 'classifier__min_samples_split': 4, 'classifier__n_estimators': 300, 'feature_selection_filter__k': 20}",2.109744071960449,"[1, 2, 3, 4, 5, 6, 7, 8, 9, 10, 11, 12, 14, 16, 17, 18, 19, 20, 21, 27]","['V1', 'V2', 'V3', 'V4', 'V5', 'V6', 'V7', 'V8', 'V9', 'V10', 'V11', 'V12', 'V14', 'V16', 'V17', 'V18', 'V19', 'V20', 'V21', 'V27']"
CostSensitiveLearning_with_RandomUnderSampler___RandomizedSearchCV__niter_30__cv_5,10,2,LogitBoostClassifier,resubstitution,357,22120,14,69,0.9963209219858156,0.9622641509433962,0.8380281690140845,0.8958594730238394,0.9993674889310563,0.0006325110689436864,0.9186978289725705,0.9151492265860779,0.8962096938153586,0.8939959334764022,0.9804771067900127,0.8991043877981426,22560,0.8893002601672727,0.0064091654706223515,0.8810334925277215,0.03440976758100207,"{'classifier__ccp_alpha': np.float64(0.00016198218716908852), 'classifier__learning_rate': np.float64(0.05252266442336136), 'classifier__max_depth': 2, 'classifier__max_features': 'log2', 'classifier__max_leaf_nodes': 14, 'classifier__min_impurity_decrease': np.float64(0.046716818269470356), 'classifier__min_samples_leaf': 5, 'classifier__min_samples_split': 19, 'classifier__n_estimators': 111, 'feature_selection_filter__k': 26}",2.587855577468872,"[0, 1, 2, 3, 4, 5, 6, 7, 8, 9, 10, 11, 12, 13, 14, 16, 17, 18, 19, 20, 21, 24, 25, 27, 28, 29]","['Amount_log1p', 'V1', 'V2', 'V3', 'V4', 'V5', 'V6', 'V7', 'V8', 'V9', 'V10', 'V11', 'V12', 'V13', 'V14', 'V16', 'V17', 'V18', 'V19', 'V20', 'V21', 'V24', 'V25', 'V27', 'V28', 'Time_sin']"
CostSensitiveLearning_with_RandomUnderSampler___RandomizedSearchCV__niter_30__cv_5,10,3,LogitBoostClassifier,resubstitution,349,22128,6,77,0.9963209219858156,0.9830985915492958,0.8192488262910798,0.8937259923175416,0.9997289238275956,0.0002710761724044053,0.9094888750593377,0.9050009654442375,0.8957097262950724,0.8918697919373559,0.9682784669221315,0.8723463939868306,22560,0.8933048864214517,0.006144470977061468,0.8910740459000221,0.019760240031481826,"{'classifier__ccp_alpha': np.float64(0.00038563357222895614), 'classifier__learning_rate': np.float64(0.020308269458067945), 'classifier__max_depth': 1, 'classifier__max_features': 'sqrt', 'classifier__max_leaf_nodes': 5, 'classifier__min_impurity_decrease': np.float64(0.043068096265007176), 'classifier__min_samples_leaf': 2, 'classifier__min_samples_split': 16, 'classifier__n_estimators': 240, 'feature_selection_filter__k': 20}",2.725271463394165,"[1, 2, 3, 4, 5, 6, 7, 8, 9, 10, 11, 12, 14, 16, 17, 18, 19, 20, 21, 27]","['V1', 'V2', 'V3', 'V4', 'V5', 'V6', 'V7', 'V8', 'V9', 'V10', 'V11', 'V12', 'V14', 'V16', 'V17', 'V18', 'V19', 'V20', 'V21', 'V27']"
CostSensitiveLearning_with_RandomUnderSampler___RandomizedSearchCV__niter_30__cv_5,10,4,LogitBoostClassifier,resubstitution,358,22123,11,68,0.9964982269503546,0.9701897018970189,0.8403755868544601,0.9006289308176101,0.9995030270172586,0.0004969729827414282,0.9199393069358593,0.9164921946707664,0.901259084554976,0.8988559664560294,0.9701217530780297,0.882472579272729,22560,0.8970316794365484,0.004908510502013073,0.8956248797122264,0.018874800105110143,"{'classifier__ccp_alpha': np.float64(0.00040884195582479687), 'classifier__learning_rate': np.float64(0.02294072381673583), 'classifier__max_depth': 2, 'classifier__max_features': 'sqrt', 'classifier__max_leaf_nodes': 8, 'classifier__min_impurity_decrease': np.float64(0.08099700725953651), 'classifier__min_samples_leaf': 1, 'classifier__min_samples_split': 9, 'classifier__n_estimators': 250, 'feature_selection_filter__k': 20}",2.9922897815704346,"[1, 2, 3, 4, 5, 6, 7, 8, 9, 10, 11, 12, 14, 16, 17, 18, 19, 20, 21, 27]","['V1', 'V2', 'V3', 'V4', 'V5', 'V6', 'V7', 'V8', 'V9', 'V10', 'V11', 'V12', 'V14', 'V16', 'V17', 'V18', 'V19', 'V20', 'V21', 'V27']"
CostSensitiveLearning_with_RandomUnderSampler___RandomizedSearchCV__niter_30__cv_5,10,5,LogitBoostClassifier,resubstitution,347,22124,11,78,0.9960549645390071,0.9692737430167597,0.8164705882352942,0.8863346104725415,0.9995030494691665,0.0004969505308335398,0.9079868188522303,0.9033630735994586,0.887713436801072,0.8843422130415699,0.9647619022309624,0.8673883362831553,22560,0.8896460592721109,0.006448231901603698,0.87998729183404,0.015643952013378044,"{'classifier__ccp_alpha': np.float64(0.0015321593689979662), 'classifier__learning_rate': np.float64(0.016552433382877256), 'classifier__max_depth': 3, 'classifier__max_features': 'log2', 'classifier__max_leaf_nodes': 12, 'classifier__min_impurity_decrease': np.float64(0.024207133023642236), 'classifier__min_samples_leaf': 6, 'classifier__min_samples_split': 12, 'classifier__n_estimators': 152, 'feature_selection_filter__k': 22}",3.4460864067077637,"[1, 2, 3, 4, 5, 6, 7, 8, 9, 10, 11, 12, 14, 16, 17, 18, 19, 20, 21, 27, 28, 29]","['V1', 'V2', 'V3', 'V4', 'V5', 'V6', 'V7', 'V8', 'V9', 'V10', 'V11', 'V12', 'V14', 'V16', 'V17', 'V18', 'V19', 'V20', 'V21', 'V27', 'V28', 'Time_sin']"
CostSensitiveLearning_with_RandomUnderSampler___RandomizedSearchCV__niter_30__cv_5,10,6,LogitBoostClassifier,resubstitution,353,22123,12,72,0.9962765957446809,0.9671232876712329,0.8305882352941176,0.8936708860759494,0.9994578721481816,0.000542127851818397,0.9150230537211497,0.9111190648199454,0.8944631196793625,0.891787130649292,0.9677293081226168,0.8807806447548231,22560,0.8911350036197243,0.009426623578907146,0.8793109114539146,0.028343322110396623,"{'classifier__ccp_alpha': np.float64(0.0008254153300087674), 'classifier__learning_rate': np.float64(0.02175466294331501), 'classifier__max_depth': 3, 'classifier__max_features': 'log2', 'classifier__max_leaf_nodes': 9, 'classifier__min_impurity_decrease': np.float64(0.08221842695642124), 'classifier__min_samples_leaf': 8, 'classifier__min_samples_split': 11, 'classifier__n_estimators': 357, 'feature_selection_filter__k': 24}",3.621992826461792,"[0, 1, 2, 3, 4, 5, 6, 7, 8, 9, 10, 11, 12, 14, 16, 17, 18, 19, 20, 21, 24, 27, 28, 29]","['Amount_log1p', 'V1', 'V2', 'V3', 'V4', 'V5', 'V6', 'V7', 'V8', 'V9', 'V10', 'V11', 'V12', 'V14', 'V16', 'V17', 'V18', 'V19', 'V20', 'V21', 'V24', 'V27', 'V28', 'Time_sin']"
CostSensitiveLearning_with_RandomUnderSampler___RandomizedSearchCV__niter_30__cv_5,10,7,LogitBoostClassifier,resubstitution,358,22118,17,67,0.9962765957446809,0.9546666666666667,0.8423529411764706,0.895,0.9992319855432573,0.0007680144567426828,0.920792463359864,0.9174453672780561,0.8949253828752533,0.8931122297897542,0.9732572051183245,0.8890502129613459,22560,0.8967342400231788,0.007446445540915938,0.8850285736342991,0.010386673288392658,"{'classifier__ccp_alpha': np.float64(0.0006357743409724804), 'classifier__learning_rate': np.float64(0.08182659183461952), 'classifier__max_depth': 3, 'classifier__max_features': 'log2', 'classifier__max_leaf_nodes': 6, 'classifier__min_impurity_decrease': np.float64(0.08163852886806709), 'classifier__min_samples_leaf': 3, 'classifier__min_samples_split': 16, 'classifier__n_estimators': 217, 'feature_selection_filter__k': 28}",2.445584297180176,"[0, 1, 2, 3, 4, 5, 6, 7, 8, 9, 10, 11, 12, 13, 14, 16, 17, 18, 19, 20, 21, 22, 23, 24, 27, 28, 29, 30]","['Amount_log1p', 'V1', 'V2', 'V3', 'V4', 'V5', 'V6', 'V7', 'V8', 'V9', 'V10', 'V11', 'V12', 'V13', 'V14', 'V16', 'V17', 'V18', 'V19', 'V20', 'V21', 'V22', 'V23', 'V24', 'V27', 'V28', 'Time_sin', 'Time_cos']"
CostSensitiveLearning_with_RandomUnderSampler___RandomizedSearchCV__niter_30__cv_5,10,8,LogitBoostClassifier,resubstitution,357,22123,12,69,0.9964097336110987,0.967479674796748,0.8380281690140845,0.8981132075471698,0.9994578721481816,0.000542127851818397,0.9187430205811331,0.915190608891423,0.8986917086745501,0.8962954400242839,0.9687997573574874,0.8820619365758935,22561,0.896748413360039,0.005896490845423378,0.8883675950172695,0.030368354488736225,"{'classifier__ccp_alpha': np.float64(0.0010733877070391818), 'classifier__learning_rate': np.float64(0.01728038198655859), 'classifier__max_depth': 3, 'classifier__max_features': 'sqrt', 'classifier__max_leaf_nodes': 11, 'classifier__min_impurity_decrease': np.float64(0.02533701268679436), 'classifier__min_samples_leaf': 1, 'classifier__min_samples_split': 16, 'classifier__n_estimators': 191, 'feature_selection_filter__k': 20}",3.3917558193206787,"[1, 2, 3, 4, 5, 6, 7, 8, 9, 10, 11, 12, 14, 16, 17, 18, 19, 20, 21, 27]","['V1', 'V2', 'V3', 'V4', 'V5', 'V6', 'V7', 'V8', 'V9', 'V10', 'V11', 'V12', 'V14', 'V16', 'V17', 'V18', 'V19', 'V20', 'V21', 'V27']"
CostSensitiveLearning_with_RandomUnderSampler___RandomizedSearchCV__niter_30__cv_5,10,9,LogitBoostClassifier,resubstitution,343,22127,8,83,0.9959664908470369,0.9772079772079773,0.8051643192488263,0.8828828828828829,0.999638581432121,0.0003614185678789683,0.9024014503404736,0.8971473223020041,0.88512836448469,0.8808502426897811,0.9671711997760223,0.864912654488581,22561,0.881846332739032,0.011290415150665601,0.8798465975383299,0.025834238994893736,"{'classifier__ccp_alpha': np.float64(0.000466512722352751), 'classifier__learning_rate': np.float64(0.022402973312032927), 'classifier__max_depth': 1, 'classifier__max_features': 'log2', 'classifier__max_leaf_nodes': 17, 'classifier__min_impurity_decrease': np.float64(0.059188466028063894), 'classifier__min_samples_leaf': 6, 'classifier__min_samples_split': 3, 'classifier__n_estimators': 164, 'feature_selection_filter__k': 26}",2.2955808639526367,"[0, 1, 2, 3, 4, 5, 6, 7, 8, 9, 10, 11, 12, 14, 16, 17, 18, 19, 20, 21, 22, 23, 24, 27, 28, 29]","['Amount_log1p', 'V1', 'V2', 'V3', 'V4', 'V5', 'V6', 'V7', 'V8', 'V9', 'V10', 'V11', 'V12', 'V14', 'V16', 'V17', 'V18', 'V19', 'V20', 'V21', 'V22', 'V23', 'V24', 'V27', 'V28', 'Time_sin']"
CostSensitiveLearning_with_RandomUnderSampler___RandomizedSearchCV__niter_30__cv_5,10,10,LogitBoostClassifier,resubstitution,333,22119,16,93,0.9951686538717256,0.9541547277936963,0.7816901408450704,0.8593548387096774,0.9992771628642422,0.0007228371357578256,0.8904836518546563,0.883812823047172,0.861332568052814,0.856921632307151,0.9521928498935788,0.8474161085800604,22561,0.8770748737347572,0.008883512757611072,0.8781496749484365,0.020560118706007904,"{'classifier__ccp_alpha': np.float64(0.002198684704288346), 'classifier__learning_rate': np.float64(0.15363775034836877), 'classifier__max_depth': 3, 'classifier__max_features': 'sqrt', 'classifier__max_leaf_nodes': 12, 'classifier__min_impurity_decrease': np.float64(0.09760814573750676), 'classifier__min_samples_leaf': 3, 'classifier__min_samples_split': 17, 'classifier__n_estimators': 264, 'feature_selection_filter__k': 28}",2.208167552947998,"[0, 1, 2, 3, 4, 5, 6, 7, 8, 9, 10, 11, 12, 14, 16, 17, 18, 19, 20, 21, 22, 23, 24, 26, 27, 28, 29, 30]","['Amount_log1p', 'V1', 'V2', 'V3', 'V4', 'V5', 'V6', 'V7', 'V8', 'V9', 'V10', 'V11', 'V12', 'V14', 'V16', 'V17', 'V18', 'V19', 'V20', 'V21', 'V22', 'V23', 'V24', 'V26', 'V27', 'V28', 'Time_sin', 'Time_cos']"
