experiment_name,iteration,fold,model,split,tp,tn,fp,fn,accuracy,precision,recall,f1,specificity,fpr,balanced_accuracy,geometric_mean,mcc,kappa,roc_auc,average_precision,fold_size,cv_tuning_mean_train_score,cv_tuning_std_train_score,cv_tuning_mean_val_score,cv_tuning_std_val_score,best_params,tuning_time,selected_features_indices,selected_features_names
CostSensitiveLearning_ClusterCentroids___RandomizedSearchCV__niter_30__cv_5,1,1,KNORAE,resubstitution,282,17687,20,59,0.9956227836879432,0.9337748344370861,0.8269794721407625,0.8771384136858476,0.9988705031908285,0.0011294968091715152,0.9129249876657954,0.9088703986079254,0.8765912539177787,0.8749184570441008,0.9620745775938637,0.8518828570496637,22560,0.8754017607968325,0.007399137356229538,0.8745077872946725,0.022220357511295488,"{'classifier__estimator__ccp_alpha': np.float64(0.006011150117432088), 'classifier__estimator__max_depth': 5, 'classifier__estimator__max_features': 'log2', 'classifier__estimator__max_leaf_nodes': 3, 'classifier__estimator__min_impurity_decrease': np.float64(0.07219987722668247), 'classifier__estimator__min_samples_leaf': 6, 'classifier__estimator__min_samples_split': 3, 'classifier__max_features': np.float64(0.5909124836035503), 'classifier__max_samples': np.float64(0.5917022549267169), 'classifier__n_estimators': 559, 'feature_selection_filter__k': 22}",59.09750819206238,"[1, 2, 3, 4, 5, 6, 7, 8, 9, 10, 11, 12, 14, 16, 17, 18, 19, 20, 21, 23, 27, 29]","['V1', 'V2', 'V3', 'V4', 'V5', 'V6', 'V7', 'V8', 'V9', 'V10', 'V11', 'V12', 'V14', 'V16', 'V17', 'V18', 'V19', 'V20', 'V21', 'V23', 'V27', 'Time_sin']"
CostSensitiveLearning_ClusterCentroids___RandomizedSearchCV__niter_30__cv_5,1,2,KNORAE,resubstitution,284,17689,18,57,0.995844414893617,0.9403973509933775,0.8328445747800587,0.8833592534992224,0.9989834528717456,0.0010165471282543859,0.9159140138259021,0.9121392158104397,0.8829366054173144,0.8812516997254121,0.9633264641599234,0.8576298370005849,22560,0.8814210589376511,0.00807847570494342,0.8840865231040675,0.02737134200654141,"{'classifier__estimator__ccp_alpha': np.float64(0.002506104364614935), 'classifier__estimator__max_depth': 4, 'classifier__estimator__max_features': 'log2', 'classifier__estimator__max_leaf_nodes': 4, 'classifier__estimator__min_impurity_decrease': np.float64(0.04681150470441947), 'classifier__estimator__min_samples_leaf': 4, 'classifier__estimator__min_samples_split': 7, 'classifier__max_features': np.float64(0.7778892674335427), 'classifier__max_samples': np.float64(0.8248608388192558), 'classifier__n_estimators': 816, 'feature_selection_filter__k': 20}",53.13826298713684,"[1, 2, 3, 4, 5, 6, 7, 8, 9, 10, 11, 12, 14, 16, 17, 18, 19, 20, 21, 27]","['V1', 'V2', 'V3', 'V4', 'V5', 'V6', 'V7', 'V8', 'V9', 'V10', 'V11', 'V12', 'V14', 'V16', 'V17', 'V18', 'V19', 'V20', 'V21', 'V27']"
CostSensitiveLearning_ClusterCentroids___RandomizedSearchCV__niter_30__cv_5,1,3,KNORAE,resubstitution,288,17687,20,53,0.9959552304964538,0.935064935064935,0.844574780058651,0.8875192604006163,0.9988705031908285,0.0011294968091715152,0.9217226416247397,0.9184883426257886,0.886654517286942,0.8854652695239612,0.9646596678716288,0.8641268179974905,22560,0.882904337474454,0.011114842619899383,0.884577325792735,0.020692678261740496,"{'classifier__estimator__ccp_alpha': np.float64(0.005730924075959516), 'classifier__estimator__max_depth': 19, 'classifier__estimator__max_features': 'log2', 'classifier__estimator__max_leaf_nodes': 7, 'classifier__estimator__min_impurity_decrease': np.float64(0.048460396027833176), 'classifier__estimator__min_samples_leaf': 1, 'classifier__estimator__min_samples_split': 3, 'classifier__max_features': np.float64(0.8476909775877608), 'classifier__max_samples': np.float64(0.7897777487742776), 'classifier__n_estimators': 415, 'feature_selection_filter__k': 'all'}",51.5562789440155,"[0, 1, 2, 3, 4, 5, 6, 7, 8, 9, 10, 11, 12, 13, 14, 15, 16, 17, 18, 19, 20, 21, 22, 23, 24, 25, 26, 27, 28, 29, 30]","['Amount_log1p', 'V1', 'V2', 'V3', 'V4', 'V5', 'V6', 'V7', 'V8', 'V9', 'V10', 'V11', 'V12', 'V13', 'V14', 'V15', 'V16', 'V17', 'V18', 'V19', 'V20', 'V21', 'V22', 'V23', 'V24', 'V25', 'V26', 'V27', 'V28', 'Time_sin', 'Time_cos']"
CostSensitiveLearning_ClusterCentroids___RandomizedSearchCV__niter_30__cv_5,1,4,KNORAE,resubstitution,281,17693,14,60,0.9958998226950354,0.9525423728813559,0.8240469208211144,0.8836477987421384,0.99920935223358,0.0007906477664200162,0.9116281365273472,0.9074113675526343,0.883970653346724,0.8815720518441498,0.9623624171032978,0.8603948149169331,22560,0.8800868424561141,0.008066407396111827,0.8786604703559805,0.023652844093094916,"{'classifier__estimator__ccp_alpha': np.float64(0.005604792255910517), 'classifier__estimator__max_depth': 3, 'classifier__estimator__max_features': 'sqrt', 'classifier__estimator__max_leaf_nodes': 13, 'classifier__estimator__min_impurity_decrease': np.float64(0.0866887727766858), 'classifier__estimator__min_samples_leaf': 3, 'classifier__estimator__min_samples_split': 8, 'classifier__max_features': np.float64(0.7843764994668734), 'classifier__max_samples': np.float64(0.7027206675177587), 'classifier__n_estimators': 588, 'feature_selection_filter__k': 20}",54.98267197608948,"[1, 2, 3, 4, 5, 6, 7, 8, 9, 10, 11, 12, 14, 16, 17, 18, 19, 20, 21, 27]","['V1', 'V2', 'V3', 'V4', 'V5', 'V6', 'V7', 'V8', 'V9', 'V10', 'V11', 'V12', 'V14', 'V16', 'V17', 'V18', 'V19', 'V20', 'V21', 'V27']"
CostSensitiveLearning_ClusterCentroids___RandomizedSearchCV__niter_30__cv_5,1,5,KNORAE,resubstitution,285,17688,20,55,0.995844414893617,0.9344262295081968,0.8382352941176471,0.8837209302325582,0.9988705669753783,0.001129433024621651,0.9185529305465128,0.9150347334905201,0.8829602488239934,0.8816116765032064,0.9622659748335747,0.8515507681347301,22560,0.8829396893895012,0.007258441587141442,0.884789487275996,0.020814853911839164,"{'classifier__estimator__ccp_alpha': np.float64(0.0010402838071011744), 'classifier__estimator__max_depth': 13, 'classifier__estimator__max_features': 'log2', 'classifier__estimator__max_leaf_nodes': 10, 'classifier__estimator__min_impurity_decrease': np.float64(0.05558463313047882), 'classifier__estimator__min_samples_leaf': 7, 'classifier__estimator__min_samples_split': 8, 'classifier__max_features': np.float64(0.5003098535093646), 'classifier__max_samples': np.float64(0.9353564691427717), 'classifier__n_estimators': 492, 'feature_selection_filter__k': 24}",53.78727412223816,"[1, 2, 3, 4, 5, 6, 7, 8, 9, 10, 11, 12, 14, 16, 17, 18, 19, 20, 21, 23, 24, 27, 28, 29]","['V1', 'V2', 'V3', 'V4', 'V5', 'V6', 'V7', 'V8', 'V9', 'V10', 'V11', 'V12', 'V14', 'V16', 'V17', 'V18', 'V19', 'V20', 'V21', 'V23', 'V24', 'V27', 'V28', 'Time_sin']"
CostSensitiveLearning_ClusterCentroids___RandomizedSearchCV__niter_30__cv_5,1,6,KNORAE,resubstitution,290,17691,17,50,0.9962876773049646,0.9446254071661238,0.8529411764705882,0.8964451313755796,0.9990399819290716,0.0009600180709283812,0.92599057919983,0.923104727280571,0.8957688788042695,0.8945600985534381,0.9657724491422953,0.8734854421658452,22560,0.9013988693519458,0.009599277346351185,0.9032229920732062,0.029571779861408572,"{'classifier__estimator__ccp_alpha': np.float64(0.002394400071444558), 'classifier__estimator__max_depth': 17, 'classifier__estimator__max_features': 'log2', 'classifier__estimator__max_leaf_nodes': 4, 'classifier__estimator__min_impurity_decrease': np.float64(0.07688393047246894), 'classifier__estimator__min_samples_leaf': 2, 'classifier__estimator__min_samples_split': 9, 'classifier__max_features': np.float64(0.7799734685206438), 'classifier__max_samples': np.float64(0.5269256087355281), 'classifier__n_estimators': 602, 'feature_selection_filter__k': 26}",49.347280502319336,"[0, 1, 2, 3, 4, 5, 6, 7, 8, 9, 10, 11, 12, 14, 16, 17, 18, 19, 20, 21, 23, 24, 25, 27, 28, 29]","['Amount_log1p', 'V1', 'V2', 'V3', 'V4', 'V5', 'V6', 'V7', 'V8', 'V9', 'V10', 'V11', 'V12', 'V14', 'V16', 'V17', 'V18', 'V19', 'V20', 'V21', 'V23', 'V24', 'V25', 'V27', 'V28', 'Time_sin']"
CostSensitiveLearning_ClusterCentroids___RandomizedSearchCV__niter_30__cv_5,1,7,KNORAE,resubstitution,282,17687,21,58,0.9956227836879432,0.9306930693069307,0.8294117647058824,0.8771384136858476,0.9988140953241473,0.001185904675852667,0.9141129300150148,0.9101802906105528,0.8764228372807443,0.8749176230811179,0.9619900111614558,0.8516239159979536,22560,0.8838112111529439,0.00822640279992767,0.8833537541317635,0.03167733631001127,"{'classifier__estimator__ccp_alpha': np.float64(0.00435806278185489), 'classifier__estimator__max_depth': 13, 'classifier__estimator__max_features': 'sqrt', 'classifier__estimator__max_leaf_nodes': 7, 'classifier__estimator__min_impurity_decrease': np.float64(0.07974367087453416), 'classifier__estimator__min_samples_leaf': 2, 'classifier__estimator__min_samples_split': 9, 'classifier__max_features': np.float64(0.7523374047572655), 'classifier__max_samples': np.float64(0.5164365244226226), 'classifier__n_estimators': 366, 'feature_selection_filter__k': 28}",50.05785155296326,"[0, 1, 2, 3, 4, 5, 6, 7, 8, 9, 10, 11, 12, 13, 14, 16, 17, 18, 19, 20, 21, 22, 24, 25, 27, 28, 29, 30]","['Amount_log1p', 'V1', 'V2', 'V3', 'V4', 'V5', 'V6', 'V7', 'V8', 'V9', 'V10', 'V11', 'V12', 'V13', 'V14', 'V16', 'V17', 'V18', 'V19', 'V20', 'V21', 'V22', 'V24', 'V25', 'V27', 'V28', 'Time_sin', 'Time_cos']"
CostSensitiveLearning_ClusterCentroids___RandomizedSearchCV__niter_30__cv_5,1,8,KNORAE,resubstitution,291,17692,15,50,0.9963984929078015,0.9509803921568627,0.8533724340175953,0.8995363214837713,0.9991528773931214,0.0008471226068785809,0.9262626557053584,0.9233902332906992,0.8990730183769551,0.8977081648262996,0.9745760536408303,0.8719261291836404,22561,0.8964757843626032,0.00897168885753823,0.8930529403449251,0.013324933699314832,"{'classifier__estimator__ccp_alpha': np.float64(0.0030096445585591457), 'classifier__estimator__max_depth': 11, 'classifier__estimator__max_features': 'log2', 'classifier__estimator__max_leaf_nodes': 14, 'classifier__estimator__min_impurity_decrease': np.float64(0.0683276759974987), 'classifier__estimator__min_samples_leaf': 2, 'classifier__estimator__min_samples_split': 4, 'classifier__max_features': np.float64(0.6052119179933829), 'classifier__max_samples': np.float64(0.8848772340927178), 'classifier__n_estimators': 583, 'feature_selection_filter__k': 24}",53.32296919822693,"[0, 1, 2, 3, 4, 5, 6, 7, 8, 9, 10, 11, 12, 14, 16, 17, 18, 19, 20, 21, 23, 27, 28, 29]","['Amount_log1p', 'V1', 'V2', 'V3', 'V4', 'V5', 'V6', 'V7', 'V8', 'V9', 'V10', 'V11', 'V12', 'V14', 'V16', 'V17', 'V18', 'V19', 'V20', 'V21', 'V23', 'V27', 'V28', 'Time_sin']"
CostSensitiveLearning_ClusterCentroids___RandomizedSearchCV__niter_30__cv_5,1,9,KNORAE,resubstitution,291,17689,18,50,0.9962322695035462,0.941747572815534,0.8533724340175953,0.8953846153846153,0.9989834528717456,0.0010165471282543859,0.9261779434446704,0.9233119411772293,0.8945957725626139,0.8934709389258868,0.997074901371908,0.9162237296944965,22561,0.9016861169342141,0.007282122222233703,0.8928069814552373,0.03327912138381069,"{'classifier__estimator__ccp_alpha': np.float64(0.004235003963518133), 'classifier__estimator__max_depth': 9, 'classifier__estimator__max_features': 'sqrt', 'classifier__estimator__max_leaf_nodes': 17, 'classifier__estimator__min_impurity_decrease': np.float64(0.00139053656832), 'classifier__estimator__min_samples_leaf': 1, 'classifier__estimator__min_samples_split': 2, 'classifier__max_features': np.float64(0.691496548136757), 'classifier__max_samples': np.float64(0.5574094748332538), 'classifier__n_estimators': 981, 'feature_selection_filter__k': 'all'}",59.19128155708313,"[0, 1, 2, 3, 4, 5, 6, 7, 8, 9, 10, 11, 12, 13, 14, 15, 16, 17, 18, 19, 20, 21, 22, 23, 24, 25, 26, 27, 28, 29, 30]","['Amount_log1p', 'V1', 'V2', 'V3', 'V4', 'V5', 'V6', 'V7', 'V8', 'V9', 'V10', 'V11', 'V12', 'V13', 'V14', 'V15', 'V16', 'V17', 'V18', 'V19', 'V20', 'V21', 'V22', 'V23', 'V24', 'V25', 'V26', 'V27', 'V28', 'Time_sin', 'Time_cos']"
CostSensitiveLearning_ClusterCentroids___RandomizedSearchCV__niter_30__cv_5,1,10,KNORAE,resubstitution,283,17687,20,58,0.9956781914893617,0.933993399339934,0.8299120234604106,0.8788819875776398,0.9988705031908285,0.0011294968091715152,0.9143912633256195,0.9104804448630508,0.8782758745733157,0.8766896286403978,0.9596840025657132,0.8648042359838332,22561,0.882817575851185,0.0032750475334137213,0.8841924078018518,0.016605045863206287,"{'classifier__estimator__ccp_alpha': np.float64(0.004162563874873824), 'classifier__estimator__max_depth': 19, 'classifier__estimator__max_features': 'sqrt', 'classifier__estimator__max_leaf_nodes': 3, 'classifier__estimator__min_impurity_decrease': np.float64(0.08603773147207142), 'classifier__estimator__min_samples_leaf': 6, 'classifier__estimator__min_samples_split': 7, 'classifier__max_features': np.float64(0.7028798842241408), 'classifier__max_samples': np.float64(0.9540958663163741), 'classifier__n_estimators': 645, 'feature_selection_filter__k': 20}",53.91035723686218,"[1, 2, 3, 4, 5, 6, 7, 8, 9, 10, 11, 12, 14, 16, 17, 18, 19, 20, 21, 27]","['V1', 'V2', 'V3', 'V4', 'V5', 'V6', 'V7', 'V8', 'V9', 'V10', 'V11', 'V12', 'V14', 'V16', 'V17', 'V18', 'V19', 'V20', 'V21', 'V27']"
CostSensitiveLearning_ClusterCentroids___RandomizedSearchCV__niter_30__cv_5,2,1,KNORAE,resubstitution,279,17694,13,62,0.995844414893617,0.9554794520547946,0.8181818181818182,0.8815165876777251,0.9992658270740385,0.0007341729259614516,0.9087238226279284,0.9042019305677218,0.8821564957176274,0.8794146049438587,0.9548144967106305,0.8638680022758126,22560,0.8812645613163976,0.009864076899379778,0.8772237406226205,0.03955691236541229,"{'classifier__estimator__ccp_alpha': np.float64(0.0037953303903767856), 'classifier__estimator__max_depth': 18, 'classifier__estimator__max_features': 'log2', 'classifier__estimator__max_leaf_nodes': 2, 'classifier__estimator__min_impurity_decrease': np.float64(0.02774982134389439), 'classifier__estimator__min_samples_leaf': 3, 'classifier__estimator__min_samples_split': 8, 'classifier__max_features': np.float64(0.707333126393286), 'classifier__max_samples': np.float64(0.6105927801942317), 'classifier__n_estimators': 471, 'feature_selection_filter__k': 20}",50.9649555683136,"[1, 2, 3, 4, 5, 6, 7, 8, 9, 10, 11, 12, 14, 16, 17, 18, 19, 20, 21, 27]","['V1', 'V2', 'V3', 'V4', 'V5', 'V6', 'V7', 'V8', 'V9', 'V10', 'V11', 'V12', 'V14', 'V16', 'V17', 'V18', 'V19', 'V20', 'V21', 'V27']"
CostSensitiveLearning_ClusterCentroids___RandomizedSearchCV__niter_30__cv_5,2,2,KNORAE,resubstitution,284,17687,20,57,0.9957335992907801,0.9342105263157895,0.8328445747800587,0.8806201550387597,0.9988705031908285,0.0011294968091715152,0.9158575389854435,0.912087649017521,0.879957509154767,0.8784554199400505,0.9593103742956999,0.8687118128343542,22560,0.8778100430129111,0.009695611348947185,0.8796373300414656,0.027969728727570753,"{'classifier__estimator__ccp_alpha': np.float64(0.0006041968731298797), 'classifier__estimator__max_depth': 8, 'classifier__estimator__max_features': 'log2', 'classifier__estimator__max_leaf_nodes': 3, 'classifier__estimator__min_impurity_decrease': np.float64(0.061958619326550224), 'classifier__estimator__min_samples_leaf': 8, 'classifier__estimator__min_samples_split': 8, 'classifier__max_features': np.float64(0.5154510404095185), 'classifier__max_samples': np.float64(0.8657775603732856), 'classifier__n_estimators': 441, 'feature_selection_filter__k': 20}",54.12951040267944,"[1, 2, 3, 4, 5, 6, 7, 8, 9, 10, 11, 12, 14, 16, 17, 18, 19, 20, 21, 27]","['V1', 'V2', 'V3', 'V4', 'V5', 'V6', 'V7', 'V8', 'V9', 'V10', 'V11', 'V12', 'V14', 'V16', 'V17', 'V18', 'V19', 'V20', 'V21', 'V27']"
CostSensitiveLearning_ClusterCentroids___RandomizedSearchCV__niter_30__cv_5,2,3,KNORAE,resubstitution,281,17686,21,60,0.9955119680851063,0.9304635761589404,0.8240469208211144,0.8740279937791602,0.9988140283503699,0.0011859716496300798,0.9114304745857422,0.9072318471785785,0.8734185781680108,0.871751835703445,0.9619000189960828,0.8476752621730366,22560,0.877105728568392,0.008125587779220934,0.8780908231717393,0.023851026977503336,"{'classifier__estimator__ccp_alpha': np.float64(0.00041727725605836377), 'classifier__estimator__max_depth': 17, 'classifier__estimator__max_features': 'log2', 'classifier__estimator__max_leaf_nodes': 10, 'classifier__estimator__min_impurity_decrease': np.float64(0.06690240591443887), 'classifier__estimator__min_samples_leaf': 3, 'classifier__estimator__min_samples_split': 6, 'classifier__max_features': np.float64(0.7882399298596007), 'classifier__max_samples': np.float64(0.621089803986335), 'classifier__n_estimators': 833, 'feature_selection_filter__k': 28}",53.79371762275696,"[0, 1, 2, 3, 4, 5, 6, 7, 8, 9, 10, 11, 12, 13, 14, 16, 17, 18, 19, 20, 21, 23, 24, 25, 26, 27, 28, 29]","['Amount_log1p', 'V1', 'V2', 'V3', 'V4', 'V5', 'V6', 'V7', 'V8', 'V9', 'V10', 'V11', 'V12', 'V13', 'V14', 'V16', 'V17', 'V18', 'V19', 'V20', 'V21', 'V23', 'V24', 'V25', 'V26', 'V27', 'V28', 'Time_sin']"
CostSensitiveLearning_ClusterCentroids___RandomizedSearchCV__niter_30__cv_5,2,4,KNORAE,resubstitution,287,17687,20,54,0.9958998226950354,0.9348534201954397,0.841642228739003,0.8858024691358025,0.9988705031908285,0.0011294968091715152,0.9202563659649157,0.9168923582008841,0.8849846621001948,0.8837207561034431,0.9671482043899001,0.8551483300459588,22560,0.8862455770006645,0.007441468349168145,0.8875052153915874,0.027293628050631007,"{'classifier__estimator__ccp_alpha': np.float64(0.006481328324747094), 'classifier__estimator__max_depth': 14, 'classifier__estimator__max_features': 'log2', 'classifier__estimator__max_leaf_nodes': 12, 'classifier__estimator__min_impurity_decrease': np.float64(0.079543025822362), 'classifier__estimator__min_samples_leaf': 3, 'classifier__estimator__min_samples_split': 8, 'classifier__max_features': np.float64(0.733312831267499), 'classifier__max_samples': np.float64(0.7609427094778081), 'classifier__n_estimators': 325, 'feature_selection_filter__k': 20}",51.37143683433533,"[1, 2, 3, 4, 5, 6, 7, 8, 9, 10, 11, 12, 14, 16, 17, 18, 19, 20, 21, 27]","['V1', 'V2', 'V3', 'V4', 'V5', 'V6', 'V7', 'V8', 'V9', 'V10', 'V11', 'V12', 'V14', 'V16', 'V17', 'V18', 'V19', 'V20', 'V21', 'V27']"
CostSensitiveLearning_ClusterCentroids___RandomizedSearchCV__niter_30__cv_5,2,5,KNORAE,resubstitution,296,17693,15,44,0.9967309397163121,0.9517684887459807,0.8705882352941177,0.9093701996927803,0.9991529252315338,0.0008470747684662383,0.9348705802628257,0.9326579126165587,0.9086444143239358,0.9077090126963898,0.9917790563254892,0.9064610159463482,22560,0.9090347179207463,0.006387066060932622,0.9015366727296596,0.008246806806700058,"{'classifier__estimator__ccp_alpha': np.float64(0.003278517172869584), 'classifier__estimator__max_depth': 5, 'classifier__estimator__max_features': 'log2', 'classifier__estimator__max_leaf_nodes': 9, 'classifier__estimator__min_impurity_decrease': np.float64(0.0025113994186252487), 'classifier__estimator__min_samples_leaf': 8, 'classifier__estimator__min_samples_split': 8, 'classifier__max_features': np.float64(0.5181157058549655), 'classifier__max_samples': np.float64(0.6683630411898512), 'classifier__n_estimators': 987, 'feature_selection_filter__k': 28}",59.12544298171997,"[0, 1, 2, 3, 4, 5, 6, 7, 8, 9, 10, 11, 12, 14, 16, 17, 18, 19, 20, 21, 22, 23, 24, 26, 27, 28, 29, 30]","['Amount_log1p', 'V1', 'V2', 'V3', 'V4', 'V5', 'V6', 'V7', 'V8', 'V9', 'V10', 'V11', 'V12', 'V14', 'V16', 'V17', 'V18', 'V19', 'V20', 'V21', 'V22', 'V23', 'V24', 'V26', 'V27', 'V28', 'Time_sin', 'Time_cos']"
CostSensitiveLearning_ClusterCentroids___RandomizedSearchCV__niter_30__cv_5,2,6,KNORAE,resubstitution,285,17682,26,55,0.9955119680851063,0.9163987138263665,0.8382352941176471,0.8755760368663594,0.9985317370679919,0.0014682629320080798,0.9183835155928195,0.9148795244768533,0.8741953623509452,0.8732954242102979,0.9657915498478586,0.862061541317277,22560,0.8849171770686999,0.010388506746125419,0.8858082648438262,0.0256344681413528,"{'classifier__estimator__ccp_alpha': np.float64(0.0007712000450440582), 'classifier__estimator__max_depth': 5, 'classifier__estimator__max_features': 'sqrt', 'classifier__estimator__max_leaf_nodes': 19, 'classifier__estimator__min_impurity_decrease': np.float64(0.038178517328359356), 'classifier__estimator__min_samples_leaf': 5, 'classifier__estimator__min_samples_split': 7, 'classifier__max_features': np.float64(0.7204365525718723), 'classifier__max_samples': np.float64(0.7690291980612226), 'classifier__n_estimators': 404, 'feature_selection_filter__k': 22}",54.10175585746765,"[1, 2, 3, 4, 5, 6, 7, 8, 9, 10, 11, 12, 14, 16, 17, 18, 19, 20, 21, 27, 28, 29]","['V1', 'V2', 'V3', 'V4', 'V5', 'V6', 'V7', 'V8', 'V9', 'V10', 'V11', 'V12', 'V14', 'V16', 'V17', 'V18', 'V19', 'V20', 'V21', 'V27', 'V28', 'Time_sin']"
CostSensitiveLearning_ClusterCentroids___RandomizedSearchCV__niter_30__cv_5,2,7,KNORAE,resubstitution,286,17687,21,54,0.995844414893617,0.9315960912052117,0.8411764705882353,0.884080370942813,0.9988140953241473,0.001185904675852667,0.9199952829561913,0.9166127401899602,0.8831620277223717,0.8819702595747442,0.9724153423510808,0.8722581730605782,22560,0.8895087391282506,0.0030257522121916965,0.891358111486064,0.007436171697987435,"{'classifier__estimator__ccp_alpha': np.float64(0.004029611440888581), 'classifier__estimator__max_depth': 7, 'classifier__estimator__max_features': 'sqrt', 'classifier__estimator__max_leaf_nodes': 3, 'classifier__estimator__min_impurity_decrease': np.float64(0.005243297243403167), 'classifier__estimator__min_samples_leaf': 3, 'classifier__estimator__min_samples_split': 2, 'classifier__max_features': np.float64(0.5193193987943784), 'classifier__max_samples': np.float64(0.7460353622312212), 'classifier__n_estimators': 397, 'feature_selection_filter__k': 20}",50.45071005821228,"[1, 2, 3, 4, 5, 6, 7, 8, 9, 10, 11, 12, 14, 16, 17, 18, 19, 20, 21, 27]","['V1', 'V2', 'V3', 'V4', 'V5', 'V6', 'V7', 'V8', 'V9', 'V10', 'V11', 'V12', 'V14', 'V16', 'V17', 'V18', 'V19', 'V20', 'V21', 'V27']"
CostSensitiveLearning_ClusterCentroids___RandomizedSearchCV__niter_30__cv_5,2,8,KNORAE,resubstitution,281,17689,18,60,0.9956781914893617,0.939799331103679,0.8240469208211144,0.878125,0.9989834528717456,0.0010165471282543859,0.91151518684643,0.9073087888311271,0.8778958727699513,0.8759347347384752,0.967765038827695,0.8504999729553459,22561,0.8878507000292555,0.005575810792007062,0.885852059530562,0.028746735079816295,"{'classifier__estimator__ccp_alpha': np.float64(0.007005533224569764), 'classifier__estimator__max_depth': 8, 'classifier__estimator__max_features': 'sqrt', 'classifier__estimator__max_leaf_nodes': 14, 'classifier__estimator__min_impurity_decrease': np.float64(0.09300662051321129), 'classifier__estimator__min_samples_leaf': 3, 'classifier__estimator__min_samples_split': 7, 'classifier__max_features': np.float64(0.5496818370887921), 'classifier__max_samples': np.float64(0.6675136569739055), 'classifier__n_estimators': 431, 'feature_selection_filter__k': 28}",51.85433745384216,"[0, 1, 2, 3, 4, 5, 6, 7, 8, 9, 10, 11, 12, 14, 15, 16, 17, 18, 19, 20, 21, 22, 23, 24, 25, 27, 28, 29]","['Amount_log1p', 'V1', 'V2', 'V3', 'V4', 'V5', 'V6', 'V7', 'V8', 'V9', 'V10', 'V11', 'V12', 'V14', 'V15', 'V16', 'V17', 'V18', 'V19', 'V20', 'V21', 'V22', 'V23', 'V24', 'V25', 'V27', 'V28', 'Time_sin']"
CostSensitiveLearning_ClusterCentroids___RandomizedSearchCV__niter_30__cv_5,2,9,KNORAE,resubstitution,286,17688,19,55,0.9958998226950354,0.9377049180327869,0.8387096774193549,0.8854489164086687,0.998926978031287,0.0010730219687129505,0.918818327725321,0.9153194652743444,0.884793475054928,0.8833680697525229,0.9673577906379951,0.862888524608856,22561,0.8885634099008453,0.008378011627866649,0.8865686561614557,0.025825307125550586,"{'classifier__estimator__ccp_alpha': np.float64(0.008684214771847769), 'classifier__estimator__max_depth': 16, 'classifier__estimator__max_features': 'sqrt', 'classifier__estimator__max_leaf_nodes': 7, 'classifier__estimator__min_impurity_decrease': np.float64(0.05180335584410983), 'classifier__estimator__min_samples_leaf': 5, 'classifier__estimator__min_samples_split': 2, 'classifier__max_features': np.float64(0.6898628734122744), 'classifier__max_samples': np.float64(0.5938662563632272), 'classifier__n_estimators': 914, 'feature_selection_filter__k': 20}",53.79654669761658,"[1, 2, 3, 4, 5, 6, 7, 8, 9, 10, 11, 12, 14, 16, 17, 18, 19, 20, 21, 27]","['V1', 'V2', 'V3', 'V4', 'V5', 'V6', 'V7', 'V8', 'V9', 'V10', 'V11', 'V12', 'V14', 'V16', 'V17', 'V18', 'V19', 'V20', 'V21', 'V27']"
CostSensitiveLearning_ClusterCentroids___RandomizedSearchCV__niter_30__cv_5,2,10,KNORAE,resubstitution,285,17686,21,56,0.9957335992907801,0.9313725490196079,0.8357771260997068,0.8809891808346213,0.9988140283503699,0.0011859716496300798,0.9172955772250384,0.9136661962241699,0.8801596601284272,0.8788235183326933,0.960456184218611,0.8554065222511675,22561,0.8829888169711717,0.0117978692987685,0.8811826972491155,0.03961427041495217,"{'classifier__estimator__ccp_alpha': np.float64(0.0002782342549816197), 'classifier__estimator__max_depth': 17, 'classifier__estimator__max_features': 'log2', 'classifier__estimator__max_leaf_nodes': 11, 'classifier__estimator__min_impurity_decrease': np.float64(0.07731847095480053), 'classifier__estimator__min_samples_leaf': 7, 'classifier__estimator__min_samples_split': 7, 'classifier__max_features': np.float64(0.931307719526421), 'classifier__max_samples': np.float64(0.669224372503247), 'classifier__n_estimators': 902, 'feature_selection_filter__k': 24}",56.49905300140381,"[1, 2, 3, 4, 5, 6, 7, 8, 9, 10, 11, 12, 14, 16, 17, 18, 19, 20, 21, 23, 24, 27, 28, 29]","['V1', 'V2', 'V3', 'V4', 'V5', 'V6', 'V7', 'V8', 'V9', 'V10', 'V11', 'V12', 'V14', 'V16', 'V17', 'V18', 'V19', 'V20', 'V21', 'V23', 'V24', 'V27', 'V28', 'Time_sin']"
CostSensitiveLearning_ClusterCentroids___RandomizedSearchCV__niter_30__cv_5,3,1,KNORAE,resubstitution,290,17690,17,51,0.9962322695035462,0.9446254071661238,0.8504398826979472,0.8950617283950617,0.9990399277122042,0.0009600722877958212,0.9247399052050758,0.9217501824974773,0.8944261929865995,0.8931488029058667,0.9727522144016806,0.8773499748820559,22560,0.8885489790299914,0.0013318281510925672,0.8910146026004273,0.011425998234628748,"{'classifier__estimator__ccp_alpha': np.float64(0.009426238276517944), 'classifier__estimator__max_depth': 9, 'classifier__estimator__max_features': 'sqrt', 'classifier__estimator__max_leaf_nodes': 9, 'classifier__estimator__min_impurity_decrease': np.float64(0.023893222905995628), 'classifier__estimator__min_samples_leaf': 7, 'classifier__estimator__min_samples_split': 9, 'classifier__max_features': np.float64(0.5290079519945695), 'classifier__max_samples': np.float64(0.8139028188318388), 'classifier__n_estimators': 543, 'feature_selection_filter__k': 28}",53.94576644897461,"[0, 1, 2, 3, 4, 5, 6, 7, 8, 9, 10, 11, 12, 14, 16, 17, 18, 19, 20, 21, 22, 23, 24, 25, 27, 28, 29, 30]","['Amount_log1p', 'V1', 'V2', 'V3', 'V4', 'V5', 'V6', 'V7', 'V8', 'V9', 'V10', 'V11', 'V12', 'V14', 'V16', 'V17', 'V18', 'V19', 'V20', 'V21', 'V22', 'V23', 'V24', 'V25', 'V27', 'V28', 'Time_sin', 'Time_cos']"
CostSensitiveLearning_ClusterCentroids___RandomizedSearchCV__niter_30__cv_5,3,2,KNORAE,resubstitution,289,17691,16,52,0.9962322695035462,0.9475409836065574,0.8475073313782991,0.8947368421052632,0.9990964025526627,0.0009035974473372566,0.9233018669654809,0.9201855931914312,0.8942653773147737,0.8928247127455615,0.9808677814678721,0.8902461636304543,22560,0.8929992040601389,0.006828472076802342,0.8899531571491623,0.025782678948447907,"{'classifier__estimator__ccp_alpha': np.float64(0.004465376354012137), 'classifier__estimator__max_depth': 16, 'classifier__estimator__max_features': 'log2', 'classifier__estimator__max_leaf_nodes': 5, 'classifier__estimator__min_impurity_decrease': np.float64(0.00625368175255695), 'classifier__estimator__min_samples_leaf': 8, 'classifier__estimator__min_samples_split': 3, 'classifier__max_features': np.float64(0.5770053946920746), 'classifier__max_samples': np.float64(0.5297560893218969), 'classifier__n_estimators': 390, 'feature_selection_filter__k': 22}",51.33883547782898,"[1, 2, 3, 4, 5, 6, 7, 8, 9, 10, 11, 12, 14, 16, 17, 18, 19, 20, 21, 27, 28, 29]","['V1', 'V2', 'V3', 'V4', 'V5', 'V6', 'V7', 'V8', 'V9', 'V10', 'V11', 'V12', 'V14', 'V16', 'V17', 'V18', 'V19', 'V20', 'V21', 'V27', 'V28', 'Time_sin']"
CostSensitiveLearning_ClusterCentroids___RandomizedSearchCV__niter_30__cv_5,3,3,KNORAE,resubstitution,284,17694,13,57,0.9961214539007093,0.9562289562289562,0.8328445747800587,0.890282131661442,0.9992658270740385,0.0007341729259614516,0.9160552009270486,0.9122681200402222,0.8905145043110886,0.8883175227876066,0.963845419915281,0.8539862027804078,22560,0.886215272939682,0.004864059314310289,0.8868795355489139,0.018487334167486047,"{'classifier__estimator__ccp_alpha': np.float64(0.0033268294346735774), 'classifier__estimator__max_depth': 7, 'classifier__estimator__max_features': 'log2', 'classifier__estimator__max_leaf_nodes': 13, 'classifier__estimator__min_impurity_decrease': np.float64(0.07920884851015551), 'classifier__estimator__min_samples_leaf': 8, 'classifier__estimator__min_samples_split': 7, 'classifier__max_features': np.float64(0.9740152676862052), 'classifier__max_samples': np.float64(0.765973394578394), 'classifier__n_estimators': 757, 'feature_selection_filter__k': 26}",53.788190603256226,"[0, 1, 2, 3, 4, 5, 6, 7, 8, 9, 10, 11, 12, 14, 16, 17, 18, 19, 20, 21, 23, 24, 27, 28, 29, 30]","['Amount_log1p', 'V1', 'V2', 'V3', 'V4', 'V5', 'V6', 'V7', 'V8', 'V9', 'V10', 'V11', 'V12', 'V14', 'V16', 'V17', 'V18', 'V19', 'V20', 'V21', 'V23', 'V24', 'V27', 'V28', 'Time_sin', 'Time_cos']"
CostSensitiveLearning_ClusterCentroids___RandomizedSearchCV__niter_30__cv_5,3,4,KNORAE,resubstitution,283,17691,16,58,0.9958998226950354,0.9464882943143813,0.8299120234604106,0.884375,0.9990964025526627,0.0009035974473372566,0.9145042130065366,0.9105833938055851,0.8842724387228824,0.882297056033938,0.9640001046689125,0.8549359844428212,22560,0.8784048989799738,0.009910119882961095,0.8819887243515293,0.022428959629829052,"{'classifier__estimator__ccp_alpha': np.float64(0.0010069370726504046), 'classifier__estimator__max_depth': 4, 'classifier__estimator__max_features': 'log2', 'classifier__estimator__max_leaf_nodes': 7, 'classifier__estimator__min_impurity_decrease': np.float64(0.06839961021621248), 'classifier__estimator__min_samples_leaf': 7, 'classifier__estimator__min_samples_split': 9, 'classifier__max_features': np.float64(0.5535580647214793), 'classifier__max_samples': np.float64(0.7662862892433703), 'classifier__n_estimators': 453, 'feature_selection_filter__k': 24}",54.261141777038574,"[0, 1, 2, 3, 4, 5, 6, 7, 8, 9, 10, 11, 12, 14, 16, 17, 18, 19, 20, 21, 22, 27, 28, 29]","['Amount_log1p', 'V1', 'V2', 'V3', 'V4', 'V5', 'V6', 'V7', 'V8', 'V9', 'V10', 'V11', 'V12', 'V14', 'V16', 'V17', 'V18', 'V19', 'V20', 'V21', 'V22', 'V27', 'V28', 'Time_sin']"
CostSensitiveLearning_ClusterCentroids___RandomizedSearchCV__niter_30__cv_5,3,5,KNORAE,resubstitution,280,17644,64,60,0.9931294326241135,0.813953488372093,0.8235294117647058,0.8187134502923976,0.9963858143212108,0.003614185678789239,0.9099576130429583,0.9058438185242774,0.8152264180946311,0.8152119344934552,0.9623422946092826,0.8487925226308976,22560,0.8760428127093338,0.011096979844308658,0.8775195996801399,0.03241845654497965,"{'classifier__estimator__ccp_alpha': np.float64(0.0037818255205551423), 'classifier__estimator__max_depth': 17, 'classifier__estimator__max_features': 'log2', 'classifier__estimator__max_leaf_nodes': 13, 'classifier__estimator__min_impurity_decrease': np.float64(0.06370241947175362), 'classifier__estimator__min_samples_leaf': 2, 'classifier__estimator__min_samples_split': 4, 'classifier__max_features': np.float64(0.7773602570678646), 'classifier__max_samples': np.float64(0.6065898854929572), 'classifier__n_estimators': 204, 'feature_selection_filter__k': 22}",53.41777420043945,"[1, 2, 3, 4, 5, 6, 7, 8, 9, 10, 11, 12, 14, 16, 17, 18, 19, 20, 21, 27, 28, 29]","['V1', 'V2', 'V3', 'V4', 'V5', 'V6', 'V7', 'V8', 'V9', 'V10', 'V11', 'V12', 'V14', 'V16', 'V17', 'V18', 'V19', 'V20', 'V21', 'V27', 'V28', 'Time_sin']"
CostSensitiveLearning_ClusterCentroids___RandomizedSearchCV__niter_30__cv_5,3,6,KNORAE,resubstitution,277,17691,17,63,0.9955673758865248,0.9421768707482994,0.8147058823529412,0.8738170347003155,0.9990399819290716,0.0009600180709283812,0.9068729321410064,0.9021772275907826,0.8739593571538515,0.8715731857791212,0.9576329741293399,0.8388005872528937,22560,0.871996571306628,0.006227810604619284,0.8718008667521211,0.022806168716773267,"{'classifier__estimator__ccp_alpha': np.float64(0.007113094083746389), 'classifier__estimator__max_depth': 6, 'classifier__estimator__max_features': 'log2', 'classifier__estimator__max_leaf_nodes': 14, 'classifier__estimator__min_impurity_decrease': np.float64(0.04713650693534169), 'classifier__estimator__min_samples_leaf': 8, 'classifier__estimator__min_samples_split': 5, 'classifier__max_features': np.float64(0.5129178317268102), 'classifier__max_samples': np.float64(0.9530660648407161), 'classifier__n_estimators': 195, 'feature_selection_filter__k': 24}",53.864537954330444,"[1, 2, 3, 4, 5, 6, 7, 8, 9, 10, 11, 12, 14, 16, 17, 18, 19, 20, 21, 24, 25, 27, 28, 29]","['V1', 'V2', 'V3', 'V4', 'V5', 'V6', 'V7', 'V8', 'V9', 'V10', 'V11', 'V12', 'V14', 'V16', 'V17', 'V18', 'V19', 'V20', 'V21', 'V24', 'V25', 'V27', 'V28', 'Time_sin']"
CostSensitiveLearning_ClusterCentroids___RandomizedSearchCV__niter_30__cv_5,3,7,KNORAE,resubstitution,276,17695,13,64,0.9957335992907801,0.9550173010380623,0.8117647058823529,0.8775834658187599,0.9992658685339959,0.0007341314660040954,0.9055152872081744,0.9006490792027565,0.8784221268649446,0.8754269576947046,0.9668182542951673,0.8489835618590459,22560,0.880619573892446,0.009203716786836708,0.8827107142857142,0.03817355446864983,"{'classifier__estimator__ccp_alpha': np.float64(0.008242107306946484), 'classifier__estimator__max_depth': 11, 'classifier__estimator__max_features': 'log2', 'classifier__estimator__max_leaf_nodes': 2, 'classifier__estimator__min_impurity_decrease': np.float64(0.055129477798152186), 'classifier__estimator__min_samples_leaf': 4, 'classifier__estimator__min_samples_split': 3, 'classifier__max_features': np.float64(0.5101386924122628), 'classifier__max_samples': np.float64(0.6381715954406788), 'classifier__n_estimators': 729, 'feature_selection_filter__k': 'all'}",53.94996786117554,"[0, 1, 2, 3, 4, 5, 6, 7, 8, 9, 10, 11, 12, 13, 14, 15, 16, 17, 18, 19, 20, 21, 22, 23, 24, 25, 26, 27, 28, 29, 30]","['Amount_log1p', 'V1', 'V2', 'V3', 'V4', 'V5', 'V6', 'V7', 'V8', 'V9', 'V10', 'V11', 'V12', 'V13', 'V14', 'V15', 'V16', 'V17', 'V18', 'V19', 'V20', 'V21', 'V22', 'V23', 'V24', 'V25', 'V26', 'V27', 'V28', 'Time_sin', 'Time_cos']"
CostSensitiveLearning_ClusterCentroids___RandomizedSearchCV__niter_30__cv_5,3,8,KNORAE,resubstitution,283,17693,14,58,0.9960106382978723,0.9528619528619529,0.8299120234604106,0.8871473354231975,0.99920935223358,0.0007906477664200162,0.9145606878469953,0.9106348639123897,0.8873156846071054,0.8851265948672524,0.9621085287442861,0.8662312666145574,22561,0.8872843731926483,0.009231388301661713,0.8885318064680373,0.02137368463848664,"{'classifier__estimator__ccp_alpha': np.float64(0.002375561678152992), 'classifier__estimator__max_depth': 17, 'classifier__estimator__max_features': 'log2', 'classifier__estimator__max_leaf_nodes': 2, 'classifier__estimator__min_impurity_decrease': np.float64(0.04760722626450138), 'classifier__estimator__min_samples_leaf': 3, 'classifier__estimator__min_samples_split': 8, 'classifier__max_features': np.float64(0.5468576216581333), 'classifier__max_samples': np.float64(0.7288583480241967), 'classifier__n_estimators': 537, 'feature_selection_filter__k': 20}",54.110580921173096,"[1, 2, 3, 4, 5, 6, 7, 8, 9, 10, 11, 12, 14, 16, 17, 18, 19, 20, 21, 27]","['V1', 'V2', 'V3', 'V4', 'V5', 'V6', 'V7', 'V8', 'V9', 'V10', 'V11', 'V12', 'V14', 'V16', 'V17', 'V18', 'V19', 'V20', 'V21', 'V27']"
CostSensitiveLearning_ClusterCentroids___RandomizedSearchCV__niter_30__cv_5,3,9,KNORAE,resubstitution,296,17684,23,45,0.9962322695035462,0.9278996865203761,0.8680351906158358,0.896969696969697,0.9987010786694528,0.0012989213305472092,0.9333681346426443,0.9310787728173591,0.895569288350931,0.8950529163283913,0.9932963867529567,0.9017111169468873,22561,0.9011857875413074,0.007025694332027777,0.8929727708802698,0.014986712110190413,"{'classifier__estimator__ccp_alpha': np.float64(0.0015167229781735626), 'classifier__estimator__max_depth': 19, 'classifier__estimator__max_features': 'log2', 'classifier__estimator__max_leaf_nodes': 10, 'classifier__estimator__min_impurity_decrease': np.float64(0.0052181825302833225), 'classifier__estimator__min_samples_leaf': 6, 'classifier__estimator__min_samples_split': 4, 'classifier__max_features': np.float64(0.8994769855373648), 'classifier__max_samples': np.float64(0.6102667855224494), 'classifier__n_estimators': 356, 'feature_selection_filter__k': 'all'}",52.51523733139038,"[0, 1, 2, 3, 4, 5, 6, 7, 8, 9, 10, 11, 12, 13, 14, 15, 16, 17, 18, 19, 20, 21, 22, 23, 24, 25, 26, 27, 28, 29, 30]","['Amount_log1p', 'V1', 'V2', 'V3', 'V4', 'V5', 'V6', 'V7', 'V8', 'V9', 'V10', 'V11', 'V12', 'V13', 'V14', 'V15', 'V16', 'V17', 'V18', 'V19', 'V20', 'V21', 'V22', 'V23', 'V24', 'V25', 'V26', 'V27', 'V28', 'Time_sin', 'Time_cos']"
CostSensitiveLearning_ClusterCentroids___RandomizedSearchCV__niter_30__cv_5,3,10,KNORAE,resubstitution,290,17688,19,51,0.9961214539007093,0.9385113268608414,0.8504398826979472,0.8923076923076924,0.998926978031287,0.0010730219687129505,0.9246834303646172,0.9216980753048921,0.8914586203377737,0.8903377312472365,0.9703986544082588,0.8643680046677787,22561,0.8906043795931129,0.006807712017548601,0.8907116735534449,0.009586909773551354,"{'classifier__estimator__ccp_alpha': np.float64(0.005719405615384784), 'classifier__estimator__max_depth': 16, 'classifier__estimator__max_features': 'sqrt', 'classifier__estimator__max_leaf_nodes': 9, 'classifier__estimator__min_impurity_decrease': np.float64(0.073535435187416), 'classifier__estimator__min_samples_leaf': 3, 'classifier__estimator__min_samples_split': 8, 'classifier__max_features': np.float64(0.970192626294556), 'classifier__max_samples': np.float64(0.9253930127468324), 'classifier__n_estimators': 683, 'feature_selection_filter__k': 22}",55.75133728981018,"[1, 2, 3, 4, 5, 6, 7, 8, 9, 10, 11, 12, 14, 16, 17, 18, 19, 20, 21, 27, 28, 29]","['V1', 'V2', 'V3', 'V4', 'V5', 'V6', 'V7', 'V8', 'V9', 'V10', 'V11', 'V12', 'V14', 'V16', 'V17', 'V18', 'V19', 'V20', 'V21', 'V27', 'V28', 'Time_sin']"
CostSensitiveLearning_ClusterCentroids___RandomizedSearchCV__niter_30__cv_5,4,1,KNORAE,resubstitution,283,17681,26,58,0.995345744680851,0.9158576051779935,0.8299120234604106,0.8707692307692307,0.998531654148077,0.0014683458519230141,0.9142218388042438,0.9103259996195328,0.8694985547638927,0.8684052774966837,0.9678351769360065,0.8489668480684289,22560,0.8764850423687396,0.004301548929993383,0.8786456154519147,0.018247984126192825,"{'classifier__estimator__ccp_alpha': np.float64(0.0024324331981476145), 'classifier__estimator__max_depth': 11, 'classifier__estimator__max_features': 'log2', 'classifier__estimator__max_leaf_nodes': 19, 'classifier__estimator__min_impurity_decrease': np.float64(0.037813528291544635), 'classifier__estimator__min_samples_leaf': 8, 'classifier__estimator__min_samples_split': 5, 'classifier__max_features': np.float64(0.6380945938885489), 'classifier__max_samples': np.float64(0.7180084012637362), 'classifier__n_estimators': 918, 'feature_selection_filter__k': 22}",55.21425771713257,"[1, 2, 3, 4, 5, 6, 7, 8, 9, 10, 11, 12, 14, 16, 17, 18, 19, 20, 21, 27, 28, 29]","['V1', 'V2', 'V3', 'V4', 'V5', 'V6', 'V7', 'V8', 'V9', 'V10', 'V11', 'V12', 'V14', 'V16', 'V17', 'V18', 'V19', 'V20', 'V21', 'V27', 'V28', 'Time_sin']"
CostSensitiveLearning_ClusterCentroids___RandomizedSearchCV__niter_30__cv_5,4,2,KNORAE,resubstitution,279,17677,30,62,0.9949024822695035,0.9029126213592233,0.8181818181818182,0.8584615384615385,0.9983057547862427,0.0016942452137572728,0.9082437864840305,0.9037674576750263,0.8569499458645321,0.8558724467820822,0.9657627490296183,0.8487209824779155,22560,0.8727397097091469,0.009555734199507783,0.8721357766246021,0.03199023698838412,"{'classifier__estimator__ccp_alpha': np.float64(0.0041304067978720676), 'classifier__estimator__max_depth': 9, 'classifier__estimator__max_features': 'sqrt', 'classifier__estimator__max_leaf_nodes': 11, 'classifier__estimator__min_impurity_decrease': np.float64(0.09271267378771807), 'classifier__estimator__min_samples_leaf': 1, 'classifier__estimator__min_samples_split': 4, 'classifier__max_features': np.float64(0.9931113176988342), 'classifier__max_samples': np.float64(0.6045382731520952), 'classifier__n_estimators': 351, 'feature_selection_filter__k': 24}",52.5815544128418,"[0, 1, 2, 3, 4, 5, 6, 7, 8, 9, 10, 11, 12, 14, 16, 17, 18, 19, 20, 21, 24, 27, 28, 29]","['Amount_log1p', 'V1', 'V2', 'V3', 'V4', 'V5', 'V6', 'V7', 'V8', 'V9', 'V10', 'V11', 'V12', 'V14', 'V16', 'V17', 'V18', 'V19', 'V20', 'V21', 'V24', 'V27', 'V28', 'Time_sin']"
CostSensitiveLearning_ClusterCentroids___RandomizedSearchCV__niter_30__cv_5,4,3,KNORAE,resubstitution,277,17682,25,64,0.9950687056737588,0.9172185430463576,0.8123167155425219,0.8615863141524106,0.9985881289885357,0.0014118710114643385,0.9054524222655288,0.9006496705821413,0.8607278751689392,0.8590853503408223,0.9583513785077956,0.8409640629767424,22560,0.8646125704869156,0.009630118443514787,0.8635558789574134,0.028151165463060183,"{'classifier__estimator__ccp_alpha': np.float64(0.005940442331299229), 'classifier__estimator__max_depth': 7, 'classifier__estimator__max_features': 'log2', 'classifier__estimator__max_leaf_nodes': 5, 'classifier__estimator__min_impurity_decrease': np.float64(0.08707128655918527), 'classifier__estimator__min_samples_leaf': 7, 'classifier__estimator__min_samples_split': 9, 'classifier__max_features': np.float64(0.8170153878047927), 'classifier__max_samples': np.float64(0.8408632372324975), 'classifier__n_estimators': 779, 'feature_selection_filter__k': 28}",55.94434189796448,"[0, 1, 2, 3, 4, 5, 6, 7, 8, 9, 10, 11, 12, 14, 16, 17, 18, 19, 20, 21, 23, 24, 25, 26, 27, 28, 29, 30]","['Amount_log1p', 'V1', 'V2', 'V3', 'V4', 'V5', 'V6', 'V7', 'V8', 'V9', 'V10', 'V11', 'V12', 'V14', 'V16', 'V17', 'V18', 'V19', 'V20', 'V21', 'V23', 'V24', 'V25', 'V26', 'V27', 'V28', 'Time_sin', 'Time_cos']"
CostSensitiveLearning_ClusterCentroids___RandomizedSearchCV__niter_30__cv_5,4,4,KNORAE,resubstitution,289,17697,10,52,0.9965647163120568,0.9665551839464883,0.8475073313782991,0.903125,0.9994352515954142,0.0005647484045857576,0.9234712914868567,0.9203416229667267,0.903402136581676,0.9013840199203265,0.9838387555528763,0.8952378373668781,22560,0.9021837037651264,0.007662224801346024,0.8931530263801728,0.029369743390658485,"{'classifier__estimator__ccp_alpha': np.float64(0.0030333622031053476), 'classifier__estimator__max_depth': 5, 'classifier__estimator__max_features': 'sqrt', 'classifier__estimator__max_leaf_nodes': 14, 'classifier__estimator__min_impurity_decrease': np.float64(0.007893714458331303), 'classifier__estimator__min_samples_leaf': 1, 'classifier__estimator__min_samples_split': 8, 'classifier__max_features': np.float64(0.6869864693398424), 'classifier__max_samples': np.float64(0.5449517307950671), 'classifier__n_estimators': 321, 'feature_selection_filter__k': 22}",51.70996356010437,"[1, 2, 3, 4, 5, 6, 7, 8, 9, 10, 11, 12, 14, 16, 17, 18, 19, 20, 21, 27, 28, 29]","['V1', 'V2', 'V3', 'V4', 'V5', 'V6', 'V7', 'V8', 'V9', 'V10', 'V11', 'V12', 'V14', 'V16', 'V17', 'V18', 'V19', 'V20', 'V21', 'V27', 'V28', 'Time_sin']"
CostSensitiveLearning_ClusterCentroids___RandomizedSearchCV__niter_30__cv_5,4,5,KNORAE,resubstitution,288,17679,29,52,0.9955119680851063,0.9085173501577287,0.8470588235294118,0.8767123287671232,0.9983623221142987,0.0016376778857013496,0.9227105728218552,0.9196040528543953,0.8749859417647827,0.8744295641908212,0.9756813138627938,0.8628630566577947,22560,0.8810890181219024,0.006036509989258798,0.8848119369830714,0.02107657134330654,"{'classifier__estimator__ccp_alpha': np.float64(0.0028638382186796842), 'classifier__estimator__max_depth': 14, 'classifier__estimator__max_features': 'log2', 'classifier__estimator__max_leaf_nodes': 7, 'classifier__estimator__min_impurity_decrease': np.float64(0.030527023292376866), 'classifier__estimator__min_samples_leaf': 2, 'classifier__estimator__min_samples_split': 9, 'classifier__max_features': np.float64(0.5760413437728875), 'classifier__max_samples': np.float64(0.8882198547754803), 'classifier__n_estimators': 752, 'feature_selection_filter__k': 22}",55.52493476867676,"[1, 2, 3, 4, 5, 6, 7, 8, 9, 10, 11, 12, 14, 16, 17, 18, 19, 20, 21, 27, 28, 29]","['V1', 'V2', 'V3', 'V4', 'V5', 'V6', 'V7', 'V8', 'V9', 'V10', 'V11', 'V12', 'V14', 'V16', 'V17', 'V18', 'V19', 'V20', 'V21', 'V27', 'V28', 'Time_sin']"
CostSensitiveLearning_ClusterCentroids___RandomizedSearchCV__niter_30__cv_5,4,6,KNORAE,resubstitution,288,17689,19,52,0.9960660460992907,0.9381107491856677,0.8470588235294118,0.8902627511591963,0.9989270386266095,0.0010729613733905241,0.9229929310780106,0.9198640998162583,0.8894654532633206,0.8882651790640911,0.9667291453513865,0.8756979845472689,22560,0.8914628563432674,0.003528871501104077,0.8943877002930793,0.012766742918311005,"{'classifier__estimator__ccp_alpha': np.float64(0.004005545036798892), 'classifier__estimator__max_depth': 17, 'classifier__estimator__max_features': 'log2', 'classifier__estimator__max_leaf_nodes': 12, 'classifier__estimator__min_impurity_decrease': np.float64(0.07550918354725922), 'classifier__estimator__min_samples_leaf': 2, 'classifier__estimator__min_samples_split': 5, 'classifier__max_features': np.float64(0.640508845326982), 'classifier__max_samples': np.float64(0.8527986223287146), 'classifier__n_estimators': 841, 'feature_selection_filter__k': 20}",53.194700956344604,"[1, 2, 3, 4, 5, 6, 7, 8, 9, 10, 11, 12, 14, 16, 17, 18, 19, 20, 21, 27]","['V1', 'V2', 'V3', 'V4', 'V5', 'V6', 'V7', 'V8', 'V9', 'V10', 'V11', 'V12', 'V14', 'V16', 'V17', 'V18', 'V19', 'V20', 'V21', 'V27']"
CostSensitiveLearning_ClusterCentroids___RandomizedSearchCV__niter_30__cv_5,4,7,KNORAE,resubstitution,286,17686,22,54,0.9957890070921985,0.9285714285714286,0.8411764705882353,0.8827160493827161,0.9987576236729162,0.001242376327083794,0.9199670471305758,0.9165868277769852,0.8816927293253938,0.8805773876024929,0.9650480341221648,0.8749594023641543,22560,0.8878520737935756,0.011084991628784258,0.890599744243137,0.033179982454562114,"{'classifier__estimator__ccp_alpha': np.float64(0.00160614785216597), 'classifier__estimator__max_depth': 4, 'classifier__estimator__max_features': 'sqrt', 'classifier__estimator__max_leaf_nodes': 6, 'classifier__estimator__min_impurity_decrease': np.float64(0.07074772465848975), 'classifier__estimator__min_samples_leaf': 8, 'classifier__estimator__min_samples_split': 4, 'classifier__max_features': np.float64(0.7714986239809735), 'classifier__max_samples': np.float64(0.8002736781581707), 'classifier__n_estimators': 954, 'feature_selection_filter__k': 24}",52.67857360839844,"[0, 1, 2, 3, 4, 5, 6, 7, 8, 9, 10, 11, 12, 14, 16, 17, 18, 19, 20, 21, 23, 27, 28, 29]","['Amount_log1p', 'V1', 'V2', 'V3', 'V4', 'V5', 'V6', 'V7', 'V8', 'V9', 'V10', 'V11', 'V12', 'V14', 'V16', 'V17', 'V18', 'V19', 'V20', 'V21', 'V23', 'V27', 'V28', 'Time_sin']"
CostSensitiveLearning_ClusterCentroids___RandomizedSearchCV__niter_30__cv_5,4,8,KNORAE,resubstitution,282,17687,20,59,0.9956227836879432,0.9337748344370861,0.8269794721407625,0.8771384136858476,0.9988705031908285,0.0011294968091715152,0.9129249876657954,0.9088703986079254,0.8765912539177787,0.8749184570441008,0.9620630673257938,0.8622698399805583,22561,0.877710769066103,0.0035429584540124836,0.8783223498182238,0.010980181350950592,"{'classifier__estimator__ccp_alpha': np.float64(0.007474136245825464), 'classifier__estimator__max_depth': 5, 'classifier__estimator__max_features': 'sqrt', 'classifier__estimator__max_leaf_nodes': 16, 'classifier__estimator__min_impurity_decrease': np.float64(0.09760706276638142), 'classifier__estimator__min_samples_leaf': 1, 'classifier__estimator__min_samples_split': 3, 'classifier__max_features': np.float64(0.6186351283051624), 'classifier__max_samples': np.float64(0.897672060786649), 'classifier__n_estimators': 860, 'feature_selection_filter__k': 22}",56.56521558761597,"[1, 2, 3, 4, 5, 6, 7, 8, 9, 10, 11, 12, 14, 16, 17, 18, 19, 20, 21, 27, 28, 29]","['V1', 'V2', 'V3', 'V4', 'V5', 'V6', 'V7', 'V8', 'V9', 'V10', 'V11', 'V12', 'V14', 'V16', 'V17', 'V18', 'V19', 'V20', 'V21', 'V27', 'V28', 'Time_sin']"
CostSensitiveLearning_ClusterCentroids___RandomizedSearchCV__niter_30__cv_5,4,9,KNORAE,resubstitution,284,17684,23,57,0.9955673758865248,0.9250814332247557,0.8328445747800587,0.8765432098765432,0.9987010786694528,0.0012989213305472092,0.9157728267247558,0.9120102933612353,0.87554313121379,0.8742927093010197,0.9675910598837015,0.8537346809284313,22561,0.8799316276334596,0.005726076853792888,0.877788149915067,0.021640507724543137,"{'classifier__estimator__ccp_alpha': np.float64(0.0022705331806737792), 'classifier__estimator__max_depth': 17, 'classifier__estimator__max_features': 'log2', 'classifier__estimator__max_leaf_nodes': 6, 'classifier__estimator__min_impurity_decrease': np.float64(0.07404370014027183), 'classifier__estimator__min_samples_leaf': 4, 'classifier__estimator__min_samples_split': 6, 'classifier__max_features': np.float64(0.8921937182860308), 'classifier__max_samples': np.float64(0.9213033912014859), 'classifier__n_estimators': 412, 'feature_selection_filter__k': 24}",54.55578637123108,"[0, 1, 2, 3, 4, 5, 6, 7, 8, 9, 10, 11, 12, 14, 16, 17, 18, 19, 20, 21, 24, 27, 28, 29]","['Amount_log1p', 'V1', 'V2', 'V3', 'V4', 'V5', 'V6', 'V7', 'V8', 'V9', 'V10', 'V11', 'V12', 'V14', 'V16', 'V17', 'V18', 'V19', 'V20', 'V21', 'V24', 'V27', 'V28', 'Time_sin']"
CostSensitiveLearning_ClusterCentroids___RandomizedSearchCV__niter_30__cv_5,4,10,KNORAE,resubstitution,277,17684,23,64,0.9951795212765957,0.9233333333333333,0.8123167155425219,0.8642745709828393,0.9987010786694528,0.0012989213305472092,0.9055088971059874,0.9007006051033516,0.8636638238462356,0.8618309760996141,0.9643694269393601,0.8429638307887086,22561,0.8682581627888617,0.008918776877159824,0.8679210826084383,0.025617744929001242,"{'classifier__estimator__ccp_alpha': np.float64(0.00021855390558579103), 'classifier__estimator__max_depth': 16, 'classifier__estimator__max_features': 'log2', 'classifier__estimator__max_leaf_nodes': 10, 'classifier__estimator__min_impurity_decrease': np.float64(0.08517748706183141), 'classifier__estimator__min_samples_leaf': 9, 'classifier__estimator__min_samples_split': 7, 'classifier__max_features': np.float64(0.5647341816339652), 'classifier__max_samples': np.float64(0.8418582754383106), 'classifier__n_estimators': 597, 'feature_selection_filter__k': 26}",53.332420110702515,"[0, 1, 2, 3, 4, 5, 6, 7, 8, 9, 10, 11, 12, 14, 16, 17, 18, 19, 20, 21, 23, 24, 25, 27, 28, 29]","['Amount_log1p', 'V1', 'V2', 'V3', 'V4', 'V5', 'V6', 'V7', 'V8', 'V9', 'V10', 'V11', 'V12', 'V14', 'V16', 'V17', 'V18', 'V19', 'V20', 'V21', 'V23', 'V24', 'V25', 'V27', 'V28', 'Time_sin']"
CostSensitiveLearning_ClusterCentroids___RandomizedSearchCV__niter_30__cv_5,5,1,KNORAE,resubstitution,293,17694,13,48,0.9966201241134752,0.9575163398692811,0.8592375366568915,0.9057187017001546,0.9992658270740385,0.0007341729259614516,0.929251681865465,0.9266103321895932,0.9053774711264644,0.904003046990835,0.9659832658919951,0.8755242153863774,22560,0.9035952865304863,0.005748736311620282,0.9037479017884392,0.025970564508379278,"{'classifier__estimator__ccp_alpha': np.float64(0.004024800651249588), 'classifier__estimator__max_depth': 9, 'classifier__estimator__max_features': 'sqrt', 'classifier__estimator__max_leaf_nodes': 8, 'classifier__estimator__min_impurity_decrease': np.float64(0.07273621979270704), 'classifier__estimator__min_samples_leaf': 9, 'classifier__estimator__min_samples_split': 2, 'classifier__max_features': np.float64(0.6200401197504091), 'classifier__max_samples': np.float64(0.6959069476326127), 'classifier__n_estimators': 897, 'feature_selection_filter__k': 22}",55.55390286445618,"[1, 2, 3, 4, 5, 6, 7, 8, 9, 10, 11, 12, 14, 16, 17, 18, 19, 20, 21, 27, 28, 29]","['V1', 'V2', 'V3', 'V4', 'V5', 'V6', 'V7', 'V8', 'V9', 'V10', 'V11', 'V12', 'V14', 'V16', 'V17', 'V18', 'V19', 'V20', 'V21', 'V27', 'V28', 'Time_sin']"
CostSensitiveLearning_ClusterCentroids___RandomizedSearchCV__niter_30__cv_5,5,2,KNORAE,resubstitution,281,17688,19,60,0.9956227836879432,0.9366666666666666,0.8240469208211144,0.8767550702028081,0.998926978031287,0.0010730219687129505,0.9114869494262008,0.9072831423386104,0.8763960414692656,0.8745361736996496,0.9657347600324406,0.8467577322666225,22560,0.8700777406848024,0.009689819775395793,0.8687880969259698,0.036501072548577734,"{'classifier__estimator__ccp_alpha': np.float64(0.004619608276929698), 'classifier__estimator__max_depth': 14, 'classifier__estimator__max_features': 'log2', 'classifier__estimator__max_leaf_nodes': 14, 'classifier__estimator__min_impurity_decrease': np.float64(0.04055764662994667), 'classifier__estimator__min_samples_leaf': 9, 'classifier__estimator__min_samples_split': 8, 'classifier__max_features': np.float64(0.6956241166587487), 'classifier__max_samples': np.float64(0.5775470768169136), 'classifier__n_estimators': 263, 'feature_selection_filter__k': 22}",52.163177251815796,"[1, 2, 3, 4, 5, 6, 7, 8, 9, 10, 11, 12, 14, 16, 17, 18, 19, 20, 21, 27, 28, 29]","['V1', 'V2', 'V3', 'V4', 'V5', 'V6', 'V7', 'V8', 'V9', 'V10', 'V11', 'V12', 'V14', 'V16', 'V17', 'V18', 'V19', 'V20', 'V21', 'V27', 'V28', 'Time_sin']"
CostSensitiveLearning_ClusterCentroids___RandomizedSearchCV__niter_30__cv_5,5,3,KNORAE,resubstitution,291,17680,27,50,0.9957335992907801,0.9150943396226415,0.8533724340175953,0.8831562974203339,0.9984751793076184,0.0015248206923815788,0.9259238066626069,0.923077024994067,0.8815433350900067,0.8809861232006561,0.9862284196965032,0.8968385814222759,22560,0.8925693222633235,0.008648030984876882,0.8948385897486499,0.019247768208409437,"{'classifier__estimator__ccp_alpha': np.float64(0.005737761766539807), 'classifier__estimator__max_depth': 3, 'classifier__estimator__max_features': 'sqrt', 'classifier__estimator__max_leaf_nodes': 8, 'classifier__estimator__min_impurity_decrease': np.float64(0.0012731049947232954), 'classifier__estimator__min_samples_leaf': 4, 'classifier__estimator__min_samples_split': 2, 'classifier__max_features': np.float64(0.6136598600129959), 'classifier__max_samples': np.float64(0.5013661016760639), 'classifier__n_estimators': 423, 'feature_selection_filter__k': 26}",52.90334486961365,"[0, 1, 2, 3, 4, 5, 6, 7, 8, 9, 10, 11, 12, 14, 16, 17, 18, 19, 20, 21, 22, 24, 27, 28, 29, 30]","['Amount_log1p', 'V1', 'V2', 'V3', 'V4', 'V5', 'V6', 'V7', 'V8', 'V9', 'V10', 'V11', 'V12', 'V14', 'V16', 'V17', 'V18', 'V19', 'V20', 'V21', 'V22', 'V24', 'V27', 'V28', 'Time_sin', 'Time_cos']"
CostSensitiveLearning_ClusterCentroids___RandomizedSearchCV__niter_30__cv_5,5,4,KNORAE,resubstitution,297,17691,16,44,0.9966755319148937,0.9488817891373802,0.8709677419354839,0.908256880733945,0.9990964025526627,0.0009035974473372566,0.9350320722440733,0.9328347858582235,0.9074301180754198,0.9065671342509003,0.9981457703408381,0.9485429698113086,22560,0.9167749627935772,0.005590008818374679,0.8963529800333025,0.01686457604937902,"{'classifier__estimator__ccp_alpha': np.float64(0.0018296085048042977), 'classifier__estimator__max_depth': 6, 'classifier__estimator__max_features': 'sqrt', 'classifier__estimator__max_leaf_nodes': 18, 'classifier__estimator__min_impurity_decrease': np.float64(8.371144428263034e-05), 'classifier__estimator__min_samples_leaf': 1, 'classifier__estimator__min_samples_split': 6, 'classifier__max_features': np.float64(0.7628683463197949), 'classifier__max_samples': np.float64(0.9231391572247168), 'classifier__n_estimators': 889, 'feature_selection_filter__k': 28}",62.80446004867554,"[0, 1, 2, 3, 4, 5, 6, 7, 8, 9, 10, 11, 12, 13, 14, 15, 16, 17, 18, 19, 20, 21, 23, 24, 27, 28, 29, 30]","['Amount_log1p', 'V1', 'V2', 'V3', 'V4', 'V5', 'V6', 'V7', 'V8', 'V9', 'V10', 'V11', 'V12', 'V13', 'V14', 'V15', 'V16', 'V17', 'V18', 'V19', 'V20', 'V21', 'V23', 'V24', 'V27', 'V28', 'Time_sin', 'Time_cos']"
CostSensitiveLearning_ClusterCentroids___RandomizedSearchCV__niter_30__cv_5,5,5,KNORAE,resubstitution,282,17683,25,58,0.9954011524822695,0.9185667752442996,0.8294117647058824,0.8717156105100463,0.9985882087192229,0.0014117912807770638,0.9139999867125527,0.9100773639687434,0.870555176640474,0.8693804205960501,0.9624536600273722,0.8544314605431256,22560,0.8734714335310804,0.006260418402978308,0.8763724853078687,0.033608005074410835,"{'classifier__estimator__ccp_alpha': np.float64(0.006274082768763051), 'classifier__estimator__max_depth': 17, 'classifier__estimator__max_features': 'sqrt', 'classifier__estimator__max_leaf_nodes': 4, 'classifier__estimator__min_impurity_decrease': np.float64(0.08461743956251122), 'classifier__estimator__min_samples_leaf': 1, 'classifier__estimator__min_samples_split': 2, 'classifier__max_features': np.float64(0.978416123370988), 'classifier__max_samples': np.float64(0.757684376974069), 'classifier__n_estimators': 163, 'feature_selection_filter__k': 22}",52.700743198394775,"[1, 2, 3, 4, 5, 6, 7, 8, 9, 10, 11, 12, 14, 16, 17, 18, 19, 20, 21, 27, 28, 29]","['V1', 'V2', 'V3', 'V4', 'V5', 'V6', 'V7', 'V8', 'V9', 'V10', 'V11', 'V12', 'V14', 'V16', 'V17', 'V18', 'V19', 'V20', 'V21', 'V27', 'V28', 'Time_sin']"
CostSensitiveLearning_ClusterCentroids___RandomizedSearchCV__niter_30__cv_5,5,6,KNORAE,resubstitution,278,17698,10,62,0.9960106382978723,0.9652777777777778,0.8176470588235294,0.8853503184713376,0.9994352834876892,0.0005647165123108255,0.9085411711556093,0.9039830308297658,0.8864868868470239,0.8833344825208578,0.9580779375224225,0.8577903026791389,22560,0.8844696865690731,0.006951051115343293,0.8834691487019356,0.029459482381607706,"{'classifier__estimator__ccp_alpha': np.float64(0.003392152224044128), 'classifier__estimator__max_depth': 9, 'classifier__estimator__max_features': 'sqrt', 'classifier__estimator__max_leaf_nodes': 2, 'classifier__estimator__min_impurity_decrease': np.float64(0.06071111255858011), 'classifier__estimator__min_samples_leaf': 4, 'classifier__estimator__min_samples_split': 5, 'classifier__max_features': np.float64(0.5966246265584918), 'classifier__max_samples': np.float64(0.8175698463609893), 'classifier__n_estimators': 942, 'feature_selection_filter__k': 26}",53.65516924858093,"[0, 1, 2, 3, 4, 5, 6, 7, 8, 9, 10, 11, 12, 14, 16, 17, 18, 19, 20, 21, 23, 24, 27, 28, 29, 30]","['Amount_log1p', 'V1', 'V2', 'V3', 'V4', 'V5', 'V6', 'V7', 'V8', 'V9', 'V10', 'V11', 'V12', 'V14', 'V16', 'V17', 'V18', 'V19', 'V20', 'V21', 'V23', 'V24', 'V27', 'V28', 'Time_sin', 'Time_cos']"
CostSensitiveLearning_ClusterCentroids___RandomizedSearchCV__niter_30__cv_5,5,7,KNORAE,resubstitution,275,17693,15,65,0.9955673758865248,0.9482758620689655,0.8088235294117647,0.873015873015873,0.9991529252315338,0.0008470747684662383,0.9039882273216493,0.8989651803089251,0.8736287054454809,0.8707746504084832,0.9533243532335004,0.8322169712218204,22560,0.87484914072875,0.002557736103614959,0.8759528848675583,0.021836938060759325,"{'classifier__estimator__ccp_alpha': np.float64(0.0017642419002899246), 'classifier__estimator__max_depth': 4, 'classifier__estimator__max_features': 'sqrt', 'classifier__estimator__max_leaf_nodes': 2, 'classifier__estimator__min_impurity_decrease': np.float64(0.008513760623272627), 'classifier__estimator__min_samples_leaf': 6, 'classifier__estimator__min_samples_split': 3, 'classifier__max_features': np.float64(0.5421888525628387), 'classifier__max_samples': np.float64(0.9639653791711136), 'classifier__n_estimators': 386, 'feature_selection_filter__k': 22}",52.21637725830078,"[1, 2, 3, 4, 5, 6, 7, 8, 9, 10, 11, 12, 14, 16, 17, 18, 19, 20, 21, 27, 28, 29]","['V1', 'V2', 'V3', 'V4', 'V5', 'V6', 'V7', 'V8', 'V9', 'V10', 'V11', 'V12', 'V14', 'V16', 'V17', 'V18', 'V19', 'V20', 'V21', 'V27', 'V28', 'Time_sin']"
CostSensitiveLearning_ClusterCentroids___RandomizedSearchCV__niter_30__cv_5,5,8,KNORAE,resubstitution,286,17688,19,55,0.9958998226950354,0.9377049180327869,0.8387096774193549,0.8854489164086687,0.998926978031287,0.0010730219687129505,0.918818327725321,0.9153194652743444,0.884793475054928,0.8833680697525229,0.9623109107238766,0.8650848953350467,22561,0.8826963276125426,0.008292740916086143,0.8836765646208461,0.031163561958114656,"{'classifier__estimator__ccp_alpha': np.float64(0.006801297308771453), 'classifier__estimator__max_depth': 11, 'classifier__estimator__max_features': 'sqrt', 'classifier__estimator__max_leaf_nodes': 3, 'classifier__estimator__min_impurity_decrease': np.float64(0.0821341455522484), 'classifier__estimator__min_samples_leaf': 7, 'classifier__estimator__min_samples_split': 9, 'classifier__max_features': np.float64(0.9247532894738266), 'classifier__max_samples': np.float64(0.9267291505085147), 'classifier__n_estimators': 892, 'feature_selection_filter__k': 22}",55.90027046203613,"[1, 2, 3, 4, 5, 6, 7, 8, 9, 10, 11, 12, 14, 16, 17, 18, 19, 20, 21, 23, 27, 29]","['V1', 'V2', 'V3', 'V4', 'V5', 'V6', 'V7', 'V8', 'V9', 'V10', 'V11', 'V12', 'V14', 'V16', 'V17', 'V18', 'V19', 'V20', 'V21', 'V23', 'V27', 'Time_sin']"
CostSensitiveLearning_ClusterCentroids___RandomizedSearchCV__niter_30__cv_5,5,9,KNORAE,resubstitution,297,17670,37,44,0.9955119680851063,0.8892215568862275,0.8709677419354839,0.88,0.9979104309030327,0.0020895690969673364,0.9344390864192582,0.9322809633675248,0.8777624881014063,0.8777134715873672,0.9960849355102038,0.9067059184616935,22561,0.8997931362526259,0.007672763250294854,0.8896827571636731,0.019280511486436443,"{'classifier__estimator__ccp_alpha': np.float64(0.0037055150447506393), 'classifier__estimator__max_depth': 10, 'classifier__estimator__max_features': 'log2', 'classifier__estimator__max_leaf_nodes': 19, 'classifier__estimator__min_impurity_decrease': np.float64(0.004254591240813788), 'classifier__estimator__min_samples_leaf': 5, 'classifier__estimator__min_samples_split': 3, 'classifier__max_features': np.float64(0.8181677529677875), 'classifier__max_samples': np.float64(0.5439837385719817), 'classifier__n_estimators': 698, 'feature_selection_filter__k': 22}",55.08588790893555,"[0, 1, 2, 3, 4, 5, 6, 7, 8, 9, 10, 11, 12, 14, 16, 17, 18, 19, 20, 21, 27, 29]","['Amount_log1p', 'V1', 'V2', 'V3', 'V4', 'V5', 'V6', 'V7', 'V8', 'V9', 'V10', 'V11', 'V12', 'V14', 'V16', 'V17', 'V18', 'V19', 'V20', 'V21', 'V27', 'Time_sin']"
CostSensitiveLearning_ClusterCentroids___RandomizedSearchCV__niter_30__cv_5,5,10,KNORAE,resubstitution,286,17693,14,55,0.9961768617021277,0.9533333333333334,0.8387096774193549,0.8923556942277691,0.99920935223358,0.0007906477664200162,0.9189595148264674,0.9154488262520349,0.8923113134980531,0.890417670699694,0.9678515728574298,0.8564225204513808,22561,0.8853637536037995,0.014908144468530778,0.8868484578914104,0.05039865335622998,"{'classifier__estimator__ccp_alpha': np.float64(0.006848576887395712), 'classifier__estimator__max_depth': 19, 'classifier__estimator__max_features': 'sqrt', 'classifier__estimator__max_leaf_nodes': 7, 'classifier__estimator__min_impurity_decrease': np.float64(0.048976524667777126), 'classifier__estimator__min_samples_leaf': 6, 'classifier__estimator__min_samples_split': 8, 'classifier__max_features': np.float64(0.6234335993666638), 'classifier__max_samples': np.float64(0.9688090146493172), 'classifier__n_estimators': 454, 'feature_selection_filter__k': 24}",54.53945016860962,"[0, 1, 2, 3, 4, 5, 6, 7, 8, 9, 10, 11, 12, 14, 16, 17, 18, 19, 20, 21, 23, 27, 28, 29]","['Amount_log1p', 'V1', 'V2', 'V3', 'V4', 'V5', 'V6', 'V7', 'V8', 'V9', 'V10', 'V11', 'V12', 'V14', 'V16', 'V17', 'V18', 'V19', 'V20', 'V21', 'V23', 'V27', 'V28', 'Time_sin']"
CostSensitiveLearning_ClusterCentroids___RandomizedSearchCV__niter_30__cv_5,6,1,KNORAE,resubstitution,284,17687,20,57,0.9957335992907801,0.9342105263157895,0.8328445747800587,0.8806201550387597,0.9988705031908285,0.0011294968091715152,0.9158575389854435,0.912087649017521,0.879957509154767,0.8784554199400505,0.9667219104328904,0.8517143853549096,22560,0.8857552300232783,0.006428850703745052,0.887522841613792,0.01121162783973282,"{'classifier__estimator__ccp_alpha': np.float64(0.008858804994376258), 'classifier__estimator__max_depth': 6, 'classifier__estimator__max_features': 'sqrt', 'classifier__estimator__max_leaf_nodes': 13, 'classifier__estimator__min_impurity_decrease': np.float64(0.08242742305909817), 'classifier__estimator__min_samples_leaf': 8, 'classifier__estimator__min_samples_split': 4, 'classifier__max_features': np.float64(0.6766608466683238), 'classifier__max_samples': np.float64(0.743374522852879), 'classifier__n_estimators': 669, 'feature_selection_filter__k': 20}",53.48164701461792,"[1, 2, 3, 4, 5, 6, 7, 8, 9, 10, 11, 12, 14, 16, 17, 18, 19, 20, 21, 27]","['V1', 'V2', 'V3', 'V4', 'V5', 'V6', 'V7', 'V8', 'V9', 'V10', 'V11', 'V12', 'V14', 'V16', 'V17', 'V18', 'V19', 'V20', 'V21', 'V27']"
CostSensitiveLearning_ClusterCentroids___RandomizedSearchCV__niter_30__cv_5,6,2,KNORAE,resubstitution,279,17684,23,62,0.9952903368794326,0.9238410596026491,0.8181818181818182,0.8678071539657853,0.9987010786694528,0.0012989213305472092,0.9084414484256356,0.9039463835681384,0.8670732266684751,0.8654185930221338,0.9642072066864886,0.8437751529648636,22560,0.8691404875089885,0.006324430047375003,0.868719590162329,0.04437328041385126,"{'classifier__estimator__ccp_alpha': np.float64(0.004053348712820278), 'classifier__estimator__max_depth': 4, 'classifier__estimator__max_features': 'log2', 'classifier__estimator__max_leaf_nodes': 19, 'classifier__estimator__min_impurity_decrease': np.float64(0.06416413865427321), 'classifier__estimator__min_samples_leaf': 9, 'classifier__estimator__min_samples_split': 3, 'classifier__max_features': np.float64(0.9927059033660679), 'classifier__max_samples': np.float64(0.6040620292413055), 'classifier__n_estimators': 414, 'feature_selection_filter__k': 'all'}",54.26092863082886,"[0, 1, 2, 3, 4, 5, 6, 7, 8, 9, 10, 11, 12, 13, 14, 15, 16, 17, 18, 19, 20, 21, 22, 23, 24, 25, 26, 27, 28, 29, 30]","['Amount_log1p', 'V1', 'V2', 'V3', 'V4', 'V5', 'V6', 'V7', 'V8', 'V9', 'V10', 'V11', 'V12', 'V13', 'V14', 'V15', 'V16', 'V17', 'V18', 'V19', 'V20', 'V21', 'V22', 'V23', 'V24', 'V25', 'V26', 'V27', 'V28', 'Time_sin', 'Time_cos']"
CostSensitiveLearning_ClusterCentroids___RandomizedSearchCV__niter_30__cv_5,6,3,KNORAE,resubstitution,280,17693,14,61,0.995844414893617,0.9523809523809523,0.8211143695014663,0.8818897637795275,0.99920935223358,0.0007906477664200162,0.9101618608675232,0.9057953175299841,0.8822937049788878,0.8797865571957018,0.9631687155219857,0.8568441718320334,22560,0.8848831760572964,0.003664952363725281,0.8877111894421876,0.018936210491136418,"{'classifier__estimator__ccp_alpha': np.float64(0.007463579226999631), 'classifier__estimator__max_depth': 14, 'classifier__estimator__max_features': 'log2', 'classifier__estimator__max_leaf_nodes': 2, 'classifier__estimator__min_impurity_decrease': np.float64(0.07268784999228527), 'classifier__estimator__min_samples_leaf': 8, 'classifier__estimator__min_samples_split': 6, 'classifier__max_features': np.float64(0.5606274654512591), 'classifier__max_samples': np.float64(0.7109470545580736), 'classifier__n_estimators': 787, 'feature_selection_filter__k': 24}",56.940446615219116,"[1, 2, 3, 4, 5, 6, 7, 8, 9, 10, 11, 12, 14, 16, 17, 18, 19, 20, 21, 22, 23, 27, 28, 29]","['V1', 'V2', 'V3', 'V4', 'V5', 'V6', 'V7', 'V8', 'V9', 'V10', 'V11', 'V12', 'V14', 'V16', 'V17', 'V18', 'V19', 'V20', 'V21', 'V22', 'V23', 'V27', 'V28', 'Time_sin']"
CostSensitiveLearning_ClusterCentroids___RandomizedSearchCV__niter_30__cv_5,6,4,KNORAE,resubstitution,298,17677,30,43,0.9959552304964538,0.9085365853658537,0.873900293255132,0.890881913303438,0.9983057547862427,0.0016942452137572728,0.9361030240206873,0.9340340956656686,0.8889963878054894,0.8888221308011466,0.9895180377493733,0.9094658707283894,22560,0.9043633684163069,0.011869969014442617,0.90458208031777,0.01595303817415583,"{'classifier__estimator__ccp_alpha': np.float64(0.0034563203841346192), 'classifier__estimator__max_depth': 4, 'classifier__estimator__max_features': 'sqrt', 'classifier__estimator__max_leaf_nodes': 8, 'classifier__estimator__min_impurity_decrease': np.float64(0.005087565747405942), 'classifier__estimator__min_samples_leaf': 2, 'classifier__estimator__min_samples_split': 9, 'classifier__max_features': np.float64(0.9896503609696754), 'classifier__max_samples': np.float64(0.6157559003454599), 'classifier__n_estimators': 352, 'feature_selection_filter__k': 20}",54.05137848854065,"[1, 2, 3, 4, 5, 6, 7, 8, 9, 10, 11, 12, 14, 16, 17, 18, 19, 20, 21, 27]","['V1', 'V2', 'V3', 'V4', 'V5', 'V6', 'V7', 'V8', 'V9', 'V10', 'V11', 'V12', 'V14', 'V16', 'V17', 'V18', 'V19', 'V20', 'V21', 'V27']"
CostSensitiveLearning_ClusterCentroids___RandomizedSearchCV__niter_30__cv_5,6,5,KNORAE,resubstitution,281,17691,17,59,0.9957890070921985,0.9429530201342282,0.8264705882352941,0.8808777429467085,0.9990399819290716,0.0009600180709283812,0.9127552850821828,0.9086677949259,0.8807234155293185,0.8787438171765448,0.9606238954809392,0.8548956361422521,22560,0.880921930715477,0.007454910207237895,0.8833360733884257,0.013792750585053654,"{'classifier__estimator__ccp_alpha': np.float64(0.004458924197210181), 'classifier__estimator__max_depth': 13, 'classifier__estimator__max_features': 'log2', 'classifier__estimator__max_leaf_nodes': 8, 'classifier__estimator__min_impurity_decrease': np.float64(0.0765617041719274), 'classifier__estimator__min_samples_leaf': 5, 'classifier__estimator__min_samples_split': 8, 'classifier__max_features': np.float64(0.7315766908917228), 'classifier__max_samples': np.float64(0.8932197928407368), 'classifier__n_estimators': 980, 'feature_selection_filter__k': 20}",58.03546476364136,"[1, 2, 3, 4, 5, 6, 7, 8, 9, 10, 11, 12, 14, 16, 17, 18, 19, 20, 21, 27]","['V1', 'V2', 'V3', 'V4', 'V5', 'V6', 'V7', 'V8', 'V9', 'V10', 'V11', 'V12', 'V14', 'V16', 'V17', 'V18', 'V19', 'V20', 'V21', 'V27']"
CostSensitiveLearning_ClusterCentroids___RandomizedSearchCV__niter_30__cv_5,6,6,KNORAE,resubstitution,283,17687,21,57,0.9956781914893617,0.930921052631579,0.8323529411764706,0.8788819875776398,0.9988140953241473,0.001185904675852667,0.9155835182503089,0.9117926573139146,0.8781121171107059,0.8766888293399411,0.9614609216173481,0.8496445871883447,22560,0.8791407009928331,0.006855527845339571,0.8775239692345679,0.031252648986668095,"{'classifier__estimator__ccp_alpha': np.float64(0.003580321378160315), 'classifier__estimator__max_depth': 9, 'classifier__estimator__max_features': 'sqrt', 'classifier__estimator__max_leaf_nodes': 5, 'classifier__estimator__min_impurity_decrease': np.float64(0.09430896341727395), 'classifier__estimator__min_samples_leaf': 1, 'classifier__estimator__min_samples_split': 4, 'classifier__max_features': np.float64(0.7625868741842674), 'classifier__max_samples': np.float64(0.8149580625757364), 'classifier__n_estimators': 851, 'feature_selection_filter__k': 26}",56.36706733703613,"[0, 1, 2, 3, 4, 5, 6, 7, 8, 9, 10, 11, 12, 14, 16, 17, 18, 19, 20, 21, 22, 23, 24, 27, 28, 29]","['Amount_log1p', 'V1', 'V2', 'V3', 'V4', 'V5', 'V6', 'V7', 'V8', 'V9', 'V10', 'V11', 'V12', 'V14', 'V16', 'V17', 'V18', 'V19', 'V20', 'V21', 'V22', 'V23', 'V24', 'V27', 'V28', 'Time_sin']"
CostSensitiveLearning_ClusterCentroids___RandomizedSearchCV__niter_30__cv_5,6,7,KNORAE,resubstitution,278,17669,39,62,0.9944038120567376,0.8769716088328076,0.8176470588235294,0.8462709284627092,0.9977976056019878,0.002202394398012175,0.9077223322127586,0.9032420924213095,0.8439611681538458,0.8434245183120117,0.9675428354083897,0.8337994609840478,22560,0.8657387926972367,0.010071392835824948,0.8699244141967026,0.022321060208042785,"{'classifier__estimator__ccp_alpha': np.float64(0.009948054123909311), 'classifier__estimator__max_depth': 16, 'classifier__estimator__max_features': 'sqrt', 'classifier__estimator__max_leaf_nodes': 17, 'classifier__estimator__min_impurity_decrease': np.float64(0.030508563609341913), 'classifier__estimator__min_samples_leaf': 9, 'classifier__estimator__min_samples_split': 5, 'classifier__max_features': np.float64(0.6052893623264395), 'classifier__max_samples': np.float64(0.5560805805263014), 'classifier__n_estimators': 842, 'feature_selection_filter__k': 26}",52.92009425163269,"[0, 1, 2, 3, 4, 5, 6, 7, 8, 9, 10, 11, 12, 14, 16, 17, 18, 19, 20, 21, 22, 23, 24, 27, 28, 29]","['Amount_log1p', 'V1', 'V2', 'V3', 'V4', 'V5', 'V6', 'V7', 'V8', 'V9', 'V10', 'V11', 'V12', 'V14', 'V16', 'V17', 'V18', 'V19', 'V20', 'V21', 'V22', 'V23', 'V24', 'V27', 'V28', 'Time_sin']"
CostSensitiveLearning_ClusterCentroids___RandomizedSearchCV__niter_30__cv_5,6,8,KNORAE,resubstitution,282,17689,18,59,0.9957335992907801,0.94,0.8269794721407625,0.8798751950078003,0.9989834528717456,0.0010165471282543859,0.912981462506254,0.9089217835068277,0.8795790958750231,0.8777124730996585,0.9601728163241106,0.8430074601889361,22561,0.8788264549697816,0.006786194392836613,0.878084913151886,0.025276918372628472,"{'classifier__estimator__ccp_alpha': np.float64(0.0014280400026637741), 'classifier__estimator__max_depth': 8, 'classifier__estimator__max_features': 'sqrt', 'classifier__estimator__max_leaf_nodes': 5, 'classifier__estimator__min_impurity_decrease': np.float64(0.07794485685472924), 'classifier__estimator__min_samples_leaf': 5, 'classifier__estimator__min_samples_split': 4, 'classifier__max_features': np.float64(0.9097283877495344), 'classifier__max_samples': np.float64(0.9684430165897426), 'classifier__n_estimators': 940, 'feature_selection_filter__k': 28}",56.28214716911316,"[0, 1, 2, 3, 4, 5, 6, 7, 8, 9, 10, 11, 12, 13, 14, 16, 17, 18, 19, 20, 21, 23, 24, 25, 27, 28, 29, 30]","['Amount_log1p', 'V1', 'V2', 'V3', 'V4', 'V5', 'V6', 'V7', 'V8', 'V9', 'V10', 'V11', 'V12', 'V13', 'V14', 'V16', 'V17', 'V18', 'V19', 'V20', 'V21', 'V23', 'V24', 'V25', 'V27', 'V28', 'Time_sin', 'Time_cos']"
CostSensitiveLearning_ClusterCentroids___RandomizedSearchCV__niter_30__cv_5,6,9,KNORAE,resubstitution,284,17683,24,57,0.9955119680851063,0.922077922077922,0.8328445747800587,0.8751926040061633,0.9986446038289942,0.0013553961710057738,0.9157445893045264,0.9119845066843838,0.8740859080373315,0.8729135182389158,0.9597557140200199,0.8708860371713953,22561,0.8842091278350299,0.007937978976993288,0.8809568723911747,0.03157099718630451,"{'classifier__estimator__ccp_alpha': np.float64(0.0011140631670405322), 'classifier__estimator__max_depth': 8, 'classifier__estimator__max_features': 'sqrt', 'classifier__estimator__max_leaf_nodes': 2, 'classifier__estimator__min_impurity_decrease': np.float64(0.033140445827240565), 'classifier__estimator__min_samples_leaf': 4, 'classifier__estimator__min_samples_split': 8, 'classifier__max_features': np.float64(0.5950263539598686), 'classifier__max_samples': np.float64(0.8559498292914578), 'classifier__n_estimators': 947, 'feature_selection_filter__k': 'all'}",57.46797323226929,"[0, 1, 2, 3, 4, 5, 6, 7, 8, 9, 10, 11, 12, 13, 14, 15, 16, 17, 18, 19, 20, 21, 22, 23, 24, 25, 26, 27, 28, 29, 30]","['Amount_log1p', 'V1', 'V2', 'V3', 'V4', 'V5', 'V6', 'V7', 'V8', 'V9', 'V10', 'V11', 'V12', 'V13', 'V14', 'V15', 'V16', 'V17', 'V18', 'V19', 'V20', 'V21', 'V22', 'V23', 'V24', 'V25', 'V26', 'V27', 'V28', 'Time_sin', 'Time_cos']"
CostSensitiveLearning_ClusterCentroids___RandomizedSearchCV__niter_30__cv_5,6,10,KNORAE,resubstitution,288,17687,20,53,0.9959552304964538,0.935064935064935,0.844574780058651,0.8875192604006163,0.9988705031908285,0.0011294968091715152,0.9217226416247397,0.9184883426257886,0.886654517286942,0.8854652695239612,0.9631410577555441,0.8622828644195737,22561,0.8875104276007508,0.005175323528208975,0.8871045766249255,0.01714887404045851,"{'classifier__estimator__ccp_alpha': np.float64(0.005163986277024461), 'classifier__estimator__max_depth': 9, 'classifier__estimator__max_features': 'log2', 'classifier__estimator__max_leaf_nodes': 13, 'classifier__estimator__min_impurity_decrease': np.float64(0.06852769816973125), 'classifier__estimator__min_samples_leaf': 9, 'classifier__estimator__min_samples_split': 6, 'classifier__max_features': np.float64(0.7885783385247479), 'classifier__max_samples': np.float64(0.6330942799208457), 'classifier__n_estimators': 832, 'feature_selection_filter__k': 20}",55.733847856521606,"[1, 2, 3, 4, 5, 6, 7, 8, 9, 10, 11, 12, 14, 16, 17, 18, 19, 20, 21, 27]","['V1', 'V2', 'V3', 'V4', 'V5', 'V6', 'V7', 'V8', 'V9', 'V10', 'V11', 'V12', 'V14', 'V16', 'V17', 'V18', 'V19', 'V20', 'V21', 'V27']"
CostSensitiveLearning_ClusterCentroids___RandomizedSearchCV__niter_30__cv_5,7,1,KNORAE,resubstitution,276,17686,21,65,0.9952349290780141,0.9292929292929293,0.8093841642228738,0.8652037617554859,0.9988140283503699,0.0011859716496300798,0.9040990962866219,0.8991241613650731,0.8649239466792229,0.8627900994247737,0.9576938854971782,0.8322630783039852,22560,0.8630667978813268,0.008461239011429327,0.8646052944975235,0.019611823578870955,"{'classifier__estimator__ccp_alpha': np.float64(0.00357502949043781), 'classifier__estimator__max_depth': 15, 'classifier__estimator__max_features': 'log2', 'classifier__estimator__max_leaf_nodes': 2, 'classifier__estimator__min_impurity_decrease': np.float64(0.05162164373002476), 'classifier__estimator__min_samples_leaf': 2, 'classifier__estimator__min_samples_split': 3, 'classifier__max_features': np.float64(0.7587448749028303), 'classifier__max_samples': np.float64(0.9686955366056805), 'classifier__n_estimators': 708, 'feature_selection_filter__k': 22}",54.47583055496216,"[1, 2, 3, 4, 5, 6, 7, 8, 9, 10, 11, 12, 14, 16, 17, 18, 19, 20, 21, 27, 28, 29]","['V1', 'V2', 'V3', 'V4', 'V5', 'V6', 'V7', 'V8', 'V9', 'V10', 'V11', 'V12', 'V14', 'V16', 'V17', 'V18', 'V19', 'V20', 'V21', 'V27', 'V28', 'Time_sin']"
CostSensitiveLearning_ClusterCentroids___RandomizedSearchCV__niter_30__cv_5,7,2,KNORAE,resubstitution,280,17690,17,61,0.9956781914893617,0.9427609427609428,0.8211143695014663,0.877742946708464,0.9990399277122042,0.0009600722877958212,0.9100771486068353,0.90571852158946,0.8777192254951558,0.8755538111061901,0.9594733398177271,0.8461805729893093,22560,0.8730066313228187,0.01126978199554745,0.8717107573243943,0.010948805282473367,"{'classifier__estimator__ccp_alpha': np.float64(0.006312946317444766), 'classifier__estimator__max_depth': 18, 'classifier__estimator__max_features': 'log2', 'classifier__estimator__max_leaf_nodes': 14, 'classifier__estimator__min_impurity_decrease': np.float64(0.08328799316617064), 'classifier__estimator__min_samples_leaf': 5, 'classifier__estimator__min_samples_split': 5, 'classifier__max_features': np.float64(0.6595584099367835), 'classifier__max_samples': np.float64(0.8956479465796934), 'classifier__n_estimators': 491, 'feature_selection_filter__k': 26}",52.97807860374451,"[0, 1, 2, 3, 4, 5, 6, 7, 8, 9, 10, 11, 12, 14, 15, 16, 17, 18, 19, 20, 21, 24, 25, 27, 28, 29]","['Amount_log1p', 'V1', 'V2', 'V3', 'V4', 'V5', 'V6', 'V7', 'V8', 'V9', 'V10', 'V11', 'V12', 'V14', 'V15', 'V16', 'V17', 'V18', 'V19', 'V20', 'V21', 'V24', 'V25', 'V27', 'V28', 'Time_sin']"
CostSensitiveLearning_ClusterCentroids___RandomizedSearchCV__niter_30__cv_5,7,3,KNORAE,resubstitution,288,17694,13,53,0.996343085106383,0.9568106312292359,0.844574780058651,0.897196261682243,0.9992658270740385,0.0007341729259614516,0.9219203035663448,0.9186700801273447,0.8971485948821305,0.8953420514317314,0.9842700179709236,0.8922856805076812,22560,0.8936369561753805,0.004551301547406676,0.892221936423093,0.024665716763049864,"{'classifier__estimator__ccp_alpha': np.float64(0.005121061319265708), 'classifier__estimator__max_depth': 3, 'classifier__estimator__max_features': 'sqrt', 'classifier__estimator__max_leaf_nodes': 11, 'classifier__estimator__min_impurity_decrease': np.float64(0.0006066154016841074), 'classifier__estimator__min_samples_leaf': 7, 'classifier__estimator__min_samples_split': 5, 'classifier__max_features': np.float64(0.8262385223335402), 'classifier__max_samples': np.float64(0.5324415759290289), 'classifier__n_estimators': 196, 'feature_selection_filter__k': 28}",51.07602286338806,"[1, 2, 3, 4, 5, 6, 7, 8, 9, 10, 11, 12, 14, 16, 17, 18, 19, 20, 21, 22, 23, 24, 25, 26, 27, 28, 29, 30]","['V1', 'V2', 'V3', 'V4', 'V5', 'V6', 'V7', 'V8', 'V9', 'V10', 'V11', 'V12', 'V14', 'V16', 'V17', 'V18', 'V19', 'V20', 'V21', 'V22', 'V23', 'V24', 'V25', 'V26', 'V27', 'V28', 'Time_sin', 'Time_cos']"
CostSensitiveLearning_ClusterCentroids___RandomizedSearchCV__niter_30__cv_5,7,4,KNORAE,resubstitution,289,17686,21,52,0.9959552304964538,0.932258064516129,0.8475073313782991,0.8878648233486943,0.9988140283503699,0.0011859716496300798,0.9231606798643346,0.9200555481656696,0.8868533539837218,0.8858100502104902,0.9693299384391116,0.8735751861256584,22560,0.8914667856838869,0.00268469648002316,0.8868574818543735,0.019749350356117103,"{'classifier__estimator__ccp_alpha': np.float64(0.009116965676805222), 'classifier__estimator__max_depth': 18, 'classifier__estimator__max_features': 'log2', 'classifier__estimator__max_leaf_nodes': 17, 'classifier__estimator__min_impurity_decrease': np.float64(0.03486046405627004), 'classifier__estimator__min_samples_leaf': 9, 'classifier__estimator__min_samples_split': 7, 'classifier__max_features': np.float64(0.6412186520243448), 'classifier__max_samples': np.float64(0.6832364534230551), 'classifier__n_estimators': 888, 'feature_selection_filter__k': 22}",56.93853449821472,"[1, 2, 3, 4, 5, 6, 7, 8, 9, 10, 11, 12, 14, 16, 17, 18, 19, 20, 21, 27, 28, 29]","['V1', 'V2', 'V3', 'V4', 'V5', 'V6', 'V7', 'V8', 'V9', 'V10', 'V11', 'V12', 'V14', 'V16', 'V17', 'V18', 'V19', 'V20', 'V21', 'V27', 'V28', 'Time_sin']"
CostSensitiveLearning_ClusterCentroids___RandomizedSearchCV__niter_30__cv_5,7,5,KNORAE,resubstitution,276,17689,19,64,0.9954011524822695,0.9355932203389831,0.8117647058823529,0.8692913385826772,0.9989270386266095,0.0010729613733905241,0.9053458722544812,0.9004963707359733,0.8692267462199457,0.8669627029772964,0.9561077412668252,0.8408811240472421,22560,0.8718503474021778,0.010230930206167775,0.8693712105957238,0.03290566203600433,"{'classifier__estimator__ccp_alpha': np.float64(0.005134626804517673), 'classifier__estimator__max_depth': 11, 'classifier__estimator__max_features': 'sqrt', 'classifier__estimator__max_leaf_nodes': 2, 'classifier__estimator__min_impurity_decrease': np.float64(0.015495414897610783), 'classifier__estimator__min_samples_leaf': 3, 'classifier__estimator__min_samples_split': 3, 'classifier__max_features': np.float64(0.6423808768490845), 'classifier__max_samples': np.float64(0.7205029638991722), 'classifier__n_estimators': 206, 'feature_selection_filter__k': 'all'}",49.21845722198486,"[0, 1, 2, 3, 4, 5, 6, 7, 8, 9, 10, 11, 12, 13, 14, 15, 16, 17, 18, 19, 20, 21, 22, 23, 24, 25, 26, 27, 28, 29, 30]","['Amount_log1p', 'V1', 'V2', 'V3', 'V4', 'V5', 'V6', 'V7', 'V8', 'V9', 'V10', 'V11', 'V12', 'V13', 'V14', 'V15', 'V16', 'V17', 'V18', 'V19', 'V20', 'V21', 'V22', 'V23', 'V24', 'V25', 'V26', 'V27', 'V28', 'Time_sin', 'Time_cos']"
CostSensitiveLearning_ClusterCentroids___RandomizedSearchCV__niter_30__cv_5,7,6,KNORAE,resubstitution,291,17688,20,49,0.9961768617021277,0.9356913183279743,0.8558823529411764,0.8940092165898618,0.9988705669753783,0.001129433024621651,0.9273764599582774,0.9246165103147216,0.8929857543362127,0.8920664724754389,0.9639274040314116,0.8681008651206369,22560,0.8995229064407552,0.005689068519291243,0.8967251839515484,0.015506251941431678,"{'classifier__estimator__ccp_alpha': np.float64(0.009437393410030002), 'classifier__estimator__max_depth': 6, 'classifier__estimator__max_features': 'sqrt', 'classifier__estimator__max_leaf_nodes': 12, 'classifier__estimator__min_impurity_decrease': np.float64(0.05911788606501052), 'classifier__estimator__min_samples_leaf': 5, 'classifier__estimator__min_samples_split': 5, 'classifier__max_features': np.float64(0.5669309991126638), 'classifier__max_samples': np.float64(0.9082275031825265), 'classifier__n_estimators': 966, 'feature_selection_filter__k': 22}",56.451473236083984,"[0, 1, 2, 3, 4, 5, 6, 7, 8, 9, 10, 11, 12, 14, 16, 17, 18, 19, 20, 21, 27, 29]","['Amount_log1p', 'V1', 'V2', 'V3', 'V4', 'V5', 'V6', 'V7', 'V8', 'V9', 'V10', 'V11', 'V12', 'V14', 'V16', 'V17', 'V18', 'V19', 'V20', 'V21', 'V27', 'Time_sin']"
CostSensitiveLearning_ClusterCentroids___RandomizedSearchCV__niter_30__cv_5,7,7,KNORAE,resubstitution,280,17690,18,60,0.9956781914893617,0.9395973154362416,0.8235294117647058,0.877742946708464,0.9989835102778405,0.0010164897221595082,0.9112564610212732,0.9070238710098819,0.8775252749023874,0.8755528649969802,0.9654890112810429,0.8589738442633393,22560,0.8732338574272847,0.009020587954391176,0.8733438476521265,0.030771034339824525,"{'classifier__estimator__ccp_alpha': np.float64(0.00787011359611682), 'classifier__estimator__max_depth': 18, 'classifier__estimator__max_features': 'log2', 'classifier__estimator__max_leaf_nodes': 3, 'classifier__estimator__min_impurity_decrease': np.float64(0.049392902428813924), 'classifier__estimator__min_samples_leaf': 5, 'classifier__estimator__min_samples_split': 3, 'classifier__max_features': np.float64(0.6251606446409169), 'classifier__max_samples': np.float64(0.560511047570244), 'classifier__n_estimators': 579, 'feature_selection_filter__k': 22}",51.53433632850647,"[1, 2, 3, 4, 5, 6, 7, 8, 9, 10, 11, 12, 14, 16, 17, 18, 19, 20, 21, 24, 27, 29]","['V1', 'V2', 'V3', 'V4', 'V5', 'V6', 'V7', 'V8', 'V9', 'V10', 'V11', 'V12', 'V14', 'V16', 'V17', 'V18', 'V19', 'V20', 'V21', 'V24', 'V27', 'Time_sin']"
CostSensitiveLearning_ClusterCentroids___RandomizedSearchCV__niter_30__cv_5,7,8,KNORAE,resubstitution,291,17679,28,50,0.9956781914893617,0.9122257053291536,0.8533724340175953,0.8818181818181818,0.9984187044671599,0.0015812955328401435,0.9258955692423776,0.9230509195054378,0.8801269898921599,0.8796195216708018,0.9706180947707446,0.8741122973658756,22561,0.8925176557518799,0.010221992059234158,0.8900141985519425,0.027695752780345695,"{'classifier__estimator__ccp_alpha': np.float64(0.005270956604428967), 'classifier__estimator__max_depth': 12, 'classifier__estimator__max_features': 'sqrt', 'classifier__estimator__max_leaf_nodes': 14, 'classifier__estimator__min_impurity_decrease': np.float64(0.07485613673714685), 'classifier__estimator__min_samples_leaf': 8, 'classifier__estimator__min_samples_split': 5, 'classifier__max_features': np.float64(0.6997321112658408), 'classifier__max_samples': np.float64(0.8232426710920853), 'classifier__n_estimators': 996, 'feature_selection_filter__k': 22}",53.63710618019104,"[1, 2, 3, 4, 5, 6, 7, 8, 9, 10, 11, 12, 14, 16, 17, 18, 19, 20, 21, 24, 27, 29]","['V1', 'V2', 'V3', 'V4', 'V5', 'V6', 'V7', 'V8', 'V9', 'V10', 'V11', 'V12', 'V14', 'V16', 'V17', 'V18', 'V19', 'V20', 'V21', 'V24', 'V27', 'Time_sin']"
CostSensitiveLearning_ClusterCentroids___RandomizedSearchCV__niter_30__cv_5,7,9,KNORAE,resubstitution,285,17679,28,56,0.995345744680851,0.9105431309904153,0.8357771260997068,0.8715596330275229,0.9984187044671599,0.0015812955328401435,0.9170979152834333,0.913485366858033,0.8700213953473948,0.8691939879512605,0.973331040112539,0.8656556626371653,22561,0.8767471681138843,0.01370749815401975,0.8820893702596523,0.033076918094477645,"{'classifier__estimator__ccp_alpha': np.float64(0.004361521965232202), 'classifier__estimator__max_depth': 13, 'classifier__estimator__max_features': 'log2', 'classifier__estimator__max_leaf_nodes': 5, 'classifier__estimator__min_impurity_decrease': np.float64(0.018724980619927323), 'classifier__estimator__min_samples_leaf': 1, 'classifier__estimator__min_samples_split': 7, 'classifier__max_features': np.float64(0.5877117404615051), 'classifier__max_samples': np.float64(0.5677206616661064), 'classifier__n_estimators': 209, 'feature_selection_filter__k': 26}",53.255659341812134,"[0, 1, 2, 3, 4, 5, 6, 7, 8, 9, 10, 11, 12, 14, 16, 17, 18, 19, 20, 21, 22, 24, 25, 27, 28, 29]","['Amount_log1p', 'V1', 'V2', 'V3', 'V4', 'V5', 'V6', 'V7', 'V8', 'V9', 'V10', 'V11', 'V12', 'V14', 'V16', 'V17', 'V18', 'V19', 'V20', 'V21', 'V22', 'V24', 'V25', 'V27', 'V28', 'Time_sin']"
CostSensitiveLearning_ClusterCentroids___RandomizedSearchCV__niter_30__cv_5,7,10,KNORAE,resubstitution,290,17690,17,51,0.9962322695035462,0.9446254071661238,0.8504398826979472,0.8950617283950617,0.9990399277122042,0.0009600722877958212,0.9247399052050758,0.9217501824974773,0.8944261929865995,0.8931488029058667,0.9704091709841212,0.8802217010285036,22561,0.8930214988996065,0.007042206505889737,0.8936748904909859,0.011333744066730928,"{'classifier__estimator__ccp_alpha': np.float64(0.0035184818333496228), 'classifier__estimator__max_depth': 12, 'classifier__estimator__max_features': 'log2', 'classifier__estimator__max_leaf_nodes': 18, 'classifier__estimator__min_impurity_decrease': np.float64(0.06246248789469743), 'classifier__estimator__min_samples_leaf': 3, 'classifier__estimator__min_samples_split': 6, 'classifier__max_features': np.float64(0.7207164215800508), 'classifier__max_samples': np.float64(0.9674048043100216), 'classifier__n_estimators': 851, 'feature_selection_filter__k': 20}",55.53317880630493,"[1, 2, 3, 4, 5, 6, 7, 8, 9, 10, 11, 12, 14, 16, 17, 18, 19, 20, 21, 27]","['V1', 'V2', 'V3', 'V4', 'V5', 'V6', 'V7', 'V8', 'V9', 'V10', 'V11', 'V12', 'V14', 'V16', 'V17', 'V18', 'V19', 'V20', 'V21', 'V27']"
CostSensitiveLearning_ClusterCentroids___RandomizedSearchCV__niter_30__cv_5,8,1,KNORAE,resubstitution,283,17696,11,58,0.9961768617021277,0.9625850340136054,0.8299120234604106,0.8913385826771654,0.9993787767549557,0.0006212232450443222,0.9146454001076831,0.9107120636184058,0.8919381864020317,0.8894036326200456,0.9579727817767448,0.8595785876474339,22560,0.8854801496694302,0.008530234523458653,0.8855465788339124,0.02775677555825202,"{'classifier__estimator__ccp_alpha': np.float64(0.00011788241173142034), 'classifier__estimator__max_depth': 5, 'classifier__estimator__max_features': 'log2', 'classifier__estimator__max_leaf_nodes': 12, 'classifier__estimator__min_impurity_decrease': np.float64(0.08298042774685115), 'classifier__estimator__min_samples_leaf': 2, 'classifier__estimator__min_samples_split': 3, 'classifier__max_features': np.float64(0.5505593070037205), 'classifier__max_samples': np.float64(0.6164374138455775), 'classifier__n_estimators': 134, 'feature_selection_filter__k': 'all'}",53.579217195510864,"[0, 1, 2, 3, 4, 5, 6, 7, 8, 9, 10, 11, 12, 13, 14, 15, 16, 17, 18, 19, 20, 21, 22, 23, 24, 25, 26, 27, 28, 29, 30]","['Amount_log1p', 'V1', 'V2', 'V3', 'V4', 'V5', 'V6', 'V7', 'V8', 'V9', 'V10', 'V11', 'V12', 'V13', 'V14', 'V15', 'V16', 'V17', 'V18', 'V19', 'V20', 'V21', 'V22', 'V23', 'V24', 'V25', 'V26', 'V27', 'V28', 'Time_sin', 'Time_cos']"
CostSensitiveLearning_ClusterCentroids___RandomizedSearchCV__niter_30__cv_5,8,2,KNORAE,resubstitution,285,17685,22,56,0.9956781914893617,0.9283387622149837,0.8357771260997068,0.8796296296296297,0.9987575535099114,0.0012424464900886445,0.917267339804809,0.9136403656488081,0.878690308175925,0.8774353915684941,0.9628144642500183,0.8590070567290274,22560,0.8809145832242846,0.0057107834502161,0.8856702777705111,0.02064262750878399,"{'classifier__estimator__ccp_alpha': np.float64(0.009396669516919136), 'classifier__estimator__max_depth': 18, 'classifier__estimator__max_features': 'log2', 'classifier__estimator__max_leaf_nodes': 16, 'classifier__estimator__min_impurity_decrease': np.float64(0.08684560257523374), 'classifier__estimator__min_samples_leaf': 9, 'classifier__estimator__min_samples_split': 6, 'classifier__max_features': np.float64(0.7226416656732241), 'classifier__max_samples': np.float64(0.9523202582742358), 'classifier__n_estimators': 148, 'feature_selection_filter__k': 20}",54.02034592628479,"[1, 2, 3, 4, 5, 6, 7, 8, 9, 10, 11, 12, 14, 16, 17, 18, 19, 20, 21, 27]","['V1', 'V2', 'V3', 'V4', 'V5', 'V6', 'V7', 'V8', 'V9', 'V10', 'V11', 'V12', 'V14', 'V16', 'V17', 'V18', 'V19', 'V20', 'V21', 'V27']"
CostSensitiveLearning_ClusterCentroids___RandomizedSearchCV__niter_30__cv_5,8,3,KNORAE,resubstitution,279,17687,20,62,0.9954565602836879,0.9331103678929766,0.8181818181818182,0.871875,0.9988705031908285,0.0011294968091715152,0.9085261606863233,0.9040230552529397,0.8715193068170201,0.8695724134430124,0.9627261084512363,0.8522941996057452,22560,0.8785893775020664,0.01122452839504496,0.8785084589383881,0.030863566968599748,"{'classifier__estimator__ccp_alpha': np.float64(0.0007488150689202711), 'classifier__estimator__max_depth': 10, 'classifier__estimator__max_features': 'sqrt', 'classifier__estimator__max_leaf_nodes': 9, 'classifier__estimator__min_impurity_decrease': np.float64(0.07610828184902332), 'classifier__estimator__min_samples_leaf': 3, 'classifier__estimator__min_samples_split': 4, 'classifier__max_features': np.float64(0.5573389852427822), 'classifier__max_samples': np.float64(0.9930758837756055), 'classifier__n_estimators': 778, 'feature_selection_filter__k': 24}",54.324477672576904,"[1, 2, 3, 4, 5, 6, 7, 8, 9, 10, 11, 12, 13, 14, 16, 17, 18, 19, 20, 21, 24, 27, 28, 29]","['V1', 'V2', 'V3', 'V4', 'V5', 'V6', 'V7', 'V8', 'V9', 'V10', 'V11', 'V12', 'V13', 'V14', 'V16', 'V17', 'V18', 'V19', 'V20', 'V21', 'V24', 'V27', 'V28', 'Time_sin']"
CostSensitiveLearning_ClusterCentroids___RandomizedSearchCV__niter_30__cv_5,8,4,KNORAE,resubstitution,285,17684,23,56,0.9956227836879432,0.9253246753246753,0.8357771260997068,0.8782742681047766,0.9987010786694528,0.0012989213305472092,0.9172391023845798,0.9136145343431399,0.8772280603497342,0.8760514560601772,0.963102966220924,0.8593259481602137,22560,0.8820427232579983,0.009112245344653306,0.8822861637235875,0.03067816841282145,"{'classifier__estimator__ccp_alpha': np.float64(0.0020699306880719416), 'classifier__estimator__max_depth': 3, 'classifier__estimator__max_features': 'sqrt', 'classifier__estimator__max_leaf_nodes': 12, 'classifier__estimator__min_impurity_decrease': np.float64(0.06740886226077827), 'classifier__estimator__min_samples_leaf': 8, 'classifier__estimator__min_samples_split': 2, 'classifier__max_features': np.float64(0.9433111547300599), 'classifier__max_samples': np.float64(0.6055502590491273), 'classifier__n_estimators': 519, 'feature_selection_filter__k': 24}",51.73396587371826,"[0, 1, 2, 3, 4, 5, 6, 7, 8, 9, 10, 11, 12, 14, 16, 17, 18, 19, 20, 21, 22, 24, 27, 29]","['Amount_log1p', 'V1', 'V2', 'V3', 'V4', 'V5', 'V6', 'V7', 'V8', 'V9', 'V10', 'V11', 'V12', 'V14', 'V16', 'V17', 'V18', 'V19', 'V20', 'V21', 'V22', 'V24', 'V27', 'Time_sin']"
CostSensitiveLearning_ClusterCentroids___RandomizedSearchCV__niter_30__cv_5,8,5,KNORAE,resubstitution,279,17694,14,61,0.995844414893617,0.9522184300341296,0.8205882352941176,0.8815165876777251,0.9992093968827649,0.0007906031172351113,0.9098988160884413,0.9055050942304674,0.8819353008813979,0.8794135736699681,0.9624310713668797,0.8491543680853172,22560,0.8810726102761208,0.0058167595984355775,0.8795095481934414,0.021500804293671433,"{'classifier__estimator__ccp_alpha': np.float64(0.009876771892245709), 'classifier__estimator__max_depth': 5, 'classifier__estimator__max_features': 'sqrt', 'classifier__estimator__max_leaf_nodes': 2, 'classifier__estimator__min_impurity_decrease': np.float64(0.056020681978566945), 'classifier__estimator__min_samples_leaf': 1, 'classifier__estimator__min_samples_split': 2, 'classifier__max_features': np.float64(0.6986220711679355), 'classifier__max_samples': np.float64(0.5378216712052672), 'classifier__n_estimators': 682, 'feature_selection_filter__k': 26}",51.688650369644165,"[0, 1, 2, 3, 4, 5, 6, 7, 8, 9, 10, 11, 12, 14, 16, 17, 18, 19, 20, 21, 23, 24, 26, 27, 28, 29]","['Amount_log1p', 'V1', 'V2', 'V3', 'V4', 'V5', 'V6', 'V7', 'V8', 'V9', 'V10', 'V11', 'V12', 'V14', 'V16', 'V17', 'V18', 'V19', 'V20', 'V21', 'V23', 'V24', 'V26', 'V27', 'V28', 'Time_sin']"
CostSensitiveLearning_ClusterCentroids___RandomizedSearchCV__niter_30__cv_5,8,6,KNORAE,resubstitution,285,17693,15,55,0.9961214539007093,0.95,0.8382352941176471,0.890625,0.9991529252315338,0.0008470747684662383,0.9186941096745904,0.9151640542274168,0.8904626841847704,0.8886585726976607,0.9880740177254547,0.8893878165306455,22560,0.8901662354910668,0.006104459010425819,0.8887405230428487,0.018112279170039866,"{'classifier__estimator__ccp_alpha': np.float64(0.0017949733169477656), 'classifier__estimator__max_depth': 3, 'classifier__estimator__max_features': 'sqrt', 'classifier__estimator__max_leaf_nodes': 15, 'classifier__estimator__min_impurity_decrease': np.float64(0.0015674749016446278), 'classifier__estimator__min_samples_leaf': 9, 'classifier__estimator__min_samples_split': 5, 'classifier__max_features': np.float64(0.7102896841497106), 'classifier__max_samples': np.float64(0.5478160675836745), 'classifier__n_estimators': 919, 'feature_selection_filter__k': 'all'}",58.72551870346069,"[0, 1, 2, 3, 4, 5, 6, 7, 8, 9, 10, 11, 12, 13, 14, 15, 16, 17, 18, 19, 20, 21, 22, 23, 24, 25, 26, 27, 28, 29, 30]","['Amount_log1p', 'V1', 'V2', 'V3', 'V4', 'V5', 'V6', 'V7', 'V8', 'V9', 'V10', 'V11', 'V12', 'V13', 'V14', 'V15', 'V16', 'V17', 'V18', 'V19', 'V20', 'V21', 'V22', 'V23', 'V24', 'V25', 'V26', 'V27', 'V28', 'Time_sin', 'Time_cos']"
CostSensitiveLearning_ClusterCentroids___RandomizedSearchCV__niter_30__cv_5,8,7,KNORAE,resubstitution,284,17693,15,56,0.9960660460992907,0.9498327759197325,0.8352941176470589,0.8888888888888888,0.9991529252315338,0.0008470747684662383,0.9172235214392963,0.9135570924007715,0.888792653611578,0.8868948550632022,0.9580141577751499,0.8486181945137901,22560,0.8874014969107946,0.004951900059485743,0.8869549239217738,0.014175719649532657,"{'classifier__estimator__ccp_alpha': np.float64(0.005477397876332181), 'classifier__estimator__max_depth': 15, 'classifier__estimator__max_features': 'log2', 'classifier__estimator__max_leaf_nodes': 2, 'classifier__estimator__min_impurity_decrease': np.float64(0.09859992681665702), 'classifier__estimator__min_samples_leaf': 8, 'classifier__estimator__min_samples_split': 9, 'classifier__max_features': np.float64(0.9348802893443868), 'classifier__max_samples': np.float64(0.9366401344284528), 'classifier__n_estimators': 668, 'feature_selection_filter__k': 28}",52.654555320739746,"[0, 1, 2, 3, 4, 5, 6, 7, 8, 9, 10, 11, 12, 14, 15, 16, 17, 18, 19, 20, 21, 22, 23, 24, 27, 28, 29, 30]","['Amount_log1p', 'V1', 'V2', 'V3', 'V4', 'V5', 'V6', 'V7', 'V8', 'V9', 'V10', 'V11', 'V12', 'V14', 'V15', 'V16', 'V17', 'V18', 'V19', 'V20', 'V21', 'V22', 'V23', 'V24', 'V27', 'V28', 'Time_sin', 'Time_cos']"
CostSensitiveLearning_ClusterCentroids___RandomizedSearchCV__niter_30__cv_5,8,8,KNORAE,resubstitution,287,17693,14,54,0.9962322695035462,0.9534883720930233,0.841642228739003,0.8940809968847352,0.99920935223358,0.0007906477664200162,0.9204257904862915,0.9170478647217525,0.8939707428127479,0.8921705984448142,0.963373581732095,0.8669810781282039,22561,0.8897218035539227,0.008655758741219894,0.8921690238018669,0.027476519685217,"{'classifier__estimator__ccp_alpha': np.float64(0.007080794064012095), 'classifier__estimator__max_depth': 14, 'classifier__estimator__max_features': 'sqrt', 'classifier__estimator__max_leaf_nodes': 10, 'classifier__estimator__min_impurity_decrease': np.float64(0.06973860732371982), 'classifier__estimator__min_samples_leaf': 6, 'classifier__estimator__min_samples_split': 5, 'classifier__max_features': np.float64(0.5484017572614331), 'classifier__max_samples': np.float64(0.9635961419367343), 'classifier__n_estimators': 230, 'feature_selection_filter__k': 28}",52.67831063270569,"[0, 1, 2, 3, 4, 5, 6, 7, 8, 9, 10, 11, 12, 14, 16, 17, 18, 19, 20, 21, 22, 23, 24, 25, 27, 28, 29, 30]","['Amount_log1p', 'V1', 'V2', 'V3', 'V4', 'V5', 'V6', 'V7', 'V8', 'V9', 'V10', 'V11', 'V12', 'V14', 'V16', 'V17', 'V18', 'V19', 'V20', 'V21', 'V22', 'V23', 'V24', 'V25', 'V27', 'V28', 'Time_sin', 'Time_cos']"
CostSensitiveLearning_ClusterCentroids___RandomizedSearchCV__niter_30__cv_5,8,9,KNORAE,resubstitution,294,17687,20,47,0.9962876773049646,0.9363057324840764,0.8621700879765396,0.8977099236641222,0.9988705031908285,0.0011294968091715152,0.930520295583684,0.9280066107594315,0.8966132086550613,0.895822729367022,0.9898749388672273,0.8970914463365802,22561,0.8861886876608545,0.01850502749316084,0.8852255825946992,0.024635009350749616,"{'classifier__estimator__ccp_alpha': np.float64(0.008113853179275375), 'classifier__estimator__max_depth': 11, 'classifier__estimator__max_features': 'sqrt', 'classifier__estimator__max_leaf_nodes': 17, 'classifier__estimator__min_impurity_decrease': np.float64(0.005675776648254272), 'classifier__estimator__min_samples_leaf': 5, 'classifier__estimator__min_samples_split': 2, 'classifier__max_features': np.float64(0.7738316226299283), 'classifier__max_samples': np.float64(0.5191877862332415), 'classifier__n_estimators': 442, 'feature_selection_filter__k': 26}",56.605708599090576,"[0, 1, 2, 3, 4, 5, 6, 7, 8, 9, 10, 11, 12, 14, 16, 17, 18, 19, 20, 21, 23, 24, 25, 27, 28, 29]","['Amount_log1p', 'V1', 'V2', 'V3', 'V4', 'V5', 'V6', 'V7', 'V8', 'V9', 'V10', 'V11', 'V12', 'V14', 'V16', 'V17', 'V18', 'V19', 'V20', 'V21', 'V23', 'V24', 'V25', 'V27', 'V28', 'Time_sin']"
CostSensitiveLearning_ClusterCentroids___RandomizedSearchCV__niter_30__cv_5,8,10,KNORAE,resubstitution,281,17690,17,60,0.9957335992907801,0.9429530201342282,0.8240469208211144,0.8794992175273866,0.9990399277122042,0.0009600722877958212,0.9115434242666594,0.9073344345987264,0.879403186401871,0.8773375832653982,0.9630739835315391,0.854060930941363,22561,0.8793067443665847,0.008487047297594879,0.8792078839456241,0.020566906862876856,"{'classifier__estimator__ccp_alpha': np.float64(0.0024289132279389837), 'classifier__estimator__max_depth': 14, 'classifier__estimator__max_features': 'log2', 'classifier__estimator__max_leaf_nodes': 12, 'classifier__estimator__min_impurity_decrease': np.float64(0.0800879464337016), 'classifier__estimator__min_samples_leaf': 6, 'classifier__estimator__min_samples_split': 2, 'classifier__max_features': np.float64(0.5207206098824662), 'classifier__max_samples': np.float64(0.5312756691093237), 'classifier__n_estimators': 893, 'feature_selection_filter__k': 22}",53.56286907196045,"[1, 2, 3, 4, 5, 6, 7, 8, 9, 10, 11, 12, 14, 16, 17, 18, 19, 20, 21, 27, 28, 29]","['V1', 'V2', 'V3', 'V4', 'V5', 'V6', 'V7', 'V8', 'V9', 'V10', 'V11', 'V12', 'V14', 'V16', 'V17', 'V18', 'V19', 'V20', 'V21', 'V27', 'V28', 'Time_sin']"
CostSensitiveLearning_ClusterCentroids___RandomizedSearchCV__niter_30__cv_5,9,1,KNORAE,resubstitution,281,17680,27,60,0.9951795212765957,0.9123376623376623,0.8240469208211144,0.8659476117103235,0.9984751793076184,0.0015248206923815788,0.9112610500643664,0.9070779442940684,0.8646594511001238,0.8634997047751318,0.9653157531516192,0.8602494005705206,22560,0.8773550606004921,0.009388487982286966,0.8794916726063198,0.036994366107067155,"{'classifier__estimator__ccp_alpha': np.float64(0.005902402971796998), 'classifier__estimator__max_depth': 7, 'classifier__estimator__max_features': 'sqrt', 'classifier__estimator__max_leaf_nodes': 10, 'classifier__estimator__min_impurity_decrease': np.float64(0.04912573444580712), 'classifier__estimator__min_samples_leaf': 3, 'classifier__estimator__min_samples_split': 5, 'classifier__max_features': np.float64(0.978430533622225), 'classifier__max_samples': np.float64(0.7746630993367262), 'classifier__n_estimators': 979, 'feature_selection_filter__k': 26}",57.28306460380554,"[1, 2, 3, 4, 5, 6, 7, 8, 9, 10, 11, 12, 14, 16, 17, 18, 19, 20, 21, 22, 23, 24, 25, 27, 28, 29]","['V1', 'V2', 'V3', 'V4', 'V5', 'V6', 'V7', 'V8', 'V9', 'V10', 'V11', 'V12', 'V14', 'V16', 'V17', 'V18', 'V19', 'V20', 'V21', 'V22', 'V23', 'V24', 'V25', 'V27', 'V28', 'Time_sin']"
CostSensitiveLearning_ClusterCentroids___RandomizedSearchCV__niter_30__cv_5,9,2,KNORAE,resubstitution,296,17689,18,45,0.9965093085106383,0.9426751592356688,0.8680351906158358,0.9038167938931297,0.9989834528717456,0.0010165471282543859,0.9335093217437906,0.9312103908009143,0.9028382353580039,0.9020422679122745,0.9694304669674353,0.883921731940805,22560,0.9026181624582511,0.012424337143243683,0.9035498349495752,0.033489590702919875,"{'classifier__estimator__ccp_alpha': np.float64(0.0007722272796212248), 'classifier__estimator__max_depth': 5, 'classifier__estimator__max_features': 'sqrt', 'classifier__estimator__max_leaf_nodes': 15, 'classifier__estimator__min_impurity_decrease': np.float64(0.04793341706829564), 'classifier__estimator__min_samples_leaf': 3, 'classifier__estimator__min_samples_split': 5, 'classifier__max_features': np.float64(0.549834604557031), 'classifier__max_samples': np.float64(0.7982763320514868), 'classifier__n_estimators': 477, 'feature_selection_filter__k': 20}",55.050941944122314,"[1, 2, 3, 4, 5, 6, 7, 8, 9, 10, 11, 12, 14, 16, 17, 18, 19, 20, 21, 27]","['V1', 'V2', 'V3', 'V4', 'V5', 'V6', 'V7', 'V8', 'V9', 'V10', 'V11', 'V12', 'V14', 'V16', 'V17', 'V18', 'V19', 'V20', 'V21', 'V27']"
CostSensitiveLearning_ClusterCentroids___RandomizedSearchCV__niter_30__cv_5,9,3,KNORAE,resubstitution,286,17688,19,55,0.9958998226950354,0.9377049180327869,0.8387096774193549,0.8854489164086687,0.998926978031287,0.0010730219687129505,0.918818327725321,0.9153194652743444,0.884793475054928,0.8833680697525229,0.9625089867039014,0.8525183830770356,22560,0.8813512207575165,0.01064768557433078,0.8821920290844977,0.02002986030919169,"{'classifier__estimator__ccp_alpha': np.float64(0.009456855797090805), 'classifier__estimator__max_depth': 10, 'classifier__estimator__max_features': 'log2', 'classifier__estimator__max_leaf_nodes': 15, 'classifier__estimator__min_impurity_decrease': np.float64(0.04568242564279815), 'classifier__estimator__min_samples_leaf': 5, 'classifier__estimator__min_samples_split': 6, 'classifier__max_features': np.float64(0.7499993956801092), 'classifier__max_samples': np.float64(0.8278462198267429), 'classifier__n_estimators': 581, 'feature_selection_filter__k': 20}",53.93279838562012,"[1, 2, 3, 4, 5, 6, 7, 8, 9, 10, 11, 12, 14, 16, 17, 18, 19, 20, 21, 27]","['V1', 'V2', 'V3', 'V4', 'V5', 'V6', 'V7', 'V8', 'V9', 'V10', 'V11', 'V12', 'V14', 'V16', 'V17', 'V18', 'V19', 'V20', 'V21', 'V27']"
CostSensitiveLearning_ClusterCentroids___RandomizedSearchCV__niter_30__cv_5,9,4,KNORAE,resubstitution,290,17695,12,51,0.9965093085106383,0.9602649006622517,0.8504398826979472,0.9020217729393468,0.9993223019144971,0.0006776980855028869,0.9248810923062222,0.9218804375935132,0.9019726599159218,0.9002514277693462,0.9856148975660669,0.9012403768152683,22560,0.9039258336095124,0.004062343217945194,0.8955346947351618,0.01399767168427983,"{'classifier__estimator__ccp_alpha': np.float64(0.0008788752290793822), 'classifier__estimator__max_depth': 3, 'classifier__estimator__max_features': 'log2', 'classifier__estimator__max_leaf_nodes': 15, 'classifier__estimator__min_impurity_decrease': np.float64(0.0004342462778832324), 'classifier__estimator__min_samples_leaf': 1, 'classifier__estimator__min_samples_split': 6, 'classifier__max_features': np.float64(0.5489911485757168), 'classifier__max_samples': np.float64(0.9652074512556453), 'classifier__n_estimators': 953, 'feature_selection_filter__k': 22}",58.16650938987732,"[1, 2, 3, 4, 5, 6, 7, 8, 9, 10, 11, 12, 14, 16, 17, 18, 19, 20, 21, 27, 28, 29]","['V1', 'V2', 'V3', 'V4', 'V5', 'V6', 'V7', 'V8', 'V9', 'V10', 'V11', 'V12', 'V14', 'V16', 'V17', 'V18', 'V19', 'V20', 'V21', 'V27', 'V28', 'Time_sin']"
CostSensitiveLearning_ClusterCentroids___RandomizedSearchCV__niter_30__cv_5,9,5,KNORAE,resubstitution,280,17686,22,60,0.9954565602836879,0.9271523178807947,0.8235294117647058,0.8722741433021807,0.9987576236729162,0.001242376327083794,0.911143517718811,0.9069213187034871,0.8715532929993864,0.8699695364108072,0.9651461120929059,0.849233127300123,22560,0.8804328368243244,0.011519289210776575,0.8778373880099812,0.019225652018190303,"{'classifier__estimator__ccp_alpha': np.float64(1.530729590623059e-05), 'classifier__estimator__max_depth': 17, 'classifier__estimator__max_features': 'sqrt', 'classifier__estimator__max_leaf_nodes': 12, 'classifier__estimator__min_impurity_decrease': np.float64(0.08783699163391069), 'classifier__estimator__min_samples_leaf': 3, 'classifier__estimator__min_samples_split': 2, 'classifier__max_features': np.float64(0.6768004701597452), 'classifier__max_samples': np.float64(0.7232885999352094), 'classifier__n_estimators': 413, 'feature_selection_filter__k': 22}",51.18690800666809,"[1, 2, 3, 4, 5, 6, 7, 8, 9, 10, 11, 12, 14, 16, 17, 18, 19, 20, 21, 27, 28, 29]","['V1', 'V2', 'V3', 'V4', 'V5', 'V6', 'V7', 'V8', 'V9', 'V10', 'V11', 'V12', 'V14', 'V16', 'V17', 'V18', 'V19', 'V20', 'V21', 'V27', 'V28', 'Time_sin']"
CostSensitiveLearning_ClusterCentroids___RandomizedSearchCV__niter_30__cv_5,9,6,KNORAE,resubstitution,287,17692,16,53,0.9961768617021277,0.9471947194719472,0.8441176470588235,0.8926905132192846,0.9990964535803026,0.0009035464196973653,0.921607050319563,0.9183435890673055,0.8922832891144925,0.8907508353493307,0.9826562271621999,0.8894203029200022,22560,0.89038558073735,0.006421612711450675,0.8904831443475649,0.01866016251354169,"{'classifier__estimator__ccp_alpha': np.float64(0.004818797131323663), 'classifier__estimator__max_depth': 3, 'classifier__estimator__max_features': 'log2', 'classifier__estimator__max_leaf_nodes': 16, 'classifier__estimator__min_impurity_decrease': np.float64(0.004023622978738428), 'classifier__estimator__min_samples_leaf': 6, 'classifier__estimator__min_samples_split': 8, 'classifier__max_features': np.float64(0.7646490506838771), 'classifier__max_samples': np.float64(0.9640152319970796), 'classifier__n_estimators': 907, 'feature_selection_filter__k': 20}",56.6435604095459,"[1, 2, 3, 4, 5, 6, 7, 8, 9, 10, 11, 12, 14, 16, 17, 18, 19, 20, 21, 27]","['V1', 'V2', 'V3', 'V4', 'V5', 'V6', 'V7', 'V8', 'V9', 'V10', 'V11', 'V12', 'V14', 'V16', 'V17', 'V18', 'V19', 'V20', 'V21', 'V27']"
CostSensitiveLearning_ClusterCentroids___RandomizedSearchCV__niter_30__cv_5,9,7,KNORAE,resubstitution,297,17691,17,43,0.9966755319148937,0.945859872611465,0.8735294117647059,0.908256880733945,0.9990399819290716,0.0009600180709283812,0.9362846968468888,0.9341792160736206,0.9073106625296261,0.9065666989247163,0.9962261158133912,0.9227687751507789,22560,0.9063097349725531,0.009268077786344024,0.8937600238578252,0.02047371672191528,"{'classifier__estimator__ccp_alpha': np.float64(0.001632832445894421), 'classifier__estimator__max_depth': 5, 'classifier__estimator__max_features': 'log2', 'classifier__estimator__max_leaf_nodes': 15, 'classifier__estimator__min_impurity_decrease': np.float64(0.0010557944493170158), 'classifier__estimator__min_samples_leaf': 3, 'classifier__estimator__min_samples_split': 3, 'classifier__max_features': np.float64(0.9433558184079032), 'classifier__max_samples': np.float64(0.746795884998249), 'classifier__n_estimators': 555, 'feature_selection_filter__k': 24}",52.82315373420715,"[0, 1, 2, 3, 4, 5, 6, 7, 8, 9, 10, 11, 12, 14, 16, 17, 18, 19, 20, 21, 24, 27, 28, 29]","['Amount_log1p', 'V1', 'V2', 'V3', 'V4', 'V5', 'V6', 'V7', 'V8', 'V9', 'V10', 'V11', 'V12', 'V14', 'V16', 'V17', 'V18', 'V19', 'V20', 'V21', 'V24', 'V27', 'V28', 'Time_sin']"
CostSensitiveLearning_ClusterCentroids___RandomizedSearchCV__niter_30__cv_5,9,8,KNORAE,resubstitution,280,17683,24,61,0.9952903368794326,0.9210526315789473,0.8211143695014663,0.8682170542635659,0.9986446038289942,0.0013553961710057738,0.9098794866652302,0.905539305733929,0.8673079079424731,0.8658274116221337,0.9630874811840241,0.8585140977214076,22561,0.8765078501237955,0.009376348160580094,0.8781678856742691,0.026576789891920655,"{'classifier__estimator__ccp_alpha': np.float64(0.002720820429373867), 'classifier__estimator__max_depth': 13, 'classifier__estimator__max_features': 'log2', 'classifier__estimator__max_leaf_nodes': 18, 'classifier__estimator__min_impurity_decrease': np.float64(0.0376861559143124), 'classifier__estimator__min_samples_leaf': 3, 'classifier__estimator__min_samples_split': 9, 'classifier__max_features': np.float64(0.5514548622698535), 'classifier__max_samples': np.float64(0.995160456240495), 'classifier__n_estimators': 142, 'feature_selection_filter__k': 22}",52.385756969451904,"[1, 2, 3, 4, 5, 6, 7, 8, 9, 10, 11, 12, 14, 16, 17, 18, 19, 20, 21, 27, 28, 29]","['V1', 'V2', 'V3', 'V4', 'V5', 'V6', 'V7', 'V8', 'V9', 'V10', 'V11', 'V12', 'V14', 'V16', 'V17', 'V18', 'V19', 'V20', 'V21', 'V27', 'V28', 'Time_sin']"
CostSensitiveLearning_ClusterCentroids___RandomizedSearchCV__niter_30__cv_5,9,9,KNORAE,resubstitution,283,17686,21,58,0.9956227836879432,0.930921052631579,0.8299120234604106,0.8775193798449612,0.9988140283503699,0.0011859716496300798,0.9143630259053903,0.9104547058085314,0.8767951088516935,0.8752984178605714,0.960496428753014,0.8713694013295057,22561,0.8730509827480782,0.015408414962201503,0.8742203339296364,0.0304037799342584,"{'classifier__estimator__ccp_alpha': np.float64(0.005640919351346816), 'classifier__estimator__max_depth': 8, 'classifier__estimator__max_features': 'log2', 'classifier__estimator__max_leaf_nodes': 4, 'classifier__estimator__min_impurity_decrease': np.float64(0.06173028013561285), 'classifier__estimator__min_samples_leaf': 5, 'classifier__estimator__min_samples_split': 2, 'classifier__max_features': np.float64(0.5697388131479777), 'classifier__max_samples': np.float64(0.9452287618316859), 'classifier__n_estimators': 943, 'feature_selection_filter__k': 20}",56.26793885231018,"[1, 2, 3, 4, 5, 6, 7, 8, 9, 10, 11, 12, 14, 16, 17, 18, 19, 20, 21, 27]","['V1', 'V2', 'V3', 'V4', 'V5', 'V6', 'V7', 'V8', 'V9', 'V10', 'V11', 'V12', 'V14', 'V16', 'V17', 'V18', 'V19', 'V20', 'V21', 'V27']"
CostSensitiveLearning_ClusterCentroids___RandomizedSearchCV__niter_30__cv_5,9,10,KNORAE,resubstitution,294,17676,31,47,0.9956781914893617,0.9046153846153846,0.8621700879765396,0.8828828828828829,0.9982492799457842,0.0017507200542158374,0.9302096839611619,0.9277179902930491,0.8809465551627443,0.880682653239216,0.9980341455828642,0.9249527162969841,22561,0.8942483774412148,0.01328755694490322,0.877641755763143,0.033990657762814735,"{'classifier__estimator__ccp_alpha': np.float64(0.0024707865063720337), 'classifier__estimator__max_depth': 8, 'classifier__estimator__max_features': 'log2', 'classifier__estimator__max_leaf_nodes': 19, 'classifier__estimator__min_impurity_decrease': np.float64(0.001516261710851341), 'classifier__estimator__min_samples_leaf': 6, 'classifier__estimator__min_samples_split': 8, 'classifier__max_features': np.float64(0.5238719066705645), 'classifier__max_samples': np.float64(0.6172992700894562), 'classifier__n_estimators': 172, 'feature_selection_filter__k': 'all'}",50.34715509414673,"[0, 1, 2, 3, 4, 5, 6, 7, 8, 9, 10, 11, 12, 13, 14, 15, 16, 17, 18, 19, 20, 21, 22, 23, 24, 25, 26, 27, 28, 29, 30]","['Amount_log1p', 'V1', 'V2', 'V3', 'V4', 'V5', 'V6', 'V7', 'V8', 'V9', 'V10', 'V11', 'V12', 'V13', 'V14', 'V15', 'V16', 'V17', 'V18', 'V19', 'V20', 'V21', 'V22', 'V23', 'V24', 'V25', 'V26', 'V27', 'V28', 'Time_sin', 'Time_cos']"
CostSensitiveLearning_ClusterCentroids___RandomizedSearchCV__niter_30__cv_5,10,1,KNORAE,resubstitution,288,17690,17,53,0.9961214539007093,0.9442622950819672,0.844574780058651,0.891640866873065,0.9990399277122042,0.0009600722877958212,0.9218073538854277,0.9185662345293046,0.8911080765614918,0.8896724984145487,0.9645766117646202,0.8643447426628786,22560,0.887002030413553,0.008463828027075411,0.8865384207607491,0.04414763221627081,"{'classifier__estimator__ccp_alpha': np.float64(0.004928944360286934), 'classifier__estimator__max_depth': 15, 'classifier__estimator__max_features': 'sqrt', 'classifier__estimator__max_leaf_nodes': 19, 'classifier__estimator__min_impurity_decrease': np.float64(0.06738967247085031), 'classifier__estimator__min_samples_leaf': 3, 'classifier__estimator__min_samples_split': 9, 'classifier__max_features': np.float64(0.5532257790776389), 'classifier__max_samples': np.float64(0.9646264572908796), 'classifier__n_estimators': 320, 'feature_selection_filter__k': 22}",52.07751107215881,"[1, 2, 3, 4, 5, 6, 7, 8, 9, 10, 11, 12, 14, 16, 17, 18, 19, 20, 21, 27, 28, 29]","['V1', 'V2', 'V3', 'V4', 'V5', 'V6', 'V7', 'V8', 'V9', 'V10', 'V11', 'V12', 'V14', 'V16', 'V17', 'V18', 'V19', 'V20', 'V21', 'V27', 'V28', 'Time_sin']"
CostSensitiveLearning_ClusterCentroids___RandomizedSearchCV__niter_30__cv_5,10,2,KNORAE,resubstitution,277,17685,22,64,0.9952349290780141,0.9264214046822743,0.8123167155425219,0.865625,0.9987575535099114,0.0012424464900886445,0.9055371345262166,0.9007260712838592,0.8651427408640889,0.8632100921475496,0.9623451102973508,0.8634081983217179,22560,0.8662616587173158,0.008820557137776127,0.8651078207329347,0.029622736589468974,"{'classifier__estimator__ccp_alpha': np.float64(0.006310589875275064), 'classifier__estimator__max_depth': 11, 'classifier__estimator__max_features': 'log2', 'classifier__estimator__max_leaf_nodes': 14, 'classifier__estimator__min_impurity_decrease': np.float64(0.06751555805368596), 'classifier__estimator__min_samples_leaf': 9, 'classifier__estimator__min_samples_split': 2, 'classifier__max_features': np.float64(0.852761531731981), 'classifier__max_samples': np.float64(0.7873890418615177), 'classifier__n_estimators': 611, 'feature_selection_filter__k': 26}",56.01028871536255,"[0, 1, 2, 3, 4, 5, 6, 7, 8, 9, 10, 11, 12, 14, 16, 17, 18, 19, 20, 21, 22, 24, 27, 28, 29, 30]","['Amount_log1p', 'V1', 'V2', 'V3', 'V4', 'V5', 'V6', 'V7', 'V8', 'V9', 'V10', 'V11', 'V12', 'V14', 'V16', 'V17', 'V18', 'V19', 'V20', 'V21', 'V22', 'V24', 'V27', 'V28', 'Time_sin', 'Time_cos']"
CostSensitiveLearning_ClusterCentroids___RandomizedSearchCV__niter_30__cv_5,10,3,KNORAE,resubstitution,279,17691,16,62,0.9956781914893617,0.9457627118644067,0.8181818181818182,0.8773584905660378,0.9990964025526627,0.0009035974473372566,0.9086391103672404,0.9041252740519156,0.8775517252581083,0.8751705411330227,0.961872526845009,0.8604811699899582,22560,0.8765229894201143,0.014170651638634726,0.8788694860694861,0.03161120014897184,"{'classifier__estimator__ccp_alpha': np.float64(0.008114036263085848), 'classifier__estimator__max_depth': 18, 'classifier__estimator__max_features': 'sqrt', 'classifier__estimator__max_leaf_nodes': 7, 'classifier__estimator__min_impurity_decrease': np.float64(0.08747629125809048), 'classifier__estimator__min_samples_leaf': 4, 'classifier__estimator__min_samples_split': 8, 'classifier__max_features': np.float64(0.5280109794384367), 'classifier__max_samples': np.float64(0.5952547200333038), 'classifier__n_estimators': 443, 'feature_selection_filter__k': 28}",50.04072976112366,"[0, 1, 2, 3, 4, 5, 6, 7, 8, 9, 10, 11, 12, 14, 15, 16, 17, 18, 19, 20, 21, 22, 23, 24, 26, 27, 28, 29]","['Amount_log1p', 'V1', 'V2', 'V3', 'V4', 'V5', 'V6', 'V7', 'V8', 'V9', 'V10', 'V11', 'V12', 'V14', 'V15', 'V16', 'V17', 'V18', 'V19', 'V20', 'V21', 'V22', 'V23', 'V24', 'V26', 'V27', 'V28', 'Time_sin']"
CostSensitiveLearning_ClusterCentroids___RandomizedSearchCV__niter_30__cv_5,10,4,KNORAE,resubstitution,284,17691,16,57,0.9959552304964538,0.9466666666666667,0.8328445747800587,0.8861154446177847,0.9990964025526627,0.0009035974473372566,0.9159704886663607,0.9121907796882507,0.8859452046865381,0.8840650718996762,0.9677287690621218,0.8615922957149251,22560,0.8855742324187027,0.005507428982292282,0.8871823102745682,0.017801009029040187,"{'classifier__estimator__ccp_alpha': np.float64(0.009050964492140958), 'classifier__estimator__max_depth': 12, 'classifier__estimator__max_features': 'sqrt', 'classifier__estimator__max_leaf_nodes': 11, 'classifier__estimator__min_impurity_decrease': np.float64(0.08400685780322287), 'classifier__estimator__min_samples_leaf': 4, 'classifier__estimator__min_samples_split': 2, 'classifier__max_features': np.float64(0.724390736834793), 'classifier__max_samples': np.float64(0.6166275532151027), 'classifier__n_estimators': 799, 'feature_selection_filter__k': 20}",50.491902112960815,"[1, 2, 3, 4, 5, 6, 7, 8, 9, 10, 11, 12, 14, 16, 17, 18, 19, 20, 21, 27]","['V1', 'V2', 'V3', 'V4', 'V5', 'V6', 'V7', 'V8', 'V9', 'V10', 'V11', 'V12', 'V14', 'V16', 'V17', 'V18', 'V19', 'V20', 'V21', 'V27']"
CostSensitiveLearning_ClusterCentroids___RandomizedSearchCV__niter_30__cv_5,10,5,KNORAE,resubstitution,289,17691,17,51,0.9962322695035462,0.9444444444444444,0.85,0.8947368421052632,0.9990399819290716,0.0009600180709283812,0.9245199909645359,0.9215117930008877,0.8941087735271549,0.8928240575785649,0.9840806415179579,0.8792574745431126,22560,0.8931991208074488,0.007988637123067318,0.8911680896347287,0.02833901199014679,"{'classifier__estimator__ccp_alpha': np.float64(0.003057892389488979), 'classifier__estimator__max_depth': 7, 'classifier__estimator__max_features': 'sqrt', 'classifier__estimator__max_leaf_nodes': 7, 'classifier__estimator__min_impurity_decrease': np.float64(0.0097705753036055), 'classifier__estimator__min_samples_leaf': 3, 'classifier__estimator__min_samples_split': 3, 'classifier__max_features': np.float64(0.6449189528260768), 'classifier__max_samples': np.float64(0.6688918735413056), 'classifier__n_estimators': 268, 'feature_selection_filter__k': 24}",53.54450750350952,"[1, 2, 3, 4, 5, 6, 7, 8, 9, 10, 11, 12, 14, 16, 17, 18, 19, 20, 21, 23, 24, 27, 28, 29]","['V1', 'V2', 'V3', 'V4', 'V5', 'V6', 'V7', 'V8', 'V9', 'V10', 'V11', 'V12', 'V14', 'V16', 'V17', 'V18', 'V19', 'V20', 'V21', 'V23', 'V24', 'V27', 'V28', 'Time_sin']"
CostSensitiveLearning_ClusterCentroids___RandomizedSearchCV__niter_30__cv_5,10,6,KNORAE,resubstitution,282,17690,18,58,0.9957890070921985,0.94,0.8294117647058824,0.88125,0.9989835102778405,0.0010164897221595082,0.9141976374918614,0.9102574779542438,0.88089975841945,0.8791150217860315,0.9586067779268925,0.8475814868734731,22560,0.8836646451911914,0.0013053865407462173,0.8806510374902397,0.013458428171548829,"{'classifier__estimator__ccp_alpha': np.float64(0.0085248554138672), 'classifier__estimator__max_depth': 15, 'classifier__estimator__max_features': 'log2', 'classifier__estimator__max_leaf_nodes': 10, 'classifier__estimator__min_impurity_decrease': np.float64(0.08636358482898306), 'classifier__estimator__min_samples_leaf': 7, 'classifier__estimator__min_samples_split': 6, 'classifier__max_features': np.float64(0.6043103832202041), 'classifier__max_samples': np.float64(0.7821852197889055), 'classifier__n_estimators': 601, 'feature_selection_filter__k': 22}",51.54771828651428,"[1, 2, 3, 4, 5, 6, 7, 8, 9, 10, 11, 12, 14, 16, 17, 18, 19, 20, 21, 27, 28, 29]","['V1', 'V2', 'V3', 'V4', 'V5', 'V6', 'V7', 'V8', 'V9', 'V10', 'V11', 'V12', 'V14', 'V16', 'V17', 'V18', 'V19', 'V20', 'V21', 'V27', 'V28', 'Time_sin']"
CostSensitiveLearning_ClusterCentroids___RandomizedSearchCV__niter_30__cv_5,10,7,KNORAE,resubstitution,287,17686,22,53,0.995844414893617,0.9288025889967637,0.8441176470588235,0.884437596302003,0.9987576236729162,0.001242376327083794,0.9214376353658699,0.9181878540238071,0.8833721858206648,0.8823266770013332,0.9669057023080296,0.8713257163324567,22560,0.8893215421866829,0.00742188523924789,0.8895137455399998,0.021049371074586563,"{'classifier__estimator__ccp_alpha': np.float64(0.006667737911133668), 'classifier__estimator__max_depth': 14, 'classifier__estimator__max_features': 'log2', 'classifier__estimator__max_leaf_nodes': 16, 'classifier__estimator__min_impurity_decrease': np.float64(0.07509122917209554), 'classifier__estimator__min_samples_leaf': 4, 'classifier__estimator__min_samples_split': 6, 'classifier__max_features': np.float64(0.8910365987480146), 'classifier__max_samples': np.float64(0.5777418286602221), 'classifier__n_estimators': 847, 'feature_selection_filter__k': 24}",55.12987947463989,"[1, 2, 3, 4, 5, 6, 7, 8, 9, 10, 11, 12, 14, 16, 17, 18, 19, 20, 21, 22, 23, 27, 28, 29]","['V1', 'V2', 'V3', 'V4', 'V5', 'V6', 'V7', 'V8', 'V9', 'V10', 'V11', 'V12', 'V14', 'V16', 'V17', 'V18', 'V19', 'V20', 'V21', 'V22', 'V23', 'V27', 'V28', 'Time_sin']"
CostSensitiveLearning_ClusterCentroids___RandomizedSearchCV__niter_30__cv_5,10,8,KNORAE,resubstitution,289,17695,12,52,0.9964539007092199,0.9601328903654485,0.8475073313782991,0.9003115264797508,0.9993223019144971,0.0006776980855028869,0.9234148166463981,0.9202896159809554,0.900326446951513,0.8985135044186486,0.9616239381777707,0.8720618442000816,22561,0.8977235194600738,0.005892024480188538,0.8952635950140435,0.019767440437343235,"{'classifier__estimator__ccp_alpha': np.float64(0.003065712212056533), 'classifier__estimator__max_depth': 17, 'classifier__estimator__max_features': 'sqrt', 'classifier__estimator__max_leaf_nodes': 2, 'classifier__estimator__min_impurity_decrease': np.float64(0.06702728480466999), 'classifier__estimator__min_samples_leaf': 8, 'classifier__estimator__min_samples_split': 6, 'classifier__max_features': np.float64(0.5669953672264545), 'classifier__max_samples': np.float64(0.770403557791939), 'classifier__n_estimators': 886, 'feature_selection_filter__k': 28}",52.92020630836487,"[0, 1, 2, 3, 4, 5, 6, 7, 8, 9, 10, 11, 12, 13, 14, 16, 17, 18, 19, 20, 21, 22, 23, 24, 27, 28, 29, 30]","['Amount_log1p', 'V1', 'V2', 'V3', 'V4', 'V5', 'V6', 'V7', 'V8', 'V9', 'V10', 'V11', 'V12', 'V13', 'V14', 'V16', 'V17', 'V18', 'V19', 'V20', 'V21', 'V22', 'V23', 'V24', 'V27', 'V28', 'Time_sin', 'Time_cos']"
CostSensitiveLearning_ClusterCentroids___RandomizedSearchCV__niter_30__cv_5,10,9,KNORAE,resubstitution,285,17687,20,56,0.9957890070921985,0.9344262295081968,0.8357771260997068,0.8823529411764706,0.9988705031908285,0.0011294968091715152,0.9173238146452676,0.913692026069287,0.881636174301646,0.88021585542151,0.9667734996199957,0.8722641359432073,22561,0.8920955612658936,0.005958086481894783,0.8915062616084333,0.027991639418807775,"{'classifier__estimator__ccp_alpha': np.float64(0.0028386884484149335), 'classifier__estimator__max_depth': 14, 'classifier__estimator__max_features': 'log2', 'classifier__estimator__max_leaf_nodes': 7, 'classifier__estimator__min_impurity_decrease': np.float64(0.08406625489487893), 'classifier__estimator__min_samples_leaf': 4, 'classifier__estimator__min_samples_split': 3, 'classifier__max_features': np.float64(0.6359227414365818), 'classifier__max_samples': np.float64(0.9833402968358388), 'classifier__n_estimators': 868, 'feature_selection_filter__k': 24}",55.19169235229492,"[1, 2, 3, 4, 5, 6, 7, 8, 9, 10, 11, 12, 14, 16, 17, 18, 19, 20, 21, 22, 24, 27, 28, 29]","['V1', 'V2', 'V3', 'V4', 'V5', 'V6', 'V7', 'V8', 'V9', 'V10', 'V11', 'V12', 'V14', 'V16', 'V17', 'V18', 'V19', 'V20', 'V21', 'V22', 'V24', 'V27', 'V28', 'Time_sin']"
CostSensitiveLearning_ClusterCentroids___RandomizedSearchCV__niter_30__cv_5,10,10,KNORAE,resubstitution,285,17688,19,56,0.995844414893617,0.9375,0.8357771260997068,0.8837209302325582,0.998926978031287,0.0010730219687129505,0.917352052065497,0.9137178551842216,0.8831199094578405,0.8816124220195297,0.9698534486170869,0.8480947603278405,22561,0.8806452873116888,0.009447415270916958,0.8833879216299737,0.03642302669072081,"{'classifier__estimator__ccp_alpha': np.float64(0.00652752337988492), 'classifier__estimator__max_depth': 9, 'classifier__estimator__max_features': 'sqrt', 'classifier__estimator__max_leaf_nodes': 5, 'classifier__estimator__min_impurity_decrease': np.float64(0.06225191514109871), 'classifier__estimator__min_samples_leaf': 9, 'classifier__estimator__min_samples_split': 4, 'classifier__max_features': np.float64(0.7216126714200326), 'classifier__max_samples': np.float64(0.6265915270420471), 'classifier__n_estimators': 871, 'feature_selection_filter__k': 26}",58.51867365837097,"[0, 1, 2, 3, 4, 5, 6, 7, 8, 9, 10, 11, 12, 14, 16, 17, 18, 19, 20, 21, 23, 24, 25, 27, 28, 29]","['Amount_log1p', 'V1', 'V2', 'V3', 'V4', 'V5', 'V6', 'V7', 'V8', 'V9', 'V10', 'V11', 'V12', 'V14', 'V16', 'V17', 'V18', 'V19', 'V20', 'V21', 'V23', 'V24', 'V25', 'V27', 'V28', 'Time_sin']"
