experiment_name,iteration,fold,model,split,tp,tn,fp,fn,accuracy,precision,recall,f1,specificity,fpr,balanced_accuracy,geometric_mean,mcc,kappa,roc_auc,average_precision,fold_size,cv_tuning_mean_train_score,cv_tuning_std_train_score,cv_tuning_mean_val_score,cv_tuning_std_val_score,best_params,tuning_time,selected_features_indices,selected_features_names
CostSensitiveLearning_ClusterCentroids___RandomizedSearchCV__niter_30__cv_5,1,1,Exponential,resubstitution,283,17685,22,58,0.9955673758865248,0.9278688524590164,0.8299120234604106,0.8761609907120743,0.9987575535099114,0.0012424464900886445,0.9143347884851609,0.9104289660263342,0.8753215727950822,0.8739114267594842,0.9772757497531918,0.8713568461896789,22560,0.8745171734106257,0.0072480781727204905,0.8771378641100321,0.02314725554146648,"{'classifier__estimator__ccp_alpha': np.float64(0.006476901205413624), 'classifier__estimator__max_depth': 15, 'classifier__estimator__max_features': 'sqrt', 'classifier__estimator__max_leaf_nodes': 4, 'classifier__estimator__min_impurity_decrease': np.float64(0.0006952130531190704), 'classifier__estimator__min_samples_leaf': 8, 'classifier__estimator__min_samples_split': 4, 'classifier__max_features': np.float64(0.7087055015743895), 'classifier__max_samples': np.float64(0.6110539052353652), 'classifier__n_estimators': 918, 'feature_selection_filter__k': 22}",44.830724000930786,"[1, 2, 3, 4, 5, 6, 7, 8, 9, 10, 11, 12, 14, 16, 17, 18, 19, 20, 21, 23, 27, 29]","['V1', 'V2', 'V3', 'V4', 'V5', 'V6', 'V7', 'V8', 'V9', 'V10', 'V11', 'V12', 'V14', 'V16', 'V17', 'V18', 'V19', 'V20', 'V21', 'V23', 'V27', 'Time_sin']"
CostSensitiveLearning_ClusterCentroids___RandomizedSearchCV__niter_30__cv_5,1,2,Exponential,resubstitution,286,17689,18,55,0.9959552304964538,0.9407894736842105,0.8387096774193549,0.8868217054263566,0.9989834528717456,0.0010165471282543859,0.9188465651455502,0.9153453389324354,0.8862823097609139,0.8847694240990089,0.9775521618022397,0.8723962140967149,22560,0.8818148829841628,0.011298594659361274,0.8841021187352588,0.026804192804882138,"{'classifier__estimator__ccp_alpha': np.float64(0.009086627578310878), 'classifier__estimator__max_depth': 10, 'classifier__estimator__max_features': 'log2', 'classifier__estimator__max_leaf_nodes': 5, 'classifier__estimator__min_impurity_decrease': np.float64(0.01184522150525047), 'classifier__estimator__min_samples_leaf': 3, 'classifier__estimator__min_samples_split': 8, 'classifier__max_features': np.float64(0.5767291911391652), 'classifier__max_samples': np.float64(0.7364694061317187), 'classifier__n_estimators': 487, 'feature_selection_filter__k': 26}",38.475380182266235,"[0, 1, 2, 3, 4, 5, 6, 7, 8, 9, 10, 11, 12, 14, 16, 17, 18, 19, 20, 21, 22, 23, 24, 27, 28, 29]","['Amount_log1p', 'V1', 'V2', 'V3', 'V4', 'V5', 'V6', 'V7', 'V8', 'V9', 'V10', 'V11', 'V12', 'V14', 'V16', 'V17', 'V18', 'V19', 'V20', 'V21', 'V22', 'V23', 'V24', 'V27', 'V28', 'Time_sin']"
CostSensitiveLearning_ClusterCentroids___RandomizedSearchCV__niter_30__cv_5,1,3,Exponential,resubstitution,288,17689,18,53,0.9960660460992907,0.9411764705882353,0.844574780058651,0.8902627511591963,0.9989834528717456,0.0010165471282543859,0.9217791164651983,0.9185402712953779,0.8896163392526911,0.8882658415794964,0.9607219968841124,0.8592689789293818,22560,0.8860725150772044,0.00587830489847625,0.8865712003685081,0.02382577346664812,"{'classifier__estimator__ccp_alpha': np.float64(0.00911414912922362), 'classifier__estimator__max_depth': 13, 'classifier__estimator__max_features': 'sqrt', 'classifier__estimator__max_leaf_nodes': 6, 'classifier__estimator__min_impurity_decrease': np.float64(0.08536822459822598), 'classifier__estimator__min_samples_leaf': 4, 'classifier__estimator__min_samples_split': 5, 'classifier__max_features': np.float64(0.5959881639638896), 'classifier__max_samples': np.float64(0.9215139545279653), 'classifier__n_estimators': 489, 'feature_selection_filter__k': 22}",43.34146809577942,"[1, 2, 3, 4, 5, 6, 7, 8, 9, 10, 11, 12, 14, 16, 17, 18, 19, 20, 21, 27, 28, 29]","['V1', 'V2', 'V3', 'V4', 'V5', 'V6', 'V7', 'V8', 'V9', 'V10', 'V11', 'V12', 'V14', 'V16', 'V17', 'V18', 'V19', 'V20', 'V21', 'V27', 'V28', 'Time_sin']"
CostSensitiveLearning_ClusterCentroids___RandomizedSearchCV__niter_30__cv_5,1,4,Exponential,resubstitution,282,17680,27,59,0.9952349290780141,0.912621359223301,0.8269794721407625,0.8676923076923077,0.9984751793076184,0.0015248206923815788,0.9127273257241905,0.9086905285791569,0.8663614025390526,0.8652720698180334,0.9638392921466683,0.8611731807397502,22560,0.8755181854060451,0.007033830153823698,0.8781579672716893,0.024033610596869828,"{'classifier__estimator__ccp_alpha': np.float64(0.00406829488919289), 'classifier__estimator__max_depth': 15, 'classifier__estimator__max_features': 'sqrt', 'classifier__estimator__max_leaf_nodes': 19, 'classifier__estimator__min_impurity_decrease': np.float64(0.0659812761044773), 'classifier__estimator__min_samples_leaf': 8, 'classifier__estimator__min_samples_split': 3, 'classifier__max_features': np.float64(0.7371472366962655), 'classifier__max_samples': np.float64(0.5890745253996568), 'classifier__n_estimators': 687, 'feature_selection_filter__k': 26}",44.80342507362366,"[0, 1, 2, 3, 4, 5, 6, 7, 8, 9, 10, 11, 12, 14, 16, 17, 18, 19, 20, 21, 23, 24, 25, 27, 28, 29]","['Amount_log1p', 'V1', 'V2', 'V3', 'V4', 'V5', 'V6', 'V7', 'V8', 'V9', 'V10', 'V11', 'V12', 'V14', 'V16', 'V17', 'V18', 'V19', 'V20', 'V21', 'V23', 'V24', 'V25', 'V27', 'V28', 'Time_sin']"
CostSensitiveLearning_ClusterCentroids___RandomizedSearchCV__niter_30__cv_5,1,5,Exponential,resubstitution,291,17686,22,49,0.9960660460992907,0.9297124600638977,0.8558823529411764,0.891271056661562,0.9987576236729162,0.001242376327083794,0.9273199883070463,0.9245642351762875,0.8900607573943594,0.8892713279684328,0.9964652068191179,0.9075930616911292,22560,0.8984870395809125,0.006309363609631783,0.8901482113154083,0.016921222326061792,"{'classifier__estimator__ccp_alpha': np.float64(0.0033323856310307877), 'classifier__estimator__max_depth': 11, 'classifier__estimator__max_features': 'sqrt', 'classifier__estimator__max_leaf_nodes': 15, 'classifier__estimator__min_impurity_decrease': np.float64(0.0033191787293330947), 'classifier__estimator__min_samples_leaf': 4, 'classifier__estimator__min_samples_split': 5, 'classifier__max_features': np.float64(0.8356677901136276), 'classifier__max_samples': np.float64(0.6122495445007325), 'classifier__n_estimators': 474, 'feature_selection_filter__k': 24}",46.653342962265015,"[1, 2, 3, 4, 5, 6, 7, 8, 9, 10, 11, 12, 14, 16, 17, 18, 19, 20, 21, 23, 24, 27, 28, 29]","['V1', 'V2', 'V3', 'V4', 'V5', 'V6', 'V7', 'V8', 'V9', 'V10', 'V11', 'V12', 'V14', 'V16', 'V17', 'V18', 'V19', 'V20', 'V21', 'V23', 'V24', 'V27', 'V28', 'Time_sin']"
CostSensitiveLearning_ClusterCentroids___RandomizedSearchCV__niter_30__cv_5,1,6,Exponential,resubstitution,292,17697,11,48,0.9967309397163121,0.9636963696369637,0.8588235294117647,0.9082426127527217,0.999378811836458,0.0006211881635419525,0.9291011706241113,0.9264394413024106,0.9081437409482406,0.9065840476175437,0.9843010470508511,0.8932321247889822,22560,0.9042412595352104,0.010729531514652637,0.9021467138745773,0.030284523235268177,"{'classifier__estimator__ccp_alpha': np.float64(0.007060310112730092), 'classifier__estimator__max_depth': 14, 'classifier__estimator__max_features': 'log2', 'classifier__estimator__max_leaf_nodes': 10, 'classifier__estimator__min_impurity_decrease': np.float64(0.009872595484881053), 'classifier__estimator__min_samples_leaf': 2, 'classifier__estimator__min_samples_split': 7, 'classifier__max_features': np.float64(0.5258076836251018), 'classifier__max_samples': np.float64(0.8667137257214417), 'classifier__n_estimators': 678, 'feature_selection_filter__k': 22}",46.06731939315796,"[1, 2, 3, 4, 5, 6, 7, 8, 9, 10, 11, 12, 14, 16, 17, 18, 19, 20, 21, 27, 28, 29]","['V1', 'V2', 'V3', 'V4', 'V5', 'V6', 'V7', 'V8', 'V9', 'V10', 'V11', 'V12', 'V14', 'V16', 'V17', 'V18', 'V19', 'V20', 'V21', 'V27', 'V28', 'Time_sin']"
CostSensitiveLearning_ClusterCentroids___RandomizedSearchCV__niter_30__cv_5,1,7,Exponential,resubstitution,282,17687,21,58,0.9956227836879432,0.9306930693069307,0.8294117647058824,0.8771384136858476,0.9988140953241473,0.001185904675852667,0.9141129300150148,0.9101802906105528,0.8764228372807443,0.8749176230811179,0.9635305245884214,0.8596019255144787,22560,0.8816176026004605,0.009644926447347279,0.8838110347187224,0.033189915026361407,"{'classifier__estimator__ccp_alpha': np.float64(0.009070204205904032), 'classifier__estimator__max_depth': 8, 'classifier__estimator__max_features': 'log2', 'classifier__estimator__max_leaf_nodes': 13, 'classifier__estimator__min_impurity_decrease': np.float64(0.03365436047375001), 'classifier__estimator__min_samples_leaf': 3, 'classifier__estimator__min_samples_split': 4, 'classifier__max_features': np.float64(0.529028675379362), 'classifier__max_samples': np.float64(0.8535798773421435), 'classifier__n_estimators': 718, 'feature_selection_filter__k': 20}",45.24596309661865,"[1, 2, 3, 4, 5, 6, 7, 8, 9, 10, 11, 12, 14, 16, 17, 18, 19, 20, 21, 27]","['V1', 'V2', 'V3', 'V4', 'V5', 'V6', 'V7', 'V8', 'V9', 'V10', 'V11', 'V12', 'V14', 'V16', 'V17', 'V18', 'V19', 'V20', 'V21', 'V27']"
CostSensitiveLearning_ClusterCentroids___RandomizedSearchCV__niter_30__cv_5,1,8,Exponential,resubstitution,291,17677,30,50,0.9955673758865248,0.9065420560747663,0.8533724340175953,0.879154078549849,0.9983057547862427,0.0016942452137572728,0.925839094401919,0.9229987063131284,0.8773140202828024,0.8768984591333475,0.9726540044885077,0.8697109793390145,22561,0.8940665631776825,0.012484219995078169,0.8923978845109065,0.012272843249766721,"{'classifier__estimator__ccp_alpha': np.float64(0.006340266857304928), 'classifier__estimator__max_depth': 4, 'classifier__estimator__max_features': 'log2', 'classifier__estimator__max_leaf_nodes': 2, 'classifier__estimator__min_impurity_decrease': np.float64(0.05686217582112443), 'classifier__estimator__min_samples_leaf': 7, 'classifier__estimator__min_samples_split': 9, 'classifier__max_features': np.float64(0.9585578427750815), 'classifier__max_samples': np.float64(0.8538104564650183), 'classifier__n_estimators': 450, 'feature_selection_filter__k': 24}",43.26749920845032,"[0, 1, 2, 3, 4, 5, 6, 7, 8, 9, 10, 11, 12, 14, 16, 17, 18, 19, 20, 21, 23, 27, 28, 29]","['Amount_log1p', 'V1', 'V2', 'V3', 'V4', 'V5', 'V6', 'V7', 'V8', 'V9', 'V10', 'V11', 'V12', 'V14', 'V16', 'V17', 'V18', 'V19', 'V20', 'V21', 'V23', 'V27', 'V28', 'Time_sin']"
CostSensitiveLearning_ClusterCentroids___RandomizedSearchCV__niter_30__cv_5,1,9,Exponential,resubstitution,291,17689,18,50,0.9962322695035462,0.941747572815534,0.8533724340175953,0.8953846153846153,0.9989834528717456,0.0010165471282543859,0.9261779434446704,0.9233119411772293,0.8945957725626139,0.8934709389258868,0.997309247117506,0.9176573661334387,22561,0.9013371955077973,0.007545880571366331,0.8928069814552373,0.03327912138381069,"{'classifier__estimator__ccp_alpha': np.float64(0.004235003963518133), 'classifier__estimator__max_depth': 9, 'classifier__estimator__max_features': 'sqrt', 'classifier__estimator__max_leaf_nodes': 17, 'classifier__estimator__min_impurity_decrease': np.float64(0.00139053656832), 'classifier__estimator__min_samples_leaf': 1, 'classifier__estimator__min_samples_split': 2, 'classifier__max_features': np.float64(0.691496548136757), 'classifier__max_samples': np.float64(0.5574094748332538), 'classifier__n_estimators': 981, 'feature_selection_filter__k': 'all'}",52.92198443412781,"[0, 1, 2, 3, 4, 5, 6, 7, 8, 9, 10, 11, 12, 13, 14, 15, 16, 17, 18, 19, 20, 21, 22, 23, 24, 25, 26, 27, 28, 29, 30]","['Amount_log1p', 'V1', 'V2', 'V3', 'V4', 'V5', 'V6', 'V7', 'V8', 'V9', 'V10', 'V11', 'V12', 'V13', 'V14', 'V15', 'V16', 'V17', 'V18', 'V19', 'V20', 'V21', 'V22', 'V23', 'V24', 'V25', 'V26', 'V27', 'V28', 'Time_sin', 'Time_cos']"
CostSensitiveLearning_ClusterCentroids___RandomizedSearchCV__niter_30__cv_5,1,10,Exponential,resubstitution,287,17692,15,54,0.9961768617021277,0.9503311258278145,0.841642228739003,0.8926905132192846,0.9991528773931214,0.0008471226068785809,0.9203975530660622,0.9170219487995555,0.8924546326666182,0.8907515637473791,0.9775930687981144,0.872941612751924,22561,0.8867327889618524,0.012243943590341004,0.8803494726362423,0.013206872461387882,"{'classifier__estimator__ccp_alpha': np.float64(0.006527975850504457), 'classifier__estimator__max_depth': 18, 'classifier__estimator__max_features': 'log2', 'classifier__estimator__max_leaf_nodes': 12, 'classifier__estimator__min_impurity_decrease': np.float64(0.01468317085644505), 'classifier__estimator__min_samples_leaf': 1, 'classifier__estimator__min_samples_split': 3, 'classifier__max_features': np.float64(0.5189213741527844), 'classifier__max_samples': np.float64(0.7674186257758782), 'classifier__n_estimators': 692, 'feature_selection_filter__k': 22}",48.89417219161987,"[1, 2, 3, 4, 5, 6, 7, 8, 9, 10, 11, 12, 14, 16, 17, 18, 19, 20, 21, 23, 27, 28]","['V1', 'V2', 'V3', 'V4', 'V5', 'V6', 'V7', 'V8', 'V9', 'V10', 'V11', 'V12', 'V14', 'V16', 'V17', 'V18', 'V19', 'V20', 'V21', 'V23', 'V27', 'V28']"
CostSensitiveLearning_ClusterCentroids___RandomizedSearchCV__niter_30__cv_5,2,1,Exponential,resubstitution,279,17696,11,62,0.9959552304964538,0.9620689655172414,0.8181818181818182,0.884310618066561,0.9993787767549557,0.0006212232450443222,0.908780297468387,0.9042530313013559,0.8852656424506079,0.8822659346653432,0.9584584488431518,0.8645973290468333,22560,0.8810434234100522,0.012089720725415205,0.8771744620008463,0.04034598165259362,"{'classifier__estimator__ccp_alpha': np.float64(0.0037953303903767856), 'classifier__estimator__max_depth': 18, 'classifier__estimator__max_features': 'log2', 'classifier__estimator__max_leaf_nodes': 2, 'classifier__estimator__min_impurity_decrease': np.float64(0.02774982134389439), 'classifier__estimator__min_samples_leaf': 3, 'classifier__estimator__min_samples_split': 8, 'classifier__max_features': np.float64(0.707333126393286), 'classifier__max_samples': np.float64(0.6105927801942317), 'classifier__n_estimators': 471, 'feature_selection_filter__k': 20}",44.85547351837158,"[1, 2, 3, 4, 5, 6, 7, 8, 9, 10, 11, 12, 14, 16, 17, 18, 19, 20, 21, 27]","['V1', 'V2', 'V3', 'V4', 'V5', 'V6', 'V7', 'V8', 'V9', 'V10', 'V11', 'V12', 'V14', 'V16', 'V17', 'V18', 'V19', 'V20', 'V21', 'V27']"
CostSensitiveLearning_ClusterCentroids___RandomizedSearchCV__niter_30__cv_5,2,2,Exponential,resubstitution,283,17681,26,58,0.995345744680851,0.9158576051779935,0.8299120234604106,0.8707692307692307,0.998531654148077,0.0014683458519230141,0.9142218388042438,0.9103259996195328,0.8694985547638927,0.8684052774966837,0.9606180732407467,0.8643256702606831,22560,0.8789119938550913,0.013078513961789575,0.8790688564859069,0.026350418715828265,"{'classifier__estimator__ccp_alpha': np.float64(0.008977664941438533), 'classifier__estimator__max_depth': 6, 'classifier__estimator__max_features': 'log2', 'classifier__estimator__max_leaf_nodes': 15, 'classifier__estimator__min_impurity_decrease': np.float64(0.0646005180036223), 'classifier__estimator__min_samples_leaf': 1, 'classifier__estimator__min_samples_split': 3, 'classifier__max_features': np.float64(0.7886910766487303), 'classifier__max_samples': np.float64(0.6646013992818018), 'classifier__n_estimators': 151, 'feature_selection_filter__k': 24}",50.973939180374146,"[0, 1, 2, 3, 4, 5, 6, 7, 8, 9, 10, 11, 12, 14, 16, 17, 18, 19, 20, 21, 24, 27, 28, 29]","['Amount_log1p', 'V1', 'V2', 'V3', 'V4', 'V5', 'V6', 'V7', 'V8', 'V9', 'V10', 'V11', 'V12', 'V14', 'V16', 'V17', 'V18', 'V19', 'V20', 'V21', 'V24', 'V27', 'V28', 'Time_sin']"
CostSensitiveLearning_ClusterCentroids___RandomizedSearchCV__niter_30__cv_5,2,3,Exponential,resubstitution,282,17689,18,59,0.9957335992907801,0.94,0.8269794721407625,0.8798751950078003,0.9989834528717456,0.0010165471282543859,0.912981462506254,0.9089217835068277,0.8795790958750231,0.8777124730996585,0.9608448006794206,0.8451031904317848,22560,0.8752220260771152,0.012020336982737464,0.8784710766919502,0.025284980361041737,"{'classifier__estimator__ccp_alpha': np.float64(0.003158584362842518), 'classifier__estimator__max_depth': 14, 'classifier__estimator__max_features': 'log2', 'classifier__estimator__max_leaf_nodes': 19, 'classifier__estimator__min_impurity_decrease': np.float64(0.061161196054303785), 'classifier__estimator__min_samples_leaf': 5, 'classifier__estimator__min_samples_split': 5, 'classifier__max_features': np.float64(0.726501235188703), 'classifier__max_samples': np.float64(0.8401174376573345), 'classifier__n_estimators': 493, 'feature_selection_filter__k': 26}",46.38653016090393,"[0, 1, 2, 3, 4, 5, 6, 7, 8, 9, 10, 11, 12, 14, 16, 17, 18, 19, 20, 21, 23, 24, 26, 27, 28, 29]","['Amount_log1p', 'V1', 'V2', 'V3', 'V4', 'V5', 'V6', 'V7', 'V8', 'V9', 'V10', 'V11', 'V12', 'V14', 'V16', 'V17', 'V18', 'V19', 'V20', 'V21', 'V23', 'V24', 'V26', 'V27', 'V28', 'Time_sin']"
CostSensitiveLearning_ClusterCentroids___RandomizedSearchCV__niter_30__cv_5,2,4,Exponential,resubstitution,288,17687,20,53,0.9959552304964538,0.935064935064935,0.844574780058651,0.8875192604006163,0.9988705031908285,0.0011294968091715152,0.9217226416247397,0.9184883426257886,0.886654517286942,0.8854652695239612,0.9691656479941413,0.8557657769656739,22560,0.8823063443768403,0.011249218346726073,0.8857199648674022,0.02579520176627656,"{'classifier__estimator__ccp_alpha': np.float64(0.0045358858953463265), 'classifier__estimator__max_depth': 6, 'classifier__estimator__max_features': 'sqrt', 'classifier__estimator__max_leaf_nodes': 8, 'classifier__estimator__min_impurity_decrease': np.float64(0.0815465104690317), 'classifier__estimator__min_samples_leaf': 9, 'classifier__estimator__min_samples_split': 8, 'classifier__max_features': np.float64(0.9029802697823408), 'classifier__max_samples': np.float64(0.8013754497495604), 'classifier__n_estimators': 909, 'feature_selection_filter__k': 22}",46.551175117492676,"[1, 2, 3, 4, 5, 6, 7, 8, 9, 10, 11, 12, 14, 16, 17, 18, 19, 20, 21, 27, 28, 29]","['V1', 'V2', 'V3', 'V4', 'V5', 'V6', 'V7', 'V8', 'V9', 'V10', 'V11', 'V12', 'V14', 'V16', 'V17', 'V18', 'V19', 'V20', 'V21', 'V27', 'V28', 'Time_sin']"
CostSensitiveLearning_ClusterCentroids___RandomizedSearchCV__niter_30__cv_5,2,5,Exponential,resubstitution,297,17692,16,43,0.9967309397163121,0.9488817891373802,0.8735294117647059,0.9096477794793262,0.9990964535803026,0.0009035464196973653,0.9363129326725043,0.934205618369,0.9087920760598778,0.9079860331005286,0.9928893886445476,0.916047149116906,22560,0.9100095204504048,0.007860883106682247,0.8995487808189422,0.006112108072722174,"{'classifier__estimator__ccp_alpha': np.float64(0.003916584611674081), 'classifier__estimator__max_depth': 5, 'classifier__estimator__max_features': 'sqrt', 'classifier__estimator__max_leaf_nodes': 13, 'classifier__estimator__min_impurity_decrease': np.float64(8.285107777844525e-05), 'classifier__estimator__min_samples_leaf': 1, 'classifier__estimator__min_samples_split': 7, 'classifier__max_features': np.float64(0.5112764524204473), 'classifier__max_samples': np.float64(0.8483352160062789), 'classifier__n_estimators': 387, 'feature_selection_filter__k': 28}",53.42564034461975,"[0, 1, 2, 3, 4, 5, 6, 7, 8, 9, 10, 11, 12, 14, 16, 17, 18, 19, 20, 21, 22, 23, 24, 26, 27, 28, 29, 30]","['Amount_log1p', 'V1', 'V2', 'V3', 'V4', 'V5', 'V6', 'V7', 'V8', 'V9', 'V10', 'V11', 'V12', 'V14', 'V16', 'V17', 'V18', 'V19', 'V20', 'V21', 'V22', 'V23', 'V24', 'V26', 'V27', 'V28', 'Time_sin', 'Time_cos']"
CostSensitiveLearning_ClusterCentroids___RandomizedSearchCV__niter_30__cv_5,2,6,Exponential,resubstitution,285,17687,21,55,0.9957890070921985,0.9313725490196079,0.8382352941176471,0.8823529411764706,0.9988140953241473,0.001185904675852667,0.9185246947208972,0.91500886714987,0.8814816956853024,0.880215123176043,0.9646822971338976,0.8599860355500207,22560,0.8843156702328301,0.005958165012776765,0.8863284687941928,0.02877849320937236,"{'classifier__estimator__ccp_alpha': np.float64(0.0007712000450440582), 'classifier__estimator__max_depth': 5, 'classifier__estimator__max_features': 'sqrt', 'classifier__estimator__max_leaf_nodes': 19, 'classifier__estimator__min_impurity_decrease': np.float64(0.038178517328359356), 'classifier__estimator__min_samples_leaf': 5, 'classifier__estimator__min_samples_split': 7, 'classifier__max_features': np.float64(0.7204365525718723), 'classifier__max_samples': np.float64(0.7690291980612226), 'classifier__n_estimators': 404, 'feature_selection_filter__k': 22}",48.02235722541809,"[1, 2, 3, 4, 5, 6, 7, 8, 9, 10, 11, 12, 14, 16, 17, 18, 19, 20, 21, 27, 28, 29]","['V1', 'V2', 'V3', 'V4', 'V5', 'V6', 'V7', 'V8', 'V9', 'V10', 'V11', 'V12', 'V14', 'V16', 'V17', 'V18', 'V19', 'V20', 'V21', 'V27', 'V28', 'Time_sin']"
CostSensitiveLearning_ClusterCentroids___RandomizedSearchCV__niter_30__cv_5,2,7,Exponential,resubstitution,287,17684,24,53,0.9957335992907801,0.9228295819935691,0.8441176470588235,0.8817204301075269,0.9986446803704541,0.0013553196295459369,0.9213811637146387,0.9181359364724369,0.8804588263460343,0.8795524402986782,0.9719259490559269,0.8696301760573076,22560,0.8898465163410163,0.0014605212788754338,0.891358111486064,0.007436171697987435,"{'classifier__estimator__ccp_alpha': np.float64(0.004029611440888581), 'classifier__estimator__max_depth': 7, 'classifier__estimator__max_features': 'sqrt', 'classifier__estimator__max_leaf_nodes': 3, 'classifier__estimator__min_impurity_decrease': np.float64(0.005243297243403167), 'classifier__estimator__min_samples_leaf': 3, 'classifier__estimator__min_samples_split': 2, 'classifier__max_features': np.float64(0.5193193987943784), 'classifier__max_samples': np.float64(0.7460353622312212), 'classifier__n_estimators': 397, 'feature_selection_filter__k': 20}",46.53132128715515,"[1, 2, 3, 4, 5, 6, 7, 8, 9, 10, 11, 12, 14, 16, 17, 18, 19, 20, 21, 27]","['V1', 'V2', 'V3', 'V4', 'V5', 'V6', 'V7', 'V8', 'V9', 'V10', 'V11', 'V12', 'V14', 'V16', 'V17', 'V18', 'V19', 'V20', 'V21', 'V27']"
CostSensitiveLearning_ClusterCentroids___RandomizedSearchCV__niter_30__cv_5,2,8,Exponential,resubstitution,284,17689,18,57,0.995844414893617,0.9403973509933775,0.8328445747800587,0.8833592534992224,0.9989834528717456,0.0010165471282543859,0.9159140138259021,0.9121392158104397,0.8829366054173144,0.8812516997254121,0.9688748274080847,0.8520013232327546,22561,0.8849130297167977,0.008809416043057763,0.8847701772527191,0.029451526942138772,"{'classifier__estimator__ccp_alpha': np.float64(0.006986942722171738), 'classifier__estimator__max_depth': 18, 'classifier__estimator__max_features': 'sqrt', 'classifier__estimator__max_leaf_nodes': 18, 'classifier__estimator__min_impurity_decrease': np.float64(0.08955350976017967), 'classifier__estimator__min_samples_leaf': 9, 'classifier__estimator__min_samples_split': 9, 'classifier__max_features': np.float64(0.9042035957185692), 'classifier__max_samples': np.float64(0.9650615271924667), 'classifier__n_estimators': 693, 'feature_selection_filter__k': 24}",52.054115533828735,"[0, 1, 2, 3, 4, 5, 6, 7, 8, 9, 10, 11, 12, 14, 16, 17, 18, 19, 20, 21, 24, 27, 28, 29]","['Amount_log1p', 'V1', 'V2', 'V3', 'V4', 'V5', 'V6', 'V7', 'V8', 'V9', 'V10', 'V11', 'V12', 'V14', 'V16', 'V17', 'V18', 'V19', 'V20', 'V21', 'V24', 'V27', 'V28', 'Time_sin']"
CostSensitiveLearning_ClusterCentroids___RandomizedSearchCV__niter_30__cv_5,2,9,Exponential,resubstitution,287,17687,20,54,0.9958998226950354,0.9348534201954397,0.841642228739003,0.8858024691358025,0.9988705031908285,0.0011294968091715152,0.9202563659649157,0.9168923582008841,0.8849846621001948,0.8837207561034431,0.9678372471281054,0.8639877245597454,22561,0.8858744327427136,0.006878175290361122,0.885906224690501,0.026094830742115813,"{'classifier__estimator__ccp_alpha': np.float64(0.002796713611187488), 'classifier__estimator__max_depth': 6, 'classifier__estimator__max_features': 'log2', 'classifier__estimator__max_leaf_nodes': 5, 'classifier__estimator__min_impurity_decrease': np.float64(0.07132304220303808), 'classifier__estimator__min_samples_leaf': 3, 'classifier__estimator__min_samples_split': 2, 'classifier__max_features': np.float64(0.9860285750243003), 'classifier__max_samples': np.float64(0.58041465693526), 'classifier__n_estimators': 921, 'feature_selection_filter__k': 22}",45.713879108428955,"[1, 2, 3, 4, 5, 6, 7, 8, 9, 10, 11, 12, 14, 16, 17, 18, 19, 20, 21, 27, 28, 29]","['V1', 'V2', 'V3', 'V4', 'V5', 'V6', 'V7', 'V8', 'V9', 'V10', 'V11', 'V12', 'V14', 'V16', 'V17', 'V18', 'V19', 'V20', 'V21', 'V27', 'V28', 'Time_sin']"
CostSensitiveLearning_ClusterCentroids___RandomizedSearchCV__niter_30__cv_5,2,10,Exponential,resubstitution,281,17694,13,60,0.9959552304964538,0.95578231292517,0.8240469208211144,0.8850393700787401,0.9992658270740385,0.0007341729259614516,0.9116563739475765,0.9074370104211783,0.8855085321199357,0.8829922490038163,0.9582005857153102,0.8534707574757586,22561,0.8846149144083235,0.008265915952346317,0.883215660925899,0.04807404129158584,"{'classifier__estimator__ccp_alpha': np.float64(0.0033456925519919434), 'classifier__estimator__max_depth': 16, 'classifier__estimator__max_features': 'log2', 'classifier__estimator__max_leaf_nodes': 13, 'classifier__estimator__min_impurity_decrease': np.float64(0.0769691398241425), 'classifier__estimator__min_samples_leaf': 6, 'classifier__estimator__min_samples_split': 4, 'classifier__max_features': np.float64(0.596536966785143), 'classifier__max_samples': np.float64(0.6302915791932904), 'classifier__n_estimators': 447, 'feature_selection_filter__k': 24}",42.04306173324585,"[1, 2, 3, 4, 5, 6, 7, 8, 9, 10, 11, 12, 14, 16, 17, 18, 19, 20, 21, 23, 24, 27, 28, 29]","['V1', 'V2', 'V3', 'V4', 'V5', 'V6', 'V7', 'V8', 'V9', 'V10', 'V11', 'V12', 'V14', 'V16', 'V17', 'V18', 'V19', 'V20', 'V21', 'V23', 'V24', 'V27', 'V28', 'Time_sin']"
CostSensitiveLearning_ClusterCentroids___RandomizedSearchCV__niter_30__cv_5,3,1,Exponential,resubstitution,290,17683,24,51,0.995844414893617,0.9235668789808917,0.8504398826979472,0.8854961832061069,0.9986446038289942,0.0013553961710057738,0.9245422432634707,0.9215677944336313,0.8841631552491762,0.8833836522765172,0.9655578828195087,0.8653913766855049,22560,0.889583798062619,0.004268743798064839,0.8909494704770294,0.007227689200626884,"{'classifier__estimator__ccp_alpha': np.float64(0.00728838410730898), 'classifier__estimator__max_depth': 12, 'classifier__estimator__max_features': 'sqrt', 'classifier__estimator__max_leaf_nodes': 4, 'classifier__estimator__min_impurity_decrease': np.float64(0.053903082071401986), 'classifier__estimator__min_samples_leaf': 2, 'classifier__estimator__min_samples_split': 2, 'classifier__max_features': np.float64(0.920115900007631), 'classifier__max_samples': np.float64(0.8142350410645081), 'classifier__n_estimators': 170, 'feature_selection_filter__k': 22}",44.29383683204651,"[1, 2, 3, 4, 5, 6, 7, 8, 9, 10, 11, 12, 14, 16, 17, 18, 19, 20, 21, 27, 28, 29]","['V1', 'V2', 'V3', 'V4', 'V5', 'V6', 'V7', 'V8', 'V9', 'V10', 'V11', 'V12', 'V14', 'V16', 'V17', 'V18', 'V19', 'V20', 'V21', 'V27', 'V28', 'Time_sin']"
CostSensitiveLearning_ClusterCentroids___RandomizedSearchCV__niter_30__cv_5,3,2,Exponential,resubstitution,288,17695,12,53,0.9963984929078015,0.96,0.844574780058651,0.8985959438377535,0.9993223019144971,0.0006776980855028869,0.9219485409865741,0.9186960396927492,0.8986774223095682,0.8967702694997117,0.9800459980122843,0.8892104421754912,22560,0.8923611840622797,0.0062843872756279595,0.8924638055215315,0.026453745142350514,"{'classifier__estimator__ccp_alpha': np.float64(0.004465376354012137), 'classifier__estimator__max_depth': 16, 'classifier__estimator__max_features': 'log2', 'classifier__estimator__max_leaf_nodes': 5, 'classifier__estimator__min_impurity_decrease': np.float64(0.00625368175255695), 'classifier__estimator__min_samples_leaf': 8, 'classifier__estimator__min_samples_split': 3, 'classifier__max_features': np.float64(0.5770053946920746), 'classifier__max_samples': np.float64(0.5297560893218969), 'classifier__n_estimators': 390, 'feature_selection_filter__k': 22}",46.85192394256592,"[1, 2, 3, 4, 5, 6, 7, 8, 9, 10, 11, 12, 14, 16, 17, 18, 19, 20, 21, 27, 28, 29]","['V1', 'V2', 'V3', 'V4', 'V5', 'V6', 'V7', 'V8', 'V9', 'V10', 'V11', 'V12', 'V14', 'V16', 'V17', 'V18', 'V19', 'V20', 'V21', 'V27', 'V28', 'Time_sin']"
CostSensitiveLearning_ClusterCentroids___RandomizedSearchCV__niter_30__cv_5,3,3,Exponential,resubstitution,285,17692,15,56,0.9960660460992907,0.95,0.8357771260997068,0.8892355694227769,0.9991528773931214,0.0008471226068785809,0.9174650017464141,0.9138211643433718,0.8891282590922956,0.8872413712996852,0.966770766966425,0.8643655720058085,22560,0.8870582027845174,0.0050357335986075304,0.8859049323743106,0.0200692674907723,"{'classifier__estimator__ccp_alpha': np.float64(0.0023151808613771354), 'classifier__estimator__max_depth': 14, 'classifier__estimator__max_features': 'sqrt', 'classifier__estimator__max_leaf_nodes': 9, 'classifier__estimator__min_impurity_decrease': np.float64(0.06235195851789425), 'classifier__estimator__min_samples_leaf': 6, 'classifier__estimator__min_samples_split': 7, 'classifier__max_features': np.float64(0.9101412609360635), 'classifier__max_samples': np.float64(0.5916107967348974), 'classifier__n_estimators': 268, 'feature_selection_filter__k': 'all'}",44.066972732543945,"[0, 1, 2, 3, 4, 5, 6, 7, 8, 9, 10, 11, 12, 13, 14, 15, 16, 17, 18, 19, 20, 21, 22, 23, 24, 25, 26, 27, 28, 29, 30]","['Amount_log1p', 'V1', 'V2', 'V3', 'V4', 'V5', 'V6', 'V7', 'V8', 'V9', 'V10', 'V11', 'V12', 'V13', 'V14', 'V15', 'V16', 'V17', 'V18', 'V19', 'V20', 'V21', 'V22', 'V23', 'V24', 'V25', 'V26', 'V27', 'V28', 'Time_sin', 'Time_cos']"
CostSensitiveLearning_ClusterCentroids___RandomizedSearchCV__niter_30__cv_5,3,4,Exponential,resubstitution,284,17674,33,57,0.9950132978723404,0.8958990536277602,0.8328445747800587,0.8632218844984803,0.998136330264867,0.0018636697351329667,0.9154904525224629,0.9117523937736448,0.8612802359659822,0.8606856790964192,0.9665679709484146,0.8573282529084854,22560,0.8804373689521426,0.012783304342834588,0.8810989663148245,0.020036557116879863,"{'classifier__estimator__ccp_alpha': np.float64(0.008138067916158587), 'classifier__estimator__max_depth': 8, 'classifier__estimator__max_features': 'log2', 'classifier__estimator__max_leaf_nodes': 12, 'classifier__estimator__min_impurity_decrease': np.float64(0.059310915607232645), 'classifier__estimator__min_samples_leaf': 5, 'classifier__estimator__min_samples_split': 9, 'classifier__max_features': np.float64(0.6950835380772562), 'classifier__max_samples': np.float64(0.8106342444177247), 'classifier__n_estimators': 169, 'feature_selection_filter__k': 'all'}",41.0631799697876,"[0, 1, 2, 3, 4, 5, 6, 7, 8, 9, 10, 11, 12, 13, 14, 15, 16, 17, 18, 19, 20, 21, 22, 23, 24, 25, 26, 27, 28, 29, 30]","['Amount_log1p', 'V1', 'V2', 'V3', 'V4', 'V5', 'V6', 'V7', 'V8', 'V9', 'V10', 'V11', 'V12', 'V13', 'V14', 'V15', 'V16', 'V17', 'V18', 'V19', 'V20', 'V21', 'V22', 'V23', 'V24', 'V25', 'V26', 'V27', 'V28', 'Time_sin', 'Time_cos']"
CostSensitiveLearning_ClusterCentroids___RandomizedSearchCV__niter_30__cv_5,3,5,Exponential,resubstitution,277,17694,14,63,0.9957335992907801,0.9518900343642611,0.8147058823529412,0.8779714738510301,0.9992093968827649,0.0007906031172351113,0.906957639617853,0.9022537189409213,0.8785614126889493,0.8758136432559027,0.962033610598068,0.8551357748928298,22560,0.8772666714534892,0.006887505898858165,0.8778860642419698,0.03858749018392866,"{'classifier__estimator__ccp_alpha': np.float64(0.009888382104598527), 'classifier__estimator__max_depth': 5, 'classifier__estimator__max_features': 'log2', 'classifier__estimator__max_leaf_nodes': 13, 'classifier__estimator__min_impurity_decrease': np.float64(0.08717801822865584), 'classifier__estimator__min_samples_leaf': 9, 'classifier__estimator__min_samples_split': 7, 'classifier__max_features': np.float64(0.5146251424240821), 'classifier__max_samples': np.float64(0.6054612649352475), 'classifier__n_estimators': 261, 'feature_selection_filter__k': 20}",51.181307315826416,"[1, 2, 3, 4, 5, 6, 7, 8, 9, 10, 11, 12, 14, 16, 17, 18, 19, 20, 21, 27]","['V1', 'V2', 'V3', 'V4', 'V5', 'V6', 'V7', 'V8', 'V9', 'V10', 'V11', 'V12', 'V14', 'V16', 'V17', 'V18', 'V19', 'V20', 'V21', 'V27']"
CostSensitiveLearning_ClusterCentroids___RandomizedSearchCV__niter_30__cv_5,3,6,Exponential,resubstitution,274,17693,15,66,0.9955119680851063,0.9480968858131488,0.8058823529411765,0.8712241653418124,0.9991529252315338,0.0008470747684662383,0.9025176390863552,0.8973292095622697,0.8719286591170581,0.8689556308217021,0.9563528116238589,0.8353771223875206,22560,0.8715831614951,0.006991987482754452,0.8741178918780786,0.015896239860965864,"{'classifier__estimator__ccp_alpha': np.float64(0.008555890244622383), 'classifier__estimator__max_depth': 13, 'classifier__estimator__max_features': 'sqrt', 'classifier__estimator__max_leaf_nodes': 17, 'classifier__estimator__min_impurity_decrease': np.float64(0.08767588593052647), 'classifier__estimator__min_samples_leaf': 9, 'classifier__estimator__min_samples_split': 4, 'classifier__max_features': np.float64(0.5873134425907629), 'classifier__max_samples': np.float64(0.902282514791682), 'classifier__n_estimators': 694, 'feature_selection_filter__k': 26}",47.75537061691284,"[0, 1, 2, 3, 4, 5, 6, 7, 8, 9, 10, 11, 12, 14, 16, 17, 18, 19, 20, 21, 22, 24, 25, 27, 28, 29]","['Amount_log1p', 'V1', 'V2', 'V3', 'V4', 'V5', 'V6', 'V7', 'V8', 'V9', 'V10', 'V11', 'V12', 'V14', 'V16', 'V17', 'V18', 'V19', 'V20', 'V21', 'V22', 'V24', 'V25', 'V27', 'V28', 'Time_sin']"
CostSensitiveLearning_ClusterCentroids___RandomizedSearchCV__niter_30__cv_5,3,7,Exponential,resubstitution,276,17696,12,64,0.9957890070921985,0.9583333333333334,0.8117647058823529,0.8789808917197452,0.999322340185227,0.0006776598147729684,0.90554352303379,0.9006745280966513,0.8799823386178756,0.8768530648831276,0.9643630662113502,0.84784241967598,22560,0.881422335551906,0.008897838765109568,0.8827107142857142,0.03817355446864983,"{'classifier__estimator__ccp_alpha': np.float64(0.008242107306946484), 'classifier__estimator__max_depth': 11, 'classifier__estimator__max_features': 'log2', 'classifier__estimator__max_leaf_nodes': 2, 'classifier__estimator__min_impurity_decrease': np.float64(0.055129477798152186), 'classifier__estimator__min_samples_leaf': 4, 'classifier__estimator__min_samples_split': 3, 'classifier__max_features': np.float64(0.5101386924122628), 'classifier__max_samples': np.float64(0.6381715954406788), 'classifier__n_estimators': 729, 'feature_selection_filter__k': 'all'}",48.50330424308777,"[0, 1, 2, 3, 4, 5, 6, 7, 8, 9, 10, 11, 12, 13, 14, 15, 16, 17, 18, 19, 20, 21, 22, 23, 24, 25, 26, 27, 28, 29, 30]","['Amount_log1p', 'V1', 'V2', 'V3', 'V4', 'V5', 'V6', 'V7', 'V8', 'V9', 'V10', 'V11', 'V12', 'V13', 'V14', 'V15', 'V16', 'V17', 'V18', 'V19', 'V20', 'V21', 'V22', 'V23', 'V24', 'V25', 'V26', 'V27', 'V28', 'Time_sin', 'Time_cos']"
CostSensitiveLearning_ClusterCentroids___RandomizedSearchCV__niter_30__cv_5,3,8,Exponential,resubstitution,283,17694,13,58,0.9960660460992907,0.956081081081081,0.8299120234604106,0.8885400313971743,0.9992658270740385,0.0007341729259614516,0.9145889252672246,0.9106605978748922,0.8888487693554503,0.8865478900553746,0.9648344748924618,0.8662673686380465,22561,0.8887753964162011,0.007224273858478565,0.8894755103818206,0.02839942860269347,"{'classifier__estimator__ccp_alpha': np.float64(0.002375561678152992), 'classifier__estimator__max_depth': 17, 'classifier__estimator__max_features': 'log2', 'classifier__estimator__max_leaf_nodes': 2, 'classifier__estimator__min_impurity_decrease': np.float64(0.04760722626450138), 'classifier__estimator__min_samples_leaf': 3, 'classifier__estimator__min_samples_split': 8, 'classifier__max_features': np.float64(0.5468576216581333), 'classifier__max_samples': np.float64(0.7288583480241967), 'classifier__n_estimators': 537, 'feature_selection_filter__k': 20}",44.72401809692383,"[1, 2, 3, 4, 5, 6, 7, 8, 9, 10, 11, 12, 14, 16, 17, 18, 19, 20, 21, 27]","['V1', 'V2', 'V3', 'V4', 'V5', 'V6', 'V7', 'V8', 'V9', 'V10', 'V11', 'V12', 'V14', 'V16', 'V17', 'V18', 'V19', 'V20', 'V21', 'V27']"
CostSensitiveLearning_ClusterCentroids___RandomizedSearchCV__niter_30__cv_5,3,9,Exponential,resubstitution,297,17689,18,44,0.9965647163120568,0.9428571428571428,0.8709677419354839,0.9054878048780488,0.9989834528717456,0.0010165471282543859,0.9349755974036147,0.9327820550260479,0.9044783755654975,0.9037411681272688,0.9930688312374433,0.9024099595719026,22561,0.8972201864530451,0.009564864381250903,0.8900770174205824,0.006417225422032197,"{'classifier__estimator__ccp_alpha': np.float64(0.0015167229781735626), 'classifier__estimator__max_depth': 19, 'classifier__estimator__max_features': 'log2', 'classifier__estimator__max_leaf_nodes': 10, 'classifier__estimator__min_impurity_decrease': np.float64(0.0052181825302833225), 'classifier__estimator__min_samples_leaf': 6, 'classifier__estimator__min_samples_split': 4, 'classifier__max_features': np.float64(0.8994769855373648), 'classifier__max_samples': np.float64(0.6102667855224494), 'classifier__n_estimators': 356, 'feature_selection_filter__k': 'all'}",42.23866033554077,"[0, 1, 2, 3, 4, 5, 6, 7, 8, 9, 10, 11, 12, 13, 14, 15, 16, 17, 18, 19, 20, 21, 22, 23, 24, 25, 26, 27, 28, 29, 30]","['Amount_log1p', 'V1', 'V2', 'V3', 'V4', 'V5', 'V6', 'V7', 'V8', 'V9', 'V10', 'V11', 'V12', 'V13', 'V14', 'V15', 'V16', 'V17', 'V18', 'V19', 'V20', 'V21', 'V22', 'V23', 'V24', 'V25', 'V26', 'V27', 'V28', 'Time_sin', 'Time_cos']"
CostSensitiveLearning_ClusterCentroids___RandomizedSearchCV__niter_30__cv_5,3,10,Exponential,resubstitution,289,17693,14,52,0.996343085106383,0.9537953795379538,0.8475073313782991,0.8975155279503105,0.99920935223358,0.0007906477664200162,0.9233583418059396,0.9202376060560231,0.8972810259644592,0.8956604550034135,0.9703559256433371,0.8670237461451851,22561,0.8952812769763977,0.004884685565318023,0.894640820091287,0.01006850855291154,"{'classifier__estimator__ccp_alpha': np.float64(0.008421436857884799), 'classifier__estimator__max_depth': 14, 'classifier__estimator__max_features': 'log2', 'classifier__estimator__max_leaf_nodes': 14, 'classifier__estimator__min_impurity_decrease': np.float64(0.0839480859041141), 'classifier__estimator__min_samples_leaf': 1, 'classifier__estimator__min_samples_split': 8, 'classifier__max_features': np.float64(0.6440092964318238), 'classifier__max_samples': np.float64(0.606169088826491), 'classifier__n_estimators': 381, 'feature_selection_filter__k': 22}",44.80377411842346,"[1, 2, 3, 4, 5, 6, 7, 8, 9, 10, 11, 12, 14, 16, 17, 18, 19, 20, 21, 27, 28, 29]","['V1', 'V2', 'V3', 'V4', 'V5', 'V6', 'V7', 'V8', 'V9', 'V10', 'V11', 'V12', 'V14', 'V16', 'V17', 'V18', 'V19', 'V20', 'V21', 'V27', 'V28', 'Time_sin']"
CostSensitiveLearning_ClusterCentroids___RandomizedSearchCV__niter_30__cv_5,4,1,Exponential,resubstitution,283,17686,21,58,0.9956227836879432,0.930921052631579,0.8299120234604106,0.8775193798449612,0.9988140283503699,0.0011859716496300798,0.9143630259053903,0.9104547058085314,0.8767951088516935,0.8752984178605714,0.9649158748457913,0.8526067242750469,22560,0.878188133844221,0.005879169355501035,0.878699008777749,0.021138413397950917,"{'classifier__estimator__ccp_alpha': np.float64(0.0006281116324033387), 'classifier__estimator__max_depth': 17, 'classifier__estimator__max_features': 'sqrt', 'classifier__estimator__max_leaf_nodes': 6, 'classifier__estimator__min_impurity_decrease': np.float64(0.06702505083654463), 'classifier__estimator__min_samples_leaf': 8, 'classifier__estimator__min_samples_split': 2, 'classifier__max_features': np.float64(0.7157480866672306), 'classifier__max_samples': np.float64(0.8635427436071379), 'classifier__n_estimators': 668, 'feature_selection_filter__k': 20}",45.42595314979553,"[1, 2, 3, 4, 5, 6, 7, 8, 9, 10, 11, 12, 14, 16, 17, 18, 19, 20, 21, 27]","['V1', 'V2', 'V3', 'V4', 'V5', 'V6', 'V7', 'V8', 'V9', 'V10', 'V11', 'V12', 'V14', 'V16', 'V17', 'V18', 'V19', 'V20', 'V21', 'V27']"
CostSensitiveLearning_ClusterCentroids___RandomizedSearchCV__niter_30__cv_5,4,2,Exponential,resubstitution,279,17686,21,62,0.9954011524822695,0.93,0.8181818181818182,0.8705148205928237,0.9988140283503699,0.0011859716496300798,0.9084979232660941,0.9039974987472099,0.8700299326577506,0.8681835748996318,0.9651105557107739,0.8470447124750541,22560,0.8711313883929105,0.009192981426395163,0.8722727983800409,0.0344324774820792,"{'classifier__estimator__ccp_alpha': np.float64(0.0063463859463078745), 'classifier__estimator__max_depth': 9, 'classifier__estimator__max_features': 'log2', 'classifier__estimator__max_leaf_nodes': 3, 'classifier__estimator__min_impurity_decrease': np.float64(0.09639812608772433), 'classifier__estimator__min_samples_leaf': 5, 'classifier__estimator__min_samples_split': 3, 'classifier__max_features': np.float64(0.9489833369824061), 'classifier__max_samples': np.float64(0.8965035007875074), 'classifier__n_estimators': 711, 'feature_selection_filter__k': 24}",46.13010358810425,"[0, 1, 2, 3, 4, 5, 6, 7, 8, 9, 10, 11, 12, 14, 16, 17, 18, 19, 20, 21, 24, 27, 28, 29]","['Amount_log1p', 'V1', 'V2', 'V3', 'V4', 'V5', 'V6', 'V7', 'V8', 'V9', 'V10', 'V11', 'V12', 'V14', 'V16', 'V17', 'V18', 'V19', 'V20', 'V21', 'V24', 'V27', 'V28', 'Time_sin']"
CostSensitiveLearning_ClusterCentroids___RandomizedSearchCV__niter_30__cv_5,4,3,Exponential,resubstitution,277,17686,21,64,0.9952903368794326,0.9295302013422819,0.8123167155425219,0.86697965571205,0.9988140283503699,0.0011859716496300798,0.9055653719464459,0.9007515367443831,0.8666290343953349,0.8645934360721929,0.9566173856057392,0.8445800512288473,22560,0.8666616347512248,0.00814526032139035,0.8665266200662813,0.026162409590122497,"{'classifier__estimator__ccp_alpha': np.float64(0.007328103108605363), 'classifier__estimator__max_depth': 18, 'classifier__estimator__max_features': 'log2', 'classifier__estimator__max_leaf_nodes': 9, 'classifier__estimator__min_impurity_decrease': np.float64(0.08737542974526112), 'classifier__estimator__min_samples_leaf': 1, 'classifier__estimator__min_samples_split': 3, 'classifier__max_features': np.float64(0.9609263871476963), 'classifier__max_samples': np.float64(0.8664463488023496), 'classifier__n_estimators': 265, 'feature_selection_filter__k': 26}",47.77305841445923,"[0, 1, 2, 3, 4, 5, 6, 7, 8, 9, 10, 11, 12, 14, 16, 17, 18, 19, 20, 21, 23, 24, 26, 27, 28, 29]","['Amount_log1p', 'V1', 'V2', 'V3', 'V4', 'V5', 'V6', 'V7', 'V8', 'V9', 'V10', 'V11', 'V12', 'V14', 'V16', 'V17', 'V18', 'V19', 'V20', 'V21', 'V23', 'V24', 'V26', 'V27', 'V28', 'Time_sin']"
CostSensitiveLearning_ClusterCentroids___RandomizedSearchCV__niter_30__cv_5,4,4,Exponential,resubstitution,289,17690,17,52,0.9961768617021277,0.9444444444444444,0.8475073313782991,0.893353941267388,0.9990399277122042,0.0009600722877958212,0.9232736295452517,0.9201595856566072,0.8927685656274458,0.8914132826617641,0.985296087982833,0.894611306214057,22560,0.8935986456452362,0.015371355973981527,0.8918303899664757,0.026819667112355,"{'classifier__estimator__ccp_alpha': np.float64(0.007782134040400065), 'classifier__estimator__max_depth': 18, 'classifier__estimator__max_features': 'log2', 'classifier__estimator__max_leaf_nodes': 9, 'classifier__estimator__min_impurity_decrease': np.float64(0.008946641752307761), 'classifier__estimator__min_samples_leaf': 8, 'classifier__estimator__min_samples_split': 5, 'classifier__max_features': np.float64(0.6268965612122719), 'classifier__max_samples': np.float64(0.6096978354320837), 'classifier__n_estimators': 648, 'feature_selection_filter__k': 28}",47.38302183151245,"[0, 1, 2, 3, 4, 5, 6, 7, 8, 9, 10, 11, 12, 14, 15, 16, 17, 18, 19, 20, 21, 22, 23, 24, 27, 28, 29, 30]","['Amount_log1p', 'V1', 'V2', 'V3', 'V4', 'V5', 'V6', 'V7', 'V8', 'V9', 'V10', 'V11', 'V12', 'V14', 'V15', 'V16', 'V17', 'V18', 'V19', 'V20', 'V21', 'V22', 'V23', 'V24', 'V27', 'V28', 'Time_sin', 'Time_cos']"
CostSensitiveLearning_ClusterCentroids___RandomizedSearchCV__niter_30__cv_5,4,5,Exponential,resubstitution,288,17682,26,52,0.9956781914893617,0.9171974522292994,0.8470588235294118,0.8807339449541285,0.9985317370679919,0.0014682629320080798,0.9227952802987018,0.919682074663627,0.8792576697156956,0.8785367086021312,0.9731513008410955,0.8616568534553922,22560,0.8852116724530518,0.006096127460005791,0.884447606656909,0.021632387626483344,"{'classifier__estimator__ccp_alpha': np.float64(0.006930019015703517), 'classifier__estimator__max_depth': 11, 'classifier__estimator__max_features': 'log2', 'classifier__estimator__max_leaf_nodes': 11, 'classifier__estimator__min_impurity_decrease': np.float64(0.05327383915801512), 'classifier__estimator__min_samples_leaf': 6, 'classifier__estimator__min_samples_split': 9, 'classifier__max_features': np.float64(0.7117543655087307), 'classifier__max_samples': np.float64(0.9921169131974995), 'classifier__n_estimators': 404, 'feature_selection_filter__k': 20}",47.51152420043945,"[1, 2, 3, 4, 5, 6, 7, 8, 9, 10, 11, 12, 14, 16, 17, 18, 19, 20, 21, 27]","['V1', 'V2', 'V3', 'V4', 'V5', 'V6', 'V7', 'V8', 'V9', 'V10', 'V11', 'V12', 'V14', 'V16', 'V17', 'V18', 'V19', 'V20', 'V21', 'V27']"
CostSensitiveLearning_ClusterCentroids___RandomizedSearchCV__niter_30__cv_5,4,6,Exponential,resubstitution,287,17688,20,53,0.9959552304964538,0.9348534201954397,0.8441176470588235,0.8871715610510046,0.9988705669753783,0.001129433024621651,0.921494107017101,0.9182397686397433,0.8863137404928462,0.8851177193194176,0.9669868387834014,0.8726299742151447,22560,0.8916407960489847,0.004872420138816637,0.8926435142465676,0.014572855849264606,"{'classifier__estimator__ccp_alpha': np.float64(0.004005545036798892), 'classifier__estimator__max_depth': 17, 'classifier__estimator__max_features': 'log2', 'classifier__estimator__max_leaf_nodes': 12, 'classifier__estimator__min_impurity_decrease': np.float64(0.07550918354725922), 'classifier__estimator__min_samples_leaf': 2, 'classifier__estimator__min_samples_split': 5, 'classifier__max_features': np.float64(0.640508845326982), 'classifier__max_samples': np.float64(0.8527986223287146), 'classifier__n_estimators': 841, 'feature_selection_filter__k': 20}",46.58392071723938,"[1, 2, 3, 4, 5, 6, 7, 8, 9, 10, 11, 12, 14, 16, 17, 18, 19, 20, 21, 27]","['V1', 'V2', 'V3', 'V4', 'V5', 'V6', 'V7', 'V8', 'V9', 'V10', 'V11', 'V12', 'V14', 'V16', 'V17', 'V18', 'V19', 'V20', 'V21', 'V27']"
CostSensitiveLearning_ClusterCentroids___RandomizedSearchCV__niter_30__cv_5,4,7,Exponential,resubstitution,286,17686,22,54,0.9957890070921985,0.9285714285714286,0.8411764705882353,0.8827160493827161,0.9987576236729162,0.001242376327083794,0.9199670471305758,0.9165868277769852,0.8816927293253938,0.8805773876024929,0.9702161867683599,0.8766073045254233,22560,0.8926747682576822,0.00748183841696123,0.8914288956148555,0.03140318885057907,"{'classifier__estimator__ccp_alpha': np.float64(0.004445749047809365), 'classifier__estimator__max_depth': 6, 'classifier__estimator__max_features': 'log2', 'classifier__estimator__max_leaf_nodes': 3, 'classifier__estimator__min_impurity_decrease': np.float64(0.0014873201001824766), 'classifier__estimator__min_samples_leaf': 4, 'classifier__estimator__min_samples_split': 7, 'classifier__max_features': np.float64(0.5348560676575735), 'classifier__max_samples': np.float64(0.758721528338177), 'classifier__n_estimators': 694, 'feature_selection_filter__k': 28}",44.55568075180054,"[0, 1, 2, 3, 4, 5, 6, 7, 8, 9, 10, 11, 12, 14, 15, 16, 17, 18, 19, 20, 21, 23, 24, 25, 27, 28, 29, 30]","['Amount_log1p', 'V1', 'V2', 'V3', 'V4', 'V5', 'V6', 'V7', 'V8', 'V9', 'V10', 'V11', 'V12', 'V14', 'V15', 'V16', 'V17', 'V18', 'V19', 'V20', 'V21', 'V23', 'V24', 'V25', 'V27', 'V28', 'Time_sin', 'Time_cos']"
CostSensitiveLearning_ClusterCentroids___RandomizedSearchCV__niter_30__cv_5,4,8,Exponential,resubstitution,277,17689,18,64,0.9954565602836879,0.9389830508474576,0.8123167155425219,0.8710691823899371,0.9989834528717456,0.0010165471282543859,0.9056500842071338,0.9008279288066641,0.8711327971694925,0.8687690304218957,0.961467680078144,0.8576967380131575,22561,0.8815635703026345,0.0054346856475816895,0.8798731456262985,0.009694951851750924,"{'classifier__estimator__ccp_alpha': np.float64(0.007499699268879412), 'classifier__estimator__max_depth': 6, 'classifier__estimator__max_features': 'log2', 'classifier__estimator__max_leaf_nodes': 2, 'classifier__estimator__min_impurity_decrease': np.float64(0.059917706306668816), 'classifier__estimator__min_samples_leaf': 3, 'classifier__estimator__min_samples_split': 3, 'classifier__max_features': np.float64(0.5991508196846427), 'classifier__max_samples': np.float64(0.5021231614857518), 'classifier__n_estimators': 435, 'feature_selection_filter__k': 20}",48.18099355697632,"[1, 2, 3, 4, 5, 6, 7, 8, 9, 10, 11, 12, 14, 16, 17, 18, 19, 20, 21, 27]","['V1', 'V2', 'V3', 'V4', 'V5', 'V6', 'V7', 'V8', 'V9', 'V10', 'V11', 'V12', 'V14', 'V16', 'V17', 'V18', 'V19', 'V20', 'V21', 'V27']"
CostSensitiveLearning_ClusterCentroids___RandomizedSearchCV__niter_30__cv_5,4,9,Exponential,resubstitution,284,17690,17,57,0.9958998226950354,0.9435215946843853,0.8328445747800587,0.8847352024922118,0.9990399277122042,0.0009600722877958212,0.9159422512461315,0.9121649981137027,0.8844371866046004,0.8826562394840625,0.9640716505078513,0.8485746380843547,22561,0.8796586386322118,0.00736328017734877,0.8793818992312461,0.01935416409739042,"{'classifier__estimator__ccp_alpha': np.float64(0.0011764728576804085), 'classifier__estimator__max_depth': 6, 'classifier__estimator__max_features': 'sqrt', 'classifier__estimator__max_leaf_nodes': 8, 'classifier__estimator__min_impurity_decrease': np.float64(0.06607474767285226), 'classifier__estimator__min_samples_leaf': 3, 'classifier__estimator__min_samples_split': 3, 'classifier__max_features': np.float64(0.5067074315268931), 'classifier__max_samples': np.float64(0.876456317106519), 'classifier__n_estimators': 531, 'feature_selection_filter__k': 26}",43.7324275970459,"[0, 1, 2, 3, 4, 5, 6, 7, 8, 9, 10, 11, 12, 14, 16, 17, 18, 19, 20, 21, 23, 24, 25, 27, 28, 29]","['Amount_log1p', 'V1', 'V2', 'V3', 'V4', 'V5', 'V6', 'V7', 'V8', 'V9', 'V10', 'V11', 'V12', 'V14', 'V16', 'V17', 'V18', 'V19', 'V20', 'V21', 'V23', 'V24', 'V25', 'V27', 'V28', 'Time_sin']"
CostSensitiveLearning_ClusterCentroids___RandomizedSearchCV__niter_30__cv_5,4,10,Exponential,resubstitution,279,17686,21,62,0.9954011524822695,0.93,0.8181818181818182,0.8705148205928237,0.9988140283503699,0.0011859716496300798,0.9084979232660941,0.9039974987472099,0.8700299326577506,0.8681835748996318,0.9624448107488348,0.8389030727144042,22561,0.8713304183344739,0.007764578942145516,0.8684502164667061,0.024887238973813813,"{'classifier__estimator__ccp_alpha': np.float64(0.001318375881826077), 'classifier__estimator__max_depth': 18, 'classifier__estimator__max_features': 'sqrt', 'classifier__estimator__max_leaf_nodes': 4, 'classifier__estimator__min_impurity_decrease': np.float64(0.09115822512538438), 'classifier__estimator__min_samples_leaf': 5, 'classifier__estimator__min_samples_split': 2, 'classifier__max_features': np.float64(0.8517153582263599), 'classifier__max_samples': np.float64(0.7281958943023569), 'classifier__n_estimators': 923, 'feature_selection_filter__k': 26}",49.62824606895447,"[0, 1, 2, 3, 4, 5, 6, 7, 8, 9, 10, 11, 12, 14, 16, 17, 18, 19, 20, 21, 23, 24, 25, 27, 28, 29]","['Amount_log1p', 'V1', 'V2', 'V3', 'V4', 'V5', 'V6', 'V7', 'V8', 'V9', 'V10', 'V11', 'V12', 'V14', 'V16', 'V17', 'V18', 'V19', 'V20', 'V21', 'V23', 'V24', 'V25', 'V27', 'V28', 'Time_sin']"
CostSensitiveLearning_ClusterCentroids___RandomizedSearchCV__niter_30__cv_5,5,1,Exponential,resubstitution,294,17690,17,47,0.9964539007092199,0.9453376205787781,0.8621700879765396,0.901840490797546,0.9990399277122042,0.0009600722877958212,0.930605007844372,0.9280853098544911,0.9010283950016565,0.9000387185191352,0.969651646291284,0.8766822168617888,22560,0.901356377364055,0.006734147192367472,0.9060661332941867,0.02574047379206777,"{'classifier__estimator__ccp_alpha': np.float64(0.002549340675744569), 'classifier__estimator__max_depth': 14, 'classifier__estimator__max_features': 'sqrt', 'classifier__estimator__max_leaf_nodes': 5, 'classifier__estimator__min_impurity_decrease': np.float64(0.0485666233167979), 'classifier__estimator__min_samples_leaf': 6, 'classifier__estimator__min_samples_split': 9, 'classifier__max_features': np.float64(0.9145091709282023), 'classifier__max_samples': np.float64(0.629443986243779), 'classifier__n_estimators': 381, 'feature_selection_filter__k': 26}",47.53202033042908,"[0, 1, 2, 3, 4, 5, 6, 7, 8, 9, 10, 11, 12, 14, 16, 17, 18, 19, 20, 21, 22, 24, 26, 27, 28, 29]","['Amount_log1p', 'V1', 'V2', 'V3', 'V4', 'V5', 'V6', 'V7', 'V8', 'V9', 'V10', 'V11', 'V12', 'V14', 'V16', 'V17', 'V18', 'V19', 'V20', 'V21', 'V22', 'V24', 'V26', 'V27', 'V28', 'Time_sin']"
CostSensitiveLearning_ClusterCentroids___RandomizedSearchCV__niter_30__cv_5,5,2,Exponential,resubstitution,281,17688,19,60,0.9956227836879432,0.9366666666666666,0.8240469208211144,0.8767550702028081,0.998926978031287,0.0010730219687129505,0.9114869494262008,0.9072831423386104,0.8763960414692656,0.8745361736996496,0.9616246006392422,0.851358986513563,22560,0.8644943586979629,0.01696622636478107,0.8659396414511882,0.027149285744969533,"{'classifier__estimator__ccp_alpha': np.float64(0.002116283665647114), 'classifier__estimator__max_depth': 19, 'classifier__estimator__max_features': 'log2', 'classifier__estimator__max_leaf_nodes': 13, 'classifier__estimator__min_impurity_decrease': np.float64(0.06494484421615368), 'classifier__estimator__min_samples_leaf': 3, 'classifier__estimator__min_samples_split': 6, 'classifier__max_features': np.float64(0.5621266841131278), 'classifier__max_samples': np.float64(0.9159857595307277), 'classifier__n_estimators': 294, 'feature_selection_filter__k': 20}",47.74946188926697,"[1, 2, 3, 4, 5, 6, 7, 8, 9, 10, 11, 12, 14, 16, 17, 18, 19, 20, 21, 27]","['V1', 'V2', 'V3', 'V4', 'V5', 'V6', 'V7', 'V8', 'V9', 'V10', 'V11', 'V12', 'V14', 'V16', 'V17', 'V18', 'V19', 'V20', 'V21', 'V27']"
CostSensitiveLearning_ClusterCentroids___RandomizedSearchCV__niter_30__cv_5,5,3,Exponential,resubstitution,291,17685,22,50,0.9960106382978723,0.9297124600638977,0.8533724340175953,0.8899082568807339,0.9987575535099114,0.0012424464900886445,0.9260649937637533,0.9232075413644604,0.8887257567114073,0.8878805611010804,0.9861648233952245,0.9003218367180508,22560,0.8933402858961822,0.007819067627789795,0.8935404244846212,0.02204845441263556,"{'classifier__estimator__ccp_alpha': np.float64(0.005737761766539807), 'classifier__estimator__max_depth': 3, 'classifier__estimator__max_features': 'sqrt', 'classifier__estimator__max_leaf_nodes': 8, 'classifier__estimator__min_impurity_decrease': np.float64(0.0012731049947232954), 'classifier__estimator__min_samples_leaf': 4, 'classifier__estimator__min_samples_split': 2, 'classifier__max_features': np.float64(0.6136598600129959), 'classifier__max_samples': np.float64(0.5013661016760639), 'classifier__n_estimators': 423, 'feature_selection_filter__k': 26}",46.77836203575134,"[0, 1, 2, 3, 4, 5, 6, 7, 8, 9, 10, 11, 12, 14, 16, 17, 18, 19, 20, 21, 22, 24, 27, 28, 29, 30]","['Amount_log1p', 'V1', 'V2', 'V3', 'V4', 'V5', 'V6', 'V7', 'V8', 'V9', 'V10', 'V11', 'V12', 'V14', 'V16', 'V17', 'V18', 'V19', 'V20', 'V21', 'V22', 'V24', 'V27', 'V28', 'Time_sin', 'Time_cos']"
CostSensitiveLearning_ClusterCentroids___RandomizedSearchCV__niter_30__cv_5,5,4,Exponential,resubstitution,299,17689,18,42,0.9966755319148937,0.943217665615142,0.8768328445747801,0.9088145896656535,0.9989834528717456,0.0010165471282543859,0.9379081487232628,0.9359174657333137,0.9077504221192847,0.9071237860642796,0.998101882268341,0.9327624750358329,22560,0.9155267059984041,0.006802608644688803,0.893597987278777,0.020059177824757454,"{'classifier__estimator__ccp_alpha': np.float64(0.0018296085048042977), 'classifier__estimator__max_depth': 6, 'classifier__estimator__max_features': 'sqrt', 'classifier__estimator__max_leaf_nodes': 18, 'classifier__estimator__min_impurity_decrease': np.float64(8.371144428263034e-05), 'classifier__estimator__min_samples_leaf': 1, 'classifier__estimator__min_samples_split': 6, 'classifier__max_features': np.float64(0.7628683463197949), 'classifier__max_samples': np.float64(0.9231391572247168), 'classifier__n_estimators': 889, 'feature_selection_filter__k': 28}",56.47296595573425,"[0, 1, 2, 3, 4, 5, 6, 7, 8, 9, 10, 11, 12, 13, 14, 15, 16, 17, 18, 19, 20, 21, 23, 24, 27, 28, 29, 30]","['Amount_log1p', 'V1', 'V2', 'V3', 'V4', 'V5', 'V6', 'V7', 'V8', 'V9', 'V10', 'V11', 'V12', 'V13', 'V14', 'V15', 'V16', 'V17', 'V18', 'V19', 'V20', 'V21', 'V23', 'V24', 'V27', 'V28', 'Time_sin', 'Time_cos']"
CostSensitiveLearning_ClusterCentroids___RandomizedSearchCV__niter_30__cv_5,5,5,Exponential,resubstitution,279,17688,20,61,0.9955119680851063,0.9331103678929766,0.8205882352941176,0.8732394366197183,0.9988705669753783,0.001129433024621651,0.909729401134748,0.90535155373013,0.8728282634712848,0.8709645529594279,0.9586794436545796,0.8494356466302466,22560,0.8762969873366879,0.006864989490421852,0.8735392996627018,0.02537784624349778,"{'classifier__estimator__ccp_alpha': np.float64(0.00048171370418406136), 'classifier__estimator__max_depth': 12, 'classifier__estimator__max_features': 'sqrt', 'classifier__estimator__max_leaf_nodes': 9, 'classifier__estimator__min_impurity_decrease': np.float64(0.0903206038061964), 'classifier__estimator__min_samples_leaf': 3, 'classifier__estimator__min_samples_split': 2, 'classifier__max_features': np.float64(0.5271228841770588), 'classifier__max_samples': np.float64(0.5221623147787167), 'classifier__n_estimators': 343, 'feature_selection_filter__k': 26}",45.02706003189087,"[0, 1, 2, 3, 4, 5, 6, 7, 8, 9, 10, 11, 12, 14, 16, 17, 18, 19, 20, 21, 23, 26, 27, 28, 29, 30]","['Amount_log1p', 'V1', 'V2', 'V3', 'V4', 'V5', 'V6', 'V7', 'V8', 'V9', 'V10', 'V11', 'V12', 'V14', 'V16', 'V17', 'V18', 'V19', 'V20', 'V21', 'V23', 'V26', 'V27', 'V28', 'Time_sin', 'Time_cos']"
CostSensitiveLearning_ClusterCentroids___RandomizedSearchCV__niter_30__cv_5,5,6,Exponential,resubstitution,282,17692,16,58,0.9958998226950354,0.9463087248322147,0.8294117647058824,0.8840125391849529,0.9990964535803026,0.0009035464196973653,0.9142541091430925,0.9103089325473125,0.8839215561562497,0.8819347693561094,0.9604605429250985,0.8600402652856436,22560,0.8825876737988496,0.005809767786413981,0.8837704918032786,0.02779123786176151,"{'classifier__estimator__ccp_alpha': np.float64(0.0010569714348810922), 'classifier__estimator__max_depth': 16, 'classifier__estimator__max_features': 'log2', 'classifier__estimator__max_leaf_nodes': 17, 'classifier__estimator__min_impurity_decrease': np.float64(0.08014967505591991), 'classifier__estimator__min_samples_leaf': 9, 'classifier__estimator__min_samples_split': 9, 'classifier__max_features': np.float64(0.547482618184268), 'classifier__max_samples': np.float64(0.9138896822483287), 'classifier__n_estimators': 808, 'feature_selection_filter__k': 20}",42.37335753440857,"[1, 2, 3, 4, 5, 6, 7, 8, 9, 10, 11, 12, 14, 16, 17, 18, 19, 20, 21, 27]","['V1', 'V2', 'V3', 'V4', 'V5', 'V6', 'V7', 'V8', 'V9', 'V10', 'V11', 'V12', 'V14', 'V16', 'V17', 'V18', 'V19', 'V20', 'V21', 'V27']"
CostSensitiveLearning_ClusterCentroids___RandomizedSearchCV__niter_30__cv_5,5,7,Exponential,resubstitution,287,17686,22,53,0.995844414893617,0.9288025889967637,0.8441176470588235,0.884437596302003,0.9987576236729162,0.001242376327083794,0.9214376353658699,0.9181878540238071,0.8833721858206648,0.8823266770013332,0.996525166425278,0.910975833330742,22560,0.89303424342038,0.005726311441732885,0.8776796561319816,0.020590427831942638,"{'classifier__estimator__ccp_alpha': np.float64(0.002295501306817808), 'classifier__estimator__max_depth': 14, 'classifier__estimator__max_features': 'log2', 'classifier__estimator__max_leaf_nodes': 16, 'classifier__estimator__min_impurity_decrease': np.float64(0.0034022789944452405), 'classifier__estimator__min_samples_leaf': 7, 'classifier__estimator__min_samples_split': 6, 'classifier__max_features': np.float64(0.5090102754314274), 'classifier__max_samples': np.float64(0.5456024240986825), 'classifier__n_estimators': 525, 'feature_selection_filter__k': 26}",46.67147135734558,"[1, 2, 3, 4, 5, 6, 7, 8, 9, 10, 11, 12, 13, 14, 16, 17, 18, 19, 20, 21, 22, 23, 24, 27, 28, 29]","['V1', 'V2', 'V3', 'V4', 'V5', 'V6', 'V7', 'V8', 'V9', 'V10', 'V11', 'V12', 'V13', 'V14', 'V16', 'V17', 'V18', 'V19', 'V20', 'V21', 'V22', 'V23', 'V24', 'V27', 'V28', 'Time_sin']"
CostSensitiveLearning_ClusterCentroids___RandomizedSearchCV__niter_30__cv_5,5,8,Exponential,resubstitution,282,17689,18,59,0.9957335992907801,0.94,0.8269794721407625,0.8798751950078003,0.9989834528717456,0.0010165471282543859,0.912981462506254,0.9089217835068277,0.8795790958750231,0.8777124730996585,0.9645300738462363,0.8587298824170659,22561,0.8845566487564283,0.005964554853649594,0.8840351844131371,0.026351891170609907,"{'classifier__estimator__ccp_alpha': np.float64(0.0012145741071421922), 'classifier__estimator__max_depth': 9, 'classifier__estimator__max_features': 'sqrt', 'classifier__estimator__max_leaf_nodes': 16, 'classifier__estimator__min_impurity_decrease': np.float64(0.06664288643622762), 'classifier__estimator__min_samples_leaf': 8, 'classifier__estimator__min_samples_split': 7, 'classifier__max_features': np.float64(0.7999557116629905), 'classifier__max_samples': np.float64(0.5507930377449765), 'classifier__n_estimators': 281, 'feature_selection_filter__k': 'all'}",49.91989326477051,"[0, 1, 2, 3, 4, 5, 6, 7, 8, 9, 10, 11, 12, 13, 14, 15, 16, 17, 18, 19, 20, 21, 22, 23, 24, 25, 26, 27, 28, 29, 30]","['Amount_log1p', 'V1', 'V2', 'V3', 'V4', 'V5', 'V6', 'V7', 'V8', 'V9', 'V10', 'V11', 'V12', 'V13', 'V14', 'V15', 'V16', 'V17', 'V18', 'V19', 'V20', 'V21', 'V22', 'V23', 'V24', 'V25', 'V26', 'V27', 'V28', 'Time_sin', 'Time_cos']"
CostSensitiveLearning_ClusterCentroids___RandomizedSearchCV__niter_30__cv_5,5,9,Exponential,resubstitution,286,17689,18,55,0.9959552304964538,0.9407894736842105,0.8387096774193549,0.8868217054263566,0.9989834528717456,0.0010165471282543859,0.9188465651455502,0.9153453389324354,0.8862823097609139,0.8847694240990089,0.9641240677717959,0.8553526018854715,22561,0.8848716289179291,0.007855276617000225,0.8866568545157232,0.019205907930724433,"{'classifier__estimator__ccp_alpha': np.float64(0.006581509106436665), 'classifier__estimator__max_depth': 11, 'classifier__estimator__max_features': 'log2', 'classifier__estimator__max_leaf_nodes': 10, 'classifier__estimator__min_impurity_decrease': np.float64(0.04792188752941269), 'classifier__estimator__min_samples_leaf': 8, 'classifier__estimator__min_samples_split': 4, 'classifier__max_features': np.float64(0.6621110216609051), 'classifier__max_samples': np.float64(0.5654151444304507), 'classifier__n_estimators': 622, 'feature_selection_filter__k': 20}",45.76695680618286,"[1, 2, 3, 4, 5, 6, 7, 8, 9, 10, 11, 12, 14, 16, 17, 18, 19, 20, 21, 27]","['V1', 'V2', 'V3', 'V4', 'V5', 'V6', 'V7', 'V8', 'V9', 'V10', 'V11', 'V12', 'V14', 'V16', 'V17', 'V18', 'V19', 'V20', 'V21', 'V27']"
CostSensitiveLearning_ClusterCentroids___RandomizedSearchCV__niter_30__cv_5,5,10,Exponential,resubstitution,285,17690,17,56,0.9959552304964538,0.9437086092715232,0.8357771260997068,0.8864696734059098,0.9990399277122042,0.0009600722877958212,0.9174085269059555,0.9137695112237905,0.8861092811670824,0.8844183210660678,0.9665962911763278,0.8603122027703408,22561,0.8914676557312464,0.00836718707375283,0.8895457476327359,0.04730744909130107,"{'classifier__estimator__ccp_alpha': np.float64(0.009010585479632894), 'classifier__estimator__max_depth': 15, 'classifier__estimator__max_features': 'log2', 'classifier__estimator__max_leaf_nodes': 5, 'classifier__estimator__min_impurity_decrease': np.float64(0.06661145444573545), 'classifier__estimator__min_samples_leaf': 9, 'classifier__estimator__min_samples_split': 6, 'classifier__max_features': np.float64(0.7150914410722389), 'classifier__max_samples': np.float64(0.8339611348839933), 'classifier__n_estimators': 547, 'feature_selection_filter__k': 22}",48.714956283569336,"[1, 2, 3, 4, 5, 6, 7, 8, 9, 10, 11, 12, 14, 16, 17, 18, 19, 20, 21, 27, 28, 29]","['V1', 'V2', 'V3', 'V4', 'V5', 'V6', 'V7', 'V8', 'V9', 'V10', 'V11', 'V12', 'V14', 'V16', 'V17', 'V18', 'V19', 'V20', 'V21', 'V27', 'V28', 'Time_sin']"
CostSensitiveLearning_ClusterCentroids___RandomizedSearchCV__niter_30__cv_5,6,1,Exponential,resubstitution,284,17692,15,57,0.9960106382978723,0.9498327759197325,0.8328445747800587,0.8875,0.9991528773931214,0.0008471226068785809,0.91599872608659,0.9122165605341455,0.8874607216993481,0.8854782166816695,0.9712010608658007,0.8540823636963772,22560,0.8864709347583781,0.004179505951613247,0.8874246775999379,0.011168387674721583,"{'classifier__estimator__ccp_alpha': np.float64(0.006144976023904383), 'classifier__estimator__max_depth': 16, 'classifier__estimator__max_features': 'sqrt', 'classifier__estimator__max_leaf_nodes': 3, 'classifier__estimator__min_impurity_decrease': np.float64(0.046712673575978705), 'classifier__estimator__min_samples_leaf': 3, 'classifier__estimator__min_samples_split': 3, 'classifier__max_features': np.float64(0.684388991164009), 'classifier__max_samples': np.float64(0.6890514557598792), 'classifier__n_estimators': 420, 'feature_selection_filter__k': 20}",46.75627946853638,"[1, 2, 3, 4, 5, 6, 7, 8, 9, 10, 11, 12, 14, 16, 17, 18, 19, 20, 21, 27]","['V1', 'V2', 'V3', 'V4', 'V5', 'V6', 'V7', 'V8', 'V9', 'V10', 'V11', 'V12', 'V14', 'V16', 'V17', 'V18', 'V19', 'V20', 'V21', 'V27']"
CostSensitiveLearning_ClusterCentroids___RandomizedSearchCV__niter_30__cv_5,6,2,Exponential,resubstitution,279,17684,23,62,0.9952903368794326,0.9238410596026491,0.8181818181818182,0.8678071539657853,0.9987010786694528,0.0012989213305472092,0.9084414484256356,0.9039463835681384,0.8670732266684751,0.8654185930221338,0.9628255604796685,0.850480691373579,22560,0.8682573839735543,0.005700358898557924,0.8728920034024343,0.03933818767956356,"{'classifier__estimator__ccp_alpha': np.float64(0.00030385909819087174), 'classifier__estimator__max_depth': 5, 'classifier__estimator__max_features': 'log2', 'classifier__estimator__max_leaf_nodes': 14, 'classifier__estimator__min_impurity_decrease': np.float64(0.09034687690220727), 'classifier__estimator__min_samples_leaf': 4, 'classifier__estimator__min_samples_split': 6, 'classifier__max_features': np.float64(0.6092637114377386), 'classifier__max_samples': np.float64(0.9137352050149906), 'classifier__n_estimators': 362, 'feature_selection_filter__k': 28}",51.85991382598877,"[0, 1, 2, 3, 4, 5, 6, 7, 8, 9, 10, 11, 12, 13, 14, 16, 17, 18, 19, 20, 21, 22, 23, 24, 27, 28, 29, 30]","['Amount_log1p', 'V1', 'V2', 'V3', 'V4', 'V5', 'V6', 'V7', 'V8', 'V9', 'V10', 'V11', 'V12', 'V13', 'V14', 'V16', 'V17', 'V18', 'V19', 'V20', 'V21', 'V22', 'V23', 'V24', 'V27', 'V28', 'Time_sin', 'Time_cos']"
CostSensitiveLearning_ClusterCentroids___RandomizedSearchCV__niter_30__cv_5,6,3,Exponential,resubstitution,280,17694,13,61,0.9958998226950354,0.9556313993174061,0.8211143695014663,0.8832807570977917,0.9992658270740385,0.0007341729259614516,0.9101900982877524,0.9058209147299815,0.8838339970949479,0.8812061900950723,0.9651113009799297,0.8603363693994528,22560,0.8834684694277295,0.004420072348856061,0.8846254713663274,0.018802419269791412,"{'classifier__estimator__ccp_alpha': np.float64(0.007463579226999631), 'classifier__estimator__max_depth': 14, 'classifier__estimator__max_features': 'log2', 'classifier__estimator__max_leaf_nodes': 2, 'classifier__estimator__min_impurity_decrease': np.float64(0.07268784999228527), 'classifier__estimator__min_samples_leaf': 8, 'classifier__estimator__min_samples_split': 6, 'classifier__max_features': np.float64(0.5606274654512591), 'classifier__max_samples': np.float64(0.7109470545580736), 'classifier__n_estimators': 787, 'feature_selection_filter__k': 24}",53.062135219573975,"[1, 2, 3, 4, 5, 6, 7, 8, 9, 10, 11, 12, 14, 16, 17, 18, 19, 20, 21, 22, 23, 27, 28, 29]","['V1', 'V2', 'V3', 'V4', 'V5', 'V6', 'V7', 'V8', 'V9', 'V10', 'V11', 'V12', 'V14', 'V16', 'V17', 'V18', 'V19', 'V20', 'V21', 'V22', 'V23', 'V27', 'V28', 'Time_sin']"
CostSensitiveLearning_ClusterCentroids___RandomizedSearchCV__niter_30__cv_5,6,4,Exponential,resubstitution,299,17683,24,42,0.996343085106383,0.9256965944272446,0.8768328445747801,0.9006024096385542,0.9986446038289942,0.0013553961710057738,0.9377387242018871,0.9357587235471713,0.8990839885230345,0.8987410811635159,0.9970051773020163,0.9313228000538311,22560,0.9053617214026856,0.013010799630228791,0.9004183567963097,0.01334061401423782,"{'classifier__estimator__ccp_alpha': np.float64(0.0033667603853149222), 'classifier__estimator__max_depth': 18, 'classifier__estimator__max_features': 'sqrt', 'classifier__estimator__max_leaf_nodes': 12, 'classifier__estimator__min_impurity_decrease': np.float64(0.000969107481901621), 'classifier__estimator__min_samples_leaf': 5, 'classifier__estimator__min_samples_split': 4, 'classifier__max_features': np.float64(0.9895379863027076), 'classifier__max_samples': np.float64(0.6007084273729503), 'classifier__n_estimators': 168, 'feature_selection_filter__k': 26}",47.82908797264099,"[0, 1, 2, 3, 4, 5, 6, 7, 8, 9, 10, 11, 12, 14, 16, 17, 18, 19, 20, 21, 22, 24, 27, 28, 29, 30]","['Amount_log1p', 'V1', 'V2', 'V3', 'V4', 'V5', 'V6', 'V7', 'V8', 'V9', 'V10', 'V11', 'V12', 'V14', 'V16', 'V17', 'V18', 'V19', 'V20', 'V21', 'V22', 'V24', 'V27', 'V28', 'Time_sin', 'Time_cos']"
CostSensitiveLearning_ClusterCentroids___RandomizedSearchCV__niter_30__cv_5,6,5,Exponential,resubstitution,281,17690,18,59,0.9957335992907801,0.939799331103679,0.8264705882352941,0.8794992175273866,0.9989835102778405,0.0010164897221595082,0.9127270492565673,0.9086421129227314,0.8792140195274021,0.8773366738009376,0.9655662445687558,0.8514085931582689,22560,0.8796942293998503,0.004168382336827703,0.8822248043722126,0.014043756405820238,"{'classifier__estimator__ccp_alpha': np.float64(0.005856307863503724), 'classifier__estimator__max_depth': 8, 'classifier__estimator__max_features': 'log2', 'classifier__estimator__max_leaf_nodes': 4, 'classifier__estimator__min_impurity_decrease': np.float64(0.03665214819635554), 'classifier__estimator__min_samples_leaf': 9, 'classifier__estimator__min_samples_split': 4, 'classifier__max_features': np.float64(0.5120198076747471), 'classifier__max_samples': np.float64(0.6855499491550165), 'classifier__n_estimators': 772, 'feature_selection_filter__k': 26}",49.70249009132385,"[0, 1, 2, 3, 4, 5, 6, 7, 8, 9, 10, 11, 12, 14, 15, 16, 17, 18, 19, 20, 21, 24, 25, 27, 28, 29]","['Amount_log1p', 'V1', 'V2', 'V3', 'V4', 'V5', 'V6', 'V7', 'V8', 'V9', 'V10', 'V11', 'V12', 'V14', 'V15', 'V16', 'V17', 'V18', 'V19', 'V20', 'V21', 'V24', 'V25', 'V27', 'V28', 'Time_sin']"
CostSensitiveLearning_ClusterCentroids___RandomizedSearchCV__niter_30__cv_5,6,6,Exponential,resubstitution,285,17684,24,55,0.9956227836879432,0.9223300970873787,0.8382352941176471,0.8782742681047766,0.9986446803704541,0.0013553196295459369,0.9184399872440505,0.9149312637402611,0.8770888386502255,0.8760507664414043,0.969086006324825,0.8510822517777719,22560,0.8800102542073869,0.008957131591746558,0.8774097397171735,0.025463950518854764,"{'classifier__estimator__ccp_alpha': np.float64(0.0008304550016147627), 'classifier__estimator__max_depth': 10, 'classifier__estimator__max_features': 'log2', 'classifier__estimator__max_leaf_nodes': 11, 'classifier__estimator__min_impurity_decrease': np.float64(0.07609980028860212), 'classifier__estimator__min_samples_leaf': 1, 'classifier__estimator__min_samples_split': 9, 'classifier__max_features': np.float64(0.8587134161381313), 'classifier__max_samples': np.float64(0.6482640388067258), 'classifier__n_estimators': 921, 'feature_selection_filter__k': 24}",45.24273443222046,"[0, 1, 2, 3, 4, 5, 6, 7, 8, 9, 10, 11, 12, 14, 16, 17, 18, 19, 20, 21, 23, 27, 28, 29]","['Amount_log1p', 'V1', 'V2', 'V3', 'V4', 'V5', 'V6', 'V7', 'V8', 'V9', 'V10', 'V11', 'V12', 'V14', 'V16', 'V17', 'V18', 'V19', 'V20', 'V21', 'V23', 'V27', 'V28', 'Time_sin']"
CostSensitiveLearning_ClusterCentroids___RandomizedSearchCV__niter_30__cv_5,6,7,Exponential,resubstitution,278,17678,30,62,0.9949024822695035,0.9025974025974026,0.8176470588235294,0.8580246913580247,0.9983058504630675,0.0016941495369324766,0.9079764546432985,0.9034721038512751,0.856519282292896,0.8554357849924915,0.9634415817377324,0.8402879689318445,22560,0.8679896209194015,0.008153130443472562,0.8698348470277093,0.023515364908691487,"{'classifier__estimator__ccp_alpha': np.float64(0.00802612491779021), 'classifier__estimator__max_depth': 5, 'classifier__estimator__max_features': 'log2', 'classifier__estimator__max_leaf_nodes': 8, 'classifier__estimator__min_impurity_decrease': np.float64(0.03763183557990906), 'classifier__estimator__min_samples_leaf': 1, 'classifier__estimator__min_samples_split': 5, 'classifier__max_features': np.float64(0.7002435190298987), 'classifier__max_samples': np.float64(0.8369882670674315), 'classifier__n_estimators': 753, 'feature_selection_filter__k': 22}",43.25425744056702,"[1, 2, 3, 4, 5, 6, 7, 8, 9, 10, 11, 12, 14, 16, 17, 18, 19, 20, 21, 27, 28, 29]","['V1', 'V2', 'V3', 'V4', 'V5', 'V6', 'V7', 'V8', 'V9', 'V10', 'V11', 'V12', 'V14', 'V16', 'V17', 'V18', 'V19', 'V20', 'V21', 'V27', 'V28', 'Time_sin']"
CostSensitiveLearning_ClusterCentroids___RandomizedSearchCV__niter_30__cv_5,6,8,Exponential,resubstitution,282,17690,17,59,0.9957890070921985,0.9431438127090301,0.8269794721407625,0.88125,0.9990399277122042,0.0009600722877958212,0.9130096999264834,0.9089474748669386,0.8810841557464169,0.8791158953862066,0.9583179242034771,0.8468154300423952,22561,0.8758001150953649,0.006736600230884587,0.8781248717240319,0.028245958129065843,"{'classifier__estimator__ccp_alpha': np.float64(0.006122409913630006), 'classifier__estimator__max_depth': 18, 'classifier__estimator__max_features': 'sqrt', 'classifier__estimator__max_leaf_nodes': 13, 'classifier__estimator__min_impurity_decrease': np.float64(0.044754503991966704), 'classifier__estimator__min_samples_leaf': 6, 'classifier__estimator__min_samples_split': 6, 'classifier__max_features': np.float64(0.9392571219066016), 'classifier__max_samples': np.float64(0.923336764754803), 'classifier__n_estimators': 410, 'feature_selection_filter__k': 24}",40.60314059257507,"[1, 2, 3, 4, 5, 6, 7, 8, 9, 10, 11, 12, 14, 16, 17, 18, 19, 20, 21, 24, 25, 27, 28, 29]","['V1', 'V2', 'V3', 'V4', 'V5', 'V6', 'V7', 'V8', 'V9', 'V10', 'V11', 'V12', 'V14', 'V16', 'V17', 'V18', 'V19', 'V20', 'V21', 'V24', 'V25', 'V27', 'V28', 'Time_sin']"
CostSensitiveLearning_ClusterCentroids___RandomizedSearchCV__niter_30__cv_5,6,9,Exponential,resubstitution,284,17687,20,57,0.9957335992907801,0.9342105263157895,0.8328445747800587,0.8806201550387597,0.9988705031908285,0.0011294968091715152,0.9158575389854435,0.912087649017521,0.879957509154767,0.8784554199400505,0.9612103137964061,0.8690269080396207,22561,0.8819196732952113,0.008978129668553271,0.8826718578022368,0.029972600467722654,"{'classifier__estimator__ccp_alpha': np.float64(0.004465389956238796), 'classifier__estimator__max_depth': 3, 'classifier__estimator__max_features': 'sqrt', 'classifier__estimator__max_leaf_nodes': 10, 'classifier__estimator__min_impurity_decrease': np.float64(0.09616419037746458), 'classifier__estimator__min_samples_leaf': 7, 'classifier__estimator__min_samples_split': 6, 'classifier__max_features': np.float64(0.6091361288640772), 'classifier__max_samples': np.float64(0.5674593612661993), 'classifier__n_estimators': 799, 'feature_selection_filter__k': 20}",45.507455587387085,"[1, 2, 3, 4, 5, 6, 7, 8, 9, 10, 11, 12, 14, 16, 17, 18, 19, 20, 21, 27]","['V1', 'V2', 'V3', 'V4', 'V5', 'V6', 'V7', 'V8', 'V9', 'V10', 'V11', 'V12', 'V14', 'V16', 'V17', 'V18', 'V19', 'V20', 'V21', 'V27']"
CostSensitiveLearning_ClusterCentroids___RandomizedSearchCV__niter_30__cv_5,6,10,Exponential,resubstitution,287,17690,17,54,0.9960660460992907,0.944078947368421,0.841642228739003,0.889922480620155,0.9990399277122042,0.0009600722877958212,0.9203410782256036,0.9169701147578104,0.8894447100639874,0.8879264261784882,0.9603872054178749,0.8628818028285288,22561,0.886389544091249,0.006086744960568197,0.8891411829335286,0.016536846886330562,"{'classifier__estimator__ccp_alpha': np.float64(0.006089955098753504), 'classifier__estimator__max_depth': 19, 'classifier__estimator__max_features': 'log2', 'classifier__estimator__max_leaf_nodes': 2, 'classifier__estimator__min_impurity_decrease': np.float64(0.09534903476062169), 'classifier__estimator__min_samples_leaf': 8, 'classifier__estimator__min_samples_split': 3, 'classifier__max_features': np.float64(0.5850589515185862), 'classifier__max_samples': np.float64(0.8814606913205086), 'classifier__n_estimators': 989, 'feature_selection_filter__k': 20}",47.167481899261475,"[1, 2, 3, 4, 5, 6, 7, 8, 9, 10, 11, 12, 14, 16, 17, 18, 19, 20, 21, 27]","['V1', 'V2', 'V3', 'V4', 'V5', 'V6', 'V7', 'V8', 'V9', 'V10', 'V11', 'V12', 'V14', 'V16', 'V17', 'V18', 'V19', 'V20', 'V21', 'V27']"
CostSensitiveLearning_ClusterCentroids___RandomizedSearchCV__niter_30__cv_5,7,1,Exponential,resubstitution,276,17685,22,65,0.9951795212765957,0.9261744966442953,0.8093841642228738,0.863849765258216,0.9987575535099114,0.0012424464900886445,0.9040708588663926,0.8990987419126455,0.8634354963937008,0.8614073992738915,0.9559718997092954,0.8349325305000709,22560,0.8672317836094694,0.0069477766452408505,0.8632434017595308,0.021027757760505483,"{'classifier__estimator__ccp_alpha': np.float64(0.006677539191768063), 'classifier__estimator__max_depth': 12, 'classifier__estimator__max_features': 'log2', 'classifier__estimator__max_leaf_nodes': 8, 'classifier__estimator__min_impurity_decrease': np.float64(0.07627267600632345), 'classifier__estimator__min_samples_leaf': 2, 'classifier__estimator__min_samples_split': 4, 'classifier__max_features': np.float64(0.600421838897786), 'classifier__max_samples': np.float64(0.8689647750606607), 'classifier__n_estimators': 220, 'feature_selection_filter__k': 22}",39.97856092453003,"[1, 2, 3, 4, 5, 6, 7, 8, 9, 10, 11, 12, 14, 16, 17, 18, 19, 20, 21, 27, 28, 29]","['V1', 'V2', 'V3', 'V4', 'V5', 'V6', 'V7', 'V8', 'V9', 'V10', 'V11', 'V12', 'V14', 'V16', 'V17', 'V18', 'V19', 'V20', 'V21', 'V27', 'V28', 'Time_sin']"
CostSensitiveLearning_ClusterCentroids___RandomizedSearchCV__niter_30__cv_5,7,2,Exponential,resubstitution,281,17675,32,60,0.9949024822695035,0.8977635782747604,0.8240469208211144,0.8593272171253823,0.9981928051053256,0.001807194894674402,0.91111986296322,0.9069496719404193,0.8575518211047198,0.8567362725180472,0.9588382048817778,0.8475791406069855,22560,0.8725037871371935,0.00576846248521151,0.8713081110104366,0.015893591248454967,"{'classifier__estimator__ccp_alpha': np.float64(0.006312946317444766), 'classifier__estimator__max_depth': 18, 'classifier__estimator__max_features': 'log2', 'classifier__estimator__max_leaf_nodes': 14, 'classifier__estimator__min_impurity_decrease': np.float64(0.08328799316617064), 'classifier__estimator__min_samples_leaf': 5, 'classifier__estimator__min_samples_split': 5, 'classifier__max_features': np.float64(0.6595584099367835), 'classifier__max_samples': np.float64(0.8956479465796934), 'classifier__n_estimators': 491, 'feature_selection_filter__k': 26}",42.699414014816284,"[0, 1, 2, 3, 4, 5, 6, 7, 8, 9, 10, 11, 12, 14, 15, 16, 17, 18, 19, 20, 21, 24, 25, 27, 28, 29]","['Amount_log1p', 'V1', 'V2', 'V3', 'V4', 'V5', 'V6', 'V7', 'V8', 'V9', 'V10', 'V11', 'V12', 'V14', 'V15', 'V16', 'V17', 'V18', 'V19', 'V20', 'V21', 'V24', 'V25', 'V27', 'V28', 'Time_sin']"
CostSensitiveLearning_ClusterCentroids___RandomizedSearchCV__niter_30__cv_5,7,3,Exponential,resubstitution,289,17693,14,52,0.996343085106383,0.9537953795379538,0.8475073313782991,0.8975155279503105,0.99920935223358,0.0007906477664200162,0.9233583418059396,0.9202376060560231,0.8972810259644592,0.8956604550034135,0.9859325478417255,0.8936661881463019,22560,0.8932017752420733,0.006413755510888756,0.8921133288296874,0.018843443138184292,"{'classifier__estimator__ccp_alpha': np.float64(0.005121061319265708), 'classifier__estimator__max_depth': 3, 'classifier__estimator__max_features': 'sqrt', 'classifier__estimator__max_leaf_nodes': 11, 'classifier__estimator__min_impurity_decrease': np.float64(0.0006066154016841074), 'classifier__estimator__min_samples_leaf': 7, 'classifier__estimator__min_samples_split': 5, 'classifier__max_features': np.float64(0.8262385223335402), 'classifier__max_samples': np.float64(0.5324415759290289), 'classifier__n_estimators': 196, 'feature_selection_filter__k': 28}",40.85383105278015,"[1, 2, 3, 4, 5, 6, 7, 8, 9, 10, 11, 12, 14, 16, 17, 18, 19, 20, 21, 22, 23, 24, 25, 26, 27, 28, 29, 30]","['V1', 'V2', 'V3', 'V4', 'V5', 'V6', 'V7', 'V8', 'V9', 'V10', 'V11', 'V12', 'V14', 'V16', 'V17', 'V18', 'V19', 'V20', 'V21', 'V22', 'V23', 'V24', 'V25', 'V26', 'V27', 'V28', 'Time_sin', 'Time_cos']"
CostSensitiveLearning_ClusterCentroids___RandomizedSearchCV__niter_30__cv_5,7,4,Exponential,resubstitution,287,17693,14,54,0.9962322695035462,0.9534883720930233,0.841642228739003,0.8940809968847352,0.99920935223358,0.0007906477664200162,0.9204257904862915,0.9170478647217525,0.8939707428127479,0.8921705984448142,0.9652532333502316,0.8716295855739045,22560,0.8910518535830793,0.005255978801290269,0.8873494168573549,0.013075742396004038,"{'classifier__estimator__ccp_alpha': np.float64(0.003070840207955148), 'classifier__estimator__max_depth': 8, 'classifier__estimator__max_features': 'log2', 'classifier__estimator__max_leaf_nodes': 8, 'classifier__estimator__min_impurity_decrease': np.float64(0.07480224219358193), 'classifier__estimator__min_samples_leaf': 8, 'classifier__estimator__min_samples_split': 5, 'classifier__max_features': np.float64(0.5097997716044462), 'classifier__max_samples': np.float64(0.9076119661506836), 'classifier__n_estimators': 407, 'feature_selection_filter__k': 28}",41.32281231880188,"[0, 1, 2, 3, 4, 5, 6, 7, 8, 9, 10, 11, 12, 13, 14, 16, 17, 18, 19, 20, 21, 23, 24, 26, 27, 28, 29, 30]","['Amount_log1p', 'V1', 'V2', 'V3', 'V4', 'V5', 'V6', 'V7', 'V8', 'V9', 'V10', 'V11', 'V12', 'V13', 'V14', 'V16', 'V17', 'V18', 'V19', 'V20', 'V21', 'V23', 'V24', 'V26', 'V27', 'V28', 'Time_sin', 'Time_cos']"
CostSensitiveLearning_ClusterCentroids___RandomizedSearchCV__niter_30__cv_5,7,5,Exponential,resubstitution,276,17692,16,64,0.9955673758865248,0.9452054794520548,0.8117647058823529,0.8734177215189873,0.9990964535803026,0.0009035464196973653,0.9054305797313278,0.9005727282061767,0.873789294132929,0.8711751555348715,0.9568669527896996,0.8391529189332672,22560,0.8720004079174327,0.0076990786641961935,0.8682760355796798,0.03563900266274991,"{'classifier__estimator__ccp_alpha': np.float64(0.0005302943568602026), 'classifier__estimator__max_depth': 19, 'classifier__estimator__max_features': 'log2', 'classifier__estimator__max_leaf_nodes': 2, 'classifier__estimator__min_impurity_decrease': np.float64(0.044650844266799376), 'classifier__estimator__min_samples_leaf': 1, 'classifier__estimator__min_samples_split': 7, 'classifier__max_features': np.float64(0.6541004085334552), 'classifier__max_samples': np.float64(0.7316828752871178), 'classifier__n_estimators': 310, 'feature_selection_filter__k': 24}",44.25005006790161,"[1, 2, 3, 4, 5, 6, 7, 8, 9, 10, 11, 12, 14, 16, 17, 18, 19, 20, 21, 23, 24, 27, 28, 29]","['V1', 'V2', 'V3', 'V4', 'V5', 'V6', 'V7', 'V8', 'V9', 'V10', 'V11', 'V12', 'V14', 'V16', 'V17', 'V18', 'V19', 'V20', 'V21', 'V23', 'V24', 'V27', 'V28', 'Time_sin']"
CostSensitiveLearning_ClusterCentroids___RandomizedSearchCV__niter_30__cv_5,7,6,Exponential,resubstitution,291,17687,21,49,0.9961214539007093,0.9326923076923077,0.8558823529411764,0.8926380368098159,0.9988140953241473,0.001185904675852667,0.9273482241326618,0.9245903731149506,0.8915197678986194,0.8906667995945698,0.9666702653503235,0.8626952537804486,22560,0.8963354535130573,0.006732240175055137,0.8978273401131875,0.01453419576461074,"{'classifier__estimator__ccp_alpha': np.float64(0.009437393410030002), 'classifier__estimator__max_depth': 6, 'classifier__estimator__max_features': 'sqrt', 'classifier__estimator__max_leaf_nodes': 12, 'classifier__estimator__min_impurity_decrease': np.float64(0.05911788606501052), 'classifier__estimator__min_samples_leaf': 5, 'classifier__estimator__min_samples_split': 5, 'classifier__max_features': np.float64(0.5669309991126638), 'classifier__max_samples': np.float64(0.9082275031825265), 'classifier__n_estimators': 966, 'feature_selection_filter__k': 22}",52.16210317611694,"[0, 1, 2, 3, 4, 5, 6, 7, 8, 9, 10, 11, 12, 14, 16, 17, 18, 19, 20, 21, 27, 29]","['Amount_log1p', 'V1', 'V2', 'V3', 'V4', 'V5', 'V6', 'V7', 'V8', 'V9', 'V10', 'V11', 'V12', 'V14', 'V16', 'V17', 'V18', 'V19', 'V20', 'V21', 'V27', 'Time_sin']"
CostSensitiveLearning_ClusterCentroids___RandomizedSearchCV__niter_30__cv_5,7,7,Exponential,resubstitution,280,17685,23,60,0.9954011524822695,0.9240924092409241,0.8235294117647058,0.8709175738724728,0.9987011520216851,0.001298847978314921,0.9111152818931955,0.9068956788149077,0.8700786565472451,0.8685843381738326,0.9640683340198515,0.8508585517247074,22560,0.869189751968071,0.009159507631770402,0.872953317725719,0.0292461485438135,"{'classifier__estimator__ccp_alpha': np.float64(0.004170668006165641), 'classifier__estimator__max_depth': 4, 'classifier__estimator__max_features': 'log2', 'classifier__estimator__max_leaf_nodes': 5, 'classifier__estimator__min_impurity_decrease': np.float64(0.061995514024722434), 'classifier__estimator__min_samples_leaf': 5, 'classifier__estimator__min_samples_split': 6, 'classifier__max_features': np.float64(0.7119172726597659), 'classifier__max_samples': np.float64(0.8645293553047461), 'classifier__n_estimators': 946, 'feature_selection_filter__k': 28}",47.276753664016724,"[0, 1, 2, 3, 4, 5, 6, 7, 8, 9, 10, 11, 12, 13, 14, 16, 17, 18, 19, 20, 21, 22, 23, 24, 26, 27, 28, 29]","['Amount_log1p', 'V1', 'V2', 'V3', 'V4', 'V5', 'V6', 'V7', 'V8', 'V9', 'V10', 'V11', 'V12', 'V13', 'V14', 'V16', 'V17', 'V18', 'V19', 'V20', 'V21', 'V22', 'V23', 'V24', 'V26', 'V27', 'V28', 'Time_sin']"
CostSensitiveLearning_ClusterCentroids___RandomizedSearchCV__niter_30__cv_5,7,8,Exponential,resubstitution,291,17687,20,50,0.9961214539007093,0.9356913183279743,0.8533724340175953,0.8926380368098159,0.9988705031908285,0.0011294968091715152,0.9261214686042119,0.9232597427465022,0.8916467201676556,0.8906673483803041,0.968916314057747,0.8745139183476558,22561,0.887454702866787,0.009623549871586179,0.8882614176495552,0.032022316271223004,"{'classifier__estimator__ccp_alpha': np.float64(0.007866334531475103), 'classifier__estimator__max_depth': 19, 'classifier__estimator__max_features': 'log2', 'classifier__estimator__max_leaf_nodes': 3, 'classifier__estimator__min_impurity_decrease': np.float64(0.09694498984674059), 'classifier__estimator__min_samples_leaf': 2, 'classifier__estimator__min_samples_split': 3, 'classifier__max_features': np.float64(0.6248684423778517), 'classifier__max_samples': np.float64(0.8724867540431149), 'classifier__n_estimators': 568, 'feature_selection_filter__k': 24}",43.10267925262451,"[0, 1, 2, 3, 4, 5, 6, 7, 8, 9, 10, 11, 12, 14, 16, 17, 18, 19, 20, 21, 22, 24, 27, 29]","['Amount_log1p', 'V1', 'V2', 'V3', 'V4', 'V5', 'V6', 'V7', 'V8', 'V9', 'V10', 'V11', 'V12', 'V14', 'V16', 'V17', 'V18', 'V19', 'V20', 'V21', 'V22', 'V24', 'V27', 'Time_sin']"
CostSensitiveLearning_ClusterCentroids___RandomizedSearchCV__niter_30__cv_5,7,9,Exponential,resubstitution,283,17689,18,58,0.9957890070921985,0.9401993355481728,0.8299120234604106,0.881619937694704,0.9989834528717456,0.0010165471282543859,0.914447738166078,0.9105319207893033,0.8812593345352179,0.8794847864971453,0.9692709793681343,0.8630011902787134,22561,0.879304805608639,0.014023439534449967,0.8782935758212835,0.03772015359510384,"{'classifier__estimator__ccp_alpha': np.float64(0.009815980219899325), 'classifier__estimator__max_depth': 12, 'classifier__estimator__max_features': 'log2', 'classifier__estimator__max_leaf_nodes': 3, 'classifier__estimator__min_impurity_decrease': np.float64(0.005057427997144904), 'classifier__estimator__min_samples_leaf': 8, 'classifier__estimator__min_samples_split': 7, 'classifier__max_features': np.float64(0.5947297833588712), 'classifier__max_samples': np.float64(0.6500471928471505), 'classifier__n_estimators': 250, 'feature_selection_filter__k': 24}",45.667354583740234,"[1, 2, 3, 4, 5, 6, 7, 8, 9, 10, 11, 12, 14, 16, 17, 18, 19, 20, 21, 24, 25, 27, 28, 29]","['V1', 'V2', 'V3', 'V4', 'V5', 'V6', 'V7', 'V8', 'V9', 'V10', 'V11', 'V12', 'V14', 'V16', 'V17', 'V18', 'V19', 'V20', 'V21', 'V24', 'V25', 'V27', 'V28', 'Time_sin']"
CostSensitiveLearning_ClusterCentroids___RandomizedSearchCV__niter_30__cv_5,7,10,Exponential,resubstitution,290,17684,23,51,0.9958998226950354,0.9265175718849841,0.8504398826979472,0.8868501529051988,0.9987010786694528,0.0012989213305472092,0.9245704806837001,0.9215938520812532,0.8856083631507385,0.884766132242777,0.9746421341726278,0.8843420408349634,22561,0.8916452166324543,0.006317250137514691,0.8924048536866701,0.010985387872072195,"{'classifier__estimator__ccp_alpha': np.float64(0.003974322298670654), 'classifier__estimator__max_depth': 9, 'classifier__estimator__max_features': 'sqrt', 'classifier__estimator__max_leaf_nodes': 3, 'classifier__estimator__min_impurity_decrease': np.float64(0.013483941472966677), 'classifier__estimator__min_samples_leaf': 8, 'classifier__estimator__min_samples_split': 5, 'classifier__max_features': np.float64(0.639333850661943), 'classifier__max_samples': np.float64(0.814953515833194), 'classifier__n_estimators': 881, 'feature_selection_filter__k': 26}",45.88506078720093,"[0, 1, 2, 3, 4, 5, 6, 7, 8, 9, 10, 11, 12, 14, 16, 17, 18, 19, 20, 21, 22, 23, 27, 28, 29, 30]","['Amount_log1p', 'V1', 'V2', 'V3', 'V4', 'V5', 'V6', 'V7', 'V8', 'V9', 'V10', 'V11', 'V12', 'V14', 'V16', 'V17', 'V18', 'V19', 'V20', 'V21', 'V22', 'V23', 'V27', 'V28', 'Time_sin', 'Time_cos']"
CostSensitiveLearning_ClusterCentroids___RandomizedSearchCV__niter_30__cv_5,8,1,Exponential,resubstitution,285,17690,17,56,0.9959552304964538,0.9437086092715232,0.8357771260997068,0.8864696734059098,0.9990399277122042,0.0009600722877958212,0.9174085269059555,0.9137695112237905,0.8861092811670824,0.8844183210660678,0.9607171940384431,0.8620221873995902,22560,0.8909668874509679,0.004505955030540538,0.890797422274695,0.024529457023217734,"{'classifier__estimator__ccp_alpha': np.float64(0.007369365890801261), 'classifier__estimator__max_depth': 9, 'classifier__estimator__max_features': 'sqrt', 'classifier__estimator__max_leaf_nodes': 18, 'classifier__estimator__min_impurity_decrease': np.float64(0.08317933086725007), 'classifier__estimator__min_samples_leaf': 8, 'classifier__estimator__min_samples_split': 9, 'classifier__max_features': np.float64(0.6168173402480295), 'classifier__max_samples': np.float64(0.6600526680669677), 'classifier__n_estimators': 305, 'feature_selection_filter__k': 24}",46.7493371963501,"[0, 1, 2, 3, 4, 5, 6, 7, 8, 9, 10, 11, 12, 14, 16, 17, 18, 19, 20, 21, 23, 27, 28, 29]","['Amount_log1p', 'V1', 'V2', 'V3', 'V4', 'V5', 'V6', 'V7', 'V8', 'V9', 'V10', 'V11', 'V12', 'V14', 'V16', 'V17', 'V18', 'V19', 'V20', 'V21', 'V23', 'V27', 'V28', 'Time_sin']"
CostSensitiveLearning_ClusterCentroids___RandomizedSearchCV__niter_30__cv_5,8,2,Exponential,resubstitution,285,17686,21,56,0.9957335992907801,0.9313725490196079,0.8357771260997068,0.8809891808346213,0.9988140283503699,0.0011859716496300798,0.9172955772250384,0.9136661962241699,0.8801596601284272,0.8788235183326933,0.961824664003682,0.8576828316396279,22560,0.883231861153719,0.006938630075901247,0.8840245497002555,0.02386808548165102,"{'classifier__estimator__ccp_alpha': np.float64(0.001791878078205419), 'classifier__estimator__max_depth': 15, 'classifier__estimator__max_features': 'sqrt', 'classifier__estimator__max_leaf_nodes': 5, 'classifier__estimator__min_impurity_decrease': np.float64(0.09919673711695903), 'classifier__estimator__min_samples_leaf': 1, 'classifier__estimator__min_samples_split': 5, 'classifier__max_features': np.float64(0.9930482593245565), 'classifier__max_samples': np.float64(0.8949607196151814), 'classifier__n_estimators': 681, 'feature_selection_filter__k': 26}",48.370415449142456,"[0, 1, 2, 3, 4, 5, 6, 7, 8, 9, 10, 11, 12, 14, 16, 17, 18, 19, 20, 21, 23, 24, 25, 27, 28, 29]","['Amount_log1p', 'V1', 'V2', 'V3', 'V4', 'V5', 'V6', 'V7', 'V8', 'V9', 'V10', 'V11', 'V12', 'V14', 'V16', 'V17', 'V18', 'V19', 'V20', 'V21', 'V23', 'V24', 'V25', 'V27', 'V28', 'Time_sin']"
CostSensitiveLearning_ClusterCentroids___RandomizedSearchCV__niter_30__cv_5,8,3,Exponential,resubstitution,281,17689,18,60,0.9956781914893617,0.939799331103679,0.8240469208211144,0.878125,0.9989834528717456,0.0010165471282543859,0.91151518684643,0.9073087888311271,0.8778958727699513,0.8759347347384752,0.9613446278597839,0.8537692341788139,22560,0.8803864876891225,0.011335597014201452,0.8771923299061303,0.0332671758252632,"{'classifier__estimator__ccp_alpha': np.float64(9.813063287557044e-05), 'classifier__estimator__max_depth': 17, 'classifier__estimator__max_features': 'sqrt', 'classifier__estimator__max_leaf_nodes': 6, 'classifier__estimator__min_impurity_decrease': np.float64(0.07963898705268785), 'classifier__estimator__min_samples_leaf': 4, 'classifier__estimator__min_samples_split': 8, 'classifier__max_features': np.float64(0.7552919025800038), 'classifier__max_samples': np.float64(0.5294953011915526), 'classifier__n_estimators': 346, 'feature_selection_filter__k': 20}",45.385143756866455,"[1, 2, 3, 4, 5, 6, 7, 8, 9, 10, 11, 12, 14, 16, 17, 18, 19, 20, 21, 27]","['V1', 'V2', 'V3', 'V4', 'V5', 'V6', 'V7', 'V8', 'V9', 'V10', 'V11', 'V12', 'V14', 'V16', 'V17', 'V18', 'V19', 'V20', 'V21', 'V27']"
CostSensitiveLearning_ClusterCentroids___RandomizedSearchCV__niter_30__cv_5,8,4,Exponential,resubstitution,284,17685,22,57,0.9956227836879432,0.9281045751633987,0.8328445747800587,0.8778979907264297,0.9987575535099114,0.0012424464900886445,0.915801064144985,0.9120360793090007,0.8770074337536725,0.8756760772504256,0.9621028978217769,0.8568536401780978,22560,0.8812021209277795,0.010631626691903618,0.8807682781875116,0.0340106101526109,"{'classifier__estimator__ccp_alpha': np.float64(0.0010614864730775486), 'classifier__estimator__max_depth': 11, 'classifier__estimator__max_features': 'log2', 'classifier__estimator__max_leaf_nodes': 4, 'classifier__estimator__min_impurity_decrease': np.float64(0.08260800494332575), 'classifier__estimator__min_samples_leaf': 2, 'classifier__estimator__min_samples_split': 6, 'classifier__max_features': np.float64(0.6932903009663068), 'classifier__max_samples': np.float64(0.7309504956746167), 'classifier__n_estimators': 447, 'feature_selection_filter__k': 24}",44.86638069152832,"[0, 1, 2, 3, 4, 5, 6, 7, 8, 9, 10, 11, 12, 14, 16, 17, 18, 19, 20, 21, 22, 24, 27, 29]","['Amount_log1p', 'V1', 'V2', 'V3', 'V4', 'V5', 'V6', 'V7', 'V8', 'V9', 'V10', 'V11', 'V12', 'V14', 'V16', 'V17', 'V18', 'V19', 'V20', 'V21', 'V22', 'V24', 'V27', 'Time_sin']"
CostSensitiveLearning_ClusterCentroids___RandomizedSearchCV__niter_30__cv_5,8,5,Exponential,resubstitution,293,17673,35,47,0.9954565602836879,0.8932926829268293,0.861764705882353,0.8772455089820359,0.9980234922069121,0.0019765077930878894,0.9298940990446325,0.9273949650636284,0.8750782991380502,0.8749317165248715,0.9952545542725786,0.9085940341485695,22560,0.8944178397236989,0.013970521489149373,0.8856140563485413,0.015104158932573719,"{'classifier__estimator__ccp_alpha': np.float64(0.003751686332887789), 'classifier__estimator__max_depth': 17, 'classifier__estimator__max_features': 'sqrt', 'classifier__estimator__max_leaf_nodes': 12, 'classifier__estimator__min_impurity_decrease': np.float64(0.00024915068582371803), 'classifier__estimator__min_samples_leaf': 2, 'classifier__estimator__min_samples_split': 5, 'classifier__max_features': np.float64(0.5208803232348208), 'classifier__max_samples': np.float64(0.7389969755195226), 'classifier__n_estimators': 207, 'feature_selection_filter__k': 24}",44.65796256065369,"[0, 1, 2, 3, 4, 5, 6, 7, 8, 9, 10, 11, 12, 14, 16, 17, 18, 19, 20, 21, 24, 27, 28, 29]","['Amount_log1p', 'V1', 'V2', 'V3', 'V4', 'V5', 'V6', 'V7', 'V8', 'V9', 'V10', 'V11', 'V12', 'V14', 'V16', 'V17', 'V18', 'V19', 'V20', 'V21', 'V24', 'V27', 'V28', 'Time_sin']"
CostSensitiveLearning_ClusterCentroids___RandomizedSearchCV__niter_30__cv_5,8,6,Exponential,resubstitution,284,17690,18,56,0.9958998226950354,0.9403973509933775,0.8352941176470589,0.8847352024922118,0.9989835102778405,0.0010164897221595082,0.9171388139624497,0.9134796383945788,0.8842622862303675,0.8826554352975577,0.9660788078502238,0.8696708778041592,22560,0.8853219772984421,0.003292249290375225,0.8866550383963633,0.01548322690281618,"{'classifier__estimator__ccp_alpha': np.float64(0.004514111264814621), 'classifier__estimator__max_depth': 19, 'classifier__estimator__max_features': 'log2', 'classifier__estimator__max_leaf_nodes': 3, 'classifier__estimator__min_impurity_decrease': np.float64(0.00407156287613778), 'classifier__estimator__min_samples_leaf': 1, 'classifier__estimator__min_samples_split': 4, 'classifier__max_features': np.float64(0.5227011050385035), 'classifier__max_samples': np.float64(0.8798527222420562), 'classifier__n_estimators': 239, 'feature_selection_filter__k': 24}",45.993175983428955,"[0, 1, 2, 3, 4, 5, 6, 7, 8, 9, 10, 11, 12, 14, 16, 17, 18, 19, 20, 21, 24, 27, 28, 29]","['Amount_log1p', 'V1', 'V2', 'V3', 'V4', 'V5', 'V6', 'V7', 'V8', 'V9', 'V10', 'V11', 'V12', 'V14', 'V16', 'V17', 'V18', 'V19', 'V20', 'V21', 'V24', 'V27', 'V28', 'Time_sin']"
CostSensitiveLearning_ClusterCentroids___RandomizedSearchCV__niter_30__cv_5,8,7,Exponential,resubstitution,284,17692,16,56,0.9960106382978723,0.9466666666666667,0.8352941176470589,0.8875,0.9990964535803026,0.0009035464196973653,0.9171952856136807,0.9135312751283694,0.8872750422629969,0.8854773890604509,0.9602017698879868,0.85002715831652,22560,0.8906226514782759,0.004202899054325901,0.8869470868949432,0.011385291034106333,"{'classifier__estimator__ccp_alpha': np.float64(0.005477397876332181), 'classifier__estimator__max_depth': 15, 'classifier__estimator__max_features': 'log2', 'classifier__estimator__max_leaf_nodes': 2, 'classifier__estimator__min_impurity_decrease': np.float64(0.09859992681665702), 'classifier__estimator__min_samples_leaf': 8, 'classifier__estimator__min_samples_split': 9, 'classifier__max_features': np.float64(0.9348802893443868), 'classifier__max_samples': np.float64(0.9366401344284528), 'classifier__n_estimators': 668, 'feature_selection_filter__k': 28}",42.86817479133606,"[0, 1, 2, 3, 4, 5, 6, 7, 8, 9, 10, 11, 12, 14, 15, 16, 17, 18, 19, 20, 21, 22, 23, 24, 27, 28, 29, 30]","['Amount_log1p', 'V1', 'V2', 'V3', 'V4', 'V5', 'V6', 'V7', 'V8', 'V9', 'V10', 'V11', 'V12', 'V14', 'V15', 'V16', 'V17', 'V18', 'V19', 'V20', 'V21', 'V22', 'V23', 'V24', 'V27', 'V28', 'Time_sin', 'Time_cos']"
CostSensitiveLearning_ClusterCentroids___RandomizedSearchCV__niter_30__cv_5,8,8,Exponential,resubstitution,287,17689,18,54,0.9960106382978723,0.940983606557377,0.841642228739003,0.8885448916408669,0.9989834528717456,0.0010165471282543859,0.9203128408053742,0.9169441966381383,0.8879507758082099,0.8865202840835358,0.9649318567287951,0.8686348903784261,22561,0.8878485676543928,0.010068579250792752,0.8907450574870422,0.0300861418247143,"{'classifier__estimator__ccp_alpha': np.float64(0.006221222975257091), 'classifier__estimator__max_depth': 4, 'classifier__estimator__max_features': 'log2', 'classifier__estimator__max_leaf_nodes': 13, 'classifier__estimator__min_impurity_decrease': np.float64(0.09609723194475293), 'classifier__estimator__min_samples_leaf': 7, 'classifier__estimator__min_samples_split': 3, 'classifier__max_features': np.float64(0.6020801299982017), 'classifier__max_samples': np.float64(0.9628081079319015), 'classifier__n_estimators': 720, 'feature_selection_filter__k': 'all'}",41.656238079071045,"[0, 1, 2, 3, 4, 5, 6, 7, 8, 9, 10, 11, 12, 13, 14, 15, 16, 17, 18, 19, 20, 21, 22, 23, 24, 25, 26, 27, 28, 29, 30]","['Amount_log1p', 'V1', 'V2', 'V3', 'V4', 'V5', 'V6', 'V7', 'V8', 'V9', 'V10', 'V11', 'V12', 'V13', 'V14', 'V15', 'V16', 'V17', 'V18', 'V19', 'V20', 'V21', 'V22', 'V23', 'V24', 'V25', 'V26', 'V27', 'V28', 'Time_sin', 'Time_cos']"
CostSensitiveLearning_ClusterCentroids___RandomizedSearchCV__niter_30__cv_5,8,9,Exponential,resubstitution,285,17686,21,56,0.9957335992907801,0.9313725490196079,0.8357771260997068,0.8809891808346213,0.9988140283503699,0.0011859716496300798,0.9172955772250384,0.9136661962241699,0.8801596601284272,0.8788235183326933,0.9693496466678934,0.8727438332885241,22561,0.8830237990194385,0.005363998433594192,0.8803504814137311,0.02046498634104844,"{'classifier__estimator__ccp_alpha': np.float64(0.005003412582375732), 'classifier__estimator__max_depth': 12, 'classifier__estimator__max_features': 'log2', 'classifier__estimator__max_leaf_nodes': 7, 'classifier__estimator__min_impurity_decrease': np.float64(0.026232429431266826), 'classifier__estimator__min_samples_leaf': 6, 'classifier__estimator__min_samples_split': 2, 'classifier__max_features': np.float64(0.5902362543623428), 'classifier__max_samples': np.float64(0.5292960440558618), 'classifier__n_estimators': 824, 'feature_selection_filter__k': 24}",43.80638408660889,"[0, 1, 2, 3, 4, 5, 6, 7, 8, 9, 10, 11, 12, 14, 16, 17, 18, 19, 20, 21, 23, 27, 28, 29]","['Amount_log1p', 'V1', 'V2', 'V3', 'V4', 'V5', 'V6', 'V7', 'V8', 'V9', 'V10', 'V11', 'V12', 'V14', 'V16', 'V17', 'V18', 'V19', 'V20', 'V21', 'V23', 'V27', 'V28', 'Time_sin']"
CostSensitiveLearning_ClusterCentroids___RandomizedSearchCV__niter_30__cv_5,8,10,Exponential,resubstitution,283,17686,21,58,0.9956227836879432,0.930921052631579,0.8299120234604106,0.8775193798449612,0.9988140283503699,0.0011859716496300798,0.9143630259053903,0.9104547058085314,0.8767951088516935,0.8752984178605714,0.9640289217429295,0.850097257980379,22561,0.8790202925372462,0.008409008189671557,0.8777688304961032,0.029002326711280006,"{'classifier__estimator__ccp_alpha': np.float64(0.0011835668528047338), 'classifier__estimator__max_depth': 10, 'classifier__estimator__max_features': 'sqrt', 'classifier__estimator__max_leaf_nodes': 8, 'classifier__estimator__min_impurity_decrease': np.float64(0.0703453081161476), 'classifier__estimator__min_samples_leaf': 1, 'classifier__estimator__min_samples_split': 2, 'classifier__max_features': np.float64(0.647531679355999), 'classifier__max_samples': np.float64(0.6612270291422555), 'classifier__n_estimators': 262, 'feature_selection_filter__k': 28}",43.973459243774414,"[0, 1, 2, 3, 4, 5, 6, 7, 8, 9, 10, 11, 12, 13, 14, 16, 17, 18, 19, 20, 21, 23, 24, 26, 27, 28, 29, 30]","['Amount_log1p', 'V1', 'V2', 'V3', 'V4', 'V5', 'V6', 'V7', 'V8', 'V9', 'V10', 'V11', 'V12', 'V13', 'V14', 'V16', 'V17', 'V18', 'V19', 'V20', 'V21', 'V23', 'V24', 'V26', 'V27', 'V28', 'Time_sin', 'Time_cos']"
CostSensitiveLearning_ClusterCentroids___RandomizedSearchCV__niter_30__cv_5,9,1,Exponential,resubstitution,281,17672,35,60,0.9947362588652482,0.8892405063291139,0.8240469208211144,0.8554033485540334,0.9980233805839499,0.001976619416050096,0.9110351507025322,0.9068726998193755,0.8533677759580176,0.8527266392854026,0.9625742391588595,0.8572341866788018,22560,0.8761791517138476,0.013337167003813238,0.8776608186541784,0.0361781500133693,"{'classifier__estimator__ccp_alpha': np.float64(0.005683353297739653), 'classifier__estimator__max_depth': 11, 'classifier__estimator__max_features': 'log2', 'classifier__estimator__max_leaf_nodes': 18, 'classifier__estimator__min_impurity_decrease': np.float64(0.04152639858205656), 'classifier__estimator__min_samples_leaf': 3, 'classifier__estimator__min_samples_split': 4, 'classifier__max_features': np.float64(0.8624148343864682), 'classifier__max_samples': np.float64(0.6720919802247309), 'classifier__n_estimators': 247, 'feature_selection_filter__k': 26}",44.441739082336426,"[1, 2, 3, 4, 5, 6, 7, 8, 9, 10, 11, 12, 14, 16, 17, 18, 19, 20, 21, 22, 23, 24, 25, 27, 28, 29]","['V1', 'V2', 'V3', 'V4', 'V5', 'V6', 'V7', 'V8', 'V9', 'V10', 'V11', 'V12', 'V14', 'V16', 'V17', 'V18', 'V19', 'V20', 'V21', 'V22', 'V23', 'V24', 'V25', 'V27', 'V28', 'Time_sin']"
CostSensitiveLearning_ClusterCentroids___RandomizedSearchCV__niter_30__cv_5,9,2,Exponential,resubstitution,295,17689,18,46,0.9964539007092199,0.9424920127795527,0.8651026392961877,0.9021406727828746,0.9989834528717456,0.0010165471282543859,0.9320430460839666,0.929636069487714,0.9011953309540823,0.9003382765342937,0.9700769465560865,0.8826844469377766,22560,0.9056688843839755,0.007597238886798124,0.9032709925733183,0.036579461182255676,"{'classifier__estimator__ccp_alpha': np.float64(0.005200101530724834), 'classifier__estimator__max_depth': 12, 'classifier__estimator__max_features': 'log2', 'classifier__estimator__max_leaf_nodes': 5, 'classifier__estimator__min_impurity_decrease': np.float64(0.07151912790861654), 'classifier__estimator__min_samples_leaf': 9, 'classifier__estimator__min_samples_split': 5, 'classifier__max_features': np.float64(0.6971850269763874), 'classifier__max_samples': np.float64(0.8655365179222785), 'classifier__n_estimators': 542, 'feature_selection_filter__k': 26}",48.465383529663086,"[0, 1, 2, 3, 4, 5, 6, 7, 8, 9, 10, 11, 12, 14, 16, 17, 18, 19, 20, 21, 23, 24, 27, 28, 29, 30]","['Amount_log1p', 'V1', 'V2', 'V3', 'V4', 'V5', 'V6', 'V7', 'V8', 'V9', 'V10', 'V11', 'V12', 'V14', 'V16', 'V17', 'V18', 'V19', 'V20', 'V21', 'V23', 'V24', 'V27', 'V28', 'Time_sin', 'Time_cos']"
CostSensitiveLearning_ClusterCentroids___RandomizedSearchCV__niter_30__cv_5,9,3,Exponential,resubstitution,282,17684,23,59,0.9954565602836879,0.9245901639344263,0.8269794721407625,0.8730650154798761,0.9987010786694528,0.0012989213305472092,0.9128402754051077,0.9087933158119476,0.8721642720418002,0.8707592124284713,0.9611789296841864,0.8434325095259021,22560,0.8807930373347054,0.007350606211822144,0.8795105572721852,0.029271553019817285,"{'classifier__estimator__ccp_alpha': np.float64(0.00314081999898417), 'classifier__estimator__max_depth': 6, 'classifier__estimator__max_features': 'sqrt', 'classifier__estimator__max_leaf_nodes': 8, 'classifier__estimator__min_impurity_decrease': np.float64(0.07280612351492635), 'classifier__estimator__min_samples_leaf': 7, 'classifier__estimator__min_samples_split': 8, 'classifier__max_features': np.float64(0.5508575410418062), 'classifier__max_samples': np.float64(0.7754825189129648), 'classifier__n_estimators': 910, 'feature_selection_filter__k': 'all'}",49.87352156639099,"[0, 1, 2, 3, 4, 5, 6, 7, 8, 9, 10, 11, 12, 13, 14, 15, 16, 17, 18, 19, 20, 21, 22, 23, 24, 25, 26, 27, 28, 29, 30]","['Amount_log1p', 'V1', 'V2', 'V3', 'V4', 'V5', 'V6', 'V7', 'V8', 'V9', 'V10', 'V11', 'V12', 'V13', 'V14', 'V15', 'V16', 'V17', 'V18', 'V19', 'V20', 'V21', 'V22', 'V23', 'V24', 'V25', 'V26', 'V27', 'V28', 'Time_sin', 'Time_cos']"
CostSensitiveLearning_ClusterCentroids___RandomizedSearchCV__niter_30__cv_5,9,4,Exponential,resubstitution,290,17695,12,51,0.9965093085106383,0.9602649006622517,0.8504398826979472,0.9020217729393468,0.9993223019144971,0.0006776980855028869,0.9248810923062222,0.9218804375935132,0.9019726599159218,0.9002514277693462,0.985265449139769,0.9002769168127145,22560,0.9024469156196684,0.003807777249026522,0.8972325293808311,0.016373207486286085,"{'classifier__estimator__ccp_alpha': np.float64(0.0008788752290793822), 'classifier__estimator__max_depth': 3, 'classifier__estimator__max_features': 'log2', 'classifier__estimator__max_leaf_nodes': 15, 'classifier__estimator__min_impurity_decrease': np.float64(0.0004342462778832324), 'classifier__estimator__min_samples_leaf': 1, 'classifier__estimator__min_samples_split': 6, 'classifier__max_features': np.float64(0.5489911485757168), 'classifier__max_samples': np.float64(0.9652074512556453), 'classifier__n_estimators': 953, 'feature_selection_filter__k': 22}",52.19372034072876,"[1, 2, 3, 4, 5, 6, 7, 8, 9, 10, 11, 12, 14, 16, 17, 18, 19, 20, 21, 27, 28, 29]","['V1', 'V2', 'V3', 'V4', 'V5', 'V6', 'V7', 'V8', 'V9', 'V10', 'V11', 'V12', 'V14', 'V16', 'V17', 'V18', 'V19', 'V20', 'V21', 'V27', 'V28', 'Time_sin']"
CostSensitiveLearning_ClusterCentroids___RandomizedSearchCV__niter_30__cv_5,9,5,Exponential,resubstitution,283,17692,16,57,0.9959552304964538,0.9464882943143813,0.8323529411764706,0.8857589984350548,0.9990964535803026,0.0009035464196973653,0.9157246973783866,0.9119215271373662,0.8855997755835193,0.8837087946424473,0.9693720186290011,0.8604714892552128,22560,0.8807838412528408,0.008759420120647822,0.8778244675556934,0.020483355672532056,"{'classifier__estimator__ccp_alpha': np.float64(0.00264764488931349), 'classifier__estimator__max_depth': 10, 'classifier__estimator__max_features': 'sqrt', 'classifier__estimator__max_leaf_nodes': 16, 'classifier__estimator__min_impurity_decrease': np.float64(0.08107004841172122), 'classifier__estimator__min_samples_leaf': 9, 'classifier__estimator__min_samples_split': 4, 'classifier__max_features': np.float64(0.6569698665705221), 'classifier__max_samples': np.float64(0.5816117674320984), 'classifier__n_estimators': 414, 'feature_selection_filter__k': 'all'}",46.826008558273315,"[0, 1, 2, 3, 4, 5, 6, 7, 8, 9, 10, 11, 12, 13, 14, 15, 16, 17, 18, 19, 20, 21, 22, 23, 24, 25, 26, 27, 28, 29, 30]","['Amount_log1p', 'V1', 'V2', 'V3', 'V4', 'V5', 'V6', 'V7', 'V8', 'V9', 'V10', 'V11', 'V12', 'V13', 'V14', 'V15', 'V16', 'V17', 'V18', 'V19', 'V20', 'V21', 'V22', 'V23', 'V24', 'V25', 'V26', 'V27', 'V28', 'Time_sin', 'Time_cos']"
CostSensitiveLearning_ClusterCentroids___RandomizedSearchCV__niter_30__cv_5,9,6,Exponential,resubstitution,280,17697,11,60,0.9960660460992907,0.9621993127147767,0.8235294117647058,0.8874801901743264,0.999378811836458,0.0006211881635419525,0.9114541118005819,0.9072033096510335,0.8882686317417345,0.8854905022229752,0.958138644547496,0.8572125883225775,22560,0.8843368652846959,0.004842513774471423,0.8861973266446533,0.019557136047243705,"{'classifier__estimator__ccp_alpha': np.float64(0.0032962179087090847), 'classifier__estimator__max_depth': 18, 'classifier__estimator__max_features': 'log2', 'classifier__estimator__max_leaf_nodes': 11, 'classifier__estimator__min_impurity_decrease': np.float64(0.08679407078980904), 'classifier__estimator__min_samples_leaf': 5, 'classifier__estimator__min_samples_split': 2, 'classifier__max_features': np.float64(0.7305746848977146), 'classifier__max_samples': np.float64(0.6159997790244112), 'classifier__n_estimators': 431, 'feature_selection_filter__k': 22}",50.3528048992157,"[1, 2, 3, 4, 5, 6, 7, 8, 9, 10, 11, 12, 14, 16, 17, 18, 19, 20, 21, 27, 28, 29]","['V1', 'V2', 'V3', 'V4', 'V5', 'V6', 'V7', 'V8', 'V9', 'V10', 'V11', 'V12', 'V14', 'V16', 'V17', 'V18', 'V19', 'V20', 'V21', 'V27', 'V28', 'Time_sin']"
CostSensitiveLearning_ClusterCentroids___RandomizedSearchCV__niter_30__cv_5,9,7,Exponential,resubstitution,294,17690,18,46,0.9964539007092199,0.9423076923076923,0.8647058823529412,0.901840490797546,0.9989835102778405,0.0010164897221595082,0.9318446963153908,0.929422894978835,0.9009001598374068,0.9000382167721782,0.9964574004438007,0.924230099632475,22560,0.9060509956187733,0.011341426894867819,0.8991124033537006,0.02527080465847549,"{'classifier__estimator__ccp_alpha': np.float64(0.001632832445894421), 'classifier__estimator__max_depth': 5, 'classifier__estimator__max_features': 'log2', 'classifier__estimator__max_leaf_nodes': 15, 'classifier__estimator__min_impurity_decrease': np.float64(0.0010557944493170158), 'classifier__estimator__min_samples_leaf': 3, 'classifier__estimator__min_samples_split': 3, 'classifier__max_features': np.float64(0.9433558184079032), 'classifier__max_samples': np.float64(0.746795884998249), 'classifier__n_estimators': 555, 'feature_selection_filter__k': 24}",49.11374020576477,"[0, 1, 2, 3, 4, 5, 6, 7, 8, 9, 10, 11, 12, 14, 16, 17, 18, 19, 20, 21, 24, 27, 28, 29]","['Amount_log1p', 'V1', 'V2', 'V3', 'V4', 'V5', 'V6', 'V7', 'V8', 'V9', 'V10', 'V11', 'V12', 'V14', 'V16', 'V17', 'V18', 'V19', 'V20', 'V21', 'V24', 'V27', 'V28', 'Time_sin']"
CostSensitiveLearning_ClusterCentroids___RandomizedSearchCV__niter_30__cv_5,9,8,Exponential,resubstitution,278,17690,17,63,0.9955673758865248,0.9423728813559322,0.8152492668621701,0.8742138364779874,0.9990399277122042,0.0009600722877958212,0.9071445972871872,0.902478015595621,0.8743422612138004,0.8719697857774592,0.9606002695886959,0.8489101661259728,22561,0.8773259160047238,0.007201399581468372,0.8765860150442695,0.021001573484617668,"{'classifier__estimator__ccp_alpha': np.float64(0.0045765205326954465), 'classifier__estimator__max_depth': 15, 'classifier__estimator__max_features': 'sqrt', 'classifier__estimator__max_leaf_nodes': 2, 'classifier__estimator__min_impurity_decrease': np.float64(0.06495532537535305), 'classifier__estimator__min_samples_leaf': 9, 'classifier__estimator__min_samples_split': 2, 'classifier__max_features': np.float64(0.5478873654953178), 'classifier__max_samples': np.float64(0.6156901162069068), 'classifier__n_estimators': 852, 'feature_selection_filter__k': 26}",48.91659164428711,"[0, 1, 2, 3, 4, 5, 6, 7, 8, 9, 10, 11, 12, 14, 16, 17, 18, 19, 20, 21, 22, 24, 27, 28, 29, 30]","['Amount_log1p', 'V1', 'V2', 'V3', 'V4', 'V5', 'V6', 'V7', 'V8', 'V9', 'V10', 'V11', 'V12', 'V14', 'V16', 'V17', 'V18', 'V19', 'V20', 'V21', 'V22', 'V24', 'V27', 'V28', 'Time_sin', 'Time_cos']"
CostSensitiveLearning_ClusterCentroids___RandomizedSearchCV__niter_30__cv_5,9,9,Exponential,resubstitution,279,17687,20,62,0.9954565602836879,0.9331103678929766,0.8181818181818182,0.871875,0.9988705031908285,0.0011294968091715152,0.9085261606863233,0.9040230552529397,0.8715193068170201,0.8695724134430124,0.9589428737942994,0.8709532521399517,22561,0.8759582092705032,0.00966699493127229,0.8750848706411698,0.030061096918705947,"{'classifier__estimator__ccp_alpha': np.float64(0.006744962736569601), 'classifier__estimator__max_depth': 3, 'classifier__estimator__max_features': 'log2', 'classifier__estimator__max_leaf_nodes': 2, 'classifier__estimator__min_impurity_decrease': np.float64(0.06009155607295844), 'classifier__estimator__min_samples_leaf': 1, 'classifier__estimator__min_samples_split': 6, 'classifier__max_features': np.float64(0.6957156297923954), 'classifier__max_samples': np.float64(0.526634317582307), 'classifier__n_estimators': 898, 'feature_selection_filter__k': 22}",46.46156978607178,"[1, 2, 3, 4, 5, 6, 7, 8, 9, 10, 11, 12, 14, 16, 17, 18, 19, 20, 21, 27, 28, 29]","['V1', 'V2', 'V3', 'V4', 'V5', 'V6', 'V7', 'V8', 'V9', 'V10', 'V11', 'V12', 'V14', 'V16', 'V17', 'V18', 'V19', 'V20', 'V21', 'V27', 'V28', 'Time_sin']"
CostSensitiveLearning_ClusterCentroids___RandomizedSearchCV__niter_30__cv_5,9,10,Exponential,resubstitution,291,17681,26,50,0.9957890070921985,0.917981072555205,0.8533724340175953,0.8844984802431611,0.998531654148077,0.0014683458519230141,0.9259520440828362,0.923103129744429,0.8829663228375234,0.8823567956814207,0.9980552615422732,0.9302199433108016,22561,0.8975203143994763,0.014087528354458475,0.8800924436661213,0.03338221267976388,"{'classifier__estimator__ccp_alpha': np.float64(0.0024707865063720337), 'classifier__estimator__max_depth': 8, 'classifier__estimator__max_features': 'log2', 'classifier__estimator__max_leaf_nodes': 19, 'classifier__estimator__min_impurity_decrease': np.float64(0.001516261710851341), 'classifier__estimator__min_samples_leaf': 6, 'classifier__estimator__min_samples_split': 8, 'classifier__max_features': np.float64(0.5238719066705645), 'classifier__max_samples': np.float64(0.6172992700894562), 'classifier__n_estimators': 172, 'feature_selection_filter__k': 'all'}",47.3463339805603,"[0, 1, 2, 3, 4, 5, 6, 7, 8, 9, 10, 11, 12, 13, 14, 15, 16, 17, 18, 19, 20, 21, 22, 23, 24, 25, 26, 27, 28, 29, 30]","['Amount_log1p', 'V1', 'V2', 'V3', 'V4', 'V5', 'V6', 'V7', 'V8', 'V9', 'V10', 'V11', 'V12', 'V13', 'V14', 'V15', 'V16', 'V17', 'V18', 'V19', 'V20', 'V21', 'V22', 'V23', 'V24', 'V25', 'V26', 'V27', 'V28', 'Time_sin', 'Time_cos']"
CostSensitiveLearning_ClusterCentroids___RandomizedSearchCV__niter_30__cv_5,10,1,Exponential,resubstitution,286,17684,23,55,0.9956781914893617,0.9255663430420712,0.8387096774193549,0.88,0.9987010786694528,0.0012989213305472092,0.9187053780444039,0.915215963327355,0.8789100114384132,0.8778049005326349,0.9647028934826544,0.8607250553919552,22560,0.8890529512790287,0.007713481793386787,0.8879035866534739,0.043406745355098704,"{'classifier__estimator__ccp_alpha': np.float64(0.004928944360286934), 'classifier__estimator__max_depth': 15, 'classifier__estimator__max_features': 'sqrt', 'classifier__estimator__max_leaf_nodes': 19, 'classifier__estimator__min_impurity_decrease': np.float64(0.06738967247085031), 'classifier__estimator__min_samples_leaf': 3, 'classifier__estimator__min_samples_split': 9, 'classifier__max_features': np.float64(0.5532257790776389), 'classifier__max_samples': np.float64(0.9646264572908796), 'classifier__n_estimators': 320, 'feature_selection_filter__k': 22}",42.37435722351074,"[1, 2, 3, 4, 5, 6, 7, 8, 9, 10, 11, 12, 14, 16, 17, 18, 19, 20, 21, 27, 28, 29]","['V1', 'V2', 'V3', 'V4', 'V5', 'V6', 'V7', 'V8', 'V9', 'V10', 'V11', 'V12', 'V14', 'V16', 'V17', 'V18', 'V19', 'V20', 'V21', 'V27', 'V28', 'Time_sin']"
CostSensitiveLearning_ClusterCentroids___RandomizedSearchCV__niter_30__cv_5,10,2,Exponential,resubstitution,278,17688,19,63,0.9954565602836879,0.936026936026936,0.8152492668621701,0.8714733542319749,0.998926978031287,0.0010730219687129505,0.9070881224467287,0.902426997872321,0.8713215860871893,0.869171955265482,0.9635881364412272,0.8667297726287847,22560,0.865266352022003,0.007233430768557895,0.8648328049902853,0.03003213911121736,"{'classifier__estimator__ccp_alpha': np.float64(0.004581490303739454), 'classifier__estimator__max_depth': 15, 'classifier__estimator__max_features': 'sqrt', 'classifier__estimator__max_leaf_nodes': 19, 'classifier__estimator__min_impurity_decrease': np.float64(0.04556230139148035), 'classifier__estimator__min_samples_leaf': 7, 'classifier__estimator__min_samples_split': 9, 'classifier__max_features': np.float64(0.7722346904494423), 'classifier__max_samples': np.float64(0.8730453800811427), 'classifier__n_estimators': 297, 'feature_selection_filter__k': 20}",43.31444692611694,"[1, 2, 3, 4, 5, 6, 7, 8, 9, 10, 11, 12, 14, 16, 17, 18, 19, 20, 21, 27]","['V1', 'V2', 'V3', 'V4', 'V5', 'V6', 'V7', 'V8', 'V9', 'V10', 'V11', 'V12', 'V14', 'V16', 'V17', 'V18', 'V19', 'V20', 'V21', 'V27']"
CostSensitiveLearning_ClusterCentroids___RandomizedSearchCV__niter_30__cv_5,10,3,Exponential,resubstitution,279,17691,16,62,0.9956781914893617,0.9457627118644067,0.8181818181818182,0.8773584905660378,0.9990964025526627,0.0009035974473372566,0.9086391103672404,0.9041252740519156,0.8775517252581083,0.8751705411330227,0.9598700714315644,0.8567060007854707,22560,0.8733532018494692,0.014304682115214936,0.8765104766762455,0.03644590489229066,"{'classifier__estimator__ccp_alpha': np.float64(0.008114036263085848), 'classifier__estimator__max_depth': 18, 'classifier__estimator__max_features': 'sqrt', 'classifier__estimator__max_leaf_nodes': 7, 'classifier__estimator__min_impurity_decrease': np.float64(0.08747629125809048), 'classifier__estimator__min_samples_leaf': 4, 'classifier__estimator__min_samples_split': 8, 'classifier__max_features': np.float64(0.5280109794384367), 'classifier__max_samples': np.float64(0.5952547200333038), 'classifier__n_estimators': 443, 'feature_selection_filter__k': 28}",41.50837254524231,"[0, 1, 2, 3, 4, 5, 6, 7, 8, 9, 10, 11, 12, 14, 15, 16, 17, 18, 19, 20, 21, 22, 23, 24, 26, 27, 28, 29]","['Amount_log1p', 'V1', 'V2', 'V3', 'V4', 'V5', 'V6', 'V7', 'V8', 'V9', 'V10', 'V11', 'V12', 'V14', 'V15', 'V16', 'V17', 'V18', 'V19', 'V20', 'V21', 'V22', 'V23', 'V24', 'V26', 'V27', 'V28', 'Time_sin']"
CostSensitiveLearning_ClusterCentroids___RandomizedSearchCV__niter_30__cv_5,10,4,Exponential,resubstitution,286,17689,18,55,0.9959552304964538,0.9407894736842105,0.8387096774193549,0.8868217054263566,0.9989834528717456,0.0010165471282543859,0.9188465651455502,0.9153453389324354,0.8862823097609139,0.8847694240990089,0.9670033737506598,0.8612238853787285,22560,0.8859960926438213,0.006975804633418016,0.887056549664216,0.01707603655705882,"{'classifier__estimator__ccp_alpha': np.float64(0.004282203206417769), 'classifier__estimator__max_depth': 6, 'classifier__estimator__max_features': 'log2', 'classifier__estimator__max_leaf_nodes': 5, 'classifier__estimator__min_impurity_decrease': np.float64(0.08284500542097888), 'classifier__estimator__min_samples_leaf': 8, 'classifier__estimator__min_samples_split': 8, 'classifier__max_features': np.float64(0.6971457977759359), 'classifier__max_samples': np.float64(0.8610385171560986), 'classifier__n_estimators': 916, 'feature_selection_filter__k': 20}",42.97218632698059,"[1, 2, 3, 4, 5, 6, 7, 8, 9, 10, 11, 12, 14, 16, 17, 18, 19, 20, 21, 27]","['V1', 'V2', 'V3', 'V4', 'V5', 'V6', 'V7', 'V8', 'V9', 'V10', 'V11', 'V12', 'V14', 'V16', 'V17', 'V18', 'V19', 'V20', 'V21', 'V27']"
CostSensitiveLearning_ClusterCentroids___RandomizedSearchCV__niter_30__cv_5,10,5,Exponential,resubstitution,294,17689,19,46,0.9963984929078015,0.939297124600639,0.8647058823529412,0.900459418070444,0.9989270386266095,0.0010729613733905241,0.9318164604897754,0.9293966248818816,0.8994264167271186,0.8986286805344808,0.9816476268619035,0.8890950399199137,22560,0.8946381153120276,0.008036882676357462,0.8883880471380472,0.02608444612284366,"{'classifier__estimator__ccp_alpha': np.float64(0.007305457082342785), 'classifier__estimator__max_depth': 13, 'classifier__estimator__max_features': 'log2', 'classifier__estimator__max_leaf_nodes': 5, 'classifier__estimator__min_impurity_decrease': np.float64(0.007269261387149695), 'classifier__estimator__min_samples_leaf': 4, 'classifier__estimator__min_samples_split': 7, 'classifier__max_features': np.float64(0.7773676705845508), 'classifier__max_samples': np.float64(0.8732883238263275), 'classifier__n_estimators': 402, 'feature_selection_filter__k': 22}",41.07510185241699,"[1, 2, 3, 4, 5, 6, 7, 8, 9, 10, 11, 12, 14, 16, 17, 18, 19, 20, 21, 23, 27, 29]","['V1', 'V2', 'V3', 'V4', 'V5', 'V6', 'V7', 'V8', 'V9', 'V10', 'V11', 'V12', 'V14', 'V16', 'V17', 'V18', 'V19', 'V20', 'V21', 'V23', 'V27', 'Time_sin']"
CostSensitiveLearning_ClusterCentroids___RandomizedSearchCV__niter_30__cv_5,10,6,Exponential,resubstitution,283,17686,22,57,0.9956227836879432,0.9278688524590164,0.8323529411764706,0.8775193798449612,0.9987576236729162,0.001242376327083794,0.9155552824246934,0.9117668811634773,0.8766365465193114,0.8752976325833773,0.9618449288457196,0.8573515545470337,22560,0.8806494708544712,0.0057990093154547335,0.8841403696859409,0.009585901695406124,"{'classifier__estimator__ccp_alpha': np.float64(0.0011622602652254443), 'classifier__estimator__max_depth': 8, 'classifier__estimator__max_features': 'log2', 'classifier__estimator__max_leaf_nodes': 5, 'classifier__estimator__min_impurity_decrease': np.float64(0.05469717854327502), 'classifier__estimator__min_samples_leaf': 7, 'classifier__estimator__min_samples_split': 5, 'classifier__max_features': np.float64(0.5580278528186859), 'classifier__max_samples': np.float64(0.7327834993033739), 'classifier__n_estimators': 195, 'feature_selection_filter__k': 26}",38.61480164527893,"[0, 1, 2, 3, 4, 5, 6, 7, 8, 9, 10, 11, 12, 14, 16, 17, 18, 19, 20, 21, 23, 24, 26, 27, 28, 29]","['Amount_log1p', 'V1', 'V2', 'V3', 'V4', 'V5', 'V6', 'V7', 'V8', 'V9', 'V10', 'V11', 'V12', 'V14', 'V16', 'V17', 'V18', 'V19', 'V20', 'V21', 'V23', 'V24', 'V26', 'V27', 'V28', 'Time_sin']"
CostSensitiveLearning_ClusterCentroids___RandomizedSearchCV__niter_30__cv_5,10,7,Exponential,resubstitution,286,17688,20,54,0.9958998226950354,0.934640522875817,0.8411764705882353,0.8854489164086687,0.9988705669753783,0.001129433024621651,0.9200235187818069,0.9166386518704185,0.8846384651457655,0.8833673567766734,0.9625216751484873,0.8673813875929685,22560,0.8885591909820839,0.0073648689482257975,0.8919422752444406,0.019377332807637045,"{'classifier__estimator__ccp_alpha': np.float64(2.992297840501035e-05), 'classifier__estimator__max_depth': 5, 'classifier__estimator__max_features': 'sqrt', 'classifier__estimator__max_leaf_nodes': 6, 'classifier__estimator__min_impurity_decrease': np.float64(0.09603675304568474), 'classifier__estimator__min_samples_leaf': 2, 'classifier__estimator__min_samples_split': 8, 'classifier__max_features': np.float64(0.9498265263730592), 'classifier__max_samples': np.float64(0.6410572317804601), 'classifier__n_estimators': 933, 'feature_selection_filter__k': 24}",43.1828773021698,"[1, 2, 3, 4, 5, 6, 7, 8, 9, 10, 11, 12, 14, 16, 17, 18, 19, 20, 21, 22, 23, 27, 28, 29]","['V1', 'V2', 'V3', 'V4', 'V5', 'V6', 'V7', 'V8', 'V9', 'V10', 'V11', 'V12', 'V14', 'V16', 'V17', 'V18', 'V19', 'V20', 'V21', 'V22', 'V23', 'V27', 'V28', 'Time_sin']"
CostSensitiveLearning_ClusterCentroids___RandomizedSearchCV__niter_30__cv_5,10,8,Exponential,resubstitution,301,17685,22,40,0.9965647163120568,0.9318885448916409,0.8826979472140762,0.9066265060240963,0.9987575535099114,0.0012424464900886445,0.9407277503619937,0.9389362290633755,0.9052232341808826,0.9048779853354241,0.9984473559258089,0.9475824291524934,22561,0.9117593293626074,0.013062015853009985,0.9032930064581913,0.009204160722464792,"{'classifier__estimator__ccp_alpha': np.float64(0.0020016541720999327), 'classifier__estimator__max_depth': 9, 'classifier__estimator__max_features': 'log2', 'classifier__estimator__max_leaf_nodes': 17, 'classifier__estimator__min_impurity_decrease': np.float64(0.0022878081619498005), 'classifier__estimator__min_samples_leaf': 6, 'classifier__estimator__min_samples_split': 3, 'classifier__max_features': np.float64(0.6928382685945733), 'classifier__max_samples': np.float64(0.9314389005755178), 'classifier__n_estimators': 253, 'feature_selection_filter__k': 28}",41.63643193244934,"[0, 1, 2, 3, 4, 5, 6, 7, 8, 9, 10, 11, 12, 13, 14, 16, 17, 18, 19, 20, 21, 22, 23, 24, 27, 28, 29, 30]","['Amount_log1p', 'V1', 'V2', 'V3', 'V4', 'V5', 'V6', 'V7', 'V8', 'V9', 'V10', 'V11', 'V12', 'V13', 'V14', 'V16', 'V17', 'V18', 'V19', 'V20', 'V21', 'V22', 'V23', 'V24', 'V27', 'V28', 'Time_sin', 'Time_cos']"
CostSensitiveLearning_ClusterCentroids___RandomizedSearchCV__niter_30__cv_5,10,9,Exponential,resubstitution,287,17689,18,54,0.9960106382978723,0.940983606557377,0.841642228739003,0.8885448916408669,0.9989834528717456,0.0010165471282543859,0.9203128408053742,0.9169441966381383,0.8879507758082099,0.8865202840835358,0.969778507663106,0.8737693067081465,22561,0.8887622931323798,0.0083753163470099,0.8908095923847272,0.03016561854326936,"{'classifier__estimator__ccp_alpha': np.float64(0.0011995957154471227), 'classifier__estimator__max_depth': 5, 'classifier__estimator__max_features': 'sqrt', 'classifier__estimator__max_leaf_nodes': 11, 'classifier__estimator__min_impurity_decrease': np.float64(0.07748059227200269), 'classifier__estimator__min_samples_leaf': 3, 'classifier__estimator__min_samples_split': 7, 'classifier__max_features': np.float64(0.8955564715832752), 'classifier__max_samples': np.float64(0.8905299863773939), 'classifier__n_estimators': 466, 'feature_selection_filter__k': 22}",45.002594232559204,"[1, 2, 3, 4, 5, 6, 7, 8, 9, 10, 11, 12, 14, 16, 17, 18, 19, 20, 21, 27, 28, 29]","['V1', 'V2', 'V3', 'V4', 'V5', 'V6', 'V7', 'V8', 'V9', 'V10', 'V11', 'V12', 'V14', 'V16', 'V17', 'V18', 'V19', 'V20', 'V21', 'V27', 'V28', 'Time_sin']"
CostSensitiveLearning_ClusterCentroids___RandomizedSearchCV__niter_30__cv_5,10,10,Exponential,resubstitution,289,17693,14,52,0.996343085106383,0.9537953795379538,0.8475073313782991,0.8975155279503105,0.99920935223358,0.0007906477664200162,0.9233583418059396,0.9202376060560231,0.8972810259644592,0.8956604550034135,0.9859866212593492,0.8862140161664455,22561,0.8966600789562597,0.008352731564625963,0.8859129254417955,0.025297658516343323,"{'classifier__estimator__ccp_alpha': np.float64(0.0009628644740486747), 'classifier__estimator__max_depth': 3, 'classifier__estimator__max_features': 'log2', 'classifier__estimator__max_leaf_nodes': 16, 'classifier__estimator__min_impurity_decrease': np.float64(0.0010241126189676653), 'classifier__estimator__min_samples_leaf': 1, 'classifier__estimator__min_samples_split': 9, 'classifier__max_features': np.float64(0.763194388453176), 'classifier__max_samples': np.float64(0.7791113322648489), 'classifier__n_estimators': 633, 'feature_selection_filter__k': 20}",51.00238037109375,"[1, 2, 3, 4, 5, 6, 7, 8, 9, 10, 11, 12, 14, 16, 17, 18, 19, 20, 21, 27]","['V1', 'V2', 'V3', 'V4', 'V5', 'V6', 'V7', 'V8', 'V9', 'V10', 'V11', 'V12', 'V14', 'V16', 'V17', 'V18', 'V19', 'V20', 'V21', 'V27']"
