experiment_name,iteration,fold,model,split,tp,tn,fp,fn,accuracy,precision,recall,f1,specificity,fpr,balanced_accuracy,geometric_mean,mcc,kappa,roc_auc,average_precision,fold_size,cv_tuning_mean_train_score,cv_tuning_std_train_score,cv_tuning_mean_val_score,cv_tuning_std_val_score,best_params,tuning_time,selected_features_indices,selected_features_names
CostSensitiveLearning_with_RandomUnderSampler___RandomizedSearchCV__niter_30__cv_5,1,1,APriori,resubstitution,282,17683,24,59,0.9954011524822695,0.9215686274509803,0.8269794721407625,0.8717156105100463,0.9986446038289942,0.0013553961710057738,0.9128120379848783,0.9087676200936753,0.8707029810041632,0.8693811950858902,0.963893613987344,0.8557617422597377,22560,0.8722240124811732,0.009733198704131406,0.8709428527025794,0.023470453207378894,"{'classifier__estimator__ccp_alpha': np.float64(0.0038292687475378986), 'classifier__estimator__max_depth': 17, 'classifier__estimator__max_features': 'log2', 'classifier__estimator__max_leaf_nodes': 4, 'classifier__estimator__min_impurity_decrease': np.float64(0.07607850486168975), 'classifier__estimator__min_samples_leaf': 7, 'classifier__estimator__min_samples_split': 8, 'classifier__max_features': np.float64(0.6280341613806619), 'classifier__max_samples': np.float64(0.5202167947692157), 'classifier__n_estimators': 306, 'feature_selection_filter__k': 22}",36.085418462753296,"[1, 2, 3, 4, 5, 6, 7, 8, 9, 10, 11, 12, 14, 16, 17, 18, 19, 20, 21, 23, 27, 29]","['V1', 'V2', 'V3', 'V4', 'V5', 'V6', 'V7', 'V8', 'V9', 'V10', 'V11', 'V12', 'V14', 'V16', 'V17', 'V18', 'V19', 'V20', 'V21', 'V23', 'V27', 'Time_sin']"
CostSensitiveLearning_with_RandomUnderSampler___RandomizedSearchCV__niter_30__cv_5,1,2,APriori,resubstitution,284,17674,33,57,0.9950132978723404,0.8958990536277602,0.8328445747800587,0.8632218844984803,0.998136330264867,0.0018636697351329667,0.9154904525224629,0.9117523937736448,0.8612802359659822,0.8606856790964192,0.9642693124494564,0.8579387146606888,22560,0.8749485329160052,0.01117973619694351,0.8722720791687435,0.02285943853266336,"{'classifier__estimator__ccp_alpha': np.float64(0.004905704421134081), 'classifier__estimator__max_depth': 5, 'classifier__estimator__max_features': 'sqrt', 'classifier__estimator__max_leaf_nodes': 19, 'classifier__estimator__min_impurity_decrease': np.float64(0.09718096955670812), 'classifier__estimator__min_samples_leaf': 4, 'classifier__estimator__min_samples_split': 8, 'classifier__max_features': np.float64(0.6964866597459127), 'classifier__max_samples': np.float64(0.5351143994727472), 'classifier__n_estimators': 379, 'feature_selection_filter__k': 28}",32.980793952941895,"[0, 1, 2, 3, 4, 5, 6, 7, 8, 9, 10, 11, 12, 14, 16, 17, 18, 19, 20, 21, 22, 23, 24, 25, 27, 28, 29, 30]","['Amount_log1p', 'V1', 'V2', 'V3', 'V4', 'V5', 'V6', 'V7', 'V8', 'V9', 'V10', 'V11', 'V12', 'V14', 'V16', 'V17', 'V18', 'V19', 'V20', 'V21', 'V22', 'V23', 'V24', 'V25', 'V27', 'V28', 'Time_sin', 'Time_cos']"
CostSensitiveLearning_with_RandomUnderSampler___RandomizedSearchCV__niter_30__cv_5,1,3,APriori,resubstitution,286,17679,28,55,0.9954011524822695,0.910828025477707,0.8387096774193549,0.8732824427480916,0.9984187044671599,0.0015812955328401435,0.9185641909432574,0.9150865694310576,0.8717131018432911,0.8709445751860123,0.9619470537605702,0.8605129045887958,22560,0.8737274373635995,0.00798071707798093,0.8780319300818251,0.025465439170742756,"{'classifier__estimator__ccp_alpha': np.float64(0.005870198704928197), 'classifier__estimator__max_depth': 19, 'classifier__estimator__max_features': 'log2', 'classifier__estimator__max_leaf_nodes': 2, 'classifier__estimator__min_impurity_decrease': np.float64(0.009734347167209402), 'classifier__estimator__min_samples_leaf': 3, 'classifier__estimator__min_samples_split': 8, 'classifier__max_features': np.float64(0.9279764754582693), 'classifier__max_samples': np.float64(0.6893389938917076), 'classifier__n_estimators': 937, 'feature_selection_filter__k': 26}",41.075658321380615,"[0, 1, 2, 3, 4, 5, 6, 7, 8, 9, 10, 11, 12, 14, 16, 17, 18, 19, 20, 21, 23, 24, 27, 28, 29, 30]","['Amount_log1p', 'V1', 'V2', 'V3', 'V4', 'V5', 'V6', 'V7', 'V8', 'V9', 'V10', 'V11', 'V12', 'V14', 'V16', 'V17', 'V18', 'V19', 'V20', 'V21', 'V23', 'V24', 'V27', 'V28', 'Time_sin', 'Time_cos']"
CostSensitiveLearning_with_RandomUnderSampler___RandomizedSearchCV__niter_30__cv_5,1,4,APriori,resubstitution,281,17681,26,60,0.9952349290780141,0.9153094462540716,0.8240469208211144,0.8672839506172839,0.998531654148077,0.0014683458519230141,0.9112892874845957,0.9071035965881388,0.8661016003273853,0.8648646624985961,0.965592248008351,0.8630450996397729,22560,0.8682944669689672,0.007395197629957683,0.8668436819373906,0.0266387452247694,"{'classifier__estimator__ccp_alpha': np.float64(0.009890115134756001), 'classifier__estimator__max_depth': 6, 'classifier__estimator__max_features': 'sqrt', 'classifier__estimator__max_leaf_nodes': 2, 'classifier__estimator__min_impurity_decrease': np.float64(0.0420138493756127), 'classifier__estimator__min_samples_leaf': 6, 'classifier__estimator__min_samples_split': 5, 'classifier__max_features': np.float64(0.9573202821344433), 'classifier__max_samples': np.float64(0.740436982544221), 'classifier__n_estimators': 677, 'feature_selection_filter__k': 'all'}",39.11681127548218,"[0, 1, 2, 3, 4, 5, 6, 7, 8, 9, 10, 11, 12, 13, 14, 15, 16, 17, 18, 19, 20, 21, 22, 23, 24, 25, 26, 27, 28, 29, 30]","['Amount_log1p', 'V1', 'V2', 'V3', 'V4', 'V5', 'V6', 'V7', 'V8', 'V9', 'V10', 'V11', 'V12', 'V13', 'V14', 'V15', 'V16', 'V17', 'V18', 'V19', 'V20', 'V21', 'V22', 'V23', 'V24', 'V25', 'V26', 'V27', 'V28', 'Time_sin', 'Time_cos']"
CostSensitiveLearning_with_RandomUnderSampler___RandomizedSearchCV__niter_30__cv_5,1,5,APriori,resubstitution,284,17678,30,56,0.9952349290780141,0.9044585987261147,0.8352941176470589,0.8685015290519877,0.9983058504630675,0.0016941495369324766,0.9167999840550631,0.9131697566742147,0.8667896729095044,0.8660789351254268,0.9648638368832965,0.8489722066607756,22560,0.8654864296076488,0.007816593462008544,0.8644742357492097,0.017972675571986528,"{'classifier__estimator__ccp_alpha': np.float64(0.0019512729674487105), 'classifier__estimator__max_depth': 5, 'classifier__estimator__max_features': 'log2', 'classifier__estimator__max_leaf_nodes': 2, 'classifier__estimator__min_impurity_decrease': np.float64(0.0006246276335343693), 'classifier__estimator__min_samples_leaf': 5, 'classifier__estimator__min_samples_split': 7, 'classifier__max_features': np.float64(0.5693554620065604), 'classifier__max_samples': np.float64(0.553572597574249), 'classifier__n_estimators': 999, 'feature_selection_filter__k': 20}",43.67728543281555,"[1, 2, 3, 4, 5, 6, 7, 8, 9, 10, 11, 12, 14, 16, 17, 18, 19, 20, 21, 27]","['V1', 'V2', 'V3', 'V4', 'V5', 'V6', 'V7', 'V8', 'V9', 'V10', 'V11', 'V12', 'V14', 'V16', 'V17', 'V18', 'V19', 'V20', 'V21', 'V27']"
CostSensitiveLearning_with_RandomUnderSampler___RandomizedSearchCV__niter_30__cv_5,1,6,APriori,resubstitution,288,17692,16,52,0.9962322695035462,0.9473684210526315,0.8470588235294118,0.8944099378881988,0.9990964535803026,0.0009035464196973653,0.9230776385548571,0.9199420995704777,0.8939469073695093,0.8924979537835384,0.9648322791958437,0.8718665981851416,22560,0.8986954375413241,0.006870101840845643,0.8931492754660022,0.03771380440038652,"{'classifier__estimator__ccp_alpha': np.float64(0.009860829621538092), 'classifier__estimator__max_depth': 13, 'classifier__estimator__max_features': 'sqrt', 'classifier__estimator__max_leaf_nodes': 2, 'classifier__estimator__min_impurity_decrease': np.float64(0.0038753075676337123), 'classifier__estimator__min_samples_leaf': 8, 'classifier__estimator__min_samples_split': 8, 'classifier__max_features': np.float64(0.8980274144547371), 'classifier__max_samples': np.float64(0.6399596333467363), 'classifier__n_estimators': 298, 'feature_selection_filter__k': 28}",30.174529790878296,"[0, 1, 2, 3, 4, 5, 6, 7, 8, 9, 10, 11, 12, 13, 14, 16, 17, 18, 19, 20, 21, 23, 24, 25, 27, 28, 29, 30]","['Amount_log1p', 'V1', 'V2', 'V3', 'V4', 'V5', 'V6', 'V7', 'V8', 'V9', 'V10', 'V11', 'V12', 'V13', 'V14', 'V16', 'V17', 'V18', 'V19', 'V20', 'V21', 'V23', 'V24', 'V25', 'V27', 'V28', 'Time_sin', 'Time_cos']"
CostSensitiveLearning_with_RandomUnderSampler___RandomizedSearchCV__niter_30__cv_5,1,7,APriori,resubstitution,281,17685,23,59,0.9954565602836879,0.9243421052631579,0.8264705882352941,0.8726708074534162,0.9987011520216851,0.001298847978314921,0.9125858701284896,0.9085136920171473,0.8717782010071846,0.8703651795625021,0.9593733805923543,0.8517183600619447,22560,0.876779262439116,0.0110886975992437,0.8806466869693615,0.035004652510270094,"{'classifier__estimator__ccp_alpha': np.float64(0.00620986003698274), 'classifier__estimator__max_depth': 19, 'classifier__estimator__max_features': 'log2', 'classifier__estimator__max_leaf_nodes': 2, 'classifier__estimator__min_impurity_decrease': np.float64(0.01096137064394045), 'classifier__estimator__min_samples_leaf': 1, 'classifier__estimator__min_samples_split': 6, 'classifier__max_features': np.float64(0.853150921846132), 'classifier__max_samples': np.float64(0.7105228244433276), 'classifier__n_estimators': 514, 'feature_selection_filter__k': 24}",34.2704553604126,"[0, 1, 2, 3, 4, 5, 6, 7, 8, 9, 10, 11, 12, 14, 16, 17, 18, 19, 20, 21, 24, 27, 28, 29]","['Amount_log1p', 'V1', 'V2', 'V3', 'V4', 'V5', 'V6', 'V7', 'V8', 'V9', 'V10', 'V11', 'V12', 'V14', 'V16', 'V17', 'V18', 'V19', 'V20', 'V21', 'V24', 'V27', 'V28', 'Time_sin']"
CostSensitiveLearning_with_RandomUnderSampler___RandomizedSearchCV__niter_30__cv_5,1,8,APriori,resubstitution,289,17681,26,52,0.9956781914893617,0.9174603174603174,0.8475073313782991,0.8810975609756098,0.998531654148077,0.0014683458519230141,0.9230194927631881,0.9199254847561271,0.8796171231922296,0.8789001792568865,0.9758149394005089,0.8725084400195703,22561,0.8770469698087272,0.01279588427148494,0.8815357303800407,0.012510450596344815,"{'classifier__estimator__ccp_alpha': np.float64(0.006340266857304928), 'classifier__estimator__max_depth': 4, 'classifier__estimator__max_features': 'log2', 'classifier__estimator__max_leaf_nodes': 2, 'classifier__estimator__min_impurity_decrease': np.float64(0.05686217582112443), 'classifier__estimator__min_samples_leaf': 7, 'classifier__estimator__min_samples_split': 9, 'classifier__max_features': np.float64(0.9585578427750815), 'classifier__max_samples': np.float64(0.8538104564650183), 'classifier__n_estimators': 450, 'feature_selection_filter__k': 24}",41.546168088912964,"[0, 1, 2, 3, 4, 5, 6, 7, 8, 9, 10, 11, 12, 14, 16, 17, 18, 19, 20, 21, 23, 27, 28, 29]","['Amount_log1p', 'V1', 'V2', 'V3', 'V4', 'V5', 'V6', 'V7', 'V8', 'V9', 'V10', 'V11', 'V12', 'V14', 'V16', 'V17', 'V18', 'V19', 'V20', 'V21', 'V23', 'V27', 'V28', 'Time_sin']"
CostSensitiveLearning_with_RandomUnderSampler___RandomizedSearchCV__niter_30__cv_5,1,9,APriori,resubstitution,280,17681,26,61,0.9951795212765957,0.9150326797385621,0.8211143695014663,0.865533230293663,0.998531654148077,0.0014683458519230141,0.9098230118247717,0.9054880946887455,0.8643985282546539,0.8630863129213548,0.9631873472508758,0.8433280501252219,22561,0.8726303066064499,0.0020770342629628374,0.8742418190425468,0.02560038016654753,"{'classifier__estimator__ccp_alpha': np.float64(0.009189621567851667), 'classifier__estimator__max_depth': 3, 'classifier__estimator__max_features': 'log2', 'classifier__estimator__max_leaf_nodes': 2, 'classifier__estimator__min_impurity_decrease': np.float64(0.03672839247247999), 'classifier__estimator__min_samples_leaf': 2, 'classifier__estimator__min_samples_split': 5, 'classifier__max_features': np.float64(0.5554153993389251), 'classifier__max_samples': np.float64(0.5850146123306676), 'classifier__n_estimators': 681, 'feature_selection_filter__k': 20}",38.2599515914917,"[1, 2, 3, 4, 5, 6, 7, 8, 9, 10, 11, 12, 14, 16, 17, 18, 19, 20, 21, 27]","['V1', 'V2', 'V3', 'V4', 'V5', 'V6', 'V7', 'V8', 'V9', 'V10', 'V11', 'V12', 'V14', 'V16', 'V17', 'V18', 'V19', 'V20', 'V21', 'V27']"
CostSensitiveLearning_with_RandomUnderSampler___RandomizedSearchCV__niter_30__cv_5,1,10,APriori,resubstitution,283,17674,33,58,0.994957890070922,0.8955696202531646,0.8299120234604106,0.8614916286149162,0.998136330264867,0.0018636697351329667,0.9140241768626388,0.9101457803777725,0.8595734218794696,0.8589276228944382,0.9629485298903444,0.8573858565034431,22561,0.8681737486431504,0.004618165119508648,0.8738444889219885,0.021205712352230288,"{'classifier__estimator__ccp_alpha': np.float64(0.0011543532744378304), 'classifier__estimator__max_depth': 12, 'classifier__estimator__max_features': 'sqrt', 'classifier__estimator__max_leaf_nodes': 2, 'classifier__estimator__min_impurity_decrease': np.float64(0.08018178091594402), 'classifier__estimator__min_samples_leaf': 2, 'classifier__estimator__min_samples_split': 5, 'classifier__max_features': np.float64(0.6307199202088676), 'classifier__max_samples': np.float64(0.9804222245767851), 'classifier__n_estimators': 426, 'feature_selection_filter__k': 22}",37.79118585586548,"[1, 2, 3, 4, 5, 6, 7, 8, 9, 10, 11, 12, 14, 16, 17, 18, 19, 20, 21, 23, 27, 28]","['V1', 'V2', 'V3', 'V4', 'V5', 'V6', 'V7', 'V8', 'V9', 'V10', 'V11', 'V12', 'V14', 'V16', 'V17', 'V18', 'V19', 'V20', 'V21', 'V23', 'V27', 'V28']"
CostSensitiveLearning_with_RandomUnderSampler___RandomizedSearchCV__niter_30__cv_5,2,1,APriori,resubstitution,282,17680,27,59,0.9952349290780141,0.912621359223301,0.8269794721407625,0.8676923076923077,0.9984751793076184,0.0015248206923815788,0.9127273257241905,0.9086905285791569,0.8663614025390526,0.8652720698180334,0.9642179716854029,0.8687352929933706,22560,0.8745861218743916,0.011793379631682017,0.8747006986156093,0.0377612442676807,"{'classifier__estimator__ccp_alpha': np.float64(0.008012087677804005), 'classifier__estimator__max_depth': 15, 'classifier__estimator__max_features': 'sqrt', 'classifier__estimator__max_leaf_nodes': 4, 'classifier__estimator__min_impurity_decrease': np.float64(0.098438684194162), 'classifier__estimator__min_samples_leaf': 5, 'classifier__estimator__min_samples_split': 7, 'classifier__max_features': np.float64(0.7683521816846335), 'classifier__max_samples': np.float64(0.8911022911785416), 'classifier__n_estimators': 516, 'feature_selection_filter__k': 20}",36.57589077949524,"[1, 2, 3, 4, 5, 6, 7, 8, 9, 10, 11, 12, 14, 16, 17, 18, 19, 20, 21, 27]","['V1', 'V2', 'V3', 'V4', 'V5', 'V6', 'V7', 'V8', 'V9', 'V10', 'V11', 'V12', 'V14', 'V16', 'V17', 'V18', 'V19', 'V20', 'V21', 'V27']"
CostSensitiveLearning_with_RandomUnderSampler___RandomizedSearchCV__niter_30__cv_5,2,2,APriori,resubstitution,283,17680,27,58,0.9952903368794326,0.9129032258064517,0.8299120234604106,0.869431643625192,0.9984751793076184,0.0015248206923815788,0.9141936013840145,0.9103002561980206,0.8680602949777275,0.8670390995601599,0.9646011228390714,0.867077696831263,22560,0.8644526675713209,0.010690142381948086,0.8675357760448753,0.02965021101879459,"{'classifier__estimator__ccp_alpha': np.float64(0.007948459940085865), 'classifier__estimator__max_depth': 11, 'classifier__estimator__max_features': 'sqrt', 'classifier__estimator__max_leaf_nodes': 15, 'classifier__estimator__min_impurity_decrease': np.float64(0.08258960704717772), 'classifier__estimator__min_samples_leaf': 9, 'classifier__estimator__min_samples_split': 8, 'classifier__max_features': np.float64(0.6528536377152208), 'classifier__max_samples': np.float64(0.8515342689200488), 'classifier__n_estimators': 490, 'feature_selection_filter__k': 24}",35.014323234558105,"[0, 1, 2, 3, 4, 5, 6, 7, 8, 9, 10, 11, 12, 14, 16, 17, 18, 19, 20, 21, 24, 27, 28, 29]","['Amount_log1p', 'V1', 'V2', 'V3', 'V4', 'V5', 'V6', 'V7', 'V8', 'V9', 'V10', 'V11', 'V12', 'V14', 'V16', 'V17', 'V18', 'V19', 'V20', 'V21', 'V24', 'V27', 'V28', 'Time_sin']"
CostSensitiveLearning_with_RandomUnderSampler___RandomizedSearchCV__niter_30__cv_5,2,3,APriori,resubstitution,281,17684,23,60,0.9954011524822695,0.9243421052631579,0.8240469208211144,0.8713178294573644,0.9987010786694528,0.0012989213305472092,0.9113739997452837,0.907180549118139,0.8704703082455466,0.868984413701613,0.9643877274375146,0.8610166414688977,22560,0.8663734190487741,0.005560173948076221,0.865946211403301,0.01769206814351976,"{'classifier__estimator__ccp_alpha': np.float64(0.0041857424534429526), 'classifier__estimator__max_depth': 4, 'classifier__estimator__max_features': 'log2', 'classifier__estimator__max_leaf_nodes': 3, 'classifier__estimator__min_impurity_decrease': np.float64(0.09789805199317483), 'classifier__estimator__min_samples_leaf': 2, 'classifier__estimator__min_samples_split': 3, 'classifier__max_features': np.float64(0.9580755508856947), 'classifier__max_samples': np.float64(0.5448461456936865), 'classifier__n_estimators': 402, 'feature_selection_filter__k': 24}",35.90900468826294,"[1, 2, 3, 4, 5, 6, 7, 8, 9, 10, 11, 12, 14, 16, 17, 18, 19, 20, 21, 23, 24, 27, 28, 29]","['V1', 'V2', 'V3', 'V4', 'V5', 'V6', 'V7', 'V8', 'V9', 'V10', 'V11', 'V12', 'V14', 'V16', 'V17', 'V18', 'V19', 'V20', 'V21', 'V23', 'V24', 'V27', 'V28', 'Time_sin']"
CostSensitiveLearning_with_RandomUnderSampler___RandomizedSearchCV__niter_30__cv_5,2,4,APriori,resubstitution,286,17678,29,55,0.995345744680851,0.9079365079365079,0.8387096774193549,0.8719512195121951,0.9983622296267013,0.0016377703732987081,0.9185359535230281,0.9150606884561693,0.8702941535522541,0.8695848084304931,0.9685260414432586,0.8535066401574231,22560,0.8748189212033243,0.006283268578595198,0.8711355560799581,0.02980173888102149,"{'classifier__estimator__ccp_alpha': np.float64(0.007808627946833988), 'classifier__estimator__max_depth': 7, 'classifier__estimator__max_features': 'sqrt', 'classifier__estimator__max_leaf_nodes': 2, 'classifier__estimator__min_impurity_decrease': np.float64(0.09093556447063052), 'classifier__estimator__min_samples_leaf': 8, 'classifier__estimator__min_samples_split': 6, 'classifier__max_features': np.float64(0.8775079249889064), 'classifier__max_samples': np.float64(0.5340916488488978), 'classifier__n_estimators': 329, 'feature_selection_filter__k': 28}",41.15367341041565,"[0, 1, 2, 3, 4, 5, 6, 7, 8, 9, 10, 11, 12, 13, 14, 16, 17, 18, 19, 20, 21, 22, 23, 24, 26, 27, 28, 29]","['Amount_log1p', 'V1', 'V2', 'V3', 'V4', 'V5', 'V6', 'V7', 'V8', 'V9', 'V10', 'V11', 'V12', 'V13', 'V14', 'V16', 'V17', 'V18', 'V19', 'V20', 'V21', 'V22', 'V23', 'V24', 'V26', 'V27', 'V28', 'Time_sin']"
CostSensitiveLearning_with_RandomUnderSampler___RandomizedSearchCV__niter_30__cv_5,2,5,APriori,resubstitution,286,17668,40,54,0.9947916666666666,0.8773006134969326,0.8411764705882353,0.8588588588588588,0.9977411339507567,0.002258866049243302,0.9194588022694961,0.9161202790122055,0.856403349323485,0.8562069344298088,0.9655866740190542,0.8707277496915055,22560,0.8787896689258636,0.013528749616632986,0.8792028968637757,0.01847360711669125,"{'classifier__estimator__ccp_alpha': np.float64(0.0009958381997515532), 'classifier__estimator__max_depth': 19, 'classifier__estimator__max_features': 'sqrt', 'classifier__estimator__max_leaf_nodes': 9, 'classifier__estimator__min_impurity_decrease': np.float64(0.09197056388788616), 'classifier__estimator__min_samples_leaf': 8, 'classifier__estimator__min_samples_split': 3, 'classifier__max_features': np.float64(0.8937425147852556), 'classifier__max_samples': np.float64(0.6820975961099652), 'classifier__n_estimators': 348, 'feature_selection_filter__k': 26}",41.15072989463806,"[0, 1, 2, 3, 4, 5, 6, 7, 8, 9, 10, 11, 12, 14, 16, 17, 18, 19, 20, 21, 22, 23, 24, 27, 28, 29]","['Amount_log1p', 'V1', 'V2', 'V3', 'V4', 'V5', 'V6', 'V7', 'V8', 'V9', 'V10', 'V11', 'V12', 'V14', 'V16', 'V17', 'V18', 'V19', 'V20', 'V21', 'V22', 'V23', 'V24', 'V27', 'V28', 'Time_sin']"
CostSensitiveLearning_with_RandomUnderSampler___RandomizedSearchCV__niter_30__cv_5,2,6,APriori,resubstitution,284,17685,23,56,0.9956227836879432,0.9250814332247557,0.8352941176470589,0.8778979907264297,0.9987011520216851,0.001298847978314921,0.916997634834372,0.9133505337881259,0.8768586021814229,0.8756753400853972,0.9638982546937908,0.8646206405788041,22560,0.8674209224096691,0.016941998455504346,0.8689902463216768,0.03189184772840545,"{'classifier__estimator__ccp_alpha': np.float64(0.0008734964290217506), 'classifier__estimator__max_depth': 8, 'classifier__estimator__max_features': 'sqrt', 'classifier__estimator__max_leaf_nodes': 17, 'classifier__estimator__min_impurity_decrease': np.float64(0.09704023846297166), 'classifier__estimator__min_samples_leaf': 9, 'classifier__estimator__min_samples_split': 2, 'classifier__max_features': np.float64(0.9031127339045095), 'classifier__max_samples': np.float64(0.9685667149987051), 'classifier__n_estimators': 556, 'feature_selection_filter__k': 26}",48.485684394836426,"[0, 1, 2, 3, 4, 5, 6, 7, 8, 9, 10, 11, 12, 13, 14, 16, 17, 18, 19, 20, 21, 23, 25, 27, 28, 29]","['Amount_log1p', 'V1', 'V2', 'V3', 'V4', 'V5', 'V6', 'V7', 'V8', 'V9', 'V10', 'V11', 'V12', 'V13', 'V14', 'V16', 'V17', 'V18', 'V19', 'V20', 'V21', 'V23', 'V25', 'V27', 'V28', 'Time_sin']"
CostSensitiveLearning_with_RandomUnderSampler___RandomizedSearchCV__niter_30__cv_5,2,7,APriori,resubstitution,286,17685,23,54,0.9957335992907801,0.9255663430420712,0.8411764705882353,0.8813559322033898,0.9987011520216851,0.001298847978314921,0.9199388113049602,0.9165609146314312,0.8802305122354451,0.8791887217213687,0.9666482580156527,0.8651364860914422,22560,0.8705924708510713,0.008336423615033886,0.8794467267678495,0.006610732057911699,"{'classifier__estimator__ccp_alpha': np.float64(0.003974375696856146), 'classifier__estimator__max_depth': 13, 'classifier__estimator__max_features': 'sqrt', 'classifier__estimator__max_leaf_nodes': 2, 'classifier__estimator__min_impurity_decrease': np.float64(0.09412539220290125), 'classifier__estimator__min_samples_leaf': 8, 'classifier__estimator__min_samples_split': 9, 'classifier__max_features': np.float64(0.550669897308796), 'classifier__max_samples': np.float64(0.9205805632004045), 'classifier__n_estimators': 615, 'feature_selection_filter__k': 22}",33.375837326049805,"[1, 2, 3, 4, 5, 6, 7, 8, 9, 10, 11, 12, 14, 16, 17, 18, 19, 20, 21, 27, 28, 29]","['V1', 'V2', 'V3', 'V4', 'V5', 'V6', 'V7', 'V8', 'V9', 'V10', 'V11', 'V12', 'V14', 'V16', 'V17', 'V18', 'V19', 'V20', 'V21', 'V27', 'V28', 'Time_sin']"
CostSensitiveLearning_with_RandomUnderSampler___RandomizedSearchCV__niter_30__cv_5,2,8,APriori,resubstitution,281,17688,19,60,0.9956227836879432,0.9366666666666666,0.8240469208211144,0.8767550702028081,0.998926978031287,0.0010730219687129505,0.9114869494262008,0.9072831423386104,0.8763960414692656,0.8745361736996496,0.9700945845927693,0.8538483479408954,22561,0.8732994693883912,0.006727813859348625,0.8728370569210264,0.025310326518986986,"{'classifier__estimator__ccp_alpha': np.float64(0.009240351155744253), 'classifier__estimator__max_depth': 16, 'classifier__estimator__max_features': 'log2', 'classifier__estimator__max_leaf_nodes': 13, 'classifier__estimator__min_impurity_decrease': np.float64(0.09791617846798668), 'classifier__estimator__min_samples_leaf': 1, 'classifier__estimator__min_samples_split': 9, 'classifier__max_features': np.float64(0.6409698834314563), 'classifier__max_samples': np.float64(0.6281402789050028), 'classifier__n_estimators': 401, 'feature_selection_filter__k': 22}",36.7185218334198,"[0, 1, 2, 3, 4, 5, 6, 7, 8, 9, 10, 11, 12, 14, 16, 17, 18, 19, 20, 21, 27, 29]","['Amount_log1p', 'V1', 'V2', 'V3', 'V4', 'V5', 'V6', 'V7', 'V8', 'V9', 'V10', 'V11', 'V12', 'V14', 'V16', 'V17', 'V18', 'V19', 'V20', 'V21', 'V27', 'Time_sin']"
CostSensitiveLearning_with_RandomUnderSampler___RandomizedSearchCV__niter_30__cv_5,2,9,APriori,resubstitution,286,17674,33,55,0.9951241134751773,0.896551724137931,0.8387096774193549,0.8666666666666667,0.998136330264867,0.0018636697351329667,0.918423003842111,0.914957157235783,0.8646846914333888,0.8641861270132123,0.9673156415268612,0.8654214468051373,22561,0.8752162327319534,0.008806779726160376,0.8763832569368077,0.03149271908313845,"{'classifier__estimator__ccp_alpha': np.float64(0.003093028474169337), 'classifier__estimator__max_depth': 3, 'classifier__estimator__max_features': 'log2', 'classifier__estimator__max_leaf_nodes': 9, 'classifier__estimator__min_impurity_decrease': np.float64(0.06919133769899048), 'classifier__estimator__min_samples_leaf': 6, 'classifier__estimator__min_samples_split': 8, 'classifier__max_features': np.float64(0.5090917856689499), 'classifier__max_samples': np.float64(0.500957322371404), 'classifier__n_estimators': 516, 'feature_selection_filter__k': 24}",41.38727807998657,"[1, 2, 3, 4, 5, 6, 7, 8, 9, 10, 11, 12, 14, 16, 17, 18, 19, 20, 21, 23, 24, 27, 28, 29]","['V1', 'V2', 'V3', 'V4', 'V5', 'V6', 'V7', 'V8', 'V9', 'V10', 'V11', 'V12', 'V14', 'V16', 'V17', 'V18', 'V19', 'V20', 'V21', 'V23', 'V24', 'V27', 'V28', 'Time_sin']"
CostSensitiveLearning_with_RandomUnderSampler___RandomizedSearchCV__niter_30__cv_5,2,10,APriori,resubstitution,285,17685,22,56,0.9956781914893617,0.9283387622149837,0.8357771260997068,0.8796296296296297,0.9987575535099114,0.0012424464900886445,0.917267339804809,0.9136403656488081,0.878690308175925,0.8774353915684941,0.9634303049956054,0.8566309908763814,22561,0.8721612186510054,0.01468997822245696,0.8693218033940207,0.04010463059260467,"{'classifier__estimator__ccp_alpha': np.float64(0.007343384434893865), 'classifier__estimator__max_depth': 4, 'classifier__estimator__max_features': 'sqrt', 'classifier__estimator__max_leaf_nodes': 2, 'classifier__estimator__min_impurity_decrease': np.float64(0.021106019774499187), 'classifier__estimator__min_samples_leaf': 3, 'classifier__estimator__min_samples_split': 8, 'classifier__max_features': np.float64(0.9014550609468958), 'classifier__max_samples': np.float64(0.8927401991612377), 'classifier__n_estimators': 341, 'feature_selection_filter__k': 28}",42.30254364013672,"[0, 1, 2, 3, 4, 5, 6, 7, 8, 9, 10, 11, 12, 14, 15, 16, 17, 18, 19, 20, 21, 22, 23, 24, 27, 28, 29, 30]","['Amount_log1p', 'V1', 'V2', 'V3', 'V4', 'V5', 'V6', 'V7', 'V8', 'V9', 'V10', 'V11', 'V12', 'V14', 'V15', 'V16', 'V17', 'V18', 'V19', 'V20', 'V21', 'V22', 'V23', 'V24', 'V27', 'V28', 'Time_sin', 'Time_cos']"
CostSensitiveLearning_with_RandomUnderSampler___RandomizedSearchCV__niter_30__cv_5,3,1,APriori,resubstitution,287,17668,39,54,0.9948470744680851,0.8803680981595092,0.841642228739003,0.8605697151424287,0.9977974812221155,0.0022025187778844657,0.9197198549805592,0.9163997467950025,0.8581713801382925,0.8579460994386783,0.9641748288820615,0.8656518376331603,22560,0.8818055732004757,0.006507712848304563,0.8776948433525309,0.014871708385307431,"{'classifier__estimator__ccp_alpha': np.float64(0.002227386552670807), 'classifier__estimator__max_depth': 4, 'classifier__estimator__max_features': 'log2', 'classifier__estimator__max_leaf_nodes': 2, 'classifier__estimator__min_impurity_decrease': np.float64(0.027416303014425415), 'classifier__estimator__min_samples_leaf': 4, 'classifier__estimator__min_samples_split': 3, 'classifier__max_features': np.float64(0.6678143878909013), 'classifier__max_samples': np.float64(0.579340920150065), 'classifier__n_estimators': 416, 'feature_selection_filter__k': 28}",39.587443590164185,"[0, 1, 2, 3, 4, 5, 6, 7, 8, 9, 10, 11, 12, 14, 16, 17, 18, 19, 20, 21, 22, 23, 24, 25, 27, 28, 29, 30]","['Amount_log1p', 'V1', 'V2', 'V3', 'V4', 'V5', 'V6', 'V7', 'V8', 'V9', 'V10', 'V11', 'V12', 'V14', 'V16', 'V17', 'V18', 'V19', 'V20', 'V21', 'V22', 'V23', 'V24', 'V25', 'V27', 'V28', 'Time_sin', 'Time_cos']"
CostSensitiveLearning_with_RandomUnderSampler___RandomizedSearchCV__niter_30__cv_5,3,2,APriori,resubstitution,286,17688,19,55,0.9958998226950354,0.9377049180327869,0.8387096774193549,0.8854489164086687,0.998926978031287,0.0010730219687129505,0.918818327725321,0.9153194652743444,0.884793475054928,0.8833680697525229,0.9629984629237703,0.8711331183573423,22560,0.881636041474837,0.009794924973762848,0.8822186437057107,0.02342916056767086,"{'classifier__estimator__ccp_alpha': np.float64(0.0055394102250058645), 'classifier__estimator__max_depth': 14, 'classifier__estimator__max_features': 'log2', 'classifier__estimator__max_leaf_nodes': 2, 'classifier__estimator__min_impurity_decrease': np.float64(0.05256725610928528), 'classifier__estimator__min_samples_leaf': 3, 'classifier__estimator__min_samples_split': 8, 'classifier__max_features': np.float64(0.6280433898580737), 'classifier__max_samples': np.float64(0.7715465789347553), 'classifier__n_estimators': 882, 'feature_selection_filter__k': 'all'}",39.74617409706116,"[0, 1, 2, 3, 4, 5, 6, 7, 8, 9, 10, 11, 12, 13, 14, 15, 16, 17, 18, 19, 20, 21, 22, 23, 24, 25, 26, 27, 28, 29, 30]","['Amount_log1p', 'V1', 'V2', 'V3', 'V4', 'V5', 'V6', 'V7', 'V8', 'V9', 'V10', 'V11', 'V12', 'V13', 'V14', 'V15', 'V16', 'V17', 'V18', 'V19', 'V20', 'V21', 'V22', 'V23', 'V24', 'V25', 'V26', 'V27', 'V28', 'Time_sin', 'Time_cos']"
CostSensitiveLearning_with_RandomUnderSampler___RandomizedSearchCV__niter_30__cv_5,3,3,APriori,resubstitution,282,17685,22,59,0.9955119680851063,0.9276315789473685,0.8269794721407625,0.8744186046511628,0.9987575535099114,0.0012424464900886445,0.9128685128253369,0.9088190108037055,0.8736327085486201,0.8721414157810922,0.9678941360069835,0.8544737857751058,22560,0.8758415280512795,0.0114701619783607,0.8764423880213353,0.01923204125690248,"{'classifier__estimator__ccp_alpha': np.float64(0.0032538188176461937), 'classifier__estimator__max_depth': 18, 'classifier__estimator__max_features': 'log2', 'classifier__estimator__max_leaf_nodes': 2, 'classifier__estimator__min_impurity_decrease': np.float64(0.08125945489088435), 'classifier__estimator__min_samples_leaf': 3, 'classifier__estimator__min_samples_split': 7, 'classifier__max_features': np.float64(0.8475354277522709), 'classifier__max_samples': np.float64(0.665935823882553), 'classifier__n_estimators': 485, 'feature_selection_filter__k': 'all'}",40.79332232475281,"[0, 1, 2, 3, 4, 5, 6, 7, 8, 9, 10, 11, 12, 13, 14, 15, 16, 17, 18, 19, 20, 21, 22, 23, 24, 25, 26, 27, 28, 29, 30]","['Amount_log1p', 'V1', 'V2', 'V3', 'V4', 'V5', 'V6', 'V7', 'V8', 'V9', 'V10', 'V11', 'V12', 'V13', 'V14', 'V15', 'V16', 'V17', 'V18', 'V19', 'V20', 'V21', 'V22', 'V23', 'V24', 'V25', 'V26', 'V27', 'V28', 'Time_sin', 'Time_cos']"
CostSensitiveLearning_with_RandomUnderSampler___RandomizedSearchCV__niter_30__cv_5,3,4,APriori,resubstitution,283,17683,24,58,0.9954565602836879,0.9218241042345277,0.8299120234604106,0.8734567901234568,0.9986446038289942,0.0013553961710057738,0.9142783136447024,0.9103774842786594,0.8723959542516551,0.871150027033545,0.965231454929351,0.8570451737467942,22560,0.8743080545406127,0.009190414587041722,0.8742898424120256,0.020957230839060686,"{'classifier__estimator__ccp_alpha': np.float64(0.009850405271691858), 'classifier__estimator__max_depth': 11, 'classifier__estimator__max_features': 'log2', 'classifier__estimator__max_leaf_nodes': 2, 'classifier__estimator__min_impurity_decrease': np.float64(0.0029937365481499615), 'classifier__estimator__min_samples_leaf': 5, 'classifier__estimator__min_samples_split': 4, 'classifier__max_features': np.float64(0.6749043411528095), 'classifier__max_samples': np.float64(0.5252020273692712), 'classifier__n_estimators': 840, 'feature_selection_filter__k': 20}",40.9650182723999,"[1, 2, 3, 4, 5, 6, 7, 8, 9, 10, 11, 12, 14, 16, 17, 18, 19, 20, 21, 27]","['V1', 'V2', 'V3', 'V4', 'V5', 'V6', 'V7', 'V8', 'V9', 'V10', 'V11', 'V12', 'V14', 'V16', 'V17', 'V18', 'V19', 'V20', 'V21', 'V27']"
CostSensitiveLearning_with_RandomUnderSampler___RandomizedSearchCV__niter_30__cv_5,3,5,APriori,resubstitution,278,17684,24,62,0.9952349290780141,0.9205298013245033,0.8176470588235294,0.8660436137071651,0.9986446803704541,0.0013553196295459369,0.9081458695969917,0.9036254122780442,0.865198796383896,0.8636265869674319,0.9660469179765875,0.8510653064098765,22560,0.8636998164682712,0.007079682814991839,0.8652513248998943,0.036279895423293504,"{'classifier__estimator__ccp_alpha': np.float64(0.0015428757813127582), 'classifier__estimator__max_depth': 16, 'classifier__estimator__max_features': 'log2', 'classifier__estimator__max_leaf_nodes': 12, 'classifier__estimator__min_impurity_decrease': np.float64(0.09216329958916931), 'classifier__estimator__min_samples_leaf': 8, 'classifier__estimator__min_samples_split': 7, 'classifier__max_features': np.float64(0.5908117574259748), 'classifier__max_samples': np.float64(0.503774167849868), 'classifier__n_estimators': 586, 'feature_selection_filter__k': 24}",39.779879570007324,"[0, 1, 2, 3, 4, 5, 6, 7, 8, 9, 10, 11, 12, 14, 16, 17, 18, 19, 20, 21, 24, 27, 28, 29]","['Amount_log1p', 'V1', 'V2', 'V3', 'V4', 'V5', 'V6', 'V7', 'V8', 'V9', 'V10', 'V11', 'V12', 'V14', 'V16', 'V17', 'V18', 'V19', 'V20', 'V21', 'V24', 'V27', 'V28', 'Time_sin']"
CostSensitiveLearning_with_RandomUnderSampler___RandomizedSearchCV__niter_30__cv_5,3,6,APriori,resubstitution,275,17685,23,65,0.9951241134751773,0.9228187919463087,0.8088235294117647,0.8620689655172413,0.9987011520216851,0.001298847978314921,0.9037623407167249,0.8987619209811766,0.8615345717677316,0.8595981040991572,0.9607189007294809,0.8360798852359096,22560,0.8530742488218402,0.010814865879895854,0.8533021134595937,0.017395312555135684,"{'classifier__estimator__ccp_alpha': np.float64(0.004875181575646922), 'classifier__estimator__max_depth': 12, 'classifier__estimator__max_features': 'log2', 'classifier__estimator__max_leaf_nodes': 2, 'classifier__estimator__min_impurity_decrease': np.float64(0.054222916610006805), 'classifier__estimator__min_samples_leaf': 9, 'classifier__estimator__min_samples_split': 7, 'classifier__max_features': np.float64(0.7051367692109526), 'classifier__max_samples': np.float64(0.8263613309142002), 'classifier__n_estimators': 894, 'feature_selection_filter__k': 'all'}",48.45906209945679,"[0, 1, 2, 3, 4, 5, 6, 7, 8, 9, 10, 11, 12, 13, 14, 15, 16, 17, 18, 19, 20, 21, 22, 23, 24, 25, 26, 27, 28, 29, 30]","['Amount_log1p', 'V1', 'V2', 'V3', 'V4', 'V5', 'V6', 'V7', 'V8', 'V9', 'V10', 'V11', 'V12', 'V13', 'V14', 'V15', 'V16', 'V17', 'V18', 'V19', 'V20', 'V21', 'V22', 'V23', 'V24', 'V25', 'V26', 'V27', 'V28', 'Time_sin', 'Time_cos']"
CostSensitiveLearning_with_RandomUnderSampler___RandomizedSearchCV__niter_30__cv_5,3,7,APriori,resubstitution,278,17680,28,62,0.9950132978723404,0.9084967320261438,0.8176470588235294,0.8606811145510835,0.9984187937655297,0.0015812062344703337,0.9080329262945295,0.9035232095505468,0.8593843094620606,0.8581494879716299,0.9686260115069294,0.8472533233465216,22560,0.8729451083832206,0.011748909544462678,0.8745333557237867,0.038015931872878425,"{'classifier__estimator__ccp_alpha': np.float64(0.00415953055418054), 'classifier__estimator__max_depth': 15, 'classifier__estimator__max_features': 'log2', 'classifier__estimator__max_leaf_nodes': 2, 'classifier__estimator__min_impurity_decrease': np.float64(0.09516974476809718), 'classifier__estimator__min_samples_leaf': 1, 'classifier__estimator__min_samples_split': 6, 'classifier__max_features': np.float64(0.5683593403951439), 'classifier__max_samples': np.float64(0.5244578133241158), 'classifier__n_estimators': 206, 'feature_selection_filter__k': 28}",40.32251787185669,"[0, 1, 2, 3, 4, 5, 6, 7, 8, 9, 10, 11, 12, 13, 14, 15, 16, 17, 18, 19, 20, 21, 23, 24, 27, 28, 29, 30]","['Amount_log1p', 'V1', 'V2', 'V3', 'V4', 'V5', 'V6', 'V7', 'V8', 'V9', 'V10', 'V11', 'V12', 'V13', 'V14', 'V15', 'V16', 'V17', 'V18', 'V19', 'V20', 'V21', 'V23', 'V24', 'V27', 'V28', 'Time_sin', 'Time_cos']"
CostSensitiveLearning_with_RandomUnderSampler___RandomizedSearchCV__niter_30__cv_5,3,8,APriori,resubstitution,286,17677,30,55,0.9952903368794326,0.9050632911392406,0.8387096774193549,0.8706240487062404,0.9983057547862427,0.0016942452137572728,0.9185077161027988,0.9150348067492597,0.8688818907616475,0.8682290983079918,0.9690867322713304,0.8730977416931548,22561,0.8709910059098119,0.012772591645086637,0.8656669708459181,0.022753516763469556,"{'classifier__estimator__ccp_alpha': np.float64(0.002375561678152992), 'classifier__estimator__max_depth': 17, 'classifier__estimator__max_features': 'log2', 'classifier__estimator__max_leaf_nodes': 2, 'classifier__estimator__min_impurity_decrease': np.float64(0.04760722626450138), 'classifier__estimator__min_samples_leaf': 3, 'classifier__estimator__min_samples_split': 8, 'classifier__max_features': np.float64(0.5468576216581333), 'classifier__max_samples': np.float64(0.7288583480241967), 'classifier__n_estimators': 537, 'feature_selection_filter__k': 20}",41.841452836990356,"[1, 2, 3, 4, 5, 6, 7, 8, 9, 10, 11, 12, 14, 16, 17, 18, 19, 20, 21, 27]","['V1', 'V2', 'V3', 'V4', 'V5', 'V6', 'V7', 'V8', 'V9', 'V10', 'V11', 'V12', 'V14', 'V16', 'V17', 'V18', 'V19', 'V20', 'V21', 'V27']"
CostSensitiveLearning_with_RandomUnderSampler___RandomizedSearchCV__niter_30__cv_5,3,9,APriori,resubstitution,291,17670,37,50,0.9951795212765957,0.8871951219512195,0.8533724340175953,0.8699551569506726,0.9979104309030327,0.0020895690969673364,0.9256414324603139,0.922815936875425,0.8676704244537032,0.8675003476671199,0.973392234990983,0.8685194015520732,22561,0.8738942654631267,0.009112823762146269,0.8814391100253129,0.01828620431229954,"{'classifier__estimator__ccp_alpha': np.float64(0.008727185479483401), 'classifier__estimator__max_depth': 19, 'classifier__estimator__max_features': 'sqrt', 'classifier__estimator__max_leaf_nodes': 17, 'classifier__estimator__min_impurity_decrease': np.float64(0.07582330178913656), 'classifier__estimator__min_samples_leaf': 7, 'classifier__estimator__min_samples_split': 9, 'classifier__max_features': np.float64(0.7866446728023848), 'classifier__max_samples': np.float64(0.5186199308269376), 'classifier__n_estimators': 519, 'feature_selection_filter__k': 24}",37.1552472114563,"[0, 1, 2, 3, 4, 5, 6, 7, 8, 9, 10, 11, 12, 14, 16, 17, 18, 19, 20, 21, 24, 27, 28, 29]","['Amount_log1p', 'V1', 'V2', 'V3', 'V4', 'V5', 'V6', 'V7', 'V8', 'V9', 'V10', 'V11', 'V12', 'V14', 'V16', 'V17', 'V18', 'V19', 'V20', 'V21', 'V24', 'V27', 'V28', 'Time_sin']"
CostSensitiveLearning_with_RandomUnderSampler___RandomizedSearchCV__niter_30__cv_5,3,10,APriori,resubstitution,289,17680,27,52,0.9956227836879432,0.9145569620253164,0.8475073313782991,0.8797564687975646,0.9984751793076184,0.0015248206923815788,0.9229912553429588,0.9198994698674787,0.8781903596438254,0.8775305737215453,0.9727275377118616,0.8624838630578475,22561,0.8832049942830767,0.011532957198909621,0.8794186543362938,0.010496211619691427,"{'classifier__estimator__ccp_alpha': np.float64(0.0011504425234136707), 'classifier__estimator__max_depth': 13, 'classifier__estimator__max_features': 'log2', 'classifier__estimator__max_leaf_nodes': 2, 'classifier__estimator__min_impurity_decrease': np.float64(0.042417583045593066), 'classifier__estimator__min_samples_leaf': 2, 'classifier__estimator__min_samples_split': 8, 'classifier__max_features': np.float64(0.6367971278865796), 'classifier__max_samples': np.float64(0.917589430412672), 'classifier__n_estimators': 692, 'feature_selection_filter__k': 26}",43.170997858047485,"[0, 1, 2, 3, 4, 5, 6, 7, 8, 9, 10, 11, 12, 14, 16, 17, 18, 19, 20, 21, 22, 24, 25, 27, 28, 29]","['Amount_log1p', 'V1', 'V2', 'V3', 'V4', 'V5', 'V6', 'V7', 'V8', 'V9', 'V10', 'V11', 'V12', 'V14', 'V16', 'V17', 'V18', 'V19', 'V20', 'V21', 'V22', 'V24', 'V25', 'V27', 'V28', 'Time_sin']"
CostSensitiveLearning_with_RandomUnderSampler___RandomizedSearchCV__niter_30__cv_5,4,1,APriori,resubstitution,283,17682,25,58,0.9954011524822695,0.9188311688311688,0.8299120234604106,0.8721109399075501,0.9985881289885357,0.0014118710114643385,0.9142500762244732,0.9103517423130585,0.870943755724929,0.8697755804176546,0.9652461118894113,0.8442132928536963,22560,0.8701039133661901,0.008998584604864508,0.8639123205170115,0.012016170872049573,"{'classifier__estimator__ccp_alpha': np.float64(0.002274217585379018), 'classifier__estimator__max_depth': 16, 'classifier__estimator__max_features': 'sqrt', 'classifier__estimator__max_leaf_nodes': 2, 'classifier__estimator__min_impurity_decrease': np.float64(0.09469742025858337), 'classifier__estimator__min_samples_leaf': 5, 'classifier__estimator__min_samples_split': 9, 'classifier__max_features': np.float64(0.6510345171557794), 'classifier__max_samples': np.float64(0.8498760424926937), 'classifier__n_estimators': 922, 'feature_selection_filter__k': 26}",42.68700313568115,"[0, 1, 2, 3, 4, 5, 6, 7, 8, 9, 10, 11, 12, 14, 16, 17, 18, 19, 20, 21, 23, 24, 26, 27, 28, 29]","['Amount_log1p', 'V1', 'V2', 'V3', 'V4', 'V5', 'V6', 'V7', 'V8', 'V9', 'V10', 'V11', 'V12', 'V14', 'V16', 'V17', 'V18', 'V19', 'V20', 'V21', 'V23', 'V24', 'V26', 'V27', 'V28', 'Time_sin']"
CostSensitiveLearning_with_RandomUnderSampler___RandomizedSearchCV__niter_30__cv_5,4,2,APriori,resubstitution,279,17680,27,62,0.9950687056737588,0.9117647058823529,0.8181818181818182,0.8624420401854714,0.9984751793076184,0.0015248206923815788,0.9083284987447183,0.9038441445378314,0.8612463018798993,0.859938871839087,0.966879990301564,0.8493720549408149,22560,0.8604096288667884,0.01143332297366899,0.8598938725119976,0.03219871880024307,"{'classifier__estimator__ccp_alpha': np.float64(0.004397309115540877), 'classifier__estimator__max_depth': 6, 'classifier__estimator__max_features': 'sqrt', 'classifier__estimator__max_leaf_nodes': 2, 'classifier__estimator__min_impurity_decrease': np.float64(0.05251967476059836), 'classifier__estimator__min_samples_leaf': 7, 'classifier__estimator__min_samples_split': 3, 'classifier__max_features': np.float64(0.9132623753843158), 'classifier__max_samples': np.float64(0.6481874855488698), 'classifier__n_estimators': 468, 'feature_selection_filter__k': 22}",45.22453832626343,"[1, 2, 3, 4, 5, 6, 7, 8, 9, 10, 11, 12, 14, 16, 17, 18, 19, 20, 21, 27, 28, 29]","['V1', 'V2', 'V3', 'V4', 'V5', 'V6', 'V7', 'V8', 'V9', 'V10', 'V11', 'V12', 'V14', 'V16', 'V17', 'V18', 'V19', 'V20', 'V21', 'V27', 'V28', 'Time_sin']"
CostSensitiveLearning_with_RandomUnderSampler___RandomizedSearchCV__niter_30__cv_5,4,3,APriori,resubstitution,277,17674,33,64,0.9946254432624113,0.8935483870967742,0.8123167155425219,0.8509984639016898,0.998136330264867,0.0018636697351329667,0.9052265229036944,0.9004459036857365,0.8492672359717334,0.8482681489098295,0.9625189236259761,0.8442320577120459,22560,0.8517118983157725,0.010839079557432482,0.8485154568789952,0.032592384786846174,"{'classifier__estimator__ccp_alpha': np.float64(0.0038362868625784474), 'classifier__estimator__max_depth': 6, 'classifier__estimator__max_features': 'sqrt', 'classifier__estimator__max_leaf_nodes': 2, 'classifier__estimator__min_impurity_decrease': np.float64(0.09028293024632154), 'classifier__estimator__min_samples_leaf': 6, 'classifier__estimator__min_samples_split': 7, 'classifier__max_features': np.float64(0.8325784953986948), 'classifier__max_samples': np.float64(0.6522775757615865), 'classifier__n_estimators': 730, 'feature_selection_filter__k': 28}",41.39092183113098,"[0, 1, 2, 3, 4, 5, 6, 7, 8, 9, 10, 11, 12, 14, 16, 17, 18, 19, 20, 21, 23, 24, 25, 26, 27, 28, 29, 30]","['Amount_log1p', 'V1', 'V2', 'V3', 'V4', 'V5', 'V6', 'V7', 'V8', 'V9', 'V10', 'V11', 'V12', 'V14', 'V16', 'V17', 'V18', 'V19', 'V20', 'V21', 'V23', 'V24', 'V25', 'V26', 'V27', 'V28', 'Time_sin', 'Time_cos']"
CostSensitiveLearning_with_RandomUnderSampler___RandomizedSearchCV__niter_30__cv_5,4,4,APriori,resubstitution,280,17692,15,61,0.9957890070921985,0.9491525423728814,0.8211143695014663,0.8805031446540881,0.9991528773931214,0.0008471226068785809,0.9101336234472939,0.9057697196066055,0.8807611893024162,0.8783712964885863,0.9638214056869335,0.8663760843225001,22560,0.8798610889533878,0.009856556505827875,0.8850743114999423,0.031014544747688118,"{'classifier__estimator__ccp_alpha': np.float64(0.0019162877904928533), 'classifier__estimator__max_depth': 8, 'classifier__estimator__max_features': 'sqrt', 'classifier__estimator__max_leaf_nodes': 2, 'classifier__estimator__min_impurity_decrease': np.float64(0.036292856266609434), 'classifier__estimator__min_samples_leaf': 1, 'classifier__estimator__min_samples_split': 7, 'classifier__max_features': np.float64(0.587625401707619), 'classifier__max_samples': np.float64(0.5536872573368752), 'classifier__n_estimators': 306, 'feature_selection_filter__k': 22}",35.87385869026184,"[1, 2, 3, 4, 5, 6, 7, 8, 9, 10, 11, 12, 14, 16, 17, 18, 19, 20, 21, 27, 28, 29]","['V1', 'V2', 'V3', 'V4', 'V5', 'V6', 'V7', 'V8', 'V9', 'V10', 'V11', 'V12', 'V14', 'V16', 'V17', 'V18', 'V19', 'V20', 'V21', 'V27', 'V28', 'Time_sin']"
CostSensitiveLearning_with_RandomUnderSampler___RandomizedSearchCV__niter_30__cv_5,4,5,APriori,resubstitution,286,17674,34,54,0.9951241134751773,0.89375,0.8411764705882353,0.8666666666666667,0.9980799638581432,0.0019200361418567624,0.9196282172231893,0.9162758216623564,0.8645976167840588,0.864185639229422,0.9727796675480673,0.8583459009312384,22560,0.8729661371136833,0.012069404079809666,0.8776370575988898,0.018805584204673098,"{'classifier__estimator__ccp_alpha': np.float64(0.008856724552677404), 'classifier__estimator__max_depth': 9, 'classifier__estimator__max_features': 'sqrt', 'classifier__estimator__max_leaf_nodes': 2, 'classifier__estimator__min_impurity_decrease': np.float64(0.011030124455478442), 'classifier__estimator__min_samples_leaf': 4, 'classifier__estimator__min_samples_split': 7, 'classifier__max_features': np.float64(0.7333843260487267), 'classifier__max_samples': np.float64(0.6471215387286449), 'classifier__n_estimators': 522, 'feature_selection_filter__k': 26}",38.904221057891846,"[0, 1, 2, 3, 4, 5, 6, 7, 8, 9, 10, 11, 12, 14, 16, 17, 18, 19, 20, 21, 22, 23, 24, 27, 28, 29]","['Amount_log1p', 'V1', 'V2', 'V3', 'V4', 'V5', 'V6', 'V7', 'V8', 'V9', 'V10', 'V11', 'V12', 'V14', 'V16', 'V17', 'V18', 'V19', 'V20', 'V21', 'V22', 'V23', 'V24', 'V27', 'V28', 'Time_sin']"
CostSensitiveLearning_with_RandomUnderSampler___RandomizedSearchCV__niter_30__cv_5,4,6,APriori,resubstitution,284,17686,22,56,0.9956781914893617,0.9281045751633987,0.8352941176470589,0.8792569659442725,0.9987576236729162,0.001242376327083794,0.9170258706599875,0.9133763561693186,0.8783249262248393,0.8770628895754126,0.9663627439907521,0.864089134357993,22560,0.8816072227191413,0.007871184178322646,0.8836142102172637,0.014700782497798584,"{'classifier__estimator__ccp_alpha': np.float64(0.007918999909158612), 'classifier__estimator__max_depth': 15, 'classifier__estimator__max_features': 'sqrt', 'classifier__estimator__max_leaf_nodes': 2, 'classifier__estimator__min_impurity_decrease': np.float64(0.02335259915004384), 'classifier__estimator__min_samples_leaf': 2, 'classifier__estimator__min_samples_split': 6, 'classifier__max_features': np.float64(0.552675459894141), 'classifier__max_samples': np.float64(0.9819414536271661), 'classifier__n_estimators': 984, 'feature_selection_filter__k': 26}",35.9057674407959,"[0, 1, 2, 3, 4, 5, 6, 7, 8, 9, 10, 11, 12, 14, 16, 17, 18, 19, 20, 21, 22, 24, 25, 27, 28, 29]","['Amount_log1p', 'V1', 'V2', 'V3', 'V4', 'V5', 'V6', 'V7', 'V8', 'V9', 'V10', 'V11', 'V12', 'V14', 'V16', 'V17', 'V18', 'V19', 'V20', 'V21', 'V22', 'V24', 'V25', 'V27', 'V28', 'Time_sin']"
CostSensitiveLearning_with_RandomUnderSampler___RandomizedSearchCV__niter_30__cv_5,4,7,APriori,resubstitution,285,17683,25,55,0.9955673758865248,0.9193548387096774,0.8382352941176471,0.8769230769230769,0.9985882087192229,0.0014117912807770638,0.918411751418435,0.9149053944742987,0.8756386286946939,0.8746710183674178,0.9665330724564503,0.8743542681908381,22560,0.8812940743798953,0.012716169100584462,0.8844456356651479,0.03158789837546465,"{'classifier__estimator__ccp_alpha': np.float64(0.007423389402466962), 'classifier__estimator__max_depth': 8, 'classifier__estimator__max_features': 'sqrt', 'classifier__estimator__max_leaf_nodes': 2, 'classifier__estimator__min_impurity_decrease': np.float64(0.06024442804376773), 'classifier__estimator__min_samples_leaf': 7, 'classifier__estimator__min_samples_split': 5, 'classifier__max_features': np.float64(0.6875390611664675), 'classifier__max_samples': np.float64(0.5764606788195066), 'classifier__n_estimators': 275, 'feature_selection_filter__k': 20}",37.58724498748779,"[1, 2, 3, 4, 5, 6, 7, 8, 9, 10, 11, 12, 14, 16, 17, 18, 19, 20, 21, 27]","['V1', 'V2', 'V3', 'V4', 'V5', 'V6', 'V7', 'V8', 'V9', 'V10', 'V11', 'V12', 'V14', 'V16', 'V17', 'V18', 'V19', 'V20', 'V21', 'V27']"
CostSensitiveLearning_with_RandomUnderSampler___RandomizedSearchCV__niter_30__cv_5,4,8,APriori,resubstitution,282,17687,20,59,0.9956227836879432,0.9337748344370861,0.8269794721407625,0.8771384136858476,0.9988705031908285,0.0011294968091715152,0.9129249876657954,0.9088703986079254,0.8765912539177787,0.8749184570441008,0.9672248843052443,0.8697361871910722,22561,0.871896025099212,0.005832491578939968,0.8665026614054725,0.003655456562543691,"{'classifier__estimator__ccp_alpha': np.float64(0.007499699268879412), 'classifier__estimator__max_depth': 6, 'classifier__estimator__max_features': 'log2', 'classifier__estimator__max_leaf_nodes': 2, 'classifier__estimator__min_impurity_decrease': np.float64(0.059917706306668816), 'classifier__estimator__min_samples_leaf': 3, 'classifier__estimator__min_samples_split': 3, 'classifier__max_features': np.float64(0.5991508196846427), 'classifier__max_samples': np.float64(0.5021231614857518), 'classifier__n_estimators': 435, 'feature_selection_filter__k': 20}",40.54997706413269,"[1, 2, 3, 4, 5, 6, 7, 8, 9, 10, 11, 12, 14, 16, 17, 18, 19, 20, 21, 27]","['V1', 'V2', 'V3', 'V4', 'V5', 'V6', 'V7', 'V8', 'V9', 'V10', 'V11', 'V12', 'V14', 'V16', 'V17', 'V18', 'V19', 'V20', 'V21', 'V27']"
CostSensitiveLearning_with_RandomUnderSampler___RandomizedSearchCV__niter_30__cv_5,4,9,APriori,resubstitution,279,17688,19,62,0.9955119680851063,0.9362416107382551,0.8181818181818182,0.8732394366197183,0.998926978031287,0.0010730219687129505,0.9085543981065527,0.9040486110362139,0.8730161103986029,0.8709655096687955,0.9656080642759868,0.8533202493917545,22561,0.865430507318159,0.008028261030831266,0.8701310821977211,0.036718256121228934,"{'classifier__estimator__ccp_alpha': np.float64(0.0016054879981426086), 'classifier__estimator__max_depth': 14, 'classifier__estimator__max_features': 'sqrt', 'classifier__estimator__max_leaf_nodes': 2, 'classifier__estimator__min_impurity_decrease': np.float64(0.06738044690986596), 'classifier__estimator__min_samples_leaf': 3, 'classifier__estimator__min_samples_split': 8, 'classifier__max_features': np.float64(0.7358864189519583), 'classifier__max_samples': np.float64(0.9744975232815377), 'classifier__n_estimators': 135, 'feature_selection_filter__k': 'all'}",38.76972508430481,"[0, 1, 2, 3, 4, 5, 6, 7, 8, 9, 10, 11, 12, 13, 14, 15, 16, 17, 18, 19, 20, 21, 22, 23, 24, 25, 26, 27, 28, 29, 30]","['Amount_log1p', 'V1', 'V2', 'V3', 'V4', 'V5', 'V6', 'V7', 'V8', 'V9', 'V10', 'V11', 'V12', 'V13', 'V14', 'V15', 'V16', 'V17', 'V18', 'V19', 'V20', 'V21', 'V22', 'V23', 'V24', 'V25', 'V26', 'V27', 'V28', 'Time_sin', 'Time_cos']"
CostSensitiveLearning_with_RandomUnderSampler___RandomizedSearchCV__niter_30__cv_5,4,10,APriori,resubstitution,279,17686,21,62,0.9954011524822695,0.93,0.8181818181818182,0.8705148205928237,0.9988140283503699,0.0011859716496300798,0.9084979232660941,0.9039974987472099,0.8700299326577506,0.8681835748996318,0.9641580189222183,0.8412129497274282,22561,0.863036408278129,0.008390301833470792,0.8654328731277203,0.021699304308557016,"{'classifier__estimator__ccp_alpha': np.float64(0.002679841468862566), 'classifier__estimator__max_depth': 13, 'classifier__estimator__max_features': 'log2', 'classifier__estimator__max_leaf_nodes': 2, 'classifier__estimator__min_impurity_decrease': np.float64(0.07571945692251451), 'classifier__estimator__min_samples_leaf': 8, 'classifier__estimator__min_samples_split': 8, 'classifier__max_features': np.float64(0.828537278664976), 'classifier__max_samples': np.float64(0.627091016606613), 'classifier__n_estimators': 213, 'feature_selection_filter__k': 28}",36.63716650009155,"[0, 1, 2, 3, 4, 5, 6, 7, 8, 9, 10, 11, 12, 13, 14, 16, 17, 18, 19, 20, 21, 23, 24, 25, 27, 28, 29, 30]","['Amount_log1p', 'V1', 'V2', 'V3', 'V4', 'V5', 'V6', 'V7', 'V8', 'V9', 'V10', 'V11', 'V12', 'V13', 'V14', 'V16', 'V17', 'V18', 'V19', 'V20', 'V21', 'V23', 'V24', 'V25', 'V27', 'V28', 'Time_sin', 'Time_cos']"
CostSensitiveLearning_with_RandomUnderSampler___RandomizedSearchCV__niter_30__cv_5,5,1,APriori,resubstitution,289,17676,31,52,0.9954011524822695,0.903125,0.8475073313782991,0.8744326777609682,0.9982492799457842,0.0017507200542158374,0.9228783056620417,0.9197954029550051,0.8725498010531801,0.8720927690828014,0.9704814620922156,0.8776050008503453,22560,0.890419336561344,0.008534859355547571,0.8857839610565558,0.021709591401545884,"{'classifier__estimator__ccp_alpha': np.float64(0.0068769665477755905), 'classifier__estimator__max_depth': 8, 'classifier__estimator__max_features': 'sqrt', 'classifier__estimator__max_leaf_nodes': 2, 'classifier__estimator__min_impurity_decrease': np.float64(0.008090862603670469), 'classifier__estimator__min_samples_leaf': 7, 'classifier__estimator__min_samples_split': 2, 'classifier__max_features': np.float64(0.7479139531184098), 'classifier__max_samples': np.float64(0.6385874241659976), 'classifier__n_estimators': 755, 'feature_selection_filter__k': 26}",38.01073384284973,"[0, 1, 2, 3, 4, 5, 6, 7, 8, 9, 10, 11, 12, 14, 16, 17, 18, 19, 20, 21, 22, 24, 26, 27, 28, 29]","['Amount_log1p', 'V1', 'V2', 'V3', 'V4', 'V5', 'V6', 'V7', 'V8', 'V9', 'V10', 'V11', 'V12', 'V14', 'V16', 'V17', 'V18', 'V19', 'V20', 'V21', 'V22', 'V24', 'V26', 'V27', 'V28', 'Time_sin']"
CostSensitiveLearning_with_RandomUnderSampler___RandomizedSearchCV__niter_30__cv_5,5,2,APriori,resubstitution,280,17646,61,61,0.9932402482269503,0.8211143695014663,0.8211143695014663,0.8211143695014663,0.9965550347320269,0.00344496526797311,0.9088347021167467,0.9045914320937934,0.8176694042334931,0.8176694042334931,0.963519240448175,0.8512451924151848,22560,0.8490019151865698,0.020563223078468463,0.8521998534573971,0.036587328770734,"{'classifier__estimator__ccp_alpha': np.float64(0.009161411621879095), 'classifier__estimator__max_depth': 17, 'classifier__estimator__max_features': 'log2', 'classifier__estimator__max_leaf_nodes': 5, 'classifier__estimator__min_impurity_decrease': np.float64(0.09702656631810407), 'classifier__estimator__min_samples_leaf': 9, 'classifier__estimator__min_samples_split': 8, 'classifier__max_features': np.float64(0.9188220467742262), 'classifier__max_samples': np.float64(0.5771909759430034), 'classifier__n_estimators': 757, 'feature_selection_filter__k': 26}",39.448525190353394,"[0, 1, 2, 3, 4, 5, 6, 7, 8, 9, 10, 11, 12, 14, 16, 17, 18, 19, 20, 21, 24, 26, 27, 28, 29, 30]","['Amount_log1p', 'V1', 'V2', 'V3', 'V4', 'V5', 'V6', 'V7', 'V8', 'V9', 'V10', 'V11', 'V12', 'V14', 'V16', 'V17', 'V18', 'V19', 'V20', 'V21', 'V24', 'V26', 'V27', 'V28', 'Time_sin', 'Time_cos']"
CostSensitiveLearning_with_RandomUnderSampler___RandomizedSearchCV__niter_30__cv_5,5,3,APriori,resubstitution,285,17680,27,56,0.9954011524822695,0.9134615384615384,0.8357771260997068,0.8728943338437979,0.9984751793076184,0.0015248206923815788,0.9171261527036626,0.9135112018161631,0.8714489712547735,0.8705572492171136,0.973536237553384,0.8729035498183135,22560,0.8752487034875568,0.009259908943117023,0.877382477025898,0.016092801856071114,"{'classifier__estimator__ccp_alpha': np.float64(0.0004604099363148551), 'classifier__estimator__max_depth': 17, 'classifier__estimator__max_features': 'log2', 'classifier__estimator__max_leaf_nodes': 2, 'classifier__estimator__min_impurity_decrease': np.float64(0.07267563874318304), 'classifier__estimator__min_samples_leaf': 5, 'classifier__estimator__min_samples_split': 3, 'classifier__max_features': np.float64(0.9647716113120279), 'classifier__max_samples': np.float64(0.8528443542533326), 'classifier__n_estimators': 157, 'feature_selection_filter__k': 28}",36.257975339889526,"[0, 1, 2, 3, 4, 5, 6, 7, 8, 9, 10, 11, 12, 13, 14, 16, 17, 18, 19, 20, 21, 22, 23, 24, 27, 28, 29, 30]","['Amount_log1p', 'V1', 'V2', 'V3', 'V4', 'V5', 'V6', 'V7', 'V8', 'V9', 'V10', 'V11', 'V12', 'V13', 'V14', 'V16', 'V17', 'V18', 'V19', 'V20', 'V21', 'V22', 'V23', 'V24', 'V27', 'V28', 'Time_sin', 'Time_cos']"
CostSensitiveLearning_with_RandomUnderSampler___RandomizedSearchCV__niter_30__cv_5,5,4,APriori,resubstitution,282,17691,16,59,0.995844414893617,0.9463087248322147,0.8269794721407625,0.8826291079812206,0.9990964025526627,0.0009035974473372566,0.9130379373467126,0.9089731655009051,0.882596724403505,0.8805236200636996,0.9650534184088437,0.866364678722627,22560,0.8690434561576323,0.01230770428919335,0.874362259978701,0.009301657723338769,"{'classifier__estimator__ccp_alpha': np.float64(0.00734693601409504), 'classifier__estimator__max_depth': 14, 'classifier__estimator__max_features': 'sqrt', 'classifier__estimator__max_leaf_nodes': 2, 'classifier__estimator__min_impurity_decrease': np.float64(0.040555275370706245), 'classifier__estimator__min_samples_leaf': 8, 'classifier__estimator__min_samples_split': 3, 'classifier__max_features': np.float64(0.6068936313287305), 'classifier__max_samples': np.float64(0.6417201756888428), 'classifier__n_estimators': 213, 'feature_selection_filter__k': 28}",42.69987225532532,"[0, 1, 2, 3, 4, 5, 6, 7, 8, 9, 10, 11, 12, 13, 14, 15, 16, 17, 18, 19, 20, 21, 23, 24, 27, 28, 29, 30]","['Amount_log1p', 'V1', 'V2', 'V3', 'V4', 'V5', 'V6', 'V7', 'V8', 'V9', 'V10', 'V11', 'V12', 'V13', 'V14', 'V15', 'V16', 'V17', 'V18', 'V19', 'V20', 'V21', 'V23', 'V24', 'V27', 'V28', 'Time_sin', 'Time_cos']"
CostSensitiveLearning_with_RandomUnderSampler___RandomizedSearchCV__niter_30__cv_5,5,5,APriori,resubstitution,279,17680,28,61,0.9950687056737588,0.9087947882736156,0.8205882352941176,0.8624420401854714,0.9984187937655297,0.0015812062344703337,0.9095035145298236,0.9051467925483344,0.8611000383290507,0.8599380413620297,0.9646183512935331,0.8493072769909962,22560,0.8644188552616564,0.009029641838864455,0.863146768402447,0.01946262222747036,"{'classifier__estimator__ccp_alpha': np.float64(0.0050187323113852125), 'classifier__estimator__max_depth': 14, 'classifier__estimator__max_features': 'sqrt', 'classifier__estimator__max_leaf_nodes': 2, 'classifier__estimator__min_impurity_decrease': np.float64(0.06441625330319715), 'classifier__estimator__min_samples_leaf': 1, 'classifier__estimator__min_samples_split': 6, 'classifier__max_features': np.float64(0.6611879984454275), 'classifier__max_samples': np.float64(0.6606095433905118), 'classifier__n_estimators': 777, 'feature_selection_filter__k': 24}",37.54595923423767,"[0, 1, 2, 3, 4, 5, 6, 7, 8, 9, 10, 11, 12, 14, 16, 17, 18, 19, 20, 21, 23, 27, 28, 29]","['Amount_log1p', 'V1', 'V2', 'V3', 'V4', 'V5', 'V6', 'V7', 'V8', 'V9', 'V10', 'V11', 'V12', 'V14', 'V16', 'V17', 'V18', 'V19', 'V20', 'V21', 'V23', 'V27', 'V28', 'Time_sin']"
CostSensitiveLearning_with_RandomUnderSampler___RandomizedSearchCV__niter_30__cv_5,5,6,APriori,resubstitution,278,17687,21,62,0.9954011524822695,0.9297658862876255,0.8176470588235294,0.8701095461658842,0.9988140953241473,0.001185904675852667,0.9082305770738384,0.9037020567384327,0.8696353854432263,0.867778492538673,0.9609669607621679,0.8551533436283963,22560,0.8735159406625277,0.006233069514177218,0.8683300695303696,0.029671120117032566,"{'classifier__estimator__ccp_alpha': np.float64(0.009805523963344151), 'classifier__estimator__max_depth': 8, 'classifier__estimator__max_features': 'sqrt', 'classifier__estimator__max_leaf_nodes': 2, 'classifier__estimator__min_impurity_decrease': np.float64(0.03106437579408391), 'classifier__estimator__min_samples_leaf': 9, 'classifier__estimator__min_samples_split': 2, 'classifier__max_features': np.float64(0.6378200142148884), 'classifier__max_samples': np.float64(0.5644370566738469), 'classifier__n_estimators': 296, 'feature_selection_filter__k': 22}",34.24619650840759,"[1, 2, 3, 4, 5, 6, 7, 8, 9, 10, 11, 12, 14, 16, 17, 18, 19, 20, 21, 23, 27, 29]","['V1', 'V2', 'V3', 'V4', 'V5', 'V6', 'V7', 'V8', 'V9', 'V10', 'V11', 'V12', 'V14', 'V16', 'V17', 'V18', 'V19', 'V20', 'V21', 'V23', 'V27', 'Time_sin']"
CostSensitiveLearning_with_RandomUnderSampler___RandomizedSearchCV__niter_30__cv_5,5,7,APriori,resubstitution,279,17681,27,61,0.9951241134751773,0.9117647058823529,0.8205882352941176,0.8637770897832817,0.9984752654167608,0.0015247345832392067,0.9095317503554392,0.9051723902291571,0.8625410789225237,0.8613017215722604,0.9640831163050267,0.8545570817989375,22560,0.8630450632591022,0.007729764058732594,0.8664617472434266,0.014173534101005143,"{'classifier__estimator__ccp_alpha': np.float64(0.00285022045897715), 'classifier__estimator__max_depth': 18, 'classifier__estimator__max_features': 'log2', 'classifier__estimator__max_leaf_nodes': 16, 'classifier__estimator__min_impurity_decrease': np.float64(0.09663074660877118), 'classifier__estimator__min_samples_leaf': 4, 'classifier__estimator__min_samples_split': 3, 'classifier__max_features': np.float64(0.7028240562683448), 'classifier__max_samples': np.float64(0.7882170818727379), 'classifier__n_estimators': 224, 'feature_selection_filter__k': 20}",38.15161395072937,"[1, 2, 3, 4, 5, 6, 7, 8, 9, 10, 11, 12, 14, 16, 17, 18, 19, 20, 21, 27]","['V1', 'V2', 'V3', 'V4', 'V5', 'V6', 'V7', 'V8', 'V9', 'V10', 'V11', 'V12', 'V14', 'V16', 'V17', 'V18', 'V19', 'V20', 'V21', 'V27']"
CostSensitiveLearning_with_RandomUnderSampler___RandomizedSearchCV__niter_30__cv_5,5,8,APriori,resubstitution,286,17673,34,55,0.9950687056737588,0.89375,0.8387096774193549,0.8653555219364599,0.9980798554244085,0.0019201445755915314,0.9183947664218817,0.9149312726001675,0.8632986495525348,0.8628464632333654,0.9696009679887025,0.8679113669788227,22561,0.8721068643036674,0.013260644874593773,0.869122828835551,0.036736167631646194,"{'classifier__estimator__ccp_alpha': np.float64(0.00955064241793899), 'classifier__estimator__max_depth': 17, 'classifier__estimator__max_features': 'log2', 'classifier__estimator__max_leaf_nodes': 2, 'classifier__estimator__min_impurity_decrease': np.float64(0.09633557495088738), 'classifier__estimator__min_samples_leaf': 2, 'classifier__estimator__min_samples_split': 8, 'classifier__max_features': np.float64(0.7989655182941376), 'classifier__max_samples': np.float64(0.8197361021191141), 'classifier__n_estimators': 912, 'feature_selection_filter__k': 22}",40.62709426879883,"[1, 2, 3, 4, 5, 6, 7, 8, 9, 10, 11, 12, 14, 16, 17, 18, 19, 20, 21, 23, 27, 29]","['V1', 'V2', 'V3', 'V4', 'V5', 'V6', 'V7', 'V8', 'V9', 'V10', 'V11', 'V12', 'V14', 'V16', 'V17', 'V18', 'V19', 'V20', 'V21', 'V23', 'V27', 'Time_sin']"
CostSensitiveLearning_with_RandomUnderSampler___RandomizedSearchCV__niter_30__cv_5,5,9,APriori,resubstitution,283,17689,18,58,0.9957890070921985,0.9401993355481728,0.8299120234604106,0.881619937694704,0.9989834528717456,0.0010165471282543859,0.914447738166078,0.9105319207893033,0.8812593345352179,0.8794847864971453,0.9619803424495208,0.8482577386166186,22561,0.8802283270418737,0.004856310048747281,0.8785666054497592,0.011535713086335548,"{'classifier__estimator__ccp_alpha': np.float64(0.003892499304680768), 'classifier__estimator__max_depth': 13, 'classifier__estimator__max_features': 'log2', 'classifier__estimator__max_leaf_nodes': 2, 'classifier__estimator__min_impurity_decrease': np.float64(0.08689875621296594), 'classifier__estimator__min_samples_leaf': 9, 'classifier__estimator__min_samples_split': 3, 'classifier__max_features': np.float64(0.5976492056122238), 'classifier__max_samples': np.float64(0.5367415844592991), 'classifier__n_estimators': 748, 'feature_selection_filter__k': 26}",40.12138891220093,"[0, 1, 2, 3, 4, 5, 6, 7, 8, 9, 10, 11, 12, 14, 16, 17, 18, 19, 20, 21, 22, 23, 24, 27, 28, 29]","['Amount_log1p', 'V1', 'V2', 'V3', 'V4', 'V5', 'V6', 'V7', 'V8', 'V9', 'V10', 'V11', 'V12', 'V14', 'V16', 'V17', 'V18', 'V19', 'V20', 'V21', 'V22', 'V23', 'V24', 'V27', 'V28', 'Time_sin']"
CostSensitiveLearning_with_RandomUnderSampler___RandomizedSearchCV__niter_30__cv_5,5,10,APriori,resubstitution,283,17693,14,58,0.9960106382978723,0.9528619528619529,0.8299120234604106,0.8871473354231975,0.99920935223358,0.0007906477664200162,0.9145606878469953,0.9106348639123897,0.8873156846071054,0.8851265948672524,0.9641316860787199,0.8582148934731594,22561,0.878275651847695,0.011770565390572951,0.8802954694362939,0.04453562683790346,"{'classifier__estimator__ccp_alpha': np.float64(0.0069124406377663325), 'classifier__estimator__max_depth': 15, 'classifier__estimator__max_features': 'log2', 'classifier__estimator__max_leaf_nodes': 2, 'classifier__estimator__min_impurity_decrease': np.float64(0.05696428472798679), 'classifier__estimator__min_samples_leaf': 7, 'classifier__estimator__min_samples_split': 8, 'classifier__max_features': np.float64(0.6247065344456518), 'classifier__max_samples': np.float64(0.5578012056857997), 'classifier__n_estimators': 314, 'feature_selection_filter__k': 28}",38.23924016952515,"[0, 1, 2, 3, 4, 5, 6, 7, 8, 9, 10, 11, 12, 14, 16, 17, 18, 19, 20, 21, 22, 23, 24, 25, 26, 27, 28, 29]","['Amount_log1p', 'V1', 'V2', 'V3', 'V4', 'V5', 'V6', 'V7', 'V8', 'V9', 'V10', 'V11', 'V12', 'V14', 'V16', 'V17', 'V18', 'V19', 'V20', 'V21', 'V22', 'V23', 'V24', 'V25', 'V26', 'V27', 'V28', 'Time_sin']"
CostSensitiveLearning_with_RandomUnderSampler___RandomizedSearchCV__niter_30__cv_5,6,1,APriori,resubstitution,285,17674,33,56,0.9950687056737588,0.8962264150943396,0.8357771260997068,0.8649468892261002,0.998136330264867,0.0018636697351329667,0.9169567281822869,0.9133561811059683,0.8629839868077518,0.8624385060371219,0.9714782181840043,0.8542609185304819,22560,0.8654322937076108,0.012820743988691935,0.8728029396248072,0.012784843549923687,"{'classifier__estimator__ccp_alpha': np.float64(0.004725375842820505), 'classifier__estimator__max_depth': 10, 'classifier__estimator__max_features': 'sqrt', 'classifier__estimator__max_leaf_nodes': 19, 'classifier__estimator__min_impurity_decrease': np.float64(0.0943348758773705), 'classifier__estimator__min_samples_leaf': 5, 'classifier__estimator__min_samples_split': 2, 'classifier__max_features': np.float64(0.5937608140641402), 'classifier__max_samples': np.float64(0.6398044531427558), 'classifier__n_estimators': 598, 'feature_selection_filter__k': 28}",38.28927445411682,"[0, 1, 2, 3, 4, 5, 6, 7, 8, 9, 10, 11, 12, 13, 14, 16, 17, 18, 19, 20, 21, 22, 23, 24, 26, 27, 28, 29]","['Amount_log1p', 'V1', 'V2', 'V3', 'V4', 'V5', 'V6', 'V7', 'V8', 'V9', 'V10', 'V11', 'V12', 'V13', 'V14', 'V16', 'V17', 'V18', 'V19', 'V20', 'V21', 'V22', 'V23', 'V24', 'V26', 'V27', 'V28', 'Time_sin']"
CostSensitiveLearning_with_RandomUnderSampler___RandomizedSearchCV__niter_30__cv_5,6,2,APriori,resubstitution,277,17688,19,64,0.9954011524822695,0.9358108108108109,0.8123167155425219,0.869701726844584,0.998926978031287,0.0010730219687129505,0.9056218467869045,0.9008024655057245,0.8696239995022546,0.8673728855576914,0.9681025629475031,0.8478999215964957,22560,0.8609932720307437,0.015942889864671236,0.8543473977465013,0.04036364510745069,"{'classifier__estimator__ccp_alpha': np.float64(0.001456470130768669), 'classifier__estimator__max_depth': 17, 'classifier__estimator__max_features': 'log2', 'classifier__estimator__max_leaf_nodes': 2, 'classifier__estimator__min_impurity_decrease': np.float64(0.06222920053145284), 'classifier__estimator__min_samples_leaf': 6, 'classifier__estimator__min_samples_split': 8, 'classifier__max_features': np.float64(0.9347223062843282), 'classifier__max_samples': np.float64(0.526322889466911), 'classifier__n_estimators': 853, 'feature_selection_filter__k': 26}",43.10600018501282,"[0, 1, 2, 3, 4, 5, 6, 7, 8, 9, 10, 11, 12, 14, 16, 17, 18, 19, 20, 21, 23, 24, 27, 28, 29, 30]","['Amount_log1p', 'V1', 'V2', 'V3', 'V4', 'V5', 'V6', 'V7', 'V8', 'V9', 'V10', 'V11', 'V12', 'V14', 'V16', 'V17', 'V18', 'V19', 'V20', 'V21', 'V23', 'V24', 'V27', 'V28', 'Time_sin', 'Time_cos']"
CostSensitiveLearning_with_RandomUnderSampler___RandomizedSearchCV__niter_30__cv_5,6,3,APriori,resubstitution,281,17687,20,60,0.9955673758865248,0.9335548172757475,0.8240469208211144,0.8753894080996885,0.9988705031908285,0.0011294968091715152,0.9114587120059714,0.9072574951211146,0.8749036303964528,0.8731418805233109,0.9698539454631907,0.8548123355107514,22560,0.8753858737117554,0.004183317446147734,0.8724422530874143,0.02411645541617869,"{'classifier__estimator__ccp_alpha': np.float64(0.007463579226999631), 'classifier__estimator__max_depth': 14, 'classifier__estimator__max_features': 'log2', 'classifier__estimator__max_leaf_nodes': 2, 'classifier__estimator__min_impurity_decrease': np.float64(0.07268784999228527), 'classifier__estimator__min_samples_leaf': 8, 'classifier__estimator__min_samples_split': 6, 'classifier__max_features': np.float64(0.5606274654512591), 'classifier__max_samples': np.float64(0.7109470545580736), 'classifier__n_estimators': 787, 'feature_selection_filter__k': 24}",45.839333295822144,"[1, 2, 3, 4, 5, 6, 7, 8, 9, 10, 11, 12, 14, 16, 17, 18, 19, 20, 21, 22, 23, 27, 28, 29]","['V1', 'V2', 'V3', 'V4', 'V5', 'V6', 'V7', 'V8', 'V9', 'V10', 'V11', 'V12', 'V14', 'V16', 'V17', 'V18', 'V19', 'V20', 'V21', 'V22', 'V23', 'V27', 'V28', 'Time_sin']"
CostSensitiveLearning_with_RandomUnderSampler___RandomizedSearchCV__niter_30__cv_5,6,4,APriori,resubstitution,289,17690,17,52,0.9961768617021277,0.9444444444444444,0.8475073313782991,0.893353941267388,0.9990399277122042,0.0009600722877958212,0.9232736295452517,0.9201595856566072,0.8927685656274458,0.8914132826617641,0.9660091018893898,0.8727963589860741,22560,0.8905863614064676,0.005994414582323086,0.8953966149470368,0.020437055149402826,"{'classifier__estimator__ccp_alpha': np.float64(0.005105569990898047), 'classifier__estimator__max_depth': 18, 'classifier__estimator__max_features': 'log2', 'classifier__estimator__max_leaf_nodes': 2, 'classifier__estimator__min_impurity_decrease': np.float64(0.05282883645440848), 'classifier__estimator__min_samples_leaf': 3, 'classifier__estimator__min_samples_split': 7, 'classifier__max_features': np.float64(0.6680728065713334), 'classifier__max_samples': np.float64(0.8547038935968967), 'classifier__n_estimators': 209, 'feature_selection_filter__k': 22}",38.94880151748657,"[1, 2, 3, 4, 5, 6, 7, 8, 9, 10, 11, 12, 14, 16, 17, 18, 19, 20, 21, 27, 28, 29]","['V1', 'V2', 'V3', 'V4', 'V5', 'V6', 'V7', 'V8', 'V9', 'V10', 'V11', 'V12', 'V14', 'V16', 'V17', 'V18', 'V19', 'V20', 'V21', 'V27', 'V28', 'Time_sin']"
CostSensitiveLearning_with_RandomUnderSampler___RandomizedSearchCV__niter_30__cv_5,6,5,APriori,resubstitution,277,17687,21,63,0.995345744680851,0.9295302013422819,0.8147058823529412,0.8683385579937304,0.9988140953241473,0.001185904675852667,0.9067599888385443,0.9020752290344826,0.867930853021594,0.8659800084582864,0.9674543908369764,0.8556125621254356,22560,0.8723660793785057,0.006871640996018061,0.8718914623833124,0.017750463543059446,"{'classifier__estimator__ccp_alpha': np.float64(0.0083014774541374), 'classifier__estimator__max_depth': 6, 'classifier__estimator__max_features': 'log2', 'classifier__estimator__max_leaf_nodes': 2, 'classifier__estimator__min_impurity_decrease': np.float64(0.01913151633012037), 'classifier__estimator__min_samples_leaf': 6, 'classifier__estimator__min_samples_split': 4, 'classifier__max_features': np.float64(0.6045543763926968), 'classifier__max_samples': np.float64(0.7488771336584789), 'classifier__n_estimators': 553, 'feature_selection_filter__k': 'all'}",46.97601270675659,"[0, 1, 2, 3, 4, 5, 6, 7, 8, 9, 10, 11, 12, 13, 14, 15, 16, 17, 18, 19, 20, 21, 22, 23, 24, 25, 26, 27, 28, 29, 30]","['Amount_log1p', 'V1', 'V2', 'V3', 'V4', 'V5', 'V6', 'V7', 'V8', 'V9', 'V10', 'V11', 'V12', 'V13', 'V14', 'V15', 'V16', 'V17', 'V18', 'V19', 'V20', 'V21', 'V22', 'V23', 'V24', 'V25', 'V26', 'V27', 'V28', 'Time_sin', 'Time_cos']"
CostSensitiveLearning_with_RandomUnderSampler___RandomizedSearchCV__niter_30__cv_5,6,6,APriori,resubstitution,284,17679,29,56,0.9952903368794326,0.9073482428115016,0.8352941176470589,0.8698315467075038,0.9983623221142987,0.0016376778857013496,0.9168282198806788,0.9131955841672319,0.8682075522845881,0.8674375053143208,0.970034979205145,0.8522950240748005,22560,0.8698126636189535,0.008604648011301843,0.8720631230049436,0.026176751824117037,"{'classifier__estimator__ccp_alpha': np.float64(0.00026273757540205334), 'classifier__estimator__max_depth': 9, 'classifier__estimator__max_features': 'log2', 'classifier__estimator__max_leaf_nodes': 2, 'classifier__estimator__min_impurity_decrease': np.float64(0.0415633001536889), 'classifier__estimator__min_samples_leaf': 5, 'classifier__estimator__min_samples_split': 9, 'classifier__max_features': np.float64(0.9992097699716597), 'classifier__max_samples': np.float64(0.7149394870783857), 'classifier__n_estimators': 432, 'feature_selection_filter__k': 24}",43.68821954727173,"[0, 1, 2, 3, 4, 5, 6, 7, 8, 9, 10, 11, 12, 14, 16, 17, 18, 19, 20, 21, 23, 27, 28, 29]","['Amount_log1p', 'V1', 'V2', 'V3', 'V4', 'V5', 'V6', 'V7', 'V8', 'V9', 'V10', 'V11', 'V12', 'V14', 'V16', 'V17', 'V18', 'V19', 'V20', 'V21', 'V23', 'V27', 'V28', 'Time_sin']"
CostSensitiveLearning_with_RandomUnderSampler___RandomizedSearchCV__niter_30__cv_5,6,7,APriori,resubstitution,272,17685,23,68,0.994957890070922,0.9220338983050848,0.8,0.8566929133858268,0.9987011520216851,0.001298847978314921,0.8993505760108426,0.8938461397899239,0.8563703877291136,0.854139830975108,0.9559393228716832,0.8346939466891105,22560,0.8513466499679844,0.005864970089354657,0.8544487684972282,0.018744758548243947,"{'classifier__estimator__ccp_alpha': np.float64(0.006941635229793583), 'classifier__estimator__max_depth': 17, 'classifier__estimator__max_features': 'sqrt', 'classifier__estimator__max_leaf_nodes': 2, 'classifier__estimator__min_impurity_decrease': np.float64(0.09586984440233626), 'classifier__estimator__min_samples_leaf': 2, 'classifier__estimator__min_samples_split': 3, 'classifier__max_features': np.float64(0.7736076647889558), 'classifier__max_samples': np.float64(0.9952885314386017), 'classifier__n_estimators': 239, 'feature_selection_filter__k': 20}",35.51636791229248,"[1, 2, 3, 4, 5, 6, 7, 8, 9, 10, 11, 12, 14, 16, 17, 18, 19, 20, 21, 29]","['V1', 'V2', 'V3', 'V4', 'V5', 'V6', 'V7', 'V8', 'V9', 'V10', 'V11', 'V12', 'V14', 'V16', 'V17', 'V18', 'V19', 'V20', 'V21', 'Time_sin']"
CostSensitiveLearning_with_RandomUnderSampler___RandomizedSearchCV__niter_30__cv_5,6,8,APriori,resubstitution,282,17680,27,59,0.9952349290780141,0.912621359223301,0.8269794721407625,0.8676923076923077,0.9984751793076184,0.0015248206923815788,0.9127273257241905,0.9086905285791569,0.8663614025390526,0.8652720698180334,0.9609998166637876,0.8486223829024606,22561,0.8680254552505471,0.006391073665845582,0.8713051556814507,0.02883939131749783,"{'classifier__estimator__ccp_alpha': np.float64(0.005318311145987473), 'classifier__estimator__max_depth': 12, 'classifier__estimator__max_features': 'sqrt', 'classifier__estimator__max_leaf_nodes': 6, 'classifier__estimator__min_impurity_decrease': np.float64(0.09821173481749831), 'classifier__estimator__min_samples_leaf': 5, 'classifier__estimator__min_samples_split': 7, 'classifier__max_features': np.float64(0.7591905253289877), 'classifier__max_samples': np.float64(0.5519648255939491), 'classifier__n_estimators': 733, 'feature_selection_filter__k': 20}",36.57519006729126,"[1, 2, 3, 4, 5, 6, 7, 8, 9, 10, 11, 12, 14, 16, 17, 18, 19, 20, 21, 27]","['V1', 'V2', 'V3', 'V4', 'V5', 'V6', 'V7', 'V8', 'V9', 'V10', 'V11', 'V12', 'V14', 'V16', 'V17', 'V18', 'V19', 'V20', 'V21', 'V27']"
CostSensitiveLearning_with_RandomUnderSampler___RandomizedSearchCV__niter_30__cv_5,6,9,APriori,resubstitution,284,17678,29,57,0.9952349290780141,0.9073482428115016,0.8328445747800587,0.8685015290519877,0.9983622296267013,0.0016377703732987081,0.91560340220338,0.9118555623616721,0.866904001786726,0.8660795590929571,0.9632049024798747,0.870471130001437,22561,0.8735258952478736,0.009139313406961506,0.8737359409459007,0.027646820901441636,"{'classifier__estimator__ccp_alpha': np.float64(0.0011140631670405322), 'classifier__estimator__max_depth': 8, 'classifier__estimator__max_features': 'sqrt', 'classifier__estimator__max_leaf_nodes': 2, 'classifier__estimator__min_impurity_decrease': np.float64(0.033140445827240565), 'classifier__estimator__min_samples_leaf': 4, 'classifier__estimator__min_samples_split': 8, 'classifier__max_features': np.float64(0.5950263539598686), 'classifier__max_samples': np.float64(0.8559498292914578), 'classifier__n_estimators': 947, 'feature_selection_filter__k': 'all'}",46.864659786224365,"[0, 1, 2, 3, 4, 5, 6, 7, 8, 9, 10, 11, 12, 13, 14, 15, 16, 17, 18, 19, 20, 21, 22, 23, 24, 25, 26, 27, 28, 29, 30]","['Amount_log1p', 'V1', 'V2', 'V3', 'V4', 'V5', 'V6', 'V7', 'V8', 'V9', 'V10', 'V11', 'V12', 'V13', 'V14', 'V15', 'V16', 'V17', 'V18', 'V19', 'V20', 'V21', 'V22', 'V23', 'V24', 'V25', 'V26', 'V27', 'V28', 'Time_sin', 'Time_cos']"
CostSensitiveLearning_with_RandomUnderSampler___RandomizedSearchCV__niter_30__cv_5,6,10,APriori,resubstitution,286,17674,33,55,0.9951241134751773,0.896551724137931,0.8387096774193549,0.8666666666666667,0.998136330264867,0.0018636697351329667,0.918423003842111,0.914957157235783,0.8646846914333888,0.8641861270132123,0.9632402613609246,0.8646223492936577,22561,0.871116102935129,0.004870550065955687,0.8775886247975941,0.013607680246289508,"{'classifier__estimator__ccp_alpha': np.float64(0.004123905636723606), 'classifier__estimator__max_depth': 16, 'classifier__estimator__max_features': 'log2', 'classifier__estimator__max_leaf_nodes': 6, 'classifier__estimator__min_impurity_decrease': np.float64(0.09605481561073036), 'classifier__estimator__min_samples_leaf': 5, 'classifier__estimator__min_samples_split': 5, 'classifier__max_features': np.float64(0.5987769117632294), 'classifier__max_samples': np.float64(0.7621579272060379), 'classifier__n_estimators': 808, 'feature_selection_filter__k': 28}",46.9246826171875,"[0, 1, 2, 3, 4, 5, 6, 7, 8, 9, 10, 11, 12, 14, 15, 16, 17, 18, 19, 20, 21, 22, 23, 24, 26, 27, 28, 29]","['Amount_log1p', 'V1', 'V2', 'V3', 'V4', 'V5', 'V6', 'V7', 'V8', 'V9', 'V10', 'V11', 'V12', 'V14', 'V15', 'V16', 'V17', 'V18', 'V19', 'V20', 'V21', 'V22', 'V23', 'V24', 'V26', 'V27', 'V28', 'Time_sin']"
CostSensitiveLearning_with_RandomUnderSampler___RandomizedSearchCV__niter_30__cv_5,7,1,APriori,resubstitution,276,17672,35,65,0.994459219858156,0.887459807073955,0.8093841642228738,0.8466257668711656,0.9980233805839499,0.001976619416050096,0.9037037724034118,0.8987682236087496,0.844738345997651,0.8438104976861488,0.9634197884197429,0.8391996833975081,22560,0.8545021582767458,0.008223739881700203,0.8557441377520117,0.027770838424866592,"{'classifier__estimator__ccp_alpha': np.float64(0.009501838023545248), 'classifier__estimator__max_depth': 7, 'classifier__estimator__max_features': 'sqrt', 'classifier__estimator__max_leaf_nodes': 2, 'classifier__estimator__min_impurity_decrease': np.float64(0.09580836753163942), 'classifier__estimator__min_samples_leaf': 4, 'classifier__estimator__min_samples_split': 8, 'classifier__max_features': np.float64(0.9033568083083441), 'classifier__max_samples': np.float64(0.7151133392025415), 'classifier__n_estimators': 764, 'feature_selection_filter__k': 'all'}",41.257267475128174,"[0, 1, 2, 3, 4, 5, 6, 7, 8, 9, 10, 11, 12, 13, 14, 15, 16, 17, 18, 19, 20, 21, 22, 23, 24, 25, 26, 27, 28, 29, 30]","['Amount_log1p', 'V1', 'V2', 'V3', 'V4', 'V5', 'V6', 'V7', 'V8', 'V9', 'V10', 'V11', 'V12', 'V13', 'V14', 'V15', 'V16', 'V17', 'V18', 'V19', 'V20', 'V21', 'V22', 'V23', 'V24', 'V25', 'V26', 'V27', 'V28', 'Time_sin', 'Time_cos']"
CostSensitiveLearning_with_RandomUnderSampler___RandomizedSearchCV__niter_30__cv_5,7,2,APriori,resubstitution,280,17680,27,61,0.9951241134751773,0.9120521172638436,0.8211143695014663,0.8641975308641975,0.9984751793076184,0.0015248206923815788,0.9097947744045424,0.9054624880800081,0.8629544233652504,0.8617219802311216,0.9630259550748441,0.8445953509907781,22560,0.8627580561587076,0.005436684416053426,0.8622376609830507,0.02069573364150797,"{'classifier__estimator__ccp_alpha': np.float64(0.0015608497039134495), 'classifier__estimator__max_depth': 10, 'classifier__estimator__max_features': 'sqrt', 'classifier__estimator__max_leaf_nodes': 2, 'classifier__estimator__min_impurity_decrease': np.float64(0.011100303932287482), 'classifier__estimator__min_samples_leaf': 7, 'classifier__estimator__min_samples_split': 2, 'classifier__max_features': np.float64(0.8619567226475389), 'classifier__max_samples': np.float64(0.5952043633912039), 'classifier__n_estimators': 745, 'feature_selection_filter__k': 24}",39.976988554000854,"[0, 1, 2, 3, 4, 5, 6, 7, 8, 9, 10, 11, 12, 14, 16, 17, 18, 19, 20, 21, 24, 27, 28, 29]","['Amount_log1p', 'V1', 'V2', 'V3', 'V4', 'V5', 'V6', 'V7', 'V8', 'V9', 'V10', 'V11', 'V12', 'V14', 'V16', 'V17', 'V18', 'V19', 'V20', 'V21', 'V24', 'V27', 'V28', 'Time_sin']"
CostSensitiveLearning_with_RandomUnderSampler___RandomizedSearchCV__niter_30__cv_5,7,3,APriori,resubstitution,283,17680,27,58,0.9952903368794326,0.9129032258064517,0.8299120234604106,0.869431643625192,0.9984751793076184,0.0015248206923815788,0.9141936013840145,0.9103002561980206,0.8680602949777275,0.8670390995601599,0.9625078273963261,0.8633098404087315,22560,0.8807322351840255,0.010418256861193225,0.8841545365401517,0.02663132366486535,"{'classifier__estimator__ccp_alpha': np.float64(0.008894115720987437), 'classifier__estimator__max_depth': 16, 'classifier__estimator__max_features': 'sqrt', 'classifier__estimator__max_leaf_nodes': 2, 'classifier__estimator__min_impurity_decrease': np.float64(0.007799985093075524), 'classifier__estimator__min_samples_leaf': 7, 'classifier__estimator__min_samples_split': 3, 'classifier__max_features': np.float64(0.5042063559280332), 'classifier__max_samples': np.float64(0.5699015150042543), 'classifier__n_estimators': 352, 'feature_selection_filter__k': 24}",36.976316690444946,"[1, 2, 3, 4, 5, 6, 7, 8, 9, 10, 11, 12, 14, 16, 17, 18, 19, 20, 21, 22, 24, 27, 28, 29]","['V1', 'V2', 'V3', 'V4', 'V5', 'V6', 'V7', 'V8', 'V9', 'V10', 'V11', 'V12', 'V14', 'V16', 'V17', 'V18', 'V19', 'V20', 'V21', 'V22', 'V24', 'V27', 'V28', 'Time_sin']"
CostSensitiveLearning_with_RandomUnderSampler___RandomizedSearchCV__niter_30__cv_5,7,4,APriori,resubstitution,284,17687,20,57,0.9957335992907801,0.9342105263157895,0.8328445747800587,0.8806201550387597,0.9988705031908285,0.0011294968091715152,0.9158575389854435,0.912087649017521,0.879957509154767,0.8784554199400505,0.9685047598684815,0.8684047955084624,22560,0.8785641654468688,0.009832650284442268,0.8779308880096283,0.01969680944935133,"{'classifier__estimator__ccp_alpha': np.float64(0.0008373992389638219), 'classifier__estimator__max_depth': 12, 'classifier__estimator__max_features': 'sqrt', 'classifier__estimator__max_leaf_nodes': 2, 'classifier__estimator__min_impurity_decrease': np.float64(0.010568683531908452), 'classifier__estimator__min_samples_leaf': 1, 'classifier__estimator__min_samples_split': 6, 'classifier__max_features': np.float64(0.531844784875128), 'classifier__max_samples': np.float64(0.6484172893350177), 'classifier__n_estimators': 301, 'feature_selection_filter__k': 'all'}",38.30771613121033,"[0, 1, 2, 3, 4, 5, 6, 7, 8, 9, 10, 11, 12, 13, 14, 15, 16, 17, 18, 19, 20, 21, 22, 23, 24, 25, 26, 27, 28, 29, 30]","['Amount_log1p', 'V1', 'V2', 'V3', 'V4', 'V5', 'V6', 'V7', 'V8', 'V9', 'V10', 'V11', 'V12', 'V13', 'V14', 'V15', 'V16', 'V17', 'V18', 'V19', 'V20', 'V21', 'V22', 'V23', 'V24', 'V25', 'V26', 'V27', 'V28', 'Time_sin', 'Time_cos']"
CostSensitiveLearning_with_RandomUnderSampler___RandomizedSearchCV__niter_30__cv_5,7,5,APriori,resubstitution,276,17675,33,64,0.9946254432624113,0.8932038834951457,0.8117647058823529,0.8505392912172574,0.9981364355093743,0.0018635644906257465,0.9049505706958636,0.9001399502309223,0.848813776383249,0.8478091689217243,0.9629279388511672,0.8390884530203678,22560,0.8627639594376895,0.009446514190427389,0.8587878824507064,0.030804973040159906,"{'classifier__estimator__ccp_alpha': np.float64(0.0047225311671800045), 'classifier__estimator__max_depth': 12, 'classifier__estimator__max_features': 'sqrt', 'classifier__estimator__max_leaf_nodes': 2, 'classifier__estimator__min_impurity_decrease': np.float64(0.041409520127524635), 'classifier__estimator__min_samples_leaf': 6, 'classifier__estimator__min_samples_split': 5, 'classifier__max_features': np.float64(0.5184450551121265), 'classifier__max_samples': np.float64(0.8849370959578962), 'classifier__n_estimators': 726, 'feature_selection_filter__k': 26}",37.46075248718262,"[0, 1, 2, 3, 4, 5, 6, 7, 8, 9, 10, 11, 12, 14, 16, 17, 18, 19, 20, 21, 22, 23, 24, 27, 28, 29]","['Amount_log1p', 'V1', 'V2', 'V3', 'V4', 'V5', 'V6', 'V7', 'V8', 'V9', 'V10', 'V11', 'V12', 'V14', 'V16', 'V17', 'V18', 'V19', 'V20', 'V21', 'V22', 'V23', 'V24', 'V27', 'V28', 'Time_sin']"
CostSensitiveLearning_with_RandomUnderSampler___RandomizedSearchCV__niter_30__cv_5,7,6,APriori,resubstitution,287,17685,23,53,0.9957890070921985,0.9258064516129032,0.8441176470588235,0.8830769230769231,0.9987011520216851,0.001298847978314921,0.9214093995402544,0.9181618956150822,0.8819120100751181,0.8809374674490469,0.9657568363916609,0.8650121260045118,22560,0.8851617906482524,0.004538286126777056,0.8816266978100534,0.01790806880726709,"{'classifier__estimator__ccp_alpha': np.float64(0.00983481240323804), 'classifier__estimator__max_depth': 14, 'classifier__estimator__max_features': 'log2', 'classifier__estimator__max_leaf_nodes': 17, 'classifier__estimator__min_impurity_decrease': np.float64(0.09768953666303688), 'classifier__estimator__min_samples_leaf': 9, 'classifier__estimator__min_samples_split': 9, 'classifier__max_features': np.float64(0.8606327371656711), 'classifier__max_samples': np.float64(0.8004402186340218), 'classifier__n_estimators': 860, 'feature_selection_filter__k': 'all'}",44.319785833358765,"[0, 1, 2, 3, 4, 5, 6, 7, 8, 9, 10, 11, 12, 13, 14, 15, 16, 17, 18, 19, 20, 21, 22, 23, 24, 25, 26, 27, 28, 29, 30]","['Amount_log1p', 'V1', 'V2', 'V3', 'V4', 'V5', 'V6', 'V7', 'V8', 'V9', 'V10', 'V11', 'V12', 'V13', 'V14', 'V15', 'V16', 'V17', 'V18', 'V19', 'V20', 'V21', 'V22', 'V23', 'V24', 'V25', 'V26', 'V27', 'V28', 'Time_sin', 'Time_cos']"
CostSensitiveLearning_with_RandomUnderSampler___RandomizedSearchCV__niter_30__cv_5,7,7,APriori,resubstitution,280,17676,32,60,0.9949024822695035,0.8974358974358975,0.8235294117647058,0.8588957055214724,0.9981929071606054,0.0018070928393946195,0.9108611594626557,0.9066648871891284,0.8571249974563989,0.8563049366100062,0.965732420707158,0.8504059302143226,22560,0.8550095952656166,0.013789296377865383,0.8599438074072321,0.02993934198655668,"{'classifier__estimator__ccp_alpha': np.float64(0.0023906984555002774), 'classifier__estimator__max_depth': 17, 'classifier__estimator__max_features': 'log2', 'classifier__estimator__max_leaf_nodes': 2, 'classifier__estimator__min_impurity_decrease': np.float64(0.0287016221262854), 'classifier__estimator__min_samples_leaf': 1, 'classifier__estimator__min_samples_split': 7, 'classifier__max_features': np.float64(0.6450422419501508), 'classifier__max_samples': np.float64(0.6827475110292708), 'classifier__n_estimators': 512, 'feature_selection_filter__k': 28}",39.041993856430054,"[0, 1, 2, 3, 4, 5, 6, 7, 8, 9, 10, 11, 12, 13, 14, 16, 17, 18, 19, 20, 21, 22, 23, 24, 26, 27, 28, 29]","['Amount_log1p', 'V1', 'V2', 'V3', 'V4', 'V5', 'V6', 'V7', 'V8', 'V9', 'V10', 'V11', 'V12', 'V13', 'V14', 'V16', 'V17', 'V18', 'V19', 'V20', 'V21', 'V22', 'V23', 'V24', 'V26', 'V27', 'V28', 'Time_sin']"
CostSensitiveLearning_with_RandomUnderSampler___RandomizedSearchCV__niter_30__cv_5,7,8,APriori,resubstitution,287,17689,18,54,0.9960106382978723,0.940983606557377,0.841642228739003,0.8885448916408669,0.9989834528717456,0.0010165471282543859,0.9203128408053742,0.9169441966381383,0.8879507758082099,0.8865202840835358,0.9696453529073032,0.8643907667264279,22561,0.8827974862432868,0.009850761530326897,0.884608474267478,0.03156645740325226,"{'classifier__estimator__ccp_alpha': np.float64(0.0009296837662230706), 'classifier__estimator__max_depth': 7, 'classifier__estimator__max_features': 'sqrt', 'classifier__estimator__max_leaf_nodes': 2, 'classifier__estimator__min_impurity_decrease': np.float64(0.08304952829781358), 'classifier__estimator__min_samples_leaf': 6, 'classifier__estimator__min_samples_split': 8, 'classifier__max_features': np.float64(0.5303018631509395), 'classifier__max_samples': np.float64(0.5794187781187699), 'classifier__n_estimators': 497, 'feature_selection_filter__k': 28}",36.95385766029358,"[0, 1, 2, 3, 4, 5, 6, 7, 8, 9, 10, 11, 12, 13, 14, 16, 17, 18, 19, 20, 21, 22, 23, 24, 26, 27, 28, 29]","['Amount_log1p', 'V1', 'V2', 'V3', 'V4', 'V5', 'V6', 'V7', 'V8', 'V9', 'V10', 'V11', 'V12', 'V13', 'V14', 'V16', 'V17', 'V18', 'V19', 'V20', 'V21', 'V22', 'V23', 'V24', 'V26', 'V27', 'V28', 'Time_sin']"
CostSensitiveLearning_with_RandomUnderSampler___RandomizedSearchCV__niter_30__cv_5,7,9,APriori,resubstitution,281,17685,22,60,0.9954565602836879,0.9273927392739274,0.8240469208211144,0.8726708074534162,0.9987575535099114,0.0012424464900886445,0.9114022371655128,0.9072061985109404,0.8719408241096012,0.8703660198527259,0.9618480157705578,0.8519000496478843,22561,0.8695667343177312,0.00782436511411362,0.8670785411014738,0.034975689665173865,"{'classifier__estimator__ccp_alpha': np.float64(0.005075955726043937), 'classifier__estimator__max_depth': 14, 'classifier__estimator__max_features': 'sqrt', 'classifier__estimator__max_leaf_nodes': 2, 'classifier__estimator__min_impurity_decrease': np.float64(0.01703726431551097), 'classifier__estimator__min_samples_leaf': 4, 'classifier__estimator__min_samples_split': 8, 'classifier__max_features': np.float64(0.6856998920667858), 'classifier__max_samples': np.float64(0.5852828898285372), 'classifier__n_estimators': 487, 'feature_selection_filter__k': 24}",41.65022659301758,"[1, 2, 3, 4, 5, 6, 7, 8, 9, 10, 11, 12, 14, 16, 17, 18, 19, 20, 21, 24, 25, 27, 28, 29]","['V1', 'V2', 'V3', 'V4', 'V5', 'V6', 'V7', 'V8', 'V9', 'V10', 'V11', 'V12', 'V14', 'V16', 'V17', 'V18', 'V19', 'V20', 'V21', 'V24', 'V25', 'V27', 'V28', 'Time_sin']"
CostSensitiveLearning_with_RandomUnderSampler___RandomizedSearchCV__niter_30__cv_5,7,10,APriori,resubstitution,290,17686,21,51,0.9960106382978723,0.932475884244373,0.8504398826979472,0.8895705521472392,0.9988140283503699,0.0011859716496300798,0.9246269555241586,0.9216459651663174,0.8885194952229886,0.8875435583340271,0.9746953795134121,0.879614195853893,22561,0.8841246714220699,0.00968220160027488,0.8833110853837421,0.009075022195691982,"{'classifier__estimator__ccp_alpha': np.float64(0.0013804205305593597), 'classifier__estimator__max_depth': 11, 'classifier__estimator__max_features': 'log2', 'classifier__estimator__max_leaf_nodes': 2, 'classifier__estimator__min_impurity_decrease': np.float64(0.04050270358933068), 'classifier__estimator__min_samples_leaf': 4, 'classifier__estimator__min_samples_split': 6, 'classifier__max_features': np.float64(0.8226380549391565), 'classifier__max_samples': np.float64(0.8351707395872712), 'classifier__n_estimators': 389, 'feature_selection_filter__k': 28}",43.35453796386719,"[0, 1, 2, 3, 4, 5, 6, 7, 8, 9, 10, 11, 12, 14, 16, 17, 18, 19, 20, 21, 22, 23, 24, 26, 27, 28, 29, 30]","['Amount_log1p', 'V1', 'V2', 'V3', 'V4', 'V5', 'V6', 'V7', 'V8', 'V9', 'V10', 'V11', 'V12', 'V14', 'V16', 'V17', 'V18', 'V19', 'V20', 'V21', 'V22', 'V23', 'V24', 'V26', 'V27', 'V28', 'Time_sin', 'Time_cos']"
CostSensitiveLearning_with_RandomUnderSampler___RandomizedSearchCV__niter_30__cv_5,8,1,APriori,resubstitution,285,17682,25,56,0.9955119680851063,0.9193548387096774,0.8357771260997068,0.8755760368663594,0.9985881289885357,0.0014118710114643385,0.9171826275441213,0.9135628695406363,0.8743246479797256,0.87329608311027,0.9630344014586077,0.8603462370405457,22560,0.8796523622567886,0.006519203987832566,0.8734501856520339,0.021994360399368036,"{'classifier__estimator__ccp_alpha': np.float64(0.008073165201331929), 'classifier__estimator__max_depth': 10, 'classifier__estimator__max_features': 'log2', 'classifier__estimator__max_leaf_nodes': 2, 'classifier__estimator__min_impurity_decrease': np.float64(0.04961713392730575), 'classifier__estimator__min_samples_leaf': 6, 'classifier__estimator__min_samples_split': 4, 'classifier__max_features': np.float64(0.8418621633696518), 'classifier__max_samples': np.float64(0.9932774233124804), 'classifier__n_estimators': 980, 'feature_selection_filter__k': 26}",43.36189675331116,"[0, 1, 2, 3, 4, 5, 6, 7, 8, 9, 10, 11, 12, 13, 14, 16, 17, 18, 19, 20, 21, 22, 23, 27, 28, 29]","['Amount_log1p', 'V1', 'V2', 'V3', 'V4', 'V5', 'V6', 'V7', 'V8', 'V9', 'V10', 'V11', 'V12', 'V13', 'V14', 'V16', 'V17', 'V18', 'V19', 'V20', 'V21', 'V22', 'V23', 'V27', 'V28', 'Time_sin']"
CostSensitiveLearning_with_RandomUnderSampler___RandomizedSearchCV__niter_30__cv_5,8,2,APriori,resubstitution,285,17684,23,56,0.9956227836879432,0.9253246753246753,0.8357771260997068,0.8782742681047766,0.9987010786694528,0.0012989213305472092,0.9172391023845798,0.9136145343431399,0.8772280603497342,0.8760514560601772,0.9644841155816404,0.8596166327091759,22560,0.8716239545043163,0.01364456706958866,0.8732799249376125,0.015764431939834168,"{'classifier__estimator__ccp_alpha': np.float64(0.007017460915864763), 'classifier__estimator__max_depth': 17, 'classifier__estimator__max_features': 'sqrt', 'classifier__estimator__max_leaf_nodes': 2, 'classifier__estimator__min_impurity_decrease': np.float64(0.023930482237732843), 'classifier__estimator__min_samples_leaf': 2, 'classifier__estimator__min_samples_split': 5, 'classifier__max_features': np.float64(0.6410484369030456), 'classifier__max_samples': np.float64(0.5856668974897681), 'classifier__n_estimators': 632, 'feature_selection_filter__k': 26}",41.913827419281006,"[0, 1, 2, 3, 4, 5, 6, 7, 8, 9, 10, 11, 12, 14, 16, 17, 18, 19, 20, 21, 23, 24, 25, 27, 28, 29]","['Amount_log1p', 'V1', 'V2', 'V3', 'V4', 'V5', 'V6', 'V7', 'V8', 'V9', 'V10', 'V11', 'V12', 'V14', 'V16', 'V17', 'V18', 'V19', 'V20', 'V21', 'V23', 'V24', 'V25', 'V27', 'V28', 'Time_sin']"
CostSensitiveLearning_with_RandomUnderSampler___RandomizedSearchCV__niter_30__cv_5,8,3,APriori,resubstitution,282,17680,27,59,0.9952349290780141,0.912621359223301,0.8269794721407625,0.8676923076923077,0.9984751793076184,0.0015248206923815788,0.9127273257241905,0.9086905285791569,0.8663614025390526,0.8652720698180334,0.9644613434685522,0.8523502577938142,22560,0.8718956305871831,0.011703221466851292,0.8706227996231467,0.036809762614026686,"{'classifier__estimator__ccp_alpha': np.float64(0.004899378312842671), 'classifier__estimator__max_depth': 10, 'classifier__estimator__max_features': 'log2', 'classifier__estimator__max_leaf_nodes': 2, 'classifier__estimator__min_impurity_decrease': np.float64(0.02026827428451791), 'classifier__estimator__min_samples_leaf': 4, 'classifier__estimator__min_samples_split': 2, 'classifier__max_features': np.float64(0.8281733081383718), 'classifier__max_samples': np.float64(0.6162777622417512), 'classifier__n_estimators': 755, 'feature_selection_filter__k': 26}",46.65502119064331,"[0, 1, 2, 3, 4, 5, 6, 7, 8, 9, 10, 11, 12, 13, 14, 16, 17, 18, 19, 20, 21, 22, 24, 27, 28, 29]","['Amount_log1p', 'V1', 'V2', 'V3', 'V4', 'V5', 'V6', 'V7', 'V8', 'V9', 'V10', 'V11', 'V12', 'V13', 'V14', 'V16', 'V17', 'V18', 'V19', 'V20', 'V21', 'V22', 'V24', 'V27', 'V28', 'Time_sin']"
CostSensitiveLearning_with_RandomUnderSampler___RandomizedSearchCV__niter_30__cv_5,8,4,APriori,resubstitution,285,17683,24,56,0.9955673758865248,0.9223300970873787,0.8357771260997068,0.8769230769230769,0.9986446038289942,0.0013553961710057738,0.9172108649643504,0.9135887023071033,0.875772859213573,0.8746716928539845,0.9690613931200396,0.855742664024488,22560,0.8684378095222962,0.009877348825396162,0.8666117236146764,0.04106164631073599,"{'classifier__estimator__ccp_alpha': np.float64(0.008702335900500272), 'classifier__estimator__max_depth': 8, 'classifier__estimator__max_features': 'log2', 'classifier__estimator__max_leaf_nodes': 2, 'classifier__estimator__min_impurity_decrease': np.float64(0.026892008092326693), 'classifier__estimator__min_samples_leaf': 3, 'classifier__estimator__min_samples_split': 2, 'classifier__max_features': np.float64(0.960005148036524), 'classifier__max_samples': np.float64(0.748948027748428), 'classifier__n_estimators': 787, 'feature_selection_filter__k': 'all'}",39.00579500198364,"[0, 1, 2, 3, 4, 5, 6, 7, 8, 9, 10, 11, 12, 13, 14, 15, 16, 17, 18, 19, 20, 21, 22, 23, 24, 25, 26, 27, 28, 29, 30]","['Amount_log1p', 'V1', 'V2', 'V3', 'V4', 'V5', 'V6', 'V7', 'V8', 'V9', 'V10', 'V11', 'V12', 'V13', 'V14', 'V15', 'V16', 'V17', 'V18', 'V19', 'V20', 'V21', 'V22', 'V23', 'V24', 'V25', 'V26', 'V27', 'V28', 'Time_sin', 'Time_cos']"
CostSensitiveLearning_with_RandomUnderSampler___RandomizedSearchCV__niter_30__cv_5,8,5,APriori,resubstitution,280,17687,21,60,0.9955119680851063,0.9302325581395349,0.8235294117647058,0.8736349453978159,0.9988140953241473,0.001185904675852667,0.9111717535444266,0.9069469578672128,0.8730352121603716,0.8713589687091476,0.9686056651031771,0.8517671077569137,22560,0.8794624200708038,0.013004300138733242,0.8807497837501309,0.023520098894219972,"{'classifier__estimator__ccp_alpha': np.float64(0.007191106082822601), 'classifier__estimator__max_depth': 9, 'classifier__estimator__max_features': 'log2', 'classifier__estimator__max_leaf_nodes': 2, 'classifier__estimator__min_impurity_decrease': np.float64(0.09342695149838981), 'classifier__estimator__min_samples_leaf': 3, 'classifier__estimator__min_samples_split': 3, 'classifier__max_features': np.float64(0.6165152443885589), 'classifier__max_samples': np.float64(0.6484763638131765), 'classifier__n_estimators': 756, 'feature_selection_filter__k': 26}",33.01962971687317,"[0, 1, 2, 3, 4, 5, 6, 7, 8, 9, 10, 11, 12, 14, 16, 17, 18, 19, 20, 21, 23, 24, 26, 27, 28, 29]","['Amount_log1p', 'V1', 'V2', 'V3', 'V4', 'V5', 'V6', 'V7', 'V8', 'V9', 'V10', 'V11', 'V12', 'V14', 'V16', 'V17', 'V18', 'V19', 'V20', 'V21', 'V23', 'V24', 'V26', 'V27', 'V28', 'Time_sin']"
CostSensitiveLearning_with_RandomUnderSampler___RandomizedSearchCV__niter_30__cv_5,8,6,APriori,resubstitution,283,17685,23,57,0.9955673758865248,0.9248366013071896,0.8323529411764706,0.8761609907120743,0.9987011520216851,0.001298847978314921,0.9155270465990779,0.9117411042843133,0.8751681567643762,0.8739106559747821,0.9622750269070808,0.853623238917991,22560,0.8690158777663093,0.005815299436616011,0.8760228905125542,0.021336386390224404,"{'classifier__estimator__ccp_alpha': np.float64(0.00790219692387279), 'classifier__estimator__max_depth': 10, 'classifier__estimator__max_features': 'sqrt', 'classifier__estimator__max_leaf_nodes': 2, 'classifier__estimator__min_impurity_decrease': np.float64(0.08612972993441292), 'classifier__estimator__min_samples_leaf': 2, 'classifier__estimator__min_samples_split': 5, 'classifier__max_features': np.float64(0.7658113338831047), 'classifier__max_samples': np.float64(0.9882418238063577), 'classifier__n_estimators': 301, 'feature_selection_filter__k': 26}",38.58541131019592,"[0, 1, 2, 3, 4, 5, 6, 7, 8, 9, 10, 11, 12, 14, 16, 17, 18, 19, 20, 21, 24, 25, 26, 27, 28, 29]","['Amount_log1p', 'V1', 'V2', 'V3', 'V4', 'V5', 'V6', 'V7', 'V8', 'V9', 'V10', 'V11', 'V12', 'V14', 'V16', 'V17', 'V18', 'V19', 'V20', 'V21', 'V24', 'V25', 'V26', 'V27', 'V28', 'Time_sin']"
CostSensitiveLearning_with_RandomUnderSampler___RandomizedSearchCV__niter_30__cv_5,8,7,APriori,resubstitution,286,17675,33,54,0.9951795212765957,0.896551724137931,0.8411764705882353,0.8679817905918058,0.9981364355093743,0.0018635644906257465,0.9196564530488047,0.9163017428703807,0.8659855691082657,0.8655292688558217,0.9684392398251372,0.8573705231946903,22560,0.870571295532636,0.013868898256933758,0.8795647253693766,0.009688541805568052,"{'classifier__estimator__ccp_alpha': np.float64(0.007502127903628879), 'classifier__estimator__max_depth': 5, 'classifier__estimator__max_features': 'log2', 'classifier__estimator__max_leaf_nodes': 12, 'classifier__estimator__min_impurity_decrease': np.float64(0.0834301457001006), 'classifier__estimator__min_samples_leaf': 9, 'classifier__estimator__min_samples_split': 4, 'classifier__max_features': np.float64(0.5526348953292), 'classifier__max_samples': np.float64(0.6266447756460671), 'classifier__n_estimators': 708, 'feature_selection_filter__k': 24}",38.33995270729065,"[1, 2, 3, 4, 5, 6, 7, 8, 9, 10, 11, 12, 14, 16, 17, 18, 19, 20, 21, 22, 23, 27, 28, 29]","['V1', 'V2', 'V3', 'V4', 'V5', 'V6', 'V7', 'V8', 'V9', 'V10', 'V11', 'V12', 'V14', 'V16', 'V17', 'V18', 'V19', 'V20', 'V21', 'V22', 'V23', 'V27', 'V28', 'Time_sin']"
CostSensitiveLearning_with_RandomUnderSampler___RandomizedSearchCV__niter_30__cv_5,8,8,APriori,resubstitution,287,17667,40,54,0.9947916666666666,0.8776758409785933,0.841642228739003,0.8592814371257484,0.997741006381657,0.0022589936183430304,0.91969161756033,0.9163738125434148,0.856824714426285,0.8566293559141557,0.9665282232601153,0.8713343235918565,22561,0.8728369622707035,0.011698437813704523,0.871069379513634,0.041674504236190506,"{'classifier__estimator__ccp_alpha': np.float64(0.004307871897284728), 'classifier__estimator__max_depth': 19, 'classifier__estimator__max_features': 'log2', 'classifier__estimator__max_leaf_nodes': 14, 'classifier__estimator__min_impurity_decrease': np.float64(0.08787987952156318), 'classifier__estimator__min_samples_leaf': 1, 'classifier__estimator__min_samples_split': 6, 'classifier__max_features': np.float64(0.6219796200841147), 'classifier__max_samples': np.float64(0.8793928474518664), 'classifier__n_estimators': 312, 'feature_selection_filter__k': 22}",35.44881987571716,"[1, 2, 3, 4, 5, 6, 7, 8, 9, 10, 11, 12, 14, 16, 17, 18, 19, 20, 21, 24, 27, 29]","['V1', 'V2', 'V3', 'V4', 'V5', 'V6', 'V7', 'V8', 'V9', 'V10', 'V11', 'V12', 'V14', 'V16', 'V17', 'V18', 'V19', 'V20', 'V21', 'V24', 'V27', 'Time_sin']"
CostSensitiveLearning_with_RandomUnderSampler___RandomizedSearchCV__niter_30__cv_5,8,9,APriori,resubstitution,285,17671,36,56,0.9949024822695035,0.8878504672897196,0.8357771260997068,0.8610271903323263,0.9979669057434912,0.0020330942565087717,0.9168720159215991,0.9132786608833648,0.8588400385014681,0.8584332280033496,0.9660425561937084,0.8704580004267518,22561,0.8573828070248307,0.00993609491260014,0.862004308397539,0.027640545952679348,"{'classifier__estimator__ccp_alpha': np.float64(0.0028156348778838147), 'classifier__estimator__max_depth': 18, 'classifier__estimator__max_features': 'sqrt', 'classifier__estimator__max_leaf_nodes': 5, 'classifier__estimator__min_impurity_decrease': np.float64(0.07432437193443046), 'classifier__estimator__min_samples_leaf': 6, 'classifier__estimator__min_samples_split': 8, 'classifier__max_features': np.float64(0.64125504953471), 'classifier__max_samples': np.float64(0.7944111590595796), 'classifier__n_estimators': 965, 'feature_selection_filter__k': 26}",45.94482922554016,"[0, 1, 2, 3, 4, 5, 6, 7, 8, 9, 10, 11, 12, 14, 16, 17, 18, 19, 20, 21, 23, 24, 25, 27, 28, 29]","['Amount_log1p', 'V1', 'V2', 'V3', 'V4', 'V5', 'V6', 'V7', 'V8', 'V9', 'V10', 'V11', 'V12', 'V14', 'V16', 'V17', 'V18', 'V19', 'V20', 'V21', 'V23', 'V24', 'V25', 'V27', 'V28', 'Time_sin']"
CostSensitiveLearning_with_RandomUnderSampler___RandomizedSearchCV__niter_30__cv_5,8,10,APriori,resubstitution,283,17655,52,58,0.9939051418439716,0.844776119402985,0.8299120234604106,0.8372781065088757,0.9970633082961541,0.0029366917038459173,0.9134876658782823,0.9096564338838001,0.8342068914652793,0.834172765770201,0.9660938969577616,0.8557063359598701,22561,0.8485272865412087,0.019967109336033715,0.857080836210212,0.020677686365876382,"{'classifier__estimator__ccp_alpha': np.float64(0.009004337137282898), 'classifier__estimator__max_depth': 15, 'classifier__estimator__max_features': 'log2', 'classifier__estimator__max_leaf_nodes': 15, 'classifier__estimator__min_impurity_decrease': np.float64(0.09650294125807482), 'classifier__estimator__min_samples_leaf': 2, 'classifier__estimator__min_samples_split': 9, 'classifier__max_features': np.float64(0.7084535251735861), 'classifier__max_samples': np.float64(0.5893784899060108), 'classifier__n_estimators': 877, 'feature_selection_filter__k': 28}",41.88911247253418,"[0, 1, 2, 3, 4, 5, 6, 7, 8, 9, 10, 11, 12, 13, 14, 16, 17, 18, 19, 20, 21, 23, 24, 26, 27, 28, 29, 30]","['Amount_log1p', 'V1', 'V2', 'V3', 'V4', 'V5', 'V6', 'V7', 'V8', 'V9', 'V10', 'V11', 'V12', 'V13', 'V14', 'V16', 'V17', 'V18', 'V19', 'V20', 'V21', 'V23', 'V24', 'V26', 'V27', 'V28', 'Time_sin', 'Time_cos']"
CostSensitiveLearning_with_RandomUnderSampler___RandomizedSearchCV__niter_30__cv_5,9,1,APriori,resubstitution,280,17679,28,61,0.9950687056737588,0.9090909090909091,0.8211143695014663,0.8628659476117103,0.9984187044671599,0.0015812955328401435,0.9097665369843131,0.9054368807470915,0.8615172987877212,0.8603617669538706,0.9625094007423212,0.8594929478175871,22560,0.8684256085435731,0.013165632867967136,0.8644929407849826,0.035623539110388146,"{'classifier__estimator__ccp_alpha': np.float64(0.007770428779888943), 'classifier__estimator__max_depth': 19, 'classifier__estimator__max_features': 'log2', 'classifier__estimator__max_leaf_nodes': 2, 'classifier__estimator__min_impurity_decrease': np.float64(0.09179762562879187), 'classifier__estimator__min_samples_leaf': 7, 'classifier__estimator__min_samples_split': 4, 'classifier__max_features': np.float64(0.5676327010765261), 'classifier__max_samples': np.float64(0.843769247135871), 'classifier__n_estimators': 305, 'feature_selection_filter__k': 20}",39.155904054641724,"[1, 2, 3, 4, 5, 6, 7, 8, 9, 10, 11, 12, 14, 16, 17, 18, 19, 20, 21, 27]","['V1', 'V2', 'V3', 'V4', 'V5', 'V6', 'V7', 'V8', 'V9', 'V10', 'V11', 'V12', 'V14', 'V16', 'V17', 'V18', 'V19', 'V20', 'V21', 'V27']"
CostSensitiveLearning_with_RandomUnderSampler___RandomizedSearchCV__niter_30__cv_5,9,2,APriori,resubstitution,291,17688,19,50,0.9961768617021277,0.9387096774193548,0.8533724340175953,0.8940092165898618,0.998926978031287,0.0010730219687129505,0.9261497060244412,0.9232858423307488,0.8931177069857198,0.8920670337606004,0.9716461521670687,0.874536146100441,22560,0.8954774980676703,0.012963073517066959,0.8977053096095782,0.03290252064880623,"{'classifier__estimator__ccp_alpha': np.float64(0.003725193910445782), 'classifier__estimator__max_depth': 17, 'classifier__estimator__max_features': 'sqrt', 'classifier__estimator__max_leaf_nodes': 2, 'classifier__estimator__min_impurity_decrease': np.float64(0.05282055260711115), 'classifier__estimator__min_samples_leaf': 4, 'classifier__estimator__min_samples_split': 2, 'classifier__max_features': np.float64(0.5586034189347528), 'classifier__max_samples': np.float64(0.8923024087709506), 'classifier__n_estimators': 706, 'feature_selection_filter__k': 'all'}",43.83354473114014,"[0, 1, 2, 3, 4, 5, 6, 7, 8, 9, 10, 11, 12, 13, 14, 15, 16, 17, 18, 19, 20, 21, 22, 23, 24, 25, 26, 27, 28, 29, 30]","['Amount_log1p', 'V1', 'V2', 'V3', 'V4', 'V5', 'V6', 'V7', 'V8', 'V9', 'V10', 'V11', 'V12', 'V13', 'V14', 'V15', 'V16', 'V17', 'V18', 'V19', 'V20', 'V21', 'V22', 'V23', 'V24', 'V25', 'V26', 'V27', 'V28', 'Time_sin', 'Time_cos']"
CostSensitiveLearning_with_RandomUnderSampler___RandomizedSearchCV__niter_30__cv_5,9,3,APriori,resubstitution,285,17673,34,56,0.9950132978723404,0.8934169278996865,0.8357771260997068,0.8636363636363636,0.9980798554244085,0.0019201445755915314,0.9169284907620576,0.9133303417628382,0.8615962317416346,0.8610994480816944,0.9615507361851526,0.8559020092467454,22560,0.873581044017796,0.007615369110468159,0.872723558026179,0.024332793406807957,"{'classifier__estimator__ccp_alpha': np.float64(0.005777463558719791), 'classifier__estimator__max_depth': 12, 'classifier__estimator__max_features': 'sqrt', 'classifier__estimator__max_leaf_nodes': 5, 'classifier__estimator__min_impurity_decrease': np.float64(0.09588787878016947), 'classifier__estimator__min_samples_leaf': 3, 'classifier__estimator__min_samples_split': 9, 'classifier__max_features': np.float64(0.6154780601927867), 'classifier__max_samples': np.float64(0.5485396241763574), 'classifier__n_estimators': 730, 'feature_selection_filter__k': 20}",35.70228314399719,"[1, 2, 3, 4, 5, 6, 7, 8, 9, 10, 11, 12, 14, 16, 17, 18, 19, 20, 21, 27]","['V1', 'V2', 'V3', 'V4', 'V5', 'V6', 'V7', 'V8', 'V9', 'V10', 'V11', 'V12', 'V14', 'V16', 'V17', 'V18', 'V19', 'V20', 'V21', 'V27']"
CostSensitiveLearning_with_RandomUnderSampler___RandomizedSearchCV__niter_30__cv_5,9,4,APriori,resubstitution,285,17682,25,56,0.9955119680851063,0.9193548387096774,0.8357771260997068,0.8755760368663594,0.9985881289885357,0.0014118710114643385,0.9171826275441213,0.9135628695406363,0.8743246479797256,0.87329608311027,0.9661662708735399,0.8690985131438781,22560,0.8803208557836777,0.005406146687063727,0.881814776865897,0.016582630859065597,"{'classifier__estimator__ccp_alpha': np.float64(0.004059045539511132), 'classifier__estimator__max_depth': 6, 'classifier__estimator__max_features': 'log2', 'classifier__estimator__max_leaf_nodes': 2, 'classifier__estimator__min_impurity_decrease': np.float64(0.05498053412238131), 'classifier__estimator__min_samples_leaf': 1, 'classifier__estimator__min_samples_split': 4, 'classifier__max_features': np.float64(0.6157422592799734), 'classifier__max_samples': np.float64(0.9188653633462913), 'classifier__n_estimators': 659, 'feature_selection_filter__k': 20}",45.86624312400818,"[1, 2, 3, 4, 5, 6, 7, 8, 9, 10, 11, 12, 14, 16, 17, 18, 19, 20, 21, 27]","['V1', 'V2', 'V3', 'V4', 'V5', 'V6', 'V7', 'V8', 'V9', 'V10', 'V11', 'V12', 'V14', 'V16', 'V17', 'V18', 'V19', 'V20', 'V21', 'V27']"
CostSensitiveLearning_with_RandomUnderSampler___RandomizedSearchCV__niter_30__cv_5,9,5,APriori,resubstitution,288,17626,82,52,0.9925753546099291,0.7783783783783784,0.8470588235294118,0.8112676056338028,0.9953693245990513,0.004630675400948747,0.9212140740642315,0.9182245744218227,0.8082387306206037,0.807487693512746,0.9719643996066916,0.8622893242239661,22560,0.8684295458047746,0.0062711227648745505,0.8652998297551242,0.030432756775897896,"{'classifier__estimator__ccp_alpha': np.float64(0.007649009080754792), 'classifier__estimator__max_depth': 15, 'classifier__estimator__max_features': 'sqrt', 'classifier__estimator__max_leaf_nodes': 13, 'classifier__estimator__min_impurity_decrease': np.float64(0.08510611535970343), 'classifier__estimator__min_samples_leaf': 6, 'classifier__estimator__min_samples_split': 5, 'classifier__max_features': np.float64(0.770429909816663), 'classifier__max_samples': np.float64(0.5423906799784264), 'classifier__n_estimators': 193, 'feature_selection_filter__k': 26}",35.99745559692383,"[0, 1, 2, 3, 4, 5, 6, 7, 8, 9, 10, 11, 12, 14, 16, 17, 18, 19, 20, 21, 22, 24, 26, 27, 28, 29]","['Amount_log1p', 'V1', 'V2', 'V3', 'V4', 'V5', 'V6', 'V7', 'V8', 'V9', 'V10', 'V11', 'V12', 'V14', 'V16', 'V17', 'V18', 'V19', 'V20', 'V21', 'V22', 'V24', 'V26', 'V27', 'V28', 'Time_sin']"
CostSensitiveLearning_with_RandomUnderSampler___RandomizedSearchCV__niter_30__cv_5,9,6,APriori,resubstitution,276,17688,20,64,0.995345744680851,0.9324324324324325,0.8117647058823529,0.8679245283018868,0.9988705669753783,0.001129433024621651,0.9053176364288656,0.9004709168070378,0.8677212079021941,0.8655672022110359,0.960649390770539,0.8565859425236136,22560,0.877458668774499,0.0061953618819124605,0.8738117692354646,0.02055511756307418,"{'classifier__estimator__ccp_alpha': np.float64(0.008814546781585537), 'classifier__estimator__max_depth': 6, 'classifier__estimator__max_features': 'log2', 'classifier__estimator__max_leaf_nodes': 2, 'classifier__estimator__min_impurity_decrease': np.float64(0.024214362502813603), 'classifier__estimator__min_samples_leaf': 8, 'classifier__estimator__min_samples_split': 5, 'classifier__max_features': np.float64(0.743553220207448), 'classifier__max_samples': np.float64(0.517590449598144), 'classifier__n_estimators': 396, 'feature_selection_filter__k': 26}",41.31002688407898,"[0, 1, 2, 3, 4, 5, 6, 7, 8, 9, 10, 11, 12, 14, 16, 17, 18, 19, 20, 21, 22, 23, 24, 27, 28, 29]","['Amount_log1p', 'V1', 'V2', 'V3', 'V4', 'V5', 'V6', 'V7', 'V8', 'V9', 'V10', 'V11', 'V12', 'V14', 'V16', 'V17', 'V18', 'V19', 'V20', 'V21', 'V22', 'V23', 'V24', 'V27', 'V28', 'Time_sin']"
CostSensitiveLearning_with_RandomUnderSampler___RandomizedSearchCV__niter_30__cv_5,9,7,APriori,resubstitution,286,17676,32,54,0.9952349290780141,0.89937106918239,0.8411764705882353,0.8693009118541033,0.9981929071606054,0.0018070928393946195,0.9196846888744203,0.916327663345142,0.8673800088469422,0.8668769014791913,0.9748640528043158,0.8627341475854694,22560,0.8810130068221225,0.011329173633993909,0.8796565902062948,0.031531578921457006,"{'classifier__estimator__ccp_alpha': np.float64(0.00919205333014479), 'classifier__estimator__max_depth': 12, 'classifier__estimator__max_features': 'sqrt', 'classifier__estimator__max_leaf_nodes': 2, 'classifier__estimator__min_impurity_decrease': np.float64(0.04987544715227104), 'classifier__estimator__min_samples_leaf': 2, 'classifier__estimator__min_samples_split': 3, 'classifier__max_features': np.float64(0.5856798158415657), 'classifier__max_samples': np.float64(0.524573469766265), 'classifier__n_estimators': 661, 'feature_selection_filter__k': 20}",39.576472997665405,"[1, 2, 3, 4, 5, 6, 7, 8, 9, 10, 11, 12, 14, 16, 17, 18, 19, 20, 21, 27]","['V1', 'V2', 'V3', 'V4', 'V5', 'V6', 'V7', 'V8', 'V9', 'V10', 'V11', 'V12', 'V14', 'V16', 'V17', 'V18', 'V19', 'V20', 'V21', 'V27']"
CostSensitiveLearning_with_RandomUnderSampler___RandomizedSearchCV__niter_30__cv_5,9,8,APriori,resubstitution,279,17686,21,62,0.9954011524822695,0.93,0.8181818181818182,0.8705148205928237,0.9988140283503699,0.0011859716496300798,0.9084979232660941,0.9039974987472099,0.8700299326577506,0.8681835748996318,0.9635621348284648,0.8492614889555434,22561,0.8606892791523464,0.010890544330671142,0.8697583105852461,0.023960638173474585,"{'classifier__estimator__ccp_alpha': np.float64(9.83719888329937e-05), 'classifier__estimator__max_depth': 6, 'classifier__estimator__max_features': 'sqrt', 'classifier__estimator__max_leaf_nodes': 2, 'classifier__estimator__min_impurity_decrease': np.float64(0.02276208706980054), 'classifier__estimator__min_samples_leaf': 9, 'classifier__estimator__min_samples_split': 8, 'classifier__max_features': np.float64(0.5032013700144851), 'classifier__max_samples': np.float64(0.7745640408553658), 'classifier__n_estimators': 120, 'feature_selection_filter__k': 28}",33.9030020236969,"[0, 1, 2, 3, 4, 5, 6, 7, 8, 9, 10, 11, 12, 13, 14, 16, 17, 18, 19, 20, 21, 22, 24, 25, 27, 28, 29, 30]","['Amount_log1p', 'V1', 'V2', 'V3', 'V4', 'V5', 'V6', 'V7', 'V8', 'V9', 'V10', 'V11', 'V12', 'V13', 'V14', 'V16', 'V17', 'V18', 'V19', 'V20', 'V21', 'V22', 'V24', 'V25', 'V27', 'V28', 'Time_sin', 'Time_cos']"
CostSensitiveLearning_with_RandomUnderSampler___RandomizedSearchCV__niter_30__cv_5,9,9,APriori,resubstitution,282,17679,28,59,0.9951795212765957,0.9096774193548387,0.8269794721407625,0.8663594470046083,0.9984187044671599,0.0015812955328401435,0.9126990883039612,0.9086648299542114,0.8649281184767286,0.8639106077851048,0.9651925353178913,0.8727958694663039,22561,0.863176983866045,0.02042541084893375,0.8624511888233253,0.024187010616670675,"{'classifier__estimator__ccp_alpha': np.float64(0.008790473512568347), 'classifier__estimator__max_depth': 10, 'classifier__estimator__max_features': 'sqrt', 'classifier__estimator__max_leaf_nodes': 2, 'classifier__estimator__min_impurity_decrease': np.float64(0.06675781528332711), 'classifier__estimator__min_samples_leaf': 1, 'classifier__estimator__min_samples_split': 3, 'classifier__max_features': np.float64(0.9399782715171203), 'classifier__max_samples': np.float64(0.9561918703027592), 'classifier__n_estimators': 333, 'feature_selection_filter__k': 26}",42.22182059288025,"[0, 1, 2, 3, 4, 5, 6, 7, 8, 9, 10, 11, 12, 14, 16, 17, 18, 19, 20, 21, 23, 24, 25, 27, 28, 29]","['Amount_log1p', 'V1', 'V2', 'V3', 'V4', 'V5', 'V6', 'V7', 'V8', 'V9', 'V10', 'V11', 'V12', 'V14', 'V16', 'V17', 'V18', 'V19', 'V20', 'V21', 'V23', 'V24', 'V25', 'V27', 'V28', 'Time_sin']"
CostSensitiveLearning_with_RandomUnderSampler___RandomizedSearchCV__niter_30__cv_5,9,10,APriori,resubstitution,277,17684,23,64,0.9951795212765957,0.9233333333333333,0.8123167155425219,0.8642745709828393,0.9987010786694528,0.0012989213305472092,0.9055088971059874,0.9007006051033516,0.8636638238462356,0.8618309760996141,0.968559661362945,0.8439438926302334,22561,0.8602105117647636,0.013571011636752726,0.8580048609926658,0.037914523545877855,"{'classifier__estimator__ccp_alpha': np.float64(0.003139289401389921), 'classifier__estimator__max_depth': 10, 'classifier__estimator__max_features': 'log2', 'classifier__estimator__max_leaf_nodes': 2, 'classifier__estimator__min_impurity_decrease': np.float64(0.05842624041792123), 'classifier__estimator__min_samples_leaf': 1, 'classifier__estimator__min_samples_split': 9, 'classifier__max_features': np.float64(0.6049419117348549), 'classifier__max_samples': np.float64(0.8306687301214035), 'classifier__n_estimators': 636, 'feature_selection_filter__k': 24}",36.24947428703308,"[0, 1, 2, 3, 4, 5, 6, 7, 8, 9, 10, 11, 12, 14, 16, 17, 18, 19, 20, 21, 23, 27, 28, 29]","['Amount_log1p', 'V1', 'V2', 'V3', 'V4', 'V5', 'V6', 'V7', 'V8', 'V9', 'V10', 'V11', 'V12', 'V14', 'V16', 'V17', 'V18', 'V19', 'V20', 'V21', 'V23', 'V27', 'V28', 'Time_sin']"
CostSensitiveLearning_with_RandomUnderSampler___RandomizedSearchCV__niter_30__cv_5,10,1,APriori,resubstitution,286,17668,39,55,0.9947916666666666,0.88,0.8387096774193549,0.8588588588588588,0.9977974812221155,0.0022025187778844657,0.9182535793207351,0.9148018384358688,0.8564638677923223,0.8562073000575167,0.9692731323679171,0.8653770880202623,22560,0.8658789720438727,0.012511035511319886,0.8721258690294542,0.03941870694292874,"{'classifier__estimator__ccp_alpha': np.float64(0.0026507954601106367), 'classifier__estimator__max_depth': 4, 'classifier__estimator__max_features': 'log2', 'classifier__estimator__max_leaf_nodes': 2, 'classifier__estimator__min_impurity_decrease': np.float64(0.07749944252886207), 'classifier__estimator__min_samples_leaf': 1, 'classifier__estimator__min_samples_split': 9, 'classifier__max_features': np.float64(0.7582892824071734), 'classifier__max_samples': np.float64(0.8686364740588306), 'classifier__n_estimators': 726, 'feature_selection_filter__k': 24}",40.91348171234131,"[0, 1, 2, 3, 4, 5, 6, 7, 8, 9, 10, 11, 12, 14, 16, 17, 18, 19, 20, 21, 24, 27, 28, 29]","['Amount_log1p', 'V1', 'V2', 'V3', 'V4', 'V5', 'V6', 'V7', 'V8', 'V9', 'V10', 'V11', 'V12', 'V14', 'V16', 'V17', 'V18', 'V19', 'V20', 'V21', 'V24', 'V27', 'V28', 'Time_sin']"
CostSensitiveLearning_with_RandomUnderSampler___RandomizedSearchCV__niter_30__cv_5,10,2,APriori,resubstitution,276,17664,43,65,0.9940159574468085,0.8652037617554859,0.8093841642228738,0.8363636363636363,0.9975715818602813,0.0024284181397187243,0.9034778730415776,0.898564767301987,0.8338000945158466,0.8333193376980332,0.9643284371358014,0.8594345956254982,22560,0.8465171480516285,0.016882810897908117,0.8488089236188558,0.03514028068825341,"{'classifier__estimator__ccp_alpha': np.float64(0.0031980267134671726), 'classifier__estimator__max_depth': 14, 'classifier__estimator__max_features': 'log2', 'classifier__estimator__max_leaf_nodes': 5, 'classifier__estimator__min_impurity_decrease': np.float64(0.08770569903868793), 'classifier__estimator__min_samples_leaf': 9, 'classifier__estimator__min_samples_split': 3, 'classifier__max_features': np.float64(0.601972058106159), 'classifier__max_samples': np.float64(0.9371069753072108), 'classifier__n_estimators': 681, 'feature_selection_filter__k': 26}",42.57692837715149,"[0, 1, 2, 3, 4, 5, 6, 7, 8, 9, 10, 11, 12, 14, 16, 17, 18, 19, 20, 21, 22, 24, 27, 28, 29, 30]","['Amount_log1p', 'V1', 'V2', 'V3', 'V4', 'V5', 'V6', 'V7', 'V8', 'V9', 'V10', 'V11', 'V12', 'V14', 'V16', 'V17', 'V18', 'V19', 'V20', 'V21', 'V22', 'V24', 'V27', 'V28', 'Time_sin', 'Time_cos']"
CostSensitiveLearning_with_RandomUnderSampler___RandomizedSearchCV__niter_30__cv_5,10,3,APriori,resubstitution,279,17678,29,62,0.994957890070922,0.9058441558441559,0.8181818181818182,0.8597842835130971,0.9983622296267013,0.0016377703732987081,0.9082720239042598,0.903793020685615,0.8583751464753185,0.8572238291326092,0.959745942713313,0.8550608374398513,22560,0.8547297879804783,0.017863134780665514,0.8524133403419032,0.03788589528095164,"{'classifier__estimator__ccp_alpha': np.float64(0.008114036263085848), 'classifier__estimator__max_depth': 18, 'classifier__estimator__max_features': 'sqrt', 'classifier__estimator__max_leaf_nodes': 7, 'classifier__estimator__min_impurity_decrease': np.float64(0.08747629125809048), 'classifier__estimator__min_samples_leaf': 4, 'classifier__estimator__min_samples_split': 8, 'classifier__max_features': np.float64(0.5280109794384367), 'classifier__max_samples': np.float64(0.5952547200333038), 'classifier__n_estimators': 443, 'feature_selection_filter__k': 28}",35.06665635108948,"[0, 1, 2, 3, 4, 5, 6, 7, 8, 9, 10, 11, 12, 14, 15, 16, 17, 18, 19, 20, 21, 22, 23, 24, 26, 27, 28, 29]","['Amount_log1p', 'V1', 'V2', 'V3', 'V4', 'V5', 'V6', 'V7', 'V8', 'V9', 'V10', 'V11', 'V12', 'V14', 'V15', 'V16', 'V17', 'V18', 'V19', 'V20', 'V21', 'V22', 'V23', 'V24', 'V26', 'V27', 'V28', 'Time_sin']"
CostSensitiveLearning_with_RandomUnderSampler___RandomizedSearchCV__niter_30__cv_5,10,4,APriori,resubstitution,285,17674,33,56,0.9950687056737588,0.8962264150943396,0.8357771260997068,0.8649468892261002,0.998136330264867,0.0018636697351329667,0.9169567281822869,0.9133561811059683,0.8629839868077518,0.8624385060371219,0.9747368661630745,0.8627569481175619,22560,0.8666669113491926,0.009291778127424924,0.8716178583712063,0.02461207127066238,"{'classifier__estimator__ccp_alpha': np.float64(0.002526262975370702), 'classifier__estimator__max_depth': 16, 'classifier__estimator__max_features': 'log2', 'classifier__estimator__max_leaf_nodes': 5, 'classifier__estimator__min_impurity_decrease': np.float64(0.08549170404485558), 'classifier__estimator__min_samples_leaf': 2, 'classifier__estimator__min_samples_split': 3, 'classifier__max_features': np.float64(0.9473108656454936), 'classifier__max_samples': np.float64(0.5156025583110357), 'classifier__n_estimators': 728, 'feature_selection_filter__k': 28}",35.03543543815613,"[0, 1, 2, 3, 4, 5, 6, 7, 8, 9, 10, 11, 12, 14, 15, 16, 17, 18, 19, 20, 21, 23, 24, 25, 26, 27, 28, 29]","['Amount_log1p', 'V1', 'V2', 'V3', 'V4', 'V5', 'V6', 'V7', 'V8', 'V9', 'V10', 'V11', 'V12', 'V14', 'V15', 'V16', 'V17', 'V18', 'V19', 'V20', 'V21', 'V23', 'V24', 'V25', 'V26', 'V27', 'V28', 'Time_sin']"
CostSensitiveLearning_with_RandomUnderSampler___RandomizedSearchCV__niter_30__cv_5,10,5,APriori,resubstitution,286,17678,30,54,0.995345744680851,0.9050632911392406,0.8411764705882353,0.8719512195121951,0.9983058504630675,0.0016941495369324766,0.9197411605256514,0.9163795020951253,0.8701885553022418,0.8695842474860227,0.9706147271422687,0.8634383208190389,22560,0.8795546377076142,0.011595803789909633,0.8773284856228774,0.03033903454348385,"{'classifier__estimator__ccp_alpha': np.float64(0.004259593726916329), 'classifier__estimator__max_depth': 4, 'classifier__estimator__max_features': 'log2', 'classifier__estimator__max_leaf_nodes': 16, 'classifier__estimator__min_impurity_decrease': np.float64(0.09351177680104798), 'classifier__estimator__min_samples_leaf': 9, 'classifier__estimator__min_samples_split': 7, 'classifier__max_features': np.float64(0.6276570029785864), 'classifier__max_samples': np.float64(0.7809459615150156), 'classifier__n_estimators': 960, 'feature_selection_filter__k': 22}",41.99104714393616,"[1, 2, 3, 4, 5, 6, 7, 8, 9, 10, 11, 12, 14, 16, 17, 18, 19, 20, 21, 23, 27, 29]","['V1', 'V2', 'V3', 'V4', 'V5', 'V6', 'V7', 'V8', 'V9', 'V10', 'V11', 'V12', 'V14', 'V16', 'V17', 'V18', 'V19', 'V20', 'V21', 'V23', 'V27', 'Time_sin']"
CostSensitiveLearning_with_RandomUnderSampler___RandomizedSearchCV__niter_30__cv_5,10,6,APriori,resubstitution,283,17679,29,57,0.9952349290780141,0.907051282051282,0.8323529411764706,0.8680981595092024,0.9983623221142987,0.0016376778857013496,0.9153576316453846,0.9115864277026109,0.8665053893951863,0.8656763537876144,0.9622382372872348,0.8490199422952638,22560,0.8699643678754987,0.002995296928141511,0.8644093976199239,0.016689565815051238,"{'classifier__estimator__ccp_alpha': np.float64(0.008920743073463142), 'classifier__estimator__max_depth': 10, 'classifier__estimator__max_features': 'sqrt', 'classifier__estimator__max_leaf_nodes': 2, 'classifier__estimator__min_impurity_decrease': np.float64(0.028144807840326483), 'classifier__estimator__min_samples_leaf': 7, 'classifier__estimator__min_samples_split': 2, 'classifier__max_features': np.float64(0.5440538490893121), 'classifier__max_samples': np.float64(0.8371882594699158), 'classifier__n_estimators': 424, 'feature_selection_filter__k': 22}",35.39743995666504,"[1, 2, 3, 4, 5, 6, 7, 8, 9, 10, 11, 12, 14, 16, 17, 18, 19, 20, 21, 27, 28, 29]","['V1', 'V2', 'V3', 'V4', 'V5', 'V6', 'V7', 'V8', 'V9', 'V10', 'V11', 'V12', 'V14', 'V16', 'V17', 'V18', 'V19', 'V20', 'V21', 'V27', 'V28', 'Time_sin']"
CostSensitiveLearning_with_RandomUnderSampler___RandomizedSearchCV__niter_30__cv_5,10,7,APriori,resubstitution,283,17685,23,57,0.9955673758865248,0.9248366013071896,0.8323529411764706,0.8761609907120743,0.9987011520216851,0.001298847978314921,0.9155270465990779,0.9117411042843133,0.8751681567643762,0.8739106559747821,0.965636584993157,0.8601436759365716,22560,0.8751744256768781,0.010440946887653903,0.8809643642253846,0.021878869296708552,"{'classifier__estimator__ccp_alpha': np.float64(0.009554657822410806), 'classifier__estimator__max_depth': 8, 'classifier__estimator__max_features': 'log2', 'classifier__estimator__max_leaf_nodes': 2, 'classifier__estimator__min_impurity_decrease': np.float64(0.031983504110988006), 'classifier__estimator__min_samples_leaf': 4, 'classifier__estimator__min_samples_split': 4, 'classifier__max_features': np.float64(0.9696577549980505), 'classifier__max_samples': np.float64(0.8344766703545418), 'classifier__n_estimators': 457, 'feature_selection_filter__k': 'all'}",41.156827211380005,"[0, 1, 2, 3, 4, 5, 6, 7, 8, 9, 10, 11, 12, 13, 14, 15, 16, 17, 18, 19, 20, 21, 22, 23, 24, 25, 26, 27, 28, 29, 30]","['Amount_log1p', 'V1', 'V2', 'V3', 'V4', 'V5', 'V6', 'V7', 'V8', 'V9', 'V10', 'V11', 'V12', 'V13', 'V14', 'V15', 'V16', 'V17', 'V18', 'V19', 'V20', 'V21', 'V22', 'V23', 'V24', 'V25', 'V26', 'V27', 'V28', 'Time_sin', 'Time_cos']"
CostSensitiveLearning_with_RandomUnderSampler___RandomizedSearchCV__niter_30__cv_5,10,8,APriori,resubstitution,293,17678,29,48,0.9957335992907801,0.9099378881987578,0.8592375366568915,0.8838612368024132,0.9983622296267013,0.0016377703732987081,0.9287998831417964,0.9261912884905195,0.8820658916620596,0.881689939401782,0.9648972431169012,0.87344838081334,22561,0.8906961406673028,0.010272560961156718,0.8933756309753969,0.018084979327942268,"{'classifier__estimator__ccp_alpha': np.float64(0.0018577085879822796), 'classifier__estimator__max_depth': 16, 'classifier__estimator__max_features': 'log2', 'classifier__estimator__max_leaf_nodes': 5, 'classifier__estimator__min_impurity_decrease': np.float64(0.06925338067683703), 'classifier__estimator__min_samples_leaf': 4, 'classifier__estimator__min_samples_split': 7, 'classifier__max_features': np.float64(0.7049890778571113), 'classifier__max_samples': np.float64(0.630347148961096), 'classifier__n_estimators': 698, 'feature_selection_filter__k': 20}",39.22080683708191,"[1, 2, 3, 4, 5, 6, 7, 8, 9, 10, 11, 12, 14, 16, 17, 18, 19, 20, 21, 27]","['V1', 'V2', 'V3', 'V4', 'V5', 'V6', 'V7', 'V8', 'V9', 'V10', 'V11', 'V12', 'V14', 'V16', 'V17', 'V18', 'V19', 'V20', 'V21', 'V27']"
CostSensitiveLearning_with_RandomUnderSampler___RandomizedSearchCV__niter_30__cv_5,10,9,APriori,resubstitution,287,17685,22,54,0.9957890070921985,0.9288025889967637,0.841642228739003,0.8830769230769231,0.9987575535099114,0.0012424464900886445,0.9201998911244571,0.9168405168326691,0.8820471636632533,0.8809381082112853,0.9727490677096902,0.8801396890111066,22561,0.871643036274245,0.013329032346791022,0.879138453790795,0.025823993644040415,"{'classifier__estimator__ccp_alpha': np.float64(0.006218898847113734), 'classifier__estimator__max_depth': 19, 'classifier__estimator__max_features': 'sqrt', 'classifier__estimator__max_leaf_nodes': 2, 'classifier__estimator__min_impurity_decrease': np.float64(0.0651732447984027), 'classifier__estimator__min_samples_leaf': 4, 'classifier__estimator__min_samples_split': 4, 'classifier__max_features': np.float64(0.8368946620957987), 'classifier__max_samples': np.float64(0.6699182027601027), 'classifier__n_estimators': 497, 'feature_selection_filter__k': 28}",40.08781599998474,"[1, 2, 3, 4, 5, 6, 7, 8, 9, 10, 11, 12, 14, 16, 17, 18, 19, 20, 21, 22, 23, 24, 25, 26, 27, 28, 29, 30]","['V1', 'V2', 'V3', 'V4', 'V5', 'V6', 'V7', 'V8', 'V9', 'V10', 'V11', 'V12', 'V14', 'V16', 'V17', 'V18', 'V19', 'V20', 'V21', 'V22', 'V23', 'V24', 'V25', 'V26', 'V27', 'V28', 'Time_sin', 'Time_cos']"
CostSensitiveLearning_with_RandomUnderSampler___RandomizedSearchCV__niter_30__cv_5,10,10,APriori,resubstitution,285,17677,30,56,0.9952349290780141,0.9047619047619048,0.8357771260997068,0.8689024390243902,0.9983057547862427,0.0016942452137572728,0.9170414404429748,0.9134336947496762,0.8671864970055957,0.8664796848216954,0.9700998014768585,0.860078640895561,22561,0.8732164708681427,0.011905442168467608,0.8762371835211038,0.03560481327747614,"{'classifier__estimator__ccp_alpha': np.float64(0.0030362740863907533), 'classifier__estimator__max_depth': 14, 'classifier__estimator__max_features': 'sqrt', 'classifier__estimator__max_leaf_nodes': 2, 'classifier__estimator__min_impurity_decrease': np.float64(0.04056386159748885), 'classifier__estimator__min_samples_leaf': 4, 'classifier__estimator__min_samples_split': 2, 'classifier__max_features': np.float64(0.8458267355796325), 'classifier__max_samples': np.float64(0.922185610041542), 'classifier__n_estimators': 613, 'feature_selection_filter__k': 24}",39.61516189575195,"[0, 1, 2, 3, 4, 5, 6, 7, 8, 9, 10, 11, 12, 14, 16, 17, 18, 19, 20, 21, 24, 27, 28, 29]","['Amount_log1p', 'V1', 'V2', 'V3', 'V4', 'V5', 'V6', 'V7', 'V8', 'V9', 'V10', 'V11', 'V12', 'V14', 'V16', 'V17', 'V18', 'V19', 'V20', 'V21', 'V24', 'V27', 'V28', 'Time_sin']"
